guardian_id,student_id,academic_year,term,student_fee_payment_days_late,student_fee_default_count_lifetime,session_start_paid_flag,guardian_message_open_rate,guardian_avg_response_time_hrs,fee_default_risk_label
GRD-00001,STU-00001,2025,Third_Term_May_Jul,28,0,0,88.8,2.1,LOW
GRD-00002,STU-00002,2024,Third_Term_May_Jul,15,0,0,32.6,,MEDIUM
GRD-00003,STU-00003,2024,First_Term_Sep_Dec,19,0,0,22.7,,MEDIUM
GRD-00004,STU-00004,2024,Third_Term_May_Jul,161,3,0,0.0,,HIGH
GRD-00005,STU-00005,2025,Second_Term_Jan_Apr,90,2,0,5.7,,HIGH
GRD-00006,STU-00006,2025,First_Term_Sep_Dec,20,0,0,95.9,3.3,LOW
GRD-00007,STU-00007,2023,Third_Term_May_Jul,59,1,0,31.5,74.0,MEDIUM
GRD-00008,STU-00008,2023,First_Term_Sep_Dec,17,0,0,22.3,0.5,LOW
GRD-00009,STU-00009,2023,Second_Term_Jan_Apr,90,4,0,0.8,,HIGH
GRD-00010,STU-00010,2023,Second_Term_Jan_Apr,28,1,0,79.7,4.6,LOW
GRD-00011,STU-00011,2023,First_Term_Sep_Dec,13,0,0,94.5,2.9,LOW
GRD-00012,STU-00012,2025,Second_Term_Jan_Apr,15,0,0,30.3,,MEDIUM
GRD-00013,STU-00013,2025,Third_Term_May_Jul,0,1,1,86.5,5.8,LOW
GRD-00014,STU-00014,2023,Second_Term_Jan_Apr,73,1,0,21.1,89.5,MEDIUM
GRD-00015,STU-00015,2023,Third_Term_May_Jul,28,1,0,91.0,4.6,LOW
GRD-00016,STU-00016,2023,First_Term_Sep_Dec,0,1,1,18.5,83.3,LOW
GRD-00017,STU-00017,2023,Second_Term_Jan_Apr,0,2,1,33.2,95.1,LOW
GRD-00018,STU-00018,2024,First_Term_Sep_Dec,20,3,0,31.3,35.3,MEDIUM
GRD-00019,STU-00019,2023,First_Term_Sep_Dec,0,2,1,23.9,58.6,LOW
GRD-00020,STU-00020,2023,Second_Term_Jan_Apr,112,1,0,34.4,77.1,MEDIUM
GRD-00021,STU-00021,2023,Second_Term_Jan_Apr,0,1,1,32.3,43.3,LOW
GRD-00022,STU-00022,2023,Second_Term_Jan_Apr,0,2,1,24.3,75.9,LOW
GRD-00023,STU-00023,2024,Third_Term_May_Jul,40,0,0,95.6,2.4,LOW
GRD-00024,STU-00024,2023,First_Term_Sep_Dec,90,1,0,13.2,,MEDIUM
GRD-00025,STU-00025,2025,First_Term_Sep_Dec,19,0,0,96.6,4.3,LOW
GRD-00026,STU-00026,2024,Second_Term_Jan_Apr,32,2,0,31.5,60.3,MEDIUM
GRD-00027,STU-00027,2024,First_Term_Sep_Dec,64,1,0,23.4,74.5,MEDIUM
GRD-00028,STU-00028,2025,Third_Term_May_Jul,41,1,0,26.7,43.3,MEDIUM
GRD-00029,STU-00029,2023,Third_Term_May_Jul,30,1,0,86.3,1.7,LOW
GRD-00030,STU-00030,2025,Second_Term_Jan_Apr,28,0,0,88.8,2.3,LOW
GRD-00031,STU-00031,2025,Third_Term_May_Jul,28,1,0,93.9,4.8,LOW
GRD-00032,STU-00032,2025,First_Term_Sep_Dec,0,2,1,26.2,53.9,LOW
GRD-00033,STU-00033,2024,First_Term_Sep_Dec,90,5,0,3.2,,HIGH
GRD-00034,STU-00034,2025,Second_Term_Jan_Apr,17,0,0,34.3,,MEDIUM
GRD-00035,STU-00035,2024,First_Term_Sep_Dec,49,1,0,28.3,59.2,MEDIUM
GRD-00036,STU-00036,2023,Second_Term_Jan_Apr,42,1,0,80.9,8.2,LOW
GRD-00037,STU-00037,2023,First_Term_Sep_Dec,0,0,0,27.0,41.2,LOW
GRD-00038,STU-00038,2025,First_Term_Sep_Dec,18,0,0,30.7,0.6,LOW
GRD-00039,STU-00039,2025,Second_Term_Jan_Apr,41,1,0,82.1,3.2,LOW
GRD-00040,STU-00040,2024,Third_Term_May_Jul,23,1,0,92.7,6.4,LOW
GRD-00041,STU-00041,2023,Third_Term_May_Jul,28,1,0,100.0,4.9,LOW
GRD-00042,STU-00042,2024,First_Term_Sep_Dec,22,1,0,24.7,43.9,LOW
GRD-00043,STU-00043,2025,First_Term_Sep_Dec,19,2,0,25.2,79.5,LOW
GRD-00044,STU-00044,2025,First_Term_Sep_Dec,78,1,0,27.1,68.0,MEDIUM
GRD-00045,STU-00045,2023,First_Term_Sep_Dec,108,3,0,1.3,,HIGH
GRD-00046,STU-00046,2024,Second_Term_Jan_Apr,106,0,0,2.9,,HIGH
GRD-00047,STU-00047,2024,Second_Term_Jan_Apr,51,1,0,32.9,47.5,MEDIUM
GRD-00048,STU-00048,2023,Second_Term_Jan_Apr,90,4,0,3.7,,HIGH
GRD-00049,STU-00049,2023,First_Term_Sep_Dec,0,2,1,13.5,60.7,LOW
GRD-00050,STU-00050,2024,First_Term_Sep_Dec,18,0,0,30.7,,MEDIUM
GRD-00051,STU-00051,2023,Third_Term_May_Jul,10,0,0,27.9,0.4,LOW
GRD-00052,STU-00052,2023,Third_Term_May_Jul,56,1,0,19.7,64.0,MEDIUM
GRD-00053,STU-00053,2024,Third_Term_May_Jul,32,0,0,90.4,4.9,LOW
GRD-00054,STU-00054,2024,First_Term_Sep_Dec,51,1,0,26.1,45.1,MEDIUM
GRD-00055,STU-00055,2023,Third_Term_May_Jul,30,0,0,100.0,5.8,LOW
GRD-00056,STU-00056,2023,Second_Term_Jan_Apr,55,1,0,75.2,6.6,LOW
GRD-00057,STU-00057,2025,Second_Term_Jan_Apr,37,1,0,76.8,2.5,LOW
GRD-00058,STU-00058,2025,Third_Term_May_Jul,17,0,0,27.0,,MEDIUM
GRD-00059,STU-00059,2023,Second_Term_Jan_Apr,38,1,0,20.7,71.7,MEDIUM
GRD-00060,STU-00060,2024,First_Term_Sep_Dec,101,4,0,9.6,,HIGH
GRD-00061,STU-00061,2025,First_Term_Sep_Dec,93,1,0,3.3,,HIGH
GRD-00062,STU-00062,2023,First_Term_Sep_Dec,15,0,0,100.0,4.6,LOW
GRD-00063,STU-00063,2025,First_Term_Sep_Dec,15,0,0,20.7,0.3,LOW
GRD-00064,STU-00064,2024,Third_Term_May_Jul,0,2,1,30.1,38.6,LOW
GRD-00065,STU-00065,2025,First_Term_Sep_Dec,44,2,0,25.1,75.4,MEDIUM
GRD-00066,STU-00066,2024,Third_Term_May_Jul,0,0,1,95.6,2.9,LOW
GRD-00067,STU-00067,2025,Second_Term_Jan_Apr,23,2,0,18.2,57.2,LOW
GRD-00068,STU-00068,2024,First_Term_Sep_Dec,0,1,1,16.6,34.2,LOW
GRD-00069,STU-00069,2023,First_Term_Sep_Dec,14,0,0,89.9,2.5,LOW
GRD-00070,STU-00070,2023,First_Term_Sep_Dec,20,0,0,30.9,,MEDIUM
GRD-00071,STU-00071,2023,First_Term_Sep_Dec,90,2,0,13.2,,MEDIUM
GRD-00072,STU-00072,2024,First_Term_Sep_Dec,0,0,1,89.9,5.0,LOW
GRD-00073,STU-00073,2023,First_Term_Sep_Dec,22,1,0,92.9,3.8,LOW
GRD-00074,STU-00074,2025,Third_Term_May_Jul,25,1,0,90.8,5.1,LOW
GRD-00075,STU-00075,2024,Second_Term_Jan_Apr,45,2,0,19.8,53.1,MEDIUM
GRD-00076,STU-00076,2025,Third_Term_May_Jul,177,5,0,0.0,,HIGH
GRD-00077,STU-00077,2023,Third_Term_May_Jul,30,0,0,87.3,5.0,LOW
GRD-00078,STU-00078,2024,Second_Term_Jan_Apr,124,3,0,0.0,,HIGH
GRD-00079,STU-00079,2024,First_Term_Sep_Dec,21,0,0,91.9,4.2,LOW
GRD-00080,STU-00080,2023,First_Term_Sep_Dec,90,4,0,6.9,,HIGH
GRD-00081,STU-00081,2025,Second_Term_Jan_Apr,37,1,0,82.8,6.4,LOW
GRD-00082,STU-00082,2023,First_Term_Sep_Dec,20,0,0,30.4,0.5,LOW
GRD-00083,STU-00083,2024,Third_Term_May_Jul,27,1,0,99.6,3.1,LOW
GRD-00084,STU-00084,2024,First_Term_Sep_Dec,18,0,0,29.3,,MEDIUM
GRD-00085,STU-00085,2024,First_Term_Sep_Dec,21,0,0,86.0,1.9,LOW
GRD-00086,STU-00086,2024,Third_Term_May_Jul,19,0,0,20.2,0.4,LOW
GRD-00087,STU-00087,2024,Third_Term_May_Jul,11,0,0,35.7,0.1,LOW
GRD-00088,STU-00088,2023,Third_Term_May_Jul,19,0,0,25.5,,MEDIUM
GRD-00089,STU-00089,2025,First_Term_Sep_Dec,48,1,0,22.8,58.0,MEDIUM
GRD-00090,STU-00090,2023,First_Term_Sep_Dec,16,0,0,90.5,4.4,LOW
GRD-00091,STU-00091,2023,Second_Term_Jan_Apr,37,1,0,73.5,1.7,LOW
GRD-00092,STU-00092,2023,First_Term_Sep_Dec,15,0,0,90.2,3.3,LOW
GRD-00093,STU-00093,2024,First_Term_Sep_Dec,0,1,1,24.9,67.8,LOW
GRD-00094,STU-00094,2025,Third_Term_May_Jul,18,1,0,92.7,3.4,LOW
GRD-00095,STU-00095,2025,Second_Term_Jan_Apr,32,2,0,20.7,61.5,MEDIUM
GRD-00096,STU-00096,2024,Third_Term_May_Jul,29,1,0,89.9,5.1,LOW
GRD-00097,STU-00097,2023,Second_Term_Jan_Apr,16,0,0,33.7,0.3,LOW
GRD-00098,STU-00098,2025,Third_Term_May_Jul,0,1,1,25.7,,LOW
GRD-00099,STU-00099,2025,Second_Term_Jan_Apr,0,2,1,23.9,71.1,LOW
GRD-00100,STU-00100,2025,First_Term_Sep_Dec,19,0,0,85.7,3.7,LOW
GRD-00101,STU-00101,2023,Third_Term_May_Jul,0,1,1,29.5,34.5,LOW
GRD-00102,STU-00102,2024,Second_Term_Jan_Apr,43,0,0,77.4,4.5,LOW
GRD-00103,STU-00103,2023,Third_Term_May_Jul,13,0,0,23.6,,LOW
GRD-00104,STU-00104,2024,Third_Term_May_Jul,121,5,0,1.9,,HIGH
GRD-00105,STU-00105,2024,Second_Term_Jan_Apr,23,0,0,38.8,0.3,LOW
GRD-00106,STU-00106,2025,First_Term_Sep_Dec,0,0,1,89.8,4.3,LOW
GRD-00107,STU-00107,2024,Second_Term_Jan_Apr,23,1,0,37.6,39.0,LOW
GRD-00108,STU-00108,2025,First_Term_Sep_Dec,90,3,0,9.9,,HIGH
GRD-00109,STU-00109,2025,Third_Term_May_Jul,25,0,0,90.3,2.0,LOW
GRD-00110,STU-00110,2024,First_Term_Sep_Dec,53,2,0,29.4,51.9,MEDIUM
GRD-00111,STU-00111,2025,Third_Term_May_Jul,20,0,0,38.8,0.3,LOW
GRD-00112,STU-00112,2023,Third_Term_May_Jul,28,1,0,90.6,5.9,LOW
GRD-00113,STU-00113,2024,Third_Term_May_Jul,22,1,0,89.4,7.3,LOW
GRD-00114,STU-00114,2023,First_Term_Sep_Dec,12,0,0,31.8,0.4,LOW
GRD-00115,STU-00115,2025,Third_Term_May_Jul,24,1,0,84.6,2.8,LOW
GRD-00116,STU-00116,2024,First_Term_Sep_Dec,16,0,0,26.4,0.2,LOW
GRD-00117,STU-00117,2023,Second_Term_Jan_Apr,33,0,0,79.8,3.5,LOW
GRD-00118,STU-00118,2025,Second_Term_Jan_Apr,137,6,0,3.5,,HIGH
GRD-00119,STU-00119,2023,First_Term_Sep_Dec,38,1,0,18.2,68.5,MEDIUM
GRD-00120,STU-00120,2025,First_Term_Sep_Dec,11,0,0,30.3,,LOW
GRD-00121,STU-00121,2024,First_Term_Sep_Dec,20,0,0,30.7,,MEDIUM
GRD-00122,STU-00122,2023,Third_Term_May_Jul,10,2,0,26.3,54.9,LOW
GRD-00123,STU-00123,2025,First_Term_Sep_Dec,37,1,0,31.9,62.0,MEDIUM
GRD-00124,STU-00124,2024,Second_Term_Jan_Apr,90,3,0,4.1,,HIGH
GRD-00125,STU-00125,2024,First_Term_Sep_Dec,90,6,0,6.6,,HIGH
GRD-00126,STU-00126,2025,Second_Term_Jan_Apr,46,1,0,80.2,2.6,LOW
GRD-00127,STU-00127,2024,Third_Term_May_Jul,25,0,0,95.9,3.8,LOW
GRD-00128,STU-00128,2024,First_Term_Sep_Dec,13,0,0,38.4,,LOW
GRD-00129,STU-00129,2025,Third_Term_May_Jul,15,0,0,36.8,0.5,LOW
GRD-00130,STU-00130,2023,First_Term_Sep_Dec,13,0,0,96.1,2.7,LOW
GRD-00131,STU-00131,2025,Second_Term_Jan_Apr,42,1,0,73.5,7.2,LOW
GRD-00132,STU-00132,2025,Second_Term_Jan_Apr,0,1,1,23.2,43.1,LOW
GRD-00133,STU-00133,2023,First_Term_Sep_Dec,0,0,1,98.5,4.2,LOW
GRD-00134,STU-00134,2024,Third_Term_May_Jul,23,0,0,33.4,0.4,LOW
GRD-00135,STU-00135,2023,Third_Term_May_Jul,18,0,0,31.3,,MEDIUM
GRD-00136,STU-00136,2023,Second_Term_Jan_Apr,0,2,1,19.2,84.1,LOW
GRD-00137,STU-00137,2025,Second_Term_Jan_Apr,22,1,0,26.9,64.2,LOW
GRD-00138,STU-00138,2025,Third_Term_May_Jul,19,0,0,34.7,0.4,LOW
GRD-00139,STU-00139,2024,First_Term_Sep_Dec,57,2,0,20.9,69.4,MEDIUM
GRD-00140,STU-00140,2024,Third_Term_May_Jul,154,1,0,4.0,,HIGH
GRD-00141,STU-00141,2025,Second_Term_Jan_Apr,40,0,0,75.4,5.1,LOW
GRD-00142,STU-00142,2023,Third_Term_May_Jul,16,1,0,19.9,79.3,LOW
GRD-00143,STU-00143,2023,Third_Term_May_Jul,151,7,0,3.6,,HIGH
GRD-00144,STU-00144,2024,First_Term_Sep_Dec,16,0,0,25.3,,MEDIUM
GRD-00145,STU-00145,2023,Third_Term_May_Jul,29,0,0,97.3,3.9,LOW
GRD-00146,STU-00146,2024,First_Term_Sep_Dec,18,0,0,99.2,3.8,LOW
GRD-00147,STU-00147,2023,Second_Term_Jan_Apr,123,5,0,5.8,,HIGH
GRD-00148,STU-00148,2025,Second_Term_Jan_Apr,40,0,0,84.5,7.0,LOW
GRD-00149,STU-00149,2024,Second_Term_Jan_Apr,41,0,0,73.9,4.8,LOW
GRD-00150,STU-00150,2023,Third_Term_May_Jul,0,1,0,30.0,64.2,LOW
GRD-00151,STU-00151,2025,Second_Term_Jan_Apr,94,4,0,3.8,,HIGH
GRD-00152,STU-00152,2025,Third_Term_May_Jul,199,3,0,0.0,,HIGH
GRD-00153,STU-00153,2024,Second_Term_Jan_Apr,49,1,0,20.1,83.0,MEDIUM
GRD-00154,STU-00154,2023,Second_Term_Jan_Apr,33,2,0,72.0,5.2,LOW
GRD-00155,STU-00155,2023,Third_Term_May_Jul,16,0,0,35.2,,MEDIUM
GRD-00156,STU-00156,2025,First_Term_Sep_Dec,100,4,0,6.7,,HIGH
GRD-00157,STU-00157,2023,Second_Term_Jan_Apr,35,1,0,78.9,1.2,LOW
GRD-00158,STU-00158,2025,Second_Term_Jan_Apr,92,2,0,5.7,,HIGH
GRD-00159,STU-00159,2024,Second_Term_Jan_Apr,21,0,0,28.0,,MEDIUM
GRD-00160,STU-00160,2025,Second_Term_Jan_Apr,37,0,0,84.1,2.8,LOW
GRD-00161,STU-00161,2023,First_Term_Sep_Dec,0,2,1,40.3,57.3,LOW
GRD-00162,STU-00162,2023,Third_Term_May_Jul,145,6,0,2.5,,HIGH
GRD-00163,STU-00163,2025,Third_Term_May_Jul,29,2,0,36.2,51.0,LOW
GRD-00164,STU-00164,2025,First_Term_Sep_Dec,15,0,0,26.0,,MEDIUM
GRD-00165,STU-00165,2024,First_Term_Sep_Dec,9,0,0,20.8,,LOW
GRD-00166,STU-00166,2025,First_Term_Sep_Dec,24,0,0,35.0,,MEDIUM
GRD-00167,STU-00167,2023,First_Term_Sep_Dec,23,1,0,92.1,7.0,LOW
GRD-00168,STU-00168,2025,Second_Term_Jan_Apr,32,1,0,23.9,61.0,MEDIUM
GRD-00169,STU-00169,2024,Second_Term_Jan_Apr,14,0,0,33.2,,LOW
GRD-00170,STU-00170,2023,First_Term_Sep_Dec,20,0,0,26.7,,MEDIUM
GRD-00171,STU-00171,2023,Third_Term_May_Jul,24,1,0,99.9,1.6,LOW
GRD-00172,STU-00172,2023,First_Term_Sep_Dec,0,2,1,23.6,60.0,LOW
GRD-00173,STU-00173,2024,Third_Term_May_Jul,31,0,0,37.6,62.2,LOW
GRD-00174,STU-00174,2024,Third_Term_May_Jul,152,4,0,4.6,,HIGH
GRD-00175,STU-00175,2025,Second_Term_Jan_Apr,120,1,0,7.3,,HIGH
GRD-00176,STU-00176,2024,Second_Term_Jan_Apr,19,0,0,29.9,,MEDIUM
GRD-00177,STU-00177,2025,Third_Term_May_Jul,77,1,0,18.6,57.3,MEDIUM
GRD-00178,STU-00178,2024,Third_Term_May_Jul,25,0,0,90.3,3.7,LOW
GRD-00179,STU-00179,2024,Third_Term_May_Jul,29,0,0,92.9,6.5,LOW
GRD-00180,STU-00180,2025,Second_Term_Jan_Apr,17,0,0,31.5,0.4,LOW
GRD-00181,STU-00181,2023,First_Term_Sep_Dec,15,0,0,27.7,,MEDIUM
GRD-00182,STU-00182,2024,Second_Term_Jan_Apr,16,0,0,30.3,,MEDIUM
GRD-00183,STU-00183,2024,First_Term_Sep_Dec,17,0,0,33.3,0.4,LOW
GRD-00184,STU-00184,2025,First_Term_Sep_Dec,90,2,0,8.4,,HIGH
GRD-00185,STU-00185,2024,Second_Term_Jan_Apr,6,2,0,20.3,53.7,LOW
GRD-00186,STU-00186,2024,Third_Term_May_Jul,0,1,0,27.4,61.5,LOW
GRD-00187,STU-00187,2024,Third_Term_May_Jul,27,0,0,92.1,4.7,LOW
GRD-00188,STU-00188,2025,Second_Term_Jan_Apr,40,1,0,83.8,2.8,LOW
GRD-00189,STU-00189,2024,Second_Term_Jan_Apr,134,5,0,6.8,,HIGH
GRD-00190,STU-00190,2024,First_Term_Sep_Dec,39,0,0,22.7,73.8,LOW
GRD-00191,STU-00191,2025,First_Term_Sep_Dec,13,0,0,24.1,0.4,LOW
GRD-00192,STU-00192,2024,Second_Term_Jan_Apr,133,7,0,2.2,,HIGH
GRD-00193,STU-00193,2025,Third_Term_May_Jul,26,2,0,40.1,66.8,LOW
GRD-00194,STU-00194,2024,First_Term_Sep_Dec,27,2,0,28.0,89.1,LOW
GRD-00195,STU-00195,2025,Second_Term_Jan_Apr,45,0,0,81.6,7.3,LOW
GRD-00196,STU-00196,2025,First_Term_Sep_Dec,23,0,0,33.4,,MEDIUM
GRD-00197,STU-00197,2024,Second_Term_Jan_Apr,0,2,0,29.6,80.4,LOW
GRD-00198,STU-00198,2025,First_Term_Sep_Dec,15,0,0,34.1,,MEDIUM
GRD-00199,STU-00199,2024,Second_Term_Jan_Apr,73,2,0,24.4,65.0,MEDIUM
GRD-00200,STU-00200,2025,Third_Term_May_Jul,45,1,0,28.6,81.7,MEDIUM
GRD-00201,STU-00201,2023,First_Term_Sep_Dec,15,0,0,28.6,0.6,LOW
GRD-00202,STU-00202,2025,Second_Term_Jan_Apr,36,1,0,83.9,3.0,LOW
GRD-00203,STU-00203,2023,First_Term_Sep_Dec,0,1,0,36.8,48.8,LOW
GRD-00204,STU-00204,2025,Second_Term_Jan_Apr,55,1,0,91.3,5.1,LOW
GRD-00205,STU-00205,2023,Third_Term_May_Jul,19,0,0,24.8,,MEDIUM
GRD-00206,STU-00206,2023,First_Term_Sep_Dec,90,2,0,3.9,,HIGH
GRD-00207,STU-00207,2023,Third_Term_May_Jul,57,1,0,33.9,73.8,MEDIUM
GRD-00208,STU-00208,2023,Second_Term_Jan_Apr,38,1,0,86.3,4.4,LOW
GRD-00209,STU-00209,2025,Third_Term_May_Jul,137,4,0,1.3,,HIGH
GRD-00210,STU-00210,2023,Second_Term_Jan_Apr,0,2,0,16.8,47.5,LOW
GRD-00211,STU-00211,2024,First_Term_Sep_Dec,21,0,0,25.9,0.7,LOW
GRD-00212,STU-00212,2023,First_Term_Sep_Dec,19,0,0,88.0,1.8,LOW
GRD-00213,STU-00213,2024,Second_Term_Jan_Apr,16,0,0,22.5,,MEDIUM
GRD-00214,STU-00214,2025,Third_Term_May_Jul,49,2,0,18.6,71.0,MEDIUM
GRD-00215,STU-00215,2024,Second_Term_Jan_Apr,139,4,0,5.0,,HIGH
GRD-00216,STU-00216,2025,Third_Term_May_Jul,24,1,0,28.4,62.0,LOW
GRD-00217,STU-00217,2023,First_Term_Sep_Dec,16,0,0,25.1,0.2,LOW
GRD-00218,STU-00218,2023,Second_Term_Jan_Apr,58,2,0,26.4,63.4,MEDIUM
GRD-00219,STU-00219,2023,Third_Term_May_Jul,32,1,0,83.2,1.7,LOW
GRD-00220,STU-00220,2023,Second_Term_Jan_Apr,39,1,0,81.1,5.0,LOW
GRD-00221,STU-00221,2023,First_Term_Sep_Dec,72,1,0,27.2,77.5,MEDIUM
GRD-00222,STU-00222,2023,Second_Term_Jan_Apr,24,0,0,28.3,,MEDIUM
GRD-00223,STU-00223,2024,Third_Term_May_Jul,34,1,0,91.5,3.4,LOW
GRD-00224,STU-00224,2023,Third_Term_May_Jul,23,0,0,86.1,4.1,LOW
GRD-00225,STU-00225,2023,First_Term_Sep_Dec,19,0,0,31.1,,MEDIUM
GRD-00226,STU-00226,2025,First_Term_Sep_Dec,23,0,0,83.6,2.9,LOW
GRD-00227,STU-00227,2024,Third_Term_May_Jul,21,0,0,30.6,,MEDIUM
GRD-00228,STU-00228,2025,Second_Term_Jan_Apr,43,0,0,75.7,6.1,LOW
GRD-00229,STU-00229,2024,Second_Term_Jan_Apr,32,1,0,72.9,2.0,LOW
GRD-00230,STU-00230,2024,First_Term_Sep_Dec,61,2,0,28.8,65.3,MEDIUM
GRD-00231,STU-00231,2023,First_Term_Sep_Dec,4,0,0,20.7,67.4,LOW
GRD-00232,STU-00232,2025,Third_Term_May_Jul,18,0,0,87.3,1.7,LOW
GRD-00233,STU-00233,2024,Second_Term_Jan_Apr,25,0,0,30.6,,MEDIUM
GRD-00234,STU-00234,2024,Third_Term_May_Jul,29,1,0,96.8,2.7,LOW
GRD-00235,STU-00235,2024,Second_Term_Jan_Apr,10,1,0,28.8,71.1,LOW
GRD-00236,STU-00236,2024,Third_Term_May_Jul,26,3,0,30.4,46.5,MEDIUM
GRD-00237,STU-00237,2024,Third_Term_May_Jul,29,1,0,100.0,4.1,LOW
GRD-00238,STU-00238,2025,Second_Term_Jan_Apr,28,1,0,80.0,7.3,LOW
GRD-00239,STU-00239,2024,Second_Term_Jan_Apr,22,0,0,36.5,,MEDIUM
GRD-00240,STU-00240,2025,Third_Term_May_Jul,124,6,0,1.2,,HIGH
GRD-00241,STU-00241,2025,Second_Term_Jan_Apr,113,5,0,4.9,,HIGH
GRD-00242,STU-00242,2024,Third_Term_May_Jul,32,1,0,31.2,66.2,MEDIUM
GRD-00243,STU-00243,2025,Second_Term_Jan_Apr,38,2,0,31.1,72.9,MEDIUM
GRD-00244,STU-00244,2023,First_Term_Sep_Dec,16,0,0,30.2,,MEDIUM
GRD-00245,STU-00245,2023,Second_Term_Jan_Apr,18,0,0,31.5,0.6,LOW
GRD-00246,STU-00246,2025,Third_Term_May_Jul,14,0,0,32.8,,LOW
GRD-00247,STU-00247,2024,First_Term_Sep_Dec,90,6,0,2.3,,HIGH
GRD-00248,STU-00248,2025,Second_Term_Jan_Apr,18,0,0,28.7,,MEDIUM
GRD-00249,STU-00249,2023,Third_Term_May_Jul,0,0,1,21.2,37.4,LOW
GRD-00250,STU-00250,2025,Third_Term_May_Jul,22,0,0,97.0,5.0,LOW
GRD-00251,STU-00251,2024,Second_Term_Jan_Apr,29,0,0,33.8,,MEDIUM
GRD-00252,STU-00252,2024,Third_Term_May_Jul,15,2,0,15.4,41.6,LOW
GRD-00253,STU-00253,2023,First_Term_Sep_Dec,36,2,0,29.9,58.6,MEDIUM
GRD-00254,STU-00254,2023,Second_Term_Jan_Apr,121,5,0,4.6,,HIGH
GRD-00255,STU-00255,2023,Second_Term_Jan_Apr,40,0,0,78.4,3.1,LOW
GRD-00256,STU-00256,2023,Second_Term_Jan_Apr,21,0,0,26.4,,MEDIUM
GRD-00257,STU-00257,2025,Second_Term_Jan_Apr,23,0,0,20.6,,MEDIUM
GRD-00258,STU-00258,2024,Second_Term_Jan_Apr,12,2,0,25.9,57.8,LOW
GRD-00259,STU-00259,2025,First_Term_Sep_Dec,16,0,0,26.3,0.3,LOW
GRD-00260,STU-00260,2025,First_Term_Sep_Dec,16,0,0,92.5,3.6,LOW
GRD-00261,STU-00261,2024,First_Term_Sep_Dec,24,0,0,25.1,0.4,LOW
GRD-00262,STU-00262,2023,Second_Term_Jan_Apr,8,1,0,29.1,80.3,LOW
GRD-00263,STU-00263,2025,Second_Term_Jan_Apr,31,1,0,28.9,91.4,MEDIUM
GRD-00264,STU-00264,2024,First_Term_Sep_Dec,15,0,0,88.6,1.2,LOW
GRD-00265,STU-00265,2023,Second_Term_Jan_Apr,123,2,0,2.0,,HIGH
GRD-00266,STU-00266,2025,Third_Term_May_Jul,0,3,1,25.1,68.4,LOW
GRD-00267,STU-00267,2025,Third_Term_May_Jul,14,0,0,28.4,0.8,LOW
GRD-00268,STU-00268,2023,Third_Term_May_Jul,17,0,0,31.3,0.3,LOW
GRD-00269,STU-00269,2023,Third_Term_May_Jul,14,1,0,39.0,70.4,LOW
GRD-00270,STU-00270,2023,Second_Term_Jan_Apr,2,2,0,16.4,89.6,LOW
GRD-00271,STU-00271,2023,First_Term_Sep_Dec,22,0,0,27.0,0.1,LOW
GRD-00272,STU-00272,2024,First_Term_Sep_Dec,12,0,0,96.8,3.0,LOW
GRD-00273,STU-00273,2024,Third_Term_May_Jul,31,1,0,93.5,1.9,LOW
GRD-00274,STU-00274,2024,Second_Term_Jan_Apr,101,6,0,7.8,,HIGH
GRD-00275,STU-00275,2023,First_Term_Sep_Dec,0,2,1,40.5,61.5,LOW
GRD-00276,STU-00276,2023,Third_Term_May_Jul,62,2,0,31.0,74.5,MEDIUM
GRD-00277,STU-00277,2024,Second_Term_Jan_Apr,46,0,0,79.0,1.3,LOW
GRD-00278,STU-00278,2023,Third_Term_May_Jul,32,2,0,31.8,57.7,MEDIUM
GRD-00279,STU-00279,2025,First_Term_Sep_Dec,15,0,0,95.4,5.9,LOW
GRD-00280,STU-00280,2025,First_Term_Sep_Dec,61,1,0,32.3,52.1,MEDIUM
GRD-00281,STU-00281,2024,First_Term_Sep_Dec,22,1,0,90.8,2.3,LOW
GRD-00282,STU-00282,2025,Third_Term_May_Jul,39,2,0,36.4,76.7,MEDIUM
GRD-00283,STU-00283,2024,Third_Term_May_Jul,117,5,0,3.7,,HIGH
GRD-00284,STU-00284,2025,Second_Term_Jan_Apr,132,5,0,6.3,,HIGH
GRD-00285,STU-00285,2024,Second_Term_Jan_Apr,123,6,0,0.9,,HIGH
GRD-00286,STU-00286,2023,Third_Term_May_Jul,27,0,0,98.1,3.5,LOW
GRD-00287,STU-00287,2023,Second_Term_Jan_Apr,42,0,0,81.0,4.1,LOW
GRD-00288,STU-00288,2024,Second_Term_Jan_Apr,35,0,0,79.4,6.1,LOW
GRD-00289,STU-00289,2024,Third_Term_May_Jul,0,1,1,25.2,78.3,LOW
GRD-00290,STU-00290,2023,Third_Term_May_Jul,66,1,0,26.0,92.9,MEDIUM
GRD-00291,STU-00291,2023,Second_Term_Jan_Apr,122,0,0,6.6,,HIGH
GRD-00292,STU-00292,2023,First_Term_Sep_Dec,23,0,0,26.0,0.5,LOW
GRD-00293,STU-00293,2025,Third_Term_May_Jul,27,1,0,18.8,64.4,LOW
GRD-00294,STU-00294,2024,Second_Term_Jan_Apr,46,1,0,71.8,2.3,LOW
GRD-00295,STU-00295,2024,Third_Term_May_Jul,0,1,1,26.4,67.0,LOW
GRD-00296,STU-00296,2023,Second_Term_Jan_Apr,38,0,0,76.4,2.6,LOW
GRD-00297,STU-00297,2024,First_Term_Sep_Dec,0,1,1,25.5,74.6,LOW
GRD-00298,STU-00298,2025,Second_Term_Jan_Apr,20,0,0,34.9,0.7,LOW
GRD-00299,STU-00299,2023,Second_Term_Jan_Apr,16,0,0,28.2,0.5,LOW
GRD-00300,STU-00300,2025,Third_Term_May_Jul,9,1,0,15.2,78.9,LOW
GRD-00301,STU-00301,2025,Second_Term_Jan_Apr,18,1,0,18.9,66.6,LOW
GRD-00302,STU-00302,2025,Second_Term_Jan_Apr,20,0,0,36.8,,MEDIUM
GRD-00303,STU-00303,2025,Third_Term_May_Jul,0,2,1,36.4,80.5,LOW
GRD-00304,STU-00304,2024,First_Term_Sep_Dec,0,0,0,29.2,81.3,LOW
GRD-00305,STU-00305,2024,First_Term_Sep_Dec,0,2,0,29.1,55.0,LOW
GRD-00306,STU-00306,2023,First_Term_Sep_Dec,0,1,0,15.8,63.8,LOW
GRD-00307,STU-00307,2025,First_Term_Sep_Dec,13,1,0,27.0,73.7,LOW
GRD-00308,STU-00308,2024,First_Term_Sep_Dec,0,2,1,22.5,60.5,LOW
GRD-00309,STU-00309,2024,Second_Term_Jan_Apr,167,3,0,3.5,,HIGH
GRD-00310,STU-00310,2023,First_Term_Sep_Dec,16,1,0,99.1,3.8,LOW
GRD-00311,STU-00311,2025,Second_Term_Jan_Apr,26,0,0,81.7,4.5,LOW
GRD-00312,STU-00312,2024,Third_Term_May_Jul,44,2,0,27.6,50.5,MEDIUM
GRD-00313,STU-00313,2025,First_Term_Sep_Dec,11,0,0,31.2,0.6,LOW
GRD-00314,STU-00314,2024,Second_Term_Jan_Apr,24,0,0,29.0,0.4,LOW
GRD-00315,STU-00315,2023,First_Term_Sep_Dec,90,4,0,0.8,,HIGH
GRD-00316,STU-00316,2025,Second_Term_Jan_Apr,64,2,0,22.4,89.1,MEDIUM
GRD-00317,STU-00317,2024,Second_Term_Jan_Apr,50,3,0,35.3,45.8,MEDIUM
GRD-00318,STU-00318,2024,Second_Term_Jan_Apr,105,6,0,7.3,,HIGH
GRD-00319,STU-00319,2023,First_Term_Sep_Dec,90,5,0,7.2,,HIGH
GRD-00320,STU-00320,2025,Third_Term_May_Jul,26,1,0,95.9,5.4,LOW
GRD-00321,STU-00321,2025,Second_Term_Jan_Apr,117,5,0,5.8,,HIGH
GRD-00322,STU-00322,2025,First_Term_Sep_Dec,3,1,0,30.5,42.2,LOW
GRD-00323,STU-00323,2024,First_Term_Sep_Dec,90,5,0,7.8,,HIGH
GRD-00324,STU-00324,2023,First_Term_Sep_Dec,82,2,0,32.3,53.8,MEDIUM
GRD-00325,STU-00325,2023,First_Term_Sep_Dec,15,0,0,85.2,4.1,LOW
GRD-00326,STU-00326,2024,Second_Term_Jan_Apr,20,0,0,79.7,2.6,LOW
GRD-00327,STU-00327,2025,Second_Term_Jan_Apr,12,0,0,22.8,,LOW
GRD-00328,STU-00328,2023,Third_Term_May_Jul,25,0,0,100.0,1.5,LOW
GRD-00329,STU-00329,2023,Second_Term_Jan_Apr,15,0,0,29.8,0.5,LOW
GRD-00330,STU-00330,2024,Second_Term_Jan_Apr,15,0,0,30.5,,MEDIUM
GRD-00331,STU-00331,2023,First_Term_Sep_Dec,16,0,0,99.9,1.9,LOW
GRD-00332,STU-00332,2024,Second_Term_Jan_Apr,19,0,0,36.9,,MEDIUM
GRD-00333,STU-00333,2023,Third_Term_May_Jul,20,1,0,24.2,69.9,LOW
GRD-00334,STU-00334,2023,First_Term_Sep_Dec,11,0,0,30.6,,LOW
GRD-00335,STU-00335,2025,Third_Term_May_Jul,12,0,0,29.5,,LOW
GRD-00336,STU-00336,2023,Third_Term_May_Jul,29,1,0,96.2,6.0,LOW
GRD-00337,STU-00337,2025,Second_Term_Jan_Apr,115,2,0,1.9,,HIGH
GRD-00338,STU-00338,2025,Second_Term_Jan_Apr,39,1,0,15.5,77.8,MEDIUM
GRD-00339,STU-00339,2025,First_Term_Sep_Dec,10,1,0,100.0,4.5,LOW
GRD-00340,STU-00340,2025,Second_Term_Jan_Apr,111,2,0,1.1,,HIGH
GRD-00341,STU-00341,2023,Third_Term_May_Jul,59,1,0,28.1,87.7,MEDIUM
GRD-00342,STU-00342,2023,Second_Term_Jan_Apr,16,0,0,85.3,4.2,LOW
GRD-00343,STU-00343,2025,Second_Term_Jan_Apr,18,0,0,30.1,,MEDIUM
GRD-00344,STU-00344,2025,First_Term_Sep_Dec,0,0,1,89.3,5.1,LOW
GRD-00345,STU-00345,2024,Second_Term_Jan_Apr,92,3,0,8.8,,HIGH
GRD-00346,STU-00346,2025,Third_Term_May_Jul,22,0,0,28.3,0.4,LOW
GRD-00347,STU-00347,2024,Second_Term_Jan_Apr,18,0,0,34.3,0.9,LOW
GRD-00348,STU-00348,2023,Third_Term_May_Jul,19,0,0,32.3,0.3,LOW
GRD-00349,STU-00349,2025,Second_Term_Jan_Apr,32,0,0,74.5,5.2,LOW
GRD-00350,STU-00350,2025,First_Term_Sep_Dec,3,1,0,25.5,68.2,LOW
GRD-00351,STU-00351,2024,Second_Term_Jan_Apr,18,0,0,20.8,0.6,LOW
GRD-00352,STU-00352,2023,First_Term_Sep_Dec,0,1,0,28.2,45.9,LOW
GRD-00353,STU-00353,2024,First_Term_Sep_Dec,0,0,1,88.3,3.4,LOW
GRD-00354,STU-00354,2025,Second_Term_Jan_Apr,49,0,0,75.3,3.6,LOW
GRD-00355,STU-00355,2024,Third_Term_May_Jul,20,0,0,30.1,0.8,LOW
GRD-00356,STU-00356,2025,Second_Term_Jan_Apr,52,1,0,78.0,1.2,LOW
GRD-00357,STU-00357,2025,Second_Term_Jan_Apr,51,0,0,77.6,4.3,LOW
GRD-00358,STU-00358,2025,Third_Term_May_Jul,11,0,0,28.1,0.4,LOW
GRD-00359,STU-00359,2025,First_Term_Sep_Dec,18,0,0,26.8,0.5,LOW
GRD-00360,STU-00360,2025,Second_Term_Jan_Apr,25,0,0,87.1,5.4,LOW
GRD-00361,STU-00361,2023,First_Term_Sep_Dec,0,1,1,97.8,5.3,LOW
GRD-00362,STU-00362,2024,First_Term_Sep_Dec,20,1,0,88.2,4.1,LOW
GRD-00363,STU-00363,2023,Third_Term_May_Jul,16,1,0,35.5,76.6,LOW
GRD-00364,STU-00364,2023,First_Term_Sep_Dec,18,0,0,35.4,0.4,LOW
GRD-00365,STU-00365,2023,Third_Term_May_Jul,36,1,0,100.0,4.6,LOW
GRD-00366,STU-00366,2023,Third_Term_May_Jul,30,2,0,23.2,98.3,LOW
GRD-00367,STU-00367,2024,Second_Term_Jan_Apr,99,2,0,29.3,65.7,MEDIUM
GRD-00368,STU-00368,2025,Third_Term_May_Jul,0,0,1,100.0,4.7,LOW
GRD-00369,STU-00369,2025,Third_Term_May_Jul,59,1,0,31.6,57.6,MEDIUM
GRD-00370,STU-00370,2025,Second_Term_Jan_Apr,35,0,0,78.3,2.9,LOW
GRD-00371,STU-00371,2024,Second_Term_Jan_Apr,20,0,0,24.2,0.8,LOW
GRD-00372,STU-00372,2023,Second_Term_Jan_Apr,0,1,0,20.3,82.6,LOW
GRD-00373,STU-00373,2025,Second_Term_Jan_Apr,13,0,0,31.5,84.3,LOW
GRD-00374,STU-00374,2024,Second_Term_Jan_Apr,36,0,0,77.9,7.2,LOW
GRD-00375,STU-00375,2023,First_Term_Sep_Dec,54,2,0,27.6,47.9,MEDIUM
GRD-00376,STU-00376,2025,Third_Term_May_Jul,102,3,0,3.1,,HIGH
GRD-00377,STU-00377,2024,Third_Term_May_Jul,25,2,0,32.2,44.8,LOW
GRD-00378,STU-00378,2024,Third_Term_May_Jul,165,5,0,2.2,,HIGH
GRD-00379,STU-00379,2024,Second_Term_Jan_Apr,25,1,0,73.8,4.7,LOW
GRD-00380,STU-00380,2025,Third_Term_May_Jul,12,2,0,16.7,69.5,LOW
GRD-00381,STU-00381,2024,Second_Term_Jan_Apr,17,0,0,33.8,0.1,LOW
GRD-00382,STU-00382,2023,First_Term_Sep_Dec,22,1,0,94.4,3.3,LOW
GRD-00383,STU-00383,2025,Second_Term_Jan_Apr,105,3,0,2.4,,HIGH
GRD-00384,STU-00384,2025,Third_Term_May_Jul,27,0,0,91.4,3.9,LOW
GRD-00385,STU-00385,2024,Third_Term_May_Jul,13,0,0,35.5,,LOW
GRD-00386,STU-00386,2024,First_Term_Sep_Dec,0,1,1,87.8,3.1,LOW
GRD-00387,STU-00387,2024,First_Term_Sep_Dec,19,1,0,100.0,4.2,LOW
GRD-00388,STU-00388,2023,Third_Term_May_Jul,0,2,1,21.9,64.0,LOW
GRD-00389,STU-00389,2023,Second_Term_Jan_Apr,19,0,0,30.4,0.3,LOW
GRD-00390,STU-00390,2024,Second_Term_Jan_Apr,0,1,1,75.0,3.6,LOW
GRD-00391,STU-00391,2025,First_Term_Sep_Dec,81,1,0,29.0,55.6,MEDIUM
GRD-00392,STU-00392,2023,Second_Term_Jan_Apr,65,2,0,23.8,51.7,MEDIUM
GRD-00393,STU-00393,2025,First_Term_Sep_Dec,60,2,0,29.9,68.1,MEDIUM
GRD-00394,STU-00394,2024,Second_Term_Jan_Apr,19,0,0,38.6,0.3,LOW
GRD-00395,STU-00395,2023,Third_Term_May_Jul,30,1,0,99.2,2.7,LOW
GRD-00396,STU-00396,2024,Second_Term_Jan_Apr,110,5,0,5.0,,HIGH
GRD-00397,STU-00397,2025,Second_Term_Jan_Apr,29,2,0,17.6,83.2,LOW
GRD-00398,STU-00398,2025,Second_Term_Jan_Apr,21,0,0,28.7,,MEDIUM
GRD-00399,STU-00399,2025,Second_Term_Jan_Apr,34,0,0,70.8,3.2,LOW
GRD-00400,STU-00400,2023,First_Term_Sep_Dec,22,0,0,20.0,,MEDIUM
GRD-00401,STU-00401,2025,Third_Term_May_Jul,15,0,0,35.4,0.5,LOW
GRD-00402,STU-00402,2023,First_Term_Sep_Dec,51,1,0,17.9,77.3,MEDIUM
GRD-00403,STU-00403,2025,First_Term_Sep_Dec,19,0,0,95.8,3.0,LOW
GRD-00404,STU-00404,2025,Third_Term_May_Jul,0,1,1,24.8,64.2,LOW
GRD-00405,STU-00405,2023,Second_Term_Jan_Apr,39,1,0,76.6,8.0,LOW
GRD-00406,STU-00406,2023,Second_Term_Jan_Apr,11,0,0,40.0,0.4,LOW
GRD-00407,STU-00407,2024,Third_Term_May_Jul,32,1,0,28.8,84.0,MEDIUM
GRD-00408,STU-00408,2024,Third_Term_May_Jul,12,1,0,25.6,,MEDIUM
GRD-00409,STU-00409,2025,Second_Term_Jan_Apr,28,1,0,83.7,5.8,LOW
GRD-00410,STU-00410,2024,Third_Term_May_Jul,38,2,0,31.0,61.5,MEDIUM
GRD-00411,STU-00411,2025,First_Term_Sep_Dec,16,0,0,89.2,3.0,LOW
GRD-00412,STU-00412,2023,Third_Term_May_Jul,129,4,0,6.2,,HIGH
GRD-00413,STU-00413,2025,Third_Term_May_Jul,15,0,0,21.3,0.2,LOW
GRD-00414,STU-00414,2023,First_Term_Sep_Dec,18,0,0,96.7,4.5,LOW
GRD-00415,STU-00415,2023,Third_Term_May_Jul,28,1,0,34.2,45.3,LOW
GRD-00416,STU-00416,2025,Second_Term_Jan_Apr,117,3,0,6.3,,HIGH
GRD-00417,STU-00417,2024,Second_Term_Jan_Apr,26,0,0,80.4,4.1,LOW
GRD-00418,STU-00418,2023,Second_Term_Jan_Apr,40,0,0,77.8,7.8,LOW
GRD-00419,STU-00419,2024,Second_Term_Jan_Apr,90,4,0,3.3,,HIGH
GRD-00420,STU-00420,2024,Second_Term_Jan_Apr,42,0,0,78.1,3.7,LOW
GRD-00421,STU-00421,2025,First_Term_Sep_Dec,19,1,0,96.1,2.9,LOW
GRD-00422,STU-00422,2025,Third_Term_May_Jul,18,0,0,33.0,,MEDIUM
GRD-00423,STU-00423,2024,Second_Term_Jan_Apr,18,0,0,32.8,0.5,LOW
GRD-00424,STU-00424,2024,Second_Term_Jan_Apr,155,6,0,1.6,,HIGH
GRD-00425,STU-00425,2024,Second_Term_Jan_Apr,72,2,0,18.4,70.4,MEDIUM
GRD-00426,STU-00426,2024,Second_Term_Jan_Apr,10,0,0,23.2,,LOW
GRD-00427,STU-00427,2024,First_Term_Sep_Dec,61,2,0,21.2,55.9,MEDIUM
GRD-00428,STU-00428,2024,Second_Term_Jan_Apr,134,4,0,10.6,,HIGH
GRD-00429,STU-00429,2023,Second_Term_Jan_Apr,19,0,0,38.1,0.6,LOW
GRD-00430,STU-00430,2025,Third_Term_May_Jul,52,3,0,33.4,58.9,MEDIUM
GRD-00431,STU-00431,2023,Third_Term_May_Jul,13,2,0,40.3,81.5,LOW
GRD-00432,STU-00432,2025,Second_Term_Jan_Apr,133,6,0,5.1,,HIGH
GRD-00433,STU-00433,2024,Second_Term_Jan_Apr,112,6,0,5.4,,HIGH
GRD-00434,STU-00434,2024,Second_Term_Jan_Apr,80,3,0,22.7,99.7,MEDIUM
GRD-00435,STU-00435,2024,Third_Term_May_Jul,144,7,0,6.5,,HIGH
GRD-00436,STU-00436,2024,First_Term_Sep_Dec,90,5,0,3.1,,HIGH
GRD-00437,STU-00437,2025,Third_Term_May_Jul,1,2,0,34.4,65.0,LOW
GRD-00438,STU-00438,2023,Third_Term_May_Jul,18,0,0,31.1,0.5,LOW
GRD-00439,STU-00439,2024,Third_Term_May_Jul,32,1,0,96.0,2.4,LOW
GRD-00440,STU-00440,2023,Third_Term_May_Jul,118,2,0,3.5,,HIGH
GRD-00441,STU-00441,2024,Second_Term_Jan_Apr,42,0,0,73.4,4.8,LOW
GRD-00442,STU-00442,2023,Third_Term_May_Jul,186,2,0,4.1,,HIGH
GRD-00443,STU-00443,2024,Second_Term_Jan_Apr,0,0,0,19.1,73.3,LOW
GRD-00444,STU-00444,2024,Second_Term_Jan_Apr,143,6,0,2.5,,HIGH
GRD-00445,STU-00445,2025,First_Term_Sep_Dec,14,0,0,81.0,5.1,LOW
GRD-00446,STU-00446,2025,Third_Term_May_Jul,0,0,1,95.0,4.8,LOW
GRD-00447,STU-00447,2023,Third_Term_May_Jul,13,0,0,26.6,0.5,LOW
GRD-00448,STU-00448,2024,Second_Term_Jan_Apr,1,2,0,21.6,82.1,LOW
GRD-00449,STU-00449,2024,Second_Term_Jan_Apr,90,2,0,1.1,,HIGH
GRD-00450,STU-00450,2023,Second_Term_Jan_Apr,14,0,0,33.8,,LOW
GRD-00451,STU-00451,2024,Third_Term_May_Jul,0,2,1,31.3,82.9,LOW
GRD-00452,STU-00452,2023,Second_Term_Jan_Apr,113,2,0,3.1,,HIGH
GRD-00453,STU-00453,2025,First_Term_Sep_Dec,19,0,0,25.8,,MEDIUM
GRD-00454,STU-00454,2024,Third_Term_May_Jul,17,0,0,27.0,,MEDIUM
GRD-00455,STU-00455,2025,Second_Term_Jan_Apr,47,1,0,23.1,59.2,MEDIUM
GRD-00456,STU-00456,2024,Second_Term_Jan_Apr,56,2,0,24.2,54.2,MEDIUM
GRD-00457,STU-00457,2023,First_Term_Sep_Dec,96,4,0,7.6,,HIGH
GRD-00458,STU-00458,2023,First_Term_Sep_Dec,90,5,0,7.4,,HIGH
GRD-00459,STU-00459,2025,Second_Term_Jan_Apr,13,0,0,32.4,0.2,LOW
GRD-00460,STU-00460,2025,First_Term_Sep_Dec,107,5,0,6.2,,HIGH
GRD-00461,STU-00461,2024,First_Term_Sep_Dec,21,0,0,89.2,2.3,LOW
GRD-00462,STU-00462,2025,Second_Term_Jan_Apr,140,5,0,3.6,,HIGH
GRD-00463,STU-00463,2023,Second_Term_Jan_Apr,41,2,0,74.1,1.8,LOW
GRD-00464,STU-00464,2025,Third_Term_May_Jul,20,2,0,22.8,72.2,LOW
GRD-00465,STU-00465,2025,First_Term_Sep_Dec,102,6,0,5.2,,HIGH
GRD-00466,STU-00466,2023,First_Term_Sep_Dec,41,2,0,31.3,49.6,MEDIUM
GRD-00467,STU-00467,2025,Second_Term_Jan_Apr,22,0,0,24.7,,MEDIUM
GRD-00468,STU-00468,2023,Third_Term_May_Jul,30,0,0,28.7,63.7,LOW
GRD-00469,STU-00469,2023,First_Term_Sep_Dec,22,0,0,86.2,3.7,LOW
GRD-00470,STU-00470,2023,Third_Term_May_Jul,0,2,0,25.6,59.5,LOW
GRD-00471,STU-00471,2023,Third_Term_May_Jul,108,4,0,5.0,,HIGH
GRD-00472,STU-00472,2023,Second_Term_Jan_Apr,35,1,0,84.4,4.6,LOW
GRD-00473,STU-00473,2023,Third_Term_May_Jul,129,7,0,6.4,,HIGH
GRD-00474,STU-00474,2024,First_Term_Sep_Dec,0,1,1,92.2,2.8,LOW
GRD-00475,STU-00475,2025,Third_Term_May_Jul,24,0,0,100.0,1.2,LOW
GRD-00476,STU-00476,2023,First_Term_Sep_Dec,15,1,0,99.9,4.4,LOW
GRD-00477,STU-00477,2024,Second_Term_Jan_Apr,81,1,0,12.8,66.6,MEDIUM
GRD-00478,STU-00478,2023,Third_Term_May_Jul,16,0,0,31.0,0.7,LOW
GRD-00479,STU-00479,2023,Third_Term_May_Jul,164,7,0,4.6,,HIGH
GRD-00480,STU-00480,2025,First_Term_Sep_Dec,0,2,1,18.0,46.0,LOW
GRD-00481,STU-00481,2025,First_Term_Sep_Dec,115,6,0,10.3,,HIGH
GRD-00482,STU-00482,2024,Second_Term_Jan_Apr,20,0,0,36.9,0.4,LOW
GRD-00483,STU-00483,2023,First_Term_Sep_Dec,0,2,1,26.9,50.8,LOW
GRD-00484,STU-00484,2025,First_Term_Sep_Dec,96,4,0,4.9,,HIGH
GRD-00485,STU-00485,2025,First_Term_Sep_Dec,90,7,0,7.3,,HIGH
GRD-00486,STU-00486,2023,Third_Term_May_Jul,0,2,1,36.2,59.7,LOW
GRD-00487,STU-00487,2025,Third_Term_May_Jul,24,0,0,89.7,3.3,LOW
GRD-00488,STU-00488,2025,Third_Term_May_Jul,58,1,0,38.7,44.0,MEDIUM
GRD-00489,STU-00489,2024,First_Term_Sep_Dec,4,1,0,19.2,82.3,LOW
GRD-00490,STU-00490,2024,Third_Term_May_Jul,96,7,0,5.5,,HIGH
GRD-00491,STU-00491,2025,Second_Term_Jan_Apr,27,0,0,79.3,3.1,LOW
GRD-00492,STU-00492,2023,Second_Term_Jan_Apr,0,7,1,5.9,,MEDIUM
GRD-00493,STU-00493,2025,Second_Term_Jan_Apr,0,0,1,32.2,,LOW
GRD-00494,STU-00494,2025,Third_Term_May_Jul,25,1,0,97.0,6.2,LOW
GRD-00495,STU-00495,2023,Second_Term_Jan_Apr,93,3,0,5.0,,HIGH
GRD-00496,STU-00496,2023,Third_Term_May_Jul,125,5,0,8.0,,HIGH
GRD-00497,STU-00497,2024,First_Term_Sep_Dec,24,0,0,86.3,3.6,LOW
GRD-00498,STU-00498,2025,Third_Term_May_Jul,27,1,0,89.4,5.2,LOW
GRD-00499,STU-00499,2025,Third_Term_May_Jul,13,0,0,28.4,,LOW
GRD-00500,STU-00500,2023,First_Term_Sep_Dec,19,0,0,82.9,4.6,LOW
GRD-00501,STU-00501,2024,Third_Term_May_Jul,17,0,0,27.2,0.4,LOW
GRD-00502,STU-00502,2023,Second_Term_Jan_Apr,43,1,0,82.9,4.8,LOW
GRD-00503,STU-00503,2024,Third_Term_May_Jul,22,0,0,25.0,0.1,LOW
GRD-00504,STU-00504,2023,Second_Term_Jan_Apr,27,1,0,21.6,68.1,LOW
GRD-00505,STU-00505,2025,Second_Term_Jan_Apr,45,1,0,79.7,1.2,LOW
GRD-00506,STU-00506,2023,Third_Term_May_Jul,17,1,0,33.8,,MEDIUM
GRD-00507,STU-00507,2023,First_Term_Sep_Dec,17,1,0,76.7,0.8,LOW
GRD-00508,STU-00508,2024,Second_Term_Jan_Apr,26,1,0,73.2,5.8,LOW
GRD-00509,STU-00509,2025,Second_Term_Jan_Apr,16,0,0,32.8,0.4,LOW
GRD-00510,STU-00510,2023,Third_Term_May_Jul,17,0,0,37.7,0.6,LOW
GRD-00511,STU-00511,2025,Third_Term_May_Jul,127,3,0,2.6,,HIGH
GRD-00512,STU-00512,2024,Third_Term_May_Jul,27,1,0,89.7,3.4,LOW
GRD-00513,STU-00513,2025,First_Term_Sep_Dec,90,2,0,3.7,,HIGH
GRD-00514,STU-00514,2025,First_Term_Sep_Dec,22,0,0,97.2,3.1,LOW
GRD-00515,STU-00515,2024,First_Term_Sep_Dec,16,0,0,30.5,0.5,LOW
GRD-00516,STU-00516,2025,Third_Term_May_Jul,20,2,0,24.7,69.1,LOW
GRD-00517,STU-00517,2025,Third_Term_May_Jul,0,2,1,35.3,39.4,LOW
GRD-00518,STU-00518,2024,First_Term_Sep_Dec,0,1,1,16.2,51.8,LOW
GRD-00519,STU-00519,2023,Third_Term_May_Jul,179,7,0,0.7,,HIGH
GRD-00520,STU-00520,2023,First_Term_Sep_Dec,0,0,0,31.5,60.7,LOW
GRD-00521,STU-00521,2023,Third_Term_May_Jul,15,0,0,33.9,0.8,LOW
GRD-00522,STU-00522,2023,First_Term_Sep_Dec,17,0,0,30.6,,MEDIUM
GRD-00523,STU-00523,2023,First_Term_Sep_Dec,8,1,0,23.3,0.6,LOW
GRD-00524,STU-00524,2023,First_Term_Sep_Dec,22,0,0,90.8,3.7,LOW
GRD-00525,STU-00525,2025,Second_Term_Jan_Apr,164,1,0,4.0,,HIGH
GRD-00526,STU-00526,2024,Third_Term_May_Jul,18,0,0,29.7,0.4,LOW
GRD-00527,STU-00527,2023,First_Term_Sep_Dec,41,0,0,25.8,65.6,LOW
GRD-00528,STU-00528,2025,Second_Term_Jan_Apr,17,0,0,34.8,0.5,LOW
GRD-00529,STU-00529,2023,Third_Term_May_Jul,33,1,0,23.9,49.9,MEDIUM
GRD-00530,STU-00530,2025,Third_Term_May_Jul,0,0,1,30.0,78.8,LOW
GRD-00531,STU-00531,2024,Third_Term_May_Jul,15,0,0,27.5,,MEDIUM
GRD-00532,STU-00532,2024,First_Term_Sep_Dec,0,1,1,30.7,61.0,LOW
GRD-00533,STU-00533,2023,First_Term_Sep_Dec,20,0,0,93.2,4.0,LOW
GRD-00534,STU-00534,2024,First_Term_Sep_Dec,18,0,0,34.4,0.5,LOW
GRD-00535,STU-00535,2023,First_Term_Sep_Dec,90,2,0,5.1,,HIGH
GRD-00536,STU-00536,2025,Second_Term_Jan_Apr,107,5,0,3.9,,HIGH
GRD-00537,STU-00537,2024,Second_Term_Jan_Apr,42,2,0,23.7,76.3,MEDIUM
GRD-00538,STU-00538,2024,Second_Term_Jan_Apr,90,4,0,4.4,,HIGH
GRD-00539,STU-00539,2023,Third_Term_May_Jul,31,1,0,100.0,3.3,LOW
GRD-00540,STU-00540,2025,Third_Term_May_Jul,16,0,0,29.3,,MEDIUM
GRD-00541,STU-00541,2024,Second_Term_Jan_Apr,40,0,0,87.7,5.8,LOW
GRD-00542,STU-00542,2024,Second_Term_Jan_Apr,210,5,0,1.7,,HIGH
GRD-00543,STU-00543,2024,First_Term_Sep_Dec,17,0,0,29.6,,MEDIUM
GRD-00544,STU-00544,2023,Third_Term_May_Jul,23,0,0,87.6,7.0,LOW
GRD-00545,STU-00545,2025,Third_Term_May_Jul,9,0,0,36.4,0.9,LOW
GRD-00546,STU-00546,2023,First_Term_Sep_Dec,42,2,0,35.3,39.2,MEDIUM
GRD-00547,STU-00547,2024,First_Term_Sep_Dec,15,0,0,99.7,5.3,LOW
GRD-00548,STU-00548,2023,First_Term_Sep_Dec,90,4,0,5.6,,HIGH
GRD-00549,STU-00549,2025,First_Term_Sep_Dec,0,0,1,34.8,,LOW
GRD-00550,STU-00550,2023,Third_Term_May_Jul,131,4,0,5.9,,HIGH
GRD-00551,STU-00551,2024,Third_Term_May_Jul,21,0,0,85.1,4.3,LOW
GRD-00552,STU-00552,2025,Second_Term_Jan_Apr,119,2,0,2.7,,HIGH
GRD-00553,STU-00553,2024,Third_Term_May_Jul,58,2,0,22.5,83.8,MEDIUM
GRD-00554,STU-00554,2025,Second_Term_Jan_Apr,16,0,0,39.0,,MEDIUM
GRD-00555,STU-00555,2023,Second_Term_Jan_Apr,105,2,0,5.7,,HIGH
GRD-00556,STU-00556,2023,Third_Term_May_Jul,54,2,0,34.0,63.0,MEDIUM
GRD-00557,STU-00557,2024,Third_Term_May_Jul,22,0,0,89.7,2.1,LOW
GRD-00558,STU-00558,2025,First_Term_Sep_Dec,0,0,1,96.5,4.4,LOW
GRD-00559,STU-00559,2025,Second_Term_Jan_Apr,138,5,0,3.9,,HIGH
GRD-00560,STU-00560,2023,Third_Term_May_Jul,22,1,0,90.7,2.6,LOW
GRD-00561,STU-00561,2024,First_Term_Sep_Dec,14,0,0,30.3,,LOW
GRD-00562,STU-00562,2025,Third_Term_May_Jul,184,6,0,2.8,,HIGH
GRD-00563,STU-00563,2025,Third_Term_May_Jul,25,1,0,84.9,4.2,LOW
GRD-00564,STU-00564,2025,Second_Term_Jan_Apr,21,2,0,15.6,65.3,LOW
GRD-00565,STU-00565,2023,Third_Term_May_Jul,64,1,0,38.5,49.6,MEDIUM
GRD-00566,STU-00566,2023,First_Term_Sep_Dec,17,0,0,96.3,3.6,LOW
GRD-00567,STU-00567,2023,Second_Term_Jan_Apr,45,0,0,86.2,3.8,LOW
GRD-00568,STU-00568,2023,Second_Term_Jan_Apr,42,0,0,81.5,3.9,LOW
GRD-00569,STU-00569,2025,First_Term_Sep_Dec,21,1,0,93.6,3.1,LOW
GRD-00570,STU-00570,2023,Second_Term_Jan_Apr,124,2,0,2.1,,HIGH
GRD-00571,STU-00571,2025,Third_Term_May_Jul,29,1,0,97.8,4.4,LOW
GRD-00572,STU-00572,2025,Third_Term_May_Jul,18,0,0,34.9,,MEDIUM
GRD-00573,STU-00573,2025,Third_Term_May_Jul,140,7,0,0.0,,HIGH
GRD-00574,STU-00574,2025,First_Term_Sep_Dec,90,6,0,4.9,,HIGH
GRD-00575,STU-00575,2024,Third_Term_May_Jul,27,0,0,88.0,0.9,LOW
GRD-00576,STU-00576,2025,First_Term_Sep_Dec,22,1,0,85.7,5.3,LOW
GRD-00577,STU-00577,2025,Second_Term_Jan_Apr,35,1,0,84.1,3.1,LOW
GRD-00578,STU-00578,2025,Second_Term_Jan_Apr,24,1,0,80.8,2.2,LOW
GRD-00579,STU-00579,2024,First_Term_Sep_Dec,90,6,0,1.4,,HIGH
GRD-00580,STU-00580,2024,Third_Term_May_Jul,0,1,1,15.5,68.6,LOW
GRD-00581,STU-00581,2024,First_Term_Sep_Dec,23,0,0,33.2,,MEDIUM
GRD-00582,STU-00582,2023,Second_Term_Jan_Apr,116,2,0,5.4,,HIGH
GRD-00583,STU-00583,2025,First_Term_Sep_Dec,17,0,0,97.4,3.3,LOW
GRD-00584,STU-00584,2023,Second_Term_Jan_Apr,1,2,0,26.8,63.1,LOW
GRD-00585,STU-00585,2024,Third_Term_May_Jul,28,0,0,90.3,3.9,LOW
GRD-00586,STU-00586,2023,Third_Term_May_Jul,12,1,0,27.3,42.6,LOW
GRD-00587,STU-00587,2025,First_Term_Sep_Dec,90,5,0,9.6,,HIGH
GRD-00588,STU-00588,2023,Third_Term_May_Jul,17,0,0,30.8,,MEDIUM
GRD-00589,STU-00589,2023,Second_Term_Jan_Apr,16,0,0,30.0,,MEDIUM
GRD-00590,STU-00590,2023,First_Term_Sep_Dec,0,2,1,25.4,54.7,LOW
GRD-00591,STU-00591,2025,Second_Term_Jan_Apr,43,1,0,12.8,67.6,MEDIUM
GRD-00592,STU-00592,2023,First_Term_Sep_Dec,74,1,0,25.5,67.0,MEDIUM
GRD-00593,STU-00593,2025,Third_Term_May_Jul,72,2,0,23.1,56.3,MEDIUM
GRD-00594,STU-00594,2023,Second_Term_Jan_Apr,27,0,0,26.9,0.6,LOW
GRD-00595,STU-00595,2024,First_Term_Sep_Dec,90,4,0,3.2,,HIGH
GRD-00596,STU-00596,2023,Third_Term_May_Jul,29,1,0,17.3,55.0,LOW
GRD-00597,STU-00597,2023,First_Term_Sep_Dec,20,1,0,29.8,76.7,LOW
GRD-00598,STU-00598,2024,Third_Term_May_Jul,150,4,0,6.0,,HIGH
GRD-00599,STU-00599,2023,Third_Term_May_Jul,29,2,0,28.3,80.5,LOW
GRD-00600,STU-00600,2024,Third_Term_May_Jul,38,0,0,100.0,2.4,LOW
GRD-00601,STU-00601,2024,Third_Term_May_Jul,32,0,0,87.9,4.5,LOW
GRD-00602,STU-00602,2025,First_Term_Sep_Dec,82,3,0,23.4,38.0,MEDIUM
GRD-00603,STU-00603,2023,Third_Term_May_Jul,0,1,1,18.1,70.4,LOW
GRD-00604,STU-00604,2024,Third_Term_May_Jul,20,0,0,27.3,,MEDIUM
GRD-00605,STU-00605,2025,Third_Term_May_Jul,39,1,0,27.0,68.3,MEDIUM
GRD-00606,STU-00606,2025,Second_Term_Jan_Apr,17,0,0,36.5,,MEDIUM
GRD-00607,STU-00607,2024,First_Term_Sep_Dec,118,4,0,5.0,,HIGH
GRD-00608,STU-00608,2025,Third_Term_May_Jul,34,2,0,26.9,65.5,MEDIUM
GRD-00609,STU-00609,2025,Second_Term_Jan_Apr,53,0,0,21.0,105.5,LOW
GRD-00610,STU-00610,2024,Second_Term_Jan_Apr,39,2,0,30.7,62.5,MEDIUM
GRD-00611,STU-00611,2025,Third_Term_May_Jul,37,1,0,28.3,103.2,MEDIUM
GRD-00612,STU-00612,2023,First_Term_Sep_Dec,73,1,0,21.1,61.5,MEDIUM
GRD-00613,STU-00613,2024,First_Term_Sep_Dec,23,0,0,100.0,3.5,LOW
GRD-00614,STU-00614,2024,First_Term_Sep_Dec,12,0,0,30.8,0.4,LOW
GRD-00615,STU-00615,2023,First_Term_Sep_Dec,20,1,0,90.9,4.7,LOW
GRD-00616,STU-00616,2025,Third_Term_May_Jul,36,1,0,30.0,51.2,MEDIUM
GRD-00617,STU-00617,2025,Third_Term_May_Jul,34,1,0,26.5,49.1,MEDIUM
GRD-00618,STU-00618,2025,Second_Term_Jan_Apr,23,0,0,22.8,0.4,LOW
GRD-00619,STU-00619,2024,Third_Term_May_Jul,30,1,0,25.4,52.8,LOW
GRD-00620,STU-00620,2024,Third_Term_May_Jul,102,6,0,7.1,,HIGH
GRD-00621,STU-00621,2025,Third_Term_May_Jul,30,1,0,21.3,76.2,LOW
GRD-00622,STU-00622,2023,Third_Term_May_Jul,0,0,1,21.1,74.0,LOW
GRD-00623,STU-00623,2024,Second_Term_Jan_Apr,24,0,0,40.0,,LOW
GRD-00624,STU-00624,2023,Third_Term_May_Jul,67,2,0,27.1,68.8,MEDIUM
GRD-00625,STU-00625,2025,First_Term_Sep_Dec,9,1,0,84.9,1.7,LOW
GRD-00626,STU-00626,2023,Third_Term_May_Jul,20,0,0,23.2,,MEDIUM
GRD-00627,STU-00627,2025,First_Term_Sep_Dec,90,7,0,6.1,,HIGH
GRD-00628,STU-00628,2023,Second_Term_Jan_Apr,38,1,0,85.4,5.3,LOW
GRD-00629,STU-00629,2025,Second_Term_Jan_Apr,134,7,0,5.4,,HIGH
GRD-00630,STU-00630,2024,Second_Term_Jan_Apr,48,1,0,80.8,2.5,LOW
GRD-00631,STU-00631,2023,Third_Term_May_Jul,123,2,0,1.9,,HIGH
GRD-00632,STU-00632,2023,First_Term_Sep_Dec,54,1,0,36.1,76.3,MEDIUM
GRD-00633,STU-00633,2023,Second_Term_Jan_Apr,19,0,0,29.6,0.4,LOW
GRD-00634,STU-00634,2023,Second_Term_Jan_Apr,29,0,0,74.5,6.2,LOW
GRD-00635,STU-00635,2023,First_Term_Sep_Dec,12,0,0,89.7,5.2,LOW
GRD-00636,STU-00636,2024,First_Term_Sep_Dec,90,2,0,7.1,,HIGH
GRD-00637,STU-00637,2025,First_Term_Sep_Dec,119,6,0,8.6,,HIGH
GRD-00638,STU-00638,2023,First_Term_Sep_Dec,20,0,0,28.4,0.7,LOW
GRD-00639,STU-00639,2023,Third_Term_May_Jul,12,0,0,27.3,0.7,LOW
GRD-00640,STU-00640,2024,Third_Term_May_Jul,150,4,0,6.7,,HIGH
GRD-00641,STU-00641,2025,Second_Term_Jan_Apr,45,1,0,82.0,4.7,LOW
GRD-00642,STU-00642,2025,First_Term_Sep_Dec,3,1,0,21.6,87.8,LOW
GRD-00643,STU-00643,2023,First_Term_Sep_Dec,19,0,0,97.4,4.2,LOW
GRD-00644,STU-00644,2023,Third_Term_May_Jul,19,2,0,32.3,63.8,LOW
GRD-00645,STU-00645,2023,Third_Term_May_Jul,19,1,0,20.5,78.9,LOW
GRD-00646,STU-00646,2023,Third_Term_May_Jul,28,1,0,91.2,4.7,LOW
GRD-00647,STU-00647,2025,First_Term_Sep_Dec,16,0,0,28.9,,MEDIUM
GRD-00648,STU-00648,2024,First_Term_Sep_Dec,90,2,0,10.9,,MEDIUM
GRD-00649,STU-00649,2024,Second_Term_Jan_Apr,34,1,0,81.4,3.5,LOW
GRD-00650,STU-00650,2023,First_Term_Sep_Dec,12,1,0,88.8,2.1,LOW
GRD-00651,STU-00651,2024,Second_Term_Jan_Apr,31,1,0,81.9,4.0,LOW
GRD-00652,STU-00652,2023,Second_Term_Jan_Apr,125,4,0,3.3,,HIGH
GRD-00653,STU-00653,2025,First_Term_Sep_Dec,17,1,0,95.3,4.2,LOW
GRD-00654,STU-00654,2023,Third_Term_May_Jul,29,1,0,89.8,3.5,LOW
GRD-00655,STU-00655,2025,Third_Term_May_Jul,119,3,0,3.8,,HIGH
GRD-00656,STU-00656,2023,Second_Term_Jan_Apr,39,1,0,89.3,5.5,LOW
GRD-00657,STU-00657,2025,Second_Term_Jan_Apr,85,2,0,29.3,70.3,MEDIUM
GRD-00658,STU-00658,2025,Second_Term_Jan_Apr,20,0,0,29.7,0.3,LOW
GRD-00659,STU-00659,2024,Second_Term_Jan_Apr,37,1,0,37.8,60.1,MEDIUM
GRD-00660,STU-00660,2025,Second_Term_Jan_Apr,178,4,0,7.4,,HIGH
GRD-00661,STU-00661,2023,Third_Term_May_Jul,42,1,0,88.2,2.2,LOW
GRD-00662,STU-00662,2025,First_Term_Sep_Dec,90,6,0,10.4,,HIGH
GRD-00663,STU-00663,2023,Third_Term_May_Jul,31,3,0,26.7,80.1,MEDIUM
GRD-00664,STU-00664,2023,First_Term_Sep_Dec,15,1,0,95.7,3.2,LOW
GRD-00665,STU-00665,2025,First_Term_Sep_Dec,12,0,0,86.2,2.4,LOW
GRD-00666,STU-00666,2025,Third_Term_May_Jul,17,1,0,26.0,80.1,LOW
GRD-00667,STU-00667,2025,Third_Term_May_Jul,0,1,1,28.5,53.8,LOW
GRD-00668,STU-00668,2025,First_Term_Sep_Dec,0,2,1,23.7,48.6,LOW
GRD-00669,STU-00669,2025,Second_Term_Jan_Apr,102,1,0,31.2,53.8,MEDIUM
GRD-00670,STU-00670,2025,Third_Term_May_Jul,17,0,0,27.6,0.4,LOW
GRD-00671,STU-00671,2023,Second_Term_Jan_Apr,0,3,0,27.7,107.9,MEDIUM
GRD-00672,STU-00672,2025,Second_Term_Jan_Apr,128,6,0,4.9,,HIGH
GRD-00673,STU-00673,2023,Second_Term_Jan_Apr,0,1,1,77.6,8.3,LOW
GRD-00674,STU-00674,2023,First_Term_Sep_Dec,3,0,0,28.3,53.4,LOW
GRD-00675,STU-00675,2023,First_Term_Sep_Dec,0,1,0,34.0,65.8,LOW
GRD-00676,STU-00676,2024,First_Term_Sep_Dec,12,0,0,34.6,,LOW
GRD-00677,STU-00677,2025,First_Term_Sep_Dec,20,0,0,100.0,4.9,LOW
GRD-00678,STU-00678,2024,Second_Term_Jan_Apr,50,2,0,78.7,3.2,LOW
GRD-00679,STU-00679,2024,Second_Term_Jan_Apr,41,1,0,82.1,6.2,LOW
GRD-00680,STU-00680,2024,Third_Term_May_Jul,18,2,0,20.5,77.5,LOW
GRD-00681,STU-00681,2024,Second_Term_Jan_Apr,90,4,0,0.0,,HIGH
GRD-00682,STU-00682,2023,Second_Term_Jan_Apr,14,0,0,30.7,,LOW
GRD-00683,STU-00683,2023,Second_Term_Jan_Apr,44,0,0,89.7,3.7,LOW
GRD-00684,STU-00684,2025,Third_Term_May_Jul,13,0,0,24.5,0.8,LOW
GRD-00685,STU-00685,2023,First_Term_Sep_Dec,20,0,0,27.9,0.8,LOW
GRD-00686,STU-00686,2024,Third_Term_May_Jul,24,0,0,33.2,59.2,LOW
GRD-00687,STU-00687,2025,Third_Term_May_Jul,32,0,0,96.0,4.6,LOW
GRD-00688,STU-00688,2025,First_Term_Sep_Dec,113,5,0,2.1,,HIGH
GRD-00689,STU-00689,2023,Second_Term_Jan_Apr,95,7,0,4.6,,HIGH
GRD-00690,STU-00690,2025,First_Term_Sep_Dec,38,1,0,24.7,68.1,MEDIUM
GRD-00691,STU-00691,2025,Second_Term_Jan_Apr,73,1,0,33.1,62.8,MEDIUM
GRD-00692,STU-00692,2023,Third_Term_May_Jul,19,0,0,25.9,0.8,LOW
GRD-00693,STU-00693,2023,Third_Term_May_Jul,30,0,0,89.5,4.0,LOW
GRD-00694,STU-00694,2023,Third_Term_May_Jul,130,3,0,2.5,,HIGH
GRD-00695,STU-00695,2025,First_Term_Sep_Dec,15,1,0,90.7,5.0,LOW
GRD-00696,STU-00696,2025,Third_Term_May_Jul,15,1,0,35.3,,MEDIUM
GRD-00697,STU-00697,2023,Second_Term_Jan_Apr,135,6,0,7.6,,HIGH
GRD-00698,STU-00698,2025,Second_Term_Jan_Apr,56,2,0,21.5,57.9,MEDIUM
GRD-00699,STU-00699,2024,Third_Term_May_Jul,23,0,0,88.7,3.4,LOW
GRD-00700,STU-00700,2025,First_Term_Sep_Dec,90,3,0,8.6,,HIGH
GRD-00701,STU-00701,2025,Second_Term_Jan_Apr,0,1,0,27.8,81.4,LOW
GRD-00702,STU-00702,2024,Third_Term_May_Jul,28,0,0,94.7,4.7,LOW
GRD-00703,STU-00703,2025,First_Term_Sep_Dec,83,2,0,23.5,71.9,MEDIUM
GRD-00704,STU-00704,2024,Second_Term_Jan_Apr,36,1,0,86.8,5.9,LOW
GRD-00705,STU-00705,2025,Third_Term_May_Jul,18,0,0,24.1,0.5,LOW
GRD-00706,STU-00706,2024,Third_Term_May_Jul,155,6,0,4.6,,HIGH
GRD-00707,STU-00707,2023,Second_Term_Jan_Apr,100,5,0,6.4,,HIGH
GRD-00708,STU-00708,2025,Third_Term_May_Jul,139,7,0,4.7,,HIGH
GRD-00709,STU-00709,2025,Third_Term_May_Jul,25,0,0,92.7,2.0,LOW
GRD-00710,STU-00710,2025,Third_Term_May_Jul,30,1,0,100.0,1.5,LOW
GRD-00711,STU-00711,2025,First_Term_Sep_Dec,16,0,0,29.7,,MEDIUM
GRD-00712,STU-00712,2024,First_Term_Sep_Dec,12,0,0,27.3,,LOW
GRD-00713,STU-00713,2023,First_Term_Sep_Dec,33,1,0,40.5,65.9,LOW
GRD-00714,STU-00714,2023,First_Term_Sep_Dec,16,1,0,85.5,2.8,LOW
GRD-00715,STU-00715,2023,Third_Term_May_Jul,34,0,0,89.6,2.3,LOW
GRD-00716,STU-00716,2025,First_Term_Sep_Dec,0,2,1,30.8,72.2,LOW
GRD-00717,STU-00717,2023,Third_Term_May_Jul,96,5,0,0.2,,HIGH
GRD-00718,STU-00718,2023,Third_Term_May_Jul,49,2,0,24.2,66.2,MEDIUM
GRD-00719,STU-00719,2024,First_Term_Sep_Dec,16,0,0,100.0,3.0,LOW
GRD-00720,STU-00720,2023,Second_Term_Jan_Apr,18,0,0,36.5,0.7,LOW
GRD-00721,STU-00721,2023,Second_Term_Jan_Apr,36,1,0,87.6,4.9,LOW
GRD-00722,STU-00722,2024,First_Term_Sep_Dec,0,2,1,22.5,74.3,LOW
GRD-00723,STU-00723,2023,Third_Term_May_Jul,48,1,0,31.3,65.7,MEDIUM
GRD-00724,STU-00724,2023,Third_Term_May_Jul,29,1,0,100.0,1.8,LOW
GRD-00725,STU-00725,2023,Third_Term_May_Jul,1,0,0,27.2,35.7,LOW
GRD-00726,STU-00726,2023,First_Term_Sep_Dec,0,2,0,26.9,77.2,LOW
GRD-00727,STU-00727,2024,Third_Term_May_Jul,23,0,0,37.3,0.5,LOW
GRD-00728,STU-00728,2024,Second_Term_Jan_Apr,60,1,0,37.1,66.0,MEDIUM
GRD-00729,STU-00729,2023,First_Term_Sep_Dec,23,0,0,93.0,1.3,LOW
GRD-00730,STU-00730,2023,Third_Term_May_Jul,31,0,0,100.0,6.6,LOW
GRD-00731,STU-00731,2024,Third_Term_May_Jul,23,2,0,25.0,68.5,LOW
GRD-00732,STU-00732,2024,Second_Term_Jan_Apr,48,1,0,22.4,76.6,MEDIUM
GRD-00733,STU-00733,2025,Third_Term_May_Jul,213,5,0,3.8,,HIGH
GRD-00734,STU-00734,2024,Third_Term_May_Jul,0,2,1,31.7,57.9,LOW
GRD-00735,STU-00735,2024,Second_Term_Jan_Apr,34,0,0,84.1,2.9,LOW
GRD-00736,STU-00736,2025,Third_Term_May_Jul,0,1,1,23.6,62.0,LOW
GRD-00737,STU-00737,2023,First_Term_Sep_Dec,18,1,0,96.8,2.4,LOW
GRD-00738,STU-00738,2024,Second_Term_Jan_Apr,27,0,0,80.6,3.4,LOW
GRD-00739,STU-00739,2025,First_Term_Sep_Dec,98,3,0,6.8,,HIGH
GRD-00740,STU-00740,2025,Second_Term_Jan_Apr,56,1,0,17.7,79.9,MEDIUM
GRD-00741,STU-00741,2024,First_Term_Sep_Dec,109,3,0,2.9,,HIGH
GRD-00742,STU-00742,2025,First_Term_Sep_Dec,13,1,0,90.1,4.5,LOW
GRD-00743,STU-00743,2025,First_Term_Sep_Dec,15,2,0,21.2,69.6,LOW
GRD-00744,STU-00744,2023,First_Term_Sep_Dec,26,2,0,22.3,63.7,LOW
GRD-00745,STU-00745,2023,First_Term_Sep_Dec,13,0,0,22.9,0.5,LOW
GRD-00746,STU-00746,2025,Third_Term_May_Jul,135,3,0,4.4,,HIGH
GRD-00747,STU-00747,2023,Second_Term_Jan_Apr,0,1,0,21.5,93.9,LOW
GRD-00748,STU-00748,2025,Third_Term_May_Jul,61,1,0,36.0,43.5,MEDIUM
GRD-00749,STU-00749,2025,Third_Term_May_Jul,17,0,0,29.8,76.0,LOW
GRD-00750,STU-00750,2023,Second_Term_Jan_Apr,203,5,0,1.7,,HIGH
GRD-00751,STU-00751,2025,Second_Term_Jan_Apr,0,0,1,13.0,95.0,LOW
GRD-00752,STU-00752,2025,First_Term_Sep_Dec,15,1,0,92.8,4.4,LOW
GRD-00753,STU-00753,2023,Second_Term_Jan_Apr,6,3,0,16.6,46.4,MEDIUM
GRD-00754,STU-00754,2023,Third_Term_May_Jul,92,4,0,7.2,,HIGH
GRD-00755,STU-00755,2023,Second_Term_Jan_Apr,28,1,0,27.0,52.1,LOW
GRD-00756,STU-00756,2023,First_Term_Sep_Dec,0,1,1,30.0,43.9,LOW
GRD-00757,STU-00757,2023,Second_Term_Jan_Apr,32,2,0,36.5,75.5,MEDIUM
GRD-00758,STU-00758,2024,Third_Term_May_Jul,17,0,0,23.6,,MEDIUM
GRD-00759,STU-00759,2024,Third_Term_May_Jul,10,1,0,25.6,69.3,LOW
GRD-00760,STU-00760,2025,First_Term_Sep_Dec,116,3,0,8.4,,HIGH
GRD-00761,STU-00761,2023,First_Term_Sep_Dec,36,2,0,21.3,78.3,MEDIUM
GRD-00762,STU-00762,2024,Third_Term_May_Jul,118,5,0,4.3,,HIGH
GRD-00763,STU-00763,2025,Third_Term_May_Jul,32,2,0,28.6,72.3,MEDIUM
GRD-00764,STU-00764,2024,Third_Term_May_Jul,16,1,0,35.8,,MEDIUM
GRD-00765,STU-00765,2023,Second_Term_Jan_Apr,20,0,0,35.3,,MEDIUM
GRD-00766,STU-00766,2025,First_Term_Sep_Dec,90,5,0,1.6,,HIGH
GRD-00767,STU-00767,2024,Third_Term_May_Jul,18,2,0,27.6,83.6,LOW
GRD-00768,STU-00768,2023,Third_Term_May_Jul,29,1,0,93.3,2.4,LOW
GRD-00769,STU-00769,2023,Third_Term_May_Jul,141,5,0,5.0,,HIGH
GRD-00770,STU-00770,2024,Second_Term_Jan_Apr,81,2,0,33.6,91.7,MEDIUM
GRD-00771,STU-00771,2025,Second_Term_Jan_Apr,42,0,0,87.2,3.5,LOW
GRD-00772,STU-00772,2024,First_Term_Sep_Dec,13,1,0,79.3,2.5,LOW
GRD-00773,STU-00773,2025,First_Term_Sep_Dec,14,0,0,18.6,90.8,LOW
GRD-00774,STU-00774,2023,Second_Term_Jan_Apr,113,3,0,5.4,,HIGH
GRD-00775,STU-00775,2024,First_Term_Sep_Dec,14,0,0,35.9,,LOW
GRD-00776,STU-00776,2023,Third_Term_May_Jul,18,1,0,30.5,65.8,LOW
GRD-00777,STU-00777,2024,Third_Term_May_Jul,23,0,0,38.4,,MEDIUM
GRD-00778,STU-00778,2024,First_Term_Sep_Dec,0,1,1,24.3,45.4,LOW
GRD-00779,STU-00779,2025,First_Term_Sep_Dec,11,1,0,91.8,3.8,LOW
GRD-00780,STU-00780,2024,Second_Term_Jan_Apr,2,1,0,27.2,75.4,LOW
GRD-00781,STU-00781,2023,Third_Term_May_Jul,101,4,0,1.4,,HIGH
GRD-00782,STU-00782,2024,Second_Term_Jan_Apr,104,1,0,32.6,84.9,MEDIUM
GRD-00783,STU-00783,2024,Third_Term_May_Jul,0,0,1,93.2,2.6,LOW
GRD-00784,STU-00784,2023,Third_Term_May_Jul,145,2,0,4.5,,HIGH
GRD-00785,STU-00785,2023,Third_Term_May_Jul,47,2,0,23.7,65.7,MEDIUM
GRD-00786,STU-00786,2025,First_Term_Sep_Dec,22,1,0,90.4,3.7,LOW
GRD-00787,STU-00787,2024,First_Term_Sep_Dec,20,0,0,88.9,3.1,LOW
GRD-00788,STU-00788,2025,First_Term_Sep_Dec,0,0,1,94.1,2.7,LOW
GRD-00789,STU-00789,2023,Second_Term_Jan_Apr,13,0,0,24.2,0.2,LOW
GRD-00790,STU-00790,2025,Second_Term_Jan_Apr,37,1,0,80.3,3.4,LOW
GRD-00791,STU-00791,2024,First_Term_Sep_Dec,19,0,0,28.1,0.8,LOW
GRD-00792,STU-00792,2025,Second_Term_Jan_Apr,111,4,0,3.3,,HIGH
GRD-00793,STU-00793,2025,First_Term_Sep_Dec,105,3,0,8.0,,HIGH
GRD-00794,STU-00794,2025,Third_Term_May_Jul,17,0,0,31.6,0.3,LOW
GRD-00795,STU-00795,2023,First_Term_Sep_Dec,6,1,0,15.5,46.3,LOW
GRD-00796,STU-00796,2024,First_Term_Sep_Dec,90,4,0,7.0,,HIGH
GRD-00797,STU-00797,2023,Second_Term_Jan_Apr,38,1,0,83.9,9.9,LOW
GRD-00798,STU-00798,2025,Second_Term_Jan_Apr,31,0,0,77.9,5.8,LOW
GRD-00799,STU-00799,2025,Third_Term_May_Jul,24,0,0,97.5,5.3,LOW
GRD-00800,STU-00800,2025,First_Term_Sep_Dec,15,0,0,33.1,,MEDIUM
GRD-00801,STU-00801,2024,First_Term_Sep_Dec,97,2,0,30.3,46.4,MEDIUM
GRD-00802,STU-00802,2023,Second_Term_Jan_Apr,31,1,0,77.2,5.4,LOW
GRD-00803,STU-00803,2023,Third_Term_May_Jul,100,7,0,4.3,,HIGH
GRD-00804,STU-00804,2024,Third_Term_May_Jul,25,0,0,99.6,2.2,LOW
GRD-00805,STU-00805,2023,Third_Term_May_Jul,17,1,0,90.1,4.9,LOW
GRD-00806,STU-00806,2025,Second_Term_Jan_Apr,40,1,0,79.0,3.8,LOW
GRD-00807,STU-00807,2023,Third_Term_May_Jul,14,0,0,27.6,,LOW
GRD-00808,STU-00808,2024,Third_Term_May_Jul,112,4,0,6.6,,HIGH
GRD-00809,STU-00809,2023,Third_Term_May_Jul,17,0,0,35.2,,MEDIUM
GRD-00810,STU-00810,2025,Second_Term_Jan_Apr,48,1,0,22.1,75.2,MEDIUM
GRD-00811,STU-00811,2025,Third_Term_May_Jul,23,1,0,30.5,64.2,LOW
GRD-00812,STU-00812,2023,First_Term_Sep_Dec,16,1,0,93.3,1.3,LOW
GRD-00813,STU-00813,2024,Second_Term_Jan_Apr,3,1,0,12.8,50.9,LOW
GRD-00814,STU-00814,2025,First_Term_Sep_Dec,24,0,0,20.0,,MEDIUM
GRD-00815,STU-00815,2023,Third_Term_May_Jul,17,0,0,36.0,,MEDIUM
GRD-00816,STU-00816,2024,Third_Term_May_Jul,156,5,0,3.5,,HIGH
GRD-00817,STU-00817,2025,Second_Term_Jan_Apr,116,6,0,0.0,,HIGH
GRD-00818,STU-00818,2025,First_Term_Sep_Dec,0,0,1,26.2,99.7,LOW
GRD-00819,STU-00819,2024,First_Term_Sep_Dec,90,3,0,7.4,,HIGH
GRD-00820,STU-00820,2025,Third_Term_May_Jul,20,0,0,24.5,,MEDIUM
GRD-00821,STU-00821,2024,First_Term_Sep_Dec,90,3,0,7.8,,HIGH
GRD-00822,STU-00822,2023,Third_Term_May_Jul,144,5,0,5.2,,HIGH
GRD-00823,STU-00823,2025,Third_Term_May_Jul,27,0,0,97.8,1.2,LOW
GRD-00824,STU-00824,2025,Second_Term_Jan_Apr,92,3,0,5.5,,HIGH
GRD-00825,STU-00825,2025,First_Term_Sep_Dec,19,1,0,26.1,73.9,LOW
GRD-00826,STU-00826,2023,Third_Term_May_Jul,41,2,0,40.5,74.0,LOW
GRD-00827,STU-00827,2024,First_Term_Sep_Dec,64,1,0,24.8,105.6,MEDIUM
GRD-00828,STU-00828,2023,Second_Term_Jan_Apr,27,0,0,80.4,6.3,LOW
GRD-00829,STU-00829,2023,Second_Term_Jan_Apr,37,2,0,77.6,3.6,LOW
GRD-00830,STU-00830,2023,Second_Term_Jan_Apr,45,1,0,79.4,5.2,LOW
GRD-00831,STU-00831,2024,Second_Term_Jan_Apr,35,0,0,75.8,4.7,LOW
GRD-00832,STU-00832,2023,First_Term_Sep_Dec,10,1,0,26.1,42.4,LOW
GRD-00833,STU-00833,2025,Third_Term_May_Jul,163,7,0,7.1,,HIGH
GRD-00834,STU-00834,2024,Third_Term_May_Jul,22,0,0,22.8,0.1,LOW
GRD-00835,STU-00835,2024,Second_Term_Jan_Apr,0,1,1,17.3,76.2,LOW
GRD-00836,STU-00836,2024,Third_Term_May_Jul,126,6,0,1.6,,HIGH
GRD-00837,STU-00837,2023,Second_Term_Jan_Apr,28,0,0,83.5,4.7,LOW
GRD-00838,STU-00838,2024,Second_Term_Jan_Apr,52,2,0,25.7,68.4,MEDIUM
GRD-00839,STU-00839,2023,Second_Term_Jan_Apr,30,0,0,76.3,2.6,LOW
GRD-00840,STU-00840,2023,Second_Term_Jan_Apr,17,0,0,32.7,,MEDIUM
GRD-00841,STU-00841,2023,First_Term_Sep_Dec,10,0,0,92.6,4.5,LOW
GRD-00842,STU-00842,2025,First_Term_Sep_Dec,34,2,0,24.8,50.5,MEDIUM
GRD-00843,STU-00843,2025,Second_Term_Jan_Apr,38,1,0,89.0,6.8,LOW
GRD-00844,STU-00844,2025,Third_Term_May_Jul,36,2,0,37.4,49.4,MEDIUM
GRD-00845,STU-00845,2025,Second_Term_Jan_Apr,12,0,0,13.0,80.4,LOW
GRD-00846,STU-00846,2025,First_Term_Sep_Dec,0,1,1,88.3,1.2,LOW
GRD-00847,STU-00847,2025,Third_Term_May_Jul,30,0,0,93.8,0.9,LOW
GRD-00848,STU-00848,2023,Second_Term_Jan_Apr,88,1,0,20.4,66.4,MEDIUM
GRD-00849,STU-00849,2024,Second_Term_Jan_Apr,168,2,0,4.3,,HIGH
GRD-00850,STU-00850,2025,Second_Term_Jan_Apr,92,1,0,29.1,77.0,MEDIUM
GRD-00851,STU-00851,2024,First_Term_Sep_Dec,12,0,0,83.3,2.7,LOW
GRD-00852,STU-00852,2024,First_Term_Sep_Dec,37,1,0,28.1,60.5,MEDIUM
GRD-00853,STU-00853,2025,First_Term_Sep_Dec,1,3,0,25.8,37.0,MEDIUM
GRD-00854,STU-00854,2024,Third_Term_May_Jul,17,0,0,31.8,,MEDIUM
GRD-00855,STU-00855,2025,First_Term_Sep_Dec,22,0,0,95.3,5.4,LOW
GRD-00856,STU-00856,2023,Second_Term_Jan_Apr,27,2,0,30.2,83.8,LOW
GRD-00857,STU-00857,2025,Third_Term_May_Jul,1,1,0,32.0,74.1,LOW
GRD-00858,STU-00858,2025,Third_Term_May_Jul,51,1,0,23.1,49.4,MEDIUM
GRD-00859,STU-00859,2023,Second_Term_Jan_Apr,26,1,0,38.2,53.1,LOW
GRD-00860,STU-00860,2024,Third_Term_May_Jul,21,1,0,33.8,43.8,LOW
GRD-00861,STU-00861,2023,Third_Term_May_Jul,130,2,0,2.0,,HIGH
GRD-00862,STU-00862,2024,Third_Term_May_Jul,131,6,0,0.9,,HIGH
GRD-00863,STU-00863,2024,Third_Term_May_Jul,15,0,0,33.0,,MEDIUM
GRD-00864,STU-00864,2024,Third_Term_May_Jul,16,0,0,93.2,4.2,LOW
GRD-00865,STU-00865,2025,First_Term_Sep_Dec,20,1,0,97.3,3.8,LOW
GRD-00866,STU-00866,2023,Third_Term_May_Jul,26,1,0,95.9,3.3,LOW
GRD-00867,STU-00867,2023,Second_Term_Jan_Apr,16,0,0,30.9,,MEDIUM
GRD-00868,STU-00868,2023,First_Term_Sep_Dec,17,0,0,28.8,0.8,LOW
GRD-00869,STU-00869,2023,First_Term_Sep_Dec,0,3,1,20.9,81.3,LOW
GRD-00870,STU-00870,2024,First_Term_Sep_Dec,19,0,0,86.2,3.6,LOW
GRD-00871,STU-00871,2024,Third_Term_May_Jul,39,1,0,28.3,34.5,MEDIUM
GRD-00872,STU-00872,2024,Third_Term_May_Jul,18,1,0,90.3,4.7,LOW
GRD-00873,STU-00873,2025,First_Term_Sep_Dec,90,2,0,3.5,,HIGH
GRD-00874,STU-00874,2023,Third_Term_May_Jul,16,1,0,30.7,,MEDIUM
GRD-00875,STU-00875,2023,Second_Term_Jan_Apr,42,1,0,81.3,4.2,LOW
GRD-00876,STU-00876,2023,Second_Term_Jan_Apr,43,0,0,82.6,7.2,LOW
GRD-00877,STU-00877,2023,First_Term_Sep_Dec,12,1,0,86.2,4.3,LOW
GRD-00878,STU-00878,2023,Second_Term_Jan_Apr,103,4,0,6.7,,HIGH
GRD-00879,STU-00879,2025,Second_Term_Jan_Apr,37,0,0,73.1,9.0,LOW
GRD-00880,STU-00880,2024,Second_Term_Jan_Apr,52,2,0,28.1,70.1,MEDIUM
GRD-00881,STU-00881,2024,Second_Term_Jan_Apr,37,1,0,86.3,4.1,LOW
GRD-00882,STU-00882,2024,First_Term_Sep_Dec,12,1,0,86.8,4.6,LOW
GRD-00883,STU-00883,2023,Third_Term_May_Jul,30,1,0,84.8,2.3,LOW
GRD-00884,STU-00884,2024,First_Term_Sep_Dec,2,0,0,14.5,69.0,LOW
GRD-00885,STU-00885,2025,Third_Term_May_Jul,31,3,0,28.1,47.7,MEDIUM
GRD-00886,STU-00886,2024,Second_Term_Jan_Apr,18,0,0,35.6,,MEDIUM
GRD-00887,STU-00887,2023,First_Term_Sep_Dec,90,4,0,3.6,,HIGH
GRD-00888,STU-00888,2025,First_Term_Sep_Dec,71,2,0,30.0,33.0,MEDIUM
GRD-00889,STU-00889,2025,First_Term_Sep_Dec,16,2,0,35.9,41.8,LOW
GRD-00890,STU-00890,2025,Third_Term_May_Jul,22,0,0,31.1,,MEDIUM
GRD-00891,STU-00891,2024,Third_Term_May_Jul,169,1,0,6.3,,HIGH
GRD-00892,STU-00892,2024,Third_Term_May_Jul,0,1,1,32.9,86.9,LOW
GRD-00893,STU-00893,2023,First_Term_Sep_Dec,1,2,0,18.4,69.0,LOW
GRD-00894,STU-00894,2025,Third_Term_May_Jul,74,1,0,22.2,69.0,MEDIUM
GRD-00895,STU-00895,2025,First_Term_Sep_Dec,109,3,0,3.7,,HIGH
GRD-00896,STU-00896,2024,Third_Term_May_Jul,11,0,0,23.6,0.5,LOW
GRD-00897,STU-00897,2023,Third_Term_May_Jul,0,2,1,21.2,42.5,LOW
GRD-00898,STU-00898,2025,Third_Term_May_Jul,21,1,0,13.5,50.3,LOW
GRD-00899,STU-00899,2025,Third_Term_May_Jul,5,2,0,33.9,62.2,LOW
GRD-00900,STU-00900,2024,Second_Term_Jan_Apr,55,1,0,38.1,64.3,MEDIUM
GRD-00901,STU-00901,2025,Second_Term_Jan_Apr,105,4,0,0.1,,HIGH
GRD-00902,STU-00902,2023,Third_Term_May_Jul,20,0,0,22.8,,MEDIUM
GRD-00903,STU-00903,2024,First_Term_Sep_Dec,0,3,1,30.8,55.6,LOW
GRD-00904,STU-00904,2024,Third_Term_May_Jul,32,1,0,91.2,4.3,LOW
GRD-00905,STU-00905,2023,Second_Term_Jan_Apr,90,6,0,5.9,,HIGH
GRD-00906,STU-00906,2025,First_Term_Sep_Dec,36,1,0,22.6,43.5,MEDIUM
GRD-00907,STU-00907,2024,Second_Term_Jan_Apr,38,0,0,79.1,6.8,LOW
GRD-00908,STU-00908,2025,Third_Term_May_Jul,26,1,0,91.0,4.6,LOW
GRD-00909,STU-00909,2023,Third_Term_May_Jul,26,1,0,100.0,3.5,LOW
GRD-00910,STU-00910,2025,Second_Term_Jan_Apr,0,1,0,26.7,98.7,LOW
GRD-00911,STU-00911,2024,Second_Term_Jan_Apr,20,1,0,27.2,84.1,LOW
GRD-00912,STU-00912,2025,Third_Term_May_Jul,28,0,0,99.7,2.6,LOW
GRD-00913,STU-00913,2024,First_Term_Sep_Dec,75,2,0,28.9,36.2,MEDIUM
GRD-00914,STU-00914,2024,Third_Term_May_Jul,27,1,0,89.6,5.5,LOW
GRD-00915,STU-00915,2023,First_Term_Sep_Dec,11,0,0,92.8,3.8,LOW
GRD-00916,STU-00916,2024,Second_Term_Jan_Apr,30,2,0,80.8,4.1,LOW
GRD-00917,STU-00917,2025,First_Term_Sep_Dec,20,0,0,97.9,4.3,LOW
GRD-00918,STU-00918,2025,First_Term_Sep_Dec,14,0,0,90.4,3.2,LOW
GRD-00919,STU-00919,2025,Second_Term_Jan_Apr,7,1,0,25.7,55.0,LOW
GRD-00920,STU-00920,2025,First_Term_Sep_Dec,16,0,0,29.0,0.5,LOW
GRD-00921,STU-00921,2024,Third_Term_May_Jul,210,7,0,3.6,,HIGH
GRD-00922,STU-00922,2024,Second_Term_Jan_Apr,0,0,1,25.3,124.8,LOW
GRD-00923,STU-00923,2023,First_Term_Sep_Dec,28,1,0,13.5,56.7,LOW
GRD-00924,STU-00924,2025,Second_Term_Jan_Apr,19,0,0,30.1,,MEDIUM
GRD-00925,STU-00925,2024,Second_Term_Jan_Apr,14,0,0,29.9,0.7,LOW
GRD-00926,STU-00926,2023,First_Term_Sep_Dec,15,0,0,97.9,2.8,LOW
GRD-00927,STU-00927,2025,First_Term_Sep_Dec,0,2,1,23.5,57.2,LOW
GRD-00928,STU-00928,2023,First_Term_Sep_Dec,14,0,0,31.4,,LOW
GRD-00929,STU-00929,2024,Third_Term_May_Jul,25,1,0,99.3,4.5,LOW
GRD-00930,STU-00930,2025,Third_Term_May_Jul,16,0,0,30.2,,MEDIUM
GRD-00931,STU-00931,2024,First_Term_Sep_Dec,0,1,1,100.0,3.4,LOW
GRD-00932,STU-00932,2023,Second_Term_Jan_Apr,25,0,0,27.5,0.3,LOW
GRD-00933,STU-00933,2025,First_Term_Sep_Dec,151,4,0,7.3,,HIGH
GRD-00934,STU-00934,2023,Third_Term_May_Jul,25,0,0,95.5,3.7,LOW
GRD-00935,STU-00935,2024,Third_Term_May_Jul,27,1,0,97.3,0.9,LOW
GRD-00936,STU-00936,2024,Second_Term_Jan_Apr,36,0,0,77.3,5.2,LOW
GRD-00937,STU-00937,2025,First_Term_Sep_Dec,20,0,0,94.8,4.3,LOW
GRD-00938,STU-00938,2025,Second_Term_Jan_Apr,135,5,0,4.3,,HIGH
GRD-00939,STU-00939,2023,First_Term_Sep_Dec,15,0,0,36.0,0.6,LOW
GRD-00940,STU-00940,2024,Second_Term_Jan_Apr,25,1,0,23.2,57.8,LOW
GRD-00941,STU-00941,2025,Second_Term_Jan_Apr,37,0,0,76.2,4.0,LOW
GRD-00942,STU-00942,2024,Second_Term_Jan_Apr,131,4,0,4.9,,HIGH
GRD-00943,STU-00943,2023,Second_Term_Jan_Apr,34,1,0,70.3,4.5,LOW
GRD-00944,STU-00944,2024,Third_Term_May_Jul,23,0,0,95.1,5.7,LOW
GRD-00945,STU-00945,2023,First_Term_Sep_Dec,15,0,0,91.4,3.7,LOW
GRD-00946,STU-00946,2025,First_Term_Sep_Dec,98,2,0,11.1,,HIGH
GRD-00947,STU-00947,2025,Second_Term_Jan_Apr,12,0,0,34.5,0.4,LOW
GRD-00948,STU-00948,2025,Third_Term_May_Jul,26,1,0,90.4,4.7,LOW
GRD-00949,STU-00949,2025,First_Term_Sep_Dec,62,2,0,18.9,42.3,MEDIUM
GRD-00950,STU-00950,2025,Second_Term_Jan_Apr,17,0,0,25.5,,MEDIUM
GRD-00951,STU-00951,2023,First_Term_Sep_Dec,94,1,0,0.6,,HIGH
GRD-00952,STU-00952,2023,First_Term_Sep_Dec,10,0,0,24.2,0.7,LOW
GRD-00953,STU-00953,2025,Second_Term_Jan_Apr,53,2,0,16.6,63.2,MEDIUM
GRD-00954,STU-00954,2025,First_Term_Sep_Dec,90,6,0,9.5,,HIGH
GRD-00955,STU-00955,2023,Second_Term_Jan_Apr,22,0,0,31.7,0.3,LOW
GRD-00956,STU-00956,2024,Third_Term_May_Jul,132,7,0,5.4,,HIGH
GRD-00957,STU-00957,2025,First_Term_Sep_Dec,0,1,1,24.3,43.8,LOW
GRD-00958,STU-00958,2025,Second_Term_Jan_Apr,44,0,0,87.5,5.0,LOW
GRD-00959,STU-00959,2025,First_Term_Sep_Dec,0,1,1,33.3,70.7,LOW
GRD-00960,STU-00960,2024,Third_Term_May_Jul,30,1,0,27.7,64.5,LOW
GRD-00961,STU-00961,2025,Third_Term_May_Jul,0,0,1,21.4,52.4,LOW
GRD-00962,STU-00962,2024,Second_Term_Jan_Apr,31,1,0,79.9,5.3,LOW
GRD-00963,STU-00963,2025,Third_Term_May_Jul,41,1,0,30.4,66.5,MEDIUM
GRD-00964,STU-00964,2023,Third_Term_May_Jul,37,0,0,95.1,4.2,LOW
GRD-00965,STU-00965,2025,Third_Term_May_Jul,56,1,0,26.0,50.2,MEDIUM
GRD-00966,STU-00966,2024,Third_Term_May_Jul,23,1,0,31.7,52.4,LOW
GRD-00967,STU-00967,2024,Third_Term_May_Jul,21,0,0,35.2,,MEDIUM
GRD-00968,STU-00968,2025,Third_Term_May_Jul,13,0,0,26.2,,LOW
GRD-00969,STU-00969,2025,First_Term_Sep_Dec,25,1,0,40.5,54.5,LOW
GRD-00970,STU-00970,2023,Second_Term_Jan_Apr,43,1,0,85.9,3.8,LOW
GRD-00971,STU-00971,2025,Second_Term_Jan_Apr,122,5,0,8.3,,HIGH
GRD-00972,STU-00972,2025,Second_Term_Jan_Apr,131,4,0,7.6,,HIGH
GRD-00973,STU-00973,2025,First_Term_Sep_Dec,15,1,0,95.0,2.7,LOW
GRD-00974,STU-00974,2024,Third_Term_May_Jul,24,0,0,90.0,2.5,LOW
GRD-00975,STU-00975,2025,Second_Term_Jan_Apr,29,1,0,72.1,6.7,LOW
GRD-00976,STU-00976,2025,First_Term_Sep_Dec,37,1,0,17.3,66.6,MEDIUM
GRD-00977,STU-00977,2025,First_Term_Sep_Dec,0,2,1,34.3,41.9,LOW
GRD-00978,STU-00978,2024,Third_Term_May_Jul,177,4,0,2.5,,HIGH
GRD-00979,STU-00979,2024,Third_Term_May_Jul,25,1,0,84.8,4.9,LOW
GRD-00980,STU-00980,2025,Second_Term_Jan_Apr,35,1,0,82.9,4.2,LOW
GRD-00981,STU-00981,2023,Third_Term_May_Jul,111,4,0,5.1,,HIGH
GRD-00982,STU-00982,2025,Second_Term_Jan_Apr,18,0,0,26.1,,MEDIUM
GRD-00983,STU-00983,2025,Third_Term_May_Jul,16,0,0,34.4,,MEDIUM
GRD-00984,STU-00984,2025,Third_Term_May_Jul,0,0,1,17.9,65.5,LOW
GRD-00985,STU-00985,2023,Second_Term_Jan_Apr,90,4,0,0.6,,HIGH
GRD-00986,STU-00986,2024,Third_Term_May_Jul,15,0,0,20.7,0.6,LOW
GRD-00987,STU-00987,2024,Second_Term_Jan_Apr,43,0,0,83.0,7.3,LOW
GRD-00988,STU-00988,2025,First_Term_Sep_Dec,22,0,0,37.1,0.8,LOW
GRD-00989,STU-00989,2024,Third_Term_May_Jul,10,0,0,25.9,,LOW
GRD-00990,STU-00990,2024,Third_Term_May_Jul,26,1,0,40.5,46.9,LOW
GRD-00991,STU-00991,2025,Second_Term_Jan_Apr,0,2,1,20.0,73.7,LOW
GRD-00992,STU-00992,2023,Third_Term_May_Jul,19,1,0,22.3,55.3,LOW
GRD-00993,STU-00993,2025,First_Term_Sep_Dec,53,1,0,25.3,65.2,MEDIUM
GRD-00994,STU-00994,2024,Third_Term_May_Jul,0,0,1,94.8,4.6,LOW
GRD-00995,STU-00995,2024,Second_Term_Jan_Apr,66,0,0,77.8,2.1,LOW
GRD-00996,STU-00996,2023,Second_Term_Jan_Apr,33,0,0,25.6,76.5,LOW
GRD-00997,STU-00997,2025,Second_Term_Jan_Apr,180,3,0,4.7,,HIGH
GRD-00998,STU-00998,2024,Second_Term_Jan_Apr,161,5,0,2.2,,HIGH
GRD-00999,STU-00999,2025,Second_Term_Jan_Apr,16,0,0,31.5,,MEDIUM
GRD-01000,STU-01000,2024,Second_Term_Jan_Apr,25,0,0,28.6,0.5,LOW
GRD-01001,STU-01001,2024,First_Term_Sep_Dec,39,2,0,20.8,41.3,MEDIUM
GRD-01002,STU-01002,2025,First_Term_Sep_Dec,11,0,0,94.5,4.2,LOW
GRD-01003,STU-01003,2025,First_Term_Sep_Dec,63,2,0,27.0,57.3,MEDIUM
GRD-01004,STU-01004,2023,Second_Term_Jan_Apr,41,1,0,77.2,1.2,LOW
GRD-01005,STU-01005,2025,First_Term_Sep_Dec,73,1,0,13.5,56.8,MEDIUM
GRD-01006,STU-01006,2025,First_Term_Sep_Dec,16,0,0,28.7,,MEDIUM
GRD-01007,STU-01007,2023,First_Term_Sep_Dec,31,2,0,37.7,69.3,MEDIUM
GRD-01008,STU-01008,2023,Third_Term_May_Jul,17,0,0,35.1,,MEDIUM
GRD-01009,STU-01009,2024,Third_Term_May_Jul,37,0,0,91.4,1.6,LOW
GRD-01010,STU-01010,2023,Third_Term_May_Jul,118,5,0,0.0,,HIGH
GRD-01011,STU-01011,2025,Second_Term_Jan_Apr,30,1,0,32.6,59.4,LOW
GRD-01012,STU-01012,2024,Third_Term_May_Jul,17,0,0,30.3,0.4,LOW
GRD-01013,STU-01013,2024,Second_Term_Jan_Apr,50,0,0,75.1,3.8,LOW
GRD-01014,STU-01014,2023,Second_Term_Jan_Apr,13,0,0,32.1,0.1,LOW
GRD-01015,STU-01015,2023,First_Term_Sep_Dec,90,5,0,2.4,,HIGH
GRD-01016,STU-01016,2025,Third_Term_May_Jul,115,7,0,4.3,,HIGH
GRD-01017,STU-01017,2024,Third_Term_May_Jul,5,1,0,37.4,64.4,LOW
GRD-01018,STU-01018,2025,Second_Term_Jan_Apr,90,5,0,7.1,,HIGH
GRD-01019,STU-01019,2025,First_Term_Sep_Dec,90,5,0,4.5,,HIGH
GRD-01020,STU-01020,2025,First_Term_Sep_Dec,21,0,0,35.5,,MEDIUM
GRD-01021,STU-01021,2025,Third_Term_May_Jul,20,2,0,19.4,56.9,LOW
GRD-01022,STU-01022,2024,First_Term_Sep_Dec,105,7,0,7.8,,HIGH
GRD-01023,STU-01023,2025,Third_Term_May_Jul,19,1,0,87.8,4.0,LOW
GRD-01024,STU-01024,2024,Second_Term_Jan_Apr,2,1,0,33.2,64.6,LOW
GRD-01025,STU-01025,2025,Second_Term_Jan_Apr,117,4,0,5.7,,HIGH
GRD-01026,STU-01026,2024,Third_Term_May_Jul,39,1,0,89.7,3.3,LOW
GRD-01027,STU-01027,2025,First_Term_Sep_Dec,31,1,0,15.9,54.3,MEDIUM
GRD-01028,STU-01028,2025,Third_Term_May_Jul,26,0,0,93.3,5.6,LOW
GRD-01029,STU-01029,2025,First_Term_Sep_Dec,21,1,0,20.3,61.1,LOW
GRD-01030,STU-01030,2023,Second_Term_Jan_Apr,36,0,0,75.8,3.0,LOW
GRD-01031,STU-01031,2023,Second_Term_Jan_Apr,150,7,0,5.9,,HIGH
GRD-01032,STU-01032,2023,Second_Term_Jan_Apr,23,0,0,36.6,0.2,LOW
GRD-01033,STU-01033,2024,First_Term_Sep_Dec,100,3,0,1.1,,HIGH
GRD-01034,STU-01034,2025,First_Term_Sep_Dec,43,2,0,17.1,49.3,MEDIUM
GRD-01035,STU-01035,2025,Second_Term_Jan_Apr,47,1,0,75.4,3.5,LOW
GRD-01036,STU-01036,2025,Second_Term_Jan_Apr,18,0,0,26.5,,MEDIUM
GRD-01037,STU-01037,2024,Third_Term_May_Jul,17,0,0,20.0,,MEDIUM
GRD-01038,STU-01038,2025,First_Term_Sep_Dec,0,0,1,26.5,0.7,LOW
GRD-01039,STU-01039,2025,Second_Term_Jan_Apr,21,0,0,37.4,0.4,LOW
GRD-01040,STU-01040,2025,Third_Term_May_Jul,31,0,0,91.7,5.1,LOW
GRD-01041,STU-01041,2024,First_Term_Sep_Dec,15,0,0,30.5,,MEDIUM
GRD-01042,STU-01042,2025,First_Term_Sep_Dec,16,0,0,35.2,,MEDIUM
GRD-01043,STU-01043,2023,Second_Term_Jan_Apr,0,2,0,28.8,70.7,LOW
GRD-01044,STU-01044,2023,Second_Term_Jan_Apr,45,0,0,83.2,6.5,LOW
GRD-01045,STU-01045,2023,First_Term_Sep_Dec,4,0,0,26.5,75.0,LOW
GRD-01046,STU-01046,2023,Second_Term_Jan_Apr,19,0,0,29.1,0.4,LOW
GRD-01047,STU-01047,2025,Second_Term_Jan_Apr,90,4,0,6.2,,HIGH
GRD-01048,STU-01048,2025,Third_Term_May_Jul,144,3,0,2.5,,HIGH
GRD-01049,STU-01049,2023,Third_Term_May_Jul,25,1,0,21.4,55.9,LOW
GRD-01050,STU-01050,2024,Third_Term_May_Jul,35,1,0,93.3,6.9,LOW
GRD-01051,STU-01051,2024,Second_Term_Jan_Apr,18,0,0,32.7,0.6,LOW
GRD-01052,STU-01052,2023,First_Term_Sep_Dec,76,1,0,27.8,77.5,MEDIUM
GRD-01053,STU-01053,2025,Second_Term_Jan_Apr,20,1,0,22.4,109.8,LOW
GRD-01054,STU-01054,2025,First_Term_Sep_Dec,15,0,0,34.4,,MEDIUM
GRD-01055,STU-01055,2024,First_Term_Sep_Dec,27,0,0,23.1,0.1,LOW
GRD-01056,STU-01056,2023,First_Term_Sep_Dec,6,2,0,25.4,59.8,LOW
GRD-01057,STU-01057,2024,Second_Term_Jan_Apr,50,0,0,81.2,1.8,LOW
GRD-01058,STU-01058,2024,Second_Term_Jan_Apr,15,0,0,40.0,0.3,LOW
GRD-01059,STU-01059,2023,First_Term_Sep_Dec,72,1,0,26.9,72.4,MEDIUM
GRD-01060,STU-01060,2023,Third_Term_May_Jul,17,0,0,99.1,2.3,LOW
GRD-01061,STU-01061,2025,First_Term_Sep_Dec,44,1,0,25.6,65.4,MEDIUM
GRD-01062,STU-01062,2023,First_Term_Sep_Dec,24,0,0,29.6,0.2,LOW
GRD-01063,STU-01063,2024,First_Term_Sep_Dec,98,1,0,10.4,,HIGH
GRD-01064,STU-01064,2023,First_Term_Sep_Dec,0,2,1,98.2,4.7,LOW
GRD-01065,STU-01065,2024,Third_Term_May_Jul,18,0,0,29.5,,MEDIUM
GRD-01066,STU-01066,2023,First_Term_Sep_Dec,34,2,0,21.8,49.7,MEDIUM
GRD-01067,STU-01067,2025,First_Term_Sep_Dec,120,2,0,2.9,,HIGH
GRD-01068,STU-01068,2024,Second_Term_Jan_Apr,17,0,0,26.3,,MEDIUM
GRD-01069,STU-01069,2023,Second_Term_Jan_Apr,138,6,0,8.1,,HIGH
GRD-01070,STU-01070,2024,Second_Term_Jan_Apr,37,1,0,78.1,8.2,LOW
GRD-01071,STU-01071,2025,Second_Term_Jan_Apr,106,2,0,12.8,90.9,MEDIUM
GRD-01072,STU-01072,2025,Second_Term_Jan_Apr,16,0,0,28.5,0.5,LOW
GRD-01073,STU-01073,2025,Third_Term_May_Jul,33,1,0,94.1,6.7,LOW
GRD-01074,STU-01074,2025,First_Term_Sep_Dec,90,4,0,6.0,,HIGH
GRD-01075,STU-01075,2023,First_Term_Sep_Dec,16,0,0,27.9,0.3,LOW
GRD-01076,STU-01076,2025,Third_Term_May_Jul,0,2,1,31.9,56.9,LOW
GRD-01077,STU-01077,2025,Second_Term_Jan_Apr,40,0,0,82.7,1.2,LOW
GRD-01078,STU-01078,2024,First_Term_Sep_Dec,77,2,0,26.8,64.3,MEDIUM
GRD-01079,STU-01079,2024,First_Term_Sep_Dec,17,1,0,83.8,2.8,LOW
GRD-01080,STU-01080,2023,Second_Term_Jan_Apr,37,0,0,86.4,3.4,LOW
GRD-01081,STU-01081,2025,Third_Term_May_Jul,0,1,0,32.0,67.8,LOW
GRD-01082,STU-01082,2023,Third_Term_May_Jul,26,0,0,89.7,4.8,LOW
GRD-01083,STU-01083,2024,First_Term_Sep_Dec,90,5,0,5.3,,HIGH
GRD-01084,STU-01084,2025,Second_Term_Jan_Apr,34,0,0,26.8,54.0,LOW
GRD-01085,STU-01085,2023,Second_Term_Jan_Apr,116,5,0,6.7,,HIGH
GRD-01086,STU-01086,2023,First_Term_Sep_Dec,12,0,0,92.3,5.0,LOW
GRD-01087,STU-01087,2025,Third_Term_May_Jul,20,0,0,20.0,0.4,LOW
GRD-01088,STU-01088,2023,First_Term_Sep_Dec,8,2,0,19.6,56.5,LOW
GRD-01089,STU-01089,2025,Second_Term_Jan_Apr,0,2,0,26.8,73.6,LOW
GRD-01090,STU-01090,2025,Third_Term_May_Jul,37,1,0,28.1,58.0,MEDIUM
GRD-01091,STU-01091,2023,First_Term_Sep_Dec,68,1,0,29.3,59.7,MEDIUM
GRD-01092,STU-01092,2023,Second_Term_Jan_Apr,41,0,0,78.5,3.9,LOW
GRD-01093,STU-01093,2023,Second_Term_Jan_Apr,53,0,0,74.0,4.4,LOW
GRD-01094,STU-01094,2024,First_Term_Sep_Dec,1,0,0,29.8,34.2,LOW
GRD-01095,STU-01095,2025,Second_Term_Jan_Apr,90,2,0,27.4,90.5,MEDIUM
GRD-01096,STU-01096,2023,Second_Term_Jan_Apr,162,5,0,3.0,,HIGH
GRD-01097,STU-01097,2025,First_Term_Sep_Dec,15,1,0,86.3,3.4,LOW
GRD-01098,STU-01098,2023,Third_Term_May_Jul,8,0,0,24.3,58.1,LOW
GRD-01099,STU-01099,2023,Third_Term_May_Jul,0,2,1,17.0,76.0,LOW
GRD-01100,STU-01100,2024,Third_Term_May_Jul,10,0,0,27.6,,LOW
GRD-01101,STU-01101,2025,Second_Term_Jan_Apr,28,1,0,20.4,52.1,LOW
GRD-01102,STU-01102,2025,First_Term_Sep_Dec,100,2,0,1.6,,HIGH
GRD-01103,STU-01103,2025,First_Term_Sep_Dec,0,1,1,28.8,60.3,LOW
GRD-01104,STU-01104,2024,Second_Term_Jan_Apr,38,1,0,79.3,5.0,LOW
GRD-01105,STU-01105,2024,First_Term_Sep_Dec,90,4,0,5.3,,HIGH
GRD-01106,STU-01106,2024,First_Term_Sep_Dec,67,2,0,31.3,34.1,MEDIUM
GRD-01107,STU-01107,2025,Third_Term_May_Jul,27,1,0,89.3,4.0,LOW
GRD-01108,STU-01108,2023,First_Term_Sep_Dec,13,0,0,30.2,,LOW
GRD-01109,STU-01109,2023,First_Term_Sep_Dec,12,0,0,99.2,2.2,LOW
GRD-01110,STU-01110,2023,First_Term_Sep_Dec,131,4,0,1.3,,HIGH
GRD-01111,STU-01111,2024,Third_Term_May_Jul,0,3,0,32.0,53.9,MEDIUM
GRD-01112,STU-01112,2025,Second_Term_Jan_Apr,90,5,0,8.5,,HIGH
GRD-01113,STU-01113,2024,First_Term_Sep_Dec,14,1,0,92.3,3.9,LOW
GRD-01114,STU-01114,2025,First_Term_Sep_Dec,13,0,0,92.9,3.0,LOW
GRD-01115,STU-01115,2023,Second_Term_Jan_Apr,39,1,0,83.9,6.2,LOW
GRD-01116,STU-01116,2024,First_Term_Sep_Dec,18,0,0,28.7,0.9,LOW
GRD-01117,STU-01117,2023,First_Term_Sep_Dec,17,1,0,95.0,3.2,LOW
GRD-01118,STU-01118,2024,Third_Term_May_Jul,90,6,0,2.8,,HIGH
GRD-01119,STU-01119,2025,First_Term_Sep_Dec,54,2,0,32.1,44.4,MEDIUM
GRD-01120,STU-01120,2024,First_Term_Sep_Dec,15,1,0,94.8,4.3,LOW
GRD-01121,STU-01121,2025,Third_Term_May_Jul,66,1,0,29.3,71.8,MEDIUM
GRD-01122,STU-01122,2024,Second_Term_Jan_Apr,54,2,0,34.2,63.8,MEDIUM
GRD-01123,STU-01123,2024,Third_Term_May_Jul,153,4,0,5.5,,HIGH
GRD-01124,STU-01124,2025,Second_Term_Jan_Apr,33,0,0,84.7,4.0,LOW
GRD-01125,STU-01125,2024,Second_Term_Jan_Apr,24,1,0,24.9,93.6,LOW
GRD-01126,STU-01126,2025,Second_Term_Jan_Apr,39,1,0,79.1,5.3,LOW
GRD-01127,STU-01127,2024,First_Term_Sep_Dec,38,2,0,27.8,70.8,MEDIUM
GRD-01128,STU-01128,2023,Third_Term_May_Jul,159,7,0,7.3,,HIGH
GRD-01129,STU-01129,2023,First_Term_Sep_Dec,103,1,0,10.6,,HIGH
GRD-01130,STU-01130,2023,Second_Term_Jan_Apr,16,0,0,33.3,,MEDIUM
GRD-01131,STU-01131,2023,Second_Term_Jan_Apr,25,1,0,23.4,65.3,LOW
GRD-01132,STU-01132,2025,Third_Term_May_Jul,22,0,0,32.7,0.5,LOW
GRD-01133,STU-01133,2025,First_Term_Sep_Dec,10,0,0,92.1,0.8,LOW
GRD-01134,STU-01134,2025,First_Term_Sep_Dec,92,3,0,8.0,,HIGH
GRD-01135,STU-01135,2023,Second_Term_Jan_Apr,0,1,0,38.2,88.7,LOW
GRD-01136,STU-01136,2023,Second_Term_Jan_Apr,108,3,0,7.5,,HIGH
GRD-01137,STU-01137,2024,First_Term_Sep_Dec,43,3,0,28.9,47.7,MEDIUM
GRD-01138,STU-01138,2023,Second_Term_Jan_Apr,12,0,0,34.9,,LOW
GRD-01139,STU-01139,2024,First_Term_Sep_Dec,102,3,0,5.1,,HIGH
GRD-01140,STU-01140,2023,Second_Term_Jan_Apr,133,6,0,6.5,,HIGH
GRD-01141,STU-01141,2023,Second_Term_Jan_Apr,54,0,0,79.2,5.5,LOW
GRD-01142,STU-01142,2025,Third_Term_May_Jul,23,0,0,88.6,2.6,LOW
GRD-01143,STU-01143,2023,Third_Term_May_Jul,27,1,0,89.3,5.8,LOW
GRD-01144,STU-01144,2024,Third_Term_May_Jul,19,0,0,30.0,,MEDIUM
GRD-01145,STU-01145,2024,Second_Term_Jan_Apr,15,0,0,28.1,,MEDIUM
GRD-01146,STU-01146,2025,First_Term_Sep_Dec,16,0,0,99.4,2.2,LOW
GRD-01147,STU-01147,2023,Second_Term_Jan_Apr,120,7,0,10.5,,HIGH
GRD-01148,STU-01148,2024,Third_Term_May_Jul,16,0,0,25.2,0.4,LOW
GRD-01149,STU-01149,2024,Second_Term_Jan_Apr,6,1,0,23.6,51.5,LOW
GRD-01150,STU-01150,2023,Second_Term_Jan_Apr,19,0,0,21.0,,MEDIUM
GRD-01151,STU-01151,2025,Third_Term_May_Jul,26,1,0,100.0,4.6,LOW
GRD-01152,STU-01152,2025,Third_Term_May_Jul,37,1,0,88.3,2.9,LOW
GRD-01153,STU-01153,2024,Third_Term_May_Jul,24,1,0,94.8,3.9,LOW
GRD-01154,STU-01154,2023,First_Term_Sep_Dec,19,0,0,25.8,0.4,LOW
GRD-01155,STU-01155,2025,First_Term_Sep_Dec,0,1,0,29.1,47.5,LOW
GRD-01156,STU-01156,2024,Second_Term_Jan_Apr,64,2,0,21.1,83.7,MEDIUM
GRD-01157,STU-01157,2025,Third_Term_May_Jul,30,2,0,15.1,69.7,LOW
GRD-01158,STU-01158,2023,First_Term_Sep_Dec,0,2,0,37.0,59.6,LOW
GRD-01159,STU-01159,2024,Second_Term_Jan_Apr,41,0,0,84.0,7.3,LOW
GRD-01160,STU-01160,2025,First_Term_Sep_Dec,54,2,0,27.3,54.3,MEDIUM
GRD-01161,STU-01161,2023,Second_Term_Jan_Apr,60,1,0,23.3,52.0,MEDIUM
GRD-01162,STU-01162,2025,Second_Term_Jan_Apr,96,1,0,28.6,90.1,MEDIUM
GRD-01163,STU-01163,2024,Third_Term_May_Jul,56,1,0,30.5,72.3,MEDIUM
GRD-01164,STU-01164,2024,Second_Term_Jan_Apr,127,3,0,0.0,,HIGH
GRD-01165,STU-01165,2023,First_Term_Sep_Dec,14,0,0,30.5,0.6,LOW
GRD-01166,STU-01166,2025,First_Term_Sep_Dec,99,3,0,7.3,,HIGH
GRD-01167,STU-01167,2023,Third_Term_May_Jul,33,1,0,18.7,57.7,MEDIUM
GRD-01168,STU-01168,2025,First_Term_Sep_Dec,13,0,0,93.8,5.5,LOW
GRD-01169,STU-01169,2024,First_Term_Sep_Dec,90,5,0,5.2,,HIGH
GRD-01170,STU-01170,2023,Second_Term_Jan_Apr,36,0,0,73.3,2.4,LOW
GRD-01171,STU-01171,2024,Second_Term_Jan_Apr,74,2,0,30.0,78.2,MEDIUM
GRD-01172,STU-01172,2023,Third_Term_May_Jul,15,0,0,37.0,1.0,LOW
GRD-01173,STU-01173,2024,Third_Term_May_Jul,21,1,0,85.2,1.7,LOW
GRD-01174,STU-01174,2023,First_Term_Sep_Dec,13,1,0,91.7,1.6,LOW
GRD-01175,STU-01175,2023,Third_Term_May_Jul,15,1,0,31.0,62.7,LOW
GRD-01176,STU-01176,2025,Second_Term_Jan_Apr,22,0,0,24.7,,MEDIUM
GRD-01177,STU-01177,2025,Second_Term_Jan_Apr,92,3,0,5.6,,HIGH
GRD-01178,STU-01178,2024,First_Term_Sep_Dec,0,0,1,89.2,3.2,LOW
GRD-01179,STU-01179,2024,Second_Term_Jan_Apr,37,1,0,85.2,2.3,LOW
GRD-01180,STU-01180,2023,First_Term_Sep_Dec,3,1,0,27.0,57.8,LOW
GRD-01181,STU-01181,2023,First_Term_Sep_Dec,90,3,0,10.4,,HIGH
GRD-01182,STU-01182,2024,Second_Term_Jan_Apr,67,2,0,21.2,53.5,MEDIUM
GRD-01183,STU-01183,2024,Third_Term_May_Jul,34,1,0,25.3,72.7,MEDIUM
GRD-01184,STU-01184,2023,First_Term_Sep_Dec,90,4,0,2.5,,HIGH
GRD-01185,STU-01185,2023,First_Term_Sep_Dec,16,0,0,88.7,2.2,LOW
GRD-01186,STU-01186,2024,Third_Term_May_Jul,30,1,0,96.3,3.6,LOW
GRD-01187,STU-01187,2023,First_Term_Sep_Dec,0,2,1,30.1,71.8,LOW
GRD-01188,STU-01188,2025,Second_Term_Jan_Apr,19,0,0,34.0,0.4,LOW
GRD-01189,STU-01189,2024,Third_Term_May_Jul,31,1,0,95.4,2.0,LOW
GRD-01190,STU-01190,2024,First_Term_Sep_Dec,16,1,0,97.1,3.3,LOW
GRD-01191,STU-01191,2024,Second_Term_Jan_Apr,29,2,0,28.2,66.0,LOW
GRD-01192,STU-01192,2025,Third_Term_May_Jul,21,0,0,40.0,0.3,LOW
GRD-01193,STU-01193,2023,Third_Term_May_Jul,12,0,0,38.0,,LOW
GRD-01194,STU-01194,2024,Second_Term_Jan_Apr,36,1,0,86.5,4.3,LOW
GRD-01195,STU-01195,2025,First_Term_Sep_Dec,15,0,0,32.7,,MEDIUM
GRD-01196,STU-01196,2023,First_Term_Sep_Dec,17,1,0,90.5,4.5,LOW
GRD-01197,STU-01197,2024,Second_Term_Jan_Apr,38,2,0,17.9,70.0,MEDIUM
GRD-01198,STU-01198,2025,Third_Term_May_Jul,135,5,0,3.5,,HIGH
GRD-01199,STU-01199,2023,Third_Term_May_Jul,63,2,0,16.4,60.2,MEDIUM
GRD-01200,STU-01200,2024,Second_Term_Jan_Apr,38,1,0,74.9,4.1,LOW
GRD-01201,STU-01201,2025,Second_Term_Jan_Apr,30,1,0,80.4,4.5,LOW
GRD-01202,STU-01202,2023,Third_Term_May_Jul,36,0,0,34.6,63.6,LOW
GRD-01203,STU-01203,2023,Second_Term_Jan_Apr,53,3,0,19.5,64.0,MEDIUM
GRD-01204,STU-01204,2024,Second_Term_Jan_Apr,61,1,0,12.8,51.5,MEDIUM
GRD-01205,STU-01205,2023,Third_Term_May_Jul,146,4,0,6.1,,HIGH
GRD-01206,STU-01206,2025,Third_Term_May_Jul,16,0,0,36.1,0.7,LOW
GRD-01207,STU-01207,2025,Third_Term_May_Jul,31,1,0,24.0,59.4,MEDIUM
GRD-01208,STU-01208,2025,First_Term_Sep_Dec,14,0,0,97.8,1.0,LOW
GRD-01209,STU-01209,2025,Third_Term_May_Jul,22,1,0,89.6,3.3,LOW
GRD-01210,STU-01210,2025,Third_Term_May_Jul,42,2,0,29.8,82.0,MEDIUM
GRD-01211,STU-01211,2023,Third_Term_May_Jul,20,0,0,23.7,0.1,LOW
GRD-01212,STU-01212,2025,First_Term_Sep_Dec,9,0,0,22.4,,LOW
GRD-01213,STU-01213,2025,Second_Term_Jan_Apr,33,0,0,90.9,3.8,LOW
GRD-01214,STU-01214,2024,Third_Term_May_Jul,25,0,0,96.8,3.0,LOW
GRD-01215,STU-01215,2023,Second_Term_Jan_Apr,3,2,0,23.0,79.7,LOW
GRD-01216,STU-01216,2025,Second_Term_Jan_Apr,47,1,0,31.0,86.6,MEDIUM
GRD-01217,STU-01217,2025,First_Term_Sep_Dec,18,0,0,26.1,0.5,LOW
GRD-01218,STU-01218,2023,Second_Term_Jan_Apr,26,0,0,25.0,0.7,LOW
GRD-01219,STU-01219,2023,Third_Term_May_Jul,15,0,0,30.6,0.3,LOW
GRD-01220,STU-01220,2025,First_Term_Sep_Dec,26,1,0,13.6,66.7,LOW
GRD-01221,STU-01221,2023,Third_Term_May_Jul,28,0,0,92.6,3.6,LOW
GRD-01222,STU-01222,2024,Third_Term_May_Jul,28,1,0,27.3,40.1,LOW
GRD-01223,STU-01223,2023,Second_Term_Jan_Apr,24,0,0,28.4,62.0,LOW
GRD-01224,STU-01224,2025,Third_Term_May_Jul,33,0,0,30.3,75.9,LOW
GRD-01225,STU-01225,2023,Third_Term_May_Jul,11,0,0,22.4,0.6,LOW
GRD-01226,STU-01226,2025,Third_Term_May_Jul,36,0,0,100.0,6.1,LOW
GRD-01227,STU-01227,2023,First_Term_Sep_Dec,0,1,1,22.7,64.7,LOW
GRD-01228,STU-01228,2024,Second_Term_Jan_Apr,38,1,0,77.9,3.9,LOW
GRD-01229,STU-01229,2025,First_Term_Sep_Dec,25,2,0,24.3,60.0,LOW
GRD-01230,STU-01230,2024,Third_Term_May_Jul,23,0,0,82.5,4.4,LOW
GRD-01231,STU-01231,2025,Second_Term_Jan_Apr,48,2,0,35.1,49.5,MEDIUM
GRD-01232,STU-01232,2023,Third_Term_May_Jul,43,3,0,26.2,43.5,MEDIUM
GRD-01233,STU-01233,2024,Third_Term_May_Jul,22,0,0,26.0,,MEDIUM
GRD-01234,STU-01234,2023,Third_Term_May_Jul,125,4,0,7.6,,HIGH
GRD-01235,STU-01235,2025,First_Term_Sep_Dec,20,0,0,84.1,2.4,LOW
GRD-01236,STU-01236,2025,First_Term_Sep_Dec,16,0,0,28.0,0.4,LOW
GRD-01237,STU-01237,2024,Third_Term_May_Jul,150,3,0,5.0,,HIGH
GRD-01238,STU-01238,2023,Second_Term_Jan_Apr,48,1,0,26.3,65.8,MEDIUM
GRD-01239,STU-01239,2025,Third_Term_May_Jul,16,1,0,25.1,57.7,LOW
GRD-01240,STU-01240,2024,First_Term_Sep_Dec,15,1,0,27.6,44.7,LOW
GRD-01241,STU-01241,2024,Second_Term_Jan_Apr,27,0,0,92.1,3.5,LOW
GRD-01242,STU-01242,2023,Third_Term_May_Jul,35,1,0,93.9,2.9,LOW
GRD-01243,STU-01243,2024,Second_Term_Jan_Apr,37,1,0,88.0,4.2,LOW
GRD-01244,STU-01244,2024,First_Term_Sep_Dec,22,0,0,32.4,0.8,LOW
GRD-01245,STU-01245,2023,Second_Term_Jan_Apr,41,0,0,87.4,7.6,LOW
GRD-01246,STU-01246,2023,First_Term_Sep_Dec,131,3,0,0.7,,HIGH
GRD-01247,STU-01247,2023,First_Term_Sep_Dec,13,0,0,100.0,3.5,LOW
GRD-01248,STU-01248,2023,Third_Term_May_Jul,0,0,0,31.7,93.2,LOW
GRD-01249,STU-01249,2023,Second_Term_Jan_Apr,38,0,0,79.7,3.7,LOW
GRD-01250,STU-01250,2023,Third_Term_May_Jul,19,1,0,91.8,4.6,LOW
GRD-01251,STU-01251,2024,First_Term_Sep_Dec,16,0,0,92.9,2.4,LOW
GRD-01252,STU-01252,2023,Second_Term_Jan_Apr,21,1,0,29.5,50.9,LOW
GRD-01253,STU-01253,2024,Third_Term_May_Jul,4,0,0,15.8,70.4,LOW
GRD-01254,STU-01254,2023,First_Term_Sep_Dec,30,3,0,29.3,75.7,MEDIUM
GRD-01255,STU-01255,2024,First_Term_Sep_Dec,22,0,0,29.9,,MEDIUM
GRD-01256,STU-01256,2025,Third_Term_May_Jul,52,0,0,19.5,40.7,LOW
GRD-01257,STU-01257,2025,First_Term_Sep_Dec,27,1,0,85.4,5.1,LOW
GRD-01258,STU-01258,2024,First_Term_Sep_Dec,7,0,0,27.8,66.7,LOW
GRD-01259,STU-01259,2025,Second_Term_Jan_Apr,40,0,0,81.2,5.1,LOW
GRD-01260,STU-01260,2024,First_Term_Sep_Dec,35,2,0,28.5,61.7,MEDIUM
GRD-01261,STU-01261,2025,Second_Term_Jan_Apr,18,0,0,23.5,0.9,LOW
GRD-01262,STU-01262,2025,Second_Term_Jan_Apr,57,2,0,28.6,70.7,MEDIUM
GRD-01263,STU-01263,2025,Third_Term_May_Jul,139,6,0,0.0,,HIGH
GRD-01264,STU-01264,2025,First_Term_Sep_Dec,8,1,0,26.0,75.4,LOW
GRD-01265,STU-01265,2023,Second_Term_Jan_Apr,13,0,0,27.5,0.3,LOW
GRD-01266,STU-01266,2024,First_Term_Sep_Dec,0,2,1,37.9,55.7,LOW
GRD-01267,STU-01267,2024,Third_Term_May_Jul,15,0,0,31.7,,MEDIUM
GRD-01268,STU-01268,2023,Second_Term_Jan_Apr,22,0,0,27.8,,MEDIUM
GRD-01269,STU-01269,2023,First_Term_Sep_Dec,116,5,0,6.4,,HIGH
GRD-01270,STU-01270,2024,Third_Term_May_Jul,29,1,0,15.2,63.0,LOW
GRD-01271,STU-01271,2024,Third_Term_May_Jul,15,0,0,31.8,0.7,LOW
GRD-01272,STU-01272,2024,Second_Term_Jan_Apr,21,2,0,30.7,78.3,LOW
GRD-01273,STU-01273,2024,Second_Term_Jan_Apr,110,6,0,9.8,,HIGH
GRD-01274,STU-01274,2024,First_Term_Sep_Dec,117,7,0,8.9,,HIGH
GRD-01275,STU-01275,2023,Second_Term_Jan_Apr,39,1,0,80.7,5.2,LOW
GRD-01276,STU-01276,2025,Second_Term_Jan_Apr,14,1,0,30.9,79.1,LOW
GRD-01277,STU-01277,2023,First_Term_Sep_Dec,66,1,0,18.3,50.5,MEDIUM
GRD-01278,STU-01278,2025,Second_Term_Jan_Apr,90,2,0,5.1,,HIGH
GRD-01279,STU-01279,2025,First_Term_Sep_Dec,61,1,0,20.4,50.7,MEDIUM
GRD-01280,STU-01280,2025,First_Term_Sep_Dec,11,0,0,33.9,0.6,LOW
GRD-01281,STU-01281,2025,Third_Term_May_Jul,19,0,0,20.0,0.5,LOW
GRD-01282,STU-01282,2025,Second_Term_Jan_Apr,146,5,0,6.2,,HIGH
GRD-01283,STU-01283,2024,Second_Term_Jan_Apr,46,1,0,83.5,2.9,LOW
GRD-01284,STU-01284,2024,Third_Term_May_Jul,102,7,0,1.0,,HIGH
GRD-01285,STU-01285,2024,Second_Term_Jan_Apr,0,1,1,72.0,3.8,LOW
GRD-01286,STU-01286,2024,Third_Term_May_Jul,27,1,0,89.9,3.7,LOW
GRD-01287,STU-01287,2025,Second_Term_Jan_Apr,22,0,0,26.4,,MEDIUM
GRD-01288,STU-01288,2024,First_Term_Sep_Dec,15,1,0,88.9,4.0,LOW
GRD-01289,STU-01289,2024,Second_Term_Jan_Apr,52,1,0,32.0,71.1,MEDIUM
GRD-01290,STU-01290,2024,Second_Term_Jan_Apr,36,0,0,79.6,5.0,LOW
GRD-01291,STU-01291,2024,Third_Term_May_Jul,30,1,0,100.0,3.1,LOW
GRD-01292,STU-01292,2023,First_Term_Sep_Dec,15,0,0,20.0,,MEDIUM
GRD-01293,STU-01293,2024,Third_Term_May_Jul,1,2,0,36.2,54.3,LOW
GRD-01294,STU-01294,2025,First_Term_Sep_Dec,20,1,0,81.6,2.5,LOW
GRD-01295,STU-01295,2024,Third_Term_May_Jul,143,4,0,2.0,,HIGH
GRD-01296,STU-01296,2025,Third_Term_May_Jul,161,3,0,7.2,,HIGH
GRD-01297,STU-01297,2025,First_Term_Sep_Dec,90,4,0,7.7,,HIGH
GRD-01298,STU-01298,2024,Second_Term_Jan_Apr,0,1,0,28.7,62.1,LOW
GRD-01299,STU-01299,2024,Second_Term_Jan_Apr,40,1,0,81.4,5.9,LOW
GRD-01300,STU-01300,2024,Third_Term_May_Jul,96,4,0,0.0,,HIGH
GRD-01301,STU-01301,2023,First_Term_Sep_Dec,17,0,0,98.0,4.0,LOW
GRD-01302,STU-01302,2025,Second_Term_Jan_Apr,116,2,0,5.0,,HIGH
GRD-01303,STU-01303,2024,Second_Term_Jan_Apr,41,0,0,85.3,5.2,LOW
GRD-01304,STU-01304,2023,Third_Term_May_Jul,27,1,0,80.6,4.4,LOW
GRD-01305,STU-01305,2024,First_Term_Sep_Dec,16,0,0,22.2,68.3,LOW
GRD-01306,STU-01306,2024,First_Term_Sep_Dec,10,2,0,39.8,62.9,LOW
GRD-01307,STU-01307,2024,First_Term_Sep_Dec,111,1,0,10.3,,HIGH
GRD-01308,STU-01308,2024,Third_Term_May_Jul,118,6,0,5.0,,HIGH
GRD-01309,STU-01309,2023,First_Term_Sep_Dec,9,1,0,86.4,4.0,LOW
GRD-01310,STU-01310,2024,First_Term_Sep_Dec,18,0,0,82.4,5.7,LOW
GRD-01311,STU-01311,2023,Second_Term_Jan_Apr,41,0,0,21.1,59.5,LOW
GRD-01312,STU-01312,2023,Third_Term_May_Jul,6,0,0,28.4,0.2,LOW
GRD-01313,STU-01313,2024,Third_Term_May_Jul,36,0,0,100.0,0.9,LOW
GRD-01314,STU-01314,2023,First_Term_Sep_Dec,90,3,0,5.5,,HIGH
GRD-01315,STU-01315,2024,Second_Term_Jan_Apr,106,4,0,5.7,,HIGH
GRD-01316,STU-01316,2025,Third_Term_May_Jul,0,0,1,92.2,2.7,LOW
GRD-01317,STU-01317,2023,Second_Term_Jan_Apr,30,1,0,24.3,73.9,LOW
GRD-01318,STU-01318,2025,First_Term_Sep_Dec,0,2,1,30.9,73.0,LOW
GRD-01319,STU-01319,2024,First_Term_Sep_Dec,25,0,0,90.8,1.5,LOW
GRD-01320,STU-01320,2024,First_Term_Sep_Dec,13,0,0,26.6,,LOW
GRD-01321,STU-01321,2023,First_Term_Sep_Dec,0,2,0,22.9,51.7,LOW
GRD-01322,STU-01322,2023,Third_Term_May_Jul,0,1,1,93.3,7.1,LOW
GRD-01323,STU-01323,2025,Second_Term_Jan_Apr,14,0,0,37.2,,LOW
GRD-01324,STU-01324,2025,Third_Term_May_Jul,83,2,0,28.7,75.3,MEDIUM
GRD-01325,STU-01325,2023,Third_Term_May_Jul,2,2,0,17.5,55.4,LOW
GRD-01326,STU-01326,2024,Third_Term_May_Jul,0,1,1,23.4,65.7,LOW
GRD-01327,STU-01327,2023,First_Term_Sep_Dec,104,1,0,1.0,,HIGH
GRD-01328,STU-01328,2024,Second_Term_Jan_Apr,101,6,0,8.3,,HIGH
GRD-01329,STU-01329,2025,Third_Term_May_Jul,111,4,0,5.1,,HIGH
GRD-01330,STU-01330,2024,Third_Term_May_Jul,0,2,0,23.3,51.4,LOW
GRD-01331,STU-01331,2024,Third_Term_May_Jul,22,2,0,24.8,68.2,LOW
GRD-01332,STU-01332,2025,Second_Term_Jan_Apr,27,1,0,21.5,59.2,LOW
GRD-01333,STU-01333,2024,Third_Term_May_Jul,24,0,0,39.7,0.2,LOW
GRD-01334,STU-01334,2025,Third_Term_May_Jul,22,1,0,90.6,4.1,LOW
GRD-01335,STU-01335,2024,Third_Term_May_Jul,0,0,1,23.0,67.9,LOW
GRD-01336,STU-01336,2025,Second_Term_Jan_Apr,15,0,0,33.4,,MEDIUM
GRD-01337,STU-01337,2023,Third_Term_May_Jul,26,0,0,88.7,5.8,LOW
GRD-01338,STU-01338,2025,First_Term_Sep_Dec,28,0,0,82.0,1.7,LOW
GRD-01339,STU-01339,2024,Third_Term_May_Jul,14,0,0,29.7,0.5,LOW
GRD-01340,STU-01340,2023,First_Term_Sep_Dec,22,0,0,29.3,,MEDIUM
GRD-01341,STU-01341,2023,First_Term_Sep_Dec,28,1,0,19.5,59.3,LOW
GRD-01342,STU-01342,2025,First_Term_Sep_Dec,1,1,0,19.5,58.7,LOW
GRD-01343,STU-01343,2023,First_Term_Sep_Dec,105,5,0,8.2,,HIGH
GRD-01344,STU-01344,2025,Second_Term_Jan_Apr,13,0,0,25.6,0.4,LOW
GRD-01345,STU-01345,2023,First_Term_Sep_Dec,90,2,0,4.7,,HIGH
GRD-01346,STU-01346,2024,First_Term_Sep_Dec,0,1,0,22.7,69.1,LOW
GRD-01347,STU-01347,2023,First_Term_Sep_Dec,19,0,0,91.4,4.7,LOW
GRD-01348,STU-01348,2023,Third_Term_May_Jul,26,0,0,90.4,5.3,LOW
GRD-01349,STU-01349,2025,First_Term_Sep_Dec,56,2,0,29.5,59.5,MEDIUM
GRD-01350,STU-01350,2025,Second_Term_Jan_Apr,41,1,0,73.4,2.9,LOW
GRD-01351,STU-01351,2023,First_Term_Sep_Dec,16,0,0,86.8,4.3,LOW
GRD-01352,STU-01352,2023,Second_Term_Jan_Apr,135,4,0,0.0,,HIGH
GRD-01353,STU-01353,2024,First_Term_Sep_Dec,4,1,0,29.3,45.5,LOW
GRD-01354,STU-01354,2025,Third_Term_May_Jul,69,1,0,27.5,42.2,MEDIUM
GRD-01355,STU-01355,2025,Third_Term_May_Jul,13,0,0,36.1,,LOW
GRD-01356,STU-01356,2023,Second_Term_Jan_Apr,59,1,0,33.2,76.8,MEDIUM
GRD-01357,STU-01357,2025,Second_Term_Jan_Apr,22,0,0,31.7,,MEDIUM
GRD-01358,STU-01358,2025,Third_Term_May_Jul,118,5,0,4.7,,HIGH
GRD-01359,STU-01359,2024,First_Term_Sep_Dec,17,0,0,87.4,2.0,LOW
GRD-01360,STU-01360,2023,Second_Term_Jan_Apr,6,2,0,28.2,49.5,LOW
GRD-01361,STU-01361,2023,Second_Term_Jan_Apr,33,0,0,76.9,2.8,LOW
GRD-01362,STU-01362,2023,Second_Term_Jan_Apr,28,1,0,76.0,5.3,LOW
GRD-01363,STU-01363,2024,First_Term_Sep_Dec,15,0,0,90.8,3.4,LOW
GRD-01364,STU-01364,2023,Third_Term_May_Jul,0,0,1,90.1,3.0,LOW
GRD-01365,STU-01365,2024,First_Term_Sep_Dec,51,1,0,28.6,59.7,MEDIUM
GRD-01366,STU-01366,2024,Third_Term_May_Jul,25,1,0,99.1,4.3,LOW
GRD-01367,STU-01367,2023,Second_Term_Jan_Apr,33,0,0,77.8,4.9,LOW
GRD-01368,STU-01368,2023,Third_Term_May_Jul,160,2,0,2.0,,HIGH
GRD-01369,STU-01369,2025,Second_Term_Jan_Apr,12,0,0,25.8,,LOW
GRD-01370,STU-01370,2025,First_Term_Sep_Dec,17,0,0,93.4,3.9,LOW
GRD-01371,STU-01371,2024,Second_Term_Jan_Apr,14,0,0,26.7,0.6,LOW
GRD-01372,STU-01372,2023,First_Term_Sep_Dec,20,0,0,34.8,0.5,LOW
GRD-01373,STU-01373,2024,First_Term_Sep_Dec,19,1,0,85.3,3.6,LOW
GRD-01374,STU-01374,2025,First_Term_Sep_Dec,16,0,0,78.2,5.5,LOW
GRD-01375,STU-01375,2024,Third_Term_May_Jul,34,0,0,92.8,4.9,LOW
GRD-01376,STU-01376,2024,Second_Term_Jan_Apr,112,4,0,0.0,,HIGH
GRD-01377,STU-01377,2025,First_Term_Sep_Dec,17,0,0,88.7,3.9,LOW
GRD-01378,STU-01378,2023,Second_Term_Jan_Apr,16,0,0,32.0,0.3,LOW
GRD-01379,STU-01379,2023,Second_Term_Jan_Apr,149,5,0,5.2,,HIGH
GRD-01380,STU-01380,2024,Third_Term_May_Jul,33,0,0,96.7,4.8,LOW
GRD-01381,STU-01381,2025,Second_Term_Jan_Apr,97,1,0,7.3,,HIGH
GRD-01382,STU-01382,2024,Third_Term_May_Jul,0,1,0,28.7,34.5,LOW
GRD-01383,STU-01383,2024,Second_Term_Jan_Apr,15,0,0,36.9,0.4,LOW
GRD-01384,STU-01384,2025,First_Term_Sep_Dec,0,3,0,31.4,68.3,MEDIUM
GRD-01385,STU-01385,2024,Second_Term_Jan_Apr,21,0,0,25.2,0.5,LOW
GRD-01386,STU-01386,2023,First_Term_Sep_Dec,55,2,0,25.5,77.8,MEDIUM
GRD-01387,STU-01387,2025,Second_Term_Jan_Apr,14,0,0,33.1,0.2,LOW
GRD-01388,STU-01388,2025,First_Term_Sep_Dec,21,0,0,23.9,,MEDIUM
GRD-01389,STU-01389,2025,Second_Term_Jan_Apr,32,1,0,88.1,4.0,LOW
GRD-01390,STU-01390,2023,First_Term_Sep_Dec,0,1,1,95.5,2.7,LOW
GRD-01391,STU-01391,2025,First_Term_Sep_Dec,10,1,0,89.6,3.3,LOW
GRD-01392,STU-01392,2023,First_Term_Sep_Dec,10,1,0,24.6,87.1,LOW
GRD-01393,STU-01393,2024,Second_Term_Jan_Apr,52,0,0,85.5,6.2,LOW
GRD-01394,STU-01394,2024,First_Term_Sep_Dec,22,1,0,91.2,5.1,LOW
GRD-01395,STU-01395,2023,First_Term_Sep_Dec,18,0,0,96.1,4.3,LOW
GRD-01396,STU-01396,2023,First_Term_Sep_Dec,0,0,1,90.0,3.1,LOW
GRD-01397,STU-01397,2023,Second_Term_Jan_Apr,30,0,0,84.2,6.6,LOW
GRD-01398,STU-01398,2024,First_Term_Sep_Dec,5,0,0,18.3,63.0,LOW
GRD-01399,STU-01399,2023,Second_Term_Jan_Apr,98,4,0,1.6,,HIGH
GRD-01400,STU-01400,2024,Third_Term_May_Jul,17,0,0,30.1,,MEDIUM
GRD-01401,STU-01401,2023,First_Term_Sep_Dec,90,3,0,1.0,,HIGH
GRD-01402,STU-01402,2024,First_Term_Sep_Dec,18,0,0,93.4,4.2,LOW
GRD-01403,STU-01403,2024,Third_Term_May_Jul,24,0,0,89.4,3.8,LOW
GRD-01404,STU-01404,2025,Third_Term_May_Jul,29,1,0,91.4,4.7,LOW
GRD-01405,STU-01405,2024,Second_Term_Jan_Apr,41,0,0,85.0,5.4,LOW
GRD-01406,STU-01406,2025,First_Term_Sep_Dec,14,1,0,93.2,1.3,LOW
GRD-01407,STU-01407,2024,Second_Term_Jan_Apr,48,1,0,26.4,98.7,MEDIUM
GRD-01408,STU-01408,2024,Third_Term_May_Jul,0,3,1,26.6,45.1,LOW
GRD-01409,STU-01409,2024,First_Term_Sep_Dec,0,1,0,23.5,56.3,LOW
GRD-01410,STU-01410,2025,Second_Term_Jan_Apr,39,0,0,82.8,4.6,LOW
GRD-01411,STU-01411,2023,First_Term_Sep_Dec,14,0,0,32.9,1.0,LOW
GRD-01412,STU-01412,2024,First_Term_Sep_Dec,0,1,1,33.6,75.3,LOW
GRD-01413,STU-01413,2025,Second_Term_Jan_Apr,114,3,0,7.0,,HIGH
GRD-01414,STU-01414,2025,Second_Term_Jan_Apr,104,4,0,3.3,,HIGH
GRD-01415,STU-01415,2023,First_Term_Sep_Dec,73,1,0,29.3,62.6,MEDIUM
GRD-01416,STU-01416,2023,Second_Term_Jan_Apr,42,1,0,76.2,5.8,LOW
GRD-01417,STU-01417,2023,Second_Term_Jan_Apr,17,1,0,24.0,79.1,LOW
GRD-01418,STU-01418,2023,Third_Term_May_Jul,33,1,0,97.2,4.3,LOW
GRD-01419,STU-01419,2025,First_Term_Sep_Dec,17,0,0,91.9,4.0,LOW
GRD-01420,STU-01420,2024,Second_Term_Jan_Apr,0,2,1,18.8,60.6,LOW
GRD-01421,STU-01421,2024,Second_Term_Jan_Apr,25,1,0,34.3,84.1,LOW
GRD-01422,STU-01422,2024,Third_Term_May_Jul,39,1,0,22.5,59.1,MEDIUM
GRD-01423,STU-01423,2024,Second_Term_Jan_Apr,26,0,0,33.7,0.4,LOW
GRD-01424,STU-01424,2023,Second_Term_Jan_Apr,63,2,0,26.3,78.4,MEDIUM
GRD-01425,STU-01425,2025,Third_Term_May_Jul,25,2,0,19.7,66.2,LOW
GRD-01426,STU-01426,2023,Third_Term_May_Jul,67,2,0,22.4,48.5,MEDIUM
GRD-01427,STU-01427,2025,First_Term_Sep_Dec,21,1,0,91.9,3.6,LOW
GRD-01428,STU-01428,2025,Second_Term_Jan_Apr,128,6,0,6.2,,HIGH
GRD-01429,STU-01429,2024,Third_Term_May_Jul,13,0,0,32.2,,LOW
GRD-01430,STU-01430,2025,Second_Term_Jan_Apr,35,1,0,83.3,5.4,LOW
GRD-01431,STU-01431,2023,Second_Term_Jan_Apr,39,1,0,84.6,4.8,LOW
GRD-01432,STU-01432,2025,First_Term_Sep_Dec,90,6,0,11.5,,HIGH
GRD-01433,STU-01433,2023,First_Term_Sep_Dec,0,1,1,21.1,59.4,LOW
GRD-01434,STU-01434,2023,First_Term_Sep_Dec,0,0,1,31.6,,LOW
GRD-01435,STU-01435,2025,Second_Term_Jan_Apr,35,0,0,80.2,2.9,LOW
GRD-01436,STU-01436,2025,Second_Term_Jan_Apr,15,0,0,30.4,,MEDIUM
GRD-01437,STU-01437,2023,Second_Term_Jan_Apr,11,2,0,27.7,61.5,LOW
GRD-01438,STU-01438,2025,Second_Term_Jan_Apr,51,0,0,77.7,5.1,LOW
GRD-01439,STU-01439,2024,Third_Term_May_Jul,17,0,0,40.0,0.4,LOW
GRD-01440,STU-01440,2024,Second_Term_Jan_Apr,28,1,0,78.9,5.7,LOW
GRD-01441,STU-01441,2024,Second_Term_Jan_Apr,90,5,0,7.2,,HIGH
GRD-01442,STU-01442,2025,First_Term_Sep_Dec,68,1,0,19.8,68.4,MEDIUM
GRD-01443,STU-01443,2024,Third_Term_May_Jul,114,7,0,6.2,,HIGH
GRD-01444,STU-01444,2024,Second_Term_Jan_Apr,106,3,0,5.6,,HIGH
GRD-01445,STU-01445,2025,Second_Term_Jan_Apr,23,0,0,31.1,0.9,LOW
GRD-01446,STU-01446,2023,Third_Term_May_Jul,30,1,0,28.2,71.5,LOW
GRD-01447,STU-01447,2024,First_Term_Sep_Dec,14,0,0,29.1,,LOW
GRD-01448,STU-01448,2025,First_Term_Sep_Dec,92,5,0,9.8,,HIGH
GRD-01449,STU-01449,2025,Third_Term_May_Jul,15,1,0,91.6,1.1,LOW
GRD-01450,STU-01450,2024,Second_Term_Jan_Apr,19,0,0,35.8,0.3,LOW
GRD-01451,STU-01451,2024,Second_Term_Jan_Apr,28,1,0,27.5,89.9,LOW
GRD-01452,STU-01452,2023,First_Term_Sep_Dec,16,1,0,90.7,4.4,LOW
GRD-01453,STU-01453,2025,First_Term_Sep_Dec,90,2,0,2.7,,HIGH
GRD-01454,STU-01454,2023,Second_Term_Jan_Apr,18,0,0,27.2,,MEDIUM
GRD-01455,STU-01455,2024,Third_Term_May_Jul,17,0,0,37.2,,MEDIUM
GRD-01456,STU-01456,2024,Second_Term_Jan_Apr,39,2,0,72.5,6.1,LOW
GRD-01457,STU-01457,2024,First_Term_Sep_Dec,29,1,0,33.9,52.2,LOW
GRD-01458,STU-01458,2025,Third_Term_May_Jul,22,0,0,39.9,,MEDIUM
GRD-01459,STU-01459,2024,First_Term_Sep_Dec,18,0,0,28.6,0.6,LOW
GRD-01460,STU-01460,2024,Second_Term_Jan_Apr,21,0,0,23.6,0.1,LOW
GRD-01461,STU-01461,2023,Second_Term_Jan_Apr,32,0,0,79.6,4.9,LOW
GRD-01462,STU-01462,2025,Third_Term_May_Jul,13,1,0,15.7,47.9,LOW
GRD-01463,STU-01463,2023,Third_Term_May_Jul,10,1,0,28.8,61.6,LOW
GRD-01464,STU-01464,2023,First_Term_Sep_Dec,11,0,0,91.7,1.9,LOW
GRD-01465,STU-01465,2024,Third_Term_May_Jul,150,4,0,4.2,,HIGH
GRD-01466,STU-01466,2024,Second_Term_Jan_Apr,0,0,0,27.0,71.9,LOW
GRD-01467,STU-01467,2024,Second_Term_Jan_Apr,0,1,1,31.7,56.9,LOW
GRD-01468,STU-01468,2025,Second_Term_Jan_Apr,5,1,0,25.5,78.3,LOW
GRD-01469,STU-01469,2025,Third_Term_May_Jul,16,1,0,31.0,68.6,LOW
GRD-01470,STU-01470,2025,Third_Term_May_Jul,130,1,0,0.7,,HIGH
GRD-01471,STU-01471,2023,Second_Term_Jan_Apr,32,1,0,84.8,3.0,LOW
GRD-01472,STU-01472,2024,Second_Term_Jan_Apr,4,0,0,12.8,84.7,LOW
GRD-01473,STU-01473,2024,Second_Term_Jan_Apr,18,0,0,25.5,,MEDIUM
GRD-01474,STU-01474,2024,Second_Term_Jan_Apr,34,1,0,78.2,9.0,LOW
GRD-01475,STU-01475,2024,Third_Term_May_Jul,24,0,0,100.0,2.2,LOW
GRD-01476,STU-01476,2024,Third_Term_May_Jul,21,1,0,92.6,4.2,LOW
GRD-01477,STU-01477,2024,First_Term_Sep_Dec,16,0,0,88.3,1.4,LOW
GRD-01478,STU-01478,2024,Third_Term_May_Jul,29,0,0,97.7,3.9,LOW
GRD-01479,STU-01479,2025,Third_Term_May_Jul,29,1,0,96.6,3.7,LOW
GRD-01480,STU-01480,2025,First_Term_Sep_Dec,16,2,0,30.7,50.6,LOW
GRD-01481,STU-01481,2024,First_Term_Sep_Dec,18,0,0,31.6,0.5,LOW
GRD-01482,STU-01482,2023,First_Term_Sep_Dec,13,0,0,27.7,,LOW
GRD-01483,STU-01483,2024,First_Term_Sep_Dec,26,2,0,23.3,37.8,LOW
GRD-01484,STU-01484,2023,Second_Term_Jan_Apr,40,0,0,85.0,5.9,LOW
GRD-01485,STU-01485,2025,Third_Term_May_Jul,18,0,0,22.2,,MEDIUM
GRD-01486,STU-01486,2023,Second_Term_Jan_Apr,24,0,0,29.2,,MEDIUM
GRD-01487,STU-01487,2025,Second_Term_Jan_Apr,116,4,0,4.7,,HIGH
GRD-01488,STU-01488,2023,Second_Term_Jan_Apr,57,1,0,27.5,70.9,MEDIUM
GRD-01489,STU-01489,2023,Third_Term_May_Jul,15,1,0,32.0,67.2,LOW
GRD-01490,STU-01490,2023,First_Term_Sep_Dec,11,1,0,22.2,63.2,LOW
GRD-01491,STU-01491,2025,Third_Term_May_Jul,25,0,0,88.3,4.3,LOW
GRD-01492,STU-01492,2025,Second_Term_Jan_Apr,79,2,0,19.7,74.0,MEDIUM
GRD-01493,STU-01493,2024,Third_Term_May_Jul,51,2,0,37.1,48.2,MEDIUM
GRD-01494,STU-01494,2023,Third_Term_May_Jul,16,0,0,98.7,4.8,LOW
GRD-01495,STU-01495,2024,First_Term_Sep_Dec,17,0,0,85.2,4.1,LOW
GRD-01496,STU-01496,2024,First_Term_Sep_Dec,40,1,0,26.6,53.7,MEDIUM
GRD-01497,STU-01497,2024,First_Term_Sep_Dec,16,0,0,95.3,2.6,LOW
GRD-01498,STU-01498,2024,Third_Term_May_Jul,17,0,0,29.2,0.7,LOW
GRD-01499,STU-01499,2023,First_Term_Sep_Dec,94,5,0,10.5,,HIGH
GRD-01500,STU-01500,2025,First_Term_Sep_Dec,90,5,0,5.9,,HIGH
GRD-01501,STU-01501,2023,Third_Term_May_Jul,28,1,0,90.4,6.8,LOW
GRD-01502,STU-01502,2024,First_Term_Sep_Dec,90,5,0,10.9,,HIGH
GRD-01503,STU-01503,2024,Third_Term_May_Jul,50,2,0,28.4,58.8,MEDIUM
GRD-01504,STU-01504,2024,Second_Term_Jan_Apr,90,5,0,7.7,,HIGH
GRD-01505,STU-01505,2024,First_Term_Sep_Dec,0,0,1,81.7,2.7,LOW
GRD-01506,STU-01506,2025,Second_Term_Jan_Apr,16,0,0,26.8,,MEDIUM
GRD-01507,STU-01507,2023,Second_Term_Jan_Apr,24,3,0,25.5,58.6,MEDIUM
GRD-01508,STU-01508,2025,First_Term_Sep_Dec,90,6,0,9.9,,HIGH
GRD-01509,STU-01509,2023,Third_Term_May_Jul,57,1,0,28.5,75.1,MEDIUM
GRD-01510,STU-01510,2023,Third_Term_May_Jul,20,0,0,34.8,,MEDIUM
GRD-01511,STU-01511,2025,Third_Term_May_Jul,175,4,0,5.8,,HIGH
GRD-01512,STU-01512,2025,First_Term_Sep_Dec,15,0,0,90.1,2.8,LOW
GRD-01513,STU-01513,2024,Third_Term_May_Jul,22,1,0,85.5,6.2,LOW
GRD-01514,STU-01514,2024,Third_Term_May_Jul,12,0,0,27.6,,LOW
GRD-01515,STU-01515,2025,Third_Term_May_Jul,22,1,0,100.0,3.5,LOW
GRD-01516,STU-01516,2024,Second_Term_Jan_Apr,19,0,0,29.0,0.7,LOW
GRD-01517,STU-01517,2023,First_Term_Sep_Dec,21,1,0,32.8,46.6,LOW
GRD-01518,STU-01518,2023,First_Term_Sep_Dec,14,0,0,35.8,,LOW
GRD-01519,STU-01519,2024,First_Term_Sep_Dec,20,0,0,28.4,,MEDIUM
GRD-01520,STU-01520,2025,Third_Term_May_Jul,0,2,0,19.7,75.4,LOW
GRD-01521,STU-01521,2024,Third_Term_May_Jul,26,1,0,18.1,59.8,LOW
GRD-01522,STU-01522,2024,Third_Term_May_Jul,50,1,0,37.6,37.1,MEDIUM
GRD-01523,STU-01523,2024,Second_Term_Jan_Apr,33,0,0,88.7,2.5,LOW
GRD-01524,STU-01524,2023,First_Term_Sep_Dec,0,2,0,37.3,69.3,LOW
GRD-01525,STU-01525,2024,Second_Term_Jan_Apr,72,2,0,34.2,84.9,MEDIUM
GRD-01526,STU-01526,2024,First_Term_Sep_Dec,18,2,0,23.8,40.4,LOW
GRD-01527,STU-01527,2023,Third_Term_May_Jul,114,1,0,7.7,,HIGH
GRD-01528,STU-01528,2023,Second_Term_Jan_Apr,36,1,0,89.2,4.1,LOW
GRD-01529,STU-01529,2024,First_Term_Sep_Dec,72,0,0,39.2,33.0,MEDIUM
GRD-01530,STU-01530,2023,Second_Term_Jan_Apr,83,1,0,24.7,65.4,MEDIUM
GRD-01531,STU-01531,2024,First_Term_Sep_Dec,12,0,0,87.9,3.6,LOW
GRD-01532,STU-01532,2024,Second_Term_Jan_Apr,10,0,0,37.0,,LOW
GRD-01533,STU-01533,2024,Second_Term_Jan_Apr,25,1,0,78.8,2.7,LOW
GRD-01534,STU-01534,2024,First_Term_Sep_Dec,17,0,0,86.5,3.9,LOW
GRD-01535,STU-01535,2023,Third_Term_May_Jul,0,1,1,31.7,48.7,LOW
GRD-01536,STU-01536,2025,First_Term_Sep_Dec,1,0,0,100.0,4.4,LOW
GRD-01537,STU-01537,2023,Third_Term_May_Jul,16,1,0,96.4,5.5,LOW
GRD-01538,STU-01538,2023,Second_Term_Jan_Apr,41,1,0,80.7,6.6,LOW
GRD-01539,STU-01539,2025,Third_Term_May_Jul,29,0,0,36.9,84.0,LOW
GRD-01540,STU-01540,2023,Second_Term_Jan_Apr,36,0,0,79.4,4.9,LOW
GRD-01541,STU-01541,2024,Third_Term_May_Jul,18,0,0,35.2,,MEDIUM
GRD-01542,STU-01542,2023,Second_Term_Jan_Apr,31,1,0,76.4,4.7,LOW
GRD-01543,STU-01543,2023,Third_Term_May_Jul,9,0,0,33.2,0.3,LOW
GRD-01544,STU-01544,2023,Second_Term_Jan_Apr,0,2,1,30.9,82.0,LOW
GRD-01545,STU-01545,2024,Third_Term_May_Jul,18,0,0,22.4,,MEDIUM
GRD-01546,STU-01546,2023,Second_Term_Jan_Apr,18,0,0,29.1,0.4,LOW
GRD-01547,STU-01547,2023,Second_Term_Jan_Apr,18,0,0,31.2,0.3,LOW
GRD-01548,STU-01548,2025,First_Term_Sep_Dec,90,5,0,9.5,,HIGH
GRD-01549,STU-01549,2023,Third_Term_May_Jul,27,0,0,92.1,3.4,LOW
GRD-01550,STU-01550,2024,Second_Term_Jan_Apr,49,0,0,89.8,3.7,LOW
GRD-01551,STU-01551,2025,Second_Term_Jan_Apr,46,2,0,17.6,59.4,MEDIUM
GRD-01552,STU-01552,2024,Second_Term_Jan_Apr,69,1,0,24.8,50.3,MEDIUM
GRD-01553,STU-01553,2024,Second_Term_Jan_Apr,110,5,0,6.3,,HIGH
GRD-01554,STU-01554,2024,Third_Term_May_Jul,0,1,1,21.6,64.0,LOW
GRD-01555,STU-01555,2025,Second_Term_Jan_Apr,0,0,1,29.1,,LOW
GRD-01556,STU-01556,2023,First_Term_Sep_Dec,30,1,0,18.4,77.4,LOW
GRD-01557,STU-01557,2024,First_Term_Sep_Dec,84,1,0,18.8,56.1,MEDIUM
GRD-01558,STU-01558,2025,First_Term_Sep_Dec,0,2,0,20.7,61.5,LOW
GRD-01559,STU-01559,2023,Third_Term_May_Jul,18,0,0,27.4,0.3,LOW
GRD-01560,STU-01560,2023,Third_Term_May_Jul,115,4,0,9.6,,HIGH
GRD-01561,STU-01561,2025,First_Term_Sep_Dec,0,0,1,22.8,,LOW
GRD-01562,STU-01562,2023,First_Term_Sep_Dec,24,0,0,88.8,4.7,LOW
GRD-01563,STU-01563,2023,First_Term_Sep_Dec,14,0,0,31.6,0.5,LOW
GRD-01564,STU-01564,2023,Second_Term_Jan_Apr,110,5,0,1.3,,HIGH
GRD-01565,STU-01565,2025,Second_Term_Jan_Apr,33,1,0,80.3,6.2,LOW
GRD-01566,STU-01566,2024,Third_Term_May_Jul,127,3,0,3.6,,HIGH
GRD-01567,STU-01567,2023,Third_Term_May_Jul,28,0,0,84.0,2.6,LOW
GRD-01568,STU-01568,2023,Third_Term_May_Jul,33,1,0,89.5,7.1,LOW
GRD-01569,STU-01569,2025,First_Term_Sep_Dec,53,2,0,27.2,55.0,MEDIUM
GRD-01570,STU-01570,2024,Second_Term_Jan_Apr,38,0,0,84.1,3.0,LOW
GRD-01571,STU-01571,2024,First_Term_Sep_Dec,0,2,1,34.3,49.4,LOW
GRD-01572,STU-01572,2024,Second_Term_Jan_Apr,154,4,0,4.6,,HIGH
GRD-01573,STU-01573,2025,First_Term_Sep_Dec,43,2,0,25.4,37.6,MEDIUM
GRD-01574,STU-01574,2023,Second_Term_Jan_Apr,0,2,1,38.2,91.3,LOW
GRD-01575,STU-01575,2024,First_Term_Sep_Dec,26,0,0,27.4,,MEDIUM
GRD-01576,STU-01576,2025,Third_Term_May_Jul,167,1,0,3.2,,HIGH
GRD-01577,STU-01577,2024,Second_Term_Jan_Apr,90,5,0,3.6,,HIGH
GRD-01578,STU-01578,2024,Second_Term_Jan_Apr,43,0,0,81.2,1.2,LOW
GRD-01579,STU-01579,2023,Second_Term_Jan_Apr,17,0,0,29.3,,MEDIUM
GRD-01580,STU-01580,2025,Second_Term_Jan_Apr,148,7,0,5.8,,HIGH
GRD-01581,STU-01581,2023,Third_Term_May_Jul,36,1,0,36.8,79.4,MEDIUM
GRD-01582,STU-01582,2025,First_Term_Sep_Dec,26,1,0,20.9,69.2,LOW
GRD-01583,STU-01583,2024,First_Term_Sep_Dec,18,0,0,100.0,4.6,LOW
GRD-01584,STU-01584,2024,Third_Term_May_Jul,27,1,0,100.0,3.6,LOW
GRD-01585,STU-01585,2023,Second_Term_Jan_Apr,48,1,0,26.0,91.2,MEDIUM
GRD-01586,STU-01586,2024,First_Term_Sep_Dec,90,3,0,4.8,,HIGH
GRD-01587,STU-01587,2023,First_Term_Sep_Dec,15,0,0,29.3,,MEDIUM
GRD-01588,STU-01588,2023,Second_Term_Jan_Apr,40,2,0,80.1,3.5,LOW
GRD-01589,STU-01589,2025,Second_Term_Jan_Apr,17,1,0,15.0,72.7,LOW
GRD-01590,STU-01590,2024,Third_Term_May_Jul,29,0,0,91.2,2.4,LOW
GRD-01591,STU-01591,2023,Second_Term_Jan_Apr,38,0,0,88.5,3.6,LOW
GRD-01592,STU-01592,2024,Second_Term_Jan_Apr,43,1,0,83.7,5.9,LOW
GRD-01593,STU-01593,2025,Third_Term_May_Jul,24,1,0,30.9,66.6,LOW
GRD-01594,STU-01594,2023,Second_Term_Jan_Apr,24,0,0,82.1,2.0,LOW
GRD-01595,STU-01595,2024,Second_Term_Jan_Apr,0,1,0,18.4,39.3,LOW
GRD-01596,STU-01596,2024,Second_Term_Jan_Apr,46,1,0,79.5,4.8,LOW
GRD-01597,STU-01597,2023,First_Term_Sep_Dec,18,0,0,33.8,,MEDIUM
GRD-01598,STU-01598,2024,First_Term_Sep_Dec,27,0,0,36.6,0.4,LOW
GRD-01599,STU-01599,2023,Second_Term_Jan_Apr,38,0,0,81.9,7.6,LOW
GRD-01600,STU-01600,2024,First_Term_Sep_Dec,90,2,0,12.4,,MEDIUM
GRD-01601,STU-01601,2023,Second_Term_Jan_Apr,10,0,0,35.5,0.4,LOW
GRD-01602,STU-01602,2024,Third_Term_May_Jul,36,1,0,98.7,3.0,LOW
GRD-01603,STU-01603,2023,Third_Term_May_Jul,25,0,0,92.1,5.6,LOW
GRD-01604,STU-01604,2025,Third_Term_May_Jul,16,0,0,28.8,,MEDIUM
GRD-01605,STU-01605,2025,First_Term_Sep_Dec,0,2,0,17.4,58.6,LOW
GRD-01606,STU-01606,2023,First_Term_Sep_Dec,0,2,1,26.0,59.3,LOW
GRD-01607,STU-01607,2025,First_Term_Sep_Dec,47,1,0,22.6,79.5,MEDIUM
GRD-01608,STU-01608,2023,First_Term_Sep_Dec,15,0,0,87.6,3.0,LOW
GRD-01609,STU-01609,2023,Second_Term_Jan_Apr,16,0,0,29.7,0.2,LOW
GRD-01610,STU-01610,2025,First_Term_Sep_Dec,13,0,0,97.8,2.9,LOW
GRD-01611,STU-01611,2025,First_Term_Sep_Dec,8,0,0,96.5,1.2,LOW
GRD-01612,STU-01612,2023,First_Term_Sep_Dec,46,1,0,30.5,43.2,MEDIUM
GRD-01613,STU-01613,2024,Second_Term_Jan_Apr,30,1,0,78.0,1.2,LOW
GRD-01614,STU-01614,2023,Third_Term_May_Jul,151,6,0,4.6,,HIGH
GRD-01615,STU-01615,2025,Second_Term_Jan_Apr,78,2,0,29.2,44.0,MEDIUM
GRD-01616,STU-01616,2024,First_Term_Sep_Dec,22,0,0,27.7,0.7,LOW
GRD-01617,STU-01617,2024,First_Term_Sep_Dec,22,1,0,94.6,0.8,LOW
GRD-01618,STU-01618,2025,Second_Term_Jan_Apr,78,1,0,29.4,72.8,MEDIUM
GRD-01619,STU-01619,2023,Third_Term_May_Jul,18,0,0,40.0,,LOW
GRD-01620,STU-01620,2024,Third_Term_May_Jul,28,1,0,96.0,2.7,LOW
GRD-01621,STU-01621,2024,Third_Term_May_Jul,27,1,0,98.0,3.2,LOW
GRD-01622,STU-01622,2023,Third_Term_May_Jul,101,6,0,4.2,,HIGH
GRD-01623,STU-01623,2025,Third_Term_May_Jul,17,0,0,32.0,0.4,LOW
GRD-01624,STU-01624,2023,First_Term_Sep_Dec,122,3,0,6.9,,HIGH
GRD-01625,STU-01625,2024,Second_Term_Jan_Apr,3,1,0,26.6,91.0,LOW
GRD-01626,STU-01626,2024,Third_Term_May_Jul,143,7,0,4.4,,HIGH
GRD-01627,STU-01627,2023,Third_Term_May_Jul,20,0,0,31.7,0.4,LOW
GRD-01628,STU-01628,2023,Third_Term_May_Jul,25,0,0,97.5,3.9,LOW
GRD-01629,STU-01629,2023,First_Term_Sep_Dec,57,1,0,24.4,43.0,MEDIUM
GRD-01630,STU-01630,2024,Third_Term_May_Jul,15,1,0,21.6,58.3,LOW
GRD-01631,STU-01631,2025,First_Term_Sep_Dec,53,1,0,22.4,46.0,MEDIUM
GRD-01632,STU-01632,2023,Third_Term_May_Jul,23,1,0,89.8,4.4,LOW
GRD-01633,STU-01633,2024,Third_Term_May_Jul,16,0,0,29.9,0.2,LOW
GRD-01634,STU-01634,2023,Second_Term_Jan_Apr,46,2,0,26.9,65.2,MEDIUM
GRD-01635,STU-01635,2023,Third_Term_May_Jul,45,1,0,16.9,68.5,MEDIUM
GRD-01636,STU-01636,2024,First_Term_Sep_Dec,13,0,0,83.7,2.4,LOW
GRD-01637,STU-01637,2025,Third_Term_May_Jul,16,0,0,34.0,,MEDIUM
GRD-01638,STU-01638,2023,First_Term_Sep_Dec,90,4,0,7.2,,HIGH
GRD-01639,STU-01639,2025,First_Term_Sep_Dec,0,2,1,24.3,63.6,LOW
GRD-01640,STU-01640,2025,Second_Term_Jan_Apr,113,6,0,4.4,,HIGH
GRD-01641,STU-01641,2023,Third_Term_May_Jul,21,0,0,20.0,,MEDIUM
GRD-01642,STU-01642,2023,Second_Term_Jan_Apr,21,0,0,27.8,,MEDIUM
GRD-01643,STU-01643,2023,Second_Term_Jan_Apr,39,0,0,82.9,3.0,LOW
GRD-01644,STU-01644,2024,Second_Term_Jan_Apr,0,2,0,26.2,92.8,LOW
GRD-01645,STU-01645,2024,Third_Term_May_Jul,166,2,0,4.8,,HIGH
GRD-01646,STU-01646,2025,Third_Term_May_Jul,0,2,1,26.3,89.9,LOW
GRD-01647,STU-01647,2025,First_Term_Sep_Dec,14,0,0,92.8,3.5,LOW
GRD-01648,STU-01648,2024,Third_Term_May_Jul,21,0,0,25.9,0.2,LOW
GRD-01649,STU-01649,2025,Second_Term_Jan_Apr,44,0,0,76.0,4.6,LOW
GRD-01650,STU-01650,2025,Third_Term_May_Jul,126,3,0,8.8,,HIGH
GRD-01651,STU-01651,2023,First_Term_Sep_Dec,92,4,0,4.2,,HIGH
GRD-01652,STU-01652,2024,Third_Term_May_Jul,19,0,0,92.9,5.7,LOW
GRD-01653,STU-01653,2023,First_Term_Sep_Dec,22,0,0,33.0,0.6,LOW
GRD-01654,STU-01654,2024,First_Term_Sep_Dec,16,0,0,94.6,5.2,LOW
GRD-01655,STU-01655,2025,Second_Term_Jan_Apr,62,3,0,28.1,75.1,MEDIUM
GRD-01656,STU-01656,2024,Second_Term_Jan_Apr,41,1,0,82.8,4.3,LOW
GRD-01657,STU-01657,2024,Second_Term_Jan_Apr,40,0,0,75.2,7.0,LOW
GRD-01658,STU-01658,2024,First_Term_Sep_Dec,22,1,0,29.8,57.6,LOW
GRD-01659,STU-01659,2025,First_Term_Sep_Dec,95,2,0,5.8,,HIGH
GRD-01660,STU-01660,2025,First_Term_Sep_Dec,7,0,0,26.3,55.4,LOW
GRD-01661,STU-01661,2025,First_Term_Sep_Dec,90,1,0,3.7,,HIGH
GRD-01662,STU-01662,2025,First_Term_Sep_Dec,16,0,0,28.8,0.2,LOW
GRD-01663,STU-01663,2023,First_Term_Sep_Dec,118,3,0,6.6,,HIGH
GRD-01664,STU-01664,2024,Second_Term_Jan_Apr,0,1,1,21.1,66.7,LOW
GRD-01665,STU-01665,2023,First_Term_Sep_Dec,0,1,0,26.8,61.6,LOW
GRD-01666,STU-01666,2025,First_Term_Sep_Dec,13,0,0,28.6,,LOW
GRD-01667,STU-01667,2025,First_Term_Sep_Dec,19,0,0,35.8,0.6,LOW
GRD-01668,STU-01668,2023,First_Term_Sep_Dec,19,0,0,24.9,0.7,LOW
GRD-01669,STU-01669,2025,Third_Term_May_Jul,0,2,1,15.2,83.0,LOW
GRD-01670,STU-01670,2024,First_Term_Sep_Dec,21,1,0,99.7,0.8,LOW
GRD-01671,STU-01671,2024,Second_Term_Jan_Apr,75,1,0,21.1,84.9,MEDIUM
GRD-01672,STU-01672,2024,Second_Term_Jan_Apr,10,0,0,25.9,60.1,LOW
GRD-01673,STU-01673,2024,Third_Term_May_Jul,2,1,0,28.1,74.5,LOW
GRD-01674,STU-01674,2023,First_Term_Sep_Dec,0,0,1,28.0,50.7,LOW
GRD-01675,STU-01675,2023,First_Term_Sep_Dec,55,1,0,29.9,75.3,MEDIUM
GRD-01676,STU-01676,2025,Second_Term_Jan_Apr,46,0,0,81.1,3.0,LOW
GRD-01677,STU-01677,2024,First_Term_Sep_Dec,0,0,1,89.7,2.7,LOW
GRD-01678,STU-01678,2023,First_Term_Sep_Dec,16,0,0,99.0,3.0,LOW
GRD-01679,STU-01679,2024,Second_Term_Jan_Apr,20,0,0,22.2,,MEDIUM
GRD-01680,STU-01680,2024,Second_Term_Jan_Apr,0,1,1,32.4,90.0,LOW
GRD-01681,STU-01681,2024,First_Term_Sep_Dec,32,2,0,26.1,58.7,MEDIUM
GRD-01682,STU-01682,2024,First_Term_Sep_Dec,16,0,0,34.4,0.6,LOW
GRD-01683,STU-01683,2024,First_Term_Sep_Dec,8,1,0,87.9,3.1,LOW
GRD-01684,STU-01684,2025,Third_Term_May_Jul,50,2,0,23.9,77.1,MEDIUM
GRD-01685,STU-01685,2023,First_Term_Sep_Dec,94,5,0,5.4,,HIGH
GRD-01686,STU-01686,2023,First_Term_Sep_Dec,18,0,0,23.0,,MEDIUM
GRD-01687,STU-01687,2024,Third_Term_May_Jul,15,0,0,99.8,5.0,LOW
GRD-01688,STU-01688,2025,First_Term_Sep_Dec,72,0,0,19.7,43.8,MEDIUM
GRD-01689,STU-01689,2023,Second_Term_Jan_Apr,16,0,0,26.1,,MEDIUM
GRD-01690,STU-01690,2025,First_Term_Sep_Dec,11,0,0,99.0,3.2,LOW
GRD-01691,STU-01691,2025,Third_Term_May_Jul,28,1,0,85.6,5.8,LOW
GRD-01692,STU-01692,2023,Second_Term_Jan_Apr,16,1,0,20.6,62.0,LOW
GRD-01693,STU-01693,2025,Second_Term_Jan_Apr,30,2,0,27.5,87.3,LOW
GRD-01694,STU-01694,2025,Second_Term_Jan_Apr,42,1,0,79.0,4.8,LOW
GRD-01695,STU-01695,2023,Third_Term_May_Jul,27,0,0,90.5,4.1,LOW
GRD-01696,STU-01696,2024,Third_Term_May_Jul,180,3,0,2.5,,HIGH
GRD-01697,STU-01697,2025,First_Term_Sep_Dec,70,2,0,25.1,59.6,MEDIUM
GRD-01698,STU-01698,2023,Second_Term_Jan_Apr,0,2,1,29.9,70.5,LOW
GRD-01699,STU-01699,2024,First_Term_Sep_Dec,90,6,0,0.4,,HIGH
GRD-01700,STU-01700,2024,Third_Term_May_Jul,147,6,0,2.1,,HIGH
GRD-01701,STU-01701,2023,Second_Term_Jan_Apr,105,7,0,6.1,,HIGH
GRD-01702,STU-01702,2024,First_Term_Sep_Dec,20,1,0,92.7,5.5,LOW
GRD-01703,STU-01703,2023,First_Term_Sep_Dec,17,0,0,99.8,3.9,LOW
GRD-01704,STU-01704,2023,First_Term_Sep_Dec,0,2,1,32.0,54.1,LOW
GRD-01705,STU-01705,2024,Third_Term_May_Jul,25,0,0,94.4,6.4,LOW
GRD-01706,STU-01706,2023,Third_Term_May_Jul,16,0,0,33.8,,MEDIUM
GRD-01707,STU-01707,2023,Third_Term_May_Jul,13,0,0,29.1,,LOW
GRD-01708,STU-01708,2025,First_Term_Sep_Dec,90,3,0,6.7,,HIGH
GRD-01709,STU-01709,2025,Third_Term_May_Jul,131,0,0,6.1,,HIGH
GRD-01710,STU-01710,2023,Second_Term_Jan_Apr,40,0,0,77.4,5.1,LOW
GRD-01711,STU-01711,2024,Second_Term_Jan_Apr,46,1,0,29.0,73.9,MEDIUM
GRD-01712,STU-01712,2024,Third_Term_May_Jul,22,0,0,34.8,0.4,LOW
GRD-01713,STU-01713,2025,Second_Term_Jan_Apr,45,0,0,86.8,3.6,LOW
GRD-01714,STU-01714,2025,Third_Term_May_Jul,179,7,0,3.5,,HIGH
GRD-01715,STU-01715,2024,First_Term_Sep_Dec,90,5,0,6.7,,HIGH
GRD-01716,STU-01716,2025,First_Term_Sep_Dec,17,0,0,36.8,0.6,LOW
GRD-01717,STU-01717,2023,First_Term_Sep_Dec,13,0,0,93.4,4.9,LOW
GRD-01718,STU-01718,2025,Second_Term_Jan_Apr,19,0,0,23.4,,MEDIUM
GRD-01719,STU-01719,2025,First_Term_Sep_Dec,17,0,0,88.6,2.4,LOW
GRD-01720,STU-01720,2024,Third_Term_May_Jul,10,2,0,18.6,40.3,LOW
GRD-01721,STU-01721,2025,Third_Term_May_Jul,23,1,0,93.5,3.3,LOW
GRD-01722,STU-01722,2025,Third_Term_May_Jul,79,1,0,15.0,52.8,MEDIUM
GRD-01723,STU-01723,2024,First_Term_Sep_Dec,0,1,1,27.7,53.6,LOW
GRD-01724,STU-01724,2025,Second_Term_Jan_Apr,21,0,0,32.2,0.4,LOW
GRD-01725,STU-01725,2024,Second_Term_Jan_Apr,0,2,0,27.0,88.0,LOW
GRD-01726,STU-01726,2024,First_Term_Sep_Dec,19,0,0,88.2,1.6,LOW
GRD-01727,STU-01727,2025,Third_Term_May_Jul,14,0,0,36.2,0.6,LOW
GRD-01728,STU-01728,2024,First_Term_Sep_Dec,23,0,0,28.7,,MEDIUM
GRD-01729,STU-01729,2024,Third_Term_May_Jul,21,1,0,87.7,1.5,LOW
GRD-01730,STU-01730,2025,First_Term_Sep_Dec,20,0,0,96.6,2.0,LOW
GRD-01731,STU-01731,2023,First_Term_Sep_Dec,16,0,0,40.0,,LOW
GRD-01732,STU-01732,2023,First_Term_Sep_Dec,0,1,1,33.5,60.6,LOW
GRD-01733,STU-01733,2025,Third_Term_May_Jul,52,1,0,30.7,53.3,MEDIUM
GRD-01734,STU-01734,2024,First_Term_Sep_Dec,0,2,1,40.4,69.6,LOW
GRD-01735,STU-01735,2025,First_Term_Sep_Dec,13,1,0,34.5,58.4,LOW
GRD-01736,STU-01736,2025,First_Term_Sep_Dec,0,2,1,27.8,68.6,LOW
GRD-01737,STU-01737,2025,Third_Term_May_Jul,28,1,0,93.1,1.8,LOW
GRD-01738,STU-01738,2023,First_Term_Sep_Dec,74,0,0,25.0,43.0,MEDIUM
GRD-01739,STU-01739,2023,Third_Term_May_Jul,27,1,0,26.3,62.0,LOW
GRD-01740,STU-01740,2025,Third_Term_May_Jul,191,4,0,9.4,,HIGH
GRD-01741,STU-01741,2025,Third_Term_May_Jul,167,6,0,7.3,,HIGH
GRD-01742,STU-01742,2023,First_Term_Sep_Dec,101,4,0,6.7,,HIGH
GRD-01743,STU-01743,2025,First_Term_Sep_Dec,10,0,0,94.7,3.0,LOW
GRD-01744,STU-01744,2023,Second_Term_Jan_Apr,0,0,1,69.4,2.8,LOW
GRD-01745,STU-01745,2025,Second_Term_Jan_Apr,30,1,0,15.5,69.4,LOW
GRD-01746,STU-01746,2024,Third_Term_May_Jul,10,0,0,23.1,0.1,LOW
GRD-01747,STU-01747,2025,Third_Term_May_Jul,19,0,0,40.0,,LOW
GRD-01748,STU-01748,2023,Second_Term_Jan_Apr,51,0,0,84.0,1.6,LOW
GRD-01749,STU-01749,2025,First_Term_Sep_Dec,90,3,0,11.5,,HIGH
GRD-01750,STU-01750,2023,Second_Term_Jan_Apr,160,7,0,3.4,,HIGH
GRD-01751,STU-01751,2025,Second_Term_Jan_Apr,57,0,0,16.3,73.8,LOW
GRD-01752,STU-01752,2025,Third_Term_May_Jul,0,1,1,23.1,67.5,LOW
GRD-01753,STU-01753,2025,Second_Term_Jan_Apr,68,1,0,29.8,66.8,MEDIUM
GRD-01754,STU-01754,2023,Second_Term_Jan_Apr,59,2,0,14.6,79.0,MEDIUM
GRD-01755,STU-01755,2024,Third_Term_May_Jul,120,4,0,3.6,,HIGH
GRD-01756,STU-01756,2023,Third_Term_May_Jul,0,2,1,23.1,82.9,LOW
GRD-01757,STU-01757,2024,Second_Term_Jan_Apr,39,0,0,85.0,3.1,LOW
GRD-01758,STU-01758,2023,First_Term_Sep_Dec,13,0,0,24.5,0.6,LOW
GRD-01759,STU-01759,2025,Third_Term_May_Jul,30,2,0,97.0,4.6,LOW
GRD-01760,STU-01760,2024,First_Term_Sep_Dec,18,0,0,88.3,0.8,LOW
GRD-01761,STU-01761,2024,First_Term_Sep_Dec,19,1,0,90.4,2.8,LOW
GRD-01762,STU-01762,2025,Second_Term_Jan_Apr,16,0,0,31.9,0.2,LOW
GRD-01763,STU-01763,2024,Second_Term_Jan_Apr,31,0,0,76.4,1.5,LOW
GRD-01764,STU-01764,2024,Second_Term_Jan_Apr,139,1,0,0.0,,HIGH
GRD-01765,STU-01765,2025,Second_Term_Jan_Apr,17,0,0,30.5,0.4,LOW
GRD-01766,STU-01766,2025,First_Term_Sep_Dec,90,4,0,6.9,,HIGH
GRD-01767,STU-01767,2023,Third_Term_May_Jul,26,0,0,87.4,2.6,LOW
GRD-01768,STU-01768,2025,First_Term_Sep_Dec,90,3,0,7.7,,HIGH
GRD-01769,STU-01769,2023,Third_Term_May_Jul,25,0,0,95.0,4.5,LOW
GRD-01770,STU-01770,2023,Third_Term_May_Jul,0,1,1,32.2,63.5,LOW
GRD-01771,STU-01771,2024,Third_Term_May_Jul,35,1,0,89.4,3.0,LOW
GRD-01772,STU-01772,2024,Second_Term_Jan_Apr,122,2,0,4.5,,HIGH
GRD-01773,STU-01773,2025,Third_Term_May_Jul,61,2,0,25.0,69.5,MEDIUM
GRD-01774,STU-01774,2024,Second_Term_Jan_Apr,106,1,0,1.1,,HIGH
GRD-01775,STU-01775,2023,Third_Term_May_Jul,23,0,0,99.0,3.6,LOW
GRD-01776,STU-01776,2023,Third_Term_May_Jul,17,1,0,94.1,2.6,LOW
GRD-01777,STU-01777,2024,Third_Term_May_Jul,15,0,0,31.9,,MEDIUM
GRD-01778,STU-01778,2025,Third_Term_May_Jul,33,1,0,90.4,6.0,LOW
GRD-01779,STU-01779,2023,First_Term_Sep_Dec,4,2,0,35.9,43.8,LOW
GRD-01780,STU-01780,2025,First_Term_Sep_Dec,24,0,0,27.9,,MEDIUM
GRD-01781,STU-01781,2025,Third_Term_May_Jul,20,1,0,89.6,4.2,LOW
GRD-01782,STU-01782,2023,Second_Term_Jan_Apr,0,0,1,36.8,,LOW
GRD-01783,STU-01783,2024,Third_Term_May_Jul,14,0,0,32.4,,LOW
GRD-01784,STU-01784,2024,First_Term_Sep_Dec,0,1,1,24.3,57.0,LOW
GRD-01785,STU-01785,2024,First_Term_Sep_Dec,16,0,0,84.7,0.8,LOW
GRD-01786,STU-01786,2025,Second_Term_Jan_Apr,34,0,0,87.0,4.6,LOW
GRD-01787,STU-01787,2025,Third_Term_May_Jul,13,0,0,20.7,0.5,LOW
GRD-01788,STU-01788,2023,Third_Term_May_Jul,0,1,0,32.7,71.5,LOW
GRD-01789,STU-01789,2023,Third_Term_May_Jul,27,1,0,78.9,3.8,LOW
GRD-01790,STU-01790,2023,First_Term_Sep_Dec,62,2,0,13.5,61.6,MEDIUM
GRD-01791,STU-01791,2025,Third_Term_May_Jul,146,5,0,5.0,,HIGH
GRD-01792,STU-01792,2023,Third_Term_May_Jul,38,1,0,28.1,52.7,MEDIUM
GRD-01793,STU-01793,2024,Second_Term_Jan_Apr,153,2,0,9.4,,HIGH
GRD-01794,STU-01794,2025,Third_Term_May_Jul,67,1,0,33.3,43.0,MEDIUM
GRD-01795,STU-01795,2023,First_Term_Sep_Dec,91,6,0,9.1,,HIGH
GRD-01796,STU-01796,2023,First_Term_Sep_Dec,19,0,0,34.9,0.5,LOW
GRD-01797,STU-01797,2023,Third_Term_May_Jul,34,1,0,92.4,4.0,LOW
GRD-01798,STU-01798,2025,Second_Term_Jan_Apr,43,2,0,18.6,58.4,MEDIUM
GRD-01799,STU-01799,2023,Second_Term_Jan_Apr,2,2,0,15.1,81.3,LOW
GRD-01800,STU-01800,2025,First_Term_Sep_Dec,31,1,0,40.5,73.8,LOW
GRD-01801,STU-01801,2025,Third_Term_May_Jul,120,6,0,4.6,,HIGH
GRD-01802,STU-01802,2025,First_Term_Sep_Dec,19,1,0,33.0,54.3,LOW
GRD-01803,STU-01803,2023,Third_Term_May_Jul,153,2,0,0.0,,HIGH
GRD-01804,STU-01804,2023,Second_Term_Jan_Apr,26,3,0,16.9,59.6,MEDIUM
GRD-01805,STU-01805,2024,Second_Term_Jan_Apr,34,0,0,79.4,4.6,LOW
GRD-01806,STU-01806,2023,Third_Term_May_Jul,31,0,0,97.7,3.6,LOW
GRD-01807,STU-01807,2025,Second_Term_Jan_Apr,27,0,0,78.0,6.3,LOW
GRD-01808,STU-01808,2023,Third_Term_May_Jul,14,2,0,19.7,86.8,LOW
GRD-01809,STU-01809,2025,First_Term_Sep_Dec,0,1,1,30.0,69.3,LOW
GRD-01810,STU-01810,2025,First_Term_Sep_Dec,20,0,0,92.9,0.8,LOW
GRD-01811,STU-01811,2024,Second_Term_Jan_Apr,33,2,0,24.5,80.2,MEDIUM
GRD-01812,STU-01812,2024,Second_Term_Jan_Apr,31,1,0,75.5,6.5,LOW
GRD-01813,STU-01813,2023,Second_Term_Jan_Apr,103,0,0,28.4,50.7,MEDIUM
GRD-01814,STU-01814,2024,Third_Term_May_Jul,22,0,0,88.3,4.8,LOW
GRD-01815,STU-01815,2023,Second_Term_Jan_Apr,17,0,0,30.1,,MEDIUM
GRD-01816,STU-01816,2025,First_Term_Sep_Dec,13,0,0,28.2,0.4,LOW
GRD-01817,STU-01817,2023,First_Term_Sep_Dec,20,0,0,38.2,0.4,LOW
GRD-01818,STU-01818,2024,Second_Term_Jan_Apr,40,0,0,81.1,4.8,LOW
GRD-01819,STU-01819,2023,First_Term_Sep_Dec,90,4,0,7.4,,HIGH
GRD-01820,STU-01820,2024,First_Term_Sep_Dec,37,2,0,14.9,77.1,MEDIUM
GRD-01821,STU-01821,2025,Third_Term_May_Jul,161,4,0,1.8,,HIGH
GRD-01822,STU-01822,2023,Second_Term_Jan_Apr,122,6,0,8.9,,HIGH
GRD-01823,STU-01823,2024,Third_Term_May_Jul,24,0,0,92.2,2.9,LOW
GRD-01824,STU-01824,2024,Second_Term_Jan_Apr,50,1,0,84.2,5.3,LOW
GRD-01825,STU-01825,2023,Second_Term_Jan_Apr,41,1,0,79.9,8.4,LOW
GRD-01826,STU-01826,2023,First_Term_Sep_Dec,16,1,0,95.6,4.6,LOW
GRD-01827,STU-01827,2023,First_Term_Sep_Dec,15,0,0,92.6,3.3,LOW
GRD-01828,STU-01828,2024,First_Term_Sep_Dec,22,2,0,28.8,51.8,LOW
GRD-01829,STU-01829,2024,First_Term_Sep_Dec,12,1,0,26.6,85.7,LOW
GRD-01830,STU-01830,2024,First_Term_Sep_Dec,40,1,0,31.9,59.1,MEDIUM
GRD-01831,STU-01831,2025,First_Term_Sep_Dec,38,1,0,24.9,73.4,MEDIUM
GRD-01832,STU-01832,2025,First_Term_Sep_Dec,19,1,0,90.6,4.0,LOW
GRD-01833,STU-01833,2023,Third_Term_May_Jul,15,0,0,27.8,0.4,LOW
GRD-01834,STU-01834,2025,First_Term_Sep_Dec,40,3,0,31.0,75.8,MEDIUM
GRD-01835,STU-01835,2024,Third_Term_May_Jul,29,1,0,84.7,5.0,LOW
GRD-01836,STU-01836,2025,Second_Term_Jan_Apr,22,0,0,23.6,,MEDIUM
GRD-01837,STU-01837,2023,First_Term_Sep_Dec,0,1,1,19.6,46.8,LOW
GRD-01838,STU-01838,2023,Third_Term_May_Jul,138,6,0,1.8,,HIGH
GRD-01839,STU-01839,2025,Third_Term_May_Jul,62,2,0,13.7,59.5,MEDIUM
GRD-01840,STU-01840,2024,Second_Term_Jan_Apr,18,0,0,39.5,0.4,LOW
GRD-01841,STU-01841,2024,Second_Term_Jan_Apr,93,3,0,27.8,69.5,HIGH
GRD-01842,STU-01842,2023,Second_Term_Jan_Apr,28,0,0,79.9,6.3,LOW
GRD-01843,STU-01843,2024,Second_Term_Jan_Apr,102,7,0,6.4,,HIGH
GRD-01844,STU-01844,2025,Second_Term_Jan_Apr,36,0,0,78.5,6.3,LOW
GRD-01845,STU-01845,2023,Third_Term_May_Jul,19,1,0,91.4,2.9,LOW
GRD-01846,STU-01846,2024,Second_Term_Jan_Apr,92,2,0,6.2,,HIGH
GRD-01847,STU-01847,2025,First_Term_Sep_Dec,18,1,0,28.4,80.4,LOW
GRD-01848,STU-01848,2025,Second_Term_Jan_Apr,21,0,0,28.8,0.4,LOW
GRD-01849,STU-01849,2023,First_Term_Sep_Dec,19,0,0,95.4,3.5,LOW
GRD-01850,STU-01850,2023,First_Term_Sep_Dec,11,1,0,89.6,0.8,LOW
GRD-01851,STU-01851,2023,Second_Term_Jan_Apr,95,7,0,3.7,,HIGH
GRD-01852,STU-01852,2024,Second_Term_Jan_Apr,110,4,0,1.9,,HIGH
GRD-01853,STU-01853,2025,Second_Term_Jan_Apr,32,1,0,23.5,55.2,MEDIUM
GRD-01854,STU-01854,2025,First_Term_Sep_Dec,14,1,0,92.1,4.2,LOW
GRD-01855,STU-01855,2025,Second_Term_Jan_Apr,14,0,0,28.3,0.1,LOW
GRD-01856,STU-01856,2023,Second_Term_Jan_Apr,145,3,0,4.6,,HIGH
GRD-01857,STU-01857,2023,First_Term_Sep_Dec,11,0,0,89.9,4.1,LOW
GRD-01858,STU-01858,2025,Third_Term_May_Jul,47,0,0,40.5,76.8,LOW
GRD-01859,STU-01859,2024,First_Term_Sep_Dec,20,0,0,30.7,0.2,LOW
GRD-01860,STU-01860,2024,Second_Term_Jan_Apr,22,3,0,30.0,57.7,MEDIUM
GRD-01861,STU-01861,2023,Second_Term_Jan_Apr,0,2,1,20.9,87.8,LOW
GRD-01862,STU-01862,2023,Second_Term_Jan_Apr,40,0,0,90.4,4.5,LOW
GRD-01863,STU-01863,2024,First_Term_Sep_Dec,15,0,0,24.5,,MEDIUM
GRD-01864,STU-01864,2024,First_Term_Sep_Dec,13,0,0,31.7,0.6,LOW
GRD-01865,STU-01865,2025,Second_Term_Jan_Apr,9,0,0,38.0,,LOW
GRD-01866,STU-01866,2025,First_Term_Sep_Dec,0,1,1,94.1,2.2,LOW
GRD-01867,STU-01867,2024,First_Term_Sep_Dec,16,0,0,91.2,2.7,LOW
GRD-01868,STU-01868,2025,Third_Term_May_Jul,36,1,0,26.4,62.3,MEDIUM
GRD-01869,STU-01869,2025,First_Term_Sep_Dec,19,0,0,27.3,0.4,LOW
GRD-01870,STU-01870,2024,First_Term_Sep_Dec,96,6,0,9.8,,HIGH
GRD-01871,STU-01871,2024,Third_Term_May_Jul,153,3,0,4.1,,HIGH
GRD-01872,STU-01872,2024,Third_Term_May_Jul,57,2,0,22.7,52.3,MEDIUM
GRD-01873,STU-01873,2023,First_Term_Sep_Dec,20,1,0,93.5,3.8,LOW
GRD-01874,STU-01874,2024,Second_Term_Jan_Apr,21,0,0,24.9,0.4,LOW
GRD-01875,STU-01875,2023,First_Term_Sep_Dec,19,0,0,28.7,0.3,LOW
GRD-01876,STU-01876,2024,Second_Term_Jan_Apr,18,0,0,20.7,0.4,LOW
GRD-01877,STU-01877,2024,First_Term_Sep_Dec,22,2,0,29.9,38.8,LOW
GRD-01878,STU-01878,2024,First_Term_Sep_Dec,35,1,0,21.3,62.7,MEDIUM
GRD-01879,STU-01879,2024,Third_Term_May_Jul,21,0,0,33.9,,MEDIUM
GRD-01880,STU-01880,2024,Second_Term_Jan_Apr,0,0,1,33.8,,LOW
GRD-01881,STU-01881,2025,First_Term_Sep_Dec,0,0,1,37.3,0.4,LOW
GRD-01882,STU-01882,2024,First_Term_Sep_Dec,0,2,1,31.0,53.1,LOW
GRD-01883,STU-01883,2023,Third_Term_May_Jul,0,2,0,29.5,53.7,LOW
GRD-01884,STU-01884,2024,Third_Term_May_Jul,23,1,0,91.6,2.6,LOW
GRD-01885,STU-01885,2023,Third_Term_May_Jul,26,1,0,93.8,1.2,LOW
GRD-01886,STU-01886,2024,Second_Term_Jan_Apr,33,2,0,32.7,79.3,MEDIUM
GRD-01887,STU-01887,2024,Second_Term_Jan_Apr,34,2,0,27.4,68.1,MEDIUM
GRD-01888,STU-01888,2024,Third_Term_May_Jul,27,1,0,33.0,63.9,LOW
GRD-01889,STU-01889,2025,Second_Term_Jan_Apr,56,2,0,27.0,74.1,MEDIUM
GRD-01890,STU-01890,2025,Third_Term_May_Jul,22,1,0,94.0,4.8,LOW
GRD-01891,STU-01891,2024,Third_Term_May_Jul,20,1,0,91.4,2.0,LOW
GRD-01892,STU-01892,2025,Third_Term_May_Jul,26,0,0,91.7,3.9,LOW
GRD-01893,STU-01893,2024,Second_Term_Jan_Apr,160,2,0,0.2,,HIGH
GRD-01894,STU-01894,2025,Second_Term_Jan_Apr,38,1,0,72.2,5.1,LOW
GRD-01895,STU-01895,2024,Third_Term_May_Jul,67,2,0,38.0,80.6,MEDIUM
GRD-01896,STU-01896,2024,Third_Term_May_Jul,23,0,0,92.2,3.3,LOW
GRD-01897,STU-01897,2023,Second_Term_Jan_Apr,15,0,0,29.7,,MEDIUM
GRD-01898,STU-01898,2025,Second_Term_Jan_Apr,23,0,0,32.1,,MEDIUM
GRD-01899,STU-01899,2025,First_Term_Sep_Dec,0,0,1,26.1,,LOW
GRD-01900,STU-01900,2025,Third_Term_May_Jul,60,2,0,13.5,55.1,MEDIUM
GRD-01901,STU-01901,2025,Second_Term_Jan_Apr,73,1,0,35.1,71.8,MEDIUM
GRD-01902,STU-01902,2023,Second_Term_Jan_Apr,31,0,0,85.9,5.7,LOW
GRD-01903,STU-01903,2024,Third_Term_May_Jul,22,0,0,85.5,3.7,LOW
GRD-01904,STU-01904,2025,Third_Term_May_Jul,29,1,0,24.8,53.4,LOW
GRD-01905,STU-01905,2023,First_Term_Sep_Dec,43,1,0,15.4,45.6,MEDIUM
GRD-01906,STU-01906,2024,Second_Term_Jan_Apr,44,2,0,28.1,63.4,MEDIUM
GRD-01907,STU-01907,2024,Second_Term_Jan_Apr,32,0,0,84.4,8.1,LOW
GRD-01908,STU-01908,2023,Second_Term_Jan_Apr,19,0,0,29.1,0.4,LOW
GRD-01909,STU-01909,2023,First_Term_Sep_Dec,22,0,0,32.1,0.2,LOW
GRD-01910,STU-01910,2025,First_Term_Sep_Dec,7,0,0,84.9,2.8,LOW
GRD-01911,STU-01911,2025,Third_Term_May_Jul,56,1,0,40.5,62.4,LOW
GRD-01912,STU-01912,2025,Third_Term_May_Jul,51,0,0,38.4,59.4,LOW
GRD-01913,STU-01913,2024,Third_Term_May_Jul,45,1,0,26.8,72.3,MEDIUM
GRD-01914,STU-01914,2024,Second_Term_Jan_Apr,133,6,0,6.8,,HIGH
GRD-01915,STU-01915,2023,First_Term_Sep_Dec,17,0,0,88.1,2.3,LOW
GRD-01916,STU-01916,2024,First_Term_Sep_Dec,95,5,0,4.9,,HIGH
GRD-01917,STU-01917,2023,Second_Term_Jan_Apr,90,6,0,3.9,,HIGH
GRD-01918,STU-01918,2024,First_Term_Sep_Dec,15,0,0,89.4,0.8,LOW
GRD-01919,STU-01919,2023,Third_Term_May_Jul,29,1,0,19.0,82.9,LOW
GRD-01920,STU-01920,2023,First_Term_Sep_Dec,21,0,0,94.1,2.5,LOW
GRD-01921,STU-01921,2025,Second_Term_Jan_Apr,29,0,0,74.8,8.3,LOW
GRD-01922,STU-01922,2025,Third_Term_May_Jul,30,2,0,27.9,52.6,LOW
GRD-01923,STU-01923,2023,Third_Term_May_Jul,0,1,1,36.4,82.0,LOW
GRD-01924,STU-01924,2024,Third_Term_May_Jul,106,7,0,4.1,,HIGH
GRD-01925,STU-01925,2025,First_Term_Sep_Dec,17,0,0,85.6,0.8,LOW
GRD-01926,STU-01926,2024,Second_Term_Jan_Apr,36,0,0,87.9,6.9,LOW
GRD-01927,STU-01927,2024,Third_Term_May_Jul,19,0,0,98.5,2.4,LOW
GRD-01928,STU-01928,2023,Second_Term_Jan_Apr,27,0,0,83.8,5.8,LOW
GRD-01929,STU-01929,2023,Third_Term_May_Jul,14,0,0,20.0,,LOW
GRD-01930,STU-01930,2025,First_Term_Sep_Dec,22,0,0,91.3,2.4,LOW
GRD-01931,STU-01931,2023,Third_Term_May_Jul,28,1,0,84.1,3.4,LOW
GRD-01932,STU-01932,2025,Third_Term_May_Jul,26,0,0,92.7,1.3,LOW
GRD-01933,STU-01933,2024,First_Term_Sep_Dec,20,1,0,33.9,60.2,LOW
GRD-01934,STU-01934,2025,Second_Term_Jan_Apr,121,1,0,2.2,,HIGH
GRD-01935,STU-01935,2024,Third_Term_May_Jul,14,0,0,38.8,0.3,LOW
GRD-01936,STU-01936,2025,First_Term_Sep_Dec,92,5,0,3.8,,HIGH
GRD-01937,STU-01937,2023,First_Term_Sep_Dec,63,2,0,36.5,40.4,MEDIUM
GRD-01938,STU-01938,2024,Second_Term_Jan_Apr,36,1,0,77.4,5.7,LOW
GRD-01939,STU-01939,2023,Third_Term_May_Jul,0,1,1,26.0,59.9,LOW
GRD-01940,STU-01940,2025,Second_Term_Jan_Apr,41,0,0,77.5,6.4,LOW
GRD-01941,STU-01941,2025,Second_Term_Jan_Apr,158,2,0,0.0,,HIGH
GRD-01942,STU-01942,2024,Third_Term_May_Jul,14,0,0,27.6,,LOW
GRD-01943,STU-01943,2025,First_Term_Sep_Dec,2,1,0,18.9,86.7,LOW
GRD-01944,STU-01944,2023,First_Term_Sep_Dec,95,1,0,4.7,,HIGH
GRD-01945,STU-01945,2024,Second_Term_Jan_Apr,31,0,0,70.4,3.7,LOW
GRD-01946,STU-01946,2023,Third_Term_May_Jul,0,2,1,30.4,52.0,LOW
GRD-01947,STU-01947,2024,Third_Term_May_Jul,30,0,0,91.5,1.4,LOW
GRD-01948,STU-01948,2025,Third_Term_May_Jul,101,4,0,1.2,,HIGH
GRD-01949,STU-01949,2023,Third_Term_May_Jul,113,5,0,7.0,,HIGH
GRD-01950,STU-01950,2023,Third_Term_May_Jul,91,3,0,4.8,,HIGH
GRD-01951,STU-01951,2025,Third_Term_May_Jul,131,6,0,3.2,,HIGH
GRD-01952,STU-01952,2024,Second_Term_Jan_Apr,82,2,0,31.3,65.2,MEDIUM
GRD-01953,STU-01953,2024,Third_Term_May_Jul,59,2,0,23.6,62.1,MEDIUM
GRD-01954,STU-01954,2025,Third_Term_May_Jul,121,4,0,7.3,,HIGH
GRD-01955,STU-01955,2023,Third_Term_May_Jul,126,4,0,2.6,,HIGH
GRD-01956,STU-01956,2023,First_Term_Sep_Dec,90,5,0,10.1,,HIGH
GRD-01957,STU-01957,2024,First_Term_Sep_Dec,33,2,0,22.8,74.9,MEDIUM
GRD-01958,STU-01958,2025,First_Term_Sep_Dec,59,2,0,36.5,92.6,MEDIUM
GRD-01959,STU-01959,2023,Third_Term_May_Jul,0,1,1,83.2,5.3,LOW
GRD-01960,STU-01960,2025,Third_Term_May_Jul,94,5,0,3.9,,HIGH
GRD-01961,STU-01961,2025,Second_Term_Jan_Apr,9,1,0,19.1,81.4,LOW
GRD-01962,STU-01962,2024,Third_Term_May_Jul,110,5,0,2.2,,HIGH
GRD-01963,STU-01963,2024,Third_Term_May_Jul,156,4,0,3.9,,HIGH
GRD-01964,STU-01964,2024,First_Term_Sep_Dec,90,5,0,10.5,,HIGH
GRD-01965,STU-01965,2023,First_Term_Sep_Dec,12,0,0,36.4,,LOW
GRD-01966,STU-01966,2023,Third_Term_May_Jul,31,1,0,92.0,2.5,LOW
GRD-01967,STU-01967,2023,Third_Term_May_Jul,0,1,0,36.7,66.2,LOW
GRD-01968,STU-01968,2024,Second_Term_Jan_Apr,47,0,0,75.0,5.2,LOW
GRD-01969,STU-01969,2024,Second_Term_Jan_Apr,94,4,0,3.1,,HIGH
GRD-01970,STU-01970,2025,First_Term_Sep_Dec,17,1,0,27.6,66.8,LOW
GRD-01971,STU-01971,2023,First_Term_Sep_Dec,21,0,0,36.4,0.4,LOW
GRD-01972,STU-01972,2023,Third_Term_May_Jul,0,2,1,22.1,72.8,LOW
GRD-01973,STU-01973,2023,Third_Term_May_Jul,0,1,1,34.7,0.3,LOW
GRD-01974,STU-01974,2024,First_Term_Sep_Dec,13,0,0,33.4,,LOW
GRD-01975,STU-01975,2024,First_Term_Sep_Dec,90,4,0,1.3,,HIGH
GRD-01976,STU-01976,2024,First_Term_Sep_Dec,34,1,0,29.7,60.6,MEDIUM
GRD-01977,STU-01977,2023,Third_Term_May_Jul,23,1,0,99.4,3.2,LOW
GRD-01978,STU-01978,2023,First_Term_Sep_Dec,37,2,0,23.9,72.7,MEDIUM
GRD-01979,STU-01979,2024,Second_Term_Jan_Apr,39,2,0,25.1,82.0,MEDIUM
GRD-01980,STU-01980,2023,Third_Term_May_Jul,0,2,1,16.8,73.4,LOW
GRD-01981,STU-01981,2023,Third_Term_May_Jul,18,0,0,32.1,0.5,LOW
GRD-01982,STU-01982,2023,Third_Term_May_Jul,16,0,0,34.6,0.4,LOW
GRD-01983,STU-01983,2025,Second_Term_Jan_Apr,21,0,0,28.3,,MEDIUM
GRD-01984,STU-01984,2023,Second_Term_Jan_Apr,112,5,0,7.2,,HIGH
GRD-01985,STU-01985,2025,Third_Term_May_Jul,114,3,0,3.6,,HIGH
GRD-01986,STU-01986,2023,Second_Term_Jan_Apr,44,0,0,72.4,5.5,LOW
GRD-01987,STU-01987,2023,First_Term_Sep_Dec,90,5,0,10.7,,HIGH
GRD-01988,STU-01988,2025,Third_Term_May_Jul,13,0,0,26.1,,LOW
GRD-01989,STU-01989,2024,First_Term_Sep_Dec,15,1,0,83.2,4.2,LOW
GRD-01990,STU-01990,2023,First_Term_Sep_Dec,14,0,0,28.8,0.5,LOW
GRD-01991,STU-01991,2025,Second_Term_Jan_Apr,33,0,0,78.8,4.8,LOW
GRD-01992,STU-01992,2025,First_Term_Sep_Dec,15,0,0,89.7,4.8,LOW
GRD-01993,STU-01993,2025,Third_Term_May_Jul,23,1,0,92.8,3.8,LOW
GRD-01994,STU-01994,2025,First_Term_Sep_Dec,21,1,0,84.6,5.5,LOW
GRD-01995,STU-01995,2025,Second_Term_Jan_Apr,18,0,0,31.6,,MEDIUM
GRD-01996,STU-01996,2023,First_Term_Sep_Dec,90,5,0,5.8,,HIGH
GRD-01997,STU-01997,2023,Second_Term_Jan_Apr,15,0,0,26.1,0.5,LOW
GRD-01998,STU-01998,2024,First_Term_Sep_Dec,10,1,0,90.8,2.8,LOW
GRD-01999,STU-01999,2025,Second_Term_Jan_Apr,103,4,0,6.8,,HIGH
GRD-02000,STU-02000,2025,Third_Term_May_Jul,34,2,0,30.4,53.7,MEDIUM
GRD-02001,STU-02001,2023,First_Term_Sep_Dec,16,0,0,100.0,4.5,LOW
GRD-02002,STU-02002,2023,Second_Term_Jan_Apr,90,2,0,3.8,,HIGH
GRD-02003,STU-02003,2025,First_Term_Sep_Dec,90,3,0,2.7,,HIGH
GRD-02004,STU-02004,2025,Third_Term_May_Jul,46,1,0,23.5,64.2,MEDIUM
GRD-02005,STU-02005,2025,First_Term_Sep_Dec,0,2,0,31.9,57.7,LOW
GRD-02006,STU-02006,2025,Third_Term_May_Jul,33,0,0,96.6,2.8,LOW
GRD-02007,STU-02007,2025,Third_Term_May_Jul,31,2,0,82.7,2.3,LOW
GRD-02008,STU-02008,2025,First_Term_Sep_Dec,17,0,0,25.3,0.9,LOW
GRD-02009,STU-02009,2025,First_Term_Sep_Dec,79,1,0,28.2,58.1,MEDIUM
GRD-02010,STU-02010,2024,First_Term_Sep_Dec,90,6,0,5.4,,HIGH
GRD-02011,STU-02011,2024,Second_Term_Jan_Apr,14,0,0,37.2,,LOW
GRD-02012,STU-02012,2024,Second_Term_Jan_Apr,17,0,0,29.1,0.4,LOW
GRD-02013,STU-02013,2023,Second_Term_Jan_Apr,36,0,0,80.9,9.7,LOW
GRD-02014,STU-02014,2023,Second_Term_Jan_Apr,33,2,0,31.8,57.5,MEDIUM
GRD-02015,STU-02015,2023,Third_Term_May_Jul,10,0,0,36.6,,LOW
GRD-02016,STU-02016,2024,Second_Term_Jan_Apr,19,0,0,22.7,0.6,LOW
GRD-02017,STU-02017,2025,Second_Term_Jan_Apr,14,0,0,36.6,0.6,LOW
GRD-02018,STU-02018,2023,Second_Term_Jan_Apr,39,0,0,76.5,5.7,LOW
GRD-02019,STU-02019,2023,Second_Term_Jan_Apr,46,1,0,77.6,3.1,LOW
GRD-02020,STU-02020,2023,First_Term_Sep_Dec,0,1,1,31.9,61.4,LOW
GRD-02021,STU-02021,2025,First_Term_Sep_Dec,90,7,0,5.9,,HIGH
GRD-02022,STU-02022,2025,Second_Term_Jan_Apr,17,0,0,29.5,,MEDIUM
GRD-02023,STU-02023,2025,First_Term_Sep_Dec,99,6,0,8.9,,HIGH
GRD-02024,STU-02024,2023,Third_Term_May_Jul,11,1,0,28.2,57.2,LOW
GRD-02025,STU-02025,2023,Second_Term_Jan_Apr,50,0,0,84.7,7.9,LOW
GRD-02026,STU-02026,2024,First_Term_Sep_Dec,18,0,0,98.5,3.0,LOW
GRD-02027,STU-02027,2023,Second_Term_Jan_Apr,0,1,0,24.3,58.5,LOW
GRD-02028,STU-02028,2024,Third_Term_May_Jul,158,3,0,1.8,,HIGH
GRD-02029,STU-02029,2023,First_Term_Sep_Dec,14,0,0,34.1,,LOW
GRD-02030,STU-02030,2024,Third_Term_May_Jul,90,5,0,8.3,,HIGH
GRD-02031,STU-02031,2023,Second_Term_Jan_Apr,35,1,0,80.9,4.2,LOW
GRD-02032,STU-02032,2025,Third_Term_May_Jul,21,1,0,95.3,3.0,LOW
GRD-02033,STU-02033,2023,Third_Term_May_Jul,32,0,0,92.4,3.3,LOW
GRD-02034,STU-02034,2023,Third_Term_May_Jul,15,0,0,23.5,,MEDIUM
GRD-02035,STU-02035,2023,Second_Term_Jan_Apr,134,3,0,2.5,,HIGH
GRD-02036,STU-02036,2023,Second_Term_Jan_Apr,28,0,0,75.8,6.9,LOW
GRD-02037,STU-02037,2023,Second_Term_Jan_Apr,26,2,0,14.1,80.4,LOW
GRD-02038,STU-02038,2023,Second_Term_Jan_Apr,90,6,0,5.3,,HIGH
GRD-02039,STU-02039,2023,Third_Term_May_Jul,18,0,0,26.3,,MEDIUM
GRD-02040,STU-02040,2023,First_Term_Sep_Dec,90,7,0,5.9,,HIGH
GRD-02041,STU-02041,2023,First_Term_Sep_Dec,19,1,0,87.6,3.3,LOW
GRD-02042,STU-02042,2023,Third_Term_May_Jul,26,0,0,93.6,3.2,LOW
GRD-02043,STU-02043,2023,Third_Term_May_Jul,21,0,0,95.8,4.3,LOW
GRD-02044,STU-02044,2023,Third_Term_May_Jul,31,1,0,99.3,2.4,LOW
GRD-02045,STU-02045,2025,Third_Term_May_Jul,128,7,0,2.8,,HIGH
GRD-02046,STU-02046,2025,First_Term_Sep_Dec,109,4,0,8.2,,HIGH
GRD-02047,STU-02047,2025,Third_Term_May_Jul,11,0,0,34.4,0.4,LOW
GRD-02048,STU-02048,2023,Second_Term_Jan_Apr,14,0,0,27.3,,LOW
GRD-02049,STU-02049,2023,Third_Term_May_Jul,40,1,0,27.4,37.7,MEDIUM
GRD-02050,STU-02050,2025,Second_Term_Jan_Apr,16,0,0,23.6,,MEDIUM
GRD-02051,STU-02051,2024,Third_Term_May_Jul,32,0,0,97.7,2.0,LOW
GRD-02052,STU-02052,2023,Second_Term_Jan_Apr,0,1,1,19.6,87.9,LOW
GRD-02053,STU-02053,2024,Third_Term_May_Jul,12,0,0,25.7,0.5,LOW
GRD-02054,STU-02054,2023,Third_Term_May_Jul,20,0,0,20.0,,MEDIUM
GRD-02055,STU-02055,2025,Second_Term_Jan_Apr,158,4,0,3.2,,HIGH
GRD-02056,STU-02056,2024,Second_Term_Jan_Apr,20,1,0,18.2,56.7,LOW
GRD-02057,STU-02057,2025,Third_Term_May_Jul,18,0,0,36.8,0.7,LOW
GRD-02058,STU-02058,2025,Second_Term_Jan_Apr,20,0,0,25.3,,MEDIUM
GRD-02059,STU-02059,2025,Second_Term_Jan_Apr,39,1,0,87.4,3.7,LOW
GRD-02060,STU-02060,2024,Third_Term_May_Jul,18,0,0,29.7,,MEDIUM
GRD-02061,STU-02061,2023,Third_Term_May_Jul,55,1,0,35.4,69.4,MEDIUM
GRD-02062,STU-02062,2024,Third_Term_May_Jul,22,1,0,91.4,2.8,LOW
GRD-02063,STU-02063,2023,Second_Term_Jan_Apr,15,0,0,26.9,,MEDIUM
GRD-02064,STU-02064,2024,Third_Term_May_Jul,33,0,0,87.0,3.5,LOW
GRD-02065,STU-02065,2023,Second_Term_Jan_Apr,16,0,0,29.4,,MEDIUM
GRD-02066,STU-02066,2025,Third_Term_May_Jul,13,0,0,35.4,0.2,LOW
GRD-02067,STU-02067,2024,First_Term_Sep_Dec,90,4,0,7.4,,HIGH
GRD-02068,STU-02068,2023,Second_Term_Jan_Apr,39,2,0,80.7,1.2,LOW
GRD-02069,STU-02069,2024,Second_Term_Jan_Apr,18,0,0,23.9,,MEDIUM
GRD-02070,STU-02070,2023,First_Term_Sep_Dec,107,3,0,10.6,,HIGH
GRD-02071,STU-02071,2023,Third_Term_May_Jul,0,1,1,19.5,57.6,LOW
GRD-02072,STU-02072,2023,Second_Term_Jan_Apr,21,0,0,24.0,,MEDIUM
GRD-02073,STU-02073,2025,Third_Term_May_Jul,5,1,0,34.1,75.1,LOW
GRD-02074,STU-02074,2024,Second_Term_Jan_Apr,29,1,0,86.7,6.6,LOW
GRD-02075,STU-02075,2024,Third_Term_May_Jul,0,1,0,26.8,48.0,LOW
GRD-02076,STU-02076,2025,Third_Term_May_Jul,18,1,0,96.3,6.0,LOW
GRD-02077,STU-02077,2025,Third_Term_May_Jul,24,1,0,28.4,49.1,LOW
GRD-02078,STU-02078,2023,First_Term_Sep_Dec,16,0,0,100.0,1.8,LOW
GRD-02079,STU-02079,2023,Third_Term_May_Jul,19,1,0,30.3,,MEDIUM
GRD-02080,STU-02080,2023,First_Term_Sep_Dec,54,2,0,34.1,66.6,MEDIUM
GRD-02081,STU-02081,2024,First_Term_Sep_Dec,11,1,0,25.9,56.8,LOW
GRD-02082,STU-02082,2025,Third_Term_May_Jul,123,5,0,7.0,,HIGH
GRD-02083,STU-02083,2023,Second_Term_Jan_Apr,131,3,0,3.3,,HIGH
GRD-02084,STU-02084,2023,First_Term_Sep_Dec,0,2,1,23.4,79.6,LOW
GRD-02085,STU-02085,2025,First_Term_Sep_Dec,14,1,0,82.6,2.7,LOW
GRD-02086,STU-02086,2025,Second_Term_Jan_Apr,18,0,0,20.0,,MEDIUM
GRD-02087,STU-02087,2025,Second_Term_Jan_Apr,0,0,0,28.3,62.4,LOW
GRD-02088,STU-02088,2025,Third_Term_May_Jul,24,3,0,23.2,57.3,MEDIUM
GRD-02089,STU-02089,2023,First_Term_Sep_Dec,90,5,0,0.9,,HIGH
GRD-02090,STU-02090,2025,Third_Term_May_Jul,21,0,0,36.7,,MEDIUM
GRD-02091,STU-02091,2023,Second_Term_Jan_Apr,43,0,0,81.7,6.6,LOW
GRD-02092,STU-02092,2024,First_Term_Sep_Dec,9,0,0,94.5,3.8,LOW
GRD-02093,STU-02093,2025,First_Term_Sep_Dec,16,0,0,85.4,4.8,LOW
GRD-02094,STU-02094,2025,Second_Term_Jan_Apr,31,0,0,83.8,2.9,LOW
GRD-02095,STU-02095,2023,First_Term_Sep_Dec,107,3,0,6.4,,HIGH
GRD-02096,STU-02096,2025,Third_Term_May_Jul,18,0,0,30.5,,MEDIUM
GRD-02097,STU-02097,2024,First_Term_Sep_Dec,26,0,0,33.4,,MEDIUM
GRD-02098,STU-02098,2023,Second_Term_Jan_Apr,35,1,0,78.9,3.2,LOW
GRD-02099,STU-02099,2023,Third_Term_May_Jul,105,5,0,9.2,,HIGH
GRD-02100,STU-02100,2023,Third_Term_May_Jul,82,1,0,32.8,57.2,MEDIUM
GRD-02101,STU-02101,2023,Second_Term_Jan_Apr,0,1,1,13.3,52.0,LOW
GRD-02102,STU-02102,2023,Second_Term_Jan_Apr,48,1,0,82.5,6.0,LOW
GRD-02103,STU-02103,2025,Third_Term_May_Jul,27,2,0,24.4,70.3,LOW
GRD-02104,STU-02104,2025,First_Term_Sep_Dec,15,0,0,36.0,,MEDIUM
GRD-02105,STU-02105,2024,Second_Term_Jan_Apr,124,3,0,5.8,,HIGH
GRD-02106,STU-02106,2025,Second_Term_Jan_Apr,72,3,0,27.2,52.7,MEDIUM
GRD-02107,STU-02107,2024,First_Term_Sep_Dec,94,2,0,34.4,50.2,MEDIUM
GRD-02108,STU-02108,2025,Third_Term_May_Jul,18,0,0,29.6,,MEDIUM
GRD-02109,STU-02109,2025,First_Term_Sep_Dec,10,0,0,89.9,2.4,LOW
GRD-02110,STU-02110,2023,First_Term_Sep_Dec,18,0,0,98.8,3.6,LOW
GRD-02111,STU-02111,2023,First_Term_Sep_Dec,108,4,0,4.6,,HIGH
GRD-02112,STU-02112,2025,Third_Term_May_Jul,41,2,0,34.3,53.2,MEDIUM
GRD-02113,STU-02113,2024,Third_Term_May_Jul,4,1,0,34.4,51.6,LOW
GRD-02114,STU-02114,2025,Second_Term_Jan_Apr,0,1,1,30.3,82.8,LOW
GRD-02115,STU-02115,2023,Third_Term_May_Jul,202,3,0,5.5,,HIGH
GRD-02116,STU-02116,2025,Second_Term_Jan_Apr,17,0,0,26.3,0.6,LOW
GRD-02117,STU-02117,2023,Second_Term_Jan_Apr,115,2,0,6.3,,HIGH
GRD-02118,STU-02118,2023,Second_Term_Jan_Apr,69,2,0,25.1,75.6,MEDIUM
GRD-02119,STU-02119,2024,Third_Term_May_Jul,32,1,0,92.2,5.2,LOW
GRD-02120,STU-02120,2025,Second_Term_Jan_Apr,96,6,0,6.3,,HIGH
GRD-02121,STU-02121,2025,Second_Term_Jan_Apr,43,0,0,86.2,4.6,LOW
GRD-02122,STU-02122,2025,Second_Term_Jan_Apr,16,0,0,21.9,0.3,LOW
GRD-02123,STU-02123,2023,Third_Term_May_Jul,121,6,0,3.7,,HIGH
GRD-02124,STU-02124,2025,Second_Term_Jan_Apr,113,6,0,5.7,,HIGH
GRD-02125,STU-02125,2024,Second_Term_Jan_Apr,0,1,1,23.0,51.3,LOW
GRD-02126,STU-02126,2025,First_Term_Sep_Dec,90,7,0,6.9,,HIGH
GRD-02127,STU-02127,2023,Third_Term_May_Jul,18,0,0,91.8,5.1,LOW
GRD-02128,STU-02128,2025,Second_Term_Jan_Apr,37,1,0,29.6,87.8,MEDIUM
GRD-02129,STU-02129,2024,Second_Term_Jan_Apr,32,0,0,89.2,1.2,LOW
GRD-02130,STU-02130,2024,Third_Term_May_Jul,38,0,0,100.0,6.9,LOW
GRD-02131,STU-02131,2025,First_Term_Sep_Dec,10,1,0,90.7,2.0,LOW
GRD-02132,STU-02132,2024,Third_Term_May_Jul,26,0,0,100.0,2.9,LOW
GRD-02133,STU-02133,2024,Second_Term_Jan_Apr,154,2,0,0.0,,HIGH
GRD-02134,STU-02134,2024,First_Term_Sep_Dec,25,0,0,99.9,5.3,LOW
GRD-02135,STU-02135,2023,First_Term_Sep_Dec,21,0,0,25.9,,MEDIUM
GRD-02136,STU-02136,2023,First_Term_Sep_Dec,1,2,0,25.6,51.0,LOW
GRD-02137,STU-02137,2024,Second_Term_Jan_Apr,38,2,0,26.8,70.4,MEDIUM
GRD-02138,STU-02138,2024,Second_Term_Jan_Apr,19,0,0,25.4,0.1,LOW
GRD-02139,STU-02139,2024,Third_Term_May_Jul,24,0,0,99.1,4.3,LOW
GRD-02140,STU-02140,2025,Third_Term_May_Jul,15,0,0,31.0,0.5,LOW
GRD-02141,STU-02141,2024,First_Term_Sep_Dec,90,2,0,5.4,,HIGH
GRD-02142,STU-02142,2025,Second_Term_Jan_Apr,42,1,0,79.0,6.5,LOW
GRD-02143,STU-02143,2023,Third_Term_May_Jul,90,3,0,6.3,,HIGH
GRD-02144,STU-02144,2024,Second_Term_Jan_Apr,45,0,0,24.0,67.1,LOW
GRD-02145,STU-02145,2023,First_Term_Sep_Dec,94,4,0,2.9,,HIGH
GRD-02146,STU-02146,2024,Second_Term_Jan_Apr,49,0,0,85.3,6.2,LOW
GRD-02147,STU-02147,2024,Third_Term_May_Jul,45,2,0,27.5,55.0,MEDIUM
GRD-02148,STU-02148,2025,Second_Term_Jan_Apr,37,0,0,82.8,7.3,LOW
GRD-02149,STU-02149,2025,First_Term_Sep_Dec,19,0,0,92.2,3.2,LOW
GRD-02150,STU-02150,2023,First_Term_Sep_Dec,23,0,0,87.3,2.2,LOW
GRD-02151,STU-02151,2025,Third_Term_May_Jul,70,2,0,27.4,75.0,MEDIUM
GRD-02152,STU-02152,2023,Third_Term_May_Jul,23,0,0,35.4,0.7,LOW
GRD-02153,STU-02153,2024,Second_Term_Jan_Apr,33,1,0,75.3,5.8,LOW
GRD-02154,STU-02154,2024,Third_Term_May_Jul,164,2,0,5.6,,HIGH
GRD-02155,STU-02155,2023,Third_Term_May_Jul,0,0,1,96.4,6.3,LOW
GRD-02156,STU-02156,2023,Third_Term_May_Jul,34,1,0,96.7,5.8,LOW
GRD-02157,STU-02157,2024,First_Term_Sep_Dec,21,0,0,32.0,0.6,LOW
GRD-02158,STU-02158,2023,First_Term_Sep_Dec,90,4,0,0.0,,HIGH
GRD-02159,STU-02159,2025,First_Term_Sep_Dec,18,1,0,100.0,4.3,LOW
GRD-02160,STU-02160,2023,First_Term_Sep_Dec,17,0,0,20.7,,MEDIUM
GRD-02161,STU-02161,2024,Third_Term_May_Jul,27,2,0,31.7,71.9,LOW
GRD-02162,STU-02162,2025,First_Term_Sep_Dec,90,4,0,6.3,,HIGH
GRD-02163,STU-02163,2023,Second_Term_Jan_Apr,113,3,0,0.4,,HIGH
GRD-02164,STU-02164,2023,First_Term_Sep_Dec,123,2,0,13.2,,HIGH
GRD-02165,STU-02165,2023,Third_Term_May_Jul,0,1,1,100.0,4.1,LOW
GRD-02166,STU-02166,2023,First_Term_Sep_Dec,24,0,0,86.9,4.1,LOW
GRD-02167,STU-02167,2024,First_Term_Sep_Dec,117,3,0,4.4,,HIGH
GRD-02168,STU-02168,2024,Second_Term_Jan_Apr,25,0,0,78.7,5.6,LOW
GRD-02169,STU-02169,2024,Third_Term_May_Jul,131,7,0,3.8,,HIGH
GRD-02170,STU-02170,2024,Second_Term_Jan_Apr,24,0,0,27.9,,MEDIUM
GRD-02171,STU-02171,2023,Second_Term_Jan_Apr,5,2,0,22.8,77.2,LOW
GRD-02172,STU-02172,2025,Second_Term_Jan_Apr,40,1,0,82.3,2.0,LOW
GRD-02173,STU-02173,2025,Third_Term_May_Jul,113,4,0,3.7,,HIGH
GRD-02174,STU-02174,2024,Second_Term_Jan_Apr,0,2,1,21.3,84.5,LOW
GRD-02175,STU-02175,2023,First_Term_Sep_Dec,11,0,0,34.2,81.8,LOW
GRD-02176,STU-02176,2025,First_Term_Sep_Dec,2,0,0,22.0,71.9,LOW
GRD-02177,STU-02177,2023,Second_Term_Jan_Apr,32,1,0,82.8,5.0,LOW
GRD-02178,STU-02178,2024,First_Term_Sep_Dec,90,2,0,5.7,,HIGH
GRD-02179,STU-02179,2023,First_Term_Sep_Dec,0,0,1,18.8,44.0,LOW
GRD-02180,STU-02180,2024,Second_Term_Jan_Apr,22,0,0,28.6,,MEDIUM
GRD-02181,STU-02181,2024,First_Term_Sep_Dec,14,0,0,34.2,0.7,LOW
GRD-02182,STU-02182,2024,Third_Term_May_Jul,0,1,1,20.3,72.4,LOW
GRD-02183,STU-02183,2024,Third_Term_May_Jul,14,0,0,33.7,,LOW
GRD-02184,STU-02184,2023,Second_Term_Jan_Apr,124,6,0,3.2,,HIGH
GRD-02185,STU-02185,2023,Third_Term_May_Jul,2,2,0,34.8,76.9,LOW
GRD-02186,STU-02186,2024,First_Term_Sep_Dec,18,0,0,34.1,,MEDIUM
GRD-02187,STU-02187,2023,Third_Term_May_Jul,41,1,0,92.3,4.1,LOW
GRD-02188,STU-02188,2023,Third_Term_May_Jul,113,1,0,3.4,,HIGH
GRD-02189,STU-02189,2023,Third_Term_May_Jul,167,7,0,3.0,,HIGH
GRD-02190,STU-02190,2023,Second_Term_Jan_Apr,145,4,0,1.0,,HIGH
GRD-02191,STU-02191,2024,Third_Term_May_Jul,75,1,0,21.2,87.8,MEDIUM
GRD-02192,STU-02192,2025,Third_Term_May_Jul,22,2,0,29.2,48.1,LOW
GRD-02193,STU-02193,2023,Third_Term_May_Jul,129,6,0,4.5,,HIGH
GRD-02194,STU-02194,2023,First_Term_Sep_Dec,33,1,0,34.3,62.0,MEDIUM
GRD-02195,STU-02195,2023,Third_Term_May_Jul,34,1,0,98.1,4.1,LOW
GRD-02196,STU-02196,2024,Second_Term_Jan_Apr,11,0,0,23.3,84.6,LOW
GRD-02197,STU-02197,2023,Third_Term_May_Jul,27,0,0,100.0,1.3,LOW
GRD-02198,STU-02198,2024,First_Term_Sep_Dec,64,2,0,22.2,61.1,MEDIUM
GRD-02199,STU-02199,2024,First_Term_Sep_Dec,0,2,1,20.4,82.7,LOW
GRD-02200,STU-02200,2023,Third_Term_May_Jul,0,2,0,20.3,72.9,LOW
GRD-02201,STU-02201,2023,Third_Term_May_Jul,18,0,0,29.4,,MEDIUM
GRD-02202,STU-02202,2023,First_Term_Sep_Dec,90,6,0,5.7,,HIGH
GRD-02203,STU-02203,2023,Third_Term_May_Jul,34,0,0,91.4,6.1,LOW
GRD-02204,STU-02204,2024,Second_Term_Jan_Apr,18,0,0,33.4,0.5,LOW
GRD-02205,STU-02205,2023,Third_Term_May_Jul,129,6,0,1.0,,HIGH
GRD-02206,STU-02206,2024,Third_Term_May_Jul,18,0,0,32.9,,MEDIUM
GRD-02207,STU-02207,2023,First_Term_Sep_Dec,21,0,0,29.9,0.2,LOW
GRD-02208,STU-02208,2024,Third_Term_May_Jul,34,1,0,94.3,3.8,LOW
GRD-02209,STU-02209,2025,First_Term_Sep_Dec,93,3,0,9.4,,HIGH
GRD-02210,STU-02210,2025,First_Term_Sep_Dec,7,1,0,90.6,3.9,LOW
GRD-02211,STU-02211,2025,Second_Term_Jan_Apr,15,1,0,24.5,90.0,LOW
GRD-02212,STU-02212,2024,First_Term_Sep_Dec,90,1,0,11.6,,MEDIUM
GRD-02213,STU-02213,2025,First_Term_Sep_Dec,4,1,0,22.1,48.4,LOW
GRD-02214,STU-02214,2024,Third_Term_May_Jul,43,1,0,13.5,92.1,MEDIUM
GRD-02215,STU-02215,2025,First_Term_Sep_Dec,10,0,0,92.4,1.0,LOW
GRD-02216,STU-02216,2023,Second_Term_Jan_Apr,66,2,0,26.9,96.7,MEDIUM
GRD-02217,STU-02217,2025,Second_Term_Jan_Apr,28,2,0,24.7,74.5,LOW
GRD-02218,STU-02218,2023,First_Term_Sep_Dec,14,0,0,31.8,,LOW
GRD-02219,STU-02219,2023,Second_Term_Jan_Apr,144,1,0,2.4,,HIGH
GRD-02220,STU-02220,2025,First_Term_Sep_Dec,20,0,0,87.8,3.7,LOW
GRD-02221,STU-02221,2025,First_Term_Sep_Dec,11,0,0,93.1,4.7,LOW
GRD-02222,STU-02222,2025,First_Term_Sep_Dec,90,4,0,7.3,,HIGH
GRD-02223,STU-02223,2024,First_Term_Sep_Dec,25,2,0,29.1,54.6,LOW
GRD-02224,STU-02224,2023,Third_Term_May_Jul,18,0,0,94.2,4.7,LOW
GRD-02225,STU-02225,2024,Second_Term_Jan_Apr,28,0,0,35.2,,MEDIUM
GRD-02226,STU-02226,2024,Second_Term_Jan_Apr,23,2,0,12.8,70.0,LOW
GRD-02227,STU-02227,2023,Second_Term_Jan_Apr,93,1,0,25.8,80.2,MEDIUM
GRD-02228,STU-02228,2025,First_Term_Sep_Dec,9,0,0,28.5,50.7,LOW
GRD-02229,STU-02229,2025,Third_Term_May_Jul,27,1,0,90.4,3.6,LOW
GRD-02230,STU-02230,2023,First_Term_Sep_Dec,9,1,0,29.9,73.8,LOW
GRD-02231,STU-02231,2025,First_Term_Sep_Dec,104,4,0,11.7,,HIGH
GRD-02232,STU-02232,2024,First_Term_Sep_Dec,5,1,0,27.6,66.1,LOW
GRD-02233,STU-02233,2025,Third_Term_May_Jul,32,0,0,91.0,4.0,LOW
GRD-02234,STU-02234,2023,First_Term_Sep_Dec,10,0,0,29.1,,LOW
GRD-02235,STU-02235,2025,Third_Term_May_Jul,0,2,1,17.0,44.1,LOW
GRD-02236,STU-02236,2024,Second_Term_Jan_Apr,0,1,1,82.0,3.7,LOW
GRD-02237,STU-02237,2024,First_Term_Sep_Dec,90,4,0,9.7,,HIGH
GRD-02238,STU-02238,2023,First_Term_Sep_Dec,23,1,0,93.9,1.8,LOW
GRD-02239,STU-02239,2024,Second_Term_Jan_Apr,45,1,0,78.4,6.4,LOW
GRD-02240,STU-02240,2023,Second_Term_Jan_Apr,154,7,0,3.5,,HIGH
GRD-02241,STU-02241,2023,First_Term_Sep_Dec,19,2,0,90.5,4.2,LOW
GRD-02242,STU-02242,2025,Third_Term_May_Jul,22,0,0,28.0,,MEDIUM
GRD-02243,STU-02243,2023,Second_Term_Jan_Apr,15,0,0,29.5,0.7,LOW
GRD-02244,STU-02244,2025,Third_Term_May_Jul,142,5,0,2.4,,HIGH
GRD-02245,STU-02245,2024,Third_Term_May_Jul,144,3,0,1.9,,HIGH
GRD-02246,STU-02246,2024,Second_Term_Jan_Apr,15,0,0,30.2,,MEDIUM
GRD-02247,STU-02247,2024,Third_Term_May_Jul,71,2,0,19.1,62.6,MEDIUM
GRD-02248,STU-02248,2025,Third_Term_May_Jul,21,0,0,96.9,3.9,LOW
GRD-02249,STU-02249,2023,First_Term_Sep_Dec,33,2,0,29.8,43.5,MEDIUM
GRD-02250,STU-02250,2024,Second_Term_Jan_Apr,39,0,0,82.3,1.5,LOW
GRD-02251,STU-02251,2025,Third_Term_May_Jul,21,0,0,96.4,3.7,LOW
GRD-02252,STU-02252,2023,Second_Term_Jan_Apr,21,0,0,24.5,,MEDIUM
GRD-02253,STU-02253,2023,Third_Term_May_Jul,15,2,0,27.3,66.5,LOW
GRD-02254,STU-02254,2025,Second_Term_Jan_Apr,32,3,0,19.2,79.1,MEDIUM
GRD-02255,STU-02255,2023,Second_Term_Jan_Apr,5,2,0,21.1,50.8,LOW
GRD-02256,STU-02256,2025,Third_Term_May_Jul,155,6,0,5.4,,HIGH
GRD-02257,STU-02257,2023,First_Term_Sep_Dec,90,5,0,2.2,,HIGH
GRD-02258,STU-02258,2025,First_Term_Sep_Dec,90,2,0,0.0,,HIGH
GRD-02259,STU-02259,2025,Second_Term_Jan_Apr,14,0,0,25.0,,LOW
GRD-02260,STU-02260,2025,Second_Term_Jan_Apr,49,1,0,29.6,67.2,MEDIUM
GRD-02261,STU-02261,2023,Third_Term_May_Jul,17,1,0,13.5,80.3,LOW
GRD-02262,STU-02262,2024,Third_Term_May_Jul,32,0,0,94.7,4.8,LOW
GRD-02263,STU-02263,2023,Third_Term_May_Jul,30,0,0,87.2,3.8,LOW
GRD-02264,STU-02264,2024,Third_Term_May_Jul,18,0,0,25.0,,MEDIUM
GRD-02265,STU-02265,2025,Third_Term_May_Jul,28,0,0,95.4,2.8,LOW
GRD-02266,STU-02266,2023,Second_Term_Jan_Apr,16,0,0,30.3,0.6,LOW
GRD-02267,STU-02267,2025,First_Term_Sep_Dec,20,0,0,28.1,0.6,LOW
GRD-02268,STU-02268,2024,Third_Term_May_Jul,205,5,0,2.3,,HIGH
GRD-02269,STU-02269,2025,Second_Term_Jan_Apr,41,0,0,82.2,1.8,LOW
GRD-02270,STU-02270,2025,Third_Term_May_Jul,106,6,0,0.8,,HIGH
GRD-02271,STU-02271,2024,Second_Term_Jan_Apr,32,0,0,86.3,6.2,LOW
GRD-02272,STU-02272,2023,Second_Term_Jan_Apr,43,0,0,82.6,4.9,LOW
GRD-02273,STU-02273,2024,First_Term_Sep_Dec,12,0,0,22.4,,LOW
GRD-02274,STU-02274,2025,Third_Term_May_Jul,22,0,0,31.8,,MEDIUM
GRD-02275,STU-02275,2024,First_Term_Sep_Dec,14,0,0,29.4,,LOW
GRD-02276,STU-02276,2023,Second_Term_Jan_Apr,20,0,0,31.5,0.6,LOW
GRD-02277,STU-02277,2023,First_Term_Sep_Dec,12,0,0,93.7,0.9,LOW
GRD-02278,STU-02278,2023,First_Term_Sep_Dec,15,0,0,29.1,0.4,LOW
GRD-02279,STU-02279,2025,Third_Term_May_Jul,23,1,0,100.0,3.4,LOW
GRD-02280,STU-02280,2024,Third_Term_May_Jul,164,7,0,2.5,,HIGH
GRD-02281,STU-02281,2024,First_Term_Sep_Dec,11,0,0,30.1,,LOW
GRD-02282,STU-02282,2024,Third_Term_May_Jul,132,4,0,6.5,,HIGH
GRD-02283,STU-02283,2025,Third_Term_May_Jul,28,0,0,94.5,4.2,LOW
GRD-02284,STU-02284,2025,First_Term_Sep_Dec,9,0,0,97.2,2.7,LOW
GRD-02285,STU-02285,2025,First_Term_Sep_Dec,0,2,1,28.3,45.4,LOW
GRD-02286,STU-02286,2024,Second_Term_Jan_Apr,90,1,0,0.6,,HIGH
GRD-02287,STU-02287,2023,Third_Term_May_Jul,155,2,0,2.9,,HIGH
GRD-02288,STU-02288,2024,Third_Term_May_Jul,90,4,0,3.7,,HIGH
GRD-02289,STU-02289,2024,Second_Term_Jan_Apr,17,0,0,38.9,0.4,LOW
GRD-02290,STU-02290,2024,First_Term_Sep_Dec,16,0,0,29.8,,MEDIUM
GRD-02291,STU-02291,2024,First_Term_Sep_Dec,52,0,0,25.5,67.3,LOW
GRD-02292,STU-02292,2024,Third_Term_May_Jul,11,0,0,35.0,0.5,LOW
GRD-02293,STU-02293,2025,Third_Term_May_Jul,0,0,1,99.3,3.8,LOW
GRD-02294,STU-02294,2025,First_Term_Sep_Dec,0,2,1,34.9,68.4,LOW
GRD-02295,STU-02295,2023,Second_Term_Jan_Apr,34,2,0,34.1,56.3,MEDIUM
GRD-02296,STU-02296,2024,Third_Term_May_Jul,17,2,0,30.1,57.5,LOW
GRD-02297,STU-02297,2025,Third_Term_May_Jul,22,0,0,92.2,2.3,LOW
GRD-02298,STU-02298,2023,Third_Term_May_Jul,0,1,1,29.8,76.8,LOW
GRD-02299,STU-02299,2024,First_Term_Sep_Dec,26,0,0,90.8,2.8,LOW
GRD-02300,STU-02300,2025,First_Term_Sep_Dec,90,6,0,12.9,,HIGH
GRD-02301,STU-02301,2023,First_Term_Sep_Dec,90,1,0,7.7,,HIGH
GRD-02302,STU-02302,2024,First_Term_Sep_Dec,0,1,1,27.1,64.0,LOW
GRD-02303,STU-02303,2023,First_Term_Sep_Dec,21,1,0,96.4,3.5,LOW
GRD-02304,STU-02304,2024,Second_Term_Jan_Apr,105,3,0,4.7,,HIGH
GRD-02305,STU-02305,2024,First_Term_Sep_Dec,68,1,0,34.0,33.0,MEDIUM
GRD-02306,STU-02306,2023,Third_Term_May_Jul,131,4,0,1.4,,HIGH
GRD-02307,STU-02307,2023,First_Term_Sep_Dec,55,1,0,40.5,65.5,LOW
GRD-02308,STU-02308,2024,First_Term_Sep_Dec,90,2,0,5.0,,HIGH
GRD-02309,STU-02309,2024,First_Term_Sep_Dec,90,4,0,11.7,,HIGH
GRD-02310,STU-02310,2025,First_Term_Sep_Dec,22,0,0,87.5,4.9,LOW
GRD-02311,STU-02311,2024,Third_Term_May_Jul,24,1,0,89.6,2.0,LOW
GRD-02312,STU-02312,2023,Third_Term_May_Jul,133,6,0,3.9,,HIGH
GRD-02313,STU-02313,2024,Second_Term_Jan_Apr,33,0,0,27.5,70.5,LOW
GRD-02314,STU-02314,2025,Second_Term_Jan_Apr,49,0,0,86.9,3.9,LOW
GRD-02315,STU-02315,2025,First_Term_Sep_Dec,12,0,0,97.8,1.5,LOW
GRD-02316,STU-02316,2025,Second_Term_Jan_Apr,208,4,0,2.3,,HIGH
GRD-02317,STU-02317,2023,Second_Term_Jan_Apr,28,0,0,86.5,7.5,LOW
GRD-02318,STU-02318,2025,Third_Term_May_Jul,6,1,0,21.3,77.1,LOW
GRD-02319,STU-02319,2025,First_Term_Sep_Dec,17,0,0,85.3,3.5,LOW
GRD-02320,STU-02320,2024,First_Term_Sep_Dec,0,1,1,27.7,61.9,LOW
GRD-02321,STU-02321,2023,First_Term_Sep_Dec,19,0,0,31.5,,MEDIUM
GRD-02322,STU-02322,2024,Third_Term_May_Jul,28,0,0,99.0,4.0,LOW
GRD-02323,STU-02323,2025,First_Term_Sep_Dec,14,0,0,92.4,2.5,LOW
GRD-02324,STU-02324,2023,Third_Term_May_Jul,27,1,0,28.7,81.4,LOW
GRD-02325,STU-02325,2024,Third_Term_May_Jul,31,2,0,18.8,79.0,MEDIUM
GRD-02326,STU-02326,2023,First_Term_Sep_Dec,28,0,0,40.0,,LOW
GRD-02327,STU-02327,2025,First_Term_Sep_Dec,37,1,0,16.6,65.4,MEDIUM
GRD-02328,STU-02328,2024,Third_Term_May_Jul,53,2,0,28.2,86.1,MEDIUM
GRD-02329,STU-02329,2025,Third_Term_May_Jul,42,2,0,34.2,56.5,MEDIUM
GRD-02330,STU-02330,2023,Second_Term_Jan_Apr,8,2,0,18.4,61.6,LOW
GRD-02331,STU-02331,2025,Third_Term_May_Jul,32,0,0,99.9,6.1,LOW
GRD-02332,STU-02332,2025,Third_Term_May_Jul,25,0,0,89.8,4.7,LOW
GRD-02333,STU-02333,2023,First_Term_Sep_Dec,0,2,1,27.5,51.6,LOW
GRD-02334,STU-02334,2025,First_Term_Sep_Dec,15,0,0,89.1,3.3,LOW
GRD-02335,STU-02335,2025,Third_Term_May_Jul,20,0,0,28.6,,MEDIUM
GRD-02336,STU-02336,2024,First_Term_Sep_Dec,12,2,0,36.2,68.1,LOW
GRD-02337,STU-02337,2024,Third_Term_May_Jul,47,0,0,14.8,59.8,LOW
GRD-02338,STU-02338,2025,Third_Term_May_Jul,21,1,0,100.0,4.9,LOW
GRD-02339,STU-02339,2024,Second_Term_Jan_Apr,90,5,0,0.0,,HIGH
GRD-02340,STU-02340,2025,Third_Term_May_Jul,17,0,0,36.1,0.6,LOW
GRD-02341,STU-02341,2025,Third_Term_May_Jul,22,0,0,20.0,,MEDIUM
GRD-02342,STU-02342,2023,Third_Term_May_Jul,173,2,0,4.6,,HIGH
GRD-02343,STU-02343,2025,Third_Term_May_Jul,36,0,0,96.1,3.9,LOW
GRD-02344,STU-02344,2023,First_Term_Sep_Dec,15,1,0,27.0,69.1,LOW
GRD-02345,STU-02345,2025,Third_Term_May_Jul,0,1,1,21.9,90.0,LOW
GRD-02346,STU-02346,2024,First_Term_Sep_Dec,15,1,0,89.0,1.8,LOW
GRD-02347,STU-02347,2025,First_Term_Sep_Dec,24,2,0,28.4,55.6,LOW
GRD-02348,STU-02348,2024,First_Term_Sep_Dec,90,4,0,0.0,,HIGH
GRD-02349,STU-02349,2023,First_Term_Sep_Dec,10,0,0,97.9,4.9,LOW
GRD-02350,STU-02350,2023,Third_Term_May_Jul,28,0,0,96.0,3.6,LOW
GRD-02351,STU-02351,2025,Second_Term_Jan_Apr,123,6,0,1.7,,HIGH
GRD-02352,STU-02352,2023,Second_Term_Jan_Apr,18,0,0,27.9,,MEDIUM
GRD-02353,STU-02353,2024,First_Term_Sep_Dec,99,3,0,5.7,,HIGH
GRD-02354,STU-02354,2023,Third_Term_May_Jul,27,0,0,97.0,4.2,LOW
GRD-02355,STU-02355,2023,First_Term_Sep_Dec,21,0,0,29.3,,MEDIUM
GRD-02356,STU-02356,2024,Third_Term_May_Jul,20,1,0,23.2,61.1,LOW
GRD-02357,STU-02357,2023,Second_Term_Jan_Apr,38,1,0,31.0,60.7,MEDIUM
GRD-02358,STU-02358,2023,Second_Term_Jan_Apr,43,1,0,80.7,2.7,LOW
GRD-02359,STU-02359,2025,Third_Term_May_Jul,71,2,0,28.8,56.8,MEDIUM
GRD-02360,STU-02360,2025,First_Term_Sep_Dec,30,2,0,23.8,44.2,LOW
GRD-02361,STU-02361,2024,Second_Term_Jan_Apr,34,0,0,83.1,7.2,LOW
GRD-02362,STU-02362,2025,Third_Term_May_Jul,13,0,0,30.0,0.7,LOW
GRD-02363,STU-02363,2024,First_Term_Sep_Dec,32,3,0,24.6,50.1,MEDIUM
GRD-02364,STU-02364,2023,Third_Term_May_Jul,134,7,0,8.4,,HIGH
GRD-02365,STU-02365,2025,Third_Term_May_Jul,130,2,0,6.1,,HIGH
GRD-02366,STU-02366,2025,First_Term_Sep_Dec,18,1,0,94.0,2.6,LOW
GRD-02367,STU-02367,2024,Third_Term_May_Jul,128,4,0,6.4,,HIGH
GRD-02368,STU-02368,2025,Second_Term_Jan_Apr,40,0,0,80.8,6.7,LOW
GRD-02369,STU-02369,2023,Third_Term_May_Jul,37,1,0,91.1,2.9,LOW
GRD-02370,STU-02370,2024,Second_Term_Jan_Apr,18,0,0,25.9,0.1,LOW
GRD-02371,STU-02371,2024,First_Term_Sep_Dec,11,0,0,23.1,0.4,LOW
GRD-02372,STU-02372,2025,Third_Term_May_Jul,19,0,0,30.9,,MEDIUM
GRD-02373,STU-02373,2024,First_Term_Sep_Dec,20,0,0,33.8,0.9,LOW
GRD-02374,STU-02374,2025,Second_Term_Jan_Apr,40,0,0,71.4,3.7,LOW
GRD-02375,STU-02375,2025,Second_Term_Jan_Apr,67,1,0,34.2,74.0,MEDIUM
GRD-02376,STU-02376,2024,First_Term_Sep_Dec,19,0,0,89.0,2.7,LOW
GRD-02377,STU-02377,2023,First_Term_Sep_Dec,79,1,0,33.5,39.1,MEDIUM
GRD-02378,STU-02378,2025,Third_Term_May_Jul,22,1,0,22.2,64.0,LOW
GRD-02379,STU-02379,2024,First_Term_Sep_Dec,22,1,0,91.0,3.8,LOW
GRD-02380,STU-02380,2025,Second_Term_Jan_Apr,90,6,0,7.9,,HIGH
GRD-02381,STU-02381,2023,Second_Term_Jan_Apr,17,0,0,26.7,0.6,LOW
GRD-02382,STU-02382,2024,First_Term_Sep_Dec,31,2,0,26.4,66.1,MEDIUM
GRD-02383,STU-02383,2024,First_Term_Sep_Dec,90,2,0,8.2,,HIGH
GRD-02384,STU-02384,2023,Second_Term_Jan_Apr,116,6,0,0.0,,HIGH
GRD-02385,STU-02385,2024,First_Term_Sep_Dec,14,1,0,84.1,2.5,LOW
GRD-02386,STU-02386,2024,First_Term_Sep_Dec,0,1,1,96.0,4.3,LOW
GRD-02387,STU-02387,2023,First_Term_Sep_Dec,90,4,0,2.4,,HIGH
GRD-02388,STU-02388,2024,First_Term_Sep_Dec,22,1,0,88.7,3.4,LOW
GRD-02389,STU-02389,2025,First_Term_Sep_Dec,28,2,0,31.0,80.8,LOW
GRD-02390,STU-02390,2024,Second_Term_Jan_Apr,0,0,0,25.2,64.4,LOW
GRD-02391,STU-02391,2024,First_Term_Sep_Dec,14,0,0,98.2,3.6,LOW
GRD-02392,STU-02392,2023,First_Term_Sep_Dec,10,0,0,88.0,4.2,LOW
GRD-02393,STU-02393,2024,Second_Term_Jan_Apr,90,3,0,1.5,,HIGH
GRD-02394,STU-02394,2023,First_Term_Sep_Dec,121,0,0,2.4,,HIGH
GRD-02395,STU-02395,2023,First_Term_Sep_Dec,16,0,0,81.3,2.7,LOW
GRD-02396,STU-02396,2025,Third_Term_May_Jul,129,4,0,0.1,,HIGH
GRD-02397,STU-02397,2024,Second_Term_Jan_Apr,31,1,0,75.5,7.2,LOW
GRD-02398,STU-02398,2024,Third_Term_May_Jul,188,4,0,7.7,,HIGH
GRD-02399,STU-02399,2024,First_Term_Sep_Dec,51,0,0,28.6,42.6,LOW
GRD-02400,STU-02400,2024,First_Term_Sep_Dec,16,0,0,94.0,1.8,LOW
GRD-02401,STU-02401,2024,Second_Term_Jan_Apr,56,0,0,82.9,6.9,LOW
GRD-02402,STU-02402,2023,Third_Term_May_Jul,23,0,0,91.7,2.7,LOW
GRD-02403,STU-02403,2023,Third_Term_May_Jul,17,3,0,31.4,67.3,MEDIUM
GRD-02404,STU-02404,2024,Second_Term_Jan_Apr,32,0,0,77.9,5.9,LOW
GRD-02405,STU-02405,2024,Third_Term_May_Jul,62,0,0,34.3,69.3,MEDIUM
GRD-02406,STU-02406,2024,First_Term_Sep_Dec,90,1,0,7.0,,HIGH
GRD-02407,STU-02407,2024,First_Term_Sep_Dec,14,0,0,32.3,0.7,LOW
GRD-02408,STU-02408,2023,Second_Term_Jan_Apr,53,0,0,91.3,4.9,LOW
GRD-02409,STU-02409,2023,Second_Term_Jan_Apr,47,1,0,77.9,1.8,LOW
GRD-02410,STU-02410,2025,First_Term_Sep_Dec,21,0,0,22.6,,MEDIUM
GRD-02411,STU-02411,2024,Second_Term_Jan_Apr,8,0,0,26.1,,LOW
GRD-02412,STU-02412,2023,Second_Term_Jan_Apr,40,0,0,83.3,3.7,LOW
GRD-02413,STU-02413,2025,Second_Term_Jan_Apr,10,2,0,30.2,102.7,LOW
GRD-02414,STU-02414,2024,Second_Term_Jan_Apr,36,0,0,79.1,5.6,LOW
GRD-02415,STU-02415,2024,Third_Term_May_Jul,129,4,0,5.5,,HIGH
GRD-02416,STU-02416,2024,Second_Term_Jan_Apr,69,2,0,29.9,82.2,MEDIUM
GRD-02417,STU-02417,2024,Second_Term_Jan_Apr,123,5,0,2.1,,HIGH
GRD-02418,STU-02418,2024,Third_Term_May_Jul,27,0,0,91.7,1.1,LOW
GRD-02419,STU-02419,2024,Third_Term_May_Jul,16,0,0,23.5,0.5,LOW
GRD-02420,STU-02420,2024,Third_Term_May_Jul,34,3,0,20.6,40.3,MEDIUM
GRD-02421,STU-02421,2023,Third_Term_May_Jul,11,0,0,40.0,0.6,LOW
GRD-02422,STU-02422,2024,Third_Term_May_Jul,18,0,0,33.7,,MEDIUM
GRD-02423,STU-02423,2024,Second_Term_Jan_Apr,169,4,0,3.7,,HIGH
GRD-02424,STU-02424,2023,First_Term_Sep_Dec,0,2,0,30.6,65.0,LOW
GRD-02425,STU-02425,2025,Second_Term_Jan_Apr,100,5,0,3.3,,HIGH
GRD-02426,STU-02426,2024,Second_Term_Jan_Apr,29,1,0,71.1,4.5,LOW
GRD-02427,STU-02427,2025,Second_Term_Jan_Apr,170,4,0,4.8,,HIGH
GRD-02428,STU-02428,2025,Third_Term_May_Jul,0,2,1,25.1,54.8,LOW
GRD-02429,STU-02429,2024,Third_Term_May_Jul,127,4,0,4.2,,HIGH
GRD-02430,STU-02430,2024,First_Term_Sep_Dec,17,1,0,89.0,1.3,LOW
GRD-02431,STU-02431,2024,First_Term_Sep_Dec,29,0,0,29.0,61.2,LOW
GRD-02432,STU-02432,2023,Third_Term_May_Jul,35,1,0,100.0,3.3,LOW
GRD-02433,STU-02433,2025,Third_Term_May_Jul,3,3,0,31.5,70.1,MEDIUM
GRD-02434,STU-02434,2023,Second_Term_Jan_Apr,43,1,0,80.9,5.4,LOW
GRD-02435,STU-02435,2025,First_Term_Sep_Dec,54,1,0,28.3,80.0,MEDIUM
GRD-02436,STU-02436,2025,Second_Term_Jan_Apr,0,1,1,20.6,47.5,LOW
GRD-02437,STU-02437,2023,First_Term_Sep_Dec,17,1,0,100.0,2.3,LOW
GRD-02438,STU-02438,2023,First_Term_Sep_Dec,14,0,0,90.9,3.1,LOW
GRD-02439,STU-02439,2023,First_Term_Sep_Dec,46,1,0,31.3,43.6,MEDIUM
GRD-02440,STU-02440,2023,Third_Term_May_Jul,14,0,0,29.3,0.4,LOW
GRD-02441,STU-02441,2024,Third_Term_May_Jul,6,2,0,25.7,66.4,LOW
GRD-02442,STU-02442,2025,First_Term_Sep_Dec,17,0,0,90.1,2.1,LOW
GRD-02443,STU-02443,2025,First_Term_Sep_Dec,12,0,0,88.6,2.1,LOW
GRD-02444,STU-02444,2025,First_Term_Sep_Dec,11,1,0,86.9,3.0,LOW
GRD-02445,STU-02445,2024,Third_Term_May_Jul,20,3,0,25.9,79.7,MEDIUM
GRD-02446,STU-02446,2025,Third_Term_May_Jul,19,2,0,25.2,58.6,LOW
GRD-02447,STU-02447,2025,First_Term_Sep_Dec,20,1,0,87.0,2.2,LOW
GRD-02448,STU-02448,2024,Second_Term_Jan_Apr,60,2,0,31.6,67.1,MEDIUM
GRD-02449,STU-02449,2025,Third_Term_May_Jul,11,0,0,38.9,,LOW
GRD-02450,STU-02450,2025,First_Term_Sep_Dec,13,0,0,34.0,,LOW
GRD-02451,STU-02451,2024,First_Term_Sep_Dec,0,1,0,29.3,61.1,LOW
GRD-02452,STU-02452,2024,Second_Term_Jan_Apr,162,6,0,6.1,,HIGH
GRD-02453,STU-02453,2023,First_Term_Sep_Dec,12,0,0,90.4,4.9,LOW
GRD-02454,STU-02454,2024,Second_Term_Jan_Apr,19,0,0,29.5,,MEDIUM
GRD-02455,STU-02455,2023,First_Term_Sep_Dec,13,0,0,26.5,0.5,LOW
GRD-02456,STU-02456,2024,Third_Term_May_Jul,17,0,0,28.2,0.3,LOW
GRD-02457,STU-02457,2025,Third_Term_May_Jul,0,1,0,17.5,63.0,LOW
GRD-02458,STU-02458,2025,Second_Term_Jan_Apr,0,1,0,32.0,110.4,LOW
GRD-02459,STU-02459,2023,First_Term_Sep_Dec,90,5,0,5.5,,HIGH
GRD-02460,STU-02460,2024,Third_Term_May_Jul,24,1,0,100.0,3.5,LOW
GRD-02461,STU-02461,2025,Third_Term_May_Jul,18,0,0,40.0,,LOW
GRD-02462,STU-02462,2024,Second_Term_Jan_Apr,34,0,0,85.5,5.1,LOW
GRD-02463,STU-02463,2023,Second_Term_Jan_Apr,7,2,0,30.0,69.2,LOW
GRD-02464,STU-02464,2025,Third_Term_May_Jul,20,0,0,95.1,2.2,LOW
GRD-02465,STU-02465,2024,Third_Term_May_Jul,0,1,0,28.0,76.7,LOW
GRD-02466,STU-02466,2024,First_Term_Sep_Dec,15,0,0,28.6,,MEDIUM
GRD-02467,STU-02467,2023,Third_Term_May_Jul,0,1,1,95.8,4.2,LOW
GRD-02468,STU-02468,2023,First_Term_Sep_Dec,32,3,0,31.2,50.4,MEDIUM
GRD-02469,STU-02469,2023,Third_Term_May_Jul,34,1,0,30.4,69.5,MEDIUM
GRD-02470,STU-02470,2023,Second_Term_Jan_Apr,0,2,1,28.5,54.3,LOW
GRD-02471,STU-02471,2025,Second_Term_Jan_Apr,65,0,0,34.1,96.5,MEDIUM
GRD-02472,STU-02472,2023,First_Term_Sep_Dec,13,0,0,94.5,1.6,LOW
GRD-02473,STU-02473,2025,Second_Term_Jan_Apr,17,0,0,30.2,0.8,LOW
GRD-02474,STU-02474,2024,Second_Term_Jan_Apr,50,0,0,15.9,79.0,LOW
GRD-02475,STU-02475,2024,Second_Term_Jan_Apr,82,1,0,19.4,76.5,MEDIUM
GRD-02476,STU-02476,2025,Second_Term_Jan_Apr,74,1,0,34.7,85.3,MEDIUM
GRD-02477,STU-02477,2023,Third_Term_May_Jul,18,0,0,31.4,,MEDIUM
GRD-02478,STU-02478,2023,Second_Term_Jan_Apr,107,4,0,5.2,,HIGH
GRD-02479,STU-02479,2023,Third_Term_May_Jul,12,0,0,20.0,,LOW
GRD-02480,STU-02480,2023,Third_Term_May_Jul,25,0,0,23.0,68.6,LOW
GRD-02481,STU-02481,2025,Second_Term_Jan_Apr,74,1,0,21.9,70.5,MEDIUM
GRD-02482,STU-02482,2024,Second_Term_Jan_Apr,33,0,0,77.4,4.8,LOW
GRD-02483,STU-02483,2024,First_Term_Sep_Dec,19,0,0,93.8,2.6,LOW
GRD-02484,STU-02484,2025,First_Term_Sep_Dec,11,0,0,32.4,0.4,LOW
GRD-02485,STU-02485,2025,First_Term_Sep_Dec,115,6,0,2.3,,HIGH
GRD-02486,STU-02486,2024,First_Term_Sep_Dec,17,0,0,86.7,3.0,LOW
GRD-02487,STU-02487,2023,First_Term_Sep_Dec,15,0,0,24.1,0.5,LOW
GRD-02488,STU-02488,2023,Second_Term_Jan_Apr,54,1,0,83.7,5.9,LOW
GRD-02489,STU-02489,2023,Third_Term_May_Jul,163,3,0,5.3,,HIGH
GRD-02490,STU-02490,2024,First_Term_Sep_Dec,56,1,0,34.9,73.1,MEDIUM
GRD-02491,STU-02491,2023,Third_Term_May_Jul,39,1,0,100.0,3.1,LOW
GRD-02492,STU-02492,2023,First_Term_Sep_Dec,19,1,0,87.1,6.3,LOW
GRD-02493,STU-02493,2024,Third_Term_May_Jul,14,0,0,25.4,0.5,LOW
GRD-02494,STU-02494,2024,Third_Term_May_Jul,21,0,0,32.7,,MEDIUM
GRD-02495,STU-02495,2023,First_Term_Sep_Dec,60,2,0,29.2,42.1,MEDIUM
GRD-02496,STU-02496,2025,Third_Term_May_Jul,29,0,0,90.8,3.1,LOW
GRD-02497,STU-02497,2023,Second_Term_Jan_Apr,18,0,0,32.5,0.5,LOW
GRD-02498,STU-02498,2023,First_Term_Sep_Dec,100,1,0,2.3,,HIGH
GRD-02499,STU-02499,2024,First_Term_Sep_Dec,18,0,0,90.4,2.6,LOW
GRD-02500,STU-02500,2025,First_Term_Sep_Dec,27,0,0,85.1,2.0,LOW
GRD-02501,STU-02501,2023,First_Term_Sep_Dec,14,1,0,40.5,54.5,LOW
GRD-02502,STU-02502,2024,First_Term_Sep_Dec,92,2,0,20.5,62.9,MEDIUM
GRD-02503,STU-02503,2024,Second_Term_Jan_Apr,27,2,0,28.2,81.5,LOW
GRD-02504,STU-02504,2023,Third_Term_May_Jul,21,0,0,97.9,3.6,LOW
GRD-02505,STU-02505,2024,Second_Term_Jan_Apr,56,2,0,31.0,94.7,MEDIUM
GRD-02506,STU-02506,2024,Second_Term_Jan_Apr,129,3,0,6.0,,HIGH
GRD-02507,STU-02507,2025,First_Term_Sep_Dec,18,0,0,26.8,,MEDIUM
GRD-02508,STU-02508,2025,Third_Term_May_Jul,32,0,0,95.3,3.4,LOW
GRD-02509,STU-02509,2023,Second_Term_Jan_Apr,119,3,0,4.1,,HIGH
GRD-02510,STU-02510,2025,First_Term_Sep_Dec,14,0,0,21.9,0.5,LOW
GRD-02511,STU-02511,2023,Third_Term_May_Jul,18,0,0,31.9,0.7,LOW
GRD-02512,STU-02512,2024,First_Term_Sep_Dec,23,0,0,26.7,0.6,LOW
GRD-02513,STU-02513,2023,Second_Term_Jan_Apr,148,7,0,7.8,,HIGH
GRD-02514,STU-02514,2025,Second_Term_Jan_Apr,13,0,0,27.2,,LOW
GRD-02515,STU-02515,2025,Third_Term_May_Jul,25,1,0,32.3,,MEDIUM
GRD-02516,STU-02516,2025,First_Term_Sep_Dec,16,1,0,90.0,5.3,LOW
GRD-02517,STU-02517,2023,Second_Term_Jan_Apr,22,1,0,24.5,83.5,LOW
GRD-02518,STU-02518,2024,First_Term_Sep_Dec,10,1,0,91.8,3.5,LOW
GRD-02519,STU-02519,2024,First_Term_Sep_Dec,100,2,0,24.9,53.4,MEDIUM
GRD-02520,STU-02520,2025,First_Term_Sep_Dec,36,1,0,24.0,40.0,MEDIUM
GRD-02521,STU-02521,2024,Third_Term_May_Jul,3,2,0,29.7,52.4,LOW
GRD-02522,STU-02522,2025,First_Term_Sep_Dec,90,7,0,7.6,,HIGH
GRD-02523,STU-02523,2025,Third_Term_May_Jul,20,0,0,36.3,,MEDIUM
GRD-02524,STU-02524,2024,Second_Term_Jan_Apr,47,0,0,80.9,4.3,LOW
GRD-02525,STU-02525,2023,Second_Term_Jan_Apr,34,1,0,84.8,10.0,LOW
GRD-02526,STU-02526,2024,First_Term_Sep_Dec,31,1,0,32.3,57.9,MEDIUM
GRD-02527,STU-02527,2024,First_Term_Sep_Dec,9,1,0,37.6,47.6,LOW
GRD-02528,STU-02528,2024,Second_Term_Jan_Apr,45,1,0,30.7,84.4,MEDIUM
GRD-02529,STU-02529,2024,First_Term_Sep_Dec,25,0,0,30.8,,MEDIUM
GRD-02530,STU-02530,2024,First_Term_Sep_Dec,16,0,0,38.1,0.5,LOW
GRD-02531,STU-02531,2025,Second_Term_Jan_Apr,23,1,0,26.0,95.5,LOW
GRD-02532,STU-02532,2023,First_Term_Sep_Dec,24,1,0,85.6,2.5,LOW
GRD-02533,STU-02533,2023,Second_Term_Jan_Apr,45,0,0,81.7,3.8,LOW
GRD-02534,STU-02534,2024,Third_Term_May_Jul,14,0,0,29.3,0.6,LOW
GRD-02535,STU-02535,2024,Second_Term_Jan_Apr,0,1,1,17.5,66.8,LOW
GRD-02536,STU-02536,2024,Third_Term_May_Jul,30,0,0,88.8,3.5,LOW
GRD-02537,STU-02537,2023,Third_Term_May_Jul,20,0,0,30.1,0.5,LOW
GRD-02538,STU-02538,2025,Third_Term_May_Jul,12,0,0,35.1,,LOW
GRD-02539,STU-02539,2024,First_Term_Sep_Dec,107,3,0,13.2,,HIGH
GRD-02540,STU-02540,2025,Second_Term_Jan_Apr,198,5,0,7.1,,HIGH
GRD-02541,STU-02541,2025,Second_Term_Jan_Apr,8,1,0,24.3,110.8,LOW
GRD-02542,STU-02542,2025,Third_Term_May_Jul,18,0,0,40.0,0.4,LOW
GRD-02543,STU-02543,2023,Third_Term_May_Jul,163,6,0,4.4,,HIGH
GRD-02544,STU-02544,2023,Third_Term_May_Jul,98,4,0,5.7,,HIGH
GRD-02545,STU-02545,2023,First_Term_Sep_Dec,42,1,0,20.9,75.8,MEDIUM
GRD-02546,STU-02546,2024,First_Term_Sep_Dec,19,0,0,92.5,1.2,LOW
GRD-02547,STU-02547,2025,Third_Term_May_Jul,33,0,0,96.2,5.0,LOW
GRD-02548,STU-02548,2025,First_Term_Sep_Dec,103,6,0,7.4,,HIGH
GRD-02549,STU-02549,2025,Third_Term_May_Jul,23,0,0,29.9,0.5,LOW
GRD-02550,STU-02550,2024,Third_Term_May_Jul,32,1,0,94.4,5.7,LOW
GRD-02551,STU-02551,2025,First_Term_Sep_Dec,19,0,0,30.2,,MEDIUM
GRD-02552,STU-02552,2023,Second_Term_Jan_Apr,8,0,0,20.0,0.7,LOW
GRD-02553,STU-02553,2025,First_Term_Sep_Dec,60,2,0,32.0,38.0,MEDIUM
GRD-02554,STU-02554,2023,Second_Term_Jan_Apr,16,0,0,32.4,0.8,LOW
GRD-02555,STU-02555,2025,Third_Term_May_Jul,26,0,0,92.3,3.8,LOW
GRD-02556,STU-02556,2025,First_Term_Sep_Dec,18,0,0,28.4,0.6,LOW
GRD-02557,STU-02557,2025,Third_Term_May_Jul,14,2,0,30.6,65.6,LOW
GRD-02558,STU-02558,2025,Third_Term_May_Jul,18,0,0,25.9,,MEDIUM
GRD-02559,STU-02559,2023,First_Term_Sep_Dec,20,0,0,22.3,,MEDIUM
GRD-02560,STU-02560,2023,First_Term_Sep_Dec,20,0,0,33.5,,MEDIUM
GRD-02561,STU-02561,2025,Second_Term_Jan_Apr,159,7,0,4.7,,HIGH
GRD-02562,STU-02562,2024,Third_Term_May_Jul,23,1,0,88.7,2.8,LOW
GRD-02563,STU-02563,2025,First_Term_Sep_Dec,17,0,0,36.4,,MEDIUM
GRD-02564,STU-02564,2023,Third_Term_May_Jul,21,2,0,29.4,76.2,LOW
GRD-02565,STU-02565,2024,Second_Term_Jan_Apr,41,0,0,86.2,5.4,LOW
GRD-02566,STU-02566,2024,First_Term_Sep_Dec,16,1,0,82.5,2.7,LOW
GRD-02567,STU-02567,2023,Second_Term_Jan_Apr,17,0,0,27.7,0.4,LOW
GRD-02568,STU-02568,2025,Third_Term_May_Jul,0,0,1,22.3,57.5,LOW
GRD-02569,STU-02569,2023,First_Term_Sep_Dec,17,0,0,20.5,0.8,LOW
GRD-02570,STU-02570,2023,Third_Term_May_Jul,31,1,0,91.5,4.3,LOW
GRD-02571,STU-02571,2025,Second_Term_Jan_Apr,57,1,0,37.0,55.8,MEDIUM
GRD-02572,STU-02572,2025,First_Term_Sep_Dec,95,7,0,4.0,,HIGH
GRD-02573,STU-02573,2025,Third_Term_May_Jul,71,1,0,19.6,69.8,MEDIUM
GRD-02574,STU-02574,2024,Third_Term_May_Jul,21,0,0,26.6,0.4,LOW
GRD-02575,STU-02575,2023,Third_Term_May_Jul,165,5,0,3.4,,HIGH
GRD-02576,STU-02576,2025,Second_Term_Jan_Apr,45,2,0,33.1,67.5,MEDIUM
GRD-02577,STU-02577,2023,First_Term_Sep_Dec,20,1,0,96.7,1.4,LOW
GRD-02578,STU-02578,2025,Third_Term_May_Jul,20,1,0,91.6,5.5,LOW
GRD-02579,STU-02579,2023,Second_Term_Jan_Apr,6,2,0,31.7,70.9,LOW
GRD-02580,STU-02580,2023,First_Term_Sep_Dec,90,4,0,4.8,,HIGH
GRD-02581,STU-02581,2025,Third_Term_May_Jul,23,0,0,34.4,,MEDIUM
GRD-02582,STU-02582,2024,Second_Term_Jan_Apr,16,2,0,22.6,89.3,LOW
GRD-02583,STU-02583,2024,Second_Term_Jan_Apr,1,0,0,18.9,98.3,LOW
GRD-02584,STU-02584,2025,Third_Term_May_Jul,15,0,0,26.9,,MEDIUM
GRD-02585,STU-02585,2025,First_Term_Sep_Dec,18,1,0,98.6,2.6,LOW
GRD-02586,STU-02586,2024,First_Term_Sep_Dec,90,4,0,4.3,,HIGH
GRD-02587,STU-02587,2024,Second_Term_Jan_Apr,131,2,0,4.1,,HIGH
GRD-02588,STU-02588,2025,First_Term_Sep_Dec,77,2,0,16.4,43.7,MEDIUM
GRD-02589,STU-02589,2024,First_Term_Sep_Dec,20,0,0,27.3,0.5,LOW
GRD-02590,STU-02590,2025,Second_Term_Jan_Apr,10,2,0,21.8,85.3,LOW
GRD-02591,STU-02591,2023,Third_Term_May_Jul,160,7,0,2.4,,HIGH
GRD-02592,STU-02592,2023,Third_Term_May_Jul,122,5,0,2.6,,HIGH
GRD-02593,STU-02593,2023,Second_Term_Jan_Apr,112,4,0,2.9,,HIGH
GRD-02594,STU-02594,2023,Second_Term_Jan_Apr,0,2,1,22.3,60.3,LOW
GRD-02595,STU-02595,2023,Second_Term_Jan_Apr,34,0,0,80.9,5.0,LOW
GRD-02596,STU-02596,2024,First_Term_Sep_Dec,0,0,1,26.7,62.8,LOW
GRD-02597,STU-02597,2025,First_Term_Sep_Dec,14,0,0,29.3,,LOW
GRD-02598,STU-02598,2025,Second_Term_Jan_Apr,0,1,0,31.1,53.8,LOW
GRD-02599,STU-02599,2025,Third_Term_May_Jul,59,2,0,25.8,42.7,MEDIUM
GRD-02600,STU-02600,2023,Second_Term_Jan_Apr,124,6,0,2.6,,HIGH
GRD-02601,STU-02601,2023,First_Term_Sep_Dec,18,0,0,88.1,5.9,LOW
GRD-02602,STU-02602,2025,First_Term_Sep_Dec,82,2,0,20.3,60.2,MEDIUM
GRD-02603,STU-02603,2023,Third_Term_May_Jul,32,0,0,92.1,4.0,LOW
GRD-02604,STU-02604,2024,Second_Term_Jan_Apr,17,0,0,26.0,0.4,LOW
GRD-02605,STU-02605,2025,Second_Term_Jan_Apr,20,0,0,25.6,,MEDIUM
GRD-02606,STU-02606,2023,Second_Term_Jan_Apr,142,4,0,0.3,,HIGH
GRD-02607,STU-02607,2023,First_Term_Sep_Dec,26,0,0,31.2,0.7,LOW
GRD-02608,STU-02608,2025,Third_Term_May_Jul,30,0,0,97.2,4.3,LOW
GRD-02609,STU-02609,2025,Third_Term_May_Jul,10,0,0,34.3,68.1,LOW
GRD-02610,STU-02610,2024,Third_Term_May_Jul,23,0,0,24.7,,MEDIUM
GRD-02611,STU-02611,2025,First_Term_Sep_Dec,31,1,0,24.0,80.3,MEDIUM
GRD-02612,STU-02612,2023,First_Term_Sep_Dec,11,0,0,30.3,,LOW
GRD-02613,STU-02613,2025,Third_Term_May_Jul,0,0,1,23.6,71.9,LOW
GRD-02614,STU-02614,2025,Third_Term_May_Jul,21,0,0,20.7,0.6,LOW
GRD-02615,STU-02615,2023,First_Term_Sep_Dec,24,0,0,31.0,,MEDIUM
GRD-02616,STU-02616,2024,Second_Term_Jan_Apr,0,0,1,24.8,66.0,LOW
GRD-02617,STU-02617,2023,First_Term_Sep_Dec,29,2,0,22.3,47.6,LOW
GRD-02618,STU-02618,2023,First_Term_Sep_Dec,13,0,0,28.1,,LOW
GRD-02619,STU-02619,2023,First_Term_Sep_Dec,24,0,0,32.3,0.2,LOW
GRD-02620,STU-02620,2025,Third_Term_May_Jul,18,0,0,31.2,,MEDIUM
GRD-02621,STU-02621,2023,Third_Term_May_Jul,54,1,0,31.3,62.5,MEDIUM
GRD-02622,STU-02622,2025,Third_Term_May_Jul,128,5,0,9.6,,HIGH
GRD-02623,STU-02623,2025,Third_Term_May_Jul,155,3,0,2.0,,HIGH
GRD-02624,STU-02624,2023,First_Term_Sep_Dec,21,0,0,89.6,4.0,LOW
GRD-02625,STU-02625,2024,Second_Term_Jan_Apr,20,0,0,29.7,,MEDIUM
GRD-02626,STU-02626,2025,Third_Term_May_Jul,23,1,0,90.3,5.1,LOW
GRD-02627,STU-02627,2023,First_Term_Sep_Dec,15,0,0,24.4,0.5,LOW
GRD-02628,STU-02628,2024,First_Term_Sep_Dec,68,2,0,26.5,72.8,MEDIUM
GRD-02629,STU-02629,2023,Third_Term_May_Jul,191,7,0,4.0,,HIGH
GRD-02630,STU-02630,2025,Third_Term_May_Jul,37,0,0,93.0,3.1,LOW
GRD-02631,STU-02631,2024,Third_Term_May_Jul,15,0,0,33.3,,MEDIUM
GRD-02632,STU-02632,2025,First_Term_Sep_Dec,0,0,1,89.7,2.8,LOW
GRD-02633,STU-02633,2025,Second_Term_Jan_Apr,15,0,0,39.2,0.7,LOW
GRD-02634,STU-02634,2025,Third_Term_May_Jul,123,5,0,3.2,,HIGH
GRD-02635,STU-02635,2024,First_Term_Sep_Dec,21,0,0,33.7,,MEDIUM
GRD-02636,STU-02636,2025,Third_Term_May_Jul,19,0,0,29.1,,MEDIUM
GRD-02637,STU-02637,2024,Third_Term_May_Jul,2,1,0,15.6,73.0,LOW
GRD-02638,STU-02638,2023,Second_Term_Jan_Apr,28,0,0,86.0,5.1,LOW
GRD-02639,STU-02639,2024,Second_Term_Jan_Apr,33,0,0,83.8,4.8,LOW
GRD-02640,STU-02640,2024,Third_Term_May_Jul,21,0,0,30.2,0.8,LOW
GRD-02641,STU-02641,2023,Third_Term_May_Jul,16,0,0,23.3,,MEDIUM
GRD-02642,STU-02642,2024,First_Term_Sep_Dec,3,0,0,25.5,46.4,LOW
GRD-02643,STU-02643,2025,Third_Term_May_Jul,30,1,0,21.7,76.2,LOW
GRD-02644,STU-02644,2025,Second_Term_Jan_Apr,35,0,0,72.6,7.3,LOW
GRD-02645,STU-02645,2023,Third_Term_May_Jul,105,1,0,1.0,,HIGH
GRD-02646,STU-02646,2024,First_Term_Sep_Dec,39,2,0,40.5,70.6,LOW
GRD-02647,STU-02647,2024,Third_Term_May_Jul,26,2,0,29.3,34.5,LOW
GRD-02648,STU-02648,2024,Second_Term_Jan_Apr,45,0,0,80.9,8.6,LOW
GRD-02649,STU-02649,2024,Second_Term_Jan_Apr,143,6,0,8.7,,HIGH
GRD-02650,STU-02650,2023,First_Term_Sep_Dec,90,3,0,3.2,,HIGH
GRD-02651,STU-02651,2023,Second_Term_Jan_Apr,7,0,0,28.4,83.8,LOW
GRD-02652,STU-02652,2024,First_Term_Sep_Dec,90,6,0,9.9,,HIGH
GRD-02653,STU-02653,2025,First_Term_Sep_Dec,13,0,0,40.0,0.3,LOW
GRD-02654,STU-02654,2025,First_Term_Sep_Dec,24,0,0,33.2,,MEDIUM
GRD-02655,STU-02655,2023,Third_Term_May_Jul,62,2,0,24.4,68.0,MEDIUM
GRD-02656,STU-02656,2025,Second_Term_Jan_Apr,51,1,0,24.5,55.8,MEDIUM
GRD-02657,STU-02657,2023,Third_Term_May_Jul,39,0,0,93.9,0.9,LOW
GRD-02658,STU-02658,2024,Third_Term_May_Jul,12,0,0,34.5,0.2,LOW
GRD-02659,STU-02659,2024,First_Term_Sep_Dec,14,0,0,91.7,0.8,LOW
GRD-02660,STU-02660,2024,Third_Term_May_Jul,50,0,0,39.4,62.7,LOW
GRD-02661,STU-02661,2023,First_Term_Sep_Dec,3,2,0,23.8,45.5,LOW
GRD-02662,STU-02662,2025,Second_Term_Jan_Apr,38,1,0,76.7,7.8,LOW
GRD-02663,STU-02663,2023,Second_Term_Jan_Apr,42,1,0,80.5,4.8,LOW
GRD-02664,STU-02664,2024,Third_Term_May_Jul,146,4,0,1.2,,HIGH
GRD-02665,STU-02665,2024,First_Term_Sep_Dec,16,0,0,32.2,,MEDIUM
GRD-02666,STU-02666,2023,First_Term_Sep_Dec,90,3,0,6.0,,HIGH
GRD-02667,STU-02667,2023,First_Term_Sep_Dec,25,1,0,34.1,70.9,LOW
GRD-02668,STU-02668,2025,First_Term_Sep_Dec,65,1,0,27.2,56.1,MEDIUM
GRD-02669,STU-02669,2024,Third_Term_May_Jul,60,1,0,39.2,66.2,MEDIUM
GRD-02670,STU-02670,2024,Third_Term_May_Jul,23,0,0,24.0,,MEDIUM
GRD-02671,STU-02671,2025,First_Term_Sep_Dec,16,0,0,27.8,0.6,LOW
GRD-02672,STU-02672,2024,Third_Term_May_Jul,28,0,0,90.7,5.4,LOW
GRD-02673,STU-02673,2023,First_Term_Sep_Dec,16,0,0,95.6,2.4,LOW
GRD-02674,STU-02674,2024,Second_Term_Jan_Apr,0,2,1,21.1,62.8,LOW
GRD-02675,STU-02675,2023,First_Term_Sep_Dec,90,0,0,8.0,,HIGH
GRD-02676,STU-02676,2023,Second_Term_Jan_Apr,60,2,0,26.1,73.2,MEDIUM
GRD-02677,STU-02677,2023,Second_Term_Jan_Apr,89,2,0,25.4,57.1,MEDIUM
GRD-02678,STU-02678,2025,First_Term_Sep_Dec,98,1,0,9.4,,HIGH
GRD-02679,STU-02679,2025,Second_Term_Jan_Apr,99,4,0,4.2,,HIGH
GRD-02680,STU-02680,2025,First_Term_Sep_Dec,17,0,0,27.8,,MEDIUM
GRD-02681,STU-02681,2023,First_Term_Sep_Dec,88,1,0,28.2,63.3,MEDIUM
GRD-02682,STU-02682,2023,Second_Term_Jan_Apr,32,1,0,88.7,3.5,LOW
GRD-02683,STU-02683,2023,Second_Term_Jan_Apr,9,1,0,21.2,50.8,LOW
GRD-02684,STU-02684,2024,Third_Term_May_Jul,22,2,0,34.9,74.3,LOW
GRD-02685,STU-02685,2023,First_Term_Sep_Dec,22,0,0,93.9,5.7,LOW
GRD-02686,STU-02686,2024,Second_Term_Jan_Apr,0,1,1,17.1,62.4,LOW
GRD-02687,STU-02687,2023,Second_Term_Jan_Apr,35,1,0,77.7,6.0,LOW
GRD-02688,STU-02688,2023,Second_Term_Jan_Apr,18,0,0,31.8,,MEDIUM
GRD-02689,STU-02689,2025,Third_Term_May_Jul,143,4,0,5.9,,HIGH
GRD-02690,STU-02690,2023,Third_Term_May_Jul,31,0,0,40.5,43.7,LOW
GRD-02691,STU-02691,2025,First_Term_Sep_Dec,0,0,1,18.6,68.4,LOW
GRD-02692,STU-02692,2023,First_Term_Sep_Dec,18,1,0,89.4,4.7,LOW
GRD-02693,STU-02693,2025,Second_Term_Jan_Apr,112,5,0,9.1,,HIGH
GRD-02694,STU-02694,2024,First_Term_Sep_Dec,53,1,0,23.3,66.9,MEDIUM
GRD-02695,STU-02695,2024,Third_Term_May_Jul,21,1,0,86.8,3.1,LOW
GRD-02696,STU-02696,2024,Third_Term_May_Jul,26,1,0,88.9,3.3,LOW
GRD-02697,STU-02697,2024,Third_Term_May_Jul,21,1,0,91.9,4.1,LOW
GRD-02698,STU-02698,2024,First_Term_Sep_Dec,16,0,0,36.3,0.7,LOW
GRD-02699,STU-02699,2025,Second_Term_Jan_Apr,139,0,0,4.8,,HIGH
GRD-02700,STU-02700,2025,Third_Term_May_Jul,29,0,0,100.0,2.9,LOW
GRD-02701,STU-02701,2023,Second_Term_Jan_Apr,32,0,0,76.3,5.0,LOW
GRD-02702,STU-02702,2024,Second_Term_Jan_Apr,39,1,0,79.8,3.7,LOW
GRD-02703,STU-02703,2025,Second_Term_Jan_Apr,42,1,0,73.5,6.0,LOW
GRD-02704,STU-02704,2023,First_Term_Sep_Dec,90,4,0,8.7,,HIGH
GRD-02705,STU-02705,2023,Second_Term_Jan_Apr,42,2,0,75.6,4.9,LOW
GRD-02706,STU-02706,2024,Second_Term_Jan_Apr,40,0,0,77.2,3.8,LOW
GRD-02707,STU-02707,2025,First_Term_Sep_Dec,16,0,0,25.3,,MEDIUM
GRD-02708,STU-02708,2023,Second_Term_Jan_Apr,16,0,0,33.6,,MEDIUM
GRD-02709,STU-02709,2023,Second_Term_Jan_Apr,145,1,0,3.5,,HIGH
GRD-02710,STU-02710,2024,Second_Term_Jan_Apr,37,0,0,76.6,3.5,LOW
GRD-02711,STU-02711,2024,Second_Term_Jan_Apr,56,1,0,25.8,77.8,MEDIUM
GRD-02712,STU-02712,2025,Second_Term_Jan_Apr,28,1,0,92.1,3.7,LOW
GRD-02713,STU-02713,2023,First_Term_Sep_Dec,29,0,0,28.2,49.3,LOW
GRD-02714,STU-02714,2024,First_Term_Sep_Dec,111,4,0,12.0,,HIGH
GRD-02715,STU-02715,2024,Second_Term_Jan_Apr,10,0,0,21.6,0.5,LOW
GRD-02716,STU-02716,2023,First_Term_Sep_Dec,0,1,1,39.1,50.9,LOW
GRD-02717,STU-02717,2024,Third_Term_May_Jul,0,1,1,100.0,3.5,LOW
GRD-02718,STU-02718,2025,Third_Term_May_Jul,22,3,0,18.8,51.3,MEDIUM
GRD-02719,STU-02719,2024,Third_Term_May_Jul,23,1,0,94.8,5.9,LOW
GRD-02720,STU-02720,2025,Second_Term_Jan_Apr,130,5,0,2.3,,HIGH
GRD-02721,STU-02721,2024,Second_Term_Jan_Apr,21,0,0,28.6,0.6,LOW
GRD-02722,STU-02722,2023,First_Term_Sep_Dec,14,1,0,96.8,2.0,LOW
GRD-02723,STU-02723,2025,Second_Term_Jan_Apr,28,1,0,29.9,40.3,LOW
GRD-02724,STU-02724,2023,First_Term_Sep_Dec,116,3,0,9.2,,HIGH
GRD-02725,STU-02725,2024,Second_Term_Jan_Apr,37,1,0,68.2,4.8,LOW
GRD-02726,STU-02726,2025,Third_Term_May_Jul,9,0,0,32.3,,LOW
GRD-02727,STU-02727,2024,Second_Term_Jan_Apr,0,1,1,31.8,72.1,LOW
GRD-02728,STU-02728,2025,First_Term_Sep_Dec,16,1,0,87.7,5.1,LOW
GRD-02729,STU-02729,2024,First_Term_Sep_Dec,18,1,0,29.4,64.4,LOW
GRD-02730,STU-02730,2025,Third_Term_May_Jul,123,3,0,1.8,,HIGH
GRD-02731,STU-02731,2025,Third_Term_May_Jul,26,0,0,96.9,3.4,LOW
GRD-02732,STU-02732,2024,Third_Term_May_Jul,4,2,0,26.1,57.2,LOW
GRD-02733,STU-02733,2023,First_Term_Sep_Dec,15,0,0,23.3,0.1,LOW
GRD-02734,STU-02734,2024,Third_Term_May_Jul,33,3,0,26.8,82.4,MEDIUM
GRD-02735,STU-02735,2025,Second_Term_Jan_Apr,53,0,0,21.8,79.5,LOW
GRD-02736,STU-02736,2023,First_Term_Sep_Dec,54,0,0,32.3,65.4,LOW
GRD-02737,STU-02737,2024,Second_Term_Jan_Apr,46,0,0,89.2,5.3,LOW
GRD-02738,STU-02738,2024,Third_Term_May_Jul,103,5,0,2.2,,HIGH
GRD-02739,STU-02739,2024,Third_Term_May_Jul,142,6,0,3.9,,HIGH
GRD-02740,STU-02740,2025,Third_Term_May_Jul,22,0,0,28.2,,MEDIUM
GRD-02741,STU-02741,2025,First_Term_Sep_Dec,54,2,0,29.0,67.1,MEDIUM
GRD-02742,STU-02742,2023,Third_Term_May_Jul,9,0,0,32.9,0.4,LOW
GRD-02743,STU-02743,2024,Second_Term_Jan_Apr,87,2,0,27.2,93.4,MEDIUM
GRD-02744,STU-02744,2024,Second_Term_Jan_Apr,34,0,0,77.0,4.9,LOW
GRD-02745,STU-02745,2024,First_Term_Sep_Dec,93,5,0,6.7,,HIGH
GRD-02746,STU-02746,2023,Second_Term_Jan_Apr,14,0,0,22.3,,LOW
GRD-02747,STU-02747,2023,Third_Term_May_Jul,30,0,0,89.4,4.6,LOW
GRD-02748,STU-02748,2025,First_Term_Sep_Dec,20,0,0,90.2,4.8,LOW
GRD-02749,STU-02749,2024,Second_Term_Jan_Apr,91,2,0,5.6,,HIGH
GRD-02750,STU-02750,2023,Second_Term_Jan_Apr,15,0,0,24.3,,MEDIUM
GRD-02751,STU-02751,2023,First_Term_Sep_Dec,15,0,0,36.9,,MEDIUM
GRD-02752,STU-02752,2025,First_Term_Sep_Dec,18,0,0,30.5,,MEDIUM
GRD-02753,STU-02753,2023,Second_Term_Jan_Apr,29,1,0,80.4,1.4,LOW
GRD-02754,STU-02754,2025,Second_Term_Jan_Apr,93,3,0,5.5,,HIGH
GRD-02755,STU-02755,2025,Third_Term_May_Jul,3,1,0,22.5,62.2,LOW
GRD-02756,STU-02756,2023,First_Term_Sep_Dec,104,4,0,8.2,,HIGH
GRD-02757,STU-02757,2024,Second_Term_Jan_Apr,92,1,0,36.0,78.6,MEDIUM
GRD-02758,STU-02758,2025,Third_Term_May_Jul,107,1,0,5.6,,HIGH
GRD-02759,STU-02759,2025,Second_Term_Jan_Apr,20,0,0,33.2,,MEDIUM
GRD-02760,STU-02760,2025,Third_Term_May_Jul,47,2,0,31.0,52.8,MEDIUM
GRD-02761,STU-02761,2023,First_Term_Sep_Dec,0,2,1,21.8,74.4,LOW
GRD-02762,STU-02762,2024,Third_Term_May_Jul,0,2,1,30.6,76.0,LOW
GRD-02763,STU-02763,2025,Second_Term_Jan_Apr,40,0,0,87.2,5.2,LOW
GRD-02764,STU-02764,2023,First_Term_Sep_Dec,90,2,0,12.2,,MEDIUM
GRD-02765,STU-02765,2024,First_Term_Sep_Dec,18,0,0,29.2,0.2,LOW
GRD-02766,STU-02766,2025,Third_Term_May_Jul,16,0,0,25.4,,MEDIUM
GRD-02767,STU-02767,2024,First_Term_Sep_Dec,58,1,0,15.7,48.9,MEDIUM
GRD-02768,STU-02768,2025,First_Term_Sep_Dec,18,2,0,31.4,86.5,LOW
GRD-02769,STU-02769,2023,Second_Term_Jan_Apr,7,1,0,12.8,68.5,LOW
GRD-02770,STU-02770,2025,First_Term_Sep_Dec,0,2,0,20.1,33.0,LOW
GRD-02771,STU-02771,2023,Third_Term_May_Jul,25,1,0,97.8,2.0,LOW
GRD-02772,STU-02772,2024,Third_Term_May_Jul,149,4,0,6.1,,HIGH
GRD-02773,STU-02773,2024,Second_Term_Jan_Apr,29,1,0,72.0,7.8,LOW
GRD-02774,STU-02774,2024,Third_Term_May_Jul,76,2,0,20.9,60.5,MEDIUM
GRD-02775,STU-02775,2023,Third_Term_May_Jul,33,1,0,89.8,2.4,LOW
GRD-02776,STU-02776,2024,Second_Term_Jan_Apr,33,0,0,74.8,4.0,LOW
GRD-02777,STU-02777,2025,First_Term_Sep_Dec,16,0,0,83.6,5.2,LOW
GRD-02778,STU-02778,2025,Third_Term_May_Jul,23,0,0,90.0,3.5,LOW
GRD-02779,STU-02779,2023,First_Term_Sep_Dec,90,6,0,6.4,,HIGH
GRD-02780,STU-02780,2023,First_Term_Sep_Dec,90,7,0,7.2,,HIGH
GRD-02781,STU-02781,2023,Second_Term_Jan_Apr,0,0,1,82.6,6.3,LOW
GRD-02782,STU-02782,2025,Third_Term_May_Jul,29,0,0,94.0,3.8,LOW
GRD-02783,STU-02783,2023,Third_Term_May_Jul,22,0,0,82.6,2.0,LOW
GRD-02784,STU-02784,2023,First_Term_Sep_Dec,15,0,0,35.2,0.7,LOW
GRD-02785,STU-02785,2025,Second_Term_Jan_Apr,121,4,0,2.7,,HIGH
GRD-02786,STU-02786,2023,Second_Term_Jan_Apr,43,1,0,78.2,2.1,LOW
GRD-02787,STU-02787,2024,Third_Term_May_Jul,35,3,0,23.9,74.9,MEDIUM
GRD-02788,STU-02788,2024,Second_Term_Jan_Apr,35,0,0,81.6,4.8,LOW
GRD-02789,STU-02789,2023,Third_Term_May_Jul,72,3,0,16.9,67.3,MEDIUM
GRD-02790,STU-02790,2024,Second_Term_Jan_Apr,60,1,0,80.7,5.0,LOW
GRD-02791,STU-02791,2025,First_Term_Sep_Dec,0,2,1,15.2,54.1,LOW
GRD-02792,STU-02792,2025,Second_Term_Jan_Apr,34,0,0,80.5,3.5,LOW
GRD-02793,STU-02793,2023,Second_Term_Jan_Apr,54,1,0,24.6,55.1,MEDIUM
GRD-02794,STU-02794,2024,Third_Term_May_Jul,12,1,0,32.4,70.8,LOW
GRD-02795,STU-02795,2024,First_Term_Sep_Dec,17,1,0,90.6,4.7,LOW
GRD-02796,STU-02796,2025,First_Term_Sep_Dec,13,0,0,95.3,3.2,LOW
GRD-02797,STU-02797,2025,Second_Term_Jan_Apr,121,7,0,1.7,,HIGH
GRD-02798,STU-02798,2023,First_Term_Sep_Dec,17,0,0,33.1,0.6,LOW
GRD-02799,STU-02799,2024,Third_Term_May_Jul,126,7,0,3.5,,HIGH
GRD-02800,STU-02800,2025,Third_Term_May_Jul,29,1,0,95.7,1.9,LOW
GRD-02801,STU-02801,2023,Second_Term_Jan_Apr,16,0,0,27.7,0.5,LOW
GRD-02802,STU-02802,2024,First_Term_Sep_Dec,15,0,0,34.2,0.5,LOW
GRD-02803,STU-02803,2025,Third_Term_May_Jul,26,0,0,97.9,1.3,LOW
GRD-02804,STU-02804,2023,Second_Term_Jan_Apr,15,0,0,34.2,0.5,LOW
GRD-02805,STU-02805,2024,Third_Term_May_Jul,24,1,0,91.1,1.9,LOW
GRD-02806,STU-02806,2023,Second_Term_Jan_Apr,140,2,0,5.2,,HIGH
GRD-02807,STU-02807,2025,Second_Term_Jan_Apr,33,0,0,76.5,2.6,LOW
GRD-02808,STU-02808,2023,First_Term_Sep_Dec,106,3,0,5.8,,HIGH
GRD-02809,STU-02809,2025,Second_Term_Jan_Apr,26,1,0,90.7,5.1,LOW
GRD-02810,STU-02810,2025,Third_Term_May_Jul,97,4,0,1.8,,HIGH
GRD-02811,STU-02811,2023,Second_Term_Jan_Apr,28,0,0,68.7,3.9,LOW
GRD-02812,STU-02812,2023,Second_Term_Jan_Apr,122,1,0,4.7,,HIGH
GRD-02813,STU-02813,2024,Second_Term_Jan_Apr,0,2,1,33.5,70.4,LOW
GRD-02814,STU-02814,2025,Second_Term_Jan_Apr,83,2,0,17.5,72.4,MEDIUM
GRD-02815,STU-02815,2023,First_Term_Sep_Dec,90,3,0,6.7,,HIGH
GRD-02816,STU-02816,2025,Second_Term_Jan_Apr,39,0,0,76.1,1.8,LOW
GRD-02817,STU-02817,2024,Third_Term_May_Jul,31,1,0,90.0,4.2,LOW
GRD-02818,STU-02818,2024,Third_Term_May_Jul,15,0,0,36.0,,MEDIUM
GRD-02819,STU-02819,2023,Second_Term_Jan_Apr,37,0,0,75.7,3.9,LOW
GRD-02820,STU-02820,2023,First_Term_Sep_Dec,20,0,0,28.1,,MEDIUM
GRD-02821,STU-02821,2024,Third_Term_May_Jul,20,0,0,90.7,4.1,LOW
GRD-02822,STU-02822,2025,Second_Term_Jan_Apr,65,0,0,16.1,92.9,MEDIUM
GRD-02823,STU-02823,2025,Third_Term_May_Jul,33,2,0,27.0,47.7,MEDIUM
GRD-02824,STU-02824,2023,Second_Term_Jan_Apr,20,0,0,35.0,,MEDIUM
GRD-02825,STU-02825,2025,Second_Term_Jan_Apr,34,1,0,79.4,3.6,LOW
GRD-02826,STU-02826,2023,Second_Term_Jan_Apr,44,1,0,78.3,4.0,LOW
GRD-02827,STU-02827,2025,Second_Term_Jan_Apr,95,6,0,3.0,,HIGH
GRD-02828,STU-02828,2023,Second_Term_Jan_Apr,39,1,0,78.1,4.7,LOW
GRD-02829,STU-02829,2023,Third_Term_May_Jul,141,3,0,2.5,,HIGH
GRD-02830,STU-02830,2024,Third_Term_May_Jul,154,3,0,2.3,,HIGH
GRD-02831,STU-02831,2024,Third_Term_May_Jul,20,0,0,26.7,,MEDIUM
GRD-02832,STU-02832,2023,First_Term_Sep_Dec,13,1,0,91.9,3.8,LOW
GRD-02833,STU-02833,2023,Third_Term_May_Jul,0,1,0,29.1,34.5,LOW
GRD-02834,STU-02834,2024,Second_Term_Jan_Apr,31,1,0,85.7,5.2,LOW
GRD-02835,STU-02835,2024,Third_Term_May_Jul,28,0,0,93.0,3.5,LOW
GRD-02836,STU-02836,2024,First_Term_Sep_Dec,78,2,0,35.7,52.4,MEDIUM
GRD-02837,STU-02837,2024,First_Term_Sep_Dec,8,1,0,24.0,79.3,LOW
GRD-02838,STU-02838,2023,Second_Term_Jan_Apr,4,1,0,27.4,64.8,LOW
GRD-02839,STU-02839,2025,First_Term_Sep_Dec,45,2,0,35.1,73.6,MEDIUM
GRD-02840,STU-02840,2025,Third_Term_May_Jul,151,6,0,0.0,,HIGH
GRD-02841,STU-02841,2024,Third_Term_May_Jul,39,2,0,28.5,42.3,MEDIUM
GRD-02842,STU-02842,2023,Second_Term_Jan_Apr,22,2,0,23.7,64.7,LOW
GRD-02843,STU-02843,2024,Third_Term_May_Jul,0,1,1,18.1,71.5,LOW
GRD-02844,STU-02844,2025,Third_Term_May_Jul,105,6,0,4.0,,HIGH
GRD-02845,STU-02845,2023,Third_Term_May_Jul,15,0,0,25.2,0.6,LOW
GRD-02846,STU-02846,2025,First_Term_Sep_Dec,10,0,0,23.9,,LOW
GRD-02847,STU-02847,2025,First_Term_Sep_Dec,21,0,0,90.6,5.7,LOW
GRD-02848,STU-02848,2023,First_Term_Sep_Dec,16,0,0,88.5,2.8,LOW
GRD-02849,STU-02849,2025,Third_Term_May_Jul,95,6,0,4.9,,HIGH
GRD-02850,STU-02850,2025,First_Term_Sep_Dec,0,0,1,27.0,63.9,LOW
GRD-02851,STU-02851,2025,First_Term_Sep_Dec,27,0,0,26.5,0.3,LOW
GRD-02852,STU-02852,2023,Third_Term_May_Jul,23,1,0,78.2,4.0,LOW
GRD-02853,STU-02853,2023,First_Term_Sep_Dec,44,0,0,33.9,50.2,LOW
GRD-02854,STU-02854,2025,First_Term_Sep_Dec,16,0,0,89.2,3.6,LOW
GRD-02855,STU-02855,2024,First_Term_Sep_Dec,0,0,1,86.0,3.0,LOW
GRD-02856,STU-02856,2025,First_Term_Sep_Dec,19,0,0,25.7,,MEDIUM
GRD-02857,STU-02857,2025,First_Term_Sep_Dec,18,0,0,27.3,,MEDIUM
GRD-02858,STU-02858,2024,First_Term_Sep_Dec,17,0,0,92.0,3.2,LOW
GRD-02859,STU-02859,2023,Third_Term_May_Jul,23,0,0,90.7,2.7,LOW
GRD-02860,STU-02860,2024,Third_Term_May_Jul,171,7,0,7.0,,HIGH
GRD-02861,STU-02861,2023,Third_Term_May_Jul,32,1,0,100.0,4.2,LOW
GRD-02862,STU-02862,2024,Second_Term_Jan_Apr,0,1,1,31.3,65.9,LOW
GRD-02863,STU-02863,2024,First_Term_Sep_Dec,17,0,0,22.9,0.6,LOW
GRD-02864,STU-02864,2025,Second_Term_Jan_Apr,11,0,0,28.0,0.5,LOW
GRD-02865,STU-02865,2025,Second_Term_Jan_Apr,27,1,0,82.2,2.9,LOW
GRD-02866,STU-02866,2023,Second_Term_Jan_Apr,67,0,0,89.0,4.9,LOW
GRD-02867,STU-02867,2024,First_Term_Sep_Dec,0,0,1,90.8,5.5,LOW
GRD-02868,STU-02868,2023,Third_Term_May_Jul,33,0,0,91.1,4.7,LOW
GRD-02869,STU-02869,2024,First_Term_Sep_Dec,105,4,0,3.7,,HIGH
GRD-02870,STU-02870,2025,Second_Term_Jan_Apr,40,1,0,77.2,6.1,LOW
GRD-02871,STU-02871,2025,Third_Term_May_Jul,0,2,1,33.2,67.0,LOW
GRD-02872,STU-02872,2025,First_Term_Sep_Dec,60,1,0,24.3,52.2,MEDIUM
GRD-02873,STU-02873,2023,First_Term_Sep_Dec,90,6,0,2.9,,HIGH
GRD-02874,STU-02874,2024,First_Term_Sep_Dec,14,0,0,92.8,4.1,LOW
GRD-02875,STU-02875,2025,Third_Term_May_Jul,118,5,0,0.0,,HIGH
GRD-02876,STU-02876,2025,Second_Term_Jan_Apr,29,0,0,16.5,68.5,LOW
GRD-02877,STU-02877,2025,Third_Term_May_Jul,8,0,0,32.2,0.6,LOW
GRD-02878,STU-02878,2023,Second_Term_Jan_Apr,37,0,0,87.8,8.0,LOW
GRD-02879,STU-02879,2023,First_Term_Sep_Dec,22,0,0,28.5,0.7,LOW
GRD-02880,STU-02880,2025,First_Term_Sep_Dec,13,1,0,91.2,1.0,LOW
GRD-02881,STU-02881,2024,First_Term_Sep_Dec,15,0,0,30.9,,MEDIUM
GRD-02882,STU-02882,2023,Second_Term_Jan_Apr,47,0,0,79.6,6.8,LOW
GRD-02883,STU-02883,2025,Third_Term_May_Jul,20,1,0,84.8,5.0,LOW
GRD-02884,STU-02884,2025,Third_Term_May_Jul,1,0,0,17.4,78.1,LOW
GRD-02885,STU-02885,2024,First_Term_Sep_Dec,17,0,0,20.0,,MEDIUM
GRD-02886,STU-02886,2024,Third_Term_May_Jul,0,1,1,85.7,5.2,LOW
GRD-02887,STU-02887,2025,First_Term_Sep_Dec,15,0,0,27.3,,MEDIUM
GRD-02888,STU-02888,2025,Second_Term_Jan_Apr,0,2,1,28.4,68.5,LOW
GRD-02889,STU-02889,2025,Second_Term_Jan_Apr,58,1,0,23.2,79.7,MEDIUM
GRD-02890,STU-02890,2024,First_Term_Sep_Dec,21,0,0,30.1,0.3,LOW
GRD-02891,STU-02891,2024,Third_Term_May_Jul,12,0,0,31.4,,LOW
GRD-02892,STU-02892,2025,First_Term_Sep_Dec,120,3,0,1.8,,HIGH
GRD-02893,STU-02893,2025,Second_Term_Jan_Apr,106,6,0,3.7,,HIGH
GRD-02894,STU-02894,2023,Third_Term_May_Jul,55,1,0,24.4,72.3,MEDIUM
GRD-02895,STU-02895,2023,Second_Term_Jan_Apr,23,2,0,26.5,85.2,LOW
GRD-02896,STU-02896,2024,Third_Term_May_Jul,28,0,0,97.3,3.0,LOW
GRD-02897,STU-02897,2025,Third_Term_May_Jul,14,0,0,23.9,0.8,LOW
GRD-02898,STU-02898,2023,Third_Term_May_Jul,16,0,0,29.1,,MEDIUM
GRD-02899,STU-02899,2023,Third_Term_May_Jul,16,0,0,34.7,0.3,LOW
GRD-02900,STU-02900,2025,Third_Term_May_Jul,139,7,0,5.3,,HIGH
GRD-02901,STU-02901,2024,Second_Term_Jan_Apr,142,3,0,3.2,,HIGH
GRD-02902,STU-02902,2025,Second_Term_Jan_Apr,40,0,0,75.4,4.4,LOW
GRD-02903,STU-02903,2024,First_Term_Sep_Dec,71,2,0,30.6,56.7,MEDIUM
GRD-02904,STU-02904,2025,Second_Term_Jan_Apr,90,4,0,2.8,,HIGH
GRD-02905,STU-02905,2023,Third_Term_May_Jul,17,0,0,25.2,0.3,LOW
GRD-02906,STU-02906,2023,Second_Term_Jan_Apr,50,1,0,75.8,8.9,LOW
GRD-02907,STU-02907,2023,First_Term_Sep_Dec,13,0,0,29.3,,LOW
GRD-02908,STU-02908,2024,Third_Term_May_Jul,54,1,0,29.3,81.1,MEDIUM
GRD-02909,STU-02909,2024,Second_Term_Jan_Apr,46,0,0,88.2,6.9,LOW
GRD-02910,STU-02910,2024,Second_Term_Jan_Apr,36,0,0,84.4,4.2,LOW
GRD-02911,STU-02911,2023,First_Term_Sep_Dec,31,1,0,19.2,56.1,MEDIUM
GRD-02912,STU-02912,2023,First_Term_Sep_Dec,0,3,0,20.5,50.8,MEDIUM
GRD-02913,STU-02913,2023,Second_Term_Jan_Apr,98,5,0,8.4,,HIGH
GRD-02914,STU-02914,2024,Third_Term_May_Jul,1,2,0,23.7,34.5,LOW
GRD-02915,STU-02915,2025,First_Term_Sep_Dec,14,0,0,86.8,5.0,LOW
GRD-02916,STU-02916,2024,First_Term_Sep_Dec,16,0,0,88.2,5.4,LOW
GRD-02917,STU-02917,2024,First_Term_Sep_Dec,28,1,0,35.0,76.6,LOW
GRD-02918,STU-02918,2024,First_Term_Sep_Dec,15,0,0,37.1,,MEDIUM
GRD-02919,STU-02919,2023,Third_Term_May_Jul,152,3,0,3.1,,HIGH
GRD-02920,STU-02920,2025,Second_Term_Jan_Apr,31,1,0,79.3,6.9,LOW
GRD-02921,STU-02921,2023,First_Term_Sep_Dec,32,2,0,36.8,77.0,MEDIUM
GRD-02922,STU-02922,2023,Third_Term_May_Jul,90,4,0,7.9,,HIGH
GRD-02923,STU-02923,2024,First_Term_Sep_Dec,18,1,0,28.4,57.7,LOW
GRD-02924,STU-02924,2025,Third_Term_May_Jul,17,0,0,33.6,0.3,LOW
GRD-02925,STU-02925,2025,Second_Term_Jan_Apr,29,0,0,84.7,5.9,LOW
GRD-02926,STU-02926,2023,First_Term_Sep_Dec,14,1,0,93.4,1.5,LOW
GRD-02927,STU-02927,2024,Second_Term_Jan_Apr,33,1,0,73.0,3.6,LOW
GRD-02928,STU-02928,2024,Second_Term_Jan_Apr,46,1,0,80.3,5.0,LOW
GRD-02929,STU-02929,2025,Second_Term_Jan_Apr,72,1,0,26.8,59.7,MEDIUM
GRD-02930,STU-02930,2023,First_Term_Sep_Dec,6,1,0,92.5,4.0,LOW
GRD-02931,STU-02931,2023,First_Term_Sep_Dec,12,0,0,97.6,3.6,LOW
GRD-02932,STU-02932,2023,Third_Term_May_Jul,17,2,0,34.7,95.8,LOW
GRD-02933,STU-02933,2025,First_Term_Sep_Dec,17,0,0,86.1,4.2,LOW
GRD-02934,STU-02934,2025,First_Term_Sep_Dec,19,1,0,95.7,2.8,LOW
GRD-02935,STU-02935,2025,First_Term_Sep_Dec,18,0,0,25.9,,MEDIUM
GRD-02936,STU-02936,2024,Third_Term_May_Jul,32,0,0,93.5,6.3,LOW
GRD-02937,STU-02937,2024,Third_Term_May_Jul,19,1,0,96.6,2.5,LOW
GRD-02938,STU-02938,2024,First_Term_Sep_Dec,0,2,1,20.4,59.5,LOW
GRD-02939,STU-02939,2024,Second_Term_Jan_Apr,90,4,0,7.4,,HIGH
GRD-02940,STU-02940,2023,Second_Term_Jan_Apr,30,1,0,83.2,2.8,LOW
GRD-02941,STU-02941,2024,First_Term_Sep_Dec,112,3,0,4.5,,HIGH
GRD-02942,STU-02942,2024,Third_Term_May_Jul,28,1,0,27.3,72.4,LOW
GRD-02943,STU-02943,2025,Second_Term_Jan_Apr,40,0,0,85.4,3.3,LOW
GRD-02944,STU-02944,2023,Third_Term_May_Jul,27,0,0,97.2,2.3,LOW
GRD-02945,STU-02945,2024,Third_Term_May_Jul,0,1,1,25.2,65.0,LOW
GRD-02946,STU-02946,2025,First_Term_Sep_Dec,17,0,0,37.8,0.7,LOW
GRD-02947,STU-02947,2023,Third_Term_May_Jul,9,1,0,34.1,53.4,LOW
GRD-02948,STU-02948,2025,Third_Term_May_Jul,27,0,0,100.0,4.5,LOW
GRD-02949,STU-02949,2024,Third_Term_May_Jul,145,1,0,2.8,,HIGH
GRD-02950,STU-02950,2025,Third_Term_May_Jul,15,0,0,26.3,,MEDIUM
GRD-02951,STU-02951,2023,First_Term_Sep_Dec,0,1,1,35.0,74.9,LOW
GRD-02952,STU-02952,2024,First_Term_Sep_Dec,0,2,1,28.5,81.6,LOW
GRD-02953,STU-02953,2023,Second_Term_Jan_Apr,20,2,0,31.1,45.4,LOW
GRD-02954,STU-02954,2024,First_Term_Sep_Dec,66,1,0,18.7,47.9,MEDIUM
GRD-02955,STU-02955,2025,First_Term_Sep_Dec,20,0,0,87.4,4.5,LOW
GRD-02956,STU-02956,2024,First_Term_Sep_Dec,34,2,0,24.5,46.7,MEDIUM
GRD-02957,STU-02957,2023,Second_Term_Jan_Apr,105,2,0,2.5,,HIGH
GRD-02958,STU-02958,2023,Second_Term_Jan_Apr,44,1,0,89.6,4.3,LOW
GRD-02959,STU-02959,2025,Second_Term_Jan_Apr,129,5,0,8.3,,HIGH
GRD-02960,STU-02960,2024,Second_Term_Jan_Apr,42,0,0,84.3,7.7,LOW
GRD-02961,STU-02961,2025,Second_Term_Jan_Apr,42,2,0,23.4,51.8,MEDIUM
GRD-02962,STU-02962,2023,Third_Term_May_Jul,36,0,0,94.9,0.9,LOW
GRD-02963,STU-02963,2024,Third_Term_May_Jul,14,1,0,29.9,67.4,LOW
GRD-02964,STU-02964,2025,Third_Term_May_Jul,31,0,0,91.3,3.5,LOW
GRD-02965,STU-02965,2023,First_Term_Sep_Dec,75,2,0,31.5,70.9,MEDIUM
GRD-02966,STU-02966,2023,Second_Term_Jan_Apr,16,2,0,26.2,67.5,LOW
GRD-02967,STU-02967,2023,Third_Term_May_Jul,30,1,0,19.8,57.6,LOW
GRD-02968,STU-02968,2025,Second_Term_Jan_Apr,33,0,0,88.5,1.5,LOW
GRD-02969,STU-02969,2025,Second_Term_Jan_Apr,60,1,0,29.6,87.7,MEDIUM
GRD-02970,STU-02970,2024,Second_Term_Jan_Apr,14,0,0,20.0,,LOW
GRD-02971,STU-02971,2023,Second_Term_Jan_Apr,20,0,0,84.8,4.5,LOW
GRD-02972,STU-02972,2023,First_Term_Sep_Dec,0,1,1,92.7,2.0,LOW
GRD-02973,STU-02973,2025,Second_Term_Jan_Apr,107,2,0,34.2,50.1,MEDIUM
GRD-02974,STU-02974,2025,Third_Term_May_Jul,17,0,0,28.6,0.3,LOW
GRD-02975,STU-02975,2025,First_Term_Sep_Dec,10,0,0,86.3,4.7,LOW
GRD-02976,STU-02976,2023,Second_Term_Jan_Apr,48,0,0,79.0,8.0,LOW
GRD-02977,STU-02977,2023,First_Term_Sep_Dec,0,0,1,32.8,69.5,LOW
GRD-02978,STU-02978,2024,Second_Term_Jan_Apr,32,1,0,85.4,4.1,LOW
GRD-02979,STU-02979,2024,Second_Term_Jan_Apr,36,1,0,76.9,6.3,LOW
GRD-02980,STU-02980,2024,Second_Term_Jan_Apr,161,1,0,4.6,,HIGH
GRD-02981,STU-02981,2023,First_Term_Sep_Dec,16,1,0,76.8,4.3,LOW
GRD-02982,STU-02982,2025,Second_Term_Jan_Apr,13,0,0,23.4,66.5,LOW
GRD-02983,STU-02983,2023,Third_Term_May_Jul,142,5,0,1.7,,HIGH
GRD-02984,STU-02984,2024,Third_Term_May_Jul,15,1,0,32.1,38.8,LOW
GRD-02985,STU-02985,2024,Second_Term_Jan_Apr,19,0,0,33.9,,MEDIUM
GRD-02986,STU-02986,2023,Second_Term_Jan_Apr,26,0,0,33.6,74.7,LOW
GRD-02987,STU-02987,2024,First_Term_Sep_Dec,28,3,0,28.5,60.6,MEDIUM
GRD-02988,STU-02988,2024,Third_Term_May_Jul,171,6,0,0.0,,HIGH
GRD-02989,STU-02989,2023,First_Term_Sep_Dec,32,2,0,28.3,67.1,MEDIUM
GRD-02990,STU-02990,2025,Second_Term_Jan_Apr,19,0,0,33.5,0.4,LOW
GRD-02991,STU-02991,2023,First_Term_Sep_Dec,39,0,0,34.9,59.5,LOW
GRD-02992,STU-02992,2025,Third_Term_May_Jul,41,1,0,28.0,86.5,MEDIUM
GRD-02993,STU-02993,2025,Second_Term_Jan_Apr,24,0,0,36.0,0.4,LOW
GRD-02994,STU-02994,2023,First_Term_Sep_Dec,17,1,0,84.2,3.9,LOW
GRD-02995,STU-02995,2023,Third_Term_May_Jul,31,1,0,97.0,1.9,LOW
GRD-02996,STU-02996,2023,Third_Term_May_Jul,28,0,0,100.0,3.9,LOW
GRD-02997,STU-02997,2025,Third_Term_May_Jul,117,5,0,8.1,,HIGH
GRD-02998,STU-02998,2023,First_Term_Sep_Dec,16,0,0,20.1,0.4,LOW
GRD-02999,STU-02999,2025,First_Term_Sep_Dec,90,4,0,5.1,,HIGH
GRD-03000,STU-03000,2024,Second_Term_Jan_Apr,46,0,0,83.0,5.0,LOW
GRD-03001,STU-03001,2023,Third_Term_May_Jul,140,2,0,7.8,,HIGH
GRD-03002,STU-03002,2023,First_Term_Sep_Dec,98,2,0,2.4,,HIGH
GRD-03003,STU-03003,2023,Third_Term_May_Jul,15,1,0,18.6,78.6,LOW
GRD-03004,STU-03004,2025,First_Term_Sep_Dec,15,0,0,98.3,6.6,LOW
GRD-03005,STU-03005,2023,Third_Term_May_Jul,29,1,0,35.9,43.5,LOW
GRD-03006,STU-03006,2024,Third_Term_May_Jul,102,5,0,0.4,,HIGH
GRD-03007,STU-03007,2024,Third_Term_May_Jul,27,0,0,94.3,2.1,LOW
GRD-03008,STU-03008,2024,Second_Term_Jan_Apr,51,0,0,81.9,4.5,LOW
GRD-03009,STU-03009,2025,Second_Term_Jan_Apr,33,2,0,28.4,78.9,MEDIUM
GRD-03010,STU-03010,2024,First_Term_Sep_Dec,90,6,0,7.4,,HIGH
GRD-03011,STU-03011,2024,Second_Term_Jan_Apr,41,0,0,86.7,4.4,LOW
GRD-03012,STU-03012,2024,Second_Term_Jan_Apr,48,2,0,76.4,8.8,LOW
GRD-03013,STU-03013,2024,Third_Term_May_Jul,155,6,0,2.9,,HIGH
GRD-03014,STU-03014,2025,Third_Term_May_Jul,22,0,0,98.9,4.4,LOW
GRD-03015,STU-03015,2024,Third_Term_May_Jul,27,0,0,100.0,5.0,LOW
GRD-03016,STU-03016,2024,Third_Term_May_Jul,20,0,0,99.8,2.0,LOW
GRD-03017,STU-03017,2025,First_Term_Sep_Dec,39,1,0,24.3,73.7,MEDIUM
GRD-03018,STU-03018,2025,First_Term_Sep_Dec,16,2,0,36.7,54.6,LOW
GRD-03019,STU-03019,2023,Second_Term_Jan_Apr,55,0,0,77.1,4.0,LOW
GRD-03020,STU-03020,2023,Second_Term_Jan_Apr,21,0,0,34.1,,MEDIUM
GRD-03021,STU-03021,2024,Third_Term_May_Jul,22,3,0,23.0,54.8,MEDIUM
GRD-03022,STU-03022,2024,First_Term_Sep_Dec,56,1,0,18.8,75.9,MEDIUM
GRD-03023,STU-03023,2023,First_Term_Sep_Dec,17,1,0,99.1,3.0,LOW
GRD-03024,STU-03024,2023,Second_Term_Jan_Apr,104,2,0,20.8,87.6,MEDIUM
GRD-03025,STU-03025,2024,First_Term_Sep_Dec,16,1,0,97.7,2.1,LOW
GRD-03026,STU-03026,2023,First_Term_Sep_Dec,90,2,0,1.0,,HIGH
GRD-03027,STU-03027,2025,Second_Term_Jan_Apr,16,0,0,34.6,0.8,LOW
GRD-03028,STU-03028,2023,Second_Term_Jan_Apr,129,2,0,4.1,,HIGH
GRD-03029,STU-03029,2024,First_Term_Sep_Dec,18,0,0,35.5,,MEDIUM
GRD-03030,STU-03030,2025,Third_Term_May_Jul,168,2,0,9.0,,HIGH
GRD-03031,STU-03031,2024,Second_Term_Jan_Apr,1,2,0,19.6,101.2,LOW
GRD-03032,STU-03032,2025,Third_Term_May_Jul,16,0,0,20.0,,MEDIUM
GRD-03033,STU-03033,2025,Second_Term_Jan_Apr,49,2,0,33.2,81.3,MEDIUM
GRD-03034,STU-03034,2024,Second_Term_Jan_Apr,37,0,0,84.3,4.4,LOW
GRD-03035,STU-03035,2023,Second_Term_Jan_Apr,0,2,1,23.2,60.1,LOW
GRD-03036,STU-03036,2025,Third_Term_May_Jul,114,2,0,4.8,,HIGH
GRD-03037,STU-03037,2025,First_Term_Sep_Dec,98,3,0,6.1,,HIGH
GRD-03038,STU-03038,2024,Second_Term_Jan_Apr,0,1,1,36.9,87.2,LOW
GRD-03039,STU-03039,2023,First_Term_Sep_Dec,18,1,0,85.9,2.8,LOW
GRD-03040,STU-03040,2025,Second_Term_Jan_Apr,0,3,1,20.3,92.8,LOW
GRD-03041,STU-03041,2025,First_Term_Sep_Dec,10,0,0,28.3,,LOW
GRD-03042,STU-03042,2024,First_Term_Sep_Dec,47,1,0,15.1,69.0,MEDIUM
GRD-03043,STU-03043,2024,First_Term_Sep_Dec,13,0,0,38.6,,LOW
GRD-03044,STU-03044,2024,Third_Term_May_Jul,31,0,0,93.0,3.3,LOW
GRD-03045,STU-03045,2025,Third_Term_May_Jul,21,0,0,39.4,0.7,LOW
GRD-03046,STU-03046,2024,Second_Term_Jan_Apr,0,2,0,20.7,55.2,LOW
GRD-03047,STU-03047,2025,Second_Term_Jan_Apr,30,0,0,74.8,2.8,LOW
GRD-03048,STU-03048,2023,First_Term_Sep_Dec,29,2,0,23.9,41.0,LOW
GRD-03049,STU-03049,2023,First_Term_Sep_Dec,14,1,0,92.2,3.8,LOW
GRD-03050,STU-03050,2023,Second_Term_Jan_Apr,22,0,0,24.3,,MEDIUM
GRD-03051,STU-03051,2024,First_Term_Sep_Dec,14,0,0,40.0,,LOW
GRD-03052,STU-03052,2023,First_Term_Sep_Dec,15,1,0,88.9,3.6,LOW
GRD-03053,STU-03053,2025,First_Term_Sep_Dec,21,0,0,29.0,,MEDIUM
GRD-03054,STU-03054,2024,Second_Term_Jan_Apr,2,1,0,34.0,55.7,LOW
GRD-03055,STU-03055,2025,Second_Term_Jan_Apr,154,2,0,8.1,,HIGH
GRD-03056,STU-03056,2023,Third_Term_May_Jul,11,0,0,28.4,0.6,LOW
GRD-03057,STU-03057,2024,Third_Term_May_Jul,138,6,0,3.6,,HIGH
GRD-03058,STU-03058,2024,Third_Term_May_Jul,189,7,0,5.7,,HIGH
GRD-03059,STU-03059,2024,Third_Term_May_Jul,163,4,0,2.1,,HIGH
GRD-03060,STU-03060,2025,First_Term_Sep_Dec,43,1,0,32.0,58.6,MEDIUM
GRD-03061,STU-03061,2025,Second_Term_Jan_Apr,12,0,0,26.0,,LOW
GRD-03062,STU-03062,2023,First_Term_Sep_Dec,90,7,0,7.4,,HIGH
GRD-03063,STU-03063,2024,Second_Term_Jan_Apr,39,1,0,88.1,5.7,LOW
GRD-03064,STU-03064,2025,First_Term_Sep_Dec,0,2,0,15.3,50.0,LOW
GRD-03065,STU-03065,2023,First_Term_Sep_Dec,25,2,0,21.4,63.2,LOW
GRD-03066,STU-03066,2024,Second_Term_Jan_Apr,143,1,0,3.1,,HIGH
GRD-03067,STU-03067,2025,Second_Term_Jan_Apr,137,4,0,4.2,,HIGH
GRD-03068,STU-03068,2023,Second_Term_Jan_Apr,16,1,0,31.2,64.3,LOW
GRD-03069,STU-03069,2024,Second_Term_Jan_Apr,18,0,0,31.8,,MEDIUM
GRD-03070,STU-03070,2024,First_Term_Sep_Dec,131,6,0,6.4,,HIGH
GRD-03071,STU-03071,2025,First_Term_Sep_Dec,17,0,0,94.1,4.3,LOW
GRD-03072,STU-03072,2025,Third_Term_May_Jul,102,4,0,6.9,,HIGH
GRD-03073,STU-03073,2025,First_Term_Sep_Dec,17,0,0,93.6,5.1,LOW
GRD-03074,STU-03074,2023,Third_Term_May_Jul,0,1,1,26.1,54.5,LOW
GRD-03075,STU-03075,2024,Third_Term_May_Jul,39,1,0,29.5,66.5,MEDIUM
GRD-03076,STU-03076,2024,Second_Term_Jan_Apr,97,5,0,0.0,,HIGH
GRD-03077,STU-03077,2025,Second_Term_Jan_Apr,14,1,0,23.8,68.3,LOW
GRD-03078,STU-03078,2024,Third_Term_May_Jul,23,0,0,94.2,2.5,LOW
GRD-03079,STU-03079,2024,Third_Term_May_Jul,110,2,0,5.3,,HIGH
GRD-03080,STU-03080,2025,First_Term_Sep_Dec,21,0,0,20.0,0.4,LOW
GRD-03081,STU-03081,2025,Second_Term_Jan_Apr,38,1,0,84.0,3.6,LOW
GRD-03082,STU-03082,2025,Second_Term_Jan_Apr,44,0,0,81.7,8.9,LOW
GRD-03083,STU-03083,2024,First_Term_Sep_Dec,90,4,0,6.9,,HIGH
GRD-03084,STU-03084,2025,First_Term_Sep_Dec,18,0,0,88.8,5.3,LOW
GRD-03085,STU-03085,2025,Third_Term_May_Jul,12,0,0,35.1,,LOW
GRD-03086,STU-03086,2025,Third_Term_May_Jul,50,2,0,29.9,71.2,MEDIUM
GRD-03087,STU-03087,2025,Third_Term_May_Jul,35,1,0,81.1,4.3,LOW
GRD-03088,STU-03088,2025,Second_Term_Jan_Apr,34,0,0,84.6,5.9,LOW
GRD-03089,STU-03089,2024,First_Term_Sep_Dec,34,1,0,35.8,48.6,MEDIUM
GRD-03090,STU-03090,2023,First_Term_Sep_Dec,0,1,1,22.2,60.4,LOW
GRD-03091,STU-03091,2025,Second_Term_Jan_Apr,119,2,0,6.4,,HIGH
GRD-03092,STU-03092,2023,Third_Term_May_Jul,18,0,0,33.4,,MEDIUM
GRD-03093,STU-03093,2024,Second_Term_Jan_Apr,117,6,0,9.4,,HIGH
GRD-03094,STU-03094,2025,First_Term_Sep_Dec,18,2,0,21.9,39.3,LOW
GRD-03095,STU-03095,2025,First_Term_Sep_Dec,16,1,0,92.1,5.1,LOW
GRD-03096,STU-03096,2023,First_Term_Sep_Dec,13,0,0,95.2,0.9,LOW
GRD-03097,STU-03097,2024,First_Term_Sep_Dec,18,0,0,95.0,5.3,LOW
GRD-03098,STU-03098,2025,First_Term_Sep_Dec,104,4,0,6.1,,HIGH
GRD-03099,STU-03099,2025,Second_Term_Jan_Apr,37,1,0,70.1,3.0,LOW
GRD-03100,STU-03100,2025,Second_Term_Jan_Apr,126,5,0,4.2,,HIGH
GRD-03101,STU-03101,2023,First_Term_Sep_Dec,98,4,0,6.3,,HIGH
GRD-03102,STU-03102,2025,Second_Term_Jan_Apr,46,0,0,79.0,8.7,LOW
GRD-03103,STU-03103,2025,Third_Term_May_Jul,14,0,0,33.9,,LOW
GRD-03104,STU-03104,2024,First_Term_Sep_Dec,0,3,1,18.2,33.2,LOW
GRD-03105,STU-03105,2023,Third_Term_May_Jul,17,0,0,26.5,0.4,LOW
GRD-03106,STU-03106,2025,First_Term_Sep_Dec,97,1,0,8.0,,HIGH
GRD-03107,STU-03107,2024,Second_Term_Jan_Apr,35,1,0,77.6,5.4,LOW
GRD-03108,STU-03108,2025,Third_Term_May_Jul,0,1,1,29.6,88.1,LOW
GRD-03109,STU-03109,2024,Third_Term_May_Jul,134,3,0,1.5,,HIGH
GRD-03110,STU-03110,2024,Third_Term_May_Jul,126,3,0,5.4,,HIGH
GRD-03111,STU-03111,2025,First_Term_Sep_Dec,18,2,0,35.2,49.8,LOW
GRD-03112,STU-03112,2024,Second_Term_Jan_Apr,15,0,0,24.5,,MEDIUM
GRD-03113,STU-03113,2024,Second_Term_Jan_Apr,40,1,0,86.4,3.5,LOW
GRD-03114,STU-03114,2024,Second_Term_Jan_Apr,18,0,0,32.7,0.7,LOW
GRD-03115,STU-03115,2023,Third_Term_May_Jul,12,0,0,37.0,,LOW
GRD-03116,STU-03116,2024,Second_Term_Jan_Apr,13,2,0,24.5,70.4,LOW
GRD-03117,STU-03117,2024,Third_Term_May_Jul,18,0,0,31.3,0.4,LOW
GRD-03118,STU-03118,2025,Second_Term_Jan_Apr,108,7,0,1.9,,HIGH
GRD-03119,STU-03119,2025,First_Term_Sep_Dec,17,0,0,94.1,2.1,LOW
GRD-03120,STU-03120,2025,Second_Term_Jan_Apr,13,0,0,29.1,0.4,LOW
GRD-03121,STU-03121,2023,Second_Term_Jan_Apr,37,1,0,79.6,5.4,LOW
GRD-03122,STU-03122,2025,Third_Term_May_Jul,23,1,0,95.8,3.9,LOW
GRD-03123,STU-03123,2023,Third_Term_May_Jul,18,0,0,32.4,,MEDIUM
GRD-03124,STU-03124,2024,Second_Term_Jan_Apr,36,0,0,92.0,5.5,LOW
GRD-03125,STU-03125,2025,Second_Term_Jan_Apr,55,2,0,20.6,58.0,MEDIUM
GRD-03126,STU-03126,2024,First_Term_Sep_Dec,17,1,0,92.0,1.5,LOW
GRD-03127,STU-03127,2024,Second_Term_Jan_Apr,32,0,0,82.0,4.3,LOW
GRD-03128,STU-03128,2025,Third_Term_May_Jul,130,1,0,6.1,,HIGH
GRD-03129,STU-03129,2024,Third_Term_May_Jul,34,0,0,100.0,4.8,LOW
GRD-03130,STU-03130,2023,Third_Term_May_Jul,52,2,0,22.1,64.2,MEDIUM
GRD-03131,STU-03131,2025,First_Term_Sep_Dec,13,0,0,28.5,0.5,LOW
GRD-03132,STU-03132,2024,First_Term_Sep_Dec,91,4,0,4.2,,HIGH
GRD-03133,STU-03133,2023,First_Term_Sep_Dec,17,0,0,22.0,0.3,LOW
GRD-03134,STU-03134,2023,First_Term_Sep_Dec,0,0,1,92.8,4.5,LOW
GRD-03135,STU-03135,2023,Third_Term_May_Jul,34,0,0,93.4,2.1,LOW
GRD-03136,STU-03136,2024,Second_Term_Jan_Apr,49,2,0,22.0,44.7,MEDIUM
GRD-03137,STU-03137,2025,Second_Term_Jan_Apr,38,1,0,38.2,76.5,MEDIUM
GRD-03138,STU-03138,2024,First_Term_Sep_Dec,90,5,0,6.5,,HIGH
GRD-03139,STU-03139,2023,First_Term_Sep_Dec,15,0,0,31.0,,MEDIUM
GRD-03140,STU-03140,2025,First_Term_Sep_Dec,19,0,0,29.0,,MEDIUM
GRD-03141,STU-03141,2025,Second_Term_Jan_Apr,45,0,0,85.9,9.3,LOW
GRD-03142,STU-03142,2025,Third_Term_May_Jul,170,1,0,1.6,,HIGH
GRD-03143,STU-03143,2023,First_Term_Sep_Dec,24,0,0,31.4,0.4,LOW
GRD-03144,STU-03144,2024,Second_Term_Jan_Apr,56,1,0,25.5,95.0,MEDIUM
GRD-03145,STU-03145,2024,First_Term_Sep_Dec,20,0,0,83.7,2.3,LOW
GRD-03146,STU-03146,2024,Second_Term_Jan_Apr,107,6,0,4.3,,HIGH
GRD-03147,STU-03147,2025,Second_Term_Jan_Apr,97,1,0,26.0,71.2,MEDIUM
GRD-03148,STU-03148,2025,Second_Term_Jan_Apr,68,2,0,21.6,75.1,MEDIUM
GRD-03149,STU-03149,2024,Second_Term_Jan_Apr,41,1,0,74.3,6.8,LOW
GRD-03150,STU-03150,2025,First_Term_Sep_Dec,33,1,0,23.1,39.4,MEDIUM
GRD-03151,STU-03151,2025,Second_Term_Jan_Apr,0,1,0,20.3,64.4,LOW
GRD-03152,STU-03152,2024,Third_Term_May_Jul,46,1,0,34.1,45.7,MEDIUM
GRD-03153,STU-03153,2023,First_Term_Sep_Dec,0,2,1,29.7,53.6,LOW
GRD-03154,STU-03154,2023,First_Term_Sep_Dec,10,0,0,28.2,,LOW
GRD-03155,STU-03155,2024,First_Term_Sep_Dec,92,5,0,2.9,,HIGH
GRD-03156,STU-03156,2023,Third_Term_May_Jul,39,0,0,89.0,5.2,LOW
GRD-03157,STU-03157,2023,First_Term_Sep_Dec,42,2,0,23.5,62.6,MEDIUM
GRD-03158,STU-03158,2025,First_Term_Sep_Dec,18,0,0,25.7,0.6,LOW
GRD-03159,STU-03159,2024,Second_Term_Jan_Apr,18,0,0,21.0,0.6,LOW
GRD-03160,STU-03160,2025,Third_Term_May_Jul,20,1,0,96.4,4.5,LOW
GRD-03161,STU-03161,2023,Third_Term_May_Jul,38,1,0,27.1,60.3,MEDIUM
GRD-03162,STU-03162,2024,Second_Term_Jan_Apr,18,0,0,29.2,0.6,LOW
GRD-03163,STU-03163,2023,Second_Term_Jan_Apr,38,0,0,81.5,3.7,LOW
GRD-03164,STU-03164,2025,Second_Term_Jan_Apr,19,0,0,36.5,0.6,LOW
GRD-03165,STU-03165,2024,Second_Term_Jan_Apr,55,1,0,83.8,4.7,LOW
GRD-03166,STU-03166,2025,Second_Term_Jan_Apr,20,0,0,35.2,0.6,LOW
GRD-03167,STU-03167,2025,Third_Term_May_Jul,0,0,1,84.4,2.2,LOW
GRD-03168,STU-03168,2024,First_Term_Sep_Dec,0,0,1,31.8,63.8,LOW
GRD-03169,STU-03169,2024,Third_Term_May_Jul,106,4,0,7.2,,HIGH
GRD-03170,STU-03170,2024,Second_Term_Jan_Apr,57,3,0,23.5,111.1,MEDIUM
GRD-03171,STU-03171,2025,First_Term_Sep_Dec,24,1,0,24.0,47.8,LOW
GRD-03172,STU-03172,2023,Second_Term_Jan_Apr,49,0,0,81.5,3.9,LOW
GRD-03173,STU-03173,2024,Second_Term_Jan_Apr,73,2,0,33.4,82.8,MEDIUM
GRD-03174,STU-03174,2025,Third_Term_May_Jul,0,1,1,21.1,66.4,LOW
GRD-03175,STU-03175,2023,Second_Term_Jan_Apr,39,1,0,76.9,3.6,LOW
GRD-03176,STU-03176,2024,Third_Term_May_Jul,113,4,0,5.6,,HIGH
GRD-03177,STU-03177,2025,First_Term_Sep_Dec,15,0,0,100.0,3.9,LOW
GRD-03178,STU-03178,2023,Second_Term_Jan_Apr,18,0,0,23.3,,MEDIUM
GRD-03179,STU-03179,2025,Second_Term_Jan_Apr,26,1,0,17.8,63.6,LOW
GRD-03180,STU-03180,2024,Second_Term_Jan_Apr,30,0,0,79.0,3.7,LOW
GRD-03181,STU-03181,2024,First_Term_Sep_Dec,40,1,0,26.8,75.8,MEDIUM
GRD-03182,STU-03182,2024,Second_Term_Jan_Apr,115,5,0,7.4,,HIGH
GRD-03183,STU-03183,2025,Third_Term_May_Jul,29,2,0,32.1,59.6,LOW
GRD-03184,STU-03184,2023,Second_Term_Jan_Apr,33,1,0,82.7,3.0,LOW
GRD-03185,STU-03185,2023,Second_Term_Jan_Apr,45,1,0,70.4,4.9,LOW
GRD-03186,STU-03186,2025,Second_Term_Jan_Apr,28,0,0,33.7,,MEDIUM
GRD-03187,STU-03187,2024,Second_Term_Jan_Apr,19,0,0,24.7,0.6,LOW
GRD-03188,STU-03188,2025,Third_Term_May_Jul,19,1,0,35.4,57.4,LOW
GRD-03189,STU-03189,2024,First_Term_Sep_Dec,13,0,0,86.1,3.0,LOW
GRD-03190,STU-03190,2024,Second_Term_Jan_Apr,51,2,0,28.7,60.1,MEDIUM
GRD-03191,STU-03191,2024,Second_Term_Jan_Apr,145,5,0,2.4,,HIGH
GRD-03192,STU-03192,2025,Third_Term_May_Jul,34,2,0,17.9,71.3,MEDIUM
GRD-03193,STU-03193,2025,Second_Term_Jan_Apr,0,1,1,15.0,79.5,LOW
GRD-03194,STU-03194,2025,First_Term_Sep_Dec,62,1,0,37.7,77.2,MEDIUM
GRD-03195,STU-03195,2024,First_Term_Sep_Dec,42,1,0,35.3,73.0,MEDIUM
GRD-03196,STU-03196,2025,Third_Term_May_Jul,34,1,0,89.7,2.7,LOW
GRD-03197,STU-03197,2024,Third_Term_May_Jul,17,0,0,25.4,,MEDIUM
GRD-03198,STU-03198,2025,Third_Term_May_Jul,49,2,0,20.6,60.2,MEDIUM
GRD-03199,STU-03199,2023,Second_Term_Jan_Apr,32,1,0,77.5,6.7,LOW
GRD-03200,STU-03200,2024,First_Term_Sep_Dec,90,1,0,4.4,,HIGH
GRD-03201,STU-03201,2023,First_Term_Sep_Dec,21,0,0,32.2,,MEDIUM
GRD-03202,STU-03202,2025,Third_Term_May_Jul,108,7,0,6.2,,HIGH
GRD-03203,STU-03203,2025,Second_Term_Jan_Apr,66,0,0,23.1,67.4,MEDIUM
GRD-03204,STU-03204,2025,Second_Term_Jan_Apr,0,3,1,22.1,82.5,LOW
GRD-03205,STU-03205,2024,Third_Term_May_Jul,19,1,0,100.0,5.0,LOW
GRD-03206,STU-03206,2023,Third_Term_May_Jul,9,0,0,29.0,0.4,LOW
GRD-03207,STU-03207,2025,First_Term_Sep_Dec,12,0,0,90.8,5.1,LOW
GRD-03208,STU-03208,2025,First_Term_Sep_Dec,105,6,0,9.8,,HIGH
GRD-03209,STU-03209,2024,Third_Term_May_Jul,7,0,0,28.9,51.8,LOW
GRD-03210,STU-03210,2025,Third_Term_May_Jul,15,0,0,31.9,,MEDIUM
GRD-03211,STU-03211,2023,Third_Term_May_Jul,63,2,0,27.2,84.8,MEDIUM
GRD-03212,STU-03212,2025,Third_Term_May_Jul,80,1,0,24.5,82.4,MEDIUM
GRD-03213,STU-03213,2023,Third_Term_May_Jul,135,7,0,4.8,,HIGH
GRD-03214,STU-03214,2025,Third_Term_May_Jul,106,5,0,4.8,,HIGH
GRD-03215,STU-03215,2024,First_Term_Sep_Dec,102,5,0,9.9,,HIGH
GRD-03216,STU-03216,2023,Third_Term_May_Jul,41,0,0,90.9,4.1,LOW
GRD-03217,STU-03217,2024,First_Term_Sep_Dec,99,6,0,6.9,,HIGH
GRD-03218,STU-03218,2023,First_Term_Sep_Dec,111,1,0,7.0,,HIGH
GRD-03219,STU-03219,2023,First_Term_Sep_Dec,101,5,0,3.3,,HIGH
GRD-03220,STU-03220,2025,Second_Term_Jan_Apr,137,1,0,0.1,,HIGH
GRD-03221,STU-03221,2023,Second_Term_Jan_Apr,114,3,0,2.5,,HIGH
GRD-03222,STU-03222,2025,Third_Term_May_Jul,25,0,0,84.0,3.0,LOW
GRD-03223,STU-03223,2025,First_Term_Sep_Dec,12,0,0,29.0,0.6,LOW
GRD-03224,STU-03224,2025,Third_Term_May_Jul,6,2,0,40.5,72.3,LOW
GRD-03225,STU-03225,2024,Second_Term_Jan_Apr,17,0,0,22.1,,MEDIUM
GRD-03226,STU-03226,2025,Second_Term_Jan_Apr,111,5,0,7.0,,HIGH
GRD-03227,STU-03227,2024,Third_Term_May_Jul,109,4,0,0.0,,HIGH
GRD-03228,STU-03228,2024,Third_Term_May_Jul,25,1,0,94.7,3.0,LOW
GRD-03229,STU-03229,2025,First_Term_Sep_Dec,23,0,0,84.4,5.2,LOW
GRD-03230,STU-03230,2023,Second_Term_Jan_Apr,114,7,0,5.4,,HIGH
GRD-03231,STU-03231,2024,Third_Term_May_Jul,19,2,0,36.1,45.9,LOW
GRD-03232,STU-03232,2024,Second_Term_Jan_Apr,36,0,0,76.8,5.8,LOW
GRD-03233,STU-03233,2025,Second_Term_Jan_Apr,40,0,0,82.2,6.7,LOW
GRD-03234,STU-03234,2023,First_Term_Sep_Dec,99,4,0,8.8,,HIGH
GRD-03235,STU-03235,2025,Third_Term_May_Jul,14,0,0,28.6,,LOW
GRD-03236,STU-03236,2025,Third_Term_May_Jul,32,1,0,95.7,2.5,LOW
GRD-03237,STU-03237,2024,First_Term_Sep_Dec,90,1,0,12.8,,MEDIUM
GRD-03238,STU-03238,2024,Second_Term_Jan_Apr,37,1,0,72.8,2.5,LOW
GRD-03239,STU-03239,2024,Second_Term_Jan_Apr,18,0,0,30.2,,MEDIUM
GRD-03240,STU-03240,2024,Third_Term_May_Jul,0,0,1,99.0,4.5,LOW
GRD-03241,STU-03241,2023,Second_Term_Jan_Apr,165,7,0,2.7,,HIGH
GRD-03242,STU-03242,2024,First_Term_Sep_Dec,31,2,0,33.9,65.3,MEDIUM
GRD-03243,STU-03243,2025,Third_Term_May_Jul,147,2,0,5.0,,HIGH
GRD-03244,STU-03244,2023,Second_Term_Jan_Apr,41,1,0,82.8,4.4,LOW
GRD-03245,STU-03245,2025,Second_Term_Jan_Apr,118,4,0,8.6,,HIGH
GRD-03246,STU-03246,2023,First_Term_Sep_Dec,0,1,1,90.8,3.8,LOW
GRD-03247,STU-03247,2023,Second_Term_Jan_Apr,0,1,0,20.2,55.6,LOW
GRD-03248,STU-03248,2024,Second_Term_Jan_Apr,44,0,0,79.3,5.3,LOW
GRD-03249,STU-03249,2025,First_Term_Sep_Dec,104,3,0,10.0,,HIGH
GRD-03250,STU-03250,2024,Third_Term_May_Jul,28,1,0,92.8,6.0,LOW
GRD-03251,STU-03251,2025,Third_Term_May_Jul,24,1,0,93.0,2.0,LOW
GRD-03252,STU-03252,2025,First_Term_Sep_Dec,13,0,0,23.6,62.7,LOW
GRD-03253,STU-03253,2025,Second_Term_Jan_Apr,27,0,0,31.6,,MEDIUM
GRD-03254,STU-03254,2025,First_Term_Sep_Dec,90,2,0,4.9,,HIGH
GRD-03255,STU-03255,2025,Second_Term_Jan_Apr,17,0,0,39.9,,MEDIUM
GRD-03256,STU-03256,2023,Third_Term_May_Jul,62,1,0,36.1,85.8,MEDIUM
GRD-03257,STU-03257,2023,Second_Term_Jan_Apr,35,1,0,81.5,1.9,LOW
GRD-03258,STU-03258,2024,First_Term_Sep_Dec,90,4,0,2.1,,HIGH
GRD-03259,STU-03259,2024,First_Term_Sep_Dec,8,1,0,23.4,42.8,LOW
GRD-03260,STU-03260,2023,Second_Term_Jan_Apr,166,5,0,5.0,,HIGH
GRD-03261,STU-03261,2024,Third_Term_May_Jul,27,1,0,89.4,4.0,LOW
GRD-03262,STU-03262,2023,Third_Term_May_Jul,0,0,1,96.1,4.9,LOW
GRD-03263,STU-03263,2025,Third_Term_May_Jul,25,0,0,92.6,2.6,LOW
GRD-03264,STU-03264,2024,Second_Term_Jan_Apr,14,0,0,36.0,0.6,LOW
GRD-03265,STU-03265,2025,Second_Term_Jan_Apr,20,0,0,30.8,0.7,LOW
GRD-03266,STU-03266,2023,Second_Term_Jan_Apr,41,1,0,38.2,63.9,MEDIUM
GRD-03267,STU-03267,2023,Second_Term_Jan_Apr,33,1,0,18.2,68.7,MEDIUM
GRD-03268,STU-03268,2024,Third_Term_May_Jul,32,0,0,93.8,5.1,LOW
GRD-03269,STU-03269,2024,First_Term_Sep_Dec,16,0,0,34.6,0.5,LOW
GRD-03270,STU-03270,2025,First_Term_Sep_Dec,57,2,0,23.3,49.0,MEDIUM
GRD-03271,STU-03271,2024,Second_Term_Jan_Apr,34,1,0,85.4,4.5,LOW
GRD-03272,STU-03272,2025,Second_Term_Jan_Apr,34,0,0,83.4,3.0,LOW
GRD-03273,STU-03273,2024,First_Term_Sep_Dec,49,1,0,18.4,72.4,MEDIUM
GRD-03274,STU-03274,2023,Second_Term_Jan_Apr,0,1,0,13.6,75.9,LOW
GRD-03275,STU-03275,2024,Second_Term_Jan_Apr,47,1,0,81.1,2.6,LOW
GRD-03276,STU-03276,2024,First_Term_Sep_Dec,18,0,0,29.8,,MEDIUM
GRD-03277,STU-03277,2023,Second_Term_Jan_Apr,42,0,0,85.1,5.5,LOW
GRD-03278,STU-03278,2024,Second_Term_Jan_Apr,36,1,0,21.7,75.8,MEDIUM
GRD-03279,STU-03279,2025,Third_Term_May_Jul,132,2,0,0.8,,HIGH
GRD-03280,STU-03280,2023,First_Term_Sep_Dec,90,3,0,7.1,,HIGH
GRD-03281,STU-03281,2025,Third_Term_May_Jul,145,6,0,7.8,,HIGH
GRD-03282,STU-03282,2023,Third_Term_May_Jul,12,0,0,22.4,,LOW
GRD-03283,STU-03283,2023,Third_Term_May_Jul,22,1,0,100.0,3.0,LOW
GRD-03284,STU-03284,2024,Third_Term_May_Jul,110,4,0,8.9,,HIGH
GRD-03285,STU-03285,2023,First_Term_Sep_Dec,17,0,0,79.5,3.5,LOW
GRD-03286,STU-03286,2024,Third_Term_May_Jul,37,0,0,100.0,1.8,LOW
GRD-03287,STU-03287,2024,First_Term_Sep_Dec,14,2,0,90.0,3.4,LOW
GRD-03288,STU-03288,2024,Third_Term_May_Jul,78,1,0,38.3,61.6,MEDIUM
GRD-03289,STU-03289,2024,First_Term_Sep_Dec,96,1,0,24.9,61.6,MEDIUM
GRD-03290,STU-03290,2025,First_Term_Sep_Dec,0,2,1,30.7,45.5,LOW
GRD-03291,STU-03291,2025,Second_Term_Jan_Apr,94,1,0,18.6,84.4,MEDIUM
GRD-03292,STU-03292,2025,Third_Term_May_Jul,27,1,0,27.8,62.5,LOW
GRD-03293,STU-03293,2025,First_Term_Sep_Dec,26,1,0,33.1,49.4,LOW
GRD-03294,STU-03294,2023,Third_Term_May_Jul,27,1,0,99.6,6.0,LOW
GRD-03295,STU-03295,2023,Third_Term_May_Jul,128,3,0,5.2,,HIGH
GRD-03296,STU-03296,2023,First_Term_Sep_Dec,98,4,0,3.0,,HIGH
GRD-03297,STU-03297,2024,Third_Term_May_Jul,61,0,0,32.1,69.3,MEDIUM
GRD-03298,STU-03298,2024,Third_Term_May_Jul,10,1,0,22.3,55.7,LOW
GRD-03299,STU-03299,2024,Second_Term_Jan_Apr,27,0,0,21.3,0.3,LOW
GRD-03300,STU-03300,2025,Second_Term_Jan_Apr,27,1,0,13.7,61.4,LOW
GRD-03301,STU-03301,2024,First_Term_Sep_Dec,60,2,0,13.5,52.7,MEDIUM
GRD-03302,STU-03302,2024,First_Term_Sep_Dec,15,1,0,95.5,3.6,LOW
GRD-03303,STU-03303,2025,Third_Term_May_Jul,22,0,0,94.3,4.2,LOW
GRD-03304,STU-03304,2024,First_Term_Sep_Dec,15,0,0,31.4,0.2,LOW
GRD-03305,STU-03305,2023,Third_Term_May_Jul,27,1,0,100.0,5.9,LOW
GRD-03306,STU-03306,2023,First_Term_Sep_Dec,22,0,0,31.5,1.0,LOW
GRD-03307,STU-03307,2023,Second_Term_Jan_Apr,51,0,0,79.6,6.7,LOW
GRD-03308,STU-03308,2025,Third_Term_May_Jul,14,0,0,20.5,,LOW
GRD-03309,STU-03309,2023,Third_Term_May_Jul,174,4,0,3.6,,HIGH
GRD-03310,STU-03310,2023,Third_Term_May_Jul,38,2,0,28.1,78.1,MEDIUM
GRD-03311,STU-03311,2023,Third_Term_May_Jul,14,0,0,31.6,,LOW
GRD-03312,STU-03312,2023,First_Term_Sep_Dec,16,1,0,95.2,3.2,LOW
GRD-03313,STU-03313,2024,First_Term_Sep_Dec,95,5,0,11.2,,HIGH
GRD-03314,STU-03314,2024,Second_Term_Jan_Apr,13,0,0,31.1,0.1,LOW
GRD-03315,STU-03315,2023,Second_Term_Jan_Apr,25,0,0,29.2,0.4,LOW
GRD-03316,STU-03316,2025,First_Term_Sep_Dec,66,2,0,35.3,74.5,MEDIUM
GRD-03317,STU-03317,2025,Second_Term_Jan_Apr,139,7,0,6.1,,HIGH
GRD-03318,STU-03318,2023,First_Term_Sep_Dec,54,0,0,17.5,92.0,LOW
GRD-03319,STU-03319,2024,Third_Term_May_Jul,0,0,1,28.2,52.6,LOW
GRD-03320,STU-03320,2024,Third_Term_May_Jul,68,2,0,27.3,75.7,MEDIUM
GRD-03321,STU-03321,2023,Second_Term_Jan_Apr,28,1,0,22.6,56.8,LOW
GRD-03322,STU-03322,2024,Second_Term_Jan_Apr,0,2,1,29.5,83.8,LOW
GRD-03323,STU-03323,2025,First_Term_Sep_Dec,90,7,0,8.4,,HIGH
GRD-03324,STU-03324,2025,Third_Term_May_Jul,21,0,0,90.3,4.5,LOW
GRD-03325,STU-03325,2024,Third_Term_May_Jul,130,5,0,7.0,,HIGH
GRD-03326,STU-03326,2024,Second_Term_Jan_Apr,65,1,0,26.6,79.8,MEDIUM
GRD-03327,STU-03327,2025,Second_Term_Jan_Apr,113,3,0,1.3,,HIGH
GRD-03328,STU-03328,2024,First_Term_Sep_Dec,7,1,0,16.7,72.8,LOW
GRD-03329,STU-03329,2023,Second_Term_Jan_Apr,45,1,0,92.1,4.0,LOW
GRD-03330,STU-03330,2024,First_Term_Sep_Dec,16,0,0,29.6,,MEDIUM
GRD-03331,STU-03331,2025,First_Term_Sep_Dec,38,1,0,24.0,63.6,MEDIUM
GRD-03332,STU-03332,2023,Second_Term_Jan_Apr,39,0,0,85.8,6.7,LOW
GRD-03333,STU-03333,2023,Third_Term_May_Jul,71,3,0,30.6,40.3,MEDIUM
GRD-03334,STU-03334,2025,Second_Term_Jan_Apr,12,0,0,27.3,,LOW
GRD-03335,STU-03335,2025,Third_Term_May_Jul,39,1,0,36.9,47.1,MEDIUM
GRD-03336,STU-03336,2024,First_Term_Sep_Dec,13,0,0,23.5,0.4,LOW
GRD-03337,STU-03337,2024,First_Term_Sep_Dec,1,2,0,27.8,63.7,LOW
GRD-03338,STU-03338,2023,First_Term_Sep_Dec,20,0,0,26.7,,MEDIUM
GRD-03339,STU-03339,2025,Third_Term_May_Jul,185,1,0,0.7,,HIGH
GRD-03340,STU-03340,2023,First_Term_Sep_Dec,15,0,0,85.6,2.4,LOW
GRD-03341,STU-03341,2024,Third_Term_May_Jul,17,0,0,24.2,,MEDIUM
GRD-03342,STU-03342,2025,First_Term_Sep_Dec,90,0,0,6.1,,HIGH
GRD-03343,STU-03343,2023,Second_Term_Jan_Apr,33,0,0,76.8,4.9,LOW
GRD-03344,STU-03344,2025,First_Term_Sep_Dec,0,1,1,23.5,62.1,LOW
GRD-03345,STU-03345,2023,First_Term_Sep_Dec,0,1,1,100.0,1.7,LOW
GRD-03346,STU-03346,2025,First_Term_Sep_Dec,15,0,0,25.0,0.6,LOW
GRD-03347,STU-03347,2025,Third_Term_May_Jul,134,7,0,0.5,,HIGH
GRD-03348,STU-03348,2023,Second_Term_Jan_Apr,0,1,1,12.8,57.0,LOW
GRD-03349,STU-03349,2025,Third_Term_May_Jul,51,2,0,31.6,76.6,MEDIUM
GRD-03350,STU-03350,2024,First_Term_Sep_Dec,90,2,0,4.1,,HIGH
GRD-03351,STU-03351,2025,Third_Term_May_Jul,139,1,0,2.6,,HIGH
GRD-03352,STU-03352,2025,First_Term_Sep_Dec,14,0,0,91.9,5.8,LOW
GRD-03353,STU-03353,2023,Second_Term_Jan_Apr,51,1,0,79.5,5.5,LOW
GRD-03354,STU-03354,2025,First_Term_Sep_Dec,92,2,0,3.1,,HIGH
GRD-03355,STU-03355,2024,First_Term_Sep_Dec,15,0,0,80.4,4.2,LOW
GRD-03356,STU-03356,2025,Third_Term_May_Jul,0,1,1,22.6,73.7,LOW
GRD-03357,STU-03357,2024,Second_Term_Jan_Apr,63,2,0,23.6,62.7,MEDIUM
GRD-03358,STU-03358,2025,Third_Term_May_Jul,16,0,0,38.6,0.7,LOW
GRD-03359,STU-03359,2023,First_Term_Sep_Dec,22,1,0,99.6,2.8,LOW
GRD-03360,STU-03360,2025,Second_Term_Jan_Apr,17,0,0,38.2,0.5,LOW
GRD-03361,STU-03361,2025,First_Term_Sep_Dec,19,0,0,36.1,,MEDIUM
GRD-03362,STU-03362,2023,First_Term_Sep_Dec,45,0,0,32.6,35.7,LOW
GRD-03363,STU-03363,2024,Second_Term_Jan_Apr,58,0,0,80.8,1.5,LOW
GRD-03364,STU-03364,2024,First_Term_Sep_Dec,97,6,0,4.4,,HIGH
GRD-03365,STU-03365,2025,First_Term_Sep_Dec,18,1,0,90.1,4.0,LOW
GRD-03366,STU-03366,2024,Second_Term_Jan_Apr,111,5,0,1.0,,HIGH
GRD-03367,STU-03367,2025,Third_Term_May_Jul,65,2,0,23.5,34.5,MEDIUM
GRD-03368,STU-03368,2025,First_Term_Sep_Dec,0,1,1,22.4,48.1,LOW
GRD-03369,STU-03369,2025,First_Term_Sep_Dec,0,2,1,17.4,56.4,LOW
GRD-03370,STU-03370,2023,Third_Term_May_Jul,154,5,0,3.5,,HIGH
GRD-03371,STU-03371,2024,First_Term_Sep_Dec,18,1,0,90.3,2.8,LOW
GRD-03372,STU-03372,2025,Third_Term_May_Jul,0,1,1,32.6,58.6,LOW
GRD-03373,STU-03373,2024,Third_Term_May_Jul,0,0,1,91.5,4.3,LOW
GRD-03374,STU-03374,2023,First_Term_Sep_Dec,17,0,0,88.7,3.9,LOW
GRD-03375,STU-03375,2023,Third_Term_May_Jul,143,6,0,6.9,,HIGH
GRD-03376,STU-03376,2024,First_Term_Sep_Dec,18,0,0,95.2,4.9,LOW
GRD-03377,STU-03377,2025,Third_Term_May_Jul,133,5,0,3.9,,HIGH
GRD-03378,STU-03378,2023,Second_Term_Jan_Apr,15,0,0,25.1,,MEDIUM
GRD-03379,STU-03379,2025,Second_Term_Jan_Apr,12,0,0,23.2,,LOW
GRD-03380,STU-03380,2025,Second_Term_Jan_Apr,124,1,0,4.4,,HIGH
GRD-03381,STU-03381,2024,Second_Term_Jan_Apr,28,1,0,25.3,89.2,LOW
GRD-03382,STU-03382,2023,Third_Term_May_Jul,38,0,0,90.1,4.0,LOW
GRD-03383,STU-03383,2023,Third_Term_May_Jul,19,0,0,37.1,,MEDIUM
GRD-03384,STU-03384,2025,First_Term_Sep_Dec,0,0,1,93.3,5.5,LOW
GRD-03385,STU-03385,2025,Third_Term_May_Jul,90,4,0,2.4,,HIGH
GRD-03386,STU-03386,2025,First_Term_Sep_Dec,15,0,0,95.6,3.1,LOW
GRD-03387,STU-03387,2025,Third_Term_May_Jul,112,5,0,4.5,,HIGH
GRD-03388,STU-03388,2025,Third_Term_May_Jul,0,1,1,28.5,51.8,LOW
GRD-03389,STU-03389,2025,First_Term_Sep_Dec,11,1,0,92.1,5.1,LOW
GRD-03390,STU-03390,2023,Second_Term_Jan_Apr,33,1,0,83.9,5.9,LOW
GRD-03391,STU-03391,2023,First_Term_Sep_Dec,15,0,0,92.8,4.2,LOW
GRD-03392,STU-03392,2025,Second_Term_Jan_Apr,0,0,1,26.8,0.5,LOW
GRD-03393,STU-03393,2023,First_Term_Sep_Dec,18,0,0,93.3,2.7,LOW
GRD-03394,STU-03394,2024,Third_Term_May_Jul,137,5,0,3.9,,HIGH
GRD-03395,STU-03395,2023,Third_Term_May_Jul,0,1,1,32.6,49.8,LOW
GRD-03396,STU-03396,2025,Third_Term_May_Jul,101,6,0,4.2,,HIGH
GRD-03397,STU-03397,2023,Third_Term_May_Jul,0,0,1,96.0,5.3,LOW
GRD-03398,STU-03398,2023,Third_Term_May_Jul,39,1,0,16.3,78.9,MEDIUM
GRD-03399,STU-03399,2023,Second_Term_Jan_Apr,52,0,0,82.4,4.1,LOW
GRD-03400,STU-03400,2023,First_Term_Sep_Dec,43,1,0,31.2,36.9,MEDIUM
GRD-03401,STU-03401,2024,Third_Term_May_Jul,0,0,1,99.5,4.1,LOW
GRD-03402,STU-03402,2025,Second_Term_Jan_Apr,103,6,0,5.1,,HIGH
GRD-03403,STU-03403,2024,First_Term_Sep_Dec,0,2,1,29.3,50.3,LOW
GRD-03404,STU-03404,2023,Second_Term_Jan_Apr,51,0,0,78.6,4.5,LOW
GRD-03405,STU-03405,2025,Second_Term_Jan_Apr,119,5,0,3.2,,HIGH
GRD-03406,STU-03406,2023,Second_Term_Jan_Apr,116,7,0,5.7,,HIGH
GRD-03407,STU-03407,2025,Second_Term_Jan_Apr,15,2,0,30.5,82.3,LOW
GRD-03408,STU-03408,2024,Third_Term_May_Jul,97,2,0,22.9,62.1,MEDIUM
GRD-03409,STU-03409,2024,Second_Term_Jan_Apr,98,0,0,21.8,67.0,MEDIUM
GRD-03410,STU-03410,2023,Third_Term_May_Jul,22,0,0,31.6,,MEDIUM
GRD-03411,STU-03411,2025,Third_Term_May_Jul,0,2,1,21.8,81.6,LOW
GRD-03412,STU-03412,2023,Second_Term_Jan_Apr,20,0,0,29.7,0.2,LOW
GRD-03413,STU-03413,2025,Third_Term_May_Jul,133,5,0,5.3,,HIGH
GRD-03414,STU-03414,2025,Third_Term_May_Jul,30,0,0,92.7,2.4,LOW
GRD-03415,STU-03415,2023,Second_Term_Jan_Apr,46,0,0,78.1,3.4,LOW
GRD-03416,STU-03416,2025,First_Term_Sep_Dec,22,0,0,22.8,,MEDIUM
GRD-03417,STU-03417,2024,First_Term_Sep_Dec,16,1,0,97.4,5.5,LOW
GRD-03418,STU-03418,2023,Second_Term_Jan_Apr,37,1,0,82.3,7.6,LOW
GRD-03419,STU-03419,2025,Second_Term_Jan_Apr,33,0,0,75.4,5.3,LOW
GRD-03420,STU-03420,2023,Third_Term_May_Jul,0,0,1,34.1,,LOW
GRD-03421,STU-03421,2025,First_Term_Sep_Dec,0,1,1,21.2,52.3,LOW
GRD-03422,STU-03422,2024,Third_Term_May_Jul,32,1,0,87.8,4.8,LOW
GRD-03423,STU-03423,2024,Third_Term_May_Jul,17,0,0,29.4,,MEDIUM
GRD-03424,STU-03424,2024,Second_Term_Jan_Apr,90,4,0,8.4,,HIGH
GRD-03425,STU-03425,2024,First_Term_Sep_Dec,13,0,0,95.8,3.5,LOW
GRD-03426,STU-03426,2023,First_Term_Sep_Dec,18,0,0,31.8,,MEDIUM
GRD-03427,STU-03427,2024,Second_Term_Jan_Apr,90,7,0,1.3,,HIGH
GRD-03428,STU-03428,2024,First_Term_Sep_Dec,10,1,0,23.9,33.4,LOW
GRD-03429,STU-03429,2025,Third_Term_May_Jul,22,0,0,28.9,0.6,LOW
GRD-03430,STU-03430,2023,Second_Term_Jan_Apr,13,0,0,24.7,0.7,LOW
GRD-03431,STU-03431,2025,Third_Term_May_Jul,135,5,0,4.6,,HIGH
GRD-03432,STU-03432,2025,Third_Term_May_Jul,17,0,0,29.3,,MEDIUM
GRD-03433,STU-03433,2025,Third_Term_May_Jul,118,3,0,5.9,,HIGH
GRD-03434,STU-03434,2025,First_Term_Sep_Dec,11,1,0,86.8,4.9,LOW
GRD-03435,STU-03435,2024,Second_Term_Jan_Apr,36,2,0,30.6,100.8,MEDIUM
GRD-03436,STU-03436,2025,Third_Term_May_Jul,18,0,0,25.5,0.6,LOW
GRD-03437,STU-03437,2023,First_Term_Sep_Dec,90,7,0,3.1,,HIGH
GRD-03438,STU-03438,2023,Second_Term_Jan_Apr,40,1,0,85.0,7.0,LOW
GRD-03439,STU-03439,2023,First_Term_Sep_Dec,13,1,0,91.2,1.3,LOW
GRD-03440,STU-03440,2025,Third_Term_May_Jul,17,0,0,26.2,0.8,LOW
GRD-03441,STU-03441,2023,First_Term_Sep_Dec,20,0,0,30.7,,MEDIUM
GRD-03442,STU-03442,2023,Third_Term_May_Jul,110,3,0,8.3,,HIGH
GRD-03443,STU-03443,2024,Third_Term_May_Jul,34,1,0,86.5,3.1,LOW
GRD-03444,STU-03444,2023,Third_Term_May_Jul,19,0,0,34.9,,MEDIUM
GRD-03445,STU-03445,2025,Third_Term_May_Jul,173,4,0,4.6,,HIGH
GRD-03446,STU-03446,2024,Second_Term_Jan_Apr,37,1,0,75.9,2.9,LOW
GRD-03447,STU-03447,2025,First_Term_Sep_Dec,29,1,0,28.9,74.6,LOW
GRD-03448,STU-03448,2024,Third_Term_May_Jul,131,4,0,3.2,,HIGH
GRD-03449,STU-03449,2024,First_Term_Sep_Dec,12,1,0,86.9,3.9,LOW
GRD-03450,STU-03450,2025,Second_Term_Jan_Apr,17,0,0,32.6,0.4,LOW
GRD-03451,STU-03451,2023,Third_Term_May_Jul,115,2,0,1.9,,HIGH
GRD-03452,STU-03452,2023,Second_Term_Jan_Apr,23,0,0,26.5,,MEDIUM
GRD-03453,STU-03453,2023,Second_Term_Jan_Apr,19,2,0,25.8,65.7,LOW
GRD-03454,STU-03454,2025,Second_Term_Jan_Apr,32,0,0,87.2,7.9,LOW
GRD-03455,STU-03455,2025,Second_Term_Jan_Apr,29,0,0,72.1,6.3,LOW
GRD-03456,STU-03456,2023,Third_Term_May_Jul,37,0,0,97.1,2.6,LOW
GRD-03457,STU-03457,2023,First_Term_Sep_Dec,16,0,0,97.9,4.2,LOW
GRD-03458,STU-03458,2023,Second_Term_Jan_Apr,116,3,0,6.7,,HIGH
GRD-03459,STU-03459,2024,Third_Term_May_Jul,0,2,1,34.2,75.5,LOW
GRD-03460,STU-03460,2023,Third_Term_May_Jul,25,1,0,92.2,5.6,LOW
GRD-03461,STU-03461,2023,Second_Term_Jan_Apr,58,2,0,26.9,50.2,MEDIUM
GRD-03462,STU-03462,2025,First_Term_Sep_Dec,19,1,0,100.0,3.7,LOW
GRD-03463,STU-03463,2023,Second_Term_Jan_Apr,29,2,0,21.1,97.6,LOW
GRD-03464,STU-03464,2024,Second_Term_Jan_Apr,31,2,0,18.1,84.5,MEDIUM
GRD-03465,STU-03465,2024,Second_Term_Jan_Apr,38,1,0,38.2,43.4,MEDIUM
GRD-03466,STU-03466,2023,Third_Term_May_Jul,19,0,0,21.0,0.4,LOW
GRD-03467,STU-03467,2025,Second_Term_Jan_Apr,67,2,0,31.1,65.3,MEDIUM
GRD-03468,STU-03468,2024,Third_Term_May_Jul,0,1,1,29.1,77.6,LOW
GRD-03469,STU-03469,2023,Third_Term_May_Jul,14,0,0,38.9,,LOW
GRD-03470,STU-03470,2023,Third_Term_May_Jul,167,3,0,4.9,,HIGH
GRD-03471,STU-03471,2024,First_Term_Sep_Dec,13,1,0,93.9,5.4,LOW
GRD-03472,STU-03472,2023,Third_Term_May_Jul,32,0,0,95.8,4.0,LOW
GRD-03473,STU-03473,2024,Second_Term_Jan_Apr,17,0,0,24.9,,MEDIUM
GRD-03474,STU-03474,2023,First_Term_Sep_Dec,22,1,0,99.0,5.2,LOW
GRD-03475,STU-03475,2025,Third_Term_May_Jul,23,0,0,36.3,,MEDIUM
GRD-03476,STU-03476,2024,Third_Term_May_Jul,158,5,0,4.7,,HIGH
GRD-03477,STU-03477,2023,Third_Term_May_Jul,2,2,0,30.2,60.6,LOW
GRD-03478,STU-03478,2025,First_Term_Sep_Dec,19,1,0,93.6,4.1,LOW
GRD-03479,STU-03479,2025,Third_Term_May_Jul,53,0,0,26.3,51.2,LOW
GRD-03480,STU-03480,2024,Third_Term_May_Jul,130,2,0,9.6,,HIGH
GRD-03481,STU-03481,2025,Second_Term_Jan_Apr,46,0,0,78.3,6.6,LOW
GRD-03482,STU-03482,2025,Second_Term_Jan_Apr,13,1,0,18.5,76.3,LOW
GRD-03483,STU-03483,2023,Second_Term_Jan_Apr,13,0,0,28.0,0.1,LOW
GRD-03484,STU-03484,2023,Third_Term_May_Jul,15,0,0,22.2,85.3,LOW
GRD-03485,STU-03485,2025,Third_Term_May_Jul,38,1,0,30.8,66.7,MEDIUM
GRD-03486,STU-03486,2025,Second_Term_Jan_Apr,31,1,0,33.7,91.2,MEDIUM
GRD-03487,STU-03487,2024,First_Term_Sep_Dec,10,1,0,94.2,5.4,LOW
GRD-03488,STU-03488,2024,Third_Term_May_Jul,182,3,0,4.3,,HIGH
GRD-03489,STU-03489,2023,Third_Term_May_Jul,136,4,0,5.8,,HIGH
GRD-03490,STU-03490,2024,First_Term_Sep_Dec,13,2,0,32.1,63.2,LOW
GRD-03491,STU-03491,2025,First_Term_Sep_Dec,21,0,0,26.8,,MEDIUM
GRD-03492,STU-03492,2023,First_Term_Sep_Dec,18,0,0,100.0,3.3,LOW
GRD-03493,STU-03493,2025,Third_Term_May_Jul,127,5,0,8.6,,HIGH
GRD-03494,STU-03494,2024,First_Term_Sep_Dec,64,1,0,26.4,48.5,MEDIUM
GRD-03495,STU-03495,2025,First_Term_Sep_Dec,17,0,0,29.6,,MEDIUM
GRD-03496,STU-03496,2023,Third_Term_May_Jul,39,0,0,84.3,2.7,LOW
GRD-03497,STU-03497,2025,First_Term_Sep_Dec,14,0,0,31.3,,LOW
GRD-03498,STU-03498,2024,First_Term_Sep_Dec,0,1,1,28.9,67.6,LOW
GRD-03499,STU-03499,2025,Second_Term_Jan_Apr,16,0,0,28.0,0.5,LOW
GRD-03500,STU-03500,2024,First_Term_Sep_Dec,107,7,0,0.0,,HIGH
GRD-03501,STU-03501,2024,First_Term_Sep_Dec,84,3,0,27.4,71.7,MEDIUM
GRD-03502,STU-03502,2023,First_Term_Sep_Dec,131,1,0,0.0,,HIGH
GRD-03503,STU-03503,2025,Second_Term_Jan_Apr,113,4,0,2.0,,HIGH
GRD-03504,STU-03504,2023,Second_Term_Jan_Apr,115,1,0,5.6,,HIGH
GRD-03505,STU-03505,2025,Third_Term_May_Jul,114,4,0,3.5,,HIGH
GRD-03506,STU-03506,2024,First_Term_Sep_Dec,17,0,0,33.3,,MEDIUM
GRD-03507,STU-03507,2023,Second_Term_Jan_Apr,17,0,0,24.3,,MEDIUM
GRD-03508,STU-03508,2023,Third_Term_May_Jul,131,3,0,3.2,,HIGH
GRD-03509,STU-03509,2025,First_Term_Sep_Dec,90,4,0,8.0,,HIGH
GRD-03510,STU-03510,2024,Second_Term_Jan_Apr,148,7,0,5.7,,HIGH
GRD-03511,STU-03511,2025,Third_Term_May_Jul,16,0,0,22.5,,MEDIUM
GRD-03512,STU-03512,2023,Second_Term_Jan_Apr,25,0,0,14.2,64.9,LOW
GRD-03513,STU-03513,2023,Third_Term_May_Jul,38,0,0,93.7,1.0,LOW
GRD-03514,STU-03514,2023,Second_Term_Jan_Apr,36,2,0,12.8,90.3,MEDIUM
GRD-03515,STU-03515,2023,Second_Term_Jan_Apr,0,2,1,36.6,93.0,LOW
GRD-03516,STU-03516,2025,Third_Term_May_Jul,16,1,0,23.8,69.0,LOW
GRD-03517,STU-03517,2025,Second_Term_Jan_Apr,146,3,0,10.8,,HIGH
GRD-03518,STU-03518,2025,First_Term_Sep_Dec,21,0,0,33.3,1.0,LOW
GRD-03519,STU-03519,2024,First_Term_Sep_Dec,0,1,1,24.4,74.4,LOW
GRD-03520,STU-03520,2023,Second_Term_Jan_Apr,121,3,0,8.8,,HIGH
GRD-03521,STU-03521,2024,First_Term_Sep_Dec,81,1,0,21.0,47.4,MEDIUM
GRD-03522,STU-03522,2025,First_Term_Sep_Dec,11,1,0,90.5,1.1,LOW
GRD-03523,STU-03523,2024,First_Term_Sep_Dec,20,1,0,87.6,2.4,LOW
GRD-03524,STU-03524,2025,First_Term_Sep_Dec,16,0,0,26.4,0.8,LOW
GRD-03525,STU-03525,2023,Second_Term_Jan_Apr,27,1,0,20.6,69.0,LOW
GRD-03526,STU-03526,2025,Second_Term_Jan_Apr,54,1,0,30.6,62.8,MEDIUM
GRD-03527,STU-03527,2024,First_Term_Sep_Dec,90,6,0,4.0,,HIGH
GRD-03528,STU-03528,2025,Second_Term_Jan_Apr,32,1,0,79.7,8.0,LOW
GRD-03529,STU-03529,2023,Third_Term_May_Jul,26,1,0,95.5,3.8,LOW
GRD-03530,STU-03530,2025,Third_Term_May_Jul,18,0,0,28.4,0.4,LOW
GRD-03531,STU-03531,2023,First_Term_Sep_Dec,15,1,0,93.6,3.5,LOW
GRD-03532,STU-03532,2023,Third_Term_May_Jul,17,0,0,37.5,0.6,LOW
GRD-03533,STU-03533,2023,Third_Term_May_Jul,27,0,0,97.5,3.2,LOW
GRD-03534,STU-03534,2024,First_Term_Sep_Dec,103,6,0,5.4,,HIGH
GRD-03535,STU-03535,2025,Third_Term_May_Jul,19,0,0,33.8,0.3,LOW
GRD-03536,STU-03536,2023,Third_Term_May_Jul,31,1,0,97.8,3.3,LOW
GRD-03537,STU-03537,2024,First_Term_Sep_Dec,13,1,0,90.8,4.5,LOW
GRD-03538,STU-03538,2025,Second_Term_Jan_Apr,30,1,0,84.3,2.6,LOW
GRD-03539,STU-03539,2024,Second_Term_Jan_Apr,34,0,0,85.6,2.7,LOW
GRD-03540,STU-03540,2025,Third_Term_May_Jul,29,1,0,100.0,4.2,LOW
GRD-03541,STU-03541,2023,First_Term_Sep_Dec,23,1,0,40.5,56.9,LOW
GRD-03542,STU-03542,2023,Third_Term_May_Jul,130,7,0,4.9,,HIGH
GRD-03543,STU-03543,2023,Third_Term_May_Jul,13,3,0,35.9,56.0,MEDIUM
GRD-03544,STU-03544,2025,First_Term_Sep_Dec,90,0,0,5.3,,HIGH
GRD-03545,STU-03545,2024,First_Term_Sep_Dec,15,0,0,96.5,4.0,LOW
GRD-03546,STU-03546,2023,First_Term_Sep_Dec,70,2,0,19.8,48.9,MEDIUM
GRD-03547,STU-03547,2025,Third_Term_May_Jul,16,0,0,29.3,,MEDIUM
GRD-03548,STU-03548,2025,Second_Term_Jan_Apr,16,0,0,27.5,,MEDIUM
GRD-03549,STU-03549,2024,First_Term_Sep_Dec,90,4,0,7.1,,HIGH
GRD-03550,STU-03550,2024,Third_Term_May_Jul,71,1,0,37.3,58.0,MEDIUM
GRD-03551,STU-03551,2025,Second_Term_Jan_Apr,51,1,0,32.7,72.5,MEDIUM
GRD-03552,STU-03552,2023,Third_Term_May_Jul,169,4,0,7.2,,HIGH
GRD-03553,STU-03553,2024,Second_Term_Jan_Apr,39,3,0,37.7,55.5,MEDIUM
GRD-03554,STU-03554,2024,First_Term_Sep_Dec,14,0,0,31.1,0.7,LOW
GRD-03555,STU-03555,2025,Second_Term_Jan_Apr,21,0,0,34.4,,MEDIUM
GRD-03556,STU-03556,2024,Second_Term_Jan_Apr,39,0,0,74.0,8.2,LOW
GRD-03557,STU-03557,2025,First_Term_Sep_Dec,22,0,0,100.0,2.0,LOW
GRD-03558,STU-03558,2023,First_Term_Sep_Dec,8,0,0,82.4,0.8,LOW
GRD-03559,STU-03559,2024,Second_Term_Jan_Apr,16,0,0,31.2,0.9,LOW
GRD-03560,STU-03560,2023,Second_Term_Jan_Apr,41,0,0,85.4,3.4,LOW
GRD-03561,STU-03561,2025,Third_Term_May_Jul,18,0,0,34.3,0.8,LOW
GRD-03562,STU-03562,2025,Third_Term_May_Jul,33,1,0,90.5,2.8,LOW
GRD-03563,STU-03563,2025,First_Term_Sep_Dec,26,1,0,19.2,68.6,LOW
GRD-03564,STU-03564,2025,First_Term_Sep_Dec,90,4,0,12.6,,HIGH
GRD-03565,STU-03565,2024,Third_Term_May_Jul,25,1,0,21.7,61.4,LOW
GRD-03566,STU-03566,2024,Third_Term_May_Jul,25,0,0,100.0,2.9,LOW
GRD-03567,STU-03567,2024,First_Term_Sep_Dec,92,2,0,8.6,,HIGH
GRD-03568,STU-03568,2024,Third_Term_May_Jul,13,0,0,23.5,0.6,LOW
GRD-03569,STU-03569,2024,First_Term_Sep_Dec,0,1,1,30.4,58.5,LOW
GRD-03570,STU-03570,2025,First_Term_Sep_Dec,14,0,0,20.9,0.5,LOW
GRD-03571,STU-03571,2024,Third_Term_May_Jul,15,0,0,22.3,0.4,LOW
GRD-03572,STU-03572,2023,Second_Term_Jan_Apr,13,0,0,26.9,,LOW
GRD-03573,STU-03573,2024,Second_Term_Jan_Apr,46,0,0,81.1,6.7,LOW
GRD-03574,STU-03574,2023,Third_Term_May_Jul,0,1,1,86.1,2.2,LOW
GRD-03575,STU-03575,2024,First_Term_Sep_Dec,84,2,0,26.7,44.2,MEDIUM
GRD-03576,STU-03576,2025,Third_Term_May_Jul,28,1,0,100.0,4.1,LOW
GRD-03577,STU-03577,2023,Third_Term_May_Jul,20,0,0,98.2,4.3,LOW
GRD-03578,STU-03578,2024,Second_Term_Jan_Apr,57,1,0,25.1,76.6,MEDIUM
GRD-03579,STU-03579,2024,Third_Term_May_Jul,63,2,0,24.2,73.5,MEDIUM
GRD-03580,STU-03580,2023,Third_Term_May_Jul,189,5,0,3.3,,HIGH
GRD-03581,STU-03581,2023,First_Term_Sep_Dec,14,0,0,31.9,0.1,LOW
GRD-03582,STU-03582,2025,Third_Term_May_Jul,16,1,0,22.3,49.9,LOW
GRD-03583,STU-03583,2025,Second_Term_Jan_Apr,27,1,0,84.1,1.2,LOW
GRD-03584,STU-03584,2025,Second_Term_Jan_Apr,73,2,0,15.6,39.0,MEDIUM
GRD-03585,STU-03585,2025,First_Term_Sep_Dec,14,1,0,99.3,4.0,LOW
GRD-03586,STU-03586,2024,First_Term_Sep_Dec,20,0,0,24.0,,MEDIUM
GRD-03587,STU-03587,2023,Second_Term_Jan_Apr,46,2,0,25.9,92.1,MEDIUM
GRD-03588,STU-03588,2023,Second_Term_Jan_Apr,113,2,0,1.6,,HIGH
GRD-03589,STU-03589,2023,Second_Term_Jan_Apr,16,0,0,35.5,0.8,LOW
GRD-03590,STU-03590,2024,Second_Term_Jan_Apr,15,0,0,35.4,,MEDIUM
GRD-03591,STU-03591,2024,Second_Term_Jan_Apr,140,2,0,3.1,,HIGH
GRD-03592,STU-03592,2025,Second_Term_Jan_Apr,120,2,0,2.2,,HIGH
GRD-03593,STU-03593,2023,First_Term_Sep_Dec,17,0,0,36.0,,MEDIUM
GRD-03594,STU-03594,2025,Second_Term_Jan_Apr,132,4,0,8.8,,HIGH
GRD-03595,STU-03595,2024,Third_Term_May_Jul,65,2,0,25.1,76.3,MEDIUM
GRD-03596,STU-03596,2025,Third_Term_May_Jul,25,0,0,97.9,0.9,LOW
GRD-03597,STU-03597,2025,Third_Term_May_Jul,19,0,0,25.0,0.8,LOW
GRD-03598,STU-03598,2023,First_Term_Sep_Dec,13,0,0,90.8,1.9,LOW
GRD-03599,STU-03599,2024,Third_Term_May_Jul,24,3,0,25.2,34.5,MEDIUM
GRD-03600,STU-03600,2023,First_Term_Sep_Dec,68,0,0,33.4,68.3,MEDIUM
GRD-03601,STU-03601,2023,Third_Term_May_Jul,0,0,1,19.1,53.8,LOW
GRD-03602,STU-03602,2023,Third_Term_May_Jul,145,4,0,1.2,,HIGH
GRD-03603,STU-03603,2023,Third_Term_May_Jul,26,0,0,88.1,2.9,LOW
GRD-03604,STU-03604,2024,Second_Term_Jan_Apr,52,1,0,81.2,6.4,LOW
GRD-03605,STU-03605,2025,First_Term_Sep_Dec,19,0,0,100.0,3.6,LOW
GRD-03606,STU-03606,2023,Third_Term_May_Jul,20,0,0,96.0,3.8,LOW
GRD-03607,STU-03607,2024,First_Term_Sep_Dec,110,6,0,6.4,,HIGH
GRD-03608,STU-03608,2023,Second_Term_Jan_Apr,6,2,0,30.6,77.6,LOW
GRD-03609,STU-03609,2024,First_Term_Sep_Dec,12,1,0,100.0,3.1,LOW
GRD-03610,STU-03610,2025,Third_Term_May_Jul,16,0,0,28.1,0.7,LOW
GRD-03611,STU-03611,2023,Third_Term_May_Jul,28,1,0,90.1,4.4,LOW
GRD-03612,STU-03612,2024,Second_Term_Jan_Apr,41,1,0,81.2,2.6,LOW
GRD-03613,STU-03613,2023,Second_Term_Jan_Apr,23,2,0,76.0,7.0,LOW
GRD-03614,STU-03614,2024,Second_Term_Jan_Apr,123,3,0,1.9,,HIGH
GRD-03615,STU-03615,2024,First_Term_Sep_Dec,16,1,0,24.0,49.5,LOW
GRD-03616,STU-03616,2024,Second_Term_Jan_Apr,132,3,0,4.6,,HIGH
GRD-03617,STU-03617,2025,First_Term_Sep_Dec,21,0,0,32.0,,MEDIUM
GRD-03618,STU-03618,2025,Third_Term_May_Jul,23,0,0,32.8,0.5,LOW
GRD-03619,STU-03619,2025,Third_Term_May_Jul,23,0,0,32.1,0.5,LOW
GRD-03620,STU-03620,2024,First_Term_Sep_Dec,0,2,1,35.8,56.9,LOW
GRD-03621,STU-03621,2023,Second_Term_Jan_Apr,111,1,0,3.2,,HIGH
GRD-03622,STU-03622,2025,Third_Term_May_Jul,24,1,0,92.2,3.7,LOW
GRD-03623,STU-03623,2023,First_Term_Sep_Dec,22,0,0,34.2,,MEDIUM
GRD-03624,STU-03624,2025,Second_Term_Jan_Apr,20,0,0,24.1,0.3,LOW
GRD-03625,STU-03625,2024,Second_Term_Jan_Apr,44,0,0,76.4,6.1,LOW
GRD-03626,STU-03626,2023,Third_Term_May_Jul,4,0,0,34.0,60.2,LOW
GRD-03627,STU-03627,2023,Second_Term_Jan_Apr,111,4,0,6.8,,HIGH
GRD-03628,STU-03628,2025,Third_Term_May_Jul,98,7,0,7.2,,HIGH
GRD-03629,STU-03629,2024,First_Term_Sep_Dec,2,1,0,28.1,39.6,LOW
GRD-03630,STU-03630,2025,First_Term_Sep_Dec,90,2,0,5.6,,HIGH
GRD-03631,STU-03631,2024,First_Term_Sep_Dec,15,1,0,96.2,4.3,LOW
GRD-03632,STU-03632,2025,Third_Term_May_Jul,40,2,0,25.0,34.5,MEDIUM
GRD-03633,STU-03633,2024,Second_Term_Jan_Apr,0,0,1,32.8,80.3,LOW
GRD-03634,STU-03634,2023,Second_Term_Jan_Apr,155,2,0,0.4,,HIGH
GRD-03635,STU-03635,2023,First_Term_Sep_Dec,90,1,0,10.1,,MEDIUM
GRD-03636,STU-03636,2023,First_Term_Sep_Dec,21,0,0,90.7,3.9,LOW
GRD-03637,STU-03637,2023,Third_Term_May_Jul,30,0,0,91.3,2.8,LOW
GRD-03638,STU-03638,2024,First_Term_Sep_Dec,100,2,0,6.9,,HIGH
GRD-03639,STU-03639,2025,Third_Term_May_Jul,128,2,0,6.1,,HIGH
GRD-03640,STU-03640,2025,Second_Term_Jan_Apr,44,1,0,74.1,4.1,LOW
GRD-03641,STU-03641,2023,Third_Term_May_Jul,28,0,0,92.4,6.5,LOW
GRD-03642,STU-03642,2025,First_Term_Sep_Dec,0,0,1,86.3,3.6,LOW
GRD-03643,STU-03643,2023,Third_Term_May_Jul,43,2,0,31.3,57.5,MEDIUM
GRD-03644,STU-03644,2023,First_Term_Sep_Dec,15,0,0,25.2,,MEDIUM
GRD-03645,STU-03645,2023,Second_Term_Jan_Apr,51,3,0,29.5,62.9,MEDIUM
GRD-03646,STU-03646,2023,Second_Term_Jan_Apr,38,0,0,77.1,5.5,LOW
GRD-03647,STU-03647,2025,Third_Term_May_Jul,16,0,0,36.3,0.7,LOW
GRD-03648,STU-03648,2023,Third_Term_May_Jul,23,0,0,93.6,2.3,LOW
GRD-03649,STU-03649,2024,Third_Term_May_Jul,20,0,0,93.1,3.8,LOW
GRD-03650,STU-03650,2025,Second_Term_Jan_Apr,43,2,0,23.7,75.5,MEDIUM
GRD-03651,STU-03651,2024,First_Term_Sep_Dec,90,3,0,2.7,,HIGH
GRD-03652,STU-03652,2024,Third_Term_May_Jul,31,2,0,34.1,60.1,MEDIUM
GRD-03653,STU-03653,2024,Third_Term_May_Jul,17,0,0,25.2,42.8,LOW
GRD-03654,STU-03654,2023,Second_Term_Jan_Apr,27,1,0,21.8,83.4,LOW
GRD-03655,STU-03655,2024,First_Term_Sep_Dec,93,3,0,2.2,,HIGH
GRD-03656,STU-03656,2024,First_Term_Sep_Dec,42,2,0,31.3,59.5,MEDIUM
GRD-03657,STU-03657,2024,Third_Term_May_Jul,11,0,0,26.8,,LOW
GRD-03658,STU-03658,2024,First_Term_Sep_Dec,17,0,0,31.8,0.9,LOW
GRD-03659,STU-03659,2024,Third_Term_May_Jul,0,2,1,34.6,58.4,LOW
GRD-03660,STU-03660,2024,Third_Term_May_Jul,19,0,0,24.1,0.5,LOW
GRD-03661,STU-03661,2024,First_Term_Sep_Dec,14,0,0,29.5,0.8,LOW
GRD-03662,STU-03662,2023,Third_Term_May_Jul,0,0,1,95.5,2.9,LOW
GRD-03663,STU-03663,2023,First_Term_Sep_Dec,19,1,0,37.8,77.4,LOW
GRD-03664,STU-03664,2023,First_Term_Sep_Dec,90,5,0,6.1,,HIGH
GRD-03665,STU-03665,2025,First_Term_Sep_Dec,13,1,0,22.7,62.0,LOW
GRD-03666,STU-03666,2024,Second_Term_Jan_Apr,36,1,0,81.3,7.2,LOW
GRD-03667,STU-03667,2024,First_Term_Sep_Dec,11,0,0,91.3,4.3,LOW
GRD-03668,STU-03668,2025,Second_Term_Jan_Apr,56,1,0,19.5,70.4,MEDIUM
GRD-03669,STU-03669,2023,First_Term_Sep_Dec,10,0,0,29.0,0.5,LOW
GRD-03670,STU-03670,2023,Second_Term_Jan_Apr,46,0,0,75.4,7.5,LOW
GRD-03671,STU-03671,2024,Second_Term_Jan_Apr,42,0,0,84.3,2.9,LOW
GRD-03672,STU-03672,2023,First_Term_Sep_Dec,19,0,0,32.0,0.1,LOW
GRD-03673,STU-03673,2024,Second_Term_Jan_Apr,27,1,0,83.9,4.5,LOW
GRD-03674,STU-03674,2025,Second_Term_Jan_Apr,25,0,0,71.5,3.7,LOW
GRD-03675,STU-03675,2023,Second_Term_Jan_Apr,47,0,0,84.9,6.5,LOW
GRD-03676,STU-03676,2025,Third_Term_May_Jul,55,1,0,37.1,54.9,MEDIUM
GRD-03677,STU-03677,2024,Third_Term_May_Jul,19,0,0,31.5,0.8,LOW
GRD-03678,STU-03678,2023,Second_Term_Jan_Apr,0,2,1,33.8,91.6,LOW
GRD-03679,STU-03679,2024,Second_Term_Jan_Apr,35,1,0,77.6,4.3,LOW
GRD-03680,STU-03680,2023,Third_Term_May_Jul,108,2,0,2.6,,HIGH
GRD-03681,STU-03681,2024,Third_Term_May_Jul,188,7,0,2.6,,HIGH
GRD-03682,STU-03682,2023,Second_Term_Jan_Apr,42,2,0,28.0,61.6,MEDIUM
GRD-03683,STU-03683,2025,First_Term_Sep_Dec,90,3,0,4.5,,HIGH
GRD-03684,STU-03684,2023,Third_Term_May_Jul,29,1,0,16.0,67.2,LOW
GRD-03685,STU-03685,2023,First_Term_Sep_Dec,20,0,0,26.0,0.5,LOW
GRD-03686,STU-03686,2023,Second_Term_Jan_Apr,90,2,0,5.2,,HIGH
GRD-03687,STU-03687,2023,First_Term_Sep_Dec,17,0,0,90.5,3.3,LOW
GRD-03688,STU-03688,2023,First_Term_Sep_Dec,17,0,0,21.0,0.7,LOW
GRD-03689,STU-03689,2023,Third_Term_May_Jul,24,0,0,92.1,5.9,LOW
GRD-03690,STU-03690,2023,Third_Term_May_Jul,10,2,0,27.0,62.4,LOW
GRD-03691,STU-03691,2024,First_Term_Sep_Dec,0,2,1,20.7,73.7,LOW
GRD-03692,STU-03692,2023,Third_Term_May_Jul,25,0,0,94.8,5.0,LOW
GRD-03693,STU-03693,2025,Second_Term_Jan_Apr,42,2,0,75.3,7.3,LOW
GRD-03694,STU-03694,2024,First_Term_Sep_Dec,0,1,1,23.9,64.3,LOW
GRD-03695,STU-03695,2024,Second_Term_Jan_Apr,172,5,0,7.2,,HIGH
GRD-03696,STU-03696,2023,Third_Term_May_Jul,33,0,0,29.1,50.4,LOW
GRD-03697,STU-03697,2025,Third_Term_May_Jul,28,1,0,99.1,4.0,LOW
GRD-03698,STU-03698,2024,Third_Term_May_Jul,22,0,0,29.0,,MEDIUM
GRD-03699,STU-03699,2023,Third_Term_May_Jul,37,1,0,94.3,3.5,LOW
GRD-03700,STU-03700,2024,Third_Term_May_Jul,19,0,0,26.4,1.0,LOW
GRD-03701,STU-03701,2023,Second_Term_Jan_Apr,47,2,0,27.8,78.4,MEDIUM
GRD-03702,STU-03702,2024,First_Term_Sep_Dec,33,0,0,30.9,34.8,LOW
GRD-03703,STU-03703,2023,First_Term_Sep_Dec,90,3,0,6.1,,HIGH
GRD-03704,STU-03704,2025,Third_Term_May_Jul,20,1,0,87.2,3.2,LOW
GRD-03705,STU-03705,2024,First_Term_Sep_Dec,15,1,0,95.2,1.7,LOW
GRD-03706,STU-03706,2025,First_Term_Sep_Dec,19,2,0,23.7,51.9,LOW
GRD-03707,STU-03707,2024,Second_Term_Jan_Apr,34,1,0,79.5,5.3,LOW
GRD-03708,STU-03708,2023,First_Term_Sep_Dec,94,3,0,6.0,,HIGH
GRD-03709,STU-03709,2023,First_Term_Sep_Dec,90,5,0,7.6,,HIGH
GRD-03710,STU-03710,2024,Third_Term_May_Jul,189,2,0,1.6,,HIGH
GRD-03711,STU-03711,2025,First_Term_Sep_Dec,19,0,0,88.1,4.8,LOW
GRD-03712,STU-03712,2025,First_Term_Sep_Dec,20,0,0,94.5,4.1,LOW
GRD-03713,STU-03713,2024,First_Term_Sep_Dec,0,1,1,31.2,80.8,LOW
GRD-03714,STU-03714,2023,First_Term_Sep_Dec,23,0,0,88.9,3.2,LOW
GRD-03715,STU-03715,2025,Second_Term_Jan_Apr,61,2,0,30.2,82.9,MEDIUM
GRD-03716,STU-03716,2023,Second_Term_Jan_Apr,90,3,0,1.4,,HIGH
GRD-03717,STU-03717,2024,Third_Term_May_Jul,26,0,0,90.6,3.0,LOW
GRD-03718,STU-03718,2023,First_Term_Sep_Dec,0,0,1,27.0,60.2,LOW
GRD-03719,STU-03719,2023,Third_Term_May_Jul,103,3,0,5.2,,HIGH
GRD-03720,STU-03720,2024,Third_Term_May_Jul,108,3,0,5.2,,HIGH
GRD-03721,STU-03721,2023,Second_Term_Jan_Apr,35,0,0,80.9,6.2,LOW
GRD-03722,STU-03722,2024,First_Term_Sep_Dec,22,0,0,30.7,0.5,LOW
GRD-03723,STU-03723,2025,First_Term_Sep_Dec,131,6,0,4.8,,HIGH
GRD-03724,STU-03724,2024,Third_Term_May_Jul,153,6,0,4.4,,HIGH
GRD-03725,STU-03725,2023,First_Term_Sep_Dec,11,0,0,28.8,,LOW
GRD-03726,STU-03726,2023,Second_Term_Jan_Apr,121,5,0,3.9,,HIGH
GRD-03727,STU-03727,2024,Second_Term_Jan_Apr,33,1,0,76.2,7.3,LOW
GRD-03728,STU-03728,2024,First_Term_Sep_Dec,31,2,0,32.4,64.2,MEDIUM
GRD-03729,STU-03729,2023,Third_Term_May_Jul,10,2,0,28.5,54.2,LOW
GRD-03730,STU-03730,2023,Third_Term_May_Jul,117,3,0,6.4,,HIGH
GRD-03731,STU-03731,2025,Second_Term_Jan_Apr,131,4,0,3.6,,HIGH
GRD-03732,STU-03732,2024,First_Term_Sep_Dec,118,2,0,5.5,,HIGH
GRD-03733,STU-03733,2025,First_Term_Sep_Dec,98,3,0,7.8,,HIGH
GRD-03734,STU-03734,2024,Second_Term_Jan_Apr,38,0,0,86.6,6.9,LOW
GRD-03735,STU-03735,2024,Third_Term_May_Jul,30,0,0,97.2,3.5,LOW
GRD-03736,STU-03736,2025,Third_Term_May_Jul,28,0,0,82.3,3.5,LOW
GRD-03737,STU-03737,2024,First_Term_Sep_Dec,20,1,0,93.0,3.4,LOW
GRD-03738,STU-03738,2024,First_Term_Sep_Dec,125,4,0,1.7,,HIGH
GRD-03739,STU-03739,2025,First_Term_Sep_Dec,13,1,0,93.7,4.7,LOW
GRD-03740,STU-03740,2025,Second_Term_Jan_Apr,127,4,0,8.2,,HIGH
GRD-03741,STU-03741,2023,First_Term_Sep_Dec,94,2,0,2.5,,HIGH
GRD-03742,STU-03742,2023,Third_Term_May_Jul,174,6,0,2.0,,HIGH
GRD-03743,STU-03743,2024,Third_Term_May_Jul,0,0,1,93.6,3.2,LOW
GRD-03744,STU-03744,2023,Third_Term_May_Jul,24,0,0,98.6,4.6,LOW
GRD-03745,STU-03745,2024,Third_Term_May_Jul,27,0,0,89.8,3.0,LOW
GRD-03746,STU-03746,2024,First_Term_Sep_Dec,90,4,0,9.3,,HIGH
GRD-03747,STU-03747,2023,First_Term_Sep_Dec,16,0,0,26.8,,MEDIUM
GRD-03748,STU-03748,2023,First_Term_Sep_Dec,23,0,0,35.1,,MEDIUM
GRD-03749,STU-03749,2023,Second_Term_Jan_Apr,90,5,0,2.2,,HIGH
GRD-03750,STU-03750,2023,First_Term_Sep_Dec,17,0,0,24.3,56.7,LOW
GRD-03751,STU-03751,2023,Second_Term_Jan_Apr,0,1,0,26.4,79.2,LOW
GRD-03752,STU-03752,2023,First_Term_Sep_Dec,31,3,0,16.3,55.4,MEDIUM
GRD-03753,STU-03753,2024,First_Term_Sep_Dec,13,0,0,92.3,7.6,LOW
GRD-03754,STU-03754,2023,Third_Term_May_Jul,0,3,0,28.7,75.8,MEDIUM
GRD-03755,STU-03755,2023,Second_Term_Jan_Apr,42,1,0,86.3,1.3,LOW
GRD-03756,STU-03756,2024,Second_Term_Jan_Apr,168,6,0,3.5,,HIGH
GRD-03757,STU-03757,2025,First_Term_Sep_Dec,28,1,0,14.6,54.5,LOW
GRD-03758,STU-03758,2023,Second_Term_Jan_Apr,90,6,0,9.0,,HIGH
GRD-03759,STU-03759,2024,Second_Term_Jan_Apr,12,2,0,26.9,75.9,LOW
GRD-03760,STU-03760,2023,First_Term_Sep_Dec,0,1,1,22.4,50.2,LOW
GRD-03761,STU-03761,2025,Third_Term_May_Jul,22,0,0,27.7,0.6,LOW
GRD-03762,STU-03762,2023,Second_Term_Jan_Apr,21,2,0,18.2,39.0,LOW
GRD-03763,STU-03763,2023,First_Term_Sep_Dec,16,0,0,99.7,4.5,LOW
GRD-03764,STU-03764,2024,Third_Term_May_Jul,0,2,1,36.2,77.4,LOW
GRD-03765,STU-03765,2025,First_Term_Sep_Dec,0,2,1,20.4,53.2,LOW
GRD-03766,STU-03766,2025,Third_Term_May_Jul,106,4,0,9.6,,HIGH
GRD-03767,STU-03767,2024,Third_Term_May_Jul,30,0,0,92.9,4.0,LOW
GRD-03768,STU-03768,2025,First_Term_Sep_Dec,15,0,0,34.5,,MEDIUM
GRD-03769,STU-03769,2025,Second_Term_Jan_Apr,24,1,0,28.6,88.1,LOW
GRD-03770,STU-03770,2023,First_Term_Sep_Dec,20,0,0,20.0,0.5,LOW
GRD-03771,STU-03771,2025,Second_Term_Jan_Apr,29,1,0,18.9,51.4,LOW
GRD-03772,STU-03772,2023,Third_Term_May_Jul,36,2,0,32.1,56.6,MEDIUM
GRD-03773,STU-03773,2023,Third_Term_May_Jul,0,0,0,27.8,62.0,LOW
GRD-03774,STU-03774,2025,First_Term_Sep_Dec,21,0,0,33.6,,MEDIUM
GRD-03775,STU-03775,2024,Third_Term_May_Jul,139,6,0,2.6,,HIGH
GRD-03776,STU-03776,2025,Third_Term_May_Jul,30,0,0,98.1,3.6,LOW
GRD-03777,STU-03777,2023,Third_Term_May_Jul,135,6,0,7.8,,HIGH
GRD-03778,STU-03778,2024,Third_Term_May_Jul,0,0,1,92.8,3.6,LOW
GRD-03779,STU-03779,2023,Second_Term_Jan_Apr,37,1,0,29.0,58.6,MEDIUM
GRD-03780,STU-03780,2023,First_Term_Sep_Dec,50,1,0,39.7,36.6,MEDIUM
GRD-03781,STU-03781,2024,First_Term_Sep_Dec,21,1,0,90.3,1.5,LOW
GRD-03782,STU-03782,2024,Second_Term_Jan_Apr,112,7,0,0.0,,HIGH
GRD-03783,STU-03783,2023,Third_Term_May_Jul,147,3,0,6.9,,HIGH
GRD-03784,STU-03784,2023,Third_Term_May_Jul,132,4,0,2.1,,HIGH
GRD-03785,STU-03785,2024,Second_Term_Jan_Apr,119,4,0,5.6,,HIGH
GRD-03786,STU-03786,2024,First_Term_Sep_Dec,7,0,0,27.8,61.6,LOW
GRD-03787,STU-03787,2024,First_Term_Sep_Dec,17,0,0,33.4,,MEDIUM
GRD-03788,STU-03788,2023,Second_Term_Jan_Apr,134,5,0,6.2,,HIGH
GRD-03789,STU-03789,2025,Third_Term_May_Jul,22,0,0,33.2,0.3,LOW
GRD-03790,STU-03790,2024,Third_Term_May_Jul,35,0,0,100.0,5.4,LOW
GRD-03791,STU-03791,2025,First_Term_Sep_Dec,90,5,0,3.2,,HIGH
GRD-03792,STU-03792,2023,First_Term_Sep_Dec,86,0,0,35.5,73.7,MEDIUM
GRD-03793,STU-03793,2025,Third_Term_May_Jul,42,1,0,89.9,2.5,LOW
GRD-03794,STU-03794,2025,Second_Term_Jan_Apr,90,3,0,6.4,,HIGH
GRD-03795,STU-03795,2023,First_Term_Sep_Dec,17,0,0,84.2,2.3,LOW
GRD-03796,STU-03796,2024,First_Term_Sep_Dec,0,3,1,26.0,41.7,LOW
GRD-03797,STU-03797,2023,Second_Term_Jan_Apr,0,2,1,28.9,59.5,LOW
GRD-03798,STU-03798,2024,Third_Term_May_Jul,14,0,0,30.7,,LOW
GRD-03799,STU-03799,2023,First_Term_Sep_Dec,102,6,0,9.8,,HIGH
GRD-03800,STU-03800,2023,Second_Term_Jan_Apr,139,7,0,6.8,,HIGH
GRD-03801,STU-03801,2024,Second_Term_Jan_Apr,32,2,0,25.6,63.0,MEDIUM
GRD-03802,STU-03802,2023,Second_Term_Jan_Apr,0,6,1,5.7,,MEDIUM
GRD-03803,STU-03803,2023,Second_Term_Jan_Apr,119,3,0,7.9,,HIGH
GRD-03804,STU-03804,2025,Third_Term_May_Jul,144,6,0,9.5,,HIGH
GRD-03805,STU-03805,2024,Second_Term_Jan_Apr,36,0,0,81.7,5.6,LOW
GRD-03806,STU-03806,2025,First_Term_Sep_Dec,90,3,0,10.5,,HIGH
GRD-03807,STU-03807,2023,First_Term_Sep_Dec,0,1,1,28.6,38.5,LOW
GRD-03808,STU-03808,2024,Third_Term_May_Jul,18,0,0,33.3,,MEDIUM
GRD-03809,STU-03809,2023,Third_Term_May_Jul,53,1,0,18.4,62.7,MEDIUM
GRD-03810,STU-03810,2024,Second_Term_Jan_Apr,38,1,0,68.2,4.1,LOW
GRD-03811,STU-03811,2023,Second_Term_Jan_Apr,44,1,0,81.5,4.9,LOW
GRD-03812,STU-03812,2025,First_Term_Sep_Dec,67,1,0,34.8,56.6,MEDIUM
GRD-03813,STU-03813,2024,Third_Term_May_Jul,23,0,0,31.0,,MEDIUM
GRD-03814,STU-03814,2023,Third_Term_May_Jul,16,2,0,30.7,70.7,LOW
GRD-03815,STU-03815,2023,First_Term_Sep_Dec,26,2,0,26.3,73.3,LOW
GRD-03816,STU-03816,2025,Second_Term_Jan_Apr,102,4,0,5.5,,HIGH
GRD-03817,STU-03817,2023,Third_Term_May_Jul,70,2,0,27.0,75.5,MEDIUM
GRD-03818,STU-03818,2025,Second_Term_Jan_Apr,43,2,0,18.9,70.6,MEDIUM
GRD-03819,STU-03819,2023,Second_Term_Jan_Apr,12,0,0,31.3,0.4,LOW
GRD-03820,STU-03820,2024,Third_Term_May_Jul,5,0,0,34.5,58.9,LOW
GRD-03821,STU-03821,2024,Third_Term_May_Jul,11,0,0,26.4,,LOW
GRD-03822,STU-03822,2025,First_Term_Sep_Dec,106,4,0,5.1,,HIGH
GRD-03823,STU-03823,2024,Third_Term_May_Jul,30,2,0,28.4,64.4,LOW
GRD-03824,STU-03824,2025,First_Term_Sep_Dec,22,0,0,90.9,3.9,LOW
GRD-03825,STU-03825,2023,Second_Term_Jan_Apr,162,2,0,8.3,,HIGH
GRD-03826,STU-03826,2023,First_Term_Sep_Dec,90,5,0,2.5,,HIGH
GRD-03827,STU-03827,2023,Third_Term_May_Jul,29,1,0,28.5,48.7,LOW
GRD-03828,STU-03828,2023,Second_Term_Jan_Apr,122,3,0,2.2,,HIGH
GRD-03829,STU-03829,2023,Third_Term_May_Jul,23,1,0,100.0,1.9,LOW
GRD-03830,STU-03830,2023,First_Term_Sep_Dec,10,1,0,32.5,72.7,LOW
GRD-03831,STU-03831,2025,Second_Term_Jan_Apr,48,1,0,78.6,2.2,LOW
GRD-03832,STU-03832,2023,Second_Term_Jan_Apr,0,1,1,23.8,106.6,LOW
GRD-03833,STU-03833,2023,First_Term_Sep_Dec,31,1,0,31.8,72.6,MEDIUM
GRD-03834,STU-03834,2024,Second_Term_Jan_Apr,35,1,0,92.1,7.6,LOW
GRD-03835,STU-03835,2024,First_Term_Sep_Dec,0,1,1,27.9,49.5,LOW
GRD-03836,STU-03836,2024,First_Term_Sep_Dec,94,3,0,8.0,,HIGH
GRD-03837,STU-03837,2024,Second_Term_Jan_Apr,37,1,0,24.2,65.8,MEDIUM
GRD-03838,STU-03838,2025,Third_Term_May_Jul,28,0,0,95.5,4.3,LOW
GRD-03839,STU-03839,2023,Third_Term_May_Jul,25,1,0,93.9,3.6,LOW
GRD-03840,STU-03840,2023,Third_Term_May_Jul,119,2,0,0.8,,HIGH
GRD-03841,STU-03841,2025,Third_Term_May_Jul,28,1,0,30.7,66.2,LOW
GRD-03842,STU-03842,2025,First_Term_Sep_Dec,61,1,0,33.6,57.6,MEDIUM
GRD-03843,STU-03843,2023,Second_Term_Jan_Apr,108,3,0,6.3,,HIGH
GRD-03844,STU-03844,2025,First_Term_Sep_Dec,21,0,0,30.0,0.2,LOW
GRD-03845,STU-03845,2025,Third_Term_May_Jul,18,1,0,27.6,37.9,LOW
GRD-03846,STU-03846,2024,First_Term_Sep_Dec,20,0,0,35.5,,MEDIUM
GRD-03847,STU-03847,2025,Third_Term_May_Jul,0,1,1,94.2,3.8,LOW
GRD-03848,STU-03848,2025,Third_Term_May_Jul,139,5,0,3.6,,HIGH
GRD-03849,STU-03849,2023,Second_Term_Jan_Apr,90,4,0,3.0,,HIGH
GRD-03850,STU-03850,2025,Second_Term_Jan_Apr,146,3,0,0.8,,HIGH
GRD-03851,STU-03851,2023,Second_Term_Jan_Apr,20,0,0,28.2,0.5,LOW
GRD-03852,STU-03852,2025,First_Term_Sep_Dec,17,1,0,93.9,3.3,LOW
GRD-03853,STU-03853,2024,First_Term_Sep_Dec,18,1,0,92.0,1.3,LOW
GRD-03854,STU-03854,2023,Third_Term_May_Jul,27,0,0,92.8,3.4,LOW
GRD-03855,STU-03855,2025,Second_Term_Jan_Apr,5,1,0,30.4,59.5,LOW
GRD-03856,STU-03856,2023,Second_Term_Jan_Apr,11,0,0,31.9,,LOW
GRD-03857,STU-03857,2024,Third_Term_May_Jul,27,3,0,23.9,73.8,MEDIUM
GRD-03858,STU-03858,2024,Second_Term_Jan_Apr,32,0,0,79.8,9.6,LOW
GRD-03859,STU-03859,2023,Third_Term_May_Jul,30,0,0,98.0,3.7,LOW
GRD-03860,STU-03860,2024,Second_Term_Jan_Apr,33,1,0,78.9,3.8,LOW
GRD-03861,STU-03861,2025,First_Term_Sep_Dec,61,2,0,39.4,55.1,MEDIUM
GRD-03862,STU-03862,2023,First_Term_Sep_Dec,9,0,0,94.5,3.4,LOW
GRD-03863,STU-03863,2024,Third_Term_May_Jul,28,1,0,86.7,1.4,LOW
GRD-03864,STU-03864,2023,Third_Term_May_Jul,26,0,0,84.9,3.3,LOW
GRD-03865,STU-03865,2024,First_Term_Sep_Dec,18,0,0,82.8,3.0,LOW
GRD-03866,STU-03866,2024,Second_Term_Jan_Apr,20,0,0,32.0,,MEDIUM
GRD-03867,STU-03867,2024,Third_Term_May_Jul,25,1,0,83.0,4.6,LOW
GRD-03868,STU-03868,2023,Second_Term_Jan_Apr,25,1,0,21.7,67.8,LOW
GRD-03869,STU-03869,2024,Second_Term_Jan_Apr,18,0,0,28.0,0.1,LOW
GRD-03870,STU-03870,2025,First_Term_Sep_Dec,90,5,0,4.9,,HIGH
GRD-03871,STU-03871,2025,Second_Term_Jan_Apr,146,6,0,7.4,,HIGH
GRD-03872,STU-03872,2025,Third_Term_May_Jul,15,0,0,39.5,,MEDIUM
GRD-03873,STU-03873,2023,Third_Term_May_Jul,74,2,0,17.4,53.9,MEDIUM
GRD-03874,STU-03874,2025,Second_Term_Jan_Apr,40,1,0,76.8,4.0,LOW
GRD-03875,STU-03875,2024,Second_Term_Jan_Apr,90,1,0,4.4,,HIGH
GRD-03876,STU-03876,2025,Second_Term_Jan_Apr,90,6,0,1.6,,HIGH
GRD-03877,STU-03877,2025,First_Term_Sep_Dec,27,1,0,93.8,3.2,LOW
GRD-03878,STU-03878,2025,Second_Term_Jan_Apr,164,5,0,7.5,,HIGH
GRD-03879,STU-03879,2023,First_Term_Sep_Dec,106,6,0,0.0,,HIGH
GRD-03880,STU-03880,2024,First_Term_Sep_Dec,0,1,1,90.0,4.9,LOW
GRD-03881,STU-03881,2024,First_Term_Sep_Dec,20,0,0,29.8,,MEDIUM
GRD-03882,STU-03882,2025,First_Term_Sep_Dec,0,2,1,34.4,56.3,LOW
GRD-03883,STU-03883,2023,First_Term_Sep_Dec,23,2,0,27.2,40.7,LOW
GRD-03884,STU-03884,2023,First_Term_Sep_Dec,38,1,0,25.6,65.6,MEDIUM
GRD-03885,STU-03885,2025,First_Term_Sep_Dec,13,1,0,93.7,0.9,LOW
GRD-03886,STU-03886,2024,Third_Term_May_Jul,50,3,0,32.4,69.8,MEDIUM
GRD-03887,STU-03887,2025,First_Term_Sep_Dec,17,0,0,91.7,2.7,LOW
GRD-03888,STU-03888,2024,First_Term_Sep_Dec,33,2,0,32.7,83.6,MEDIUM
GRD-03889,STU-03889,2024,First_Term_Sep_Dec,16,2,0,26.4,85.4,LOW
GRD-03890,STU-03890,2025,First_Term_Sep_Dec,13,0,0,36.1,0.6,LOW
GRD-03891,STU-03891,2023,First_Term_Sep_Dec,90,2,0,7.8,,HIGH
GRD-03892,STU-03892,2023,Second_Term_Jan_Apr,24,3,0,23.4,85.4,MEDIUM
GRD-03893,STU-03893,2023,Third_Term_May_Jul,0,2,1,18.2,38.2,LOW
GRD-03894,STU-03894,2023,First_Term_Sep_Dec,91,3,0,4.9,,HIGH
GRD-03895,STU-03895,2025,Second_Term_Jan_Apr,44,2,0,27.7,67.9,MEDIUM
GRD-03896,STU-03896,2023,First_Term_Sep_Dec,23,0,0,93.3,3.2,LOW
GRD-03897,STU-03897,2023,Second_Term_Jan_Apr,114,5,0,0.3,,HIGH
GRD-03898,STU-03898,2023,Third_Term_May_Jul,47,1,0,20.2,87.4,MEDIUM
GRD-03899,STU-03899,2025,First_Term_Sep_Dec,19,1,0,93.5,5.1,LOW
GRD-03900,STU-03900,2023,First_Term_Sep_Dec,90,4,0,7.7,,HIGH
GRD-03901,STU-03901,2024,First_Term_Sep_Dec,46,1,0,30.1,75.2,MEDIUM
GRD-03902,STU-03902,2023,Second_Term_Jan_Apr,64,2,0,19.7,67.9,MEDIUM
GRD-03903,STU-03903,2023,First_Term_Sep_Dec,0,1,1,37.3,67.8,LOW
GRD-03904,STU-03904,2024,Third_Term_May_Jul,20,1,0,88.2,3.5,LOW
GRD-03905,STU-03905,2025,Second_Term_Jan_Apr,18,0,0,35.3,0.6,LOW
GRD-03906,STU-03906,2024,First_Term_Sep_Dec,90,3,0,8.0,,HIGH
GRD-03907,STU-03907,2025,Third_Term_May_Jul,25,1,0,22.3,84.3,LOW
GRD-03908,STU-03908,2025,Second_Term_Jan_Apr,48,1,0,12.8,61.7,MEDIUM
GRD-03909,STU-03909,2023,Third_Term_May_Jul,25,0,0,25.1,0.6,LOW
GRD-03910,STU-03910,2024,First_Term_Sep_Dec,18,1,0,84.9,4.5,LOW
GRD-03911,STU-03911,2025,Third_Term_May_Jul,19,0,0,28.5,0.7,LOW
GRD-03912,STU-03912,2024,Third_Term_May_Jul,117,6,0,2.4,,HIGH
GRD-03913,STU-03913,2025,Second_Term_Jan_Apr,0,0,1,34.4,,LOW
GRD-03914,STU-03914,2024,Third_Term_May_Jul,11,2,0,29.2,63.2,LOW
GRD-03915,STU-03915,2023,Second_Term_Jan_Apr,20,0,0,32.2,0.4,LOW
GRD-03916,STU-03916,2024,Third_Term_May_Jul,6,3,0,24.7,59.2,MEDIUM
GRD-03917,STU-03917,2023,First_Term_Sep_Dec,90,5,0,10.9,,HIGH
GRD-03918,STU-03918,2025,First_Term_Sep_Dec,0,1,1,25.6,59.6,LOW
GRD-03919,STU-03919,2024,Second_Term_Jan_Apr,35,1,0,27.0,76.0,MEDIUM
GRD-03920,STU-03920,2023,Second_Term_Jan_Apr,12,0,0,27.1,,LOW
GRD-03921,STU-03921,2023,Third_Term_May_Jul,25,0,0,100.0,5.0,LOW
GRD-03922,STU-03922,2024,First_Term_Sep_Dec,0,2,0,28.5,70.2,LOW
GRD-03923,STU-03923,2024,Second_Term_Jan_Apr,18,0,0,30.5,,MEDIUM
GRD-03924,STU-03924,2025,Second_Term_Jan_Apr,34,0,0,80.1,3.7,LOW
GRD-03925,STU-03925,2025,Second_Term_Jan_Apr,14,0,0,25.3,0.1,LOW
GRD-03926,STU-03926,2024,First_Term_Sep_Dec,15,1,0,94.4,2.3,LOW
GRD-03927,STU-03927,2024,Second_Term_Jan_Apr,0,1,1,26.9,67.4,LOW
GRD-03928,STU-03928,2023,First_Term_Sep_Dec,89,1,0,32.4,60.7,MEDIUM
GRD-03929,STU-03929,2024,Second_Term_Jan_Apr,14,0,0,28.4,,LOW
GRD-03930,STU-03930,2023,Third_Term_May_Jul,15,0,0,27.1,0.6,LOW
GRD-03931,STU-03931,2024,Third_Term_May_Jul,22,1,0,26.9,54.2,LOW
GRD-03932,STU-03932,2024,First_Term_Sep_Dec,14,1,0,100.0,3.1,LOW
GRD-03933,STU-03933,2023,First_Term_Sep_Dec,0,2,1,21.2,58.3,LOW
GRD-03934,STU-03934,2025,First_Term_Sep_Dec,15,0,0,95.8,5.2,LOW
GRD-03935,STU-03935,2023,First_Term_Sep_Dec,9,0,0,89.5,4.1,LOW
GRD-03936,STU-03936,2024,First_Term_Sep_Dec,90,2,0,0.4,,HIGH
GRD-03937,STU-03937,2023,Second_Term_Jan_Apr,36,0,0,85.6,2.9,LOW
GRD-03938,STU-03938,2024,First_Term_Sep_Dec,10,0,0,87.8,4.3,LOW
GRD-03939,STU-03939,2023,Third_Term_May_Jul,31,2,0,25.1,50.7,MEDIUM
GRD-03940,STU-03940,2025,First_Term_Sep_Dec,90,2,0,6.4,,HIGH
GRD-03941,STU-03941,2023,Third_Term_May_Jul,174,6,0,0.9,,HIGH
GRD-03942,STU-03942,2023,Second_Term_Jan_Apr,99,3,0,8.4,,HIGH
GRD-03943,STU-03943,2025,Second_Term_Jan_Apr,129,6,0,4.7,,HIGH
GRD-03944,STU-03944,2025,Third_Term_May_Jul,157,4,0,4.9,,HIGH
GRD-03945,STU-03945,2023,First_Term_Sep_Dec,5,1,0,36.4,63.7,LOW
GRD-03946,STU-03946,2025,Second_Term_Jan_Apr,131,2,0,6.1,,HIGH
GRD-03947,STU-03947,2025,Second_Term_Jan_Apr,48,0,0,78.1,3.5,LOW
GRD-03948,STU-03948,2024,First_Term_Sep_Dec,90,4,0,11.3,,HIGH
GRD-03949,STU-03949,2023,First_Term_Sep_Dec,20,0,0,93.8,3.5,LOW
GRD-03950,STU-03950,2024,First_Term_Sep_Dec,82,2,0,21.3,46.8,MEDIUM
GRD-03951,STU-03951,2025,Third_Term_May_Jul,22,0,0,39.0,0.7,LOW
GRD-03952,STU-03952,2025,Second_Term_Jan_Apr,0,2,1,12.8,97.4,LOW
GRD-03953,STU-03953,2023,First_Term_Sep_Dec,15,1,0,30.4,81.6,LOW
GRD-03954,STU-03954,2025,Second_Term_Jan_Apr,35,0,0,75.3,6.3,LOW
GRD-03955,STU-03955,2025,First_Term_Sep_Dec,16,0,0,20.0,0.4,LOW
GRD-03956,STU-03956,2025,Second_Term_Jan_Apr,32,1,0,77.1,4.0,LOW
GRD-03957,STU-03957,2025,Second_Term_Jan_Apr,121,3,0,3.8,,HIGH
GRD-03958,STU-03958,2025,Second_Term_Jan_Apr,39,0,0,86.2,3.2,LOW
GRD-03959,STU-03959,2023,First_Term_Sep_Dec,11,0,0,92.1,5.1,LOW
GRD-03960,STU-03960,2025,First_Term_Sep_Dec,90,7,0,3.0,,HIGH
GRD-03961,STU-03961,2025,Third_Term_May_Jul,35,1,0,95.2,3.6,LOW
GRD-03962,STU-03962,2023,Third_Term_May_Jul,17,0,0,26.7,0.4,LOW
GRD-03963,STU-03963,2024,Second_Term_Jan_Apr,124,5,0,10.8,,HIGH
GRD-03964,STU-03964,2025,First_Term_Sep_Dec,26,2,0,13.5,56.0,LOW
GRD-03965,STU-03965,2023,First_Term_Sep_Dec,21,0,0,88.7,2.4,LOW
GRD-03966,STU-03966,2025,Third_Term_May_Jul,18,0,0,35.5,,MEDIUM
GRD-03967,STU-03967,2025,Second_Term_Jan_Apr,98,6,0,3.4,,HIGH
GRD-03968,STU-03968,2025,Second_Term_Jan_Apr,78,1,0,28.0,99.4,MEDIUM
GRD-03969,STU-03969,2025,Second_Term_Jan_Apr,90,3,0,2.7,,HIGH
GRD-03970,STU-03970,2023,Third_Term_May_Jul,128,4,0,3.7,,HIGH
GRD-03971,STU-03971,2024,Second_Term_Jan_Apr,108,7,0,5.9,,HIGH
GRD-03972,STU-03972,2024,Third_Term_May_Jul,19,1,0,91.3,5.7,LOW
GRD-03973,STU-03973,2024,First_Term_Sep_Dec,90,5,0,5.4,,HIGH
GRD-03974,STU-03974,2024,Second_Term_Jan_Apr,38,0,0,86.1,5.0,LOW
GRD-03975,STU-03975,2024,Third_Term_May_Jul,42,0,0,31.4,46.5,LOW
GRD-03976,STU-03976,2023,Second_Term_Jan_Apr,15,0,0,32.5,,MEDIUM
GRD-03977,STU-03977,2023,Second_Term_Jan_Apr,3,1,0,22.0,73.5,LOW
GRD-03978,STU-03978,2024,Second_Term_Jan_Apr,39,1,0,82.0,4.1,LOW
GRD-03979,STU-03979,2024,Third_Term_May_Jul,113,4,0,4.0,,HIGH
GRD-03980,STU-03980,2024,First_Term_Sep_Dec,107,5,0,6.9,,HIGH
GRD-03981,STU-03981,2025,Second_Term_Jan_Apr,36,0,0,82.6,3.8,LOW
GRD-03982,STU-03982,2023,Second_Term_Jan_Apr,135,4,0,4.5,,HIGH
GRD-03983,STU-03983,2025,Second_Term_Jan_Apr,22,0,0,32.8,,MEDIUM
GRD-03984,STU-03984,2023,First_Term_Sep_Dec,14,1,0,92.3,2.5,LOW
GRD-03985,STU-03985,2025,Second_Term_Jan_Apr,20,0,0,33.6,,MEDIUM
GRD-03986,STU-03986,2024,First_Term_Sep_Dec,0,0,1,96.5,4.3,LOW
GRD-03987,STU-03987,2024,First_Term_Sep_Dec,90,2,0,0.0,,HIGH
GRD-03988,STU-03988,2025,Third_Term_May_Jul,128,4,0,2.2,,HIGH
GRD-03989,STU-03989,2024,Second_Term_Jan_Apr,25,0,0,80.2,2.4,LOW
GRD-03990,STU-03990,2025,Second_Term_Jan_Apr,110,5,0,6.3,,HIGH
GRD-03991,STU-03991,2024,Second_Term_Jan_Apr,31,1,0,85.1,5.8,LOW
GRD-03992,STU-03992,2024,Second_Term_Jan_Apr,0,2,1,25.8,55.4,LOW
GRD-03993,STU-03993,2025,Second_Term_Jan_Apr,39,1,0,79.0,4.6,LOW
GRD-03994,STU-03994,2025,Third_Term_May_Jul,29,1,0,96.2,4.6,LOW
GRD-03995,STU-03995,2025,First_Term_Sep_Dec,19,0,0,95.4,2.1,LOW
GRD-03996,STU-03996,2023,Third_Term_May_Jul,0,1,0,23.8,63.1,LOW
GRD-03997,STU-03997,2023,Second_Term_Jan_Apr,143,4,0,5.3,,HIGH
GRD-03998,STU-03998,2025,Second_Term_Jan_Apr,40,1,0,90.9,6.4,LOW
GRD-03999,STU-03999,2023,Second_Term_Jan_Apr,20,0,0,32.6,,MEDIUM
GRD-04000,STU-04000,2023,Second_Term_Jan_Apr,43,1,0,89.9,5.1,LOW
GRD-04001,STU-04001,2023,Third_Term_May_Jul,28,0,0,84.7,4.6,LOW
GRD-04002,STU-04002,2025,First_Term_Sep_Dec,20,0,0,89.5,3.9,LOW
GRD-04003,STU-04003,2023,First_Term_Sep_Dec,16,0,0,34.2,,MEDIUM
GRD-04004,STU-04004,2023,Second_Term_Jan_Apr,7,2,0,32.7,57.1,LOW
GRD-04005,STU-04005,2024,First_Term_Sep_Dec,2,1,0,15.7,62.5,LOW
GRD-04006,STU-04006,2025,First_Term_Sep_Dec,111,4,0,7.1,,HIGH
GRD-04007,STU-04007,2023,Second_Term_Jan_Apr,17,2,0,29.9,73.5,LOW
GRD-04008,STU-04008,2023,Third_Term_May_Jul,74,3,0,28.6,58.1,MEDIUM
GRD-04009,STU-04009,2025,First_Term_Sep_Dec,112,0,0,7.0,,HIGH
GRD-04010,STU-04010,2023,Third_Term_May_Jul,0,1,1,28.7,59.6,LOW
GRD-04011,STU-04011,2023,Second_Term_Jan_Apr,15,0,0,31.7,0.6,LOW
GRD-04012,STU-04012,2023,Second_Term_Jan_Apr,35,1,0,76.1,8.0,LOW
GRD-04013,STU-04013,2023,Third_Term_May_Jul,20,0,0,27.9,,MEDIUM
GRD-04014,STU-04014,2023,Second_Term_Jan_Apr,11,1,0,25.3,39.0,LOW
GRD-04015,STU-04015,2023,Second_Term_Jan_Apr,43,0,0,82.5,2.9,LOW
GRD-04016,STU-04016,2023,Second_Term_Jan_Apr,43,0,0,71.2,4.9,LOW
GRD-04017,STU-04017,2023,Second_Term_Jan_Apr,45,0,0,85.3,3.9,LOW
GRD-04018,STU-04018,2025,Second_Term_Jan_Apr,42,0,0,74.3,4.1,LOW
GRD-04019,STU-04019,2024,Third_Term_May_Jul,10,0,0,23.3,0.2,LOW
GRD-04020,STU-04020,2023,First_Term_Sep_Dec,19,0,0,28.6,,MEDIUM
GRD-04021,STU-04021,2024,Third_Term_May_Jul,20,2,0,92.9,3.0,LOW
GRD-04022,STU-04022,2023,Second_Term_Jan_Apr,32,2,0,75.8,6.3,LOW
GRD-04023,STU-04023,2025,Third_Term_May_Jul,0,0,1,87.0,3.9,LOW
GRD-04024,STU-04024,2024,First_Term_Sep_Dec,18,0,0,34.9,,MEDIUM
GRD-04025,STU-04025,2024,Second_Term_Jan_Apr,42,1,0,82.9,3.7,LOW
GRD-04026,STU-04026,2023,Third_Term_May_Jul,150,3,0,8.7,,HIGH
GRD-04027,STU-04027,2023,Second_Term_Jan_Apr,90,5,0,2.9,,HIGH
GRD-04028,STU-04028,2025,First_Term_Sep_Dec,93,6,0,7.0,,HIGH
GRD-04029,STU-04029,2025,Second_Term_Jan_Apr,14,0,0,32.7,,LOW
GRD-04030,STU-04030,2023,Second_Term_Jan_Apr,5,1,0,17.0,52.7,LOW
GRD-04031,STU-04031,2025,Third_Term_May_Jul,30,1,0,99.8,3.8,LOW
GRD-04032,STU-04032,2025,Second_Term_Jan_Apr,47,2,0,17.2,62.1,MEDIUM
GRD-04033,STU-04033,2024,Second_Term_Jan_Apr,90,1,0,15.5,105.7,MEDIUM
GRD-04034,STU-04034,2025,Third_Term_May_Jul,18,1,0,35.5,68.2,LOW
GRD-04035,STU-04035,2025,Third_Term_May_Jul,60,1,0,13.5,74.9,MEDIUM
GRD-04036,STU-04036,2025,Second_Term_Jan_Apr,41,0,0,79.5,7.1,LOW
GRD-04037,STU-04037,2025,Second_Term_Jan_Apr,142,4,0,3.7,,HIGH
GRD-04038,STU-04038,2024,Second_Term_Jan_Apr,184,4,0,5.0,,HIGH
GRD-04039,STU-04039,2023,Second_Term_Jan_Apr,112,6,0,8.5,,HIGH
GRD-04040,STU-04040,2025,Second_Term_Jan_Apr,0,2,1,30.9,77.4,LOW
GRD-04041,STU-04041,2025,Third_Term_May_Jul,66,2,0,31.5,65.2,MEDIUM
GRD-04042,STU-04042,2025,First_Term_Sep_Dec,29,0,0,13.7,79.8,LOW
GRD-04043,STU-04043,2023,Third_Term_May_Jul,20,0,0,33.3,,MEDIUM
GRD-04044,STU-04044,2024,Second_Term_Jan_Apr,35,1,0,87.8,5.1,LOW
GRD-04045,STU-04045,2024,First_Term_Sep_Dec,90,6,0,5.4,,HIGH
GRD-04046,STU-04046,2025,Second_Term_Jan_Apr,36,1,0,76.2,5.3,LOW
GRD-04047,STU-04047,2025,Second_Term_Jan_Apr,73,3,0,30.9,87.5,MEDIUM
GRD-04048,STU-04048,2023,Second_Term_Jan_Apr,27,0,0,38.7,0.6,LOW
GRD-04049,STU-04049,2023,Third_Term_May_Jul,0,1,1,30.9,79.0,LOW
GRD-04050,STU-04050,2025,Third_Term_May_Jul,12,0,0,33.7,0.5,LOW
GRD-04051,STU-04051,2025,Second_Term_Jan_Apr,37,1,0,78.0,5.9,LOW
GRD-04052,STU-04052,2023,Third_Term_May_Jul,24,0,0,96.9,4.0,LOW
GRD-04053,STU-04053,2023,First_Term_Sep_Dec,13,0,0,33.5,0.2,LOW
GRD-04054,STU-04054,2025,First_Term_Sep_Dec,0,1,0,27.0,59.1,LOW
GRD-04055,STU-04055,2025,Third_Term_May_Jul,6,0,0,37.5,79.1,LOW
GRD-04056,STU-04056,2024,Third_Term_May_Jul,29,1,0,31.9,48.2,LOW
GRD-04057,STU-04057,2024,Second_Term_Jan_Apr,17,0,0,28.5,0.7,LOW
GRD-04058,STU-04058,2025,Second_Term_Jan_Apr,51,2,0,12.8,79.2,MEDIUM
GRD-04059,STU-04059,2025,Second_Term_Jan_Apr,35,0,0,34.3,50.6,LOW
GRD-04060,STU-04060,2025,First_Term_Sep_Dec,17,0,0,98.2,4.1,LOW
GRD-04061,STU-04061,2025,First_Term_Sep_Dec,19,0,0,85.8,2.8,LOW
GRD-04062,STU-04062,2023,Second_Term_Jan_Apr,14,0,0,29.7,0.6,LOW
GRD-04063,STU-04063,2024,Second_Term_Jan_Apr,16,0,0,29.3,,MEDIUM
GRD-04064,STU-04064,2024,Third_Term_May_Jul,9,0,0,36.4,,LOW
GRD-04065,STU-04065,2025,First_Term_Sep_Dec,0,0,1,78.9,3.8,LOW
GRD-04066,STU-04066,2024,First_Term_Sep_Dec,4,2,0,40.0,75.0,LOW
GRD-04067,STU-04067,2023,Second_Term_Jan_Apr,0,1,1,29.1,88.7,LOW
GRD-04068,STU-04068,2025,Third_Term_May_Jul,157,2,0,2.7,,HIGH
GRD-04069,STU-04069,2025,Second_Term_Jan_Apr,149,6,0,6.3,,HIGH
GRD-04070,STU-04070,2024,Second_Term_Jan_Apr,36,2,0,38.2,99.0,MEDIUM
GRD-04071,STU-04071,2023,Third_Term_May_Jul,29,1,0,25.5,57.5,LOW
GRD-04072,STU-04072,2023,First_Term_Sep_Dec,16,0,0,30.3,,MEDIUM
GRD-04073,STU-04073,2024,First_Term_Sep_Dec,12,0,0,91.1,3.3,LOW
GRD-04074,STU-04074,2023,Third_Term_May_Jul,15,0,0,31.9,,MEDIUM
GRD-04075,STU-04075,2023,Third_Term_May_Jul,100,5,0,0.6,,HIGH
GRD-04076,STU-04076,2025,Third_Term_May_Jul,33,0,0,85.7,2.5,LOW
GRD-04077,STU-04077,2024,Second_Term_Jan_Apr,20,0,0,33.2,0.6,LOW
GRD-04078,STU-04078,2023,Third_Term_May_Jul,28,1,0,93.6,5.2,LOW
GRD-04079,STU-04079,2023,First_Term_Sep_Dec,12,0,0,95.5,2.7,LOW
GRD-04080,STU-04080,2024,Second_Term_Jan_Apr,19,0,0,33.0,0.4,LOW
GRD-04081,STU-04081,2024,Second_Term_Jan_Apr,39,3,0,18.2,94.3,MEDIUM
GRD-04082,STU-04082,2023,First_Term_Sep_Dec,8,1,0,93.1,3.0,LOW
GRD-04083,STU-04083,2025,Third_Term_May_Jul,17,0,0,34.2,,MEDIUM
GRD-04084,STU-04084,2024,Second_Term_Jan_Apr,21,0,0,28.5,0.7,LOW
GRD-04085,STU-04085,2025,Third_Term_May_Jul,147,6,0,3.9,,HIGH
GRD-04086,STU-04086,2025,First_Term_Sep_Dec,59,2,0,14.1,63.8,MEDIUM
GRD-04087,STU-04087,2024,Second_Term_Jan_Apr,104,7,0,5.3,,HIGH
GRD-04088,STU-04088,2023,Third_Term_May_Jul,30,1,0,25.1,59.3,LOW
GRD-04089,STU-04089,2024,Second_Term_Jan_Apr,20,0,0,26.0,0.5,LOW
GRD-04090,STU-04090,2024,First_Term_Sep_Dec,0,1,1,23.7,60.1,LOW
GRD-04091,STU-04091,2025,First_Term_Sep_Dec,17,0,0,38.6,64.2,LOW
GRD-04092,STU-04092,2023,Second_Term_Jan_Apr,46,0,0,91.5,3.8,LOW
GRD-04093,STU-04093,2025,First_Term_Sep_Dec,37,1,0,25.6,70.7,MEDIUM
GRD-04094,STU-04094,2025,Third_Term_May_Jul,20,1,0,96.7,3.4,LOW
GRD-04095,STU-04095,2024,Second_Term_Jan_Apr,181,1,0,3.5,,HIGH
GRD-04096,STU-04096,2024,Second_Term_Jan_Apr,24,1,0,25.2,67.0,LOW
GRD-04097,STU-04097,2024,Third_Term_May_Jul,172,6,0,0.3,,HIGH
GRD-04098,STU-04098,2023,Second_Term_Jan_Apr,127,6,0,4.1,,HIGH
GRD-04099,STU-04099,2025,First_Term_Sep_Dec,21,1,0,86.7,2.1,LOW
GRD-04100,STU-04100,2024,First_Term_Sep_Dec,30,1,0,20.1,52.5,LOW
GRD-04101,STU-04101,2023,Second_Term_Jan_Apr,61,1,0,29.2,52.9,MEDIUM
GRD-04102,STU-04102,2025,Third_Term_May_Jul,17,0,0,30.0,0.4,LOW
GRD-04103,STU-04103,2023,First_Term_Sep_Dec,78,3,0,23.8,46.3,MEDIUM
GRD-04104,STU-04104,2023,Third_Term_May_Jul,0,1,1,93.5,4.3,LOW
GRD-04105,STU-04105,2024,First_Term_Sep_Dec,65,1,0,25.6,52.4,MEDIUM
GRD-04106,STU-04106,2025,Second_Term_Jan_Apr,160,4,0,1.9,,HIGH
GRD-04107,STU-04107,2025,Third_Term_May_Jul,30,0,0,86.6,3.4,LOW
GRD-04108,STU-04108,2024,First_Term_Sep_Dec,14,0,0,37.5,,LOW
GRD-04109,STU-04109,2023,Third_Term_May_Jul,169,4,0,2.6,,HIGH
GRD-04110,STU-04110,2023,Second_Term_Jan_Apr,28,1,0,81.8,2.5,LOW
GRD-04111,STU-04111,2025,First_Term_Sep_Dec,90,3,0,4.3,,HIGH
GRD-04112,STU-04112,2025,Second_Term_Jan_Apr,13,0,0,27.0,0.4,LOW
GRD-04113,STU-04113,2025,Third_Term_May_Jul,13,0,0,29.7,0.5,LOW
GRD-04114,STU-04114,2025,Third_Term_May_Jul,80,2,0,33.4,84.5,MEDIUM
GRD-04115,STU-04115,2024,Third_Term_May_Jul,13,0,0,32.4,,LOW
GRD-04116,STU-04116,2024,Third_Term_May_Jul,29,1,0,33.1,66.8,LOW
GRD-04117,STU-04117,2024,First_Term_Sep_Dec,90,6,0,2.2,,HIGH
GRD-04118,STU-04118,2024,First_Term_Sep_Dec,43,2,0,20.3,57.9,MEDIUM
GRD-04119,STU-04119,2024,Third_Term_May_Jul,29,0,0,97.5,3.8,LOW
GRD-04120,STU-04120,2025,Third_Term_May_Jul,15,0,0,40.0,,LOW
GRD-04121,STU-04121,2024,Second_Term_Jan_Apr,124,7,0,3.0,,HIGH
GRD-04122,STU-04122,2025,Second_Term_Jan_Apr,40,1,0,22.7,88.2,MEDIUM
GRD-04123,STU-04123,2024,Third_Term_May_Jul,19,2,0,33.9,50.3,LOW
GRD-04124,STU-04124,2024,Third_Term_May_Jul,124,7,0,3.3,,HIGH
GRD-04125,STU-04125,2023,First_Term_Sep_Dec,21,0,0,36.5,,MEDIUM
GRD-04126,STU-04126,2024,Second_Term_Jan_Apr,0,1,0,23.7,66.8,LOW
GRD-04127,STU-04127,2024,Third_Term_May_Jul,24,2,0,23.8,49.2,LOW
GRD-04128,STU-04128,2024,Second_Term_Jan_Apr,15,0,0,26.1,0.7,LOW
GRD-04129,STU-04129,2025,First_Term_Sep_Dec,0,0,1,99.2,4.0,LOW
GRD-04130,STU-04130,2024,Third_Term_May_Jul,0,2,1,26.4,53.1,LOW
GRD-04131,STU-04131,2023,Third_Term_May_Jul,27,0,0,30.7,,MEDIUM
GRD-04132,STU-04132,2025,Second_Term_Jan_Apr,34,1,0,87.8,7.0,LOW
GRD-04133,STU-04133,2024,First_Term_Sep_Dec,17,1,0,96.6,4.5,LOW
GRD-04134,STU-04134,2025,Third_Term_May_Jul,37,1,0,89.5,1.3,LOW
GRD-04135,STU-04135,2023,Third_Term_May_Jul,20,0,0,93.8,6.4,LOW
GRD-04136,STU-04136,2024,First_Term_Sep_Dec,10,1,0,90.7,2.1,LOW
GRD-04137,STU-04137,2024,Third_Term_May_Jul,14,0,0,37.6,0.4,LOW
GRD-04138,STU-04138,2024,Third_Term_May_Jul,4,1,0,33.9,66.3,LOW
GRD-04139,STU-04139,2023,Second_Term_Jan_Apr,103,4,0,5.2,,HIGH
GRD-04140,STU-04140,2025,Second_Term_Jan_Apr,91,1,0,23.0,70.0,MEDIUM
GRD-04141,STU-04141,2023,Third_Term_May_Jul,168,3,0,6.1,,HIGH
GRD-04142,STU-04142,2025,Second_Term_Jan_Apr,40,1,0,27.7,74.8,MEDIUM
GRD-04143,STU-04143,2024,First_Term_Sep_Dec,90,7,0,9.3,,HIGH
GRD-04144,STU-04144,2023,Second_Term_Jan_Apr,43,0,0,80.2,5.7,LOW
GRD-04145,STU-04145,2025,Second_Term_Jan_Apr,14,0,0,33.0,0.6,LOW
GRD-04146,STU-04146,2024,First_Term_Sep_Dec,92,4,0,11.1,,HIGH
GRD-04147,STU-04147,2025,Second_Term_Jan_Apr,41,1,0,83.2,6.7,LOW
GRD-04148,STU-04148,2025,First_Term_Sep_Dec,88,2,0,33.4,93.1,MEDIUM
GRD-04149,STU-04149,2023,Second_Term_Jan_Apr,19,0,0,28.8,0.4,LOW
GRD-04150,STU-04150,2025,Third_Term_May_Jul,17,0,0,22.5,,MEDIUM
GRD-04151,STU-04151,2023,Third_Term_May_Jul,22,2,0,87.9,2.9,LOW
GRD-04152,STU-04152,2025,First_Term_Sep_Dec,20,0,0,23.9,,MEDIUM
GRD-04153,STU-04153,2025,Third_Term_May_Jul,23,0,0,96.6,4.5,LOW
GRD-04154,STU-04154,2023,Second_Term_Jan_Apr,41,1,0,25.4,67.1,MEDIUM
GRD-04155,STU-04155,2024,Third_Term_May_Jul,19,0,0,35.7,,MEDIUM
GRD-04156,STU-04156,2024,First_Term_Sep_Dec,18,0,0,20.4,,MEDIUM
GRD-04157,STU-04157,2023,First_Term_Sep_Dec,20,0,0,85.7,4.8,LOW
GRD-04158,STU-04158,2024,First_Term_Sep_Dec,90,4,0,4.2,,HIGH
GRD-04159,STU-04159,2023,Second_Term_Jan_Apr,83,2,0,35.7,73.2,MEDIUM
GRD-04160,STU-04160,2023,Second_Term_Jan_Apr,21,0,0,31.5,,MEDIUM
GRD-04161,STU-04161,2023,Third_Term_May_Jul,29,0,0,100.0,3.3,LOW
GRD-04162,STU-04162,2023,First_Term_Sep_Dec,16,1,0,92.8,2.9,LOW
GRD-04163,STU-04163,2024,Third_Term_May_Jul,53,1,0,24.5,53.4,MEDIUM
GRD-04164,STU-04164,2025,Second_Term_Jan_Apr,14,1,0,25.4,42.3,LOW
GRD-04165,STU-04165,2025,Third_Term_May_Jul,23,0,0,92.6,3.5,LOW
GRD-04166,STU-04166,2023,First_Term_Sep_Dec,18,1,0,100.0,2.1,LOW
GRD-04167,STU-04167,2025,Third_Term_May_Jul,37,0,0,100.0,3.2,LOW
GRD-04168,STU-04168,2025,First_Term_Sep_Dec,17,1,0,97.0,3.8,LOW
GRD-04169,STU-04169,2023,Second_Term_Jan_Apr,22,1,0,39.2,,MEDIUM
GRD-04170,STU-04170,2023,Third_Term_May_Jul,118,6,0,0.8,,HIGH
GRD-04171,STU-04171,2024,Third_Term_May_Jul,143,4,0,3.3,,HIGH
GRD-04172,STU-04172,2024,Second_Term_Jan_Apr,47,0,0,24.3,52.4,LOW
GRD-04173,STU-04173,2024,Third_Term_May_Jul,21,0,0,33.1,0.4,LOW
GRD-04174,STU-04174,2023,Second_Term_Jan_Apr,18,0,0,34.3,,MEDIUM
GRD-04175,STU-04175,2025,Second_Term_Jan_Apr,18,0,0,35.4,,MEDIUM
GRD-04176,STU-04176,2023,Second_Term_Jan_Apr,118,5,0,0.0,,HIGH
GRD-04177,STU-04177,2023,First_Term_Sep_Dec,16,0,0,85.1,3.2,LOW
GRD-04178,STU-04178,2023,Third_Term_May_Jul,26,1,0,100.0,4.8,LOW
GRD-04179,STU-04179,2025,Third_Term_May_Jul,11,0,0,20.3,0.5,LOW
GRD-04180,STU-04180,2025,Second_Term_Jan_Apr,23,0,0,25.6,,MEDIUM
GRD-04181,STU-04181,2023,Third_Term_May_Jul,24,0,0,92.8,4.2,LOW
GRD-04182,STU-04182,2023,Second_Term_Jan_Apr,55,0,0,33.3,60.8,LOW
GRD-04183,STU-04183,2023,First_Term_Sep_Dec,16,0,0,21.1,0.7,LOW
GRD-04184,STU-04184,2024,Third_Term_May_Jul,28,1,0,87.2,0.9,LOW
GRD-04185,STU-04185,2024,Third_Term_May_Jul,0,2,0,30.3,87.8,LOW
GRD-04186,STU-04186,2024,First_Term_Sep_Dec,9,1,0,86.5,3.7,LOW
GRD-04187,STU-04187,2025,Third_Term_May_Jul,24,0,0,100.0,2.9,LOW
GRD-04188,STU-04188,2023,Second_Term_Jan_Apr,23,2,0,35.5,52.6,LOW
GRD-04189,STU-04189,2023,First_Term_Sep_Dec,25,0,0,82.0,2.4,LOW
GRD-04190,STU-04190,2025,Third_Term_May_Jul,16,0,0,36.5,0.4,LOW
GRD-04191,STU-04191,2024,Third_Term_May_Jul,35,0,0,90.7,4.3,LOW
GRD-04192,STU-04192,2024,Third_Term_May_Jul,28,0,0,98.7,4.2,LOW
GRD-04193,STU-04193,2025,Third_Term_May_Jul,150,5,0,2.4,,HIGH
GRD-04194,STU-04194,2025,First_Term_Sep_Dec,2,2,0,40.0,63.4,LOW
GRD-04195,STU-04195,2025,First_Term_Sep_Dec,0,0,1,83.2,3.3,LOW
GRD-04196,STU-04196,2024,First_Term_Sep_Dec,9,0,0,34.8,0.3,LOW
GRD-04197,STU-04197,2025,Third_Term_May_Jul,23,0,0,95.9,2.5,LOW
GRD-04198,STU-04198,2024,Second_Term_Jan_Apr,16,0,0,28.3,0.7,LOW
GRD-04199,STU-04199,2025,First_Term_Sep_Dec,14,1,0,93.1,3.4,LOW
GRD-04200,STU-04200,2023,First_Term_Sep_Dec,0,1,1,97.8,4.3,LOW
GRD-04201,STU-04201,2024,Third_Term_May_Jul,0,2,1,22.6,63.1,LOW
GRD-04202,STU-04202,2023,First_Term_Sep_Dec,20,0,0,32.9,,MEDIUM
GRD-04203,STU-04203,2025,Third_Term_May_Jul,14,0,0,31.3,0.5,LOW
GRD-04204,STU-04204,2025,First_Term_Sep_Dec,21,0,0,36.8,0.1,LOW
GRD-04205,STU-04205,2023,Second_Term_Jan_Apr,35,0,0,77.2,4.4,LOW
GRD-04206,STU-04206,2024,Second_Term_Jan_Apr,72,2,0,24.6,59.7,MEDIUM
GRD-04207,STU-04207,2024,Second_Term_Jan_Apr,37,1,0,85.6,4.1,LOW
GRD-04208,STU-04208,2024,Second_Term_Jan_Apr,33,1,0,90.1,8.2,LOW
GRD-04209,STU-04209,2023,Second_Term_Jan_Apr,31,0,0,78.9,6.5,LOW
GRD-04210,STU-04210,2024,Second_Term_Jan_Apr,109,6,0,6.2,,HIGH
GRD-04211,STU-04211,2025,First_Term_Sep_Dec,18,0,0,23.0,,MEDIUM
GRD-04212,STU-04212,2023,First_Term_Sep_Dec,0,2,1,31.4,46.1,LOW
GRD-04213,STU-04213,2025,Third_Term_May_Jul,23,0,0,90.9,5.6,LOW
GRD-04214,STU-04214,2025,First_Term_Sep_Dec,15,0,0,29.6,0.3,LOW
GRD-04215,STU-04215,2025,Third_Term_May_Jul,25,0,0,85.1,2.3,LOW
GRD-04216,STU-04216,2025,Third_Term_May_Jul,9,2,0,30.4,55.1,LOW
GRD-04217,STU-04217,2023,Third_Term_May_Jul,204,4,0,4.0,,HIGH
GRD-04218,STU-04218,2024,Second_Term_Jan_Apr,153,4,0,5.5,,HIGH
GRD-04219,STU-04219,2023,First_Term_Sep_Dec,16,0,0,92.2,2.5,LOW
GRD-04220,STU-04220,2025,Second_Term_Jan_Apr,0,1,0,22.5,69.8,LOW
GRD-04221,STU-04221,2024,Second_Term_Jan_Apr,150,3,0,0.3,,HIGH
GRD-04222,STU-04222,2024,Third_Term_May_Jul,26,0,0,96.1,2.4,LOW
GRD-04223,STU-04223,2025,First_Term_Sep_Dec,0,1,1,26.9,49.9,LOW
GRD-04224,STU-04224,2023,Second_Term_Jan_Apr,99,2,0,3.6,,HIGH
GRD-04225,STU-04225,2025,First_Term_Sep_Dec,35,0,0,40.4,40.0,LOW
GRD-04226,STU-04226,2025,Second_Term_Jan_Apr,39,1,0,78.1,5.9,LOW
GRD-04227,STU-04227,2023,Third_Term_May_Jul,24,0,0,95.2,4.4,LOW
GRD-04228,STU-04228,2023,Second_Term_Jan_Apr,35,1,0,72.6,7.2,LOW
GRD-04229,STU-04229,2023,Second_Term_Jan_Apr,14,1,0,20.3,87.4,LOW
GRD-04230,STU-04230,2023,First_Term_Sep_Dec,101,6,0,1.8,,HIGH
GRD-04231,STU-04231,2023,Second_Term_Jan_Apr,21,0,0,40.0,,LOW
GRD-04232,STU-04232,2025,Third_Term_May_Jul,0,3,1,24.5,61.6,LOW
GRD-04233,STU-04233,2025,Second_Term_Jan_Apr,19,0,0,35.2,0.5,LOW
GRD-04234,STU-04234,2024,First_Term_Sep_Dec,15,0,0,88.0,2.9,LOW
GRD-04235,STU-04235,2023,Third_Term_May_Jul,15,0,0,32.6,,MEDIUM
GRD-04236,STU-04236,2023,First_Term_Sep_Dec,12,0,0,85.0,4.1,LOW
GRD-04237,STU-04237,2023,Second_Term_Jan_Apr,90,3,0,4.8,,HIGH
GRD-04238,STU-04238,2024,First_Term_Sep_Dec,19,0,0,34.4,,MEDIUM
GRD-04239,STU-04239,2023,Second_Term_Jan_Apr,31,0,0,77.7,4.2,LOW
GRD-04240,STU-04240,2023,Second_Term_Jan_Apr,30,0,0,77.4,4.5,LOW
GRD-04241,STU-04241,2024,Third_Term_May_Jul,149,3,0,6.3,,HIGH
GRD-04242,STU-04242,2025,Third_Term_May_Jul,14,0,0,27.8,0.3,LOW
GRD-04243,STU-04243,2023,Second_Term_Jan_Apr,13,1,0,37.4,56.1,LOW
GRD-04244,STU-04244,2024,Third_Term_May_Jul,72,1,0,17.6,49.8,MEDIUM
GRD-04245,STU-04245,2025,First_Term_Sep_Dec,19,1,0,83.4,2.8,LOW
GRD-04246,STU-04246,2023,Second_Term_Jan_Apr,19,0,0,33.1,0.4,LOW
GRD-04247,STU-04247,2025,Second_Term_Jan_Apr,0,1,1,78.8,7.3,LOW
GRD-04248,STU-04248,2024,Third_Term_May_Jul,24,0,0,96.2,4.9,LOW
GRD-04249,STU-04249,2025,Third_Term_May_Jul,135,5,0,5.7,,HIGH
GRD-04250,STU-04250,2023,Third_Term_May_Jul,18,0,0,28.8,0.3,LOW
GRD-04251,STU-04251,2025,First_Term_Sep_Dec,90,2,0,10.1,,MEDIUM
GRD-04252,STU-04252,2025,Third_Term_May_Jul,120,5,0,5.4,,HIGH
GRD-04253,STU-04253,2025,Third_Term_May_Jul,11,0,0,29.2,,LOW
GRD-04254,STU-04254,2024,Second_Term_Jan_Apr,10,0,0,29.2,0.7,LOW
GRD-04255,STU-04255,2024,Second_Term_Jan_Apr,41,1,0,74.2,2.4,LOW
GRD-04256,STU-04256,2025,Third_Term_May_Jul,33,1,0,27.4,66.7,MEDIUM
GRD-04257,STU-04257,2025,Second_Term_Jan_Apr,123,5,0,10.8,,HIGH
GRD-04258,STU-04258,2025,Third_Term_May_Jul,20,0,0,34.2,0.5,LOW
GRD-04259,STU-04259,2025,Second_Term_Jan_Apr,111,5,0,0.7,,HIGH
GRD-04260,STU-04260,2025,Third_Term_May_Jul,78,0,0,30.3,59.4,MEDIUM
GRD-04261,STU-04261,2023,Third_Term_May_Jul,16,0,0,35.1,,MEDIUM
GRD-04262,STU-04262,2025,Third_Term_May_Jul,0,2,1,19.6,62.9,LOW
GRD-04263,STU-04263,2024,First_Term_Sep_Dec,0,1,1,23.1,71.6,LOW
GRD-04264,STU-04264,2025,Third_Term_May_Jul,15,0,0,37.3,,MEDIUM
GRD-04265,STU-04265,2024,Third_Term_May_Jul,45,2,0,33.8,68.2,MEDIUM
GRD-04266,STU-04266,2025,First_Term_Sep_Dec,18,1,0,100.0,4.7,LOW
GRD-04267,STU-04267,2024,Second_Term_Jan_Apr,15,0,0,23.8,,MEDIUM
GRD-04268,STU-04268,2025,Third_Term_May_Jul,66,2,0,27.1,49.3,MEDIUM
GRD-04269,STU-04269,2023,Second_Term_Jan_Apr,30,2,0,24.7,90.4,LOW
GRD-04270,STU-04270,2024,First_Term_Sep_Dec,0,0,1,16.7,42.2,LOW
GRD-04271,STU-04271,2025,Third_Term_May_Jul,36,0,0,92.1,5.0,LOW
GRD-04272,STU-04272,2023,Third_Term_May_Jul,24,0,0,95.0,3.7,LOW
GRD-04273,STU-04273,2023,First_Term_Sep_Dec,21,1,0,19.4,50.0,LOW
GRD-04274,STU-04274,2024,Second_Term_Jan_Apr,20,0,0,32.2,,MEDIUM
GRD-04275,STU-04275,2025,Third_Term_May_Jul,167,4,0,0.0,,HIGH
GRD-04276,STU-04276,2024,Second_Term_Jan_Apr,15,0,0,27.1,,MEDIUM
GRD-04277,STU-04277,2024,Second_Term_Jan_Apr,52,0,0,79.5,4.2,LOW
GRD-04278,STU-04278,2023,Third_Term_May_Jul,0,1,1,32.3,34.5,LOW
GRD-04279,STU-04279,2023,Second_Term_Jan_Apr,69,1,0,24.3,63.6,MEDIUM
GRD-04280,STU-04280,2024,Third_Term_May_Jul,0,1,1,28.0,63.9,LOW
GRD-04281,STU-04281,2023,First_Term_Sep_Dec,16,0,0,32.7,,MEDIUM
GRD-04282,STU-04282,2024,Third_Term_May_Jul,0,2,0,30.1,83.0,LOW
GRD-04283,STU-04283,2024,Third_Term_May_Jul,173,4,0,2.1,,HIGH
GRD-04284,STU-04284,2025,Third_Term_May_Jul,99,3,0,3.5,,HIGH
GRD-04285,STU-04285,2023,Second_Term_Jan_Apr,38,0,0,80.6,4.7,LOW
GRD-04286,STU-04286,2023,Second_Term_Jan_Apr,110,3,0,10.8,,HIGH
GRD-04287,STU-04287,2024,First_Term_Sep_Dec,0,2,1,22.2,74.1,LOW
GRD-04288,STU-04288,2023,First_Term_Sep_Dec,90,2,0,2.9,,HIGH
GRD-04289,STU-04289,2023,Second_Term_Jan_Apr,39,0,0,77.4,2.5,LOW
GRD-04290,STU-04290,2023,Third_Term_May_Jul,179,4,0,4.9,,HIGH
GRD-04291,STU-04291,2025,Second_Term_Jan_Apr,26,2,0,32.3,55.2,LOW
GRD-04292,STU-04292,2025,Third_Term_May_Jul,32,1,0,95.4,6.4,LOW
GRD-04293,STU-04293,2025,Second_Term_Jan_Apr,38,0,0,80.4,5.7,LOW
GRD-04294,STU-04294,2024,Third_Term_May_Jul,17,0,0,40.0,,LOW
GRD-04295,STU-04295,2024,Second_Term_Jan_Apr,31,1,0,83.6,2.1,LOW
GRD-04296,STU-04296,2023,Third_Term_May_Jul,18,0,0,26.4,0.5,LOW
GRD-04297,STU-04297,2023,First_Term_Sep_Dec,16,0,0,83.4,5.0,LOW
GRD-04298,STU-04298,2024,First_Term_Sep_Dec,0,1,1,29.0,52.2,LOW
GRD-04299,STU-04299,2023,Third_Term_May_Jul,25,0,0,88.0,3.8,LOW
GRD-04300,STU-04300,2024,First_Term_Sep_Dec,20,0,0,91.6,4.4,LOW
GRD-04301,STU-04301,2024,Second_Term_Jan_Apr,0,3,1,23.8,80.5,LOW
GRD-04302,STU-04302,2023,Third_Term_May_Jul,22,0,0,93.9,2.6,LOW
GRD-04303,STU-04303,2025,Third_Term_May_Jul,152,3,0,1.3,,HIGH
GRD-04304,STU-04304,2025,First_Term_Sep_Dec,6,3,0,29.4,88.9,MEDIUM
GRD-04305,STU-04305,2024,Second_Term_Jan_Apr,2,2,0,18.7,45.9,LOW
GRD-04306,STU-04306,2023,First_Term_Sep_Dec,19,1,0,100.0,1.7,LOW
GRD-04307,STU-04307,2025,Second_Term_Jan_Apr,29,2,0,25.7,67.1,LOW
GRD-04308,STU-04308,2024,First_Term_Sep_Dec,90,6,0,10.8,,HIGH
GRD-04309,STU-04309,2025,First_Term_Sep_Dec,14,0,0,39.0,0.3,LOW
GRD-04310,STU-04310,2024,Third_Term_May_Jul,50,1,0,34.3,49.2,MEDIUM
GRD-04311,STU-04311,2025,Second_Term_Jan_Apr,147,4,0,1.5,,HIGH
GRD-04312,STU-04312,2023,First_Term_Sep_Dec,20,0,0,25.6,0.4,LOW
GRD-04313,STU-04313,2025,Second_Term_Jan_Apr,90,4,0,2.0,,HIGH
GRD-04314,STU-04314,2023,First_Term_Sep_Dec,29,1,0,32.4,55.3,LOW
GRD-04315,STU-04315,2025,First_Term_Sep_Dec,93,4,0,0.0,,HIGH
GRD-04316,STU-04316,2025,Third_Term_May_Jul,15,0,0,31.6,,MEDIUM
GRD-04317,STU-04317,2025,Third_Term_May_Jul,23,0,0,94.7,2.5,LOW
GRD-04318,STU-04318,2023,First_Term_Sep_Dec,26,1,0,39.4,54.8,LOW
GRD-04319,STU-04319,2024,First_Term_Sep_Dec,57,2,0,25.2,65.2,MEDIUM
GRD-04320,STU-04320,2024,Second_Term_Jan_Apr,26,1,0,32.8,51.9,LOW
GRD-04321,STU-04321,2023,Second_Term_Jan_Apr,28,1,0,25.3,67.3,LOW
GRD-04322,STU-04322,2023,Third_Term_May_Jul,20,1,0,95.1,0.9,LOW
GRD-04323,STU-04323,2023,Third_Term_May_Jul,26,1,0,31.5,73.5,LOW
GRD-04324,STU-04324,2023,First_Term_Sep_Dec,90,5,0,7.9,,HIGH
GRD-04325,STU-04325,2025,Third_Term_May_Jul,140,5,0,6.4,,HIGH
GRD-04326,STU-04326,2024,Second_Term_Jan_Apr,42,3,0,31.4,60.6,MEDIUM
GRD-04327,STU-04327,2024,Second_Term_Jan_Apr,17,0,0,22.8,0.3,LOW
GRD-04328,STU-04328,2023,First_Term_Sep_Dec,21,1,0,86.8,3.9,LOW
GRD-04329,STU-04329,2023,Third_Term_May_Jul,14,0,0,34.3,0.5,LOW
GRD-04330,STU-04330,2025,First_Term_Sep_Dec,90,2,0,6.3,,HIGH
GRD-04331,STU-04331,2025,Second_Term_Jan_Apr,9,2,0,35.6,60.0,LOW
GRD-04332,STU-04332,2023,Third_Term_May_Jul,19,0,0,30.1,0.8,LOW
GRD-04333,STU-04333,2025,First_Term_Sep_Dec,16,0,0,32.2,0.4,LOW
GRD-04334,STU-04334,2023,Third_Term_May_Jul,0,0,1,94.5,1.9,LOW
GRD-04335,STU-04335,2023,Second_Term_Jan_Apr,79,1,0,31.7,78.2,MEDIUM
GRD-04336,STU-04336,2025,Second_Term_Jan_Apr,14,1,0,25.3,84.0,LOW
GRD-04337,STU-04337,2024,First_Term_Sep_Dec,55,3,0,15.6,56.2,MEDIUM
GRD-04338,STU-04338,2024,First_Term_Sep_Dec,24,0,0,28.5,0.6,LOW
GRD-04339,STU-04339,2025,Third_Term_May_Jul,60,3,0,22.9,80.4,MEDIUM
GRD-04340,STU-04340,2024,First_Term_Sep_Dec,90,4,0,6.5,,HIGH
GRD-04341,STU-04341,2023,Second_Term_Jan_Apr,32,1,0,25.0,93.9,MEDIUM
GRD-04342,STU-04342,2024,Second_Term_Jan_Apr,39,0,0,76.6,5.9,LOW
GRD-04343,STU-04343,2024,Second_Term_Jan_Apr,158,2,0,8.5,,HIGH
GRD-04344,STU-04344,2024,Third_Term_May_Jul,17,1,0,92.3,2.6,LOW
GRD-04345,STU-04345,2023,First_Term_Sep_Dec,90,3,0,9.2,,HIGH
GRD-04346,STU-04346,2024,Second_Term_Jan_Apr,44,0,0,82.4,4.7,LOW
GRD-04347,STU-04347,2025,Second_Term_Jan_Apr,32,1,0,79.0,5.5,LOW
GRD-04348,STU-04348,2023,First_Term_Sep_Dec,19,1,0,99.7,2.5,LOW
GRD-04349,STU-04349,2024,Third_Term_May_Jul,19,0,0,29.4,,MEDIUM
GRD-04350,STU-04350,2023,First_Term_Sep_Dec,90,5,0,5.2,,HIGH
GRD-04351,STU-04351,2023,Second_Term_Jan_Apr,21,0,0,29.1,,MEDIUM
GRD-04352,STU-04352,2023,Third_Term_May_Jul,21,1,0,85.9,2.7,LOW
GRD-04353,STU-04353,2025,Third_Term_May_Jul,26,1,0,97.5,3.4,LOW
GRD-04354,STU-04354,2023,Third_Term_May_Jul,124,4,0,6.7,,HIGH
GRD-04355,STU-04355,2023,First_Term_Sep_Dec,8,2,0,20.9,52.2,LOW
GRD-04356,STU-04356,2024,First_Term_Sep_Dec,90,5,0,7.5,,HIGH
GRD-04357,STU-04357,2023,Second_Term_Jan_Apr,31,1,0,79.6,5.1,LOW
GRD-04358,STU-04358,2024,Third_Term_May_Jul,26,1,0,100.0,2.7,LOW
GRD-04359,STU-04359,2024,Third_Term_May_Jul,144,5,0,0.0,,HIGH
GRD-04360,STU-04360,2024,Third_Term_May_Jul,17,0,0,25.6,0.5,LOW
GRD-04361,STU-04361,2025,Third_Term_May_Jul,24,0,0,96.5,2.9,LOW
GRD-04362,STU-04362,2024,Second_Term_Jan_Apr,38,0,0,81.0,3.6,LOW
GRD-04363,STU-04363,2024,Second_Term_Jan_Apr,0,2,1,22.8,76.1,LOW
GRD-04364,STU-04364,2023,First_Term_Sep_Dec,75,1,0,28.2,33.0,MEDIUM
GRD-04365,STU-04365,2025,Second_Term_Jan_Apr,0,1,0,38.2,68.4,LOW
GRD-04366,STU-04366,2023,Second_Term_Jan_Apr,120,1,0,28.3,85.2,MEDIUM
GRD-04367,STU-04367,2024,Third_Term_May_Jul,0,2,1,28.6,62.3,LOW
GRD-04368,STU-04368,2025,Third_Term_May_Jul,0,2,1,19.9,72.0,LOW
GRD-04369,STU-04369,2025,First_Term_Sep_Dec,32,2,0,40.5,46.8,LOW
GRD-04370,STU-04370,2025,Third_Term_May_Jul,25,0,0,94.1,4.0,LOW
GRD-04371,STU-04371,2024,Second_Term_Jan_Apr,52,0,0,69.5,7.4,LOW
GRD-04372,STU-04372,2024,Third_Term_May_Jul,18,1,0,99.8,5.6,LOW
GRD-04373,STU-04373,2023,Third_Term_May_Jul,25,0,0,94.6,4.5,LOW
GRD-04374,STU-04374,2025,Third_Term_May_Jul,16,0,0,33.3,0.3,LOW
GRD-04375,STU-04375,2025,Third_Term_May_Jul,123,4,0,6.5,,HIGH
GRD-04376,STU-04376,2023,Third_Term_May_Jul,54,1,0,17.7,57.4,MEDIUM
GRD-04377,STU-04377,2025,First_Term_Sep_Dec,90,2,0,6.0,,HIGH
GRD-04378,STU-04378,2024,Third_Term_May_Jul,170,3,0,4.7,,HIGH
GRD-04379,STU-04379,2024,Third_Term_May_Jul,35,1,0,33.3,66.9,MEDIUM
GRD-04380,STU-04380,2025,Third_Term_May_Jul,35,0,0,98.7,4.2,LOW
GRD-04381,STU-04381,2024,First_Term_Sep_Dec,19,0,0,34.2,,MEDIUM
GRD-04382,STU-04382,2023,Second_Term_Jan_Apr,95,4,0,6.8,,HIGH
GRD-04383,STU-04383,2025,Third_Term_May_Jul,47,1,0,32.0,47.7,MEDIUM
GRD-04384,STU-04384,2025,Second_Term_Jan_Apr,45,1,0,81.3,5.1,LOW
GRD-04385,STU-04385,2023,Second_Term_Jan_Apr,42,0,0,71.9,4.7,LOW
GRD-04386,STU-04386,2025,Third_Term_May_Jul,14,0,0,36.9,,LOW
GRD-04387,STU-04387,2025,Second_Term_Jan_Apr,0,1,0,18.1,67.6,LOW
GRD-04388,STU-04388,2025,First_Term_Sep_Dec,0,1,1,84.4,2.4,LOW
GRD-04389,STU-04389,2025,Second_Term_Jan_Apr,14,0,0,28.9,0.4,LOW
GRD-04390,STU-04390,2025,First_Term_Sep_Dec,13,0,0,85.0,3.2,LOW
GRD-04391,STU-04391,2025,First_Term_Sep_Dec,12,0,0,90.5,2.3,LOW
GRD-04392,STU-04392,2023,Third_Term_May_Jul,157,7,0,5.8,,HIGH
GRD-04393,STU-04393,2025,Second_Term_Jan_Apr,0,0,1,29.8,,LOW
GRD-04394,STU-04394,2025,Third_Term_May_Jul,27,2,0,26.0,56.0,LOW
GRD-04395,STU-04395,2024,Third_Term_May_Jul,24,2,0,25.7,79.8,LOW
GRD-04396,STU-04396,2025,Second_Term_Jan_Apr,110,3,0,4.9,,HIGH
GRD-04397,STU-04397,2023,Second_Term_Jan_Apr,20,0,0,28.7,,MEDIUM
GRD-04398,STU-04398,2024,Second_Term_Jan_Apr,12,0,0,28.1,,LOW
GRD-04399,STU-04399,2024,Third_Term_May_Jul,15,0,0,37.7,0.7,LOW
GRD-04400,STU-04400,2023,First_Term_Sep_Dec,90,5,0,7.6,,HIGH
GRD-04401,STU-04401,2024,Third_Term_May_Jul,131,2,0,3.0,,HIGH
GRD-04402,STU-04402,2024,Third_Term_May_Jul,25,0,0,88.6,1.9,LOW
GRD-04403,STU-04403,2025,First_Term_Sep_Dec,23,0,0,26.0,0.2,LOW
GRD-04404,STU-04404,2025,First_Term_Sep_Dec,19,0,0,32.8,0.4,LOW
GRD-04405,STU-04405,2023,First_Term_Sep_Dec,0,1,1,90.3,3.8,LOW
GRD-04406,STU-04406,2024,Third_Term_May_Jul,131,4,0,7.5,,HIGH
GRD-04407,STU-04407,2025,Second_Term_Jan_Apr,37,0,0,91.0,4.9,LOW
GRD-04408,STU-04408,2025,Second_Term_Jan_Apr,17,0,0,28.0,0.6,LOW
GRD-04409,STU-04409,2023,Third_Term_May_Jul,37,1,0,29.9,57.3,MEDIUM
GRD-04410,STU-04410,2025,Third_Term_May_Jul,13,0,0,33.3,0.3,LOW
GRD-04411,STU-04411,2023,Third_Term_May_Jul,110,7,0,2.3,,HIGH
GRD-04412,STU-04412,2025,Second_Term_Jan_Apr,44,1,0,82.0,4.7,LOW
GRD-04413,STU-04413,2025,First_Term_Sep_Dec,93,0,0,8.9,,HIGH
GRD-04414,STU-04414,2024,Third_Term_May_Jul,29,1,0,96.3,8.3,LOW
GRD-04415,STU-04415,2024,Third_Term_May_Jul,17,0,0,27.6,0.6,LOW
GRD-04416,STU-04416,2025,Second_Term_Jan_Apr,22,0,0,20.8,0.7,LOW
GRD-04417,STU-04417,2025,Third_Term_May_Jul,31,0,0,96.7,3.3,LOW
GRD-04418,STU-04418,2023,Second_Term_Jan_Apr,45,0,0,77.8,6.1,LOW
GRD-04419,STU-04419,2024,Second_Term_Jan_Apr,21,1,0,20.4,63.4,LOW
GRD-04420,STU-04420,2024,Second_Term_Jan_Apr,128,4,0,4.0,,HIGH
GRD-04421,STU-04421,2025,First_Term_Sep_Dec,19,0,0,24.8,,MEDIUM
GRD-04422,STU-04422,2023,Second_Term_Jan_Apr,90,2,0,5.8,,HIGH
GRD-04423,STU-04423,2024,Third_Term_May_Jul,17,0,0,36.9,0.8,LOW
GRD-04424,STU-04424,2025,Second_Term_Jan_Apr,17,0,0,20.0,,MEDIUM
GRD-04425,STU-04425,2025,Third_Term_May_Jul,200,3,0,6.8,,HIGH
GRD-04426,STU-04426,2025,Third_Term_May_Jul,25,0,0,84.8,4.8,LOW
GRD-04427,STU-04427,2023,Third_Term_May_Jul,24,1,0,93.9,2.9,LOW
GRD-04428,STU-04428,2024,Third_Term_May_Jul,35,1,0,96.1,7.2,LOW
GRD-04429,STU-04429,2024,First_Term_Sep_Dec,17,0,0,29.6,,MEDIUM
GRD-04430,STU-04430,2025,First_Term_Sep_Dec,90,6,0,5.1,,HIGH
GRD-04431,STU-04431,2023,Second_Term_Jan_Apr,101,6,0,4.8,,HIGH
GRD-04432,STU-04432,2024,Second_Term_Jan_Apr,45,1,0,84.3,5.8,LOW
GRD-04433,STU-04433,2023,First_Term_Sep_Dec,97,4,0,1.8,,HIGH
GRD-04434,STU-04434,2023,First_Term_Sep_Dec,16,1,0,89.9,1.7,LOW
GRD-04435,STU-04435,2024,Second_Term_Jan_Apr,31,2,0,19.2,57.7,MEDIUM
GRD-04436,STU-04436,2023,First_Term_Sep_Dec,90,4,0,1.1,,HIGH
GRD-04437,STU-04437,2023,Second_Term_Jan_Apr,25,2,0,25.7,84.6,LOW
GRD-04438,STU-04438,2023,First_Term_Sep_Dec,91,0,0,5.2,,HIGH
GRD-04439,STU-04439,2025,First_Term_Sep_Dec,14,0,0,25.1,54.9,LOW
GRD-04440,STU-04440,2023,Second_Term_Jan_Apr,24,1,0,23.9,58.5,LOW
GRD-04441,STU-04441,2025,Second_Term_Jan_Apr,15,2,0,25.2,95.1,LOW
GRD-04442,STU-04442,2023,First_Term_Sep_Dec,30,3,0,28.2,64.4,MEDIUM
GRD-04443,STU-04443,2024,Third_Term_May_Jul,131,5,0,4.4,,HIGH
GRD-04444,STU-04444,2023,Second_Term_Jan_Apr,47,1,0,28.0,95.7,MEDIUM
GRD-04445,STU-04445,2024,Second_Term_Jan_Apr,1,1,0,23.3,88.9,LOW
GRD-04446,STU-04446,2024,Second_Term_Jan_Apr,91,3,0,4.9,,HIGH
GRD-04447,STU-04447,2025,Second_Term_Jan_Apr,44,0,0,86.8,3.4,LOW
GRD-04448,STU-04448,2023,Third_Term_May_Jul,117,3,0,0.0,,HIGH
GRD-04449,STU-04449,2023,First_Term_Sep_Dec,90,5,0,9.3,,HIGH
GRD-04450,STU-04450,2023,Third_Term_May_Jul,34,1,0,89.3,3.8,LOW
GRD-04451,STU-04451,2025,First_Term_Sep_Dec,0,2,1,25.9,55.8,LOW
GRD-04452,STU-04452,2023,Third_Term_May_Jul,26,0,0,92.0,3.7,LOW
GRD-04453,STU-04453,2024,Second_Term_Jan_Apr,22,2,0,14.7,85.1,LOW
GRD-04454,STU-04454,2024,First_Term_Sep_Dec,23,0,0,29.0,0.2,LOW
GRD-04455,STU-04455,2024,Second_Term_Jan_Apr,35,2,0,25.9,108.5,MEDIUM
GRD-04456,STU-04456,2024,First_Term_Sep_Dec,9,1,0,22.7,73.2,LOW
GRD-04457,STU-04457,2024,First_Term_Sep_Dec,90,0,0,3.9,,HIGH
GRD-04458,STU-04458,2023,Third_Term_May_Jul,0,2,1,35.6,54.1,LOW
GRD-04459,STU-04459,2023,First_Term_Sep_Dec,17,1,0,100.0,1.8,LOW
GRD-04460,STU-04460,2023,Third_Term_May_Jul,14,0,0,30.2,0.3,LOW
GRD-04461,STU-04461,2025,Second_Term_Jan_Apr,0,1,1,19.1,63.5,LOW
GRD-04462,STU-04462,2023,First_Term_Sep_Dec,19,0,0,95.3,2.2,LOW
GRD-04463,STU-04463,2024,Third_Term_May_Jul,117,2,0,2.0,,HIGH
GRD-04464,STU-04464,2025,Third_Term_May_Jul,89,2,0,33.8,84.4,MEDIUM
GRD-04465,STU-04465,2023,Second_Term_Jan_Apr,27,1,0,79.0,4.1,LOW
GRD-04466,STU-04466,2025,Second_Term_Jan_Apr,43,1,0,80.9,5.8,LOW
GRD-04467,STU-04467,2025,First_Term_Sep_Dec,0,0,1,24.6,61.9,LOW
GRD-04468,STU-04468,2024,Third_Term_May_Jul,143,4,0,7.0,,HIGH
GRD-04469,STU-04469,2023,First_Term_Sep_Dec,108,3,0,0.0,,HIGH
GRD-04470,STU-04470,2024,Second_Term_Jan_Apr,13,0,0,28.6,0.7,LOW
GRD-04471,STU-04471,2023,Third_Term_May_Jul,18,0,0,33.7,0.5,LOW
GRD-04472,STU-04472,2024,Third_Term_May_Jul,15,0,0,28.5,,MEDIUM
GRD-04473,STU-04473,2023,First_Term_Sep_Dec,0,1,0,25.5,69.7,LOW
GRD-04474,STU-04474,2023,Third_Term_May_Jul,33,1,0,89.3,4.8,LOW
GRD-04475,STU-04475,2025,Second_Term_Jan_Apr,0,1,1,90.4,3.5,LOW
GRD-04476,STU-04476,2024,Third_Term_May_Jul,22,1,0,100.0,3.6,LOW
GRD-04477,STU-04477,2024,Second_Term_Jan_Apr,91,5,0,6.0,,HIGH
GRD-04478,STU-04478,2025,Second_Term_Jan_Apr,34,1,0,84.7,3.8,LOW
GRD-04479,STU-04479,2025,Second_Term_Jan_Apr,31,0,0,81.7,3.9,LOW
GRD-04480,STU-04480,2023,Second_Term_Jan_Apr,128,5,0,4.6,,HIGH
GRD-04481,STU-04481,2025,Second_Term_Jan_Apr,43,1,0,73.1,6.4,LOW
GRD-04482,STU-04482,2023,Third_Term_May_Jul,24,0,0,94.4,5.3,LOW
GRD-04483,STU-04483,2025,Second_Term_Jan_Apr,0,0,1,24.0,0.7,LOW
GRD-04484,STU-04484,2023,First_Term_Sep_Dec,1,0,0,37.6,68.1,LOW
GRD-04485,STU-04485,2025,Second_Term_Jan_Apr,14,0,0,39.3,,LOW
GRD-04486,STU-04486,2024,Second_Term_Jan_Apr,135,4,0,6.7,,HIGH
GRD-04487,STU-04487,2024,Second_Term_Jan_Apr,35,0,0,84.6,4.7,LOW
GRD-04488,STU-04488,2023,Second_Term_Jan_Apr,14,0,0,36.1,0.4,LOW
GRD-04489,STU-04489,2025,First_Term_Sep_Dec,24,2,0,36.4,52.9,LOW
GRD-04490,STU-04490,2025,First_Term_Sep_Dec,15,0,0,97.2,3.7,LOW
GRD-04491,STU-04491,2024,First_Term_Sep_Dec,0,1,1,94.9,3.2,LOW
GRD-04492,STU-04492,2023,Third_Term_May_Jul,29,1,0,97.9,4.9,LOW
GRD-04493,STU-04493,2023,First_Term_Sep_Dec,125,6,0,6.7,,HIGH
GRD-04494,STU-04494,2023,Third_Term_May_Jul,0,1,1,25.4,75.2,LOW
GRD-04495,STU-04495,2023,Third_Term_May_Jul,14,0,0,27.2,0.8,LOW
GRD-04496,STU-04496,2025,Third_Term_May_Jul,32,2,0,17.8,61.8,MEDIUM
GRD-04497,STU-04497,2025,First_Term_Sep_Dec,90,2,0,6.9,,HIGH
GRD-04498,STU-04498,2023,Second_Term_Jan_Apr,17,1,0,29.9,74.2,LOW
GRD-04499,STU-04499,2023,Second_Term_Jan_Apr,28,0,0,80.0,8.6,LOW
GRD-04500,STU-04500,2025,Second_Term_Jan_Apr,20,0,0,28.6,,MEDIUM
GRD-04501,STU-04501,2023,Third_Term_May_Jul,0,1,1,24.3,74.8,LOW
GRD-04502,STU-04502,2023,Third_Term_May_Jul,36,1,0,26.0,34.7,MEDIUM
GRD-04503,STU-04503,2025,Third_Term_May_Jul,28,0,0,100.0,2.6,LOW
GRD-04504,STU-04504,2025,First_Term_Sep_Dec,3,2,0,19.6,69.9,LOW
GRD-04505,STU-04505,2024,Second_Term_Jan_Apr,18,0,0,28.4,,MEDIUM
GRD-04506,STU-04506,2023,First_Term_Sep_Dec,90,2,0,3.5,,HIGH
GRD-04507,STU-04507,2023,Second_Term_Jan_Apr,38,1,0,74.4,4.1,LOW
GRD-04508,STU-04508,2025,First_Term_Sep_Dec,20,0,0,85.2,1.2,LOW
GRD-04509,STU-04509,2024,First_Term_Sep_Dec,12,0,0,91.6,3.6,LOW
GRD-04510,STU-04510,2025,Third_Term_May_Jul,146,4,0,0.9,,HIGH
GRD-04511,STU-04511,2023,Second_Term_Jan_Apr,32,0,0,77.9,1.2,LOW
GRD-04512,STU-04512,2024,First_Term_Sep_Dec,19,0,0,23.1,0.3,LOW
GRD-04513,STU-04513,2023,Third_Term_May_Jul,20,0,0,29.8,,MEDIUM
GRD-04514,STU-04514,2025,Third_Term_May_Jul,19,1,0,91.1,5.6,LOW
GRD-04515,STU-04515,2025,Third_Term_May_Jul,18,2,0,17.5,51.6,LOW
GRD-04516,STU-04516,2023,Second_Term_Jan_Apr,39,1,0,84.3,4.3,LOW
GRD-04517,STU-04517,2025,First_Term_Sep_Dec,107,3,0,13.2,,HIGH
GRD-04518,STU-04518,2023,Third_Term_May_Jul,21,1,0,25.6,67.8,LOW
GRD-04519,STU-04519,2024,First_Term_Sep_Dec,19,0,0,30.8,,MEDIUM
GRD-04520,STU-04520,2023,First_Term_Sep_Dec,19,0,0,31.1,,MEDIUM
GRD-04521,STU-04521,2025,Second_Term_Jan_Apr,42,0,0,77.7,6.9,LOW
GRD-04522,STU-04522,2023,Third_Term_May_Jul,19,1,0,92.5,5.6,LOW
GRD-04523,STU-04523,2023,First_Term_Sep_Dec,20,1,0,91.6,0.9,LOW
GRD-04524,STU-04524,2025,First_Term_Sep_Dec,20,1,0,100.0,4.5,LOW
GRD-04525,STU-04525,2023,Second_Term_Jan_Apr,36,0,0,79.3,4.6,LOW
GRD-04526,STU-04526,2025,Second_Term_Jan_Apr,19,0,0,27.2,0.8,LOW
GRD-04527,STU-04527,2024,Second_Term_Jan_Apr,67,3,0,20.0,63.6,MEDIUM
GRD-04528,STU-04528,2024,First_Term_Sep_Dec,12,0,0,20.0,,LOW
GRD-04529,STU-04529,2024,Second_Term_Jan_Apr,25,1,0,23.0,77.9,LOW
GRD-04530,STU-04530,2025,First_Term_Sep_Dec,30,2,0,28.2,54.5,LOW
GRD-04531,STU-04531,2025,Third_Term_May_Jul,45,1,0,96.4,0.9,LOW
GRD-04532,STU-04532,2024,Third_Term_May_Jul,149,7,0,2.5,,HIGH
GRD-04533,STU-04533,2024,First_Term_Sep_Dec,9,3,0,20.2,46.2,MEDIUM
GRD-04534,STU-04534,2023,Second_Term_Jan_Apr,12,0,0,27.9,,LOW
GRD-04535,STU-04535,2025,Second_Term_Jan_Apr,55,2,0,20.3,65.9,MEDIUM
GRD-04536,STU-04536,2025,Third_Term_May_Jul,24,0,0,100.0,3.7,LOW
GRD-04537,STU-04537,2024,First_Term_Sep_Dec,16,0,0,31.4,,MEDIUM
GRD-04538,STU-04538,2025,First_Term_Sep_Dec,19,1,0,23.8,39.7,LOW
GRD-04539,STU-04539,2024,Third_Term_May_Jul,20,0,0,100.0,3.2,LOW
GRD-04540,STU-04540,2024,First_Term_Sep_Dec,19,0,0,26.8,0.5,LOW
GRD-04541,STU-04541,2024,First_Term_Sep_Dec,15,0,0,29.8,,MEDIUM
GRD-04542,STU-04542,2024,First_Term_Sep_Dec,68,2,0,24.2,43.3,MEDIUM
GRD-04543,STU-04543,2025,Third_Term_May_Jul,0,1,1,18.3,50.1,LOW
GRD-04544,STU-04544,2025,Third_Term_May_Jul,116,7,0,6.2,,HIGH
GRD-04545,STU-04545,2024,First_Term_Sep_Dec,0,1,1,21.6,63.5,LOW
GRD-04546,STU-04546,2023,Third_Term_May_Jul,13,0,0,28.4,,LOW
GRD-04547,STU-04547,2025,Third_Term_May_Jul,0,1,1,24.7,44.4,LOW
GRD-04548,STU-04548,2023,Second_Term_Jan_Apr,0,2,0,25.0,65.2,LOW
GRD-04549,STU-04549,2025,Third_Term_May_Jul,19,0,0,29.8,0.7,LOW
GRD-04550,STU-04550,2023,Third_Term_May_Jul,50,2,0,35.5,94.1,MEDIUM
GRD-04551,STU-04551,2024,Second_Term_Jan_Apr,40,1,0,31.5,62.8,MEDIUM
GRD-04552,STU-04552,2023,First_Term_Sep_Dec,11,0,0,93.5,4.9,LOW
GRD-04553,STU-04553,2024,Third_Term_May_Jul,0,2,1,35.9,77.6,LOW
GRD-04554,STU-04554,2025,First_Term_Sep_Dec,70,1,0,38.5,75.7,MEDIUM
GRD-04555,STU-04555,2025,Third_Term_May_Jul,19,0,0,100.0,3.4,LOW
GRD-04556,STU-04556,2024,First_Term_Sep_Dec,18,0,0,30.1,,MEDIUM
GRD-04557,STU-04557,2024,First_Term_Sep_Dec,90,3,0,5.6,,HIGH
GRD-04558,STU-04558,2023,First_Term_Sep_Dec,22,0,0,36.1,0.5,LOW
GRD-04559,STU-04559,2024,First_Term_Sep_Dec,26,2,0,31.4,69.2,LOW
GRD-04560,STU-04560,2024,Second_Term_Jan_Apr,18,0,0,37.1,,MEDIUM
GRD-04561,STU-04561,2024,First_Term_Sep_Dec,19,0,0,24.1,,MEDIUM
GRD-04562,STU-04562,2024,Third_Term_May_Jul,21,0,0,25.4,0.1,LOW
GRD-04563,STU-04563,2025,First_Term_Sep_Dec,0,2,1,22.2,39.1,LOW
GRD-04564,STU-04564,2023,First_Term_Sep_Dec,48,1,0,34.7,83.3,MEDIUM
GRD-04565,STU-04565,2024,Third_Term_May_Jul,38,2,0,31.1,44.0,MEDIUM
GRD-04566,STU-04566,2025,Second_Term_Jan_Apr,106,2,0,26.6,77.8,MEDIUM
GRD-04567,STU-04567,2023,Third_Term_May_Jul,30,0,0,81.6,3.4,LOW
GRD-04568,STU-04568,2024,First_Term_Sep_Dec,16,1,0,85.0,4.1,LOW
GRD-04569,STU-04569,2023,Second_Term_Jan_Apr,0,0,1,35.5,0.6,LOW
GRD-04570,STU-04570,2025,Third_Term_May_Jul,0,1,0,24.0,56.0,LOW
GRD-04571,STU-04571,2025,First_Term_Sep_Dec,0,1,1,20.4,51.5,LOW
GRD-04572,STU-04572,2025,Second_Term_Jan_Apr,115,5,0,3.3,,HIGH
GRD-04573,STU-04573,2025,First_Term_Sep_Dec,81,1,0,26.4,68.0,MEDIUM
GRD-04574,STU-04574,2023,Second_Term_Jan_Apr,0,1,1,23.7,86.6,LOW
GRD-04575,STU-04575,2024,Second_Term_Jan_Apr,18,3,0,22.4,84.6,MEDIUM
GRD-04576,STU-04576,2024,Third_Term_May_Jul,24,0,0,100.0,3.1,LOW
GRD-04577,STU-04577,2023,First_Term_Sep_Dec,99,4,0,3.9,,HIGH
GRD-04578,STU-04578,2025,First_Term_Sep_Dec,14,0,0,25.8,0.5,LOW
GRD-04579,STU-04579,2024,First_Term_Sep_Dec,55,1,0,20.6,75.4,MEDIUM
GRD-04580,STU-04580,2023,Second_Term_Jan_Apr,138,7,0,6.2,,HIGH
GRD-04581,STU-04581,2024,Third_Term_May_Jul,27,0,0,31.8,58.6,LOW
GRD-04582,STU-04582,2023,Second_Term_Jan_Apr,19,0,0,28.8,,MEDIUM
GRD-04583,STU-04583,2025,Third_Term_May_Jul,49,1,0,23.1,53.1,MEDIUM
GRD-04584,STU-04584,2025,Second_Term_Jan_Apr,21,0,0,35.2,0.9,LOW
GRD-04585,STU-04585,2023,Second_Term_Jan_Apr,22,1,0,20.0,89.0,LOW
GRD-04586,STU-04586,2023,First_Term_Sep_Dec,0,1,1,88.3,3.8,LOW
GRD-04587,STU-04587,2024,Third_Term_May_Jul,20,0,0,100.0,2.7,LOW
GRD-04588,STU-04588,2025,First_Term_Sep_Dec,23,0,0,36.3,0.7,LOW
GRD-04589,STU-04589,2025,Third_Term_May_Jul,28,1,0,100.0,2.6,LOW
GRD-04590,STU-04590,2023,Second_Term_Jan_Apr,99,7,0,0.0,,HIGH
GRD-04591,STU-04591,2024,Second_Term_Jan_Apr,61,1,0,18.1,57.3,MEDIUM
GRD-04592,STU-04592,2024,Second_Term_Jan_Apr,32,0,0,87.0,9.9,LOW
GRD-04593,STU-04593,2024,First_Term_Sep_Dec,90,5,0,8.4,,HIGH
GRD-04594,STU-04594,2023,Third_Term_May_Jul,115,5,0,1.7,,HIGH
GRD-04595,STU-04595,2024,Second_Term_Jan_Apr,149,4,0,4.2,,HIGH
GRD-04596,STU-04596,2025,Second_Term_Jan_Apr,48,1,0,77.3,3.4,LOW
GRD-04597,STU-04597,2024,Third_Term_May_Jul,12,1,0,28.6,69.0,LOW
GRD-04598,STU-04598,2025,Third_Term_May_Jul,34,1,0,40.5,57.0,LOW
GRD-04599,STU-04599,2025,Third_Term_May_Jul,24,0,0,86.7,5.2,LOW
GRD-04600,STU-04600,2023,Second_Term_Jan_Apr,152,6,0,2.4,,HIGH
GRD-04601,STU-04601,2025,Third_Term_May_Jul,21,2,0,27.2,65.9,LOW
GRD-04602,STU-04602,2025,First_Term_Sep_Dec,97,6,0,0.0,,HIGH
GRD-04603,STU-04603,2025,First_Term_Sep_Dec,90,6,0,3.7,,HIGH
GRD-04604,STU-04604,2025,First_Term_Sep_Dec,19,0,0,90.4,6.1,LOW
GRD-04605,STU-04605,2023,Second_Term_Jan_Apr,50,0,0,83.2,6.7,LOW
GRD-04606,STU-04606,2024,Second_Term_Jan_Apr,39,0,0,72.6,3.7,LOW
GRD-04607,STU-04607,2024,Second_Term_Jan_Apr,153,6,0,1.9,,HIGH
GRD-04608,STU-04608,2024,Second_Term_Jan_Apr,107,3,0,4.7,,HIGH
GRD-04609,STU-04609,2023,Third_Term_May_Jul,16,1,0,17.1,64.0,LOW
GRD-04610,STU-04610,2025,Second_Term_Jan_Apr,0,1,0,28.1,80.1,LOW
GRD-04611,STU-04611,2025,Third_Term_May_Jul,15,0,0,34.2,0.4,LOW
GRD-04612,STU-04612,2024,Second_Term_Jan_Apr,80,1,0,24.2,84.1,MEDIUM
GRD-04613,STU-04613,2025,First_Term_Sep_Dec,58,2,0,32.1,69.0,MEDIUM
GRD-04614,STU-04614,2023,Third_Term_May_Jul,143,6,0,8.5,,HIGH
GRD-04615,STU-04615,2025,Second_Term_Jan_Apr,17,0,0,31.6,0.6,LOW
GRD-04616,STU-04616,2023,First_Term_Sep_Dec,3,2,0,25.7,74.8,LOW
GRD-04617,STU-04617,2024,Third_Term_May_Jul,17,0,0,28.7,,MEDIUM
GRD-04618,STU-04618,2024,Third_Term_May_Jul,26,0,0,89.7,2.3,LOW
GRD-04619,STU-04619,2025,Third_Term_May_Jul,22,0,0,39.6,,MEDIUM
GRD-04620,STU-04620,2025,Third_Term_May_Jul,28,1,0,96.6,3.7,LOW
GRD-04621,STU-04621,2025,First_Term_Sep_Dec,4,2,0,21.2,75.5,LOW
GRD-04622,STU-04622,2024,Third_Term_May_Jul,17,0,0,36.3,0.9,LOW
GRD-04623,STU-04623,2024,Second_Term_Jan_Apr,16,0,0,20.3,,MEDIUM
GRD-04624,STU-04624,2025,Third_Term_May_Jul,15,1,0,81.9,2.2,LOW
GRD-04625,STU-04625,2023,Second_Term_Jan_Apr,34,1,0,79.1,4.4,LOW
GRD-04626,STU-04626,2024,Second_Term_Jan_Apr,144,3,0,6.4,,HIGH
GRD-04627,STU-04627,2024,Third_Term_May_Jul,117,5,0,4.0,,HIGH
GRD-04628,STU-04628,2025,Third_Term_May_Jul,50,1,0,26.9,63.3,MEDIUM
GRD-04629,STU-04629,2023,Second_Term_Jan_Apr,48,2,0,78.1,5.4,LOW
GRD-04630,STU-04630,2024,Third_Term_May_Jul,24,0,0,91.1,5.6,LOW
GRD-04631,STU-04631,2025,Second_Term_Jan_Apr,20,0,0,26.4,0.3,LOW
GRD-04632,STU-04632,2024,Third_Term_May_Jul,139,4,0,4.8,,HIGH
GRD-04633,STU-04633,2023,Second_Term_Jan_Apr,35,0,0,89.5,2.1,LOW
GRD-04634,STU-04634,2025,Third_Term_May_Jul,11,0,0,20.0,,LOW
GRD-04635,STU-04635,2023,Third_Term_May_Jul,15,0,0,28.5,,MEDIUM
GRD-04636,STU-04636,2023,Second_Term_Jan_Apr,113,1,0,3.1,,HIGH
GRD-04637,STU-04637,2025,Third_Term_May_Jul,14,0,0,28.4,0.6,LOW
GRD-04638,STU-04638,2024,Second_Term_Jan_Apr,28,1,0,22.5,77.3,LOW
GRD-04639,STU-04639,2024,Second_Term_Jan_Apr,119,0,0,6.9,,HIGH
GRD-04640,STU-04640,2024,First_Term_Sep_Dec,2,1,0,18.8,38.8,LOW
GRD-04641,STU-04641,2023,Third_Term_May_Jul,28,0,0,98.0,2.8,LOW
GRD-04642,STU-04642,2025,Second_Term_Jan_Apr,90,4,0,6.8,,HIGH
GRD-04643,STU-04643,2024,First_Term_Sep_Dec,18,0,0,33.7,0.5,LOW
GRD-04644,STU-04644,2025,Third_Term_May_Jul,0,1,1,92.7,4.8,LOW
GRD-04645,STU-04645,2025,First_Term_Sep_Dec,15,0,0,36.1,0.5,LOW
GRD-04646,STU-04646,2025,Second_Term_Jan_Apr,42,0,0,81.7,7.9,LOW
GRD-04647,STU-04647,2023,First_Term_Sep_Dec,12,0,0,29.3,,LOW
GRD-04648,STU-04648,2025,Second_Term_Jan_Apr,161,6,0,2.0,,HIGH
GRD-04649,STU-04649,2025,Second_Term_Jan_Apr,90,5,0,2.9,,HIGH
GRD-04650,STU-04650,2024,Second_Term_Jan_Apr,26,0,0,32.2,0.8,LOW
GRD-04651,STU-04651,2023,Third_Term_May_Jul,32,0,0,100.0,5.6,LOW
GRD-04652,STU-04652,2024,Third_Term_May_Jul,35,2,0,24.1,63.6,MEDIUM
GRD-04653,STU-04653,2025,Third_Term_May_Jul,0,2,1,29.9,34.5,LOW
GRD-04654,STU-04654,2024,First_Term_Sep_Dec,19,0,0,30.0,0.3,LOW
GRD-04655,STU-04655,2025,First_Term_Sep_Dec,20,1,0,97.2,3.0,LOW
GRD-04656,STU-04656,2023,Third_Term_May_Jul,17,0,0,36.1,0.5,LOW
GRD-04657,STU-04657,2025,First_Term_Sep_Dec,21,0,0,89.7,4.2,LOW
GRD-04658,STU-04658,2024,First_Term_Sep_Dec,20,0,0,36.8,0.5,LOW
GRD-04659,STU-04659,2023,First_Term_Sep_Dec,16,0,0,91.8,4.0,LOW
GRD-04660,STU-04660,2025,Second_Term_Jan_Apr,135,5,0,3.0,,HIGH
GRD-04661,STU-04661,2023,First_Term_Sep_Dec,40,2,0,29.3,59.4,MEDIUM
GRD-04662,STU-04662,2023,Second_Term_Jan_Apr,44,1,0,77.3,9.1,LOW
GRD-04663,STU-04663,2025,Second_Term_Jan_Apr,0,2,1,22.9,64.1,LOW
GRD-04664,STU-04664,2023,First_Term_Sep_Dec,12,0,0,25.4,0.5,LOW
GRD-04665,STU-04665,2023,Second_Term_Jan_Apr,107,6,0,6.5,,HIGH
GRD-04666,STU-04666,2025,Third_Term_May_Jul,17,0,0,30.4,,MEDIUM
GRD-04667,STU-04667,2025,Third_Term_May_Jul,19,2,0,19.9,73.9,LOW
GRD-04668,STU-04668,2023,Third_Term_May_Jul,178,5,0,2.4,,HIGH
GRD-04669,STU-04669,2023,First_Term_Sep_Dec,32,1,0,30.5,57.3,MEDIUM
GRD-04670,STU-04670,2024,Second_Term_Jan_Apr,35,1,0,81.0,3.6,LOW
GRD-04671,STU-04671,2024,First_Term_Sep_Dec,49,1,0,39.3,43.1,MEDIUM
GRD-04672,STU-04672,2023,Third_Term_May_Jul,20,0,0,100.0,4.5,LOW
GRD-04673,STU-04673,2023,First_Term_Sep_Dec,20,1,0,100.0,4.8,LOW
GRD-04674,STU-04674,2025,Second_Term_Jan_Apr,119,4,0,6.1,,HIGH
GRD-04675,STU-04675,2023,Third_Term_May_Jul,19,0,0,21.3,,MEDIUM
GRD-04676,STU-04676,2023,Second_Term_Jan_Apr,36,1,0,81.0,3.1,LOW
GRD-04677,STU-04677,2024,First_Term_Sep_Dec,7,1,0,30.8,61.1,LOW
GRD-04678,STU-04678,2025,Third_Term_May_Jul,27,0,0,90.1,3.2,LOW
GRD-04679,STU-04679,2025,First_Term_Sep_Dec,19,0,0,86.5,2.7,LOW
GRD-04680,STU-04680,2023,Third_Term_May_Jul,32,0,0,99.0,4.0,LOW
GRD-04681,STU-04681,2024,First_Term_Sep_Dec,99,5,0,3.0,,HIGH
GRD-04682,STU-04682,2023,First_Term_Sep_Dec,0,1,1,25.1,71.1,LOW
GRD-04683,STU-04683,2023,Third_Term_May_Jul,110,6,0,3.9,,HIGH
GRD-04684,STU-04684,2023,Third_Term_May_Jul,26,1,0,100.0,6.0,LOW
GRD-04685,STU-04685,2024,Third_Term_May_Jul,27,1,0,91.1,5.3,LOW
GRD-04686,STU-04686,2025,Second_Term_Jan_Apr,17,0,0,20.0,0.3,LOW
GRD-04687,STU-04687,2024,Third_Term_May_Jul,34,0,0,28.6,39.3,LOW
GRD-04688,STU-04688,2023,First_Term_Sep_Dec,14,1,0,37.5,104.6,LOW
GRD-04689,STU-04689,2024,First_Term_Sep_Dec,80,1,0,24.0,48.4,MEDIUM
GRD-04690,STU-04690,2025,First_Term_Sep_Dec,23,0,0,27.2,0.8,LOW
GRD-04691,STU-04691,2025,Third_Term_May_Jul,0,0,1,100.0,3.9,LOW
GRD-04692,STU-04692,2025,First_Term_Sep_Dec,90,3,0,7.4,,HIGH
GRD-04693,STU-04693,2024,Second_Term_Jan_Apr,162,5,0,2.8,,HIGH
GRD-04694,STU-04694,2023,First_Term_Sep_Dec,58,2,0,22.2,76.8,MEDIUM
GRD-04695,STU-04695,2025,Second_Term_Jan_Apr,0,2,0,16.0,70.7,LOW
GRD-04696,STU-04696,2024,First_Term_Sep_Dec,12,1,0,100.0,2.3,LOW
GRD-04697,STU-04697,2023,First_Term_Sep_Dec,88,2,0,24.3,64.7,MEDIUM
GRD-04698,STU-04698,2025,Second_Term_Jan_Apr,98,4,0,1.5,,HIGH
GRD-04699,STU-04699,2023,Third_Term_May_Jul,30,2,0,35.7,65.8,LOW
GRD-04700,STU-04700,2023,Third_Term_May_Jul,25,1,0,84.7,6.9,LOW
GRD-04701,STU-04701,2023,Second_Term_Jan_Apr,43,0,0,75.1,2.3,LOW
GRD-04702,STU-04702,2023,First_Term_Sep_Dec,109,5,0,5.8,,HIGH
GRD-04703,STU-04703,2024,First_Term_Sep_Dec,0,1,1,26.9,75.8,LOW
GRD-04704,STU-04704,2024,Third_Term_May_Jul,20,1,0,22.2,35.5,LOW
GRD-04705,STU-04705,2024,Second_Term_Jan_Apr,51,0,0,77.5,5.9,LOW
GRD-04706,STU-04706,2023,Third_Term_May_Jul,23,1,0,100.0,3.9,LOW
GRD-04707,STU-04707,2025,Second_Term_Jan_Apr,49,0,0,89.4,2.6,LOW
GRD-04708,STU-04708,2025,First_Term_Sep_Dec,13,0,0,79.7,4.6,LOW
GRD-04709,STU-04709,2024,First_Term_Sep_Dec,21,1,0,36.6,66.6,LOW
GRD-04710,STU-04710,2025,First_Term_Sep_Dec,15,0,0,35.9,,MEDIUM
GRD-04711,STU-04711,2023,Second_Term_Jan_Apr,90,5,0,0.0,,HIGH
GRD-04712,STU-04712,2023,First_Term_Sep_Dec,90,3,0,8.3,,HIGH
GRD-04713,STU-04713,2025,Third_Term_May_Jul,161,4,0,3.9,,HIGH
GRD-04714,STU-04714,2023,Second_Term_Jan_Apr,109,5,0,8.6,,HIGH
GRD-04715,STU-04715,2025,Second_Term_Jan_Apr,107,2,0,22.1,72.2,MEDIUM
GRD-04716,STU-04716,2024,Third_Term_May_Jul,6,1,0,30.1,72.1,LOW
GRD-04717,STU-04717,2025,Third_Term_May_Jul,33,0,0,100.0,5.8,LOW
GRD-04718,STU-04718,2025,Second_Term_Jan_Apr,57,0,0,25.4,72.6,LOW
GRD-04719,STU-04719,2024,First_Term_Sep_Dec,100,7,0,4.7,,HIGH
GRD-04720,STU-04720,2023,First_Term_Sep_Dec,1,1,0,22.6,67.6,LOW
GRD-04721,STU-04721,2023,First_Term_Sep_Dec,22,1,0,90.9,1.1,LOW
GRD-04722,STU-04722,2023,First_Term_Sep_Dec,90,2,0,7.5,,HIGH
GRD-04723,STU-04723,2023,Second_Term_Jan_Apr,11,1,0,12.8,46.0,LOW
GRD-04724,STU-04724,2025,First_Term_Sep_Dec,24,0,0,91.6,5.7,LOW
GRD-04725,STU-04725,2023,First_Term_Sep_Dec,17,0,0,100.0,3.5,LOW
GRD-04726,STU-04726,2025,First_Term_Sep_Dec,18,0,0,38.2,,MEDIUM
GRD-04727,STU-04727,2025,First_Term_Sep_Dec,101,0,0,4.4,,HIGH
GRD-04728,STU-04728,2024,Second_Term_Jan_Apr,23,0,0,22.9,0.5,LOW
GRD-04729,STU-04729,2023,Second_Term_Jan_Apr,40,0,0,76.8,7.2,LOW
GRD-04730,STU-04730,2023,First_Term_Sep_Dec,56,1,0,32.1,74.9,MEDIUM
GRD-04731,STU-04731,2023,Third_Term_May_Jul,17,0,0,36.4,0.5,LOW
GRD-04732,STU-04732,2025,Second_Term_Jan_Apr,94,1,0,9.6,,HIGH
GRD-04733,STU-04733,2024,First_Term_Sep_Dec,32,3,0,25.8,63.8,MEDIUM
GRD-04734,STU-04734,2023,Third_Term_May_Jul,43,2,0,30.1,58.5,MEDIUM
GRD-04735,STU-04735,2025,Second_Term_Jan_Apr,41,0,0,82.4,4.3,LOW
GRD-04736,STU-04736,2025,First_Term_Sep_Dec,13,1,0,90.1,3.2,LOW
GRD-04737,STU-04737,2024,Second_Term_Jan_Apr,35,0,0,91.8,3.8,LOW
GRD-04738,STU-04738,2025,Third_Term_May_Jul,26,0,0,95.4,5.8,LOW
GRD-04739,STU-04739,2024,Third_Term_May_Jul,38,2,0,96.5,3.3,LOW
GRD-04740,STU-04740,2023,First_Term_Sep_Dec,16,1,0,85.5,6.1,LOW
GRD-04741,STU-04741,2023,First_Term_Sep_Dec,90,4,0,7.2,,HIGH
GRD-04742,STU-04742,2025,Third_Term_May_Jul,0,2,0,33.4,61.7,LOW
GRD-04743,STU-04743,2024,Second_Term_Jan_Apr,18,0,0,30.4,,MEDIUM
GRD-04744,STU-04744,2025,Third_Term_May_Jul,0,1,0,32.1,34.5,LOW
GRD-04745,STU-04745,2023,First_Term_Sep_Dec,90,4,0,5.7,,HIGH
GRD-04746,STU-04746,2025,Third_Term_May_Jul,24,0,0,23.1,62.4,LOW
GRD-04747,STU-04747,2024,Second_Term_Jan_Apr,15,0,0,25.5,0.4,LOW
GRD-04748,STU-04748,2025,First_Term_Sep_Dec,19,1,0,86.6,1.8,LOW
GRD-04749,STU-04749,2023,First_Term_Sep_Dec,18,0,0,31.8,,MEDIUM
GRD-04750,STU-04750,2023,First_Term_Sep_Dec,0,0,1,23.6,,LOW
GRD-04751,STU-04751,2023,Second_Term_Jan_Apr,77,0,0,37.5,80.4,MEDIUM
GRD-04752,STU-04752,2025,First_Term_Sep_Dec,129,4,0,3.1,,HIGH
GRD-04753,STU-04753,2025,Third_Term_May_Jul,22,0,0,94.6,3.4,LOW
GRD-04754,STU-04754,2025,First_Term_Sep_Dec,22,0,0,90.5,2.3,LOW
GRD-04755,STU-04755,2025,First_Term_Sep_Dec,21,0,0,98.9,2.5,LOW
GRD-04756,STU-04756,2025,Third_Term_May_Jul,98,3,0,5.0,,HIGH
GRD-04757,STU-04757,2024,Second_Term_Jan_Apr,39,1,0,79.7,8.0,LOW
GRD-04758,STU-04758,2023,First_Term_Sep_Dec,67,2,0,36.3,42.3,MEDIUM
GRD-04759,STU-04759,2023,Third_Term_May_Jul,13,0,0,31.9,0.6,LOW
GRD-04760,STU-04760,2023,Second_Term_Jan_Apr,35,2,0,21.9,64.7,MEDIUM
GRD-04761,STU-04761,2024,Third_Term_May_Jul,32,1,0,18.8,78.9,MEDIUM
GRD-04762,STU-04762,2023,Second_Term_Jan_Apr,30,2,0,27.2,61.3,LOW
GRD-04763,STU-04763,2025,Second_Term_Jan_Apr,37,2,0,26.7,73.3,MEDIUM
GRD-04764,STU-04764,2024,Second_Term_Jan_Apr,2,0,0,28.9,66.9,LOW
GRD-04765,STU-04765,2023,First_Term_Sep_Dec,100,4,0,0.0,,HIGH
GRD-04766,STU-04766,2025,Second_Term_Jan_Apr,57,1,0,27.2,80.3,MEDIUM
GRD-04767,STU-04767,2024,First_Term_Sep_Dec,36,1,0,25.6,35.4,MEDIUM
GRD-04768,STU-04768,2025,Third_Term_May_Jul,121,4,0,6.1,,HIGH
GRD-04769,STU-04769,2024,Third_Term_May_Jul,30,0,0,95.6,4.6,LOW
GRD-04770,STU-04770,2025,Second_Term_Jan_Apr,39,1,0,80.5,4.8,LOW
GRD-04771,STU-04771,2024,Second_Term_Jan_Apr,93,7,0,5.7,,HIGH
GRD-04772,STU-04772,2024,Third_Term_May_Jul,21,1,0,88.5,4.3,LOW
GRD-04773,STU-04773,2025,First_Term_Sep_Dec,42,2,0,34.7,53.0,MEDIUM
GRD-04774,STU-04774,2023,Second_Term_Jan_Apr,48,0,0,73.6,7.0,LOW
GRD-04775,STU-04775,2025,Second_Term_Jan_Apr,97,3,0,5.9,,HIGH
GRD-04776,STU-04776,2023,First_Term_Sep_Dec,18,0,0,32.7,,MEDIUM
GRD-04777,STU-04777,2025,First_Term_Sep_Dec,92,1,0,5.8,,HIGH
GRD-04778,STU-04778,2025,Third_Term_May_Jul,9,0,0,27.0,,LOW
GRD-04779,STU-04779,2023,First_Term_Sep_Dec,93,5,0,6.6,,HIGH
GRD-04780,STU-04780,2024,Third_Term_May_Jul,110,2,0,3.6,,HIGH
GRD-04781,STU-04781,2023,First_Term_Sep_Dec,21,0,0,100.0,2.2,LOW
GRD-04782,STU-04782,2024,First_Term_Sep_Dec,18,0,0,86.8,4.1,LOW
GRD-04783,STU-04783,2025,Second_Term_Jan_Apr,123,3,0,4.4,,HIGH
GRD-04784,STU-04784,2025,First_Term_Sep_Dec,0,2,1,30.5,47.3,LOW
GRD-04785,STU-04785,2023,First_Term_Sep_Dec,13,0,0,24.8,,LOW
GRD-04786,STU-04786,2023,First_Term_Sep_Dec,75,3,0,31.1,93.7,MEDIUM
GRD-04787,STU-04787,2024,Second_Term_Jan_Apr,132,4,0,0.6,,HIGH
GRD-04788,STU-04788,2024,First_Term_Sep_Dec,99,4,0,0.0,,HIGH
GRD-04789,STU-04789,2023,First_Term_Sep_Dec,28,2,0,24.9,63.8,LOW
GRD-04790,STU-04790,2025,Third_Term_May_Jul,29,0,0,85.1,6.3,LOW
GRD-04791,STU-04791,2023,Second_Term_Jan_Apr,18,0,0,31.8,,MEDIUM
GRD-04792,STU-04792,2024,First_Term_Sep_Dec,90,2,0,3.5,,HIGH
GRD-04793,STU-04793,2024,First_Term_Sep_Dec,16,0,0,100.0,4.3,LOW
GRD-04794,STU-04794,2023,Second_Term_Jan_Apr,2,1,0,20.7,79.2,LOW
GRD-04795,STU-04795,2025,Second_Term_Jan_Apr,115,4,0,1.8,,HIGH
GRD-04796,STU-04796,2024,Second_Term_Jan_Apr,0,2,1,19.0,45.0,LOW
GRD-04797,STU-04797,2023,Third_Term_May_Jul,21,0,0,26.4,,MEDIUM
GRD-04798,STU-04798,2025,First_Term_Sep_Dec,22,2,0,28.9,81.3,LOW
GRD-04799,STU-04799,2023,First_Term_Sep_Dec,15,0,0,27.5,0.5,LOW
GRD-04800,STU-04800,2023,Second_Term_Jan_Apr,88,0,0,25.1,86.2,MEDIUM
GRD-04801,STU-04801,2023,First_Term_Sep_Dec,9,1,0,91.0,4.7,LOW
GRD-04802,STU-04802,2024,First_Term_Sep_Dec,25,0,0,27.0,,MEDIUM
GRD-04803,STU-04803,2024,Second_Term_Jan_Apr,15,2,0,27.4,72.4,LOW
GRD-04804,STU-04804,2024,Second_Term_Jan_Apr,28,0,0,69.0,1.9,LOW
GRD-04805,STU-04805,2024,Second_Term_Jan_Apr,66,1,0,34.6,78.0,MEDIUM
GRD-04806,STU-04806,2024,First_Term_Sep_Dec,90,0,0,11.3,,MEDIUM
GRD-04807,STU-04807,2025,Third_Term_May_Jul,26,0,0,97.0,5.1,LOW
GRD-04808,STU-04808,2024,Third_Term_May_Jul,16,0,0,29.9,,MEDIUM
GRD-04809,STU-04809,2023,First_Term_Sep_Dec,94,6,0,11.3,,HIGH
GRD-04810,STU-04810,2025,Second_Term_Jan_Apr,11,0,0,37.7,,LOW
GRD-04811,STU-04811,2023,Third_Term_May_Jul,17,0,0,21.7,0.1,LOW
GRD-04812,STU-04812,2025,Third_Term_May_Jul,108,2,0,7.4,,HIGH
GRD-04813,STU-04813,2023,Third_Term_May_Jul,44,0,0,23.1,88.3,LOW
GRD-04814,STU-04814,2023,Third_Term_May_Jul,134,2,0,4.7,,HIGH
GRD-04815,STU-04815,2023,Second_Term_Jan_Apr,56,1,0,32.9,83.0,MEDIUM
GRD-04816,STU-04816,2023,Third_Term_May_Jul,0,1,1,92.6,2.8,LOW
GRD-04817,STU-04817,2024,Second_Term_Jan_Apr,14,0,0,27.6,0.2,LOW
GRD-04818,STU-04818,2024,Second_Term_Jan_Apr,18,0,0,20.3,,MEDIUM
GRD-04819,STU-04819,2024,First_Term_Sep_Dec,90,3,0,0.0,,HIGH
GRD-04820,STU-04820,2023,Third_Term_May_Jul,21,0,0,22.4,76.8,LOW
GRD-04821,STU-04821,2024,Third_Term_May_Jul,112,5,0,5.9,,HIGH
GRD-04822,STU-04822,2025,Third_Term_May_Jul,0,1,0,38.2,89.8,LOW
GRD-04823,STU-04823,2023,Second_Term_Jan_Apr,24,0,0,31.2,0.6,LOW
GRD-04824,STU-04824,2024,Second_Term_Jan_Apr,45,0,0,80.2,7.8,LOW
GRD-04825,STU-04825,2024,First_Term_Sep_Dec,122,2,0,1.6,,HIGH
GRD-04826,STU-04826,2025,Second_Term_Jan_Apr,90,3,0,2.0,,HIGH
GRD-04827,STU-04827,2025,Third_Term_May_Jul,37,0,0,90.8,4.4,LOW
GRD-04828,STU-04828,2024,First_Term_Sep_Dec,90,6,0,0.0,,HIGH
GRD-04829,STU-04829,2025,Second_Term_Jan_Apr,15,0,0,24.1,0.5,LOW
GRD-04830,STU-04830,2023,Second_Term_Jan_Apr,49,0,0,76.9,6.6,LOW
GRD-04831,STU-04831,2025,Third_Term_May_Jul,103,5,0,3.3,,HIGH
GRD-04832,STU-04832,2024,Third_Term_May_Jul,25,0,0,29.7,0.4,LOW
GRD-04833,STU-04833,2024,Second_Term_Jan_Apr,60,0,0,27.4,87.1,LOW
GRD-04834,STU-04834,2024,First_Term_Sep_Dec,11,1,0,81.1,2.6,LOW
GRD-04835,STU-04835,2023,Second_Term_Jan_Apr,39,0,0,80.9,2.4,LOW
GRD-04836,STU-04836,2023,Second_Term_Jan_Apr,7,1,0,21.7,77.8,LOW
GRD-04837,STU-04837,2023,Second_Term_Jan_Apr,76,2,0,23.6,70.4,MEDIUM
GRD-04838,STU-04838,2024,Third_Term_May_Jul,33,1,0,31.8,72.1,MEDIUM
GRD-04839,STU-04839,2023,Third_Term_May_Jul,33,1,0,92.6,4.8,LOW
GRD-04840,STU-04840,2024,First_Term_Sep_Dec,0,0,1,87.3,3.4,LOW
GRD-04841,STU-04841,2023,Third_Term_May_Jul,35,0,0,100.0,4.2,LOW
GRD-04842,STU-04842,2025,Second_Term_Jan_Apr,36,1,0,74.8,6.5,LOW
GRD-04843,STU-04843,2024,First_Term_Sep_Dec,19,1,0,99.8,3.7,LOW
GRD-04844,STU-04844,2024,Second_Term_Jan_Apr,63,1,0,28.1,66.5,MEDIUM
GRD-04845,STU-04845,2025,Third_Term_May_Jul,21,1,0,89.3,5.2,LOW
GRD-04846,STU-04846,2024,Second_Term_Jan_Apr,20,0,0,30.0,,MEDIUM
GRD-04847,STU-04847,2023,Second_Term_Jan_Apr,0,2,0,22.8,79.9,LOW
GRD-04848,STU-04848,2024,First_Term_Sep_Dec,97,5,0,4.6,,HIGH
GRD-04849,STU-04849,2024,Third_Term_May_Jul,18,0,0,22.5,,MEDIUM
GRD-04850,STU-04850,2023,Second_Term_Jan_Apr,18,0,0,25.4,0.6,LOW
GRD-04851,STU-04851,2023,First_Term_Sep_Dec,90,5,0,6.6,,HIGH
GRD-04852,STU-04852,2025,First_Term_Sep_Dec,90,4,0,4.7,,HIGH
GRD-04853,STU-04853,2024,First_Term_Sep_Dec,100,5,0,4.0,,HIGH
GRD-04854,STU-04854,2025,Second_Term_Jan_Apr,118,3,0,3.0,,HIGH
GRD-04855,STU-04855,2023,First_Term_Sep_Dec,28,2,0,34.3,69.3,LOW
GRD-04856,STU-04856,2025,Third_Term_May_Jul,31,0,0,92.5,3.3,LOW
GRD-04857,STU-04857,2023,First_Term_Sep_Dec,15,1,0,96.8,4.4,LOW
GRD-04858,STU-04858,2023,Third_Term_May_Jul,17,2,0,24.2,78.8,LOW
GRD-04859,STU-04859,2023,First_Term_Sep_Dec,17,0,0,91.5,2.6,LOW
GRD-04860,STU-04860,2024,Second_Term_Jan_Apr,38,0,0,83.6,2.7,LOW
GRD-04861,STU-04861,2025,Second_Term_Jan_Apr,0,2,1,30.8,83.4,LOW
GRD-04862,STU-04862,2024,First_Term_Sep_Dec,17,2,0,35.7,67.5,LOW
GRD-04863,STU-04863,2023,Third_Term_May_Jul,30,1,0,92.3,5.6,LOW
GRD-04864,STU-04864,2024,Third_Term_May_Jul,17,0,0,20.0,0.5,LOW
GRD-04865,STU-04865,2024,Second_Term_Jan_Apr,31,0,0,82.5,6.6,LOW
GRD-04866,STU-04866,2024,Second_Term_Jan_Apr,103,4,0,0.9,,HIGH
GRD-04867,STU-04867,2025,Third_Term_May_Jul,25,0,0,100.0,5.7,LOW
GRD-04868,STU-04868,2025,Third_Term_May_Jul,0,2,1,19.1,47.6,LOW
GRD-04869,STU-04869,2024,Second_Term_Jan_Apr,16,0,0,29.4,,MEDIUM
GRD-04870,STU-04870,2023,Second_Term_Jan_Apr,4,2,0,31.9,68.1,LOW
GRD-04871,STU-04871,2023,Third_Term_May_Jul,150,7,0,0.0,,HIGH
GRD-04872,STU-04872,2025,Third_Term_May_Jul,55,2,0,20.5,45.9,MEDIUM
GRD-04873,STU-04873,2025,Third_Term_May_Jul,37,1,0,24.3,55.4,MEDIUM
GRD-04874,STU-04874,2024,Third_Term_May_Jul,120,5,0,5.7,,HIGH
GRD-04875,STU-04875,2025,Third_Term_May_Jul,3,1,0,18.4,70.8,LOW
GRD-04876,STU-04876,2025,Second_Term_Jan_Apr,39,1,0,81.0,8.8,LOW
GRD-04877,STU-04877,2023,Second_Term_Jan_Apr,20,0,0,35.0,0.3,LOW
GRD-04878,STU-04878,2024,Third_Term_May_Jul,33,0,0,93.8,2.0,LOW
GRD-04879,STU-04879,2025,First_Term_Sep_Dec,65,2,0,22.6,63.8,MEDIUM
GRD-04880,STU-04880,2025,Third_Term_May_Jul,9,2,0,22.9,92.7,LOW
GRD-04881,STU-04881,2025,Third_Term_May_Jul,49,2,0,24.2,73.3,MEDIUM
GRD-04882,STU-04882,2023,Third_Term_May_Jul,17,2,0,20.3,80.2,LOW
GRD-04883,STU-04883,2024,First_Term_Sep_Dec,102,1,0,32.2,55.8,MEDIUM
GRD-04884,STU-04884,2024,Second_Term_Jan_Apr,105,4,0,5.5,,HIGH
GRD-04885,STU-04885,2025,Second_Term_Jan_Apr,0,2,1,20.2,79.9,LOW
GRD-04886,STU-04886,2025,Third_Term_May_Jul,31,0,0,85.9,4.0,LOW
GRD-04887,STU-04887,2023,Third_Term_May_Jul,15,0,0,35.2,,MEDIUM
GRD-04888,STU-04888,2023,Second_Term_Jan_Apr,113,7,0,4.0,,HIGH
GRD-04889,STU-04889,2024,Second_Term_Jan_Apr,32,1,0,85.8,7.2,LOW
GRD-04890,STU-04890,2023,Second_Term_Jan_Apr,21,0,0,26.5,0.8,LOW
GRD-04891,STU-04891,2025,Second_Term_Jan_Apr,39,0,0,74.7,6.2,LOW
GRD-04892,STU-04892,2023,Third_Term_May_Jul,124,6,0,2.0,,HIGH
GRD-04893,STU-04893,2023,First_Term_Sep_Dec,19,0,0,80.6,2.9,LOW
GRD-04894,STU-04894,2025,Second_Term_Jan_Apr,32,1,0,85.1,6.6,LOW
GRD-04895,STU-04895,2025,Second_Term_Jan_Apr,94,5,0,6.8,,HIGH
GRD-04896,STU-04896,2024,First_Term_Sep_Dec,0,0,1,26.2,63.3,LOW
GRD-04897,STU-04897,2024,Second_Term_Jan_Apr,17,0,0,38.6,0.5,LOW
GRD-04898,STU-04898,2025,Third_Term_May_Jul,23,0,0,85.8,5.7,LOW
GRD-04899,STU-04899,2024,First_Term_Sep_Dec,18,0,0,33.6,0.5,LOW
GRD-04900,STU-04900,2023,Second_Term_Jan_Apr,36,0,0,74.5,4.4,LOW
GRD-04901,STU-04901,2023,First_Term_Sep_Dec,17,0,0,91.9,4.3,LOW
GRD-04902,STU-04902,2025,First_Term_Sep_Dec,90,3,0,8.5,,HIGH
GRD-04903,STU-04903,2025,First_Term_Sep_Dec,66,1,0,29.5,61.0,MEDIUM
GRD-04904,STU-04904,2025,Third_Term_May_Jul,30,0,0,90.0,3.3,LOW
GRD-04905,STU-04905,2023,First_Term_Sep_Dec,3,1,0,28.0,74.1,LOW
GRD-04906,STU-04906,2024,Third_Term_May_Jul,28,0,0,90.2,4.4,LOW
GRD-04907,STU-04907,2024,Third_Term_May_Jul,19,1,0,27.0,44.8,LOW
GRD-04908,STU-04908,2024,Second_Term_Jan_Apr,98,4,0,6.9,,HIGH
GRD-04909,STU-04909,2024,First_Term_Sep_Dec,0,3,1,25.3,49.8,LOW
GRD-04910,STU-04910,2025,First_Term_Sep_Dec,21,0,0,32.0,0.7,LOW
GRD-04911,STU-04911,2025,First_Term_Sep_Dec,37,1,0,36.2,65.4,MEDIUM
GRD-04912,STU-04912,2025,First_Term_Sep_Dec,55,2,0,33.2,68.7,MEDIUM
GRD-04913,STU-04913,2025,Second_Term_Jan_Apr,58,1,0,17.5,74.1,MEDIUM
GRD-04914,STU-04914,2023,Third_Term_May_Jul,16,0,0,24.9,0.8,LOW
GRD-04915,STU-04915,2024,Third_Term_May_Jul,146,4,0,3.4,,HIGH
GRD-04916,STU-04916,2025,Third_Term_May_Jul,136,6,0,4.4,,HIGH
GRD-04917,STU-04917,2023,Third_Term_May_Jul,0,0,1,13.5,43.0,LOW
GRD-04918,STU-04918,2023,Third_Term_May_Jul,22,0,0,26.2,,MEDIUM
GRD-04919,STU-04919,2024,Third_Term_May_Jul,53,1,0,30.4,57.4,MEDIUM
GRD-04920,STU-04920,2024,Third_Term_May_Jul,27,1,0,19.7,63.9,LOW
GRD-04921,STU-04921,2023,Second_Term_Jan_Apr,41,1,0,80.8,4.4,LOW
GRD-04922,STU-04922,2025,First_Term_Sep_Dec,13,0,0,25.7,0.6,LOW
GRD-04923,STU-04923,2023,Third_Term_May_Jul,45,2,0,26.6,70.5,MEDIUM
GRD-04924,STU-04924,2024,First_Term_Sep_Dec,22,0,0,27.2,,MEDIUM
GRD-04925,STU-04925,2025,First_Term_Sep_Dec,108,1,0,11.2,,HIGH
GRD-04926,STU-04926,2025,Second_Term_Jan_Apr,55,2,0,27.5,94.5,MEDIUM
GRD-04927,STU-04927,2025,Third_Term_May_Jul,21,0,0,100.0,2.8,LOW
GRD-04928,STU-04928,2025,Third_Term_May_Jul,11,0,0,27.5,0.8,LOW
GRD-04929,STU-04929,2025,Third_Term_May_Jul,0,1,1,36.2,81.2,LOW
GRD-04930,STU-04930,2025,Second_Term_Jan_Apr,37,1,0,84.6,3.7,LOW
GRD-04931,STU-04931,2025,Third_Term_May_Jul,99,6,0,3.2,,HIGH
GRD-04932,STU-04932,2025,First_Term_Sep_Dec,57,1,0,25.3,58.4,MEDIUM
GRD-04933,STU-04933,2025,First_Term_Sep_Dec,75,1,0,28.3,61.4,MEDIUM
GRD-04934,STU-04934,2024,Second_Term_Jan_Apr,0,1,1,31.6,54.2,LOW
GRD-04935,STU-04935,2024,Third_Term_May_Jul,24,0,0,99.9,3.6,LOW
GRD-04936,STU-04936,2023,Second_Term_Jan_Apr,48,2,0,30.0,58.4,MEDIUM
GRD-04937,STU-04937,2023,First_Term_Sep_Dec,19,0,0,86.4,0.8,LOW
GRD-04938,STU-04938,2025,First_Term_Sep_Dec,59,1,0,28.8,67.4,MEDIUM
GRD-04939,STU-04939,2024,Second_Term_Jan_Apr,26,1,0,87.8,4.8,LOW
GRD-04940,STU-04940,2025,Second_Term_Jan_Apr,33,1,0,26.0,68.2,MEDIUM
GRD-04941,STU-04941,2025,First_Term_Sep_Dec,15,0,0,89.2,1.0,LOW
GRD-04942,STU-04942,2023,Third_Term_May_Jul,0,2,1,26.3,60.6,LOW
GRD-04943,STU-04943,2025,Second_Term_Jan_Apr,76,2,0,32.9,53.9,MEDIUM
GRD-04944,STU-04944,2025,First_Term_Sep_Dec,90,6,0,1.3,,HIGH
GRD-04945,STU-04945,2025,Second_Term_Jan_Apr,59,1,0,37.3,97.8,MEDIUM
GRD-04946,STU-04946,2025,Third_Term_May_Jul,20,0,0,93.5,4.4,LOW
GRD-04947,STU-04947,2025,Second_Term_Jan_Apr,18,0,0,29.7,,MEDIUM
GRD-04948,STU-04948,2025,Second_Term_Jan_Apr,127,5,0,6.9,,HIGH
GRD-04949,STU-04949,2025,First_Term_Sep_Dec,20,0,0,90.8,4.9,LOW
GRD-04950,STU-04950,2023,Second_Term_Jan_Apr,3,2,0,23.6,70.1,LOW
GRD-04951,STU-04951,2024,Second_Term_Jan_Apr,73,1,0,22.5,67.5,MEDIUM
GRD-04952,STU-04952,2024,First_Term_Sep_Dec,0,2,1,40.5,66.4,LOW
GRD-04953,STU-04953,2023,Second_Term_Jan_Apr,40,0,0,75.7,5.8,LOW
GRD-04954,STU-04954,2023,Second_Term_Jan_Apr,98,3,0,4.4,,HIGH
GRD-04955,STU-04955,2025,Second_Term_Jan_Apr,144,1,0,0.6,,HIGH
GRD-04956,STU-04956,2024,Second_Term_Jan_Apr,112,4,0,3.6,,HIGH
GRD-04957,STU-04957,2024,Second_Term_Jan_Apr,44,2,0,21.7,90.3,MEDIUM
GRD-04958,STU-04958,2024,Third_Term_May_Jul,28,1,0,96.1,4.4,LOW
GRD-04959,STU-04959,2024,First_Term_Sep_Dec,17,0,0,85.6,5.4,LOW
GRD-04960,STU-04960,2023,Second_Term_Jan_Apr,86,2,0,18.6,70.7,MEDIUM
GRD-04961,STU-04961,2023,First_Term_Sep_Dec,18,0,0,90.5,4.4,LOW
GRD-04962,STU-04962,2023,Third_Term_May_Jul,25,0,0,88.6,4.8,LOW
GRD-04963,STU-04963,2023,Third_Term_May_Jul,38,2,0,26.6,54.0,MEDIUM
GRD-04964,STU-04964,2024,First_Term_Sep_Dec,18,0,0,37.1,0.5,LOW
GRD-04965,STU-04965,2023,First_Term_Sep_Dec,96,1,0,25.3,55.6,MEDIUM
GRD-04966,STU-04966,2025,Second_Term_Jan_Apr,29,1,0,17.9,67.5,LOW
GRD-04967,STU-04967,2023,Second_Term_Jan_Apr,32,1,0,82.3,5.0,LOW
GRD-04968,STU-04968,2025,Second_Term_Jan_Apr,1,2,0,29.0,71.8,LOW
GRD-04969,STU-04969,2024,First_Term_Sep_Dec,90,4,0,5.9,,HIGH
GRD-04970,STU-04970,2023,Third_Term_May_Jul,13,0,0,39.5,0.6,LOW
GRD-04971,STU-04971,2024,First_Term_Sep_Dec,12,1,0,94.7,5.3,LOW
GRD-04972,STU-04972,2025,Second_Term_Jan_Apr,98,2,0,24.8,84.6,MEDIUM
GRD-04973,STU-04973,2023,Third_Term_May_Jul,32,1,0,93.8,3.4,LOW
GRD-04974,STU-04974,2025,First_Term_Sep_Dec,56,1,0,32.2,70.7,MEDIUM
GRD-04975,STU-04975,2023,Third_Term_May_Jul,18,0,0,28.3,0.5,LOW
GRD-04976,STU-04976,2025,First_Term_Sep_Dec,16,0,0,84.7,5.3,LOW
GRD-04977,STU-04977,2024,First_Term_Sep_Dec,90,1,0,0.0,,HIGH
GRD-04978,STU-04978,2025,First_Term_Sep_Dec,90,4,0,3.7,,HIGH
GRD-04979,STU-04979,2025,First_Term_Sep_Dec,0,2,1,26.3,41.8,LOW
GRD-04980,STU-04980,2025,Second_Term_Jan_Apr,0,2,1,25.2,104.8,LOW
GRD-04981,STU-04981,2025,First_Term_Sep_Dec,92,2,0,33.7,59.4,MEDIUM
GRD-04982,STU-04982,2023,First_Term_Sep_Dec,18,0,0,33.9,0.6,LOW
GRD-04983,STU-04983,2025,First_Term_Sep_Dec,28,1,0,30.7,57.5,LOW
GRD-04984,STU-04984,2024,Third_Term_May_Jul,14,0,0,25.6,,LOW
GRD-04985,STU-04985,2023,First_Term_Sep_Dec,12,0,0,90.8,2.2,LOW
GRD-04986,STU-04986,2023,First_Term_Sep_Dec,13,0,0,84.6,5.1,LOW
GRD-04987,STU-04987,2024,First_Term_Sep_Dec,24,2,0,23.7,61.0,LOW
GRD-04988,STU-04988,2025,Third_Term_May_Jul,0,1,1,94.8,3.8,LOW
GRD-04989,STU-04989,2025,Second_Term_Jan_Apr,44,0,0,86.3,4.0,LOW
GRD-04990,STU-04990,2024,Second_Term_Jan_Apr,2,1,0,26.6,73.5,LOW
GRD-04991,STU-04991,2025,Third_Term_May_Jul,0,1,1,36.8,67.8,LOW
GRD-04992,STU-04992,2025,Third_Term_May_Jul,12,0,0,33.5,0.5,LOW
GRD-04993,STU-04993,2025,Third_Term_May_Jul,7,0,0,28.0,0.6,LOW
GRD-04994,STU-04994,2023,Second_Term_Jan_Apr,67,1,0,32.0,63.7,MEDIUM
GRD-04995,STU-04995,2023,Third_Term_May_Jul,19,1,0,86.3,2.1,LOW
GRD-04996,STU-04996,2025,Third_Term_May_Jul,43,2,0,28.7,75.5,MEDIUM
GRD-04997,STU-04997,2024,First_Term_Sep_Dec,0,1,1,31.7,58.4,LOW
GRD-04998,STU-04998,2023,Third_Term_May_Jul,22,0,0,94.3,4.2,LOW
GRD-04999,STU-04999,2025,Third_Term_May_Jul,28,1,0,96.4,2.2,LOW
GRD-05000,STU-05000,2025,Second_Term_Jan_Apr,17,0,0,34.6,,MEDIUM
GRD-05001,STU-05001,2025,First_Term_Sep_Dec,20,0,0,93.5,1.4,LOW
GRD-05002,STU-05002,2023,Second_Term_Jan_Apr,11,2,0,23.3,51.7,LOW
GRD-05003,STU-05003,2023,Second_Term_Jan_Apr,42,0,0,72.9,4.1,LOW
GRD-05004,STU-05004,2024,Third_Term_May_Jul,0,0,1,82.8,2.2,LOW
GRD-05005,STU-05005,2024,First_Term_Sep_Dec,90,4,0,8.4,,HIGH
GRD-05006,STU-05006,2025,Second_Term_Jan_Apr,129,3,0,8.3,,HIGH
GRD-05007,STU-05007,2025,Second_Term_Jan_Apr,2,2,0,22.1,57.4,LOW
GRD-05008,STU-05008,2023,Second_Term_Jan_Apr,36,1,0,82.6,3.7,LOW
GRD-05009,STU-05009,2023,Second_Term_Jan_Apr,0,0,1,34.9,0.5,LOW
GRD-05010,STU-05010,2023,First_Term_Sep_Dec,1,0,0,26.4,62.1,LOW
GRD-05011,STU-05011,2024,First_Term_Sep_Dec,15,0,0,27.7,0.5,LOW
GRD-05012,STU-05012,2025,Third_Term_May_Jul,16,0,0,34.8,0.5,LOW
GRD-05013,STU-05013,2024,First_Term_Sep_Dec,92,1,0,8.5,,HIGH
GRD-05014,STU-05014,2023,Second_Term_Jan_Apr,102,2,0,28.9,53.8,MEDIUM
GRD-05015,STU-05015,2025,First_Term_Sep_Dec,60,1,0,36.0,56.9,MEDIUM
GRD-05016,STU-05016,2024,First_Term_Sep_Dec,20,0,0,31.2,,MEDIUM
GRD-05017,STU-05017,2023,First_Term_Sep_Dec,16,0,0,37.0,0.4,LOW
GRD-05018,STU-05018,2023,First_Term_Sep_Dec,90,2,0,6.4,,HIGH
GRD-05019,STU-05019,2025,Third_Term_May_Jul,18,2,0,20.8,81.9,LOW
GRD-05020,STU-05020,2024,Second_Term_Jan_Apr,44,0,0,83.0,3.3,LOW
GRD-05021,STU-05021,2024,Third_Term_May_Jul,0,1,1,96.7,3.9,LOW
GRD-05022,STU-05022,2025,Second_Term_Jan_Apr,90,2,0,3.8,,HIGH
GRD-05023,STU-05023,2025,Third_Term_May_Jul,90,4,0,1.8,,HIGH
GRD-05024,STU-05024,2024,Third_Term_May_Jul,0,1,1,13.5,70.4,LOW
GRD-05025,STU-05025,2025,Second_Term_Jan_Apr,23,0,0,26.2,0.5,LOW
GRD-05026,STU-05026,2025,Second_Term_Jan_Apr,50,0,0,72.1,2.2,LOW
GRD-05027,STU-05027,2025,Second_Term_Jan_Apr,43,0,0,79.7,2.8,LOW
GRD-05028,STU-05028,2025,Second_Term_Jan_Apr,0,2,1,32.4,74.0,LOW
GRD-05029,STU-05029,2023,First_Term_Sep_Dec,22,0,0,23.5,0.5,LOW
GRD-05030,STU-05030,2025,Third_Term_May_Jul,13,0,0,40.0,,LOW
GRD-05031,STU-05031,2025,Third_Term_May_Jul,49,2,0,21.6,97.5,MEDIUM
GRD-05032,STU-05032,2023,First_Term_Sep_Dec,90,3,0,6.8,,HIGH
GRD-05033,STU-05033,2025,Second_Term_Jan_Apr,12,1,0,18.0,68.8,LOW
GRD-05034,STU-05034,2023,Second_Term_Jan_Apr,15,0,0,32.9,0.7,LOW
GRD-05035,STU-05035,2024,First_Term_Sep_Dec,22,1,0,99.2,2.8,LOW
GRD-05036,STU-05036,2024,First_Term_Sep_Dec,17,0,0,86.1,2.1,LOW
GRD-05037,STU-05037,2024,Third_Term_May_Jul,21,1,0,90.0,5.1,LOW
GRD-05038,STU-05038,2024,Third_Term_May_Jul,16,0,0,28.5,0.8,LOW
GRD-05039,STU-05039,2023,Third_Term_May_Jul,114,5,0,5.2,,HIGH
GRD-05040,STU-05040,2023,Second_Term_Jan_Apr,116,2,0,2.8,,HIGH
GRD-05041,STU-05041,2025,First_Term_Sep_Dec,16,0,0,87.5,2.9,LOW
GRD-05042,STU-05042,2025,Third_Term_May_Jul,150,5,0,0.4,,HIGH
GRD-05043,STU-05043,2025,Third_Term_May_Jul,25,0,0,93.8,1.1,LOW
GRD-05044,STU-05044,2023,Third_Term_May_Jul,20,0,0,22.8,0.5,LOW
GRD-05045,STU-05045,2023,Third_Term_May_Jul,25,1,0,94.2,4.6,LOW
GRD-05046,STU-05046,2023,First_Term_Sep_Dec,15,0,0,93.7,3.6,LOW
GRD-05047,STU-05047,2024,Third_Term_May_Jul,98,2,0,0.8,,HIGH
GRD-05048,STU-05048,2024,First_Term_Sep_Dec,15,1,0,82.4,1.5,LOW
GRD-05049,STU-05049,2023,Second_Term_Jan_Apr,49,1,0,80.7,4.8,LOW
GRD-05050,STU-05050,2023,First_Term_Sep_Dec,0,2,1,13.5,58.7,LOW
GRD-05051,STU-05051,2024,First_Term_Sep_Dec,90,3,0,8.5,,HIGH
GRD-05052,STU-05052,2025,First_Term_Sep_Dec,30,1,0,34.9,57.5,LOW
GRD-05053,STU-05053,2023,First_Term_Sep_Dec,125,4,0,4.3,,HIGH
GRD-05054,STU-05054,2025,Third_Term_May_Jul,118,6,0,7.9,,HIGH
GRD-05055,STU-05055,2023,Third_Term_May_Jul,113,4,0,7.2,,HIGH
GRD-05056,STU-05056,2023,Second_Term_Jan_Apr,0,1,1,23.5,74.7,LOW
GRD-05057,STU-05057,2025,Second_Term_Jan_Apr,25,0,0,38.2,,MEDIUM
GRD-05058,STU-05058,2025,First_Term_Sep_Dec,15,0,0,97.0,4.9,LOW
GRD-05059,STU-05059,2024,Third_Term_May_Jul,124,5,0,0.1,,HIGH
GRD-05060,STU-05060,2024,Third_Term_May_Jul,56,2,0,17.6,44.1,MEDIUM
GRD-05061,STU-05061,2025,Third_Term_May_Jul,0,0,1,89.6,5.8,LOW
GRD-05062,STU-05062,2023,First_Term_Sep_Dec,12,1,0,96.1,4.5,LOW
GRD-05063,STU-05063,2024,Second_Term_Jan_Apr,87,2,0,29.0,70.3,MEDIUM
GRD-05064,STU-05064,2023,Third_Term_May_Jul,18,0,0,95.0,3.9,LOW
GRD-05065,STU-05065,2025,Second_Term_Jan_Apr,52,0,0,72.1,5.9,LOW
GRD-05066,STU-05066,2023,Second_Term_Jan_Apr,47,0,0,81.8,3.5,LOW
GRD-05067,STU-05067,2023,Third_Term_May_Jul,43,1,0,13.5,76.5,MEDIUM
GRD-05068,STU-05068,2024,Third_Term_May_Jul,22,1,0,100.0,4.1,LOW
GRD-05069,STU-05069,2024,Second_Term_Jan_Apr,9,0,0,23.9,,LOW
GRD-05070,STU-05070,2025,First_Term_Sep_Dec,13,0,0,94.8,2.6,LOW
GRD-05071,STU-05071,2025,Second_Term_Jan_Apr,40,1,0,79.2,3.8,LOW
GRD-05072,STU-05072,2025,Third_Term_May_Jul,21,0,0,98.5,4.1,LOW
GRD-05073,STU-05073,2023,Second_Term_Jan_Apr,20,0,0,28.9,0.5,LOW
GRD-05074,STU-05074,2023,First_Term_Sep_Dec,15,0,0,75.6,3.8,LOW
GRD-05075,STU-05075,2025,First_Term_Sep_Dec,94,4,0,4.9,,HIGH
GRD-05076,STU-05076,2024,Second_Term_Jan_Apr,24,1,0,12.8,83.3,LOW
GRD-05077,STU-05077,2023,Second_Term_Jan_Apr,58,1,0,81.2,6.1,LOW
GRD-05078,STU-05078,2025,Third_Term_May_Jul,34,1,0,31.0,74.0,MEDIUM
GRD-05079,STU-05079,2023,Third_Term_May_Jul,134,4,0,5.0,,HIGH
GRD-05080,STU-05080,2025,Third_Term_May_Jul,23,0,0,35.6,,MEDIUM
GRD-05081,STU-05081,2024,Third_Term_May_Jul,48,2,0,20.6,52.0,MEDIUM
GRD-05082,STU-05082,2023,First_Term_Sep_Dec,90,4,0,8.0,,HIGH
GRD-05083,STU-05083,2023,Second_Term_Jan_Apr,76,1,0,14.5,57.8,MEDIUM
GRD-05084,STU-05084,2023,Third_Term_May_Jul,29,0,0,100.0,5.3,LOW
GRD-05085,STU-05085,2023,Second_Term_Jan_Apr,47,2,0,26.8,91.5,MEDIUM
GRD-05086,STU-05086,2024,Third_Term_May_Jul,25,0,0,93.4,3.0,LOW
GRD-05087,STU-05087,2024,Third_Term_May_Jul,0,0,1,91.4,3.7,LOW
GRD-05088,STU-05088,2025,Second_Term_Jan_Apr,23,1,0,29.4,72.2,LOW
GRD-05089,STU-05089,2024,Second_Term_Jan_Apr,14,0,0,40.0,,LOW
GRD-05090,STU-05090,2025,Third_Term_May_Jul,31,2,0,89.4,1.8,LOW
GRD-05091,STU-05091,2023,Second_Term_Jan_Apr,41,1,0,66.7,4.7,LOW
GRD-05092,STU-05092,2024,Second_Term_Jan_Apr,0,3,1,21.7,48.1,LOW
GRD-05093,STU-05093,2023,First_Term_Sep_Dec,95,3,0,2.9,,HIGH
GRD-05094,STU-05094,2024,Second_Term_Jan_Apr,46,2,0,21.1,95.1,MEDIUM
GRD-05095,STU-05095,2024,First_Term_Sep_Dec,126,4,0,8.7,,HIGH
GRD-05096,STU-05096,2024,Third_Term_May_Jul,21,0,0,40.0,,LOW
GRD-05097,STU-05097,2024,Second_Term_Jan_Apr,20,0,0,28.7,0.1,LOW
GRD-05098,STU-05098,2023,Third_Term_May_Jul,119,7,0,6.7,,HIGH
GRD-05099,STU-05099,2024,Second_Term_Jan_Apr,36,1,0,84.6,6.3,LOW
GRD-05100,STU-05100,2024,Third_Term_May_Jul,30,1,0,88.0,5.2,LOW
GRD-05101,STU-05101,2025,Second_Term_Jan_Apr,43,0,0,91.6,3.4,LOW
GRD-05102,STU-05102,2024,Second_Term_Jan_Apr,117,3,0,2.3,,HIGH
GRD-05103,STU-05103,2024,First_Term_Sep_Dec,0,0,1,87.8,3.4,LOW
GRD-05104,STU-05104,2024,First_Term_Sep_Dec,10,1,0,87.7,5.2,LOW
GRD-05105,STU-05105,2024,Third_Term_May_Jul,0,1,0,31.9,81.1,LOW
GRD-05106,STU-05106,2023,First_Term_Sep_Dec,94,4,0,2.9,,HIGH
GRD-05107,STU-05107,2025,Third_Term_May_Jul,0,0,1,85.4,2.8,LOW
GRD-05108,STU-05108,2024,Third_Term_May_Jul,22,0,0,97.3,4.7,LOW
GRD-05109,STU-05109,2023,Third_Term_May_Jul,148,3,0,2.8,,HIGH
GRD-05110,STU-05110,2023,Third_Term_May_Jul,23,2,0,38.6,70.4,LOW
GRD-05111,STU-05111,2023,Second_Term_Jan_Apr,12,0,0,23.9,,LOW
GRD-05112,STU-05112,2024,First_Term_Sep_Dec,55,1,0,24.8,76.0,MEDIUM
GRD-05113,STU-05113,2024,Second_Term_Jan_Apr,18,0,0,27.7,0.6,LOW
GRD-05114,STU-05114,2023,First_Term_Sep_Dec,12,1,0,78.9,2.0,LOW
GRD-05115,STU-05115,2023,First_Term_Sep_Dec,17,0,0,33.6,0.3,LOW
GRD-05116,STU-05116,2025,Third_Term_May_Jul,27,0,0,91.1,5.5,LOW
GRD-05117,STU-05117,2024,Second_Term_Jan_Apr,36,1,0,24.8,79.8,MEDIUM
GRD-05118,STU-05118,2025,First_Term_Sep_Dec,14,1,0,88.4,5.2,LOW
GRD-05119,STU-05119,2024,Third_Term_May_Jul,0,2,0,35.1,77.6,LOW
GRD-05120,STU-05120,2024,Second_Term_Jan_Apr,28,0,0,24.9,0.6,LOW
GRD-05121,STU-05121,2024,Third_Term_May_Jul,26,0,0,91.9,2.9,LOW
GRD-05122,STU-05122,2023,Third_Term_May_Jul,31,0,0,93.4,5.3,LOW
GRD-05123,STU-05123,2023,Second_Term_Jan_Apr,24,1,0,77.1,9.5,LOW
GRD-05124,STU-05124,2024,Second_Term_Jan_Apr,3,1,0,22.6,67.4,LOW
GRD-05125,STU-05125,2025,Third_Term_May_Jul,69,1,0,26.0,55.3,MEDIUM
GRD-05126,STU-05126,2024,Second_Term_Jan_Apr,14,0,0,32.1,0.6,LOW
GRD-05127,STU-05127,2023,First_Term_Sep_Dec,16,0,0,93.9,3.9,LOW
GRD-05128,STU-05128,2023,Third_Term_May_Jul,117,7,0,3.0,,HIGH
GRD-05129,STU-05129,2023,Third_Term_May_Jul,64,1,0,40.5,72.5,MEDIUM
GRD-05130,STU-05130,2025,Second_Term_Jan_Apr,36,0,0,77.4,7.5,LOW
GRD-05131,STU-05131,2024,Third_Term_May_Jul,172,3,0,2.8,,HIGH
GRD-05132,STU-05132,2025,Third_Term_May_Jul,23,0,0,30.5,0.6,LOW
GRD-05133,STU-05133,2023,First_Term_Sep_Dec,50,1,0,26.0,57.5,MEDIUM
GRD-05134,STU-05134,2025,Third_Term_May_Jul,25,1,0,92.7,6.9,LOW
GRD-05135,STU-05135,2023,First_Term_Sep_Dec,13,0,0,96.8,3.6,LOW
GRD-05136,STU-05136,2025,Third_Term_May_Jul,0,1,1,17.4,67.8,LOW
GRD-05137,STU-05137,2024,First_Term_Sep_Dec,14,0,0,94.6,1.9,LOW
GRD-05138,STU-05138,2025,Third_Term_May_Jul,0,0,1,34.6,0.6,LOW
GRD-05139,STU-05139,2024,Third_Term_May_Jul,14,2,0,21.4,61.2,LOW
GRD-05140,STU-05140,2023,First_Term_Sep_Dec,90,5,0,8.0,,HIGH
GRD-05141,STU-05141,2025,Second_Term_Jan_Apr,47,1,0,83.4,5.1,LOW
GRD-05142,STU-05142,2023,Second_Term_Jan_Apr,0,0,1,35.5,0.3,LOW
GRD-05143,STU-05143,2025,Second_Term_Jan_Apr,37,1,0,80.5,6.4,LOW
GRD-05144,STU-05144,2023,First_Term_Sep_Dec,15,0,0,94.9,4.2,LOW
GRD-05145,STU-05145,2023,First_Term_Sep_Dec,94,2,0,8.7,,HIGH
GRD-05146,STU-05146,2025,Second_Term_Jan_Apr,45,0,0,82.2,5.0,LOW
GRD-05147,STU-05147,2023,First_Term_Sep_Dec,90,3,0,5.9,,HIGH
GRD-05148,STU-05148,2024,Second_Term_Jan_Apr,23,0,0,38.5,0.3,LOW
GRD-05149,STU-05149,2024,Second_Term_Jan_Apr,26,0,0,30.7,0.6,LOW
GRD-05150,STU-05150,2023,Third_Term_May_Jul,0,1,0,26.3,81.1,LOW
GRD-05151,STU-05151,2023,First_Term_Sep_Dec,15,0,0,28.2,0.7,LOW
GRD-05152,STU-05152,2025,Second_Term_Jan_Apr,47,3,0,28.2,56.2,MEDIUM
GRD-05153,STU-05153,2024,First_Term_Sep_Dec,10,0,0,25.5,,LOW
GRD-05154,STU-05154,2025,Third_Term_May_Jul,32,0,0,40.5,75.3,LOW
GRD-05155,STU-05155,2023,Third_Term_May_Jul,27,0,0,91.9,4.0,LOW
GRD-05156,STU-05156,2023,First_Term_Sep_Dec,18,1,0,100.0,2.7,LOW
GRD-05157,STU-05157,2024,Second_Term_Jan_Apr,44,1,0,82.2,3.5,LOW
GRD-05158,STU-05158,2023,Second_Term_Jan_Apr,18,0,0,24.3,0.4,LOW
GRD-05159,STU-05159,2024,First_Term_Sep_Dec,17,1,0,95.3,3.0,LOW
GRD-05160,STU-05160,2024,Third_Term_May_Jul,18,0,0,31.7,,MEDIUM
GRD-05161,STU-05161,2023,Third_Term_May_Jul,25,1,0,96.4,4.0,LOW
GRD-05162,STU-05162,2024,Third_Term_May_Jul,30,0,0,88.9,1.6,LOW
GRD-05163,STU-05163,2023,First_Term_Sep_Dec,22,1,0,99.8,3.5,LOW
GRD-05164,STU-05164,2025,Second_Term_Jan_Apr,15,0,0,29.9,0.5,LOW
GRD-05165,STU-05165,2024,Second_Term_Jan_Apr,31,0,0,83.2,4.7,LOW
GRD-05166,STU-05166,2023,Second_Term_Jan_Apr,94,4,0,2.2,,HIGH
GRD-05167,STU-05167,2025,Second_Term_Jan_Apr,39,0,0,84.4,3.8,LOW
GRD-05168,STU-05168,2023,First_Term_Sep_Dec,0,1,1,28.2,46.6,LOW
GRD-05169,STU-05169,2025,Second_Term_Jan_Apr,16,0,0,29.2,,MEDIUM
GRD-05170,STU-05170,2024,First_Term_Sep_Dec,0,2,1,22.6,72.2,LOW
GRD-05171,STU-05171,2023,Second_Term_Jan_Apr,14,0,0,33.3,0.5,LOW
GRD-05172,STU-05172,2023,Second_Term_Jan_Apr,39,0,0,91.2,5.9,LOW
GRD-05173,STU-05173,2025,First_Term_Sep_Dec,107,4,0,0.0,,HIGH
GRD-05174,STU-05174,2025,First_Term_Sep_Dec,90,3,0,4.8,,HIGH
GRD-05175,STU-05175,2023,First_Term_Sep_Dec,111,6,0,3.9,,HIGH
GRD-05176,STU-05176,2025,Third_Term_May_Jul,30,0,0,94.7,4.3,LOW
GRD-05177,STU-05177,2025,Second_Term_Jan_Apr,14,0,0,27.1,0.5,LOW
GRD-05178,STU-05178,2023,Third_Term_May_Jul,0,3,0,37.3,86.4,MEDIUM
GRD-05179,STU-05179,2024,First_Term_Sep_Dec,90,3,0,3.3,,HIGH
GRD-05180,STU-05180,2023,Second_Term_Jan_Apr,49,1,0,72.4,3.7,LOW
GRD-05181,STU-05181,2025,Third_Term_May_Jul,16,0,0,33.2,,MEDIUM
GRD-05182,STU-05182,2023,First_Term_Sep_Dec,39,1,0,24.7,60.5,MEDIUM
GRD-05183,STU-05183,2023,Third_Term_May_Jul,22,0,0,91.9,4.7,LOW
GRD-05184,STU-05184,2025,Third_Term_May_Jul,20,0,0,30.7,0.3,LOW
GRD-05185,STU-05185,2025,Second_Term_Jan_Apr,22,0,0,30.4,,MEDIUM
GRD-05186,STU-05186,2025,Third_Term_May_Jul,90,4,0,5.2,,HIGH
GRD-05187,STU-05187,2025,Second_Term_Jan_Apr,17,0,0,34.9,,MEDIUM
GRD-05188,STU-05188,2025,Second_Term_Jan_Apr,22,3,0,29.4,61.0,MEDIUM
GRD-05189,STU-05189,2025,Third_Term_May_Jul,20,0,0,34.9,,MEDIUM
GRD-05190,STU-05190,2024,First_Term_Sep_Dec,18,0,0,91.7,5.5,LOW
GRD-05191,STU-05191,2025,Second_Term_Jan_Apr,42,1,0,20.2,75.0,MEDIUM
GRD-05192,STU-05192,2023,Third_Term_May_Jul,51,1,0,36.4,63.9,MEDIUM
GRD-05193,STU-05193,2025,Third_Term_May_Jul,48,1,0,31.7,68.2,MEDIUM
GRD-05194,STU-05194,2025,First_Term_Sep_Dec,20,2,0,23.7,73.9,LOW
GRD-05195,STU-05195,2025,Second_Term_Jan_Apr,47,2,0,79.9,2.8,LOW
GRD-05196,STU-05196,2023,Second_Term_Jan_Apr,36,0,0,74.5,4.2,LOW
GRD-05197,STU-05197,2023,First_Term_Sep_Dec,21,0,0,35.4,0.4,LOW
GRD-05198,STU-05198,2024,Second_Term_Jan_Apr,38,0,0,83.7,5.0,LOW
GRD-05199,STU-05199,2023,Second_Term_Jan_Apr,127,5,0,6.2,,HIGH
GRD-05200,STU-05200,2023,Third_Term_May_Jul,27,0,0,34.6,55.6,LOW
GRD-05201,STU-05201,2025,First_Term_Sep_Dec,0,1,1,85.9,4.3,LOW
GRD-05202,STU-05202,2025,Third_Term_May_Jul,165,4,0,4.3,,HIGH
GRD-05203,STU-05203,2025,First_Term_Sep_Dec,0,2,1,29.9,58.9,LOW
GRD-05204,STU-05204,2023,First_Term_Sep_Dec,54,1,0,19.3,77.2,MEDIUM
GRD-05205,STU-05205,2023,Third_Term_May_Jul,22,0,0,98.1,2.3,LOW
GRD-05206,STU-05206,2025,Second_Term_Jan_Apr,149,3,0,9.8,,HIGH
GRD-05207,STU-05207,2023,Second_Term_Jan_Apr,18,0,0,36.1,,MEDIUM
GRD-05208,STU-05208,2024,Third_Term_May_Jul,23,0,0,34.0,0.6,LOW
GRD-05209,STU-05209,2024,Third_Term_May_Jul,39,1,0,36.9,52.5,MEDIUM
GRD-05210,STU-05210,2025,Second_Term_Jan_Apr,171,5,0,2.3,,HIGH
GRD-05211,STU-05211,2024,First_Term_Sep_Dec,16,0,0,94.5,3.3,LOW
GRD-05212,STU-05212,2025,Second_Term_Jan_Apr,57,0,0,84.6,5.0,LOW
GRD-05213,STU-05213,2023,Second_Term_Jan_Apr,0,1,1,28.8,71.0,LOW
GRD-05214,STU-05214,2024,First_Term_Sep_Dec,33,2,0,36.5,81.7,MEDIUM
GRD-05215,STU-05215,2023,Third_Term_May_Jul,25,1,0,83.3,3.6,LOW
GRD-05216,STU-05216,2024,First_Term_Sep_Dec,90,4,0,9.5,,HIGH
GRD-05217,STU-05217,2024,First_Term_Sep_Dec,19,0,0,88.6,2.3,LOW
GRD-05218,STU-05218,2024,Second_Term_Jan_Apr,90,3,0,2.5,,HIGH
GRD-05219,STU-05219,2025,Third_Term_May_Jul,31,2,0,35.4,49.5,MEDIUM
GRD-05220,STU-05220,2023,First_Term_Sep_Dec,19,0,0,28.9,0.3,LOW
GRD-05221,STU-05221,2023,Second_Term_Jan_Apr,30,1,0,22.8,56.2,LOW
GRD-05222,STU-05222,2025,Third_Term_May_Jul,23,0,0,98.7,6.9,LOW
GRD-05223,STU-05223,2024,First_Term_Sep_Dec,27,2,0,24.1,66.1,LOW
GRD-05224,STU-05224,2025,Third_Term_May_Jul,46,1,0,21.2,56.8,MEDIUM
GRD-05225,STU-05225,2025,Second_Term_Jan_Apr,18,0,0,34.8,,MEDIUM
GRD-05226,STU-05226,2025,Second_Term_Jan_Apr,89,1,0,31.1,62.2,MEDIUM
GRD-05227,STU-05227,2024,Second_Term_Jan_Apr,16,0,0,23.9,59.5,LOW
GRD-05228,STU-05228,2025,First_Term_Sep_Dec,13,0,0,94.3,4.9,LOW
GRD-05229,STU-05229,2023,First_Term_Sep_Dec,21,0,0,35.3,0.5,LOW
GRD-05230,STU-05230,2024,Third_Term_May_Jul,18,0,0,24.8,,MEDIUM
GRD-05231,STU-05231,2024,Second_Term_Jan_Apr,85,0,0,38.2,75.1,MEDIUM
GRD-05232,STU-05232,2025,First_Term_Sep_Dec,90,4,0,2.9,,HIGH
GRD-05233,STU-05233,2023,First_Term_Sep_Dec,49,1,0,27.5,70.6,MEDIUM
GRD-05234,STU-05234,2024,Second_Term_Jan_Apr,14,0,0,28.1,0.3,LOW
GRD-05235,STU-05235,2023,First_Term_Sep_Dec,37,2,0,33.7,66.3,MEDIUM
GRD-05236,STU-05236,2025,First_Term_Sep_Dec,105,2,0,6.5,,HIGH
GRD-05237,STU-05237,2025,Second_Term_Jan_Apr,42,0,0,91.6,7.3,LOW
GRD-05238,STU-05238,2025,Third_Term_May_Jul,143,4,0,0.0,,HIGH
GRD-05239,STU-05239,2025,First_Term_Sep_Dec,64,1,0,29.2,49.4,MEDIUM
GRD-05240,STU-05240,2025,Third_Term_May_Jul,21,0,0,32.8,0.6,LOW
GRD-05241,STU-05241,2024,Second_Term_Jan_Apr,34,0,0,79.7,3.5,LOW
GRD-05242,STU-05242,2023,First_Term_Sep_Dec,57,2,0,37.2,33.0,MEDIUM
GRD-05243,STU-05243,2023,First_Term_Sep_Dec,0,3,1,25.2,59.1,LOW
GRD-05244,STU-05244,2024,First_Term_Sep_Dec,14,0,0,94.2,2.6,LOW
GRD-05245,STU-05245,2025,Third_Term_May_Jul,19,0,0,39.5,,MEDIUM
GRD-05246,STU-05246,2025,First_Term_Sep_Dec,15,0,0,30.6,,MEDIUM
GRD-05247,STU-05247,2025,Third_Term_May_Jul,0,2,1,38.0,69.4,LOW
GRD-05248,STU-05248,2025,Second_Term_Jan_Apr,0,1,1,20.4,42.2,LOW
GRD-05249,STU-05249,2025,First_Term_Sep_Dec,20,0,0,29.9,0.6,LOW
GRD-05250,STU-05250,2023,First_Term_Sep_Dec,90,5,0,2.6,,HIGH
GRD-05251,STU-05251,2025,Second_Term_Jan_Apr,41,1,0,78.3,6.2,LOW
GRD-05252,STU-05252,2023,Second_Term_Jan_Apr,51,0,0,32.8,90.1,LOW
GRD-05253,STU-05253,2024,First_Term_Sep_Dec,17,0,0,31.9,,MEDIUM
GRD-05254,STU-05254,2025,First_Term_Sep_Dec,14,0,0,36.8,0.7,LOW
GRD-05255,STU-05255,2024,Second_Term_Jan_Apr,10,2,0,30.0,70.1,LOW
GRD-05256,STU-05256,2023,Third_Term_May_Jul,24,1,0,87.0,3.6,LOW
GRD-05257,STU-05257,2024,Third_Term_May_Jul,56,2,0,15.1,50.1,MEDIUM
GRD-05258,STU-05258,2024,Second_Term_Jan_Apr,3,2,0,29.9,57.4,LOW
GRD-05259,STU-05259,2023,First_Term_Sep_Dec,0,0,1,88.7,3.5,LOW
GRD-05260,STU-05260,2023,First_Term_Sep_Dec,90,4,0,7.7,,HIGH
GRD-05261,STU-05261,2024,First_Term_Sep_Dec,26,2,0,25.0,52.0,LOW
GRD-05262,STU-05262,2023,Second_Term_Jan_Apr,14,0,0,24.0,,LOW
GRD-05263,STU-05263,2024,Second_Term_Jan_Apr,16,0,0,27.9,,MEDIUM
GRD-05264,STU-05264,2025,Second_Term_Jan_Apr,38,0,0,75.1,7.2,LOW
GRD-05265,STU-05265,2023,Second_Term_Jan_Apr,36,0,0,83.5,3.0,LOW
GRD-05266,STU-05266,2023,First_Term_Sep_Dec,106,7,0,2.5,,HIGH
GRD-05267,STU-05267,2023,First_Term_Sep_Dec,0,2,0,27.8,75.4,LOW
GRD-05268,STU-05268,2023,First_Term_Sep_Dec,17,0,0,92.3,4.9,LOW
GRD-05269,STU-05269,2023,First_Term_Sep_Dec,15,0,0,26.5,,MEDIUM
GRD-05270,STU-05270,2024,Second_Term_Jan_Apr,155,7,0,4.9,,HIGH
GRD-05271,STU-05271,2025,Second_Term_Jan_Apr,33,0,0,81.3,7.7,LOW
GRD-05272,STU-05272,2025,Second_Term_Jan_Apr,113,3,0,3.2,,HIGH
GRD-05273,STU-05273,2025,First_Term_Sep_Dec,0,1,1,85.7,3.8,LOW
GRD-05274,STU-05274,2024,Second_Term_Jan_Apr,38,0,0,74.8,4.9,LOW
GRD-05275,STU-05275,2025,Second_Term_Jan_Apr,33,0,0,78.3,7.9,LOW
GRD-05276,STU-05276,2023,Second_Term_Jan_Apr,116,6,0,5.5,,HIGH
GRD-05277,STU-05277,2023,First_Term_Sep_Dec,14,0,0,20.2,,LOW
GRD-05278,STU-05278,2024,Second_Term_Jan_Apr,23,0,0,32.8,0.5,LOW
GRD-05279,STU-05279,2023,First_Term_Sep_Dec,17,1,0,90.4,3.5,LOW
GRD-05280,STU-05280,2024,First_Term_Sep_Dec,0,1,1,95.7,2.1,LOW
GRD-05281,STU-05281,2024,Second_Term_Jan_Apr,48,1,0,83.3,2.8,LOW
GRD-05282,STU-05282,2025,Third_Term_May_Jul,41,3,0,19.1,58.0,MEDIUM
GRD-05283,STU-05283,2023,Second_Term_Jan_Apr,39,1,0,30.6,82.9,MEDIUM
GRD-05284,STU-05284,2024,Second_Term_Jan_Apr,63,2,0,29.0,42.9,MEDIUM
GRD-05285,STU-05285,2023,Third_Term_May_Jul,118,6,0,4.8,,HIGH
GRD-05286,STU-05286,2024,First_Term_Sep_Dec,15,0,0,22.8,,MEDIUM
GRD-05287,STU-05287,2024,Third_Term_May_Jul,123,6,0,1.3,,HIGH
GRD-05288,STU-05288,2023,Second_Term_Jan_Apr,32,1,0,24.8,90.4,MEDIUM
GRD-05289,STU-05289,2024,Third_Term_May_Jul,18,0,0,28.0,0.6,LOW
GRD-05290,STU-05290,2025,Second_Term_Jan_Apr,128,6,0,0.5,,HIGH
GRD-05291,STU-05291,2023,Third_Term_May_Jul,35,0,0,84.5,1.7,LOW
GRD-05292,STU-05292,2023,Second_Term_Jan_Apr,196,4,0,4.7,,HIGH
GRD-05293,STU-05293,2024,Second_Term_Jan_Apr,23,0,0,25.4,0.8,LOW
GRD-05294,STU-05294,2024,First_Term_Sep_Dec,10,1,0,86.5,3.8,LOW
GRD-05295,STU-05295,2025,First_Term_Sep_Dec,90,3,0,9.5,,HIGH
GRD-05296,STU-05296,2024,Third_Term_May_Jul,22,1,0,100.0,2.8,LOW
GRD-05297,STU-05297,2025,Second_Term_Jan_Apr,44,0,0,86.7,9.0,LOW
GRD-05298,STU-05298,2023,Third_Term_May_Jul,27,1,0,100.0,6.1,LOW
GRD-05299,STU-05299,2025,Second_Term_Jan_Apr,7,2,0,25.5,69.7,LOW
GRD-05300,STU-05300,2025,Second_Term_Jan_Apr,31,2,0,33.1,88.2,MEDIUM
GRD-05301,STU-05301,2025,Second_Term_Jan_Apr,31,0,0,86.3,5.7,LOW
GRD-05302,STU-05302,2025,Second_Term_Jan_Apr,13,0,0,26.9,,LOW
GRD-05303,STU-05303,2025,Second_Term_Jan_Apr,25,0,0,27.0,,MEDIUM
GRD-05304,STU-05304,2025,Second_Term_Jan_Apr,34,1,0,87.4,5.1,LOW
GRD-05305,STU-05305,2025,First_Term_Sep_Dec,31,2,0,22.3,58.7,MEDIUM
GRD-05306,STU-05306,2024,Second_Term_Jan_Apr,147,3,0,0.0,,HIGH
GRD-05307,STU-05307,2024,Third_Term_May_Jul,19,0,0,91.0,2.1,LOW
GRD-05308,STU-05308,2025,First_Term_Sep_Dec,0,1,1,27.2,70.5,LOW
GRD-05309,STU-05309,2025,First_Term_Sep_Dec,17,1,0,84.1,2.8,LOW
GRD-05310,STU-05310,2025,Third_Term_May_Jul,32,0,0,92.7,6.0,LOW
GRD-05311,STU-05311,2023,First_Term_Sep_Dec,80,1,0,27.2,78.3,MEDIUM
GRD-05312,STU-05312,2023,First_Term_Sep_Dec,17,0,0,95.2,3.3,LOW
GRD-05313,STU-05313,2024,First_Term_Sep_Dec,16,1,0,98.8,5.4,LOW
GRD-05314,STU-05314,2023,First_Term_Sep_Dec,23,1,0,91.4,4.7,LOW
GRD-05315,STU-05315,2023,First_Term_Sep_Dec,14,1,0,79.7,3.0,LOW
GRD-05316,STU-05316,2025,First_Term_Sep_Dec,12,0,0,98.8,1.3,LOW
GRD-05317,STU-05317,2023,Third_Term_May_Jul,20,0,0,100.0,4.6,LOW
GRD-05318,STU-05318,2023,Second_Term_Jan_Apr,31,2,0,22.6,58.2,MEDIUM
GRD-05319,STU-05319,2023,Second_Term_Jan_Apr,102,2,0,35.9,39.0,MEDIUM
GRD-05320,STU-05320,2025,Second_Term_Jan_Apr,109,5,0,3.8,,HIGH
GRD-05321,STU-05321,2025,Second_Term_Jan_Apr,20,0,0,30.6,0.6,LOW
GRD-05322,STU-05322,2023,First_Term_Sep_Dec,0,0,1,19.9,40.3,LOW
GRD-05323,STU-05323,2024,First_Term_Sep_Dec,95,5,0,7.8,,HIGH
GRD-05324,STU-05324,2025,First_Term_Sep_Dec,90,4,0,4.4,,HIGH
GRD-05325,STU-05325,2023,First_Term_Sep_Dec,67,1,0,25.6,69.2,MEDIUM
GRD-05326,STU-05326,2023,Third_Term_May_Jul,26,0,0,99.3,4.1,LOW
GRD-05327,STU-05327,2023,Second_Term_Jan_Apr,40,1,0,76.3,5.5,LOW
GRD-05328,STU-05328,2023,Third_Term_May_Jul,28,0,0,87.8,3.2,LOW
GRD-05329,STU-05329,2025,Third_Term_May_Jul,0,0,1,23.0,0.7,LOW
GRD-05330,STU-05330,2025,Second_Term_Jan_Apr,45,0,0,83.9,3.6,LOW
GRD-05331,STU-05331,2023,Second_Term_Jan_Apr,34,1,0,86.9,4.9,LOW
GRD-05332,STU-05332,2025,Third_Term_May_Jul,21,0,0,91.7,2.9,LOW
GRD-05333,STU-05333,2025,First_Term_Sep_Dec,30,1,0,15.2,63.6,LOW
GRD-05334,STU-05334,2025,Third_Term_May_Jul,34,0,0,97.0,1.0,LOW
GRD-05335,STU-05335,2025,First_Term_Sep_Dec,90,3,0,7.8,,HIGH
GRD-05336,STU-05336,2023,Third_Term_May_Jul,22,0,0,34.7,53.5,LOW
GRD-05337,STU-05337,2025,Third_Term_May_Jul,36,2,0,20.5,60.3,MEDIUM
GRD-05338,STU-05338,2024,Third_Term_May_Jul,171,4,0,5.8,,HIGH
GRD-05339,STU-05339,2023,Second_Term_Jan_Apr,18,0,0,27.3,,MEDIUM
GRD-05340,STU-05340,2025,First_Term_Sep_Dec,12,1,0,92.2,2.7,LOW
GRD-05341,STU-05341,2025,First_Term_Sep_Dec,19,0,0,87.5,5.7,LOW
GRD-05342,STU-05342,2024,First_Term_Sep_Dec,19,0,0,31.1,0.5,LOW
GRD-05343,STU-05343,2023,First_Term_Sep_Dec,31,2,0,22.0,52.5,MEDIUM
GRD-05344,STU-05344,2024,Third_Term_May_Jul,25,0,0,97.5,5.2,LOW
GRD-05345,STU-05345,2024,First_Term_Sep_Dec,21,0,0,30.7,0.6,LOW
GRD-05346,STU-05346,2023,Second_Term_Jan_Apr,72,3,0,33.7,62.6,MEDIUM
GRD-05347,STU-05347,2023,Second_Term_Jan_Apr,20,0,0,25.4,,MEDIUM
GRD-05348,STU-05348,2025,Third_Term_May_Jul,16,0,0,29.3,,MEDIUM
GRD-05349,STU-05349,2025,First_Term_Sep_Dec,10,1,0,89.1,4.8,LOW
GRD-05350,STU-05350,2025,Second_Term_Jan_Apr,35,0,0,82.4,6.6,LOW
GRD-05351,STU-05351,2024,Second_Term_Jan_Apr,0,1,1,19.3,68.3,LOW
GRD-05352,STU-05352,2025,Second_Term_Jan_Apr,38,2,0,85.7,6.4,LOW
GRD-05353,STU-05353,2024,Second_Term_Jan_Apr,97,7,0,5.3,,HIGH
GRD-05354,STU-05354,2025,First_Term_Sep_Dec,0,1,1,32.1,54.4,LOW
GRD-05355,STU-05355,2023,Second_Term_Jan_Apr,13,0,0,27.2,,LOW
GRD-05356,STU-05356,2024,First_Term_Sep_Dec,0,1,1,99.7,3.2,LOW
GRD-05357,STU-05357,2023,First_Term_Sep_Dec,0,0,1,34.0,0.6,LOW
GRD-05358,STU-05358,2025,Second_Term_Jan_Apr,30,1,0,16.8,42.2,LOW
GRD-05359,STU-05359,2025,Second_Term_Jan_Apr,16,0,0,29.6,,MEDIUM
GRD-05360,STU-05360,2023,Third_Term_May_Jul,145,5,0,6.1,,HIGH
GRD-05361,STU-05361,2023,First_Term_Sep_Dec,90,3,0,3.6,,HIGH
GRD-05362,STU-05362,2025,Third_Term_May_Jul,14,1,0,26.6,69.2,LOW
GRD-05363,STU-05363,2023,First_Term_Sep_Dec,90,3,0,7.0,,HIGH
GRD-05364,STU-05364,2024,Second_Term_Jan_Apr,126,4,0,2.7,,HIGH
GRD-05365,STU-05365,2023,First_Term_Sep_Dec,90,1,0,4.9,,HIGH
GRD-05366,STU-05366,2025,Third_Term_May_Jul,34,1,0,86.1,5.2,LOW
GRD-05367,STU-05367,2023,Third_Term_May_Jul,20,1,0,92.2,4.4,LOW
GRD-05368,STU-05368,2025,Second_Term_Jan_Apr,0,0,1,78.4,3.6,LOW
GRD-05369,STU-05369,2023,Third_Term_May_Jul,18,0,0,88.2,3.6,LOW
GRD-05370,STU-05370,2023,Third_Term_May_Jul,0,1,1,17.5,61.8,LOW
GRD-05371,STU-05371,2023,First_Term_Sep_Dec,90,0,0,4.4,,HIGH
GRD-05372,STU-05372,2024,First_Term_Sep_Dec,90,6,0,8.6,,HIGH
GRD-05373,STU-05373,2025,Third_Term_May_Jul,53,2,0,27.5,76.0,MEDIUM
GRD-05374,STU-05374,2025,Third_Term_May_Jul,132,4,0,0.0,,HIGH
GRD-05375,STU-05375,2024,First_Term_Sep_Dec,16,0,0,28.0,0.4,LOW
GRD-05376,STU-05376,2023,Third_Term_May_Jul,25,0,0,95.4,3.0,LOW
GRD-05377,STU-05377,2023,First_Term_Sep_Dec,0,1,1,80.1,4.6,LOW
GRD-05378,STU-05378,2024,Second_Term_Jan_Apr,46,1,0,91.8,5.5,LOW
GRD-05379,STU-05379,2024,Third_Term_May_Jul,36,1,0,94.2,3.7,LOW
GRD-05380,STU-05380,2023,First_Term_Sep_Dec,15,0,0,27.1,0.6,LOW
GRD-05381,STU-05381,2023,First_Term_Sep_Dec,16,0,0,29.1,0.6,LOW
GRD-05382,STU-05382,2024,First_Term_Sep_Dec,90,6,0,3.5,,HIGH
GRD-05383,STU-05383,2025,Third_Term_May_Jul,5,1,0,29.7,70.5,LOW
GRD-05384,STU-05384,2024,First_Term_Sep_Dec,14,0,0,95.6,3.9,LOW
GRD-05385,STU-05385,2023,First_Term_Sep_Dec,13,0,0,29.6,,LOW
GRD-05386,STU-05386,2023,First_Term_Sep_Dec,56,0,0,19.4,59.6,LOW
GRD-05387,STU-05387,2025,Second_Term_Jan_Apr,30,1,0,19.5,101.3,LOW
GRD-05388,STU-05388,2025,Second_Term_Jan_Apr,58,3,0,26.0,42.6,MEDIUM
GRD-05389,STU-05389,2024,Second_Term_Jan_Apr,0,0,1,76.0,4.9,LOW
GRD-05390,STU-05390,2025,Second_Term_Jan_Apr,0,2,0,24.5,59.6,LOW
GRD-05391,STU-05391,2024,First_Term_Sep_Dec,49,0,0,23.2,58.9,LOW
GRD-05392,STU-05392,2023,First_Term_Sep_Dec,67,2,0,31.3,62.6,MEDIUM
GRD-05393,STU-05393,2025,First_Term_Sep_Dec,16,0,0,20.0,,MEDIUM
GRD-05394,STU-05394,2023,First_Term_Sep_Dec,0,2,1,27.6,75.4,LOW
GRD-05395,STU-05395,2023,Second_Term_Jan_Apr,23,0,0,23.8,,MEDIUM
GRD-05396,STU-05396,2023,First_Term_Sep_Dec,90,6,0,3.0,,HIGH
GRD-05397,STU-05397,2025,First_Term_Sep_Dec,22,0,0,20.9,0.8,LOW
GRD-05398,STU-05398,2023,Second_Term_Jan_Apr,131,6,0,3.9,,HIGH
GRD-05399,STU-05399,2025,First_Term_Sep_Dec,0,0,1,34.2,0.5,LOW
GRD-05400,STU-05400,2023,Third_Term_May_Jul,72,2,0,31.5,67.7,MEDIUM
GRD-05401,STU-05401,2025,First_Term_Sep_Dec,90,4,0,5.7,,HIGH
GRD-05402,STU-05402,2025,Second_Term_Jan_Apr,106,4,0,7.2,,HIGH
GRD-05403,STU-05403,2023,Third_Term_May_Jul,13,0,0,34.2,,LOW
GRD-05404,STU-05404,2024,First_Term_Sep_Dec,17,1,0,90.6,1.1,LOW
GRD-05405,STU-05405,2023,First_Term_Sep_Dec,90,2,0,8.0,,HIGH
GRD-05406,STU-05406,2024,Second_Term_Jan_Apr,0,2,1,23.5,77.2,LOW
GRD-05407,STU-05407,2024,First_Term_Sep_Dec,20,2,0,19.9,33.0,LOW
GRD-05408,STU-05408,2024,Second_Term_Jan_Apr,21,0,0,31.5,,MEDIUM
GRD-05409,STU-05409,2024,Third_Term_May_Jul,14,0,0,25.2,0.7,LOW
GRD-05410,STU-05410,2023,Second_Term_Jan_Apr,135,6,0,7.8,,HIGH
GRD-05411,STU-05411,2025,Second_Term_Jan_Apr,51,0,0,76.1,5.9,LOW
GRD-05412,STU-05412,2024,Second_Term_Jan_Apr,33,0,0,86.2,2.4,LOW
GRD-05413,STU-05413,2024,Second_Term_Jan_Apr,68,1,0,26.6,46.4,MEDIUM
GRD-05414,STU-05414,2024,Second_Term_Jan_Apr,115,1,0,2.2,,HIGH
GRD-05415,STU-05415,2025,Third_Term_May_Jul,20,0,0,24.3,0.4,LOW
GRD-05416,STU-05416,2024,Third_Term_May_Jul,144,5,0,2.9,,HIGH
GRD-05417,STU-05417,2025,Third_Term_May_Jul,16,1,0,23.5,74.1,LOW
GRD-05418,STU-05418,2024,First_Term_Sep_Dec,16,0,0,29.9,,MEDIUM
GRD-05419,STU-05419,2025,First_Term_Sep_Dec,13,0,0,33.4,,LOW
GRD-05420,STU-05420,2023,First_Term_Sep_Dec,19,0,0,31.4,,MEDIUM
GRD-05421,STU-05421,2023,Third_Term_May_Jul,148,4,0,7.7,,HIGH
GRD-05422,STU-05422,2024,First_Term_Sep_Dec,18,0,0,29.7,,MEDIUM
GRD-05423,STU-05423,2025,First_Term_Sep_Dec,18,0,0,24.6,,MEDIUM
GRD-05424,STU-05424,2025,First_Term_Sep_Dec,51,0,0,24.8,61.2,LOW
GRD-05425,STU-05425,2024,Second_Term_Jan_Apr,118,4,0,4.0,,HIGH
GRD-05426,STU-05426,2025,Third_Term_May_Jul,34,0,0,92.6,4.9,LOW
GRD-05427,STU-05427,2025,Third_Term_May_Jul,38,2,0,27.4,63.0,MEDIUM
GRD-05428,STU-05428,2023,Third_Term_May_Jul,22,0,0,85.2,3.6,LOW
GRD-05429,STU-05429,2023,Second_Term_Jan_Apr,56,0,0,82.2,3.4,LOW
GRD-05430,STU-05430,2023,First_Term_Sep_Dec,90,2,0,5.1,,HIGH
GRD-05431,STU-05431,2025,First_Term_Sep_Dec,15,0,0,32.6,,MEDIUM
GRD-05432,STU-05432,2024,Third_Term_May_Jul,142,2,0,5.4,,HIGH
GRD-05433,STU-05433,2023,Second_Term_Jan_Apr,18,1,0,27.9,78.9,LOW
GRD-05434,STU-05434,2025,First_Term_Sep_Dec,51,2,0,24.9,53.7,MEDIUM
GRD-05435,STU-05435,2024,Third_Term_May_Jul,27,0,0,87.8,5.2,LOW
GRD-05436,STU-05436,2024,First_Term_Sep_Dec,19,0,0,31.1,0.7,LOW
GRD-05437,STU-05437,2024,Third_Term_May_Jul,128,4,0,2.7,,HIGH
GRD-05438,STU-05438,2025,Third_Term_May_Jul,156,7,0,1.0,,HIGH
GRD-05439,STU-05439,2023,Second_Term_Jan_Apr,135,7,0,5.2,,HIGH
GRD-05440,STU-05440,2023,Third_Term_May_Jul,12,0,0,40.0,0.6,LOW
GRD-05441,STU-05441,2025,First_Term_Sep_Dec,20,0,0,80.9,1.7,LOW
GRD-05442,STU-05442,2023,Second_Term_Jan_Apr,15,0,0,25.0,0.8,LOW
GRD-05443,STU-05443,2025,First_Term_Sep_Dec,18,0,0,33.8,,MEDIUM
GRD-05444,STU-05444,2024,Third_Term_May_Jul,30,2,0,26.9,61.8,LOW
GRD-05445,STU-05445,2025,Third_Term_May_Jul,36,1,0,30.2,64.9,MEDIUM
GRD-05446,STU-05446,2023,Third_Term_May_Jul,22,0,0,38.0,0.4,LOW
GRD-05447,STU-05447,2025,Second_Term_Jan_Apr,0,1,1,23.3,40.6,LOW
GRD-05448,STU-05448,2025,Second_Term_Jan_Apr,54,3,0,25.5,79.9,MEDIUM
GRD-05449,STU-05449,2024,Third_Term_May_Jul,0,1,1,30.2,57.3,LOW
GRD-05450,STU-05450,2025,Second_Term_Jan_Apr,11,0,0,21.4,,LOW
GRD-05451,STU-05451,2025,Second_Term_Jan_Apr,11,0,0,27.4,0.3,LOW
GRD-05452,STU-05452,2025,Second_Term_Jan_Apr,133,4,0,4.8,,HIGH
GRD-05453,STU-05453,2023,Third_Term_May_Jul,27,0,0,90.4,4.2,LOW
GRD-05454,STU-05454,2024,Third_Term_May_Jul,140,3,0,2.5,,HIGH
GRD-05455,STU-05455,2023,First_Term_Sep_Dec,90,4,0,10.4,,HIGH
GRD-05456,STU-05456,2025,First_Term_Sep_Dec,0,2,0,36.9,41.3,LOW
GRD-05457,STU-05457,2025,Third_Term_May_Jul,113,6,0,2.4,,HIGH
GRD-05458,STU-05458,2024,Third_Term_May_Jul,26,1,0,83.1,4.0,LOW
GRD-05459,STU-05459,2023,Third_Term_May_Jul,39,0,0,92.0,0.9,LOW
GRD-05460,STU-05460,2024,Second_Term_Jan_Apr,17,0,0,20.9,0.5,LOW
GRD-05461,STU-05461,2024,Second_Term_Jan_Apr,155,6,0,5.7,,HIGH
GRD-05462,STU-05462,2024,Second_Term_Jan_Apr,41,0,0,84.8,6.1,LOW
GRD-05463,STU-05463,2024,Third_Term_May_Jul,0,1,1,90.6,3.1,LOW
GRD-05464,STU-05464,2023,Third_Term_May_Jul,24,0,0,93.2,5.1,LOW
GRD-05465,STU-05465,2023,Third_Term_May_Jul,120,5,0,3.3,,HIGH
GRD-05466,STU-05466,2023,First_Term_Sep_Dec,16,0,0,28.6,,MEDIUM
GRD-05467,STU-05467,2023,Second_Term_Jan_Apr,0,1,1,36.0,80.8,LOW
GRD-05468,STU-05468,2025,Second_Term_Jan_Apr,109,5,0,6.0,,HIGH
GRD-05469,STU-05469,2023,Third_Term_May_Jul,0,2,1,30.2,60.7,LOW
GRD-05470,STU-05470,2023,First_Term_Sep_Dec,91,4,0,6.5,,HIGH
GRD-05471,STU-05471,2025,Third_Term_May_Jul,63,1,0,30.7,67.9,MEDIUM
GRD-05472,STU-05472,2023,First_Term_Sep_Dec,42,2,0,24.8,84.4,MEDIUM
GRD-05473,STU-05473,2024,Second_Term_Jan_Apr,13,0,0,23.8,0.1,LOW
GRD-05474,STU-05474,2023,Third_Term_May_Jul,34,2,0,31.0,70.5,MEDIUM
GRD-05475,STU-05475,2025,First_Term_Sep_Dec,25,1,0,93.6,3.9,LOW
GRD-05476,STU-05476,2025,First_Term_Sep_Dec,16,0,0,99.7,3.8,LOW
GRD-05477,STU-05477,2025,Second_Term_Jan_Apr,145,3,0,5.9,,HIGH
GRD-05478,STU-05478,2023,First_Term_Sep_Dec,90,6,0,2.0,,HIGH
GRD-05479,STU-05479,2024,Third_Term_May_Jul,21,0,0,92.4,3.3,LOW
GRD-05480,STU-05480,2023,Second_Term_Jan_Apr,39,0,0,77.4,6.4,LOW
GRD-05481,STU-05481,2025,First_Term_Sep_Dec,16,0,0,95.8,2.3,LOW
GRD-05482,STU-05482,2024,Third_Term_May_Jul,40,1,0,92.0,4.4,LOW
GRD-05483,STU-05483,2024,Third_Term_May_Jul,32,1,0,22.2,56.1,MEDIUM
GRD-05484,STU-05484,2025,First_Term_Sep_Dec,12,0,0,35.8,,LOW
GRD-05485,STU-05485,2023,First_Term_Sep_Dec,143,4,0,6.3,,HIGH
GRD-05486,STU-05486,2024,Second_Term_Jan_Apr,4,2,0,30.9,75.4,LOW
GRD-05487,STU-05487,2023,Second_Term_Jan_Apr,38,1,0,75.0,2.0,LOW
GRD-05488,STU-05488,2023,Second_Term_Jan_Apr,52,1,0,24.0,79.2,MEDIUM
GRD-05489,STU-05489,2023,Second_Term_Jan_Apr,49,1,0,82.7,6.8,LOW
GRD-05490,STU-05490,2024,Second_Term_Jan_Apr,103,5,0,3.4,,HIGH
GRD-05491,STU-05491,2024,Third_Term_May_Jul,34,2,0,92.0,2.6,LOW
GRD-05492,STU-05492,2023,Second_Term_Jan_Apr,50,1,0,24.7,83.9,MEDIUM
GRD-05493,STU-05493,2023,First_Term_Sep_Dec,21,1,0,97.7,5.1,LOW
GRD-05494,STU-05494,2025,Second_Term_Jan_Apr,10,0,0,36.1,,LOW
GRD-05495,STU-05495,2023,First_Term_Sep_Dec,0,2,1,18.0,42.0,LOW
GRD-05496,STU-05496,2023,First_Term_Sep_Dec,16,0,0,37.7,0.4,LOW
GRD-05497,STU-05497,2023,Third_Term_May_Jul,20,1,0,88.7,1.7,LOW
GRD-05498,STU-05498,2024,Second_Term_Jan_Apr,17,0,0,34.1,0.3,LOW
GRD-05499,STU-05499,2023,Third_Term_May_Jul,30,1,0,89.9,4.8,LOW
GRD-05500,STU-05500,2024,First_Term_Sep_Dec,20,0,0,87.9,3.9,LOW
GRD-05501,STU-05501,2023,Second_Term_Jan_Apr,92,5,0,4.3,,HIGH
GRD-05502,STU-05502,2025,First_Term_Sep_Dec,14,0,0,23.8,,LOW
GRD-05503,STU-05503,2024,Third_Term_May_Jul,170,1,0,4.3,,HIGH
GRD-05504,STU-05504,2024,Second_Term_Jan_Apr,70,1,0,16.0,50.3,MEDIUM
GRD-05505,STU-05505,2023,Second_Term_Jan_Apr,34,0,0,83.9,4.3,LOW
GRD-05506,STU-05506,2023,Second_Term_Jan_Apr,19,0,0,38.3,0.7,LOW
GRD-05507,STU-05507,2023,Second_Term_Jan_Apr,46,0,0,86.2,4.1,LOW
GRD-05508,STU-05508,2024,Third_Term_May_Jul,22,0,0,91.8,4.9,LOW
GRD-05509,STU-05509,2023,First_Term_Sep_Dec,77,1,0,28.1,61.8,MEDIUM
GRD-05510,STU-05510,2025,Second_Term_Jan_Apr,37,1,0,84.3,6.4,LOW
GRD-05511,STU-05511,2023,Third_Term_May_Jul,32,1,0,97.9,2.2,LOW
GRD-05512,STU-05512,2024,Second_Term_Jan_Apr,39,1,0,29.1,71.2,MEDIUM
GRD-05513,STU-05513,2023,Second_Term_Jan_Apr,32,1,0,79.4,5.6,LOW
GRD-05514,STU-05514,2025,Second_Term_Jan_Apr,27,2,0,22.6,66.7,LOW
GRD-05515,STU-05515,2025,Second_Term_Jan_Apr,44,1,0,82.7,4.6,LOW
GRD-05516,STU-05516,2023,First_Term_Sep_Dec,14,1,0,97.8,2.4,LOW
GRD-05517,STU-05517,2023,Third_Term_May_Jul,62,2,0,33.1,73.4,MEDIUM
GRD-05518,STU-05518,2025,First_Term_Sep_Dec,21,0,0,22.4,,MEDIUM
GRD-05519,STU-05519,2024,Third_Term_May_Jul,0,3,1,13.5,66.2,LOW
GRD-05520,STU-05520,2023,Second_Term_Jan_Apr,0,1,1,14.9,64.9,LOW
GRD-05521,STU-05521,2025,First_Term_Sep_Dec,31,1,0,21.0,60.6,MEDIUM
GRD-05522,STU-05522,2023,Second_Term_Jan_Apr,0,1,0,30.1,76.1,LOW
GRD-05523,STU-05523,2024,First_Term_Sep_Dec,90,2,0,7.8,,HIGH
GRD-05524,STU-05524,2025,Third_Term_May_Jul,38,0,0,21.6,64.5,LOW
GRD-05525,STU-05525,2025,Third_Term_May_Jul,33,1,0,20.1,71.4,MEDIUM
GRD-05526,STU-05526,2025,Third_Term_May_Jul,24,1,0,100.0,4.0,LOW
GRD-05527,STU-05527,2025,Second_Term_Jan_Apr,137,3,0,4.8,,HIGH
GRD-05528,STU-05528,2023,First_Term_Sep_Dec,13,0,0,28.5,,LOW
GRD-05529,STU-05529,2024,First_Term_Sep_Dec,17,0,0,26.4,,MEDIUM
GRD-05530,STU-05530,2024,First_Term_Sep_Dec,20,0,0,99.6,2.9,LOW
GRD-05531,STU-05531,2024,Third_Term_May_Jul,0,2,0,26.0,66.4,LOW
GRD-05532,STU-05532,2024,Second_Term_Jan_Apr,12,0,0,34.1,,LOW
GRD-05533,STU-05533,2025,First_Term_Sep_Dec,24,0,0,32.3,0.3,LOW
GRD-05534,STU-05534,2025,Second_Term_Jan_Apr,141,6,0,5.5,,HIGH
GRD-05535,STU-05535,2024,First_Term_Sep_Dec,95,4,0,7.7,,HIGH
GRD-05536,STU-05536,2025,Third_Term_May_Jul,15,0,0,24.3,,MEDIUM
GRD-05537,STU-05537,2024,Second_Term_Jan_Apr,103,6,0,7.6,,HIGH
GRD-05538,STU-05538,2024,Second_Term_Jan_Apr,15,0,0,21.6,,MEDIUM
GRD-05539,STU-05539,2024,First_Term_Sep_Dec,19,1,0,100.0,2.2,LOW
GRD-05540,STU-05540,2025,First_Term_Sep_Dec,90,6,0,7.3,,HIGH
GRD-05541,STU-05541,2025,Third_Term_May_Jul,188,2,0,5.5,,HIGH
GRD-05542,STU-05542,2024,Second_Term_Jan_Apr,14,0,0,37.6,0.6,LOW
GRD-05543,STU-05543,2025,Third_Term_May_Jul,22,0,0,29.3,,MEDIUM
GRD-05544,STU-05544,2024,First_Term_Sep_Dec,13,0,0,36.4,0.6,LOW
GRD-05545,STU-05545,2025,Second_Term_Jan_Apr,48,0,0,81.8,6.6,LOW
GRD-05546,STU-05546,2025,Third_Term_May_Jul,18,0,0,100.0,3.7,LOW
GRD-05547,STU-05547,2024,Second_Term_Jan_Apr,128,6,0,7.0,,HIGH
GRD-05548,STU-05548,2024,First_Term_Sep_Dec,11,0,0,24.4,0.6,LOW
GRD-05549,STU-05549,2024,Second_Term_Jan_Apr,19,0,0,82.2,4.5,LOW
GRD-05550,STU-05550,2024,Third_Term_May_Jul,43,1,0,31.2,58.9,MEDIUM
GRD-05551,STU-05551,2025,Second_Term_Jan_Apr,13,0,0,36.8,,LOW
GRD-05552,STU-05552,2024,Second_Term_Jan_Apr,24,1,0,79.7,3.2,LOW
GRD-05553,STU-05553,2023,Second_Term_Jan_Apr,78,2,0,21.3,74.3,MEDIUM
GRD-05554,STU-05554,2024,Third_Term_May_Jul,138,4,0,5.8,,HIGH
GRD-05555,STU-05555,2025,First_Term_Sep_Dec,0,2,1,22.8,50.1,LOW
GRD-05556,STU-05556,2024,Second_Term_Jan_Apr,106,2,0,19.7,65.5,MEDIUM
GRD-05557,STU-05557,2024,First_Term_Sep_Dec,37,1,0,20.5,35.4,MEDIUM
GRD-05558,STU-05558,2025,First_Term_Sep_Dec,22,1,0,93.3,3.2,LOW
GRD-05559,STU-05559,2024,Third_Term_May_Jul,131,4,0,0.0,,HIGH
GRD-05560,STU-05560,2023,Third_Term_May_Jul,16,0,0,33.0,,MEDIUM
GRD-05561,STU-05561,2025,First_Term_Sep_Dec,12,0,0,92.8,2.9,LOW
GRD-05562,STU-05562,2025,First_Term_Sep_Dec,19,0,0,97.4,3.5,LOW
GRD-05563,STU-05563,2025,Third_Term_May_Jul,11,0,0,28.8,,LOW
GRD-05564,STU-05564,2025,Third_Term_May_Jul,21,0,0,28.8,,MEDIUM
GRD-05565,STU-05565,2025,Second_Term_Jan_Apr,113,2,0,0.0,,HIGH
GRD-05566,STU-05566,2025,Third_Term_May_Jul,0,1,0,37.0,48.7,LOW
GRD-05567,STU-05567,2024,Second_Term_Jan_Apr,13,0,0,30.5,0.5,LOW
GRD-05568,STU-05568,2025,Third_Term_May_Jul,92,5,0,3.1,,HIGH
GRD-05569,STU-05569,2023,First_Term_Sep_Dec,102,1,0,8.6,,HIGH
GRD-05570,STU-05570,2023,Third_Term_May_Jul,21,0,0,34.8,0.7,LOW
GRD-05571,STU-05571,2025,Second_Term_Jan_Apr,115,5,0,6.9,,HIGH
GRD-05572,STU-05572,2025,First_Term_Sep_Dec,123,4,0,3.2,,HIGH
GRD-05573,STU-05573,2023,Second_Term_Jan_Apr,73,1,0,12.8,68.7,MEDIUM
GRD-05574,STU-05574,2024,Second_Term_Jan_Apr,37,1,0,23.7,75.9,MEDIUM
GRD-05575,STU-05575,2024,First_Term_Sep_Dec,19,0,0,96.6,3.3,LOW
GRD-05576,STU-05576,2025,Third_Term_May_Jul,148,5,0,2.9,,HIGH
GRD-05577,STU-05577,2025,Second_Term_Jan_Apr,42,0,0,20.1,55.6,LOW
GRD-05578,STU-05578,2024,First_Term_Sep_Dec,22,0,0,83.6,4.2,LOW
GRD-05579,STU-05579,2024,Third_Term_May_Jul,29,0,0,92.4,5.2,LOW
GRD-05580,STU-05580,2025,First_Term_Sep_Dec,16,0,0,29.4,0.6,LOW
GRD-05581,STU-05581,2024,Second_Term_Jan_Apr,42,2,0,16.9,67.9,MEDIUM
GRD-05582,STU-05582,2025,Third_Term_May_Jul,138,4,0,3.7,,HIGH
GRD-05583,STU-05583,2025,Second_Term_Jan_Apr,48,0,0,80.2,3.7,LOW
GRD-05584,STU-05584,2023,Second_Term_Jan_Apr,25,0,0,40.0,,LOW
GRD-05585,STU-05585,2025,First_Term_Sep_Dec,19,1,0,95.9,4.4,LOW
GRD-05586,STU-05586,2024,First_Term_Sep_Dec,22,0,0,25.2,0.5,LOW
GRD-05587,STU-05587,2025,Second_Term_Jan_Apr,48,0,0,80.5,2.2,LOW
GRD-05588,STU-05588,2024,Third_Term_May_Jul,19,0,0,31.1,,MEDIUM
GRD-05589,STU-05589,2024,First_Term_Sep_Dec,90,5,0,7.7,,HIGH
GRD-05590,STU-05590,2024,First_Term_Sep_Dec,11,0,0,92.3,4.4,LOW
GRD-05591,STU-05591,2025,Second_Term_Jan_Apr,0,1,1,29.9,66.0,LOW
GRD-05592,STU-05592,2025,Second_Term_Jan_Apr,38,0,0,85.8,5.8,LOW
GRD-05593,STU-05593,2025,First_Term_Sep_Dec,0,1,1,21.4,33.0,LOW
GRD-05594,STU-05594,2023,Second_Term_Jan_Apr,0,2,1,27.4,108.9,LOW
GRD-05595,STU-05595,2025,First_Term_Sep_Dec,20,0,0,32.7,,MEDIUM
GRD-05596,STU-05596,2025,Third_Term_May_Jul,16,0,0,37.8,,MEDIUM
GRD-05597,STU-05597,2024,First_Term_Sep_Dec,18,0,0,99.6,3.1,LOW
GRD-05598,STU-05598,2025,Third_Term_May_Jul,58,2,0,16.0,72.2,MEDIUM
GRD-05599,STU-05599,2024,Second_Term_Jan_Apr,123,3,0,3.9,,HIGH
GRD-05600,STU-05600,2023,Second_Term_Jan_Apr,18,0,0,24.5,0.5,LOW
GRD-05601,STU-05601,2025,Third_Term_May_Jul,33,1,0,83.2,2.3,LOW
GRD-05602,STU-05602,2023,Second_Term_Jan_Apr,111,3,0,0.5,,HIGH
GRD-05603,STU-05603,2025,Second_Term_Jan_Apr,112,6,0,0.7,,HIGH
GRD-05604,STU-05604,2025,First_Term_Sep_Dec,19,0,0,28.2,,MEDIUM
GRD-05605,STU-05605,2024,First_Term_Sep_Dec,13,0,0,96.6,5.6,LOW
GRD-05606,STU-05606,2023,First_Term_Sep_Dec,15,0,0,34.6,,MEDIUM
GRD-05607,STU-05607,2024,Third_Term_May_Jul,37,1,0,96.2,6.4,LOW
GRD-05608,STU-05608,2024,Third_Term_May_Jul,15,0,0,31.3,,MEDIUM
GRD-05609,STU-05609,2024,Second_Term_Jan_Apr,41,0,0,86.7,5.4,LOW
GRD-05610,STU-05610,2024,Third_Term_May_Jul,155,4,0,9.6,,HIGH
GRD-05611,STU-05611,2023,Third_Term_May_Jul,25,0,0,95.1,4.9,LOW
GRD-05612,STU-05612,2024,First_Term_Sep_Dec,90,4,0,4.3,,HIGH
GRD-05613,STU-05613,2025,Second_Term_Jan_Apr,21,0,0,79.7,4.0,LOW
GRD-05614,STU-05614,2025,Second_Term_Jan_Apr,20,0,0,28.6,,MEDIUM
GRD-05615,STU-05615,2025,First_Term_Sep_Dec,20,0,0,26.8,0.3,LOW
GRD-05616,STU-05616,2025,First_Term_Sep_Dec,0,2,1,14.3,60.2,LOW
GRD-05617,STU-05617,2024,Second_Term_Jan_Apr,34,2,0,22.8,123.6,MEDIUM
GRD-05618,STU-05618,2024,Second_Term_Jan_Apr,13,0,0,35.9,,LOW
GRD-05619,STU-05619,2024,Second_Term_Jan_Apr,18,0,0,22.3,0.1,LOW
GRD-05620,STU-05620,2024,First_Term_Sep_Dec,17,0,0,21.3,,MEDIUM
GRD-05621,STU-05621,2025,Second_Term_Jan_Apr,147,4,0,8.2,,HIGH
GRD-05622,STU-05622,2024,Second_Term_Jan_Apr,25,1,0,27.8,77.1,LOW
GRD-05623,STU-05623,2023,First_Term_Sep_Dec,90,0,0,0.1,,HIGH
GRD-05624,STU-05624,2023,Second_Term_Jan_Apr,41,1,0,83.9,4.4,LOW
GRD-05625,STU-05625,2023,First_Term_Sep_Dec,14,0,0,30.9,0.6,LOW
GRD-05626,STU-05626,2025,Third_Term_May_Jul,26,1,0,87.8,5.1,LOW
GRD-05627,STU-05627,2025,Second_Term_Jan_Apr,108,3,0,6.1,,HIGH
GRD-05628,STU-05628,2024,Third_Term_May_Jul,16,0,0,27.3,,MEDIUM
GRD-05629,STU-05629,2023,Second_Term_Jan_Apr,22,0,0,34.1,,MEDIUM
GRD-05630,STU-05630,2023,First_Term_Sep_Dec,57,2,0,21.2,49.2,MEDIUM
GRD-05631,STU-05631,2024,First_Term_Sep_Dec,30,1,0,34.4,47.4,LOW
GRD-05632,STU-05632,2025,Third_Term_May_Jul,131,7,0,5.8,,HIGH
GRD-05633,STU-05633,2023,First_Term_Sep_Dec,22,0,0,23.5,,MEDIUM
GRD-05634,STU-05634,2024,First_Term_Sep_Dec,90,2,0,7.9,,HIGH
GRD-05635,STU-05635,2025,First_Term_Sep_Dec,28,1,0,30.3,74.0,LOW
GRD-05636,STU-05636,2025,First_Term_Sep_Dec,90,4,0,3.8,,HIGH
GRD-05637,STU-05637,2023,First_Term_Sep_Dec,13,0,0,28.8,,LOW
GRD-05638,STU-05638,2025,Third_Term_May_Jul,31,0,0,100.0,3.2,LOW
GRD-05639,STU-05639,2023,First_Term_Sep_Dec,24,0,0,33.9,,MEDIUM
GRD-05640,STU-05640,2024,First_Term_Sep_Dec,18,0,0,91.9,2.6,LOW
GRD-05641,STU-05641,2025,First_Term_Sep_Dec,20,0,0,30.9,0.6,LOW
GRD-05642,STU-05642,2024,First_Term_Sep_Dec,20,1,0,17.0,68.0,LOW
GRD-05643,STU-05643,2025,First_Term_Sep_Dec,90,6,0,4.1,,HIGH
GRD-05644,STU-05644,2024,First_Term_Sep_Dec,24,2,0,25.6,67.0,LOW
GRD-05645,STU-05645,2023,Second_Term_Jan_Apr,32,1,0,23.7,87.0,MEDIUM
GRD-05646,STU-05646,2025,Second_Term_Jan_Apr,15,1,0,22.2,79.0,LOW
GRD-05647,STU-05647,2025,Third_Term_May_Jul,90,5,0,4.1,,HIGH
GRD-05648,STU-05648,2025,Second_Term_Jan_Apr,17,0,0,27.7,0.5,LOW
GRD-05649,STU-05649,2024,Third_Term_May_Jul,35,1,0,28.8,57.2,MEDIUM
GRD-05650,STU-05650,2024,Second_Term_Jan_Apr,49,1,0,26.4,46.5,MEDIUM
GRD-05651,STU-05651,2023,Second_Term_Jan_Apr,26,2,0,29.4,61.1,LOW
GRD-05652,STU-05652,2023,First_Term_Sep_Dec,11,0,0,78.7,4.3,LOW
GRD-05653,STU-05653,2024,First_Term_Sep_Dec,18,0,0,95.0,4.2,LOW
GRD-05654,STU-05654,2023,Second_Term_Jan_Apr,0,1,1,29.9,39.0,LOW
GRD-05655,STU-05655,2023,Second_Term_Jan_Apr,11,0,0,40.0,,LOW
GRD-05656,STU-05656,2025,First_Term_Sep_Dec,76,2,0,31.8,51.8,MEDIUM
GRD-05657,STU-05657,2025,Third_Term_May_Jul,15,0,0,27.0,,MEDIUM
GRD-05658,STU-05658,2025,Second_Term_Jan_Apr,19,0,0,34.7,0.8,LOW
GRD-05659,STU-05659,2025,Second_Term_Jan_Apr,25,0,0,74.0,3.8,LOW
GRD-05660,STU-05660,2023,Second_Term_Jan_Apr,126,2,0,6.4,,HIGH
GRD-05661,STU-05661,2023,First_Term_Sep_Dec,90,3,0,8.5,,HIGH
GRD-05662,STU-05662,2025,Second_Term_Jan_Apr,18,0,0,24.5,0.9,LOW
GRD-05663,STU-05663,2024,Second_Term_Jan_Apr,17,0,0,26.8,,MEDIUM
GRD-05664,STU-05664,2023,Second_Term_Jan_Apr,54,1,0,28.6,60.4,MEDIUM
GRD-05665,STU-05665,2023,First_Term_Sep_Dec,47,2,0,20.1,44.4,MEDIUM
GRD-05666,STU-05666,2025,Third_Term_May_Jul,139,6,0,3.6,,HIGH
GRD-05667,STU-05667,2024,Third_Term_May_Jul,43,2,0,13.5,67.8,MEDIUM
GRD-05668,STU-05668,2023,Second_Term_Jan_Apr,23,1,0,29.5,70.1,LOW
GRD-05669,STU-05669,2023,First_Term_Sep_Dec,20,0,0,27.7,,MEDIUM
GRD-05670,STU-05670,2025,First_Term_Sep_Dec,33,0,0,29.0,65.8,LOW
GRD-05671,STU-05671,2023,Second_Term_Jan_Apr,117,4,0,6.1,,HIGH
GRD-05672,STU-05672,2023,First_Term_Sep_Dec,13,1,0,82.6,4.5,LOW
GRD-05673,STU-05673,2025,Third_Term_May_Jul,25,1,0,89.3,4.7,LOW
GRD-05674,STU-05674,2025,Third_Term_May_Jul,0,0,1,27.2,66.0,LOW
GRD-05675,STU-05675,2025,Second_Term_Jan_Apr,60,0,0,74.1,7.8,LOW
GRD-05676,STU-05676,2024,Second_Term_Jan_Apr,0,2,0,28.0,82.6,LOW
GRD-05677,STU-05677,2023,Third_Term_May_Jul,17,0,0,20.0,0.4,LOW
GRD-05678,STU-05678,2024,Second_Term_Jan_Apr,109,5,0,4.6,,HIGH
GRD-05679,STU-05679,2025,First_Term_Sep_Dec,93,5,0,2.9,,HIGH
GRD-05680,STU-05680,2024,Second_Term_Jan_Apr,16,0,0,29.5,0.5,LOW
GRD-05681,STU-05681,2023,First_Term_Sep_Dec,15,0,0,93.5,4.7,LOW
GRD-05682,STU-05682,2023,Third_Term_May_Jul,0,1,0,34.3,79.0,LOW
GRD-05683,STU-05683,2024,Third_Term_May_Jul,41,2,0,21.6,65.7,MEDIUM
GRD-05684,STU-05684,2025,First_Term_Sep_Dec,90,5,0,8.4,,HIGH
GRD-05685,STU-05685,2024,First_Term_Sep_Dec,55,1,0,19.7,49.7,MEDIUM
GRD-05686,STU-05686,2025,First_Term_Sep_Dec,23,0,0,31.7,,MEDIUM
GRD-05687,STU-05687,2023,Third_Term_May_Jul,34,2,0,17.2,61.2,MEDIUM
GRD-05688,STU-05688,2023,Second_Term_Jan_Apr,45,1,0,84.0,5.3,LOW
GRD-05689,STU-05689,2025,Third_Term_May_Jul,130,5,0,2.9,,HIGH
GRD-05690,STU-05690,2023,Third_Term_May_Jul,60,1,0,23.0,59.2,MEDIUM
GRD-05691,STU-05691,2025,Second_Term_Jan_Apr,28,0,0,88.0,5.6,LOW
GRD-05692,STU-05692,2025,Third_Term_May_Jul,20,1,0,100.0,5.0,LOW
GRD-05693,STU-05693,2023,Third_Term_May_Jul,175,6,0,5.1,,HIGH
GRD-05694,STU-05694,2024,Third_Term_May_Jul,30,0,0,87.9,4.2,LOW
GRD-05695,STU-05695,2025,First_Term_Sep_Dec,19,1,0,85.6,2.5,LOW
GRD-05696,STU-05696,2023,First_Term_Sep_Dec,11,0,0,90.3,4.1,LOW
GRD-05697,STU-05697,2023,Third_Term_May_Jul,55,3,0,26.1,58.7,MEDIUM
GRD-05698,STU-05698,2023,First_Term_Sep_Dec,17,0,0,91.2,3.8,LOW
GRD-05699,STU-05699,2024,Third_Term_May_Jul,23,1,0,94.2,5.2,LOW
GRD-05700,STU-05700,2023,Second_Term_Jan_Apr,2,1,0,14.1,117.2,LOW
GRD-05701,STU-05701,2023,Third_Term_May_Jul,29,0,0,91.1,3.3,LOW
GRD-05702,STU-05702,2025,First_Term_Sep_Dec,5,1,0,16.8,64.9,LOW
GRD-05703,STU-05703,2023,Second_Term_Jan_Apr,40,1,0,84.0,4.7,LOW
GRD-05704,STU-05704,2023,Second_Term_Jan_Apr,23,1,0,74.7,5.7,LOW
GRD-05705,STU-05705,2024,Second_Term_Jan_Apr,68,1,0,33.2,91.3,MEDIUM
GRD-05706,STU-05706,2025,Second_Term_Jan_Apr,11,0,0,39.9,0.3,LOW
GRD-05707,STU-05707,2024,First_Term_Sep_Dec,11,0,0,37.2,,LOW
GRD-05708,STU-05708,2024,Third_Term_May_Jul,145,1,0,0.2,,HIGH
GRD-05709,STU-05709,2024,Second_Term_Jan_Apr,0,2,1,23.7,68.2,LOW
GRD-05710,STU-05710,2024,Third_Term_May_Jul,148,5,0,5.9,,HIGH
GRD-05711,STU-05711,2024,Second_Term_Jan_Apr,38,1,0,76.7,3.2,LOW
GRD-05712,STU-05712,2025,Second_Term_Jan_Apr,0,2,1,22.1,77.8,LOW
GRD-05713,STU-05713,2023,First_Term_Sep_Dec,18,1,0,95.4,1.0,LOW
GRD-05714,STU-05714,2025,First_Term_Sep_Dec,90,1,0,6.2,,HIGH
GRD-05715,STU-05715,2024,First_Term_Sep_Dec,47,1,0,30.1,33.0,MEDIUM
GRD-05716,STU-05716,2024,Third_Term_May_Jul,12,0,0,35.7,,LOW
GRD-05717,STU-05717,2023,First_Term_Sep_Dec,90,0,0,6.3,,HIGH
GRD-05718,STU-05718,2025,Second_Term_Jan_Apr,34,0,0,73.8,4.8,LOW
GRD-05719,STU-05719,2025,Third_Term_May_Jul,68,1,0,34.9,41.2,MEDIUM
GRD-05720,STU-05720,2024,Second_Term_Jan_Apr,25,0,0,36.2,0.2,LOW
GRD-05721,STU-05721,2024,First_Term_Sep_Dec,0,1,1,24.7,65.2,LOW
GRD-05722,STU-05722,2023,Third_Term_May_Jul,2,1,0,31.9,52.8,LOW
GRD-05723,STU-05723,2024,First_Term_Sep_Dec,36,1,0,33.3,68.1,MEDIUM
GRD-05724,STU-05724,2025,First_Term_Sep_Dec,15,0,0,93.6,5.0,LOW
GRD-05725,STU-05725,2025,Third_Term_May_Jul,11,0,0,28.5,,LOW
GRD-05726,STU-05726,2025,Third_Term_May_Jul,14,0,0,40.0,0.6,LOW
GRD-05727,STU-05727,2023,Second_Term_Jan_Apr,116,4,0,3.5,,HIGH
GRD-05728,STU-05728,2025,Second_Term_Jan_Apr,90,3,0,3.4,,HIGH
GRD-05729,STU-05729,2024,First_Term_Sep_Dec,13,1,0,96.2,2.0,LOW
GRD-05730,STU-05730,2025,Second_Term_Jan_Apr,118,1,0,4.6,,HIGH
GRD-05731,STU-05731,2024,Third_Term_May_Jul,23,1,0,93.5,2.2,LOW
GRD-05732,STU-05732,2023,First_Term_Sep_Dec,43,1,0,23.7,61.0,MEDIUM
GRD-05733,STU-05733,2025,Third_Term_May_Jul,90,5,0,1.9,,HIGH
GRD-05734,STU-05734,2023,Third_Term_May_Jul,18,0,0,27.0,,MEDIUM
GRD-05735,STU-05735,2025,Third_Term_May_Jul,25,0,0,31.7,,MEDIUM
GRD-05736,STU-05736,2023,Second_Term_Jan_Apr,57,1,0,18.3,54.5,MEDIUM
GRD-05737,STU-05737,2024,Third_Term_May_Jul,112,5,0,5.5,,HIGH
GRD-05738,STU-05738,2025,First_Term_Sep_Dec,13,1,0,83.6,2.0,LOW
GRD-05739,STU-05739,2024,First_Term_Sep_Dec,16,0,0,28.1,0.6,LOW
GRD-05740,STU-05740,2025,Second_Term_Jan_Apr,37,0,0,83.2,5.6,LOW
GRD-05741,STU-05741,2025,Second_Term_Jan_Apr,23,1,0,77.5,2.8,LOW
GRD-05742,STU-05742,2025,Third_Term_May_Jul,173,1,0,0.0,,HIGH
GRD-05743,STU-05743,2024,First_Term_Sep_Dec,90,5,0,7.1,,HIGH
GRD-05744,STU-05744,2023,Third_Term_May_Jul,195,2,0,5.8,,HIGH
GRD-05745,STU-05745,2025,First_Term_Sep_Dec,11,0,0,31.1,,LOW
GRD-05746,STU-05746,2024,Second_Term_Jan_Apr,40,1,0,69.1,5.5,LOW
GRD-05747,STU-05747,2025,First_Term_Sep_Dec,90,3,0,8.4,,HIGH
GRD-05748,STU-05748,2024,Third_Term_May_Jul,13,0,0,28.1,,LOW
GRD-05749,STU-05749,2024,First_Term_Sep_Dec,18,0,0,81.8,4.3,LOW
GRD-05750,STU-05750,2023,Third_Term_May_Jul,53,2,0,19.2,65.0,MEDIUM
GRD-05751,STU-05751,2025,Third_Term_May_Jul,19,0,0,23.4,0.5,LOW
GRD-05752,STU-05752,2025,Second_Term_Jan_Apr,28,0,0,75.9,3.8,LOW
GRD-05753,STU-05753,2023,Third_Term_May_Jul,38,2,0,20.0,56.5,MEDIUM
GRD-05754,STU-05754,2025,Second_Term_Jan_Apr,48,0,0,82.2,5.0,LOW
GRD-05755,STU-05755,2025,First_Term_Sep_Dec,16,0,0,33.5,,MEDIUM
GRD-05756,STU-05756,2025,Second_Term_Jan_Apr,55,0,0,87.3,3.7,LOW
GRD-05757,STU-05757,2025,First_Term_Sep_Dec,38,1,0,31.6,92.2,MEDIUM
GRD-05758,STU-05758,2025,Third_Term_May_Jul,39,0,0,82.5,4.1,LOW
GRD-05759,STU-05759,2023,First_Term_Sep_Dec,15,0,0,98.7,2.4,LOW
GRD-05760,STU-05760,2025,First_Term_Sep_Dec,68,1,0,26.0,68.3,MEDIUM
GRD-05761,STU-05761,2024,Second_Term_Jan_Apr,122,6,0,3.2,,HIGH
GRD-05762,STU-05762,2024,First_Term_Sep_Dec,93,2,0,3.6,,HIGH
GRD-05763,STU-05763,2023,Second_Term_Jan_Apr,14,3,0,23.1,80.3,MEDIUM
GRD-05764,STU-05764,2025,First_Term_Sep_Dec,0,2,1,22.8,50.3,LOW
GRD-05765,STU-05765,2023,Second_Term_Jan_Apr,15,0,0,25.5,,MEDIUM
GRD-05766,STU-05766,2024,Third_Term_May_Jul,144,4,0,0.8,,HIGH
GRD-05767,STU-05767,2024,Second_Term_Jan_Apr,40,1,0,81.0,5.3,LOW
GRD-05768,STU-05768,2025,Third_Term_May_Jul,46,1,0,38.7,63.9,MEDIUM
GRD-05769,STU-05769,2025,Third_Term_May_Jul,0,1,0,13.5,58.1,LOW
GRD-05770,STU-05770,2025,Third_Term_May_Jul,30,1,0,23.0,34.5,LOW
GRD-05771,STU-05771,2023,Second_Term_Jan_Apr,24,0,0,26.6,,MEDIUM
GRD-05772,STU-05772,2023,Third_Term_May_Jul,0,1,1,94.8,1.5,LOW
GRD-05773,STU-05773,2025,Third_Term_May_Jul,32,0,0,97.5,4.2,LOW
GRD-05774,STU-05774,2024,Second_Term_Jan_Apr,36,3,0,30.5,65.7,MEDIUM
GRD-05775,STU-05775,2025,Second_Term_Jan_Apr,44,0,0,78.0,3.7,LOW
GRD-05776,STU-05776,2025,Third_Term_May_Jul,17,0,0,23.0,,MEDIUM
GRD-05777,STU-05777,2023,Second_Term_Jan_Apr,21,0,0,40.0,0.5,LOW
GRD-05778,STU-05778,2025,Second_Term_Jan_Apr,0,1,0,32.3,109.4,LOW
GRD-05779,STU-05779,2023,First_Term_Sep_Dec,17,0,0,26.0,0.4,LOW
GRD-05780,STU-05780,2023,First_Term_Sep_Dec,62,1,0,33.3,71.4,MEDIUM
GRD-05781,STU-05781,2024,First_Term_Sep_Dec,57,2,0,16.8,70.7,MEDIUM
GRD-05782,STU-05782,2023,First_Term_Sep_Dec,112,1,0,8.5,,HIGH
GRD-05783,STU-05783,2025,First_Term_Sep_Dec,90,3,0,10.4,,HIGH
GRD-05784,STU-05784,2023,Second_Term_Jan_Apr,52,0,0,80.8,4.2,LOW
GRD-05785,STU-05785,2025,First_Term_Sep_Dec,90,3,0,6.9,,HIGH
GRD-05786,STU-05786,2025,Third_Term_May_Jul,37,2,0,18.6,64.5,MEDIUM
GRD-05787,STU-05787,2023,Second_Term_Jan_Apr,49,0,0,83.5,5.6,LOW
GRD-05788,STU-05788,2025,Second_Term_Jan_Apr,20,0,0,32.6,,MEDIUM
GRD-05789,STU-05789,2025,First_Term_Sep_Dec,16,0,0,100.0,2.2,LOW
GRD-05790,STU-05790,2024,First_Term_Sep_Dec,21,0,0,95.4,1.7,LOW
GRD-05791,STU-05791,2025,First_Term_Sep_Dec,104,5,0,4.8,,HIGH
GRD-05792,STU-05792,2023,Third_Term_May_Jul,0,0,1,20.2,56.9,LOW
GRD-05793,STU-05793,2024,Second_Term_Jan_Apr,39,2,0,22.7,60.2,MEDIUM
GRD-05794,STU-05794,2023,First_Term_Sep_Dec,17,1,0,100.0,3.2,LOW
GRD-05795,STU-05795,2023,Second_Term_Jan_Apr,20,0,0,32.6,,MEDIUM
GRD-05796,STU-05796,2023,Third_Term_May_Jul,151,2,0,0.1,,HIGH
GRD-05797,STU-05797,2025,First_Term_Sep_Dec,0,0,1,16.1,72.6,LOW
GRD-05798,STU-05798,2023,First_Term_Sep_Dec,25,1,0,35.1,37.8,LOW
GRD-05799,STU-05799,2023,Second_Term_Jan_Apr,0,0,1,20.4,56.0,LOW
GRD-05800,STU-05800,2023,Second_Term_Jan_Apr,63,2,0,33.5,57.7,MEDIUM
GRD-05801,STU-05801,2023,Third_Term_May_Jul,9,0,0,27.1,0.4,LOW
GRD-05802,STU-05802,2023,Second_Term_Jan_Apr,23,0,0,28.0,0.2,LOW
GRD-05803,STU-05803,2025,Second_Term_Jan_Apr,36,1,0,21.1,39.0,MEDIUM
GRD-05804,STU-05804,2025,Third_Term_May_Jul,72,1,0,26.6,43.7,MEDIUM
GRD-05805,STU-05805,2023,First_Term_Sep_Dec,29,2,0,26.7,73.2,LOW
GRD-05806,STU-05806,2023,First_Term_Sep_Dec,24,2,0,29.3,55.7,LOW
GRD-05807,STU-05807,2024,Third_Term_May_Jul,0,1,1,14.0,63.6,LOW
GRD-05808,STU-05808,2023,Third_Term_May_Jul,12,0,0,35.1,0.5,LOW
GRD-05809,STU-05809,2024,Second_Term_Jan_Apr,48,3,0,27.8,62.8,MEDIUM
GRD-05810,STU-05810,2023,Second_Term_Jan_Apr,137,2,0,9.9,,HIGH
GRD-05811,STU-05811,2023,Second_Term_Jan_Apr,51,1,0,21.2,88.5,MEDIUM
GRD-05812,STU-05812,2023,Second_Term_Jan_Apr,35,0,0,80.6,3.8,LOW
GRD-05813,STU-05813,2023,First_Term_Sep_Dec,0,1,0,22.6,72.1,LOW
GRD-05814,STU-05814,2024,First_Term_Sep_Dec,90,2,0,7.8,,HIGH
GRD-05815,STU-05815,2023,Second_Term_Jan_Apr,44,0,0,79.3,1.5,LOW
GRD-05816,STU-05816,2025,Second_Term_Jan_Apr,99,4,0,0.9,,HIGH
GRD-05817,STU-05817,2023,Second_Term_Jan_Apr,129,4,0,0.7,,HIGH
GRD-05818,STU-05818,2023,First_Term_Sep_Dec,46,2,0,30.9,77.4,MEDIUM
GRD-05819,STU-05819,2025,Second_Term_Jan_Apr,109,1,0,27.1,67.3,MEDIUM
GRD-05820,STU-05820,2025,Second_Term_Jan_Apr,108,3,0,7.4,,HIGH
GRD-05821,STU-05821,2023,First_Term_Sep_Dec,12,0,0,33.1,0.5,LOW
GRD-05822,STU-05822,2023,Second_Term_Jan_Apr,157,3,0,8.6,,HIGH
GRD-05823,STU-05823,2023,First_Term_Sep_Dec,0,1,1,38.6,51.8,LOW
GRD-05824,STU-05824,2025,Second_Term_Jan_Apr,31,0,0,83.4,7.4,LOW
GRD-05825,STU-05825,2024,Third_Term_May_Jul,35,0,0,96.5,3.4,LOW
GRD-05826,STU-05826,2023,Third_Term_May_Jul,30,0,0,90.6,6.0,LOW
GRD-05827,STU-05827,2023,Third_Term_May_Jul,24,0,0,95.4,4.1,LOW
GRD-05828,STU-05828,2023,Second_Term_Jan_Apr,100,2,0,3.6,,HIGH
GRD-05829,STU-05829,2024,Second_Term_Jan_Apr,29,1,0,72.6,4.4,LOW
GRD-05830,STU-05830,2024,First_Term_Sep_Dec,16,1,0,91.8,3.0,LOW
GRD-05831,STU-05831,2023,Third_Term_May_Jul,36,0,0,99.5,3.9,LOW
GRD-05832,STU-05832,2023,First_Term_Sep_Dec,13,0,0,89.0,4.3,LOW
GRD-05833,STU-05833,2024,Second_Term_Jan_Apr,46,1,0,25.9,63.3,MEDIUM
GRD-05834,STU-05834,2025,First_Term_Sep_Dec,44,0,0,19.7,72.0,LOW
GRD-05835,STU-05835,2023,First_Term_Sep_Dec,18,0,0,33.8,,MEDIUM
GRD-05836,STU-05836,2023,Third_Term_May_Jul,20,0,0,86.5,3.6,LOW
GRD-05837,STU-05837,2023,First_Term_Sep_Dec,13,1,0,86.3,3.9,LOW
GRD-05838,STU-05838,2023,Third_Term_May_Jul,138,3,0,0.0,,HIGH
GRD-05839,STU-05839,2025,Third_Term_May_Jul,103,7,0,0.4,,HIGH
GRD-05840,STU-05840,2023,First_Term_Sep_Dec,15,0,0,87.6,2.2,LOW
GRD-05841,STU-05841,2024,Third_Term_May_Jul,22,0,0,28.2,,MEDIUM
GRD-05842,STU-05842,2024,First_Term_Sep_Dec,15,1,0,91.1,2.7,LOW
GRD-05843,STU-05843,2024,Second_Term_Jan_Apr,36,0,0,73.7,7.6,LOW
GRD-05844,STU-05844,2024,First_Term_Sep_Dec,0,2,1,38.3,52.7,LOW
GRD-05845,STU-05845,2024,First_Term_Sep_Dec,0,0,1,26.7,,LOW
GRD-05846,STU-05846,2023,Third_Term_May_Jul,21,0,0,99.6,6.9,LOW
GRD-05847,STU-05847,2025,First_Term_Sep_Dec,13,1,0,38.0,57.1,LOW
GRD-05848,STU-05848,2024,First_Term_Sep_Dec,20,0,0,28.2,,MEDIUM
GRD-05849,STU-05849,2025,Third_Term_May_Jul,23,1,0,88.7,4.7,LOW
GRD-05850,STU-05850,2024,First_Term_Sep_Dec,0,0,1,32.0,49.8,LOW
GRD-05851,STU-05851,2023,Third_Term_May_Jul,125,4,0,4.1,,HIGH
GRD-05852,STU-05852,2023,Third_Term_May_Jul,20,0,0,22.3,0.7,LOW
GRD-05853,STU-05853,2023,First_Term_Sep_Dec,24,0,0,25.0,,MEDIUM
GRD-05854,STU-05854,2025,Second_Term_Jan_Apr,35,1,0,81.7,5.6,LOW
GRD-05855,STU-05855,2023,Third_Term_May_Jul,23,0,0,33.1,0.4,LOW
GRD-05856,STU-05856,2023,First_Term_Sep_Dec,93,4,0,2.6,,HIGH
GRD-05857,STU-05857,2025,Second_Term_Jan_Apr,14,0,0,34.9,,LOW
GRD-05858,STU-05858,2025,First_Term_Sep_Dec,14,0,0,26.7,0.5,LOW
GRD-05859,STU-05859,2023,Second_Term_Jan_Apr,57,1,0,37.1,66.3,MEDIUM
GRD-05860,STU-05860,2023,Second_Term_Jan_Apr,28,1,0,83.4,5.5,LOW
GRD-05861,STU-05861,2023,First_Term_Sep_Dec,0,2,1,21.9,72.7,LOW
GRD-05862,STU-05862,2023,Second_Term_Jan_Apr,28,1,0,23.2,58.4,LOW
GRD-05863,STU-05863,2024,Second_Term_Jan_Apr,33,0,0,78.4,8.2,LOW
GRD-05864,STU-05864,2024,First_Term_Sep_Dec,14,0,0,94.9,3.5,LOW
GRD-05865,STU-05865,2023,First_Term_Sep_Dec,16,1,0,99.2,2.4,LOW
GRD-05866,STU-05866,2023,First_Term_Sep_Dec,116,4,0,5.3,,HIGH
GRD-05867,STU-05867,2023,Third_Term_May_Jul,16,0,0,26.3,,MEDIUM
GRD-05868,STU-05868,2024,Second_Term_Jan_Apr,133,4,0,5.6,,HIGH
GRD-05869,STU-05869,2024,Second_Term_Jan_Apr,22,0,0,30.3,,MEDIUM
GRD-05870,STU-05870,2023,Third_Term_May_Jul,0,0,1,33.6,65.4,LOW
GRD-05871,STU-05871,2024,First_Term_Sep_Dec,18,0,0,100.0,1.7,LOW
GRD-05872,STU-05872,2025,Third_Term_May_Jul,62,2,0,16.1,64.4,MEDIUM
GRD-05873,STU-05873,2024,First_Term_Sep_Dec,23,0,0,100.0,1.9,LOW
GRD-05874,STU-05874,2023,Third_Term_May_Jul,15,0,0,36.1,,MEDIUM
GRD-05875,STU-05875,2025,First_Term_Sep_Dec,14,0,0,98.9,2.9,LOW
GRD-05876,STU-05876,2025,Third_Term_May_Jul,11,0,0,32.9,,LOW
GRD-05877,STU-05877,2025,Third_Term_May_Jul,117,6,0,6.3,,HIGH
GRD-05878,STU-05878,2024,Third_Term_May_Jul,166,4,0,5.7,,HIGH
GRD-05879,STU-05879,2023,First_Term_Sep_Dec,92,3,0,8.6,,HIGH
GRD-05880,STU-05880,2025,Second_Term_Jan_Apr,160,7,0,4.9,,HIGH
GRD-05881,STU-05881,2023,Third_Term_May_Jul,13,0,0,31.9,0.3,LOW
GRD-05882,STU-05882,2025,Third_Term_May_Jul,61,1,0,27.6,69.7,MEDIUM
GRD-05883,STU-05883,2025,Second_Term_Jan_Apr,37,1,0,79.1,7.0,LOW
GRD-05884,STU-05884,2024,Second_Term_Jan_Apr,37,0,0,79.0,3.9,LOW
GRD-05885,STU-05885,2023,First_Term_Sep_Dec,18,0,0,23.6,1.0,LOW
GRD-05886,STU-05886,2024,Second_Term_Jan_Apr,110,2,0,5.7,,HIGH
GRD-05887,STU-05887,2023,Third_Term_May_Jul,67,2,0,21.4,74.0,MEDIUM
GRD-05888,STU-05888,2025,Second_Term_Jan_Apr,112,4,0,3.9,,HIGH
GRD-05889,STU-05889,2025,Third_Term_May_Jul,20,0,0,32.0,,MEDIUM
GRD-05890,STU-05890,2023,First_Term_Sep_Dec,18,0,0,89.5,2.4,LOW
GRD-05891,STU-05891,2023,Third_Term_May_Jul,170,5,0,4.0,,HIGH
GRD-05892,STU-05892,2024,First_Term_Sep_Dec,18,1,0,93.1,2.9,LOW
GRD-05893,STU-05893,2024,Second_Term_Jan_Apr,95,5,0,7.2,,HIGH
GRD-05894,STU-05894,2025,Second_Term_Jan_Apr,0,3,0,30.3,92.4,MEDIUM
GRD-05895,STU-05895,2023,First_Term_Sep_Dec,11,0,0,26.0,0.2,LOW
GRD-05896,STU-05896,2024,First_Term_Sep_Dec,0,1,1,83.8,3.4,LOW
GRD-05897,STU-05897,2024,Third_Term_May_Jul,37,1,0,27.8,57.5,MEDIUM
GRD-05898,STU-05898,2025,Second_Term_Jan_Apr,0,2,0,19.6,71.1,LOW
GRD-05899,STU-05899,2023,Second_Term_Jan_Apr,26,2,0,38.2,53.5,LOW
GRD-05900,STU-05900,2024,Second_Term_Jan_Apr,51,0,0,76.1,4.1,LOW
GRD-05901,STU-05901,2025,Third_Term_May_Jul,20,0,0,24.3,0.6,LOW
GRD-05902,STU-05902,2023,Second_Term_Jan_Apr,21,1,0,22.0,92.7,LOW
GRD-05903,STU-05903,2023,Third_Term_May_Jul,22,0,0,38.0,,MEDIUM
GRD-05904,STU-05904,2025,Third_Term_May_Jul,90,4,0,2.8,,HIGH
GRD-05905,STU-05905,2025,Third_Term_May_Jul,97,3,0,7.6,,HIGH
GRD-05906,STU-05906,2024,Second_Term_Jan_Apr,28,2,0,82.4,7.4,LOW
GRD-05907,STU-05907,2023,First_Term_Sep_Dec,18,0,0,88.0,3.6,LOW
GRD-05908,STU-05908,2024,Third_Term_May_Jul,0,1,1,25.1,54.5,LOW
GRD-05909,STU-05909,2025,Third_Term_May_Jul,40,0,0,86.8,4.0,LOW
GRD-05910,STU-05910,2024,First_Term_Sep_Dec,0,3,1,28.4,78.0,LOW
GRD-05911,STU-05911,2023,First_Term_Sep_Dec,15,0,0,95.7,3.3,LOW
GRD-05912,STU-05912,2023,First_Term_Sep_Dec,17,1,0,100.0,2.6,LOW
GRD-05913,STU-05913,2024,Third_Term_May_Jul,26,0,0,92.2,4.5,LOW
GRD-05914,STU-05914,2025,First_Term_Sep_Dec,17,0,0,94.9,2.8,LOW
GRD-05915,STU-05915,2023,First_Term_Sep_Dec,14,0,0,90.9,1.4,LOW
GRD-05916,STU-05916,2024,Third_Term_May_Jul,29,0,0,100.0,3.4,LOW
GRD-05917,STU-05917,2025,Third_Term_May_Jul,27,0,0,98.0,3.2,LOW
GRD-05918,STU-05918,2023,First_Term_Sep_Dec,90,6,0,3.9,,HIGH
GRD-05919,STU-05919,2023,First_Term_Sep_Dec,12,0,0,24.4,0.9,LOW
GRD-05920,STU-05920,2023,First_Term_Sep_Dec,59,3,0,31.2,68.1,MEDIUM
GRD-05921,STU-05921,2023,Second_Term_Jan_Apr,43,0,0,77.8,2.2,LOW
GRD-05922,STU-05922,2025,Second_Term_Jan_Apr,49,2,0,24.5,69.4,MEDIUM
GRD-05923,STU-05923,2023,First_Term_Sep_Dec,16,0,0,34.4,0.8,LOW
GRD-05924,STU-05924,2025,First_Term_Sep_Dec,20,1,0,94.4,4.0,LOW
GRD-05925,STU-05925,2025,First_Term_Sep_Dec,14,0,0,32.5,,LOW
GRD-05926,STU-05926,2024,Third_Term_May_Jul,28,1,0,89.2,5.6,LOW
GRD-05927,STU-05927,2023,Second_Term_Jan_Apr,24,0,0,82.3,7.0,LOW
GRD-05928,STU-05928,2025,First_Term_Sep_Dec,0,0,1,27.4,39.4,LOW
GRD-05929,STU-05929,2023,Second_Term_Jan_Apr,149,4,0,7.8,,HIGH
GRD-05930,STU-05930,2023,First_Term_Sep_Dec,17,0,0,88.8,3.4,LOW
GRD-05931,STU-05931,2023,First_Term_Sep_Dec,0,1,1,96.4,2.7,LOW
GRD-05932,STU-05932,2023,Second_Term_Jan_Apr,42,1,0,75.6,4.5,LOW
GRD-05933,STU-05933,2025,First_Term_Sep_Dec,0,1,1,18.4,39.3,LOW
GRD-05934,STU-05934,2023,Third_Term_May_Jul,22,0,0,40.0,0.5,LOW
GRD-05935,STU-05935,2025,Second_Term_Jan_Apr,126,6,0,2.5,,HIGH
GRD-05936,STU-05936,2023,Third_Term_May_Jul,27,0,0,89.2,2.5,LOW
GRD-05937,STU-05937,2025,Second_Term_Jan_Apr,0,2,0,27.9,54.9,LOW
GRD-05938,STU-05938,2025,Third_Term_May_Jul,63,3,0,32.0,81.0,MEDIUM
GRD-05939,STU-05939,2023,Third_Term_May_Jul,23,2,0,32.4,73.7,LOW
GRD-05940,STU-05940,2024,Second_Term_Jan_Apr,103,4,0,1.6,,HIGH
GRD-05941,STU-05941,2023,First_Term_Sep_Dec,30,0,0,31.8,82.5,LOW
GRD-05942,STU-05942,2023,First_Term_Sep_Dec,90,3,0,0.7,,HIGH
GRD-05943,STU-05943,2025,Second_Term_Jan_Apr,26,3,0,30.1,82.4,MEDIUM
GRD-05944,STU-05944,2023,Third_Term_May_Jul,0,1,1,86.7,3.4,LOW
GRD-05945,STU-05945,2023,First_Term_Sep_Dec,84,2,0,32.5,58.0,MEDIUM
GRD-05946,STU-05946,2025,First_Term_Sep_Dec,39,0,0,22.8,80.9,LOW
GRD-05947,STU-05947,2023,First_Term_Sep_Dec,92,3,0,3.1,,HIGH
GRD-05948,STU-05948,2025,Second_Term_Jan_Apr,28,0,0,81.9,6.3,LOW
GRD-05949,STU-05949,2023,Third_Term_May_Jul,39,2,0,37.4,54.4,MEDIUM
GRD-05950,STU-05950,2023,First_Term_Sep_Dec,52,2,0,25.3,89.7,MEDIUM
GRD-05951,STU-05951,2024,Second_Term_Jan_Apr,30,1,0,84.5,5.0,LOW
GRD-05952,STU-05952,2024,Second_Term_Jan_Apr,52,1,0,79.6,6.8,LOW
GRD-05953,STU-05953,2025,First_Term_Sep_Dec,90,6,0,1.1,,HIGH
GRD-05954,STU-05954,2025,Third_Term_May_Jul,75,1,0,23.6,83.5,MEDIUM
GRD-05955,STU-05955,2023,Third_Term_May_Jul,21,1,0,94.6,4.0,LOW
GRD-05956,STU-05956,2023,First_Term_Sep_Dec,18,0,0,25.0,,MEDIUM
GRD-05957,STU-05957,2025,Second_Term_Jan_Apr,16,0,0,27.4,,MEDIUM
GRD-05958,STU-05958,2023,Third_Term_May_Jul,14,0,0,29.2,,LOW
GRD-05959,STU-05959,2024,Third_Term_May_Jul,7,1,0,28.8,65.6,LOW
GRD-05960,STU-05960,2023,Second_Term_Jan_Apr,146,6,0,5.3,,HIGH
GRD-05961,STU-05961,2025,Third_Term_May_Jul,0,1,1,92.5,3.0,LOW
GRD-05962,STU-05962,2024,First_Term_Sep_Dec,11,0,0,91.2,1.7,LOW
GRD-05963,STU-05963,2024,Second_Term_Jan_Apr,45,0,0,24.4,39.7,LOW
GRD-05964,STU-05964,2025,First_Term_Sep_Dec,15,0,0,32.1,0.3,LOW
GRD-05965,STU-05965,2023,First_Term_Sep_Dec,28,2,0,29.0,45.9,LOW
GRD-05966,STU-05966,2023,First_Term_Sep_Dec,33,1,0,28.9,33.0,MEDIUM
GRD-05967,STU-05967,2024,Second_Term_Jan_Apr,34,1,0,73.8,2.8,LOW
GRD-05968,STU-05968,2025,First_Term_Sep_Dec,25,0,0,22.4,0.4,LOW
GRD-05969,STU-05969,2024,Third_Term_May_Jul,27,1,0,94.7,4.8,LOW
GRD-05970,STU-05970,2025,First_Term_Sep_Dec,90,6,0,2.0,,HIGH
GRD-05971,STU-05971,2025,First_Term_Sep_Dec,19,1,0,82.6,0.9,LOW
GRD-05972,STU-05972,2025,Second_Term_Jan_Apr,0,2,0,27.9,75.0,LOW
GRD-05973,STU-05973,2024,Second_Term_Jan_Apr,34,0,0,81.8,7.5,LOW
GRD-05974,STU-05974,2024,Third_Term_May_Jul,35,1,0,91.2,5.3,LOW
GRD-05975,STU-05975,2025,Second_Term_Jan_Apr,47,1,0,22.7,80.9,MEDIUM
GRD-05976,STU-05976,2023,Third_Term_May_Jul,9,0,0,31.1,0.2,LOW
GRD-05977,STU-05977,2023,Second_Term_Jan_Apr,14,0,0,33.5,0.2,LOW
GRD-05978,STU-05978,2024,Second_Term_Jan_Apr,14,0,0,32.0,0.6,LOW
GRD-05979,STU-05979,2023,Second_Term_Jan_Apr,17,0,0,24.2,0.4,LOW
GRD-05980,STU-05980,2024,Third_Term_May_Jul,32,0,0,92.7,3.8,LOW
GRD-05981,STU-05981,2023,First_Term_Sep_Dec,20,1,0,96.8,4.0,LOW
GRD-05982,STU-05982,2025,Second_Term_Jan_Apr,109,4,0,5.3,,HIGH
GRD-05983,STU-05983,2025,Third_Term_May_Jul,124,4,0,3.7,,HIGH
GRD-05984,STU-05984,2024,First_Term_Sep_Dec,17,0,0,89.7,4.0,LOW
GRD-05985,STU-05985,2023,Second_Term_Jan_Apr,0,2,1,23.8,58.3,LOW
GRD-05986,STU-05986,2024,Second_Term_Jan_Apr,100,6,0,5.9,,HIGH
GRD-05987,STU-05987,2023,First_Term_Sep_Dec,18,0,0,89.7,4.2,LOW
GRD-05988,STU-05988,2025,Second_Term_Jan_Apr,17,0,0,38.1,,MEDIUM
GRD-05989,STU-05989,2023,First_Term_Sep_Dec,16,0,0,33.7,,MEDIUM
GRD-05990,STU-05990,2024,Second_Term_Jan_Apr,46,1,0,28.8,83.0,MEDIUM
GRD-05991,STU-05991,2024,First_Term_Sep_Dec,18,0,0,28.9,,MEDIUM
GRD-05992,STU-05992,2024,Second_Term_Jan_Apr,25,0,0,84.3,2.1,LOW
GRD-05993,STU-05993,2025,First_Term_Sep_Dec,118,2,0,3.3,,HIGH
GRD-05994,STU-05994,2023,Second_Term_Jan_Apr,100,1,0,23.0,80.2,MEDIUM
GRD-05995,STU-05995,2025,Third_Term_May_Jul,22,0,0,100.0,0.9,LOW
GRD-05996,STU-05996,2024,Second_Term_Jan_Apr,0,1,1,28.2,73.0,LOW
GRD-05997,STU-05997,2025,Third_Term_May_Jul,33,1,0,89.2,1.8,LOW
GRD-05998,STU-05998,2025,Second_Term_Jan_Apr,19,2,0,27.5,59.8,LOW
GRD-05999,STU-05999,2025,Third_Term_May_Jul,174,6,0,0.0,,HIGH
GRD-06000,STU-06000,2023,First_Term_Sep_Dec,14,2,0,27.2,71.7,LOW
GRD-06001,STU-06001,2025,First_Term_Sep_Dec,18,0,0,36.8,0.5,LOW
GRD-06002,STU-06002,2025,First_Term_Sep_Dec,27,1,0,24.9,64.4,LOW
GRD-06003,STU-06003,2024,First_Term_Sep_Dec,32,1,0,25.4,68.5,MEDIUM
GRD-06004,STU-06004,2024,Second_Term_Jan_Apr,54,1,0,22.4,84.0,MEDIUM
GRD-06005,STU-06005,2023,Second_Term_Jan_Apr,21,0,0,28.6,,MEDIUM
GRD-06006,STU-06006,2024,Second_Term_Jan_Apr,51,1,0,34.7,80.8,MEDIUM
GRD-06007,STU-06007,2024,Second_Term_Jan_Apr,46,0,0,72.3,4.2,LOW
GRD-06008,STU-06008,2023,Third_Term_May_Jul,57,1,0,40.0,54.6,LOW
GRD-06009,STU-06009,2025,Second_Term_Jan_Apr,0,2,1,26.8,67.7,LOW
GRD-06010,STU-06010,2024,Third_Term_May_Jul,18,0,0,22.4,0.4,LOW
GRD-06011,STU-06011,2024,Second_Term_Jan_Apr,185,5,0,3.2,,HIGH
GRD-06012,STU-06012,2023,First_Term_Sep_Dec,12,0,0,25.4,,LOW
GRD-06013,STU-06013,2023,First_Term_Sep_Dec,11,0,0,40.0,,LOW
GRD-06014,STU-06014,2024,First_Term_Sep_Dec,58,1,0,25.9,60.7,MEDIUM
GRD-06015,STU-06015,2023,Second_Term_Jan_Apr,60,0,0,17.3,61.9,LOW
GRD-06016,STU-06016,2023,First_Term_Sep_Dec,98,3,0,7.6,,HIGH
GRD-06017,STU-06017,2025,First_Term_Sep_Dec,38,3,0,30.9,55.4,MEDIUM
GRD-06018,STU-06018,2023,Second_Term_Jan_Apr,29,2,0,26.0,65.8,LOW
GRD-06019,STU-06019,2023,Third_Term_May_Jul,57,1,0,30.3,80.4,MEDIUM
GRD-06020,STU-06020,2024,First_Term_Sep_Dec,0,1,1,25.5,48.7,LOW
GRD-06021,STU-06021,2024,Third_Term_May_Jul,186,3,0,4.9,,HIGH
GRD-06022,STU-06022,2023,Third_Term_May_Jul,26,2,0,22.6,63.7,LOW
GRD-06023,STU-06023,2023,First_Term_Sep_Dec,0,1,1,30.3,54.8,LOW
GRD-06024,STU-06024,2023,Second_Term_Jan_Apr,40,0,0,92.1,2.5,LOW
GRD-06025,STU-06025,2025,Third_Term_May_Jul,27,1,0,93.7,4.3,LOW
GRD-06026,STU-06026,2024,First_Term_Sep_Dec,0,2,1,34.9,56.7,LOW
GRD-06027,STU-06027,2024,First_Term_Sep_Dec,20,0,0,90.7,5.2,LOW
GRD-06028,STU-06028,2024,Third_Term_May_Jul,0,0,1,32.7,70.6,LOW
GRD-06029,STU-06029,2024,First_Term_Sep_Dec,11,1,0,20.5,65.2,LOW
GRD-06030,STU-06030,2025,Second_Term_Jan_Apr,1,1,0,16.1,73.8,LOW
GRD-06031,STU-06031,2023,Second_Term_Jan_Apr,32,1,0,79.3,5.7,LOW
GRD-06032,STU-06032,2025,Second_Term_Jan_Apr,76,2,0,29.4,65.0,MEDIUM
GRD-06033,STU-06033,2024,Third_Term_May_Jul,141,5,0,7.0,,HIGH
GRD-06034,STU-06034,2024,First_Term_Sep_Dec,15,1,0,100.0,3.8,LOW
GRD-06035,STU-06035,2024,First_Term_Sep_Dec,0,0,1,22.2,64.0,LOW
GRD-06036,STU-06036,2025,Third_Term_May_Jul,18,0,0,88.3,5.8,LOW
GRD-06037,STU-06037,2024,Third_Term_May_Jul,33,0,0,91.8,3.9,LOW
GRD-06038,STU-06038,2023,First_Term_Sep_Dec,17,1,0,100.0,4.2,LOW
GRD-06039,STU-06039,2024,Second_Term_Jan_Apr,15,1,0,25.7,66.9,LOW
GRD-06040,STU-06040,2024,Third_Term_May_Jul,27,1,0,77.0,1.3,LOW
GRD-06041,STU-06041,2025,First_Term_Sep_Dec,23,2,0,33.6,58.2,LOW
GRD-06042,STU-06042,2023,Third_Term_May_Jul,18,0,0,29.8,,MEDIUM
GRD-06043,STU-06043,2025,First_Term_Sep_Dec,112,2,0,7.8,,HIGH
GRD-06044,STU-06044,2023,Third_Term_May_Jul,0,1,1,28.0,71.4,LOW
GRD-06045,STU-06045,2025,Third_Term_May_Jul,30,2,0,22.0,72.9,LOW
GRD-06046,STU-06046,2025,Second_Term_Jan_Apr,136,3,0,0.9,,HIGH
GRD-06047,STU-06047,2024,Second_Term_Jan_Apr,15,0,0,37.2,,MEDIUM
GRD-06048,STU-06048,2023,Third_Term_May_Jul,117,2,0,6.0,,HIGH
GRD-06049,STU-06049,2023,First_Term_Sep_Dec,57,2,0,20.3,57.2,MEDIUM
GRD-06050,STU-06050,2024,Third_Term_May_Jul,26,0,0,89.6,4.4,LOW
GRD-06051,STU-06051,2024,Second_Term_Jan_Apr,50,0,0,80.7,7.7,LOW
GRD-06052,STU-06052,2024,Second_Term_Jan_Apr,0,1,1,78.3,6.1,LOW
GRD-06053,STU-06053,2024,Third_Term_May_Jul,40,0,0,100.0,1.5,LOW
GRD-06054,STU-06054,2023,Second_Term_Jan_Apr,90,7,0,7.8,,HIGH
GRD-06055,STU-06055,2025,Third_Term_May_Jul,28,0,0,85.9,4.1,LOW
GRD-06056,STU-06056,2024,Second_Term_Jan_Apr,112,3,0,7.4,,HIGH
GRD-06057,STU-06057,2024,Third_Term_May_Jul,26,1,0,100.0,4.9,LOW
GRD-06058,STU-06058,2023,First_Term_Sep_Dec,9,1,0,32.7,52.7,LOW
GRD-06059,STU-06059,2025,First_Term_Sep_Dec,93,0,0,3.8,,HIGH
GRD-06060,STU-06060,2023,Second_Term_Jan_Apr,128,4,0,8.0,,HIGH
GRD-06061,STU-06061,2025,Third_Term_May_Jul,50,2,0,28.8,71.2,MEDIUM
GRD-06062,STU-06062,2025,Second_Term_Jan_Apr,15,0,0,33.8,0.5,LOW
GRD-06063,STU-06063,2024,Third_Term_May_Jul,19,0,0,34.7,,MEDIUM
GRD-06064,STU-06064,2023,First_Term_Sep_Dec,14,1,0,31.9,58.8,LOW
GRD-06065,STU-06065,2024,Second_Term_Jan_Apr,83,1,0,33.3,39.0,MEDIUM
GRD-06066,STU-06066,2025,First_Term_Sep_Dec,16,0,0,33.6,0.6,LOW
GRD-06067,STU-06067,2024,Second_Term_Jan_Apr,47,1,0,78.6,6.2,LOW
GRD-06068,STU-06068,2025,Third_Term_May_Jul,135,1,0,1.5,,HIGH
GRD-06069,STU-06069,2023,Second_Term_Jan_Apr,38,1,0,81.4,2.7,LOW
GRD-06070,STU-06070,2025,Second_Term_Jan_Apr,82,1,0,31.0,92.1,MEDIUM
GRD-06071,STU-06071,2023,First_Term_Sep_Dec,13,0,0,35.8,0.7,LOW
GRD-06072,STU-06072,2025,Second_Term_Jan_Apr,126,3,0,3.8,,HIGH
GRD-06073,STU-06073,2023,Third_Term_May_Jul,31,2,0,25.6,83.6,MEDIUM
GRD-06074,STU-06074,2025,Second_Term_Jan_Apr,107,6,0,8.0,,HIGH
GRD-06075,STU-06075,2024,Second_Term_Jan_Apr,15,0,0,30.3,0.4,LOW
GRD-06076,STU-06076,2023,Third_Term_May_Jul,16,0,0,31.1,0.4,LOW
GRD-06077,STU-06077,2024,Third_Term_May_Jul,36,0,0,87.3,4.0,LOW
GRD-06078,STU-06078,2025,First_Term_Sep_Dec,15,0,0,28.1,60.3,LOW
GRD-06079,STU-06079,2024,Third_Term_May_Jul,22,0,0,32.8,,MEDIUM
GRD-06080,STU-06080,2023,First_Term_Sep_Dec,57,2,0,30.5,55.7,MEDIUM
GRD-06081,STU-06081,2025,First_Term_Sep_Dec,0,1,1,28.6,62.9,LOW
GRD-06082,STU-06082,2023,First_Term_Sep_Dec,10,3,0,23.3,81.4,MEDIUM
GRD-06083,STU-06083,2025,Third_Term_May_Jul,17,0,0,20.9,,MEDIUM
GRD-06084,STU-06084,2024,Third_Term_May_Jul,25,1,0,37.1,66.5,LOW
GRD-06085,STU-06085,2025,Second_Term_Jan_Apr,58,1,0,78.3,3.5,LOW
GRD-06086,STU-06086,2024,Third_Term_May_Jul,39,3,0,32.9,49.2,MEDIUM
GRD-06087,STU-06087,2024,Second_Term_Jan_Apr,110,6,0,7.8,,HIGH
GRD-06088,STU-06088,2023,First_Term_Sep_Dec,90,3,0,9.8,,HIGH
GRD-06089,STU-06089,2025,Third_Term_May_Jul,7,1,0,22.0,66.3,LOW
GRD-06090,STU-06090,2024,Second_Term_Jan_Apr,18,0,0,35.9,,MEDIUM
GRD-06091,STU-06091,2024,Second_Term_Jan_Apr,14,0,0,35.0,,LOW
GRD-06092,STU-06092,2023,Second_Term_Jan_Apr,19,1,0,28.5,77.0,LOW
GRD-06093,STU-06093,2025,Third_Term_May_Jul,25,0,0,89.7,4.6,LOW
GRD-06094,STU-06094,2023,Third_Term_May_Jul,23,1,0,82.8,5.1,LOW
GRD-06095,STU-06095,2024,Third_Term_May_Jul,145,7,0,5.9,,HIGH
GRD-06096,STU-06096,2025,First_Term_Sep_Dec,17,0,0,97.1,2.6,LOW
GRD-06097,STU-06097,2023,Third_Term_May_Jul,43,2,0,30.4,66.7,MEDIUM
GRD-06098,STU-06098,2024,Second_Term_Jan_Apr,16,0,0,35.3,,MEDIUM
GRD-06099,STU-06099,2024,Third_Term_May_Jul,41,2,0,21.6,60.6,MEDIUM
GRD-06100,STU-06100,2024,First_Term_Sep_Dec,15,0,0,89.3,1.4,LOW
GRD-06101,STU-06101,2023,Second_Term_Jan_Apr,53,2,0,20.7,66.4,MEDIUM
GRD-06102,STU-06102,2024,First_Term_Sep_Dec,22,0,0,31.9,0.5,LOW
GRD-06103,STU-06103,2023,Second_Term_Jan_Apr,107,4,0,4.5,,HIGH
GRD-06104,STU-06104,2024,Third_Term_May_Jul,0,2,1,22.4,66.8,LOW
GRD-06105,STU-06105,2023,Second_Term_Jan_Apr,32,0,0,81.4,4.9,LOW
GRD-06106,STU-06106,2023,Third_Term_May_Jul,30,1,0,20.8,61.8,LOW
GRD-06107,STU-06107,2023,First_Term_Sep_Dec,17,0,0,31.6,0.6,LOW
GRD-06108,STU-06108,2023,Third_Term_May_Jul,124,5,0,8.0,,HIGH
GRD-06109,STU-06109,2024,Third_Term_May_Jul,1,1,0,17.2,58.0,LOW
GRD-06110,STU-06110,2023,First_Term_Sep_Dec,19,0,0,87.8,4.6,LOW
GRD-06111,STU-06111,2024,Third_Term_May_Jul,35,2,0,30.7,47.5,MEDIUM
GRD-06112,STU-06112,2025,First_Term_Sep_Dec,19,1,0,94.0,3.5,LOW
GRD-06113,STU-06113,2024,Third_Term_May_Jul,69,2,0,36.2,71.2,MEDIUM
GRD-06114,STU-06114,2023,First_Term_Sep_Dec,0,2,1,35.5,47.0,LOW
GRD-06115,STU-06115,2023,Third_Term_May_Jul,23,0,0,98.3,4.5,LOW
GRD-06116,STU-06116,2023,First_Term_Sep_Dec,90,3,0,0.0,,HIGH
GRD-06117,STU-06117,2025,Third_Term_May_Jul,20,0,0,89.2,1.7,LOW
GRD-06118,STU-06118,2024,Third_Term_May_Jul,18,0,0,36.8,,MEDIUM
GRD-06119,STU-06119,2024,First_Term_Sep_Dec,31,1,0,31.8,63.8,MEDIUM
GRD-06120,STU-06120,2023,Second_Term_Jan_Apr,33,1,0,80.6,4.6,LOW
GRD-06121,STU-06121,2025,Second_Term_Jan_Apr,33,1,0,78.3,3.0,LOW
GRD-06122,STU-06122,2023,Second_Term_Jan_Apr,65,3,0,24.2,60.2,MEDIUM
GRD-06123,STU-06123,2024,Second_Term_Jan_Apr,151,6,0,4.4,,HIGH
GRD-06124,STU-06124,2024,Third_Term_May_Jul,22,0,0,96.8,4.0,LOW
GRD-06125,STU-06125,2024,Third_Term_May_Jul,143,5,0,5.6,,HIGH
GRD-06126,STU-06126,2023,Third_Term_May_Jul,24,0,0,100.0,6.3,LOW
GRD-06127,STU-06127,2024,Second_Term_Jan_Apr,51,1,0,90.2,7.2,LOW
GRD-06128,STU-06128,2023,Third_Term_May_Jul,162,4,0,4.3,,HIGH
GRD-06129,STU-06129,2025,First_Term_Sep_Dec,18,1,0,15.2,67.9,LOW
GRD-06130,STU-06130,2023,Second_Term_Jan_Apr,13,0,0,28.9,0.7,LOW
GRD-06131,STU-06131,2024,Third_Term_May_Jul,29,1,0,96.0,3.3,LOW
GRD-06132,STU-06132,2024,First_Term_Sep_Dec,24,1,0,27.1,55.8,LOW
GRD-06133,STU-06133,2024,Second_Term_Jan_Apr,0,0,1,78.1,4.5,LOW
GRD-06134,STU-06134,2023,Third_Term_May_Jul,14,0,0,33.8,0.5,LOW
GRD-06135,STU-06135,2024,Second_Term_Jan_Apr,76,2,0,21.8,43.6,MEDIUM
GRD-06136,STU-06136,2023,Third_Term_May_Jul,109,4,0,6.7,,HIGH
GRD-06137,STU-06137,2025,Third_Term_May_Jul,44,2,0,38.4,57.8,MEDIUM
GRD-06138,STU-06138,2023,Second_Term_Jan_Apr,21,0,0,34.4,,MEDIUM
GRD-06139,STU-06139,2024,Second_Term_Jan_Apr,47,2,0,73.6,4.2,LOW
GRD-06140,STU-06140,2025,Third_Term_May_Jul,132,2,0,6.6,,HIGH
GRD-06141,STU-06141,2025,Third_Term_May_Jul,23,1,0,100.0,4.5,LOW
GRD-06142,STU-06142,2025,Second_Term_Jan_Apr,120,4,0,2.8,,HIGH
GRD-06143,STU-06143,2025,First_Term_Sep_Dec,22,1,0,96.1,4.5,LOW
GRD-06144,STU-06144,2025,First_Term_Sep_Dec,35,1,0,34.0,48.5,MEDIUM
GRD-06145,STU-06145,2024,First_Term_Sep_Dec,16,0,0,91.1,3.4,LOW
GRD-06146,STU-06146,2025,First_Term_Sep_Dec,82,2,0,28.3,65.5,MEDIUM
GRD-06147,STU-06147,2024,Third_Term_May_Jul,0,0,1,33.6,41.6,LOW
GRD-06148,STU-06148,2024,Second_Term_Jan_Apr,126,4,0,2.6,,HIGH
GRD-06149,STU-06149,2024,Third_Term_May_Jul,122,5,0,5.0,,HIGH
GRD-06150,STU-06150,2025,Third_Term_May_Jul,9,0,0,32.7,0.4,LOW
GRD-06151,STU-06151,2025,Third_Term_May_Jul,149,7,0,4.8,,HIGH
GRD-06152,STU-06152,2023,Third_Term_May_Jul,0,1,0,17.5,89.2,LOW
GRD-06153,STU-06153,2023,Third_Term_May_Jul,23,1,0,90.8,4.4,LOW
GRD-06154,STU-06154,2025,Third_Term_May_Jul,24,0,0,91.6,5.0,LOW
GRD-06155,STU-06155,2025,Third_Term_May_Jul,31,1,0,16.2,49.9,MEDIUM
GRD-06156,STU-06156,2023,Third_Term_May_Jul,164,5,0,0.1,,HIGH
GRD-06157,STU-06157,2025,Second_Term_Jan_Apr,105,5,0,4.5,,HIGH
GRD-06158,STU-06158,2023,Third_Term_May_Jul,156,6,0,7.1,,HIGH
GRD-06159,STU-06159,2025,Second_Term_Jan_Apr,22,0,0,26.9,,MEDIUM
GRD-06160,STU-06160,2025,Second_Term_Jan_Apr,37,2,0,76.0,7.9,LOW
GRD-06161,STU-06161,2024,Third_Term_May_Jul,20,1,0,100.0,4.5,LOW
GRD-06162,STU-06162,2023,Second_Term_Jan_Apr,90,7,0,7.5,,HIGH
GRD-06163,STU-06163,2025,Second_Term_Jan_Apr,81,2,0,32.2,98.6,MEDIUM
GRD-06164,STU-06164,2025,First_Term_Sep_Dec,73,1,0,29.4,51.8,MEDIUM
GRD-06165,STU-06165,2024,Third_Term_May_Jul,24,1,0,84.7,3.9,LOW
GRD-06166,STU-06166,2023,Second_Term_Jan_Apr,23,0,0,25.8,0.7,LOW
GRD-06167,STU-06167,2024,Second_Term_Jan_Apr,35,3,0,30.6,54.3,MEDIUM
GRD-06168,STU-06168,2023,Third_Term_May_Jul,0,0,1,28.4,49.4,LOW
GRD-06169,STU-06169,2023,Second_Term_Jan_Apr,44,1,0,16.2,57.9,MEDIUM
GRD-06170,STU-06170,2025,First_Term_Sep_Dec,23,0,0,31.3,,MEDIUM
GRD-06171,STU-06171,2025,Third_Term_May_Jul,139,6,0,0.0,,HIGH
GRD-06172,STU-06172,2023,First_Term_Sep_Dec,14,0,0,86.6,2.0,LOW
GRD-06173,STU-06173,2024,First_Term_Sep_Dec,27,1,0,39.1,68.9,LOW
GRD-06174,STU-06174,2023,Second_Term_Jan_Apr,34,1,0,80.9,5.7,LOW
GRD-06175,STU-06175,2025,Second_Term_Jan_Apr,64,1,0,25.2,73.6,MEDIUM
GRD-06176,STU-06176,2023,Third_Term_May_Jul,38,2,0,22.4,73.6,MEDIUM
GRD-06177,STU-06177,2024,First_Term_Sep_Dec,15,0,0,87.3,3.8,LOW
GRD-06178,STU-06178,2024,Second_Term_Jan_Apr,118,1,0,6.5,,HIGH
GRD-06179,STU-06179,2025,First_Term_Sep_Dec,14,1,0,93.2,3.7,LOW
GRD-06180,STU-06180,2025,Second_Term_Jan_Apr,17,0,0,29.6,0.7,LOW
GRD-06181,STU-06181,2025,Third_Term_May_Jul,20,0,0,35.0,,MEDIUM
GRD-06182,STU-06182,2023,Third_Term_May_Jul,18,0,0,28.1,0.6,LOW
GRD-06183,STU-06183,2023,Second_Term_Jan_Apr,36,0,0,86.6,3.2,LOW
GRD-06184,STU-06184,2023,Second_Term_Jan_Apr,90,1,0,31.7,39.0,MEDIUM
GRD-06185,STU-06185,2023,Second_Term_Jan_Apr,0,3,1,35.3,74.5,LOW
GRD-06186,STU-06186,2024,Second_Term_Jan_Apr,90,7,0,6.2,,HIGH
GRD-06187,STU-06187,2025,Third_Term_May_Jul,29,0,0,91.4,2.2,LOW
GRD-06188,STU-06188,2025,Third_Term_May_Jul,21,0,0,25.5,,MEDIUM
GRD-06189,STU-06189,2023,Third_Term_May_Jul,13,0,0,33.2,0.3,LOW
GRD-06190,STU-06190,2025,Third_Term_May_Jul,15,0,0,20.0,0.6,LOW
GRD-06191,STU-06191,2023,Second_Term_Jan_Apr,17,1,0,26.8,42.3,LOW
GRD-06192,STU-06192,2025,Third_Term_May_Jul,18,0,0,36.6,0.3,LOW
GRD-06193,STU-06193,2024,First_Term_Sep_Dec,108,2,0,9.0,,HIGH
GRD-06194,STU-06194,2024,Third_Term_May_Jul,112,6,0,7.4,,HIGH
GRD-06195,STU-06195,2024,Second_Term_Jan_Apr,90,3,0,5.9,,HIGH
GRD-06196,STU-06196,2024,Third_Term_May_Jul,0,0,1,19.4,62.6,LOW
GRD-06197,STU-06197,2023,Third_Term_May_Jul,30,0,0,80.9,4.2,LOW
GRD-06198,STU-06198,2025,Second_Term_Jan_Apr,111,5,0,0.0,,HIGH
GRD-06199,STU-06199,2025,Second_Term_Jan_Apr,105,3,0,10.8,,HIGH
GRD-06200,STU-06200,2023,Second_Term_Jan_Apr,35,0,0,76.6,5.5,LOW
GRD-06201,STU-06201,2023,Third_Term_May_Jul,6,1,0,40.5,77.5,LOW
GRD-06202,STU-06202,2024,First_Term_Sep_Dec,16,1,0,97.8,4.3,LOW
GRD-06203,STU-06203,2025,Second_Term_Jan_Apr,0,1,1,81.4,6.1,LOW
GRD-06204,STU-06204,2024,Third_Term_May_Jul,24,0,0,87.2,1.7,LOW
GRD-06205,STU-06205,2024,Third_Term_May_Jul,13,0,0,34.5,,LOW
GRD-06206,STU-06206,2025,Second_Term_Jan_Apr,30,1,0,75.9,3.7,LOW
GRD-06207,STU-06207,2025,Third_Term_May_Jul,34,1,0,99.6,4.2,LOW
GRD-06208,STU-06208,2023,Second_Term_Jan_Apr,14,1,0,22.8,57.5,LOW
GRD-06209,STU-06209,2024,Second_Term_Jan_Apr,14,0,0,27.4,,LOW
GRD-06210,STU-06210,2024,First_Term_Sep_Dec,60,1,0,23.7,53.7,MEDIUM
GRD-06211,STU-06211,2023,Third_Term_May_Jul,13,0,0,31.3,,LOW
GRD-06212,STU-06212,2025,First_Term_Sep_Dec,90,6,0,0.0,,HIGH
GRD-06213,STU-06213,2024,Second_Term_Jan_Apr,0,1,1,23.9,64.4,LOW
GRD-06214,STU-06214,2024,First_Term_Sep_Dec,19,1,0,94.3,3.5,LOW
GRD-06215,STU-06215,2025,First_Term_Sep_Dec,90,6,0,1.7,,HIGH
GRD-06216,STU-06216,2023,First_Term_Sep_Dec,0,2,1,35.0,82.3,LOW
GRD-06217,STU-06217,2023,First_Term_Sep_Dec,0,2,0,26.7,53.5,LOW
GRD-06218,STU-06218,2024,First_Term_Sep_Dec,90,4,0,5.7,,HIGH
GRD-06219,STU-06219,2023,First_Term_Sep_Dec,66,1,0,27.2,69.6,MEDIUM
GRD-06220,STU-06220,2025,Third_Term_May_Jul,10,0,0,40.0,,LOW
GRD-06221,STU-06221,2024,Second_Term_Jan_Apr,15,0,0,32.8,,MEDIUM
GRD-06222,STU-06222,2023,Third_Term_May_Jul,0,3,0,21.8,65.7,MEDIUM
GRD-06223,STU-06223,2025,First_Term_Sep_Dec,90,5,0,5.4,,HIGH
GRD-06224,STU-06224,2024,Second_Term_Jan_Apr,127,2,0,2.4,,HIGH
GRD-06225,STU-06225,2025,First_Term_Sep_Dec,90,2,0,7.2,,HIGH
GRD-06226,STU-06226,2025,Second_Term_Jan_Apr,28,1,0,83.2,7.5,LOW
GRD-06227,STU-06227,2024,First_Term_Sep_Dec,47,2,0,25.3,73.6,MEDIUM
GRD-06228,STU-06228,2025,Second_Term_Jan_Apr,130,2,0,4.6,,HIGH
GRD-06229,STU-06229,2025,Second_Term_Jan_Apr,84,2,0,32.4,69.4,MEDIUM
GRD-06230,STU-06230,2024,Second_Term_Jan_Apr,38,1,0,79.5,2.8,LOW
GRD-06231,STU-06231,2025,Second_Term_Jan_Apr,90,3,0,5.3,,HIGH
GRD-06232,STU-06232,2025,Second_Term_Jan_Apr,117,4,0,6.9,,HIGH
GRD-06233,STU-06233,2025,First_Term_Sep_Dec,12,0,0,29.1,,LOW
GRD-06234,STU-06234,2025,Second_Term_Jan_Apr,50,1,0,21.3,59.7,MEDIUM
GRD-06235,STU-06235,2025,Third_Term_May_Jul,0,1,1,77.1,1.8,LOW
GRD-06236,STU-06236,2023,Second_Term_Jan_Apr,41,0,0,76.9,6.0,LOW
GRD-06237,STU-06237,2023,Second_Term_Jan_Apr,20,0,0,34.8,,MEDIUM
GRD-06238,STU-06238,2023,Second_Term_Jan_Apr,24,0,0,33.2,0.2,LOW
GRD-06239,STU-06239,2024,Second_Term_Jan_Apr,57,0,0,84.6,3.0,LOW
GRD-06240,STU-06240,2023,Second_Term_Jan_Apr,22,0,0,36.6,0.5,LOW
GRD-06241,STU-06241,2023,Second_Term_Jan_Apr,57,0,0,79.4,5.8,LOW
GRD-06242,STU-06242,2023,Third_Term_May_Jul,123,5,0,1.1,,HIGH
GRD-06243,STU-06243,2024,First_Term_Sep_Dec,0,1,1,32.6,52.8,LOW
GRD-06244,STU-06244,2024,Second_Term_Jan_Apr,42,1,0,77.4,2.5,LOW
GRD-06245,STU-06245,2024,Third_Term_May_Jul,13,0,0,37.1,,LOW
GRD-06246,STU-06246,2023,Third_Term_May_Jul,29,1,0,82.4,3.4,LOW
GRD-06247,STU-06247,2025,Second_Term_Jan_Apr,22,0,0,34.0,,MEDIUM
GRD-06248,STU-06248,2025,Second_Term_Jan_Apr,24,0,0,31.5,0.5,LOW
GRD-06249,STU-06249,2023,Third_Term_May_Jul,27,0,0,96.8,1.8,LOW
GRD-06250,STU-06250,2024,First_Term_Sep_Dec,90,7,0,3.9,,HIGH
GRD-06251,STU-06251,2024,Second_Term_Jan_Apr,38,0,0,79.1,2.4,LOW
GRD-06252,STU-06252,2025,First_Term_Sep_Dec,17,0,0,97.1,3.5,LOW
GRD-06253,STU-06253,2024,First_Term_Sep_Dec,90,7,0,5.2,,HIGH
GRD-06254,STU-06254,2023,First_Term_Sep_Dec,18,1,0,82.1,2.6,LOW
GRD-06255,STU-06255,2025,First_Term_Sep_Dec,70,2,0,24.0,65.8,MEDIUM
GRD-06256,STU-06256,2024,Second_Term_Jan_Apr,20,0,0,40.0,0.4,LOW
GRD-06257,STU-06257,2025,First_Term_Sep_Dec,0,0,1,94.2,4.8,LOW
GRD-06258,STU-06258,2023,First_Term_Sep_Dec,0,1,1,94.7,3.0,LOW
GRD-06259,STU-06259,2023,Second_Term_Jan_Apr,49,2,0,14.7,76.4,MEDIUM
GRD-06260,STU-06260,2024,Second_Term_Jan_Apr,30,0,0,84.9,2.3,LOW
GRD-06261,STU-06261,2024,First_Term_Sep_Dec,38,1,0,26.7,57.6,MEDIUM
GRD-06262,STU-06262,2024,Second_Term_Jan_Apr,28,1,0,30.6,55.4,LOW
GRD-06263,STU-06263,2023,First_Term_Sep_Dec,90,3,0,2.7,,HIGH
GRD-06264,STU-06264,2025,First_Term_Sep_Dec,72,2,0,22.1,59.1,MEDIUM
GRD-06265,STU-06265,2025,Third_Term_May_Jul,17,2,0,25.5,51.9,LOW
GRD-06266,STU-06266,2024,Third_Term_May_Jul,23,1,0,98.6,4.3,LOW
GRD-06267,STU-06267,2025,First_Term_Sep_Dec,18,1,0,91.5,1.3,LOW
GRD-06268,STU-06268,2024,Third_Term_May_Jul,179,3,0,2.8,,HIGH
GRD-06269,STU-06269,2024,Third_Term_May_Jul,128,5,0,4.7,,HIGH
GRD-06270,STU-06270,2023,Second_Term_Jan_Apr,27,1,0,74.4,1.5,LOW
GRD-06271,STU-06271,2025,Third_Term_May_Jul,14,0,0,32.4,0.5,LOW
GRD-06272,STU-06272,2023,First_Term_Sep_Dec,118,4,0,3.9,,HIGH
GRD-06273,STU-06273,2024,First_Term_Sep_Dec,120,5,0,5.6,,HIGH
GRD-06274,STU-06274,2025,Third_Term_May_Jul,22,0,0,94.7,4.3,LOW
GRD-06275,STU-06275,2023,Second_Term_Jan_Apr,21,0,0,27.7,0.9,LOW
GRD-06276,STU-06276,2025,Third_Term_May_Jul,26,0,0,96.8,3.8,LOW
GRD-06277,STU-06277,2024,Second_Term_Jan_Apr,15,0,0,31.4,0.5,LOW
GRD-06278,STU-06278,2023,Third_Term_May_Jul,12,0,0,24.7,0.5,LOW
GRD-06279,STU-06279,2025,First_Term_Sep_Dec,14,0,0,83.8,1.0,LOW
GRD-06280,STU-06280,2024,Second_Term_Jan_Apr,84,1,0,19.7,80.4,MEDIUM
GRD-06281,STU-06281,2025,Third_Term_May_Jul,18,0,0,27.5,0.8,LOW
GRD-06282,STU-06282,2024,Third_Term_May_Jul,0,1,1,90.8,3.7,LOW
GRD-06283,STU-06283,2025,Third_Term_May_Jul,14,0,0,33.9,0.4,LOW
GRD-06284,STU-06284,2024,Second_Term_Jan_Apr,95,2,0,17.7,72.3,MEDIUM
GRD-06285,STU-06285,2023,Third_Term_May_Jul,13,0,0,36.6,0.4,LOW
GRD-06286,STU-06286,2025,First_Term_Sep_Dec,16,1,0,89.6,4.0,LOW
GRD-06287,STU-06287,2025,Third_Term_May_Jul,0,1,1,21.8,72.2,LOW
GRD-06288,STU-06288,2023,First_Term_Sep_Dec,16,0,0,95.9,2.2,LOW
GRD-06289,STU-06289,2024,First_Term_Sep_Dec,13,0,0,28.8,0.6,LOW
GRD-06290,STU-06290,2025,Third_Term_May_Jul,29,0,0,98.3,2.3,LOW
GRD-06291,STU-06291,2025,Second_Term_Jan_Apr,160,7,0,1.4,,HIGH
GRD-06292,STU-06292,2025,First_Term_Sep_Dec,15,1,0,25.5,64.9,LOW
GRD-06293,STU-06293,2023,Third_Term_May_Jul,27,1,0,27.3,59.5,LOW
GRD-06294,STU-06294,2025,First_Term_Sep_Dec,14,1,0,95.6,2.1,LOW
GRD-06295,STU-06295,2023,Second_Term_Jan_Apr,39,0,0,77.4,4.9,LOW
GRD-06296,STU-06296,2024,Third_Term_May_Jul,160,3,0,9.3,,HIGH
GRD-06297,STU-06297,2024,Third_Term_May_Jul,117,3,0,1.8,,HIGH
GRD-06298,STU-06298,2025,First_Term_Sep_Dec,77,1,0,29.6,59.6,MEDIUM
GRD-06299,STU-06299,2024,Second_Term_Jan_Apr,34,0,0,82.2,1.7,LOW
GRD-06300,STU-06300,2024,Second_Term_Jan_Apr,59,1,0,21.2,62.3,MEDIUM
GRD-06301,STU-06301,2025,First_Term_Sep_Dec,0,1,1,100.0,3.8,LOW
GRD-06302,STU-06302,2024,Third_Term_May_Jul,16,0,0,28.9,,MEDIUM
GRD-06303,STU-06303,2025,First_Term_Sep_Dec,12,1,0,93.1,3.4,LOW
GRD-06304,STU-06304,2025,Third_Term_May_Jul,23,0,0,87.2,3.8,LOW
GRD-06305,STU-06305,2025,First_Term_Sep_Dec,16,0,0,26.1,0.4,LOW
GRD-06306,STU-06306,2023,Second_Term_Jan_Apr,90,6,0,7.4,,HIGH
GRD-06307,STU-06307,2024,Second_Term_Jan_Apr,72,1,0,27.7,75.7,MEDIUM
GRD-06308,STU-06308,2024,Second_Term_Jan_Apr,9,0,0,30.3,,LOW
GRD-06309,STU-06309,2023,First_Term_Sep_Dec,21,0,0,33.2,,MEDIUM
GRD-06310,STU-06310,2023,First_Term_Sep_Dec,17,0,0,30.5,,MEDIUM
GRD-06311,STU-06311,2025,First_Term_Sep_Dec,23,0,0,87.7,3.9,LOW
GRD-06312,STU-06312,2024,First_Term_Sep_Dec,16,0,0,87.9,4.2,LOW
GRD-06313,STU-06313,2025,Second_Term_Jan_Apr,22,0,0,31.0,,MEDIUM
GRD-06314,STU-06314,2023,First_Term_Sep_Dec,18,0,0,95.6,4.9,LOW
GRD-06315,STU-06315,2023,First_Term_Sep_Dec,13,0,0,86.1,3.1,LOW
GRD-06316,STU-06316,2023,Third_Term_May_Jul,53,1,0,23.4,67.2,MEDIUM
GRD-06317,STU-06317,2023,Second_Term_Jan_Apr,108,2,0,30.4,47.6,MEDIUM
GRD-06318,STU-06318,2023,Second_Term_Jan_Apr,23,0,0,34.9,,MEDIUM
GRD-06319,STU-06319,2025,First_Term_Sep_Dec,10,0,0,95.2,3.6,LOW
GRD-06320,STU-06320,2023,Third_Term_May_Jul,33,0,0,86.8,4.2,LOW
GRD-06321,STU-06321,2023,Third_Term_May_Jul,32,0,0,92.4,4.0,LOW
GRD-06322,STU-06322,2024,Second_Term_Jan_Apr,237,4,0,5.6,,HIGH
GRD-06323,STU-06323,2025,Second_Term_Jan_Apr,0,2,1,34.9,56.3,LOW
GRD-06324,STU-06324,2025,Third_Term_May_Jul,6,1,0,23.4,77.9,LOW
GRD-06325,STU-06325,2025,Second_Term_Jan_Apr,155,2,0,7.4,,HIGH
GRD-06326,STU-06326,2025,First_Term_Sep_Dec,17,0,0,91.0,5.0,LOW
GRD-06327,STU-06327,2023,Second_Term_Jan_Apr,94,0,0,25.8,95.7,MEDIUM
GRD-06328,STU-06328,2024,Third_Term_May_Jul,15,0,0,25.4,,MEDIUM
GRD-06329,STU-06329,2023,Third_Term_May_Jul,12,0,0,25.0,,LOW
GRD-06330,STU-06330,2024,Third_Term_May_Jul,25,0,0,96.8,2.7,LOW
GRD-06331,STU-06331,2025,First_Term_Sep_Dec,63,1,0,22.4,57.0,MEDIUM
GRD-06332,STU-06332,2025,Second_Term_Jan_Apr,0,2,0,24.9,73.8,LOW
GRD-06333,STU-06333,2023,Third_Term_May_Jul,39,2,0,82.2,4.2,LOW
GRD-06334,STU-06334,2025,Third_Term_May_Jul,36,1,0,93.8,5.9,LOW
GRD-06335,STU-06335,2024,First_Term_Sep_Dec,29,1,0,32.7,71.4,LOW
GRD-06336,STU-06336,2025,Third_Term_May_Jul,23,2,0,31.5,74.9,LOW
GRD-06337,STU-06337,2025,Third_Term_May_Jul,25,0,0,85.5,5.3,LOW
GRD-06338,STU-06338,2023,Second_Term_Jan_Apr,47,2,0,28.7,79.8,MEDIUM
GRD-06339,STU-06339,2023,Third_Term_May_Jul,0,2,1,19.6,53.4,LOW
GRD-06340,STU-06340,2023,First_Term_Sep_Dec,0,2,1,20.6,47.6,LOW
GRD-06341,STU-06341,2023,Third_Term_May_Jul,29,1,0,95.2,2.9,LOW
GRD-06342,STU-06342,2024,Third_Term_May_Jul,31,2,0,25.7,64.9,MEDIUM
GRD-06343,STU-06343,2025,Second_Term_Jan_Apr,34,1,0,21.7,79.7,MEDIUM
GRD-06344,STU-06344,2024,Third_Term_May_Jul,50,1,0,29.5,65.2,MEDIUM
GRD-06345,STU-06345,2024,Second_Term_Jan_Apr,17,1,0,22.7,79.8,LOW
GRD-06346,STU-06346,2024,First_Term_Sep_Dec,63,1,0,25.8,62.2,MEDIUM
GRD-06347,STU-06347,2025,Second_Term_Jan_Apr,42,0,0,85.1,4.1,LOW
GRD-06348,STU-06348,2025,Third_Term_May_Jul,34,0,0,96.7,0.9,LOW
GRD-06349,STU-06349,2024,Third_Term_May_Jul,145,5,0,7.4,,HIGH
GRD-06350,STU-06350,2024,Third_Term_May_Jul,26,1,0,85.6,3.6,LOW
GRD-06351,STU-06351,2024,Third_Term_May_Jul,24,0,0,93.4,2.8,LOW
GRD-06352,STU-06352,2025,Third_Term_May_Jul,47,1,0,38.2,55.2,MEDIUM
GRD-06353,STU-06353,2024,Third_Term_May_Jul,27,0,0,84.2,3.1,LOW
GRD-06354,STU-06354,2025,Second_Term_Jan_Apr,0,1,1,29.0,63.7,LOW
GRD-06355,STU-06355,2023,Second_Term_Jan_Apr,43,0,0,75.9,6.1,LOW
GRD-06356,STU-06356,2025,Second_Term_Jan_Apr,48,0,0,76.5,5.7,LOW
GRD-06357,STU-06357,2024,Third_Term_May_Jul,21,0,0,33.6,0.6,LOW
GRD-06358,STU-06358,2023,Second_Term_Jan_Apr,20,0,0,34.0,0.4,LOW
GRD-06359,STU-06359,2025,First_Term_Sep_Dec,13,0,0,97.6,5.3,LOW
GRD-06360,STU-06360,2023,Second_Term_Jan_Apr,0,2,1,23.2,71.8,LOW
GRD-06361,STU-06361,2023,Second_Term_Jan_Apr,16,0,0,24.0,0.5,LOW
GRD-06362,STU-06362,2025,Second_Term_Jan_Apr,110,1,0,6.9,,HIGH
GRD-06363,STU-06363,2023,Second_Term_Jan_Apr,35,1,0,87.6,3.9,LOW
GRD-06364,STU-06364,2023,Third_Term_May_Jul,166,4,0,5.0,,HIGH
GRD-06365,STU-06365,2024,First_Term_Sep_Dec,25,0,0,28.2,,MEDIUM
GRD-06366,STU-06366,2023,Third_Term_May_Jul,171,5,0,8.0,,HIGH
GRD-06367,STU-06367,2023,Third_Term_May_Jul,9,0,0,33.1,0.5,LOW
GRD-06368,STU-06368,2025,Second_Term_Jan_Apr,20,0,0,24.7,,MEDIUM
GRD-06369,STU-06369,2023,Second_Term_Jan_Apr,4,2,0,23.8,77.7,LOW
GRD-06370,STU-06370,2024,Third_Term_May_Jul,29,1,0,93.5,4.6,LOW
GRD-06371,STU-06371,2025,Third_Term_May_Jul,51,1,0,20.3,81.7,MEDIUM
GRD-06372,STU-06372,2023,First_Term_Sep_Dec,15,0,0,22.7,,MEDIUM
GRD-06373,STU-06373,2023,Third_Term_May_Jul,51,1,0,38.3,49.7,MEDIUM
GRD-06374,STU-06374,2025,Third_Term_May_Jul,19,0,0,40.0,0.7,LOW
GRD-06375,STU-06375,2025,Second_Term_Jan_Apr,117,5,0,0.0,,HIGH
GRD-06376,STU-06376,2024,Second_Term_Jan_Apr,127,4,0,6.9,,HIGH
GRD-06377,STU-06377,2025,Second_Term_Jan_Apr,61,1,0,23.5,46.3,MEDIUM
GRD-06378,STU-06378,2024,Third_Term_May_Jul,21,0,0,27.4,,MEDIUM
GRD-06379,STU-06379,2024,First_Term_Sep_Dec,17,1,0,91.0,2.2,LOW
GRD-06380,STU-06380,2023,Third_Term_May_Jul,185,6,0,4.1,,HIGH
GRD-06381,STU-06381,2025,Second_Term_Jan_Apr,112,7,0,1.8,,HIGH
GRD-06382,STU-06382,2023,First_Term_Sep_Dec,16,0,0,35.7,0.6,LOW
GRD-06383,STU-06383,2024,Third_Term_May_Jul,1,0,0,26.8,66.3,LOW
GRD-06384,STU-06384,2025,Second_Term_Jan_Apr,98,4,0,6.2,,HIGH
GRD-06385,STU-06385,2023,Third_Term_May_Jul,15,1,0,39.3,62.6,LOW
GRD-06386,STU-06386,2024,Second_Term_Jan_Apr,36,1,0,91.1,3.4,LOW
GRD-06387,STU-06387,2023,First_Term_Sep_Dec,90,4,0,5.5,,HIGH
GRD-06388,STU-06388,2025,First_Term_Sep_Dec,17,0,0,22.1,0.4,LOW
GRD-06389,STU-06389,2023,First_Term_Sep_Dec,34,1,0,29.3,52.3,MEDIUM
GRD-06390,STU-06390,2025,Third_Term_May_Jul,20,1,0,93.0,4.2,LOW
GRD-06391,STU-06391,2023,First_Term_Sep_Dec,14,1,0,90.8,4.3,LOW
GRD-06392,STU-06392,2024,First_Term_Sep_Dec,14,0,0,27.9,0.4,LOW
GRD-06393,STU-06393,2023,Second_Term_Jan_Apr,22,3,0,25.4,76.0,MEDIUM
GRD-06394,STU-06394,2024,First_Term_Sep_Dec,19,0,0,29.5,,MEDIUM
GRD-06395,STU-06395,2025,Third_Term_May_Jul,41,2,0,26.0,64.0,MEDIUM
GRD-06396,STU-06396,2025,Third_Term_May_Jul,26,0,0,37.2,49.5,LOW
GRD-06397,STU-06397,2024,Third_Term_May_Jul,13,0,0,37.7,,LOW
GRD-06398,STU-06398,2025,Second_Term_Jan_Apr,113,2,0,4.0,,HIGH
GRD-06399,STU-06399,2024,Second_Term_Jan_Apr,72,0,0,18.1,51.3,MEDIUM
GRD-06400,STU-06400,2023,First_Term_Sep_Dec,15,0,0,33.6,,MEDIUM
GRD-06401,STU-06401,2023,Second_Term_Jan_Apr,33,1,0,83.3,5.8,LOW
GRD-06402,STU-06402,2025,Third_Term_May_Jul,33,1,0,91.5,3.2,LOW
GRD-06403,STU-06403,2024,Second_Term_Jan_Apr,95,2,0,23.5,103.5,MEDIUM
GRD-06404,STU-06404,2024,First_Term_Sep_Dec,21,1,0,18.4,74.8,LOW
GRD-06405,STU-06405,2023,Second_Term_Jan_Apr,19,1,0,91.6,4.3,LOW
GRD-06406,STU-06406,2024,Second_Term_Jan_Apr,38,1,0,78.6,3.6,LOW
GRD-06407,STU-06407,2023,Second_Term_Jan_Apr,38,1,0,81.3,4.7,LOW
GRD-06408,STU-06408,2024,Third_Term_May_Jul,111,6,0,6.7,,HIGH
GRD-06409,STU-06409,2025,First_Term_Sep_Dec,62,2,0,40.5,69.6,MEDIUM
GRD-06410,STU-06410,2024,Second_Term_Jan_Apr,20,0,0,26.5,,MEDIUM
GRD-06411,STU-06411,2025,Third_Term_May_Jul,1,1,0,37.5,68.7,LOW
GRD-06412,STU-06412,2023,Third_Term_May_Jul,0,1,1,35.0,69.9,LOW
GRD-06413,STU-06413,2023,Second_Term_Jan_Apr,40,0,0,91.9,5.8,LOW
GRD-06414,STU-06414,2025,Third_Term_May_Jul,18,1,0,100.0,1.6,LOW
GRD-06415,STU-06415,2025,First_Term_Sep_Dec,17,1,0,85.7,2.7,LOW
GRD-06416,STU-06416,2023,Second_Term_Jan_Apr,0,2,1,27.7,94.4,LOW
GRD-06417,STU-06417,2025,Second_Term_Jan_Apr,42,0,0,75.4,4.2,LOW
GRD-06418,STU-06418,2023,First_Term_Sep_Dec,14,1,0,35.8,63.1,LOW
GRD-06419,STU-06419,2025,Second_Term_Jan_Apr,19,0,0,33.5,0.6,LOW
GRD-06420,STU-06420,2024,Third_Term_May_Jul,22,0,0,85.3,1.2,LOW
GRD-06421,STU-06421,2023,Third_Term_May_Jul,25,0,0,92.1,1.3,LOW
GRD-06422,STU-06422,2023,First_Term_Sep_Dec,18,1,0,89.2,3.2,LOW
GRD-06423,STU-06423,2023,Second_Term_Jan_Apr,89,0,0,24.5,64.5,MEDIUM
GRD-06424,STU-06424,2024,Second_Term_Jan_Apr,16,2,0,23.0,74.8,LOW
GRD-06425,STU-06425,2025,Third_Term_May_Jul,90,5,0,5.5,,HIGH
GRD-06426,STU-06426,2023,Second_Term_Jan_Apr,15,3,0,22.5,63.7,MEDIUM
GRD-06427,STU-06427,2024,Second_Term_Jan_Apr,130,5,0,0.0,,HIGH
GRD-06428,STU-06428,2023,Third_Term_May_Jul,31,0,0,92.2,3.1,LOW
GRD-06429,STU-06429,2024,Second_Term_Jan_Apr,90,6,0,1.1,,HIGH
GRD-06430,STU-06430,2024,Third_Term_May_Jul,48,1,0,19.6,52.0,MEDIUM
GRD-06431,STU-06431,2023,Second_Term_Jan_Apr,47,0,0,79.3,2.5,LOW
GRD-06432,STU-06432,2025,First_Term_Sep_Dec,19,0,0,37.5,,MEDIUM
GRD-06433,STU-06433,2025,First_Term_Sep_Dec,106,4,0,8.3,,HIGH
GRD-06434,STU-06434,2024,Second_Term_Jan_Apr,22,0,0,27.6,0.4,LOW
GRD-06435,STU-06435,2023,Third_Term_May_Jul,30,0,0,98.6,1.2,LOW
GRD-06436,STU-06436,2025,Second_Term_Jan_Apr,38,0,0,83.9,5.6,LOW
GRD-06437,STU-06437,2025,Second_Term_Jan_Apr,138,2,0,6.5,,HIGH
GRD-06438,STU-06438,2023,First_Term_Sep_Dec,69,1,0,33.5,42.2,MEDIUM
GRD-06439,STU-06439,2025,Second_Term_Jan_Apr,24,0,0,31.9,,MEDIUM
GRD-06440,STU-06440,2023,First_Term_Sep_Dec,97,5,0,5.6,,HIGH
GRD-06441,STU-06441,2023,Third_Term_May_Jul,131,2,0,7.3,,HIGH
GRD-06442,STU-06442,2024,Second_Term_Jan_Apr,134,5,0,5.8,,HIGH
GRD-06443,STU-06443,2024,Third_Term_May_Jul,18,0,0,89.0,1.8,LOW
GRD-06444,STU-06444,2024,First_Term_Sep_Dec,15,0,0,87.1,1.7,LOW
GRD-06445,STU-06445,2025,Third_Term_May_Jul,19,1,0,94.1,2.7,LOW
GRD-06446,STU-06446,2025,Second_Term_Jan_Apr,31,0,0,85.0,4.2,LOW
GRD-06447,STU-06447,2024,Third_Term_May_Jul,110,6,0,5.5,,HIGH
GRD-06448,STU-06448,2025,First_Term_Sep_Dec,118,3,0,5.3,,HIGH
GRD-06449,STU-06449,2023,Third_Term_May_Jul,27,0,0,89.9,6.6,LOW
GRD-06450,STU-06450,2025,Third_Term_May_Jul,123,4,0,7.2,,HIGH
GRD-06451,STU-06451,2025,Third_Term_May_Jul,31,0,0,97.2,4.3,LOW
GRD-06452,STU-06452,2025,Third_Term_May_Jul,15,0,0,20.0,,MEDIUM
GRD-06453,STU-06453,2024,Second_Term_Jan_Apr,36,1,0,82.4,3.8,LOW
GRD-06454,STU-06454,2023,First_Term_Sep_Dec,17,0,0,91.3,2.4,LOW
GRD-06455,STU-06455,2025,Third_Term_May_Jul,17,2,0,31.7,59.7,LOW
GRD-06456,STU-06456,2023,Second_Term_Jan_Apr,61,1,0,26.2,78.9,MEDIUM
GRD-06457,STU-06457,2024,First_Term_Sep_Dec,21,2,0,30.0,40.6,LOW
GRD-06458,STU-06458,2025,First_Term_Sep_Dec,17,0,0,31.7,0.9,LOW
GRD-06459,STU-06459,2023,Third_Term_May_Jul,159,6,0,9.0,,HIGH
GRD-06460,STU-06460,2024,First_Term_Sep_Dec,90,5,0,6.9,,HIGH
GRD-06461,STU-06461,2023,First_Term_Sep_Dec,20,0,0,20.5,,MEDIUM
GRD-06462,STU-06462,2025,Second_Term_Jan_Apr,34,0,0,82.6,4.7,LOW
GRD-06463,STU-06463,2025,First_Term_Sep_Dec,7,2,0,28.5,79.2,LOW
GRD-06464,STU-06464,2023,Third_Term_May_Jul,126,3,0,7.5,,HIGH
GRD-06465,STU-06465,2025,Third_Term_May_Jul,25,0,0,90.6,5.5,LOW
GRD-06466,STU-06466,2025,Third_Term_May_Jul,19,0,0,27.6,,MEDIUM
GRD-06467,STU-06467,2024,Third_Term_May_Jul,22,0,0,33.0,,MEDIUM
GRD-06468,STU-06468,2024,Third_Term_May_Jul,24,2,0,31.9,74.1,LOW
GRD-06469,STU-06469,2025,First_Term_Sep_Dec,90,6,0,0.8,,HIGH
GRD-06470,STU-06470,2024,Third_Term_May_Jul,0,2,1,24.2,35.8,LOW
GRD-06471,STU-06471,2024,Second_Term_Jan_Apr,121,2,0,4.3,,HIGH
GRD-06472,STU-06472,2024,First_Term_Sep_Dec,13,0,0,94.1,3.7,LOW
GRD-06473,STU-06473,2023,Third_Term_May_Jul,0,0,1,33.8,,LOW
GRD-06474,STU-06474,2023,Third_Term_May_Jul,27,0,0,92.4,3.7,LOW
GRD-06475,STU-06475,2023,Second_Term_Jan_Apr,63,2,0,22.3,86.8,MEDIUM
GRD-06476,STU-06476,2023,First_Term_Sep_Dec,45,1,0,22.9,49.9,MEDIUM
GRD-06477,STU-06477,2023,Second_Term_Jan_Apr,11,0,0,32.9,,LOW
GRD-06478,STU-06478,2024,Third_Term_May_Jul,53,2,0,23.7,65.4,MEDIUM
GRD-06479,STU-06479,2023,Second_Term_Jan_Apr,165,6,0,4.2,,HIGH
GRD-06480,STU-06480,2023,Third_Term_May_Jul,23,0,0,83.1,2.6,LOW
GRD-06481,STU-06481,2024,First_Term_Sep_Dec,92,6,0,2.7,,HIGH
GRD-06482,STU-06482,2025,First_Term_Sep_Dec,14,0,0,30.4,,LOW
GRD-06483,STU-06483,2023,Third_Term_May_Jul,20,0,0,27.9,,MEDIUM
GRD-06484,STU-06484,2024,Second_Term_Jan_Apr,32,0,0,80.6,2.7,LOW
GRD-06485,STU-06485,2025,Third_Term_May_Jul,19,0,0,82.6,3.0,LOW
GRD-06486,STU-06486,2025,Second_Term_Jan_Apr,38,1,0,17.8,90.9,MEDIUM
GRD-06487,STU-06487,2025,Third_Term_May_Jul,138,5,0,6.2,,HIGH
GRD-06488,STU-06488,2025,Third_Term_May_Jul,10,0,0,25.9,0.5,LOW
GRD-06489,STU-06489,2025,Third_Term_May_Jul,27,0,0,86.8,4.5,LOW
GRD-06490,STU-06490,2023,Third_Term_May_Jul,11,0,0,32.1,0.6,LOW
GRD-06491,STU-06491,2023,Second_Term_Jan_Apr,39,1,0,76.9,1.6,LOW
GRD-06492,STU-06492,2025,Third_Term_May_Jul,32,1,0,92.4,2.3,LOW
GRD-06493,STU-06493,2025,Third_Term_May_Jul,27,0,0,92.3,2.1,LOW
GRD-06494,STU-06494,2024,First_Term_Sep_Dec,102,3,0,7.2,,HIGH
GRD-06495,STU-06495,2024,First_Term_Sep_Dec,19,0,0,89.8,2.5,LOW
GRD-06496,STU-06496,2024,Third_Term_May_Jul,13,0,0,25.5,,LOW
GRD-06497,STU-06497,2023,First_Term_Sep_Dec,18,0,0,31.2,0.5,LOW
GRD-06498,STU-06498,2025,Third_Term_May_Jul,0,2,1,26.4,70.2,LOW
GRD-06499,STU-06499,2023,Third_Term_May_Jul,60,0,0,31.6,69.3,LOW
GRD-06500,STU-06500,2023,First_Term_Sep_Dec,103,1,0,9.2,,HIGH
GRD-06501,STU-06501,2024,Second_Term_Jan_Apr,19,0,0,40.0,,LOW
GRD-06502,STU-06502,2025,Third_Term_May_Jul,0,1,1,34.3,47.4,LOW
GRD-06503,STU-06503,2025,Second_Term_Jan_Apr,22,0,0,81.8,5.1,LOW
GRD-06504,STU-06504,2024,Third_Term_May_Jul,0,1,1,34.9,66.1,LOW
GRD-06505,STU-06505,2025,First_Term_Sep_Dec,19,0,0,100.0,3.7,LOW
GRD-06506,STU-06506,2024,Third_Term_May_Jul,19,2,0,16.7,41.4,LOW
GRD-06507,STU-06507,2025,Second_Term_Jan_Apr,0,1,1,29.7,73.8,LOW
GRD-06508,STU-06508,2023,Third_Term_May_Jul,0,3,1,32.4,34.5,LOW
GRD-06509,STU-06509,2023,Third_Term_May_Jul,0,2,1,40.5,55.4,LOW
GRD-06510,STU-06510,2023,Second_Term_Jan_Apr,107,4,0,0.8,,HIGH
GRD-06511,STU-06511,2025,First_Term_Sep_Dec,34,1,0,28.5,84.8,MEDIUM
GRD-06512,STU-06512,2024,Second_Term_Jan_Apr,117,5,0,3.6,,HIGH
GRD-06513,STU-06513,2025,Third_Term_May_Jul,22,1,0,97.5,2.4,LOW
GRD-06514,STU-06514,2023,First_Term_Sep_Dec,0,0,1,91.3,0.8,LOW
GRD-06515,STU-06515,2024,First_Term_Sep_Dec,14,1,0,97.5,3.1,LOW
GRD-06516,STU-06516,2025,Second_Term_Jan_Apr,44,1,0,21.5,57.4,MEDIUM
GRD-06517,STU-06517,2025,Second_Term_Jan_Apr,34,1,0,33.3,99.6,MEDIUM
GRD-06518,STU-06518,2024,Second_Term_Jan_Apr,12,0,0,28.0,62.2,LOW
GRD-06519,STU-06519,2025,Third_Term_May_Jul,144,7,0,6.7,,HIGH
GRD-06520,STU-06520,2024,Third_Term_May_Jul,25,0,0,97.6,4.9,LOW
GRD-06521,STU-06521,2024,First_Term_Sep_Dec,18,0,0,84.9,1.1,LOW
GRD-06522,STU-06522,2023,Second_Term_Jan_Apr,32,1,0,20.8,58.7,MEDIUM
GRD-06523,STU-06523,2023,Third_Term_May_Jul,45,1,0,26.4,48.2,MEDIUM
GRD-06524,STU-06524,2023,First_Term_Sep_Dec,90,4,0,8.3,,HIGH
GRD-06525,STU-06525,2025,Second_Term_Jan_Apr,18,0,0,31.6,0.3,LOW
GRD-06526,STU-06526,2023,Third_Term_May_Jul,39,1,0,29.0,50.2,MEDIUM
GRD-06527,STU-06527,2025,Second_Term_Jan_Apr,58,2,0,28.5,94.6,MEDIUM
GRD-06528,STU-06528,2025,First_Term_Sep_Dec,43,1,0,17.8,34.4,MEDIUM
GRD-06529,STU-06529,2025,Third_Term_May_Jul,36,0,0,96.9,5.0,LOW
GRD-06530,STU-06530,2025,Second_Term_Jan_Apr,48,0,0,75.0,4.6,LOW
GRD-06531,STU-06531,2023,Third_Term_May_Jul,112,2,0,5.3,,HIGH
GRD-06532,STU-06532,2024,Second_Term_Jan_Apr,18,0,0,22.1,,MEDIUM
GRD-06533,STU-06533,2025,Second_Term_Jan_Apr,103,3,0,6.9,,HIGH
GRD-06534,STU-06534,2024,First_Term_Sep_Dec,39,2,0,21.4,33.0,MEDIUM
GRD-06535,STU-06535,2025,First_Term_Sep_Dec,12,1,0,95.8,3.2,LOW
GRD-06536,STU-06536,2023,Second_Term_Jan_Apr,32,0,0,82.8,5.0,LOW
GRD-06537,STU-06537,2023,Third_Term_May_Jul,21,1,0,97.1,3.4,LOW
GRD-06538,STU-06538,2024,Third_Term_May_Jul,15,0,0,27.7,,MEDIUM
GRD-06539,STU-06539,2024,First_Term_Sep_Dec,16,0,0,31.1,,MEDIUM
GRD-06540,STU-06540,2025,Third_Term_May_Jul,18,0,0,25.1,,MEDIUM
GRD-06541,STU-06541,2023,Third_Term_May_Jul,27,1,0,89.3,0.9,LOW
GRD-06542,STU-06542,2024,Third_Term_May_Jul,10,0,0,31.4,0.6,LOW
GRD-06543,STU-06543,2023,Second_Term_Jan_Apr,46,1,0,82.8,4.0,LOW
GRD-06544,STU-06544,2025,Second_Term_Jan_Apr,28,0,0,33.8,0.5,LOW
GRD-06545,STU-06545,2024,Second_Term_Jan_Apr,47,1,0,82.2,6.7,LOW
GRD-06546,STU-06546,2024,Second_Term_Jan_Apr,35,2,0,21.7,99.3,MEDIUM
GRD-06547,STU-06547,2023,First_Term_Sep_Dec,17,0,0,82.1,5.0,LOW
GRD-06548,STU-06548,2024,Second_Term_Jan_Apr,34,1,0,85.9,4.8,LOW
GRD-06549,STU-06549,2024,Second_Term_Jan_Apr,41,0,0,80.3,3.5,LOW
GRD-06550,STU-06550,2025,First_Term_Sep_Dec,52,2,0,24.5,34.1,MEDIUM
GRD-06551,STU-06551,2023,Second_Term_Jan_Apr,48,2,0,38.2,91.6,MEDIUM
GRD-06552,STU-06552,2025,First_Term_Sep_Dec,11,0,0,33.7,0.6,LOW
GRD-06553,STU-06553,2023,First_Term_Sep_Dec,15,0,0,32.4,0.4,LOW
GRD-06554,STU-06554,2023,Third_Term_May_Jul,96,3,0,6.0,,HIGH
GRD-06555,STU-06555,2024,Third_Term_May_Jul,30,0,0,89.6,4.7,LOW
GRD-06556,STU-06556,2023,First_Term_Sep_Dec,0,1,0,29.4,79.8,LOW
GRD-06557,STU-06557,2024,First_Term_Sep_Dec,21,1,0,89.3,3.2,LOW
GRD-06558,STU-06558,2024,Third_Term_May_Jul,0,0,0,22.9,69.3,LOW
GRD-06559,STU-06559,2023,Second_Term_Jan_Apr,36,0,0,83.8,4.1,LOW
GRD-06560,STU-06560,2023,Third_Term_May_Jul,138,2,0,2.1,,HIGH
GRD-06561,STU-06561,2024,First_Term_Sep_Dec,18,0,0,96.7,5.2,LOW
GRD-06562,STU-06562,2024,Third_Term_May_Jul,33,1,0,93.0,2.7,LOW
GRD-06563,STU-06563,2023,First_Term_Sep_Dec,17,0,0,31.7,0.6,LOW
GRD-06564,STU-06564,2023,Third_Term_May_Jul,29,1,0,99.4,5.6,LOW
GRD-06565,STU-06565,2024,Third_Term_May_Jul,13,0,0,33.6,0.5,LOW
GRD-06566,STU-06566,2023,Second_Term_Jan_Apr,63,1,0,38.2,101.9,MEDIUM
GRD-06567,STU-06567,2024,Second_Term_Jan_Apr,0,1,1,32.3,64.2,LOW
GRD-06568,STU-06568,2024,First_Term_Sep_Dec,24,0,0,40.0,0.6,LOW
GRD-06569,STU-06569,2025,Second_Term_Jan_Apr,135,3,0,9.1,,HIGH
GRD-06570,STU-06570,2024,Third_Term_May_Jul,106,5,0,8.4,,HIGH
GRD-06571,STU-06571,2025,Second_Term_Jan_Apr,13,2,0,30.3,73.0,LOW
GRD-06572,STU-06572,2023,First_Term_Sep_Dec,38,2,0,24.7,44.3,MEDIUM
GRD-06573,STU-06573,2023,Third_Term_May_Jul,17,0,0,32.5,,MEDIUM
GRD-06574,STU-06574,2025,First_Term_Sep_Dec,15,0,0,28.2,,MEDIUM
GRD-06575,STU-06575,2025,Third_Term_May_Jul,112,2,0,3.6,,HIGH
GRD-06576,STU-06576,2025,Second_Term_Jan_Apr,82,2,0,29.2,79.8,MEDIUM
GRD-06577,STU-06577,2025,Third_Term_May_Jul,0,1,1,25.6,75.3,LOW
GRD-06578,STU-06578,2025,Second_Term_Jan_Apr,118,5,0,7.8,,HIGH
GRD-06579,STU-06579,2024,Third_Term_May_Jul,16,0,0,87.9,3.5,LOW
GRD-06580,STU-06580,2025,Third_Term_May_Jul,120,5,0,8.5,,HIGH
GRD-06581,STU-06581,2025,Second_Term_Jan_Apr,30,0,0,73.6,6.5,LOW
GRD-06582,STU-06582,2024,First_Term_Sep_Dec,16,0,0,27.6,0.6,LOW
GRD-06583,STU-06583,2025,Second_Term_Jan_Apr,36,1,0,82.2,4.7,LOW
GRD-06584,STU-06584,2025,First_Term_Sep_Dec,0,1,1,27.3,60.8,LOW
GRD-06585,STU-06585,2025,Third_Term_May_Jul,42,2,0,24.5,34.7,MEDIUM
GRD-06586,STU-06586,2023,Second_Term_Jan_Apr,142,3,0,5.3,,HIGH
GRD-06587,STU-06587,2025,First_Term_Sep_Dec,18,1,0,88.4,3.7,LOW
GRD-06588,STU-06588,2024,First_Term_Sep_Dec,21,0,0,96.4,4.9,LOW
GRD-06589,STU-06589,2025,Second_Term_Jan_Apr,0,2,0,25.0,73.4,LOW
GRD-06590,STU-06590,2023,Third_Term_May_Jul,143,5,0,4.6,,HIGH
GRD-06591,STU-06591,2023,Second_Term_Jan_Apr,97,0,0,21.6,106.0,MEDIUM
GRD-06592,STU-06592,2025,Third_Term_May_Jul,122,4,0,4.2,,HIGH
GRD-06593,STU-06593,2023,First_Term_Sep_Dec,54,1,0,31.7,61.5,MEDIUM
GRD-06594,STU-06594,2024,First_Term_Sep_Dec,93,3,0,18.1,40.7,HIGH
GRD-06595,STU-06595,2025,Third_Term_May_Jul,12,0,0,33.1,0.5,LOW
GRD-06596,STU-06596,2023,Third_Term_May_Jul,22,1,0,95.7,4.8,LOW
GRD-06597,STU-06597,2023,First_Term_Sep_Dec,90,4,0,6.6,,HIGH
GRD-06598,STU-06598,2023,First_Term_Sep_Dec,13,0,0,94.7,5.1,LOW
GRD-06599,STU-06599,2025,Second_Term_Jan_Apr,10,1,0,22.6,77.0,LOW
GRD-06600,STU-06600,2024,Second_Term_Jan_Apr,7,2,0,30.2,93.5,LOW
GRD-06601,STU-06601,2024,Second_Term_Jan_Apr,129,5,0,6.3,,HIGH
GRD-06602,STU-06602,2024,Second_Term_Jan_Apr,110,3,0,2.7,,HIGH
GRD-06603,STU-06603,2023,First_Term_Sep_Dec,12,1,0,25.2,68.3,LOW
GRD-06604,STU-06604,2025,First_Term_Sep_Dec,17,1,0,95.5,6.4,LOW
GRD-06605,STU-06605,2024,Third_Term_May_Jul,63,1,0,29.9,69.9,MEDIUM
GRD-06606,STU-06606,2025,Second_Term_Jan_Apr,90,3,0,2.3,,HIGH
GRD-06607,STU-06607,2024,Second_Term_Jan_Apr,68,1,0,27.4,66.3,MEDIUM
GRD-06608,STU-06608,2025,Second_Term_Jan_Apr,54,2,0,22.4,65.7,MEDIUM
GRD-06609,STU-06609,2024,Second_Term_Jan_Apr,32,0,0,77.8,6.3,LOW
GRD-06610,STU-06610,2024,Second_Term_Jan_Apr,0,1,0,23.1,73.2,LOW
GRD-06611,STU-06611,2024,First_Term_Sep_Dec,19,1,0,79.2,3.2,LOW
GRD-06612,STU-06612,2023,Third_Term_May_Jul,0,2,0,29.3,69.3,LOW
GRD-06613,STU-06613,2023,First_Term_Sep_Dec,11,0,0,27.3,0.8,LOW
GRD-06614,STU-06614,2025,First_Term_Sep_Dec,90,2,0,2.6,,HIGH
GRD-06615,STU-06615,2024,First_Term_Sep_Dec,16,1,0,23.8,71.7,LOW
GRD-06616,STU-06616,2025,Second_Term_Jan_Apr,117,4,0,6.9,,HIGH
GRD-06617,STU-06617,2023,First_Term_Sep_Dec,14,1,0,93.5,2.6,LOW
GRD-06618,STU-06618,2025,First_Term_Sep_Dec,19,2,0,26.0,50.4,LOW
GRD-06619,STU-06619,2025,Second_Term_Jan_Apr,34,1,0,82.6,1.5,LOW
GRD-06620,STU-06620,2024,Third_Term_May_Jul,126,2,0,6.6,,HIGH
GRD-06621,STU-06621,2024,Third_Term_May_Jul,147,4,0,4.0,,HIGH
GRD-06622,STU-06622,2024,Third_Term_May_Jul,22,2,0,19.5,52.7,LOW
GRD-06623,STU-06623,2023,Third_Term_May_Jul,17,0,0,36.0,,MEDIUM
GRD-06624,STU-06624,2024,Third_Term_May_Jul,11,0,0,21.5,,LOW
GRD-06625,STU-06625,2024,First_Term_Sep_Dec,14,0,0,88.2,4.1,LOW
GRD-06626,STU-06626,2025,Third_Term_May_Jul,35,1,0,89.3,1.8,LOW
GRD-06627,STU-06627,2023,First_Term_Sep_Dec,0,0,1,33.1,77.0,LOW
GRD-06628,STU-06628,2025,First_Term_Sep_Dec,21,1,0,95.4,2.0,LOW
GRD-06629,STU-06629,2023,Second_Term_Jan_Apr,0,2,1,14.9,68.7,LOW
GRD-06630,STU-06630,2025,Second_Term_Jan_Apr,15,0,0,36.5,,MEDIUM
GRD-06631,STU-06631,2024,Second_Term_Jan_Apr,35,0,0,87.6,6.7,LOW
GRD-06632,STU-06632,2023,Second_Term_Jan_Apr,23,0,0,87.1,5.7,LOW
GRD-06633,STU-06633,2024,Third_Term_May_Jul,48,1,0,27.4,42.3,MEDIUM
GRD-06634,STU-06634,2024,First_Term_Sep_Dec,31,2,0,17.8,81.1,MEDIUM
GRD-06635,STU-06635,2024,First_Term_Sep_Dec,20,1,0,92.2,3.9,LOW
GRD-06636,STU-06636,2025,Second_Term_Jan_Apr,41,0,0,81.8,4.9,LOW
GRD-06637,STU-06637,2025,Second_Term_Jan_Apr,126,5,0,0.6,,HIGH
GRD-06638,STU-06638,2025,Second_Term_Jan_Apr,20,0,0,33.3,,MEDIUM
GRD-06639,STU-06639,2025,Second_Term_Jan_Apr,50,0,0,77.9,3.8,LOW
GRD-06640,STU-06640,2024,Third_Term_May_Jul,40,2,0,17.7,65.4,MEDIUM
GRD-06641,STU-06641,2023,Second_Term_Jan_Apr,78,1,0,23.0,65.2,MEDIUM
GRD-06642,STU-06642,2024,First_Term_Sep_Dec,10,0,0,26.1,74.5,LOW
GRD-06643,STU-06643,2024,Second_Term_Jan_Apr,147,7,0,7.2,,HIGH
GRD-06644,STU-06644,2025,First_Term_Sep_Dec,0,1,1,26.5,63.9,LOW
GRD-06645,STU-06645,2024,Second_Term_Jan_Apr,140,2,0,5.4,,HIGH
GRD-06646,STU-06646,2025,First_Term_Sep_Dec,0,2,1,30.2,64.7,LOW
GRD-06647,STU-06647,2025,Second_Term_Jan_Apr,33,2,0,15.5,86.6,MEDIUM
GRD-06648,STU-06648,2023,Second_Term_Jan_Apr,56,0,0,77.4,4.5,LOW
GRD-06649,STU-06649,2024,Third_Term_May_Jul,139,7,0,4.3,,HIGH
GRD-06650,STU-06650,2023,Third_Term_May_Jul,27,0,0,92.7,4.4,LOW
GRD-06651,STU-06651,2025,Third_Term_May_Jul,57,0,0,30.2,79.2,LOW
GRD-06652,STU-06652,2023,First_Term_Sep_Dec,9,1,0,37.7,69.7,LOW
GRD-06653,STU-06653,2024,Third_Term_May_Jul,20,0,0,94.6,4.0,LOW
GRD-06654,STU-06654,2025,First_Term_Sep_Dec,17,0,0,40.0,,LOW
GRD-06655,STU-06655,2023,Third_Term_May_Jul,20,0,0,92.8,3.1,LOW
GRD-06656,STU-06656,2024,Third_Term_May_Jul,41,2,0,30.6,77.9,MEDIUM
GRD-06657,STU-06657,2025,Second_Term_Jan_Apr,40,1,0,72.4,6.3,LOW
GRD-06658,STU-06658,2024,First_Term_Sep_Dec,16,0,0,30.3,,MEDIUM
GRD-06659,STU-06659,2025,First_Term_Sep_Dec,59,2,0,32.5,63.3,MEDIUM
GRD-06660,STU-06660,2025,First_Term_Sep_Dec,122,5,0,6.0,,HIGH
GRD-06661,STU-06661,2024,First_Term_Sep_Dec,90,3,0,0.1,,HIGH
GRD-06662,STU-06662,2023,Second_Term_Jan_Apr,58,0,0,28.1,49.0,LOW
GRD-06663,STU-06663,2025,First_Term_Sep_Dec,39,3,0,21.2,53.0,MEDIUM
GRD-06664,STU-06664,2024,Third_Term_May_Jul,15,0,0,33.9,0.5,LOW
GRD-06665,STU-06665,2023,Second_Term_Jan_Apr,139,2,0,2.8,,HIGH
GRD-06666,STU-06666,2023,First_Term_Sep_Dec,104,5,0,8.1,,HIGH
GRD-06667,STU-06667,2024,Second_Term_Jan_Apr,171,1,0,6.1,,HIGH
GRD-06668,STU-06668,2023,First_Term_Sep_Dec,0,1,1,19.9,60.5,LOW
GRD-06669,STU-06669,2023,Third_Term_May_Jul,53,2,0,30.6,90.8,MEDIUM
GRD-06670,STU-06670,2024,First_Term_Sep_Dec,48,1,0,35.8,57.4,MEDIUM
GRD-06671,STU-06671,2024,Second_Term_Jan_Apr,29,1,0,90.9,4.1,LOW
GRD-06672,STU-06672,2025,Third_Term_May_Jul,24,0,0,95.0,4.2,LOW
GRD-06673,STU-06673,2024,First_Term_Sep_Dec,19,0,0,87.8,2.9,LOW
GRD-06674,STU-06674,2025,Second_Term_Jan_Apr,26,0,0,32.9,,MEDIUM
GRD-06675,STU-06675,2023,Third_Term_May_Jul,21,1,0,29.4,39.2,LOW
GRD-06676,STU-06676,2023,First_Term_Sep_Dec,91,3,0,5.8,,HIGH
GRD-06677,STU-06677,2024,Third_Term_May_Jul,28,1,0,26.4,68.3,LOW
GRD-06678,STU-06678,2023,Second_Term_Jan_Apr,45,2,0,26.4,75.7,MEDIUM
GRD-06679,STU-06679,2024,Second_Term_Jan_Apr,100,4,0,4.9,,HIGH
GRD-06680,STU-06680,2024,Second_Term_Jan_Apr,17,0,0,33.7,0.7,LOW
GRD-06681,STU-06681,2025,Second_Term_Jan_Apr,139,0,0,5.3,,HIGH
GRD-06682,STU-06682,2023,Second_Term_Jan_Apr,0,1,1,33.6,81.9,LOW
GRD-06683,STU-06683,2024,First_Term_Sep_Dec,28,1,0,27.6,82.2,LOW
GRD-06684,STU-06684,2023,Second_Term_Jan_Apr,174,5,0,9.9,,HIGH
GRD-06685,STU-06685,2024,Second_Term_Jan_Apr,32,1,0,38.2,68.3,MEDIUM
GRD-06686,STU-06686,2024,First_Term_Sep_Dec,19,0,0,90.9,2.6,LOW
GRD-06687,STU-06687,2023,Third_Term_May_Jul,20,0,0,93.3,7.6,LOW
GRD-06688,STU-06688,2023,Second_Term_Jan_Apr,32,1,0,75.3,6.5,LOW
GRD-06689,STU-06689,2025,First_Term_Sep_Dec,15,1,0,96.8,1.3,LOW
GRD-06690,STU-06690,2024,First_Term_Sep_Dec,90,6,0,5.6,,HIGH
GRD-06691,STU-06691,2023,Second_Term_Jan_Apr,110,5,0,1.1,,HIGH
GRD-06692,STU-06692,2024,Second_Term_Jan_Apr,0,1,0,20.2,55.9,LOW
GRD-06693,STU-06693,2025,Third_Term_May_Jul,16,1,0,30.0,52.9,LOW
GRD-06694,STU-06694,2023,Second_Term_Jan_Apr,100,1,0,20.3,42.5,MEDIUM
GRD-06695,STU-06695,2025,First_Term_Sep_Dec,19,0,0,39.3,0.5,LOW
GRD-06696,STU-06696,2025,Third_Term_May_Jul,34,0,0,24.3,69.8,LOW
GRD-06697,STU-06697,2023,First_Term_Sep_Dec,11,0,0,37.7,0.3,LOW
GRD-06698,STU-06698,2024,Second_Term_Jan_Apr,36,2,0,22.5,101.2,MEDIUM
GRD-06699,STU-06699,2023,Second_Term_Jan_Apr,91,1,0,17.6,87.2,MEDIUM
GRD-06700,STU-06700,2024,First_Term_Sep_Dec,90,6,0,11.2,,HIGH
GRD-06701,STU-06701,2024,Third_Term_May_Jul,122,4,0,1.2,,HIGH
GRD-06702,STU-06702,2024,Third_Term_May_Jul,12,0,0,31.8,,LOW
GRD-06703,STU-06703,2023,Third_Term_May_Jul,0,2,1,25.7,61.8,LOW
GRD-06704,STU-06704,2024,Third_Term_May_Jul,106,4,0,1.6,,HIGH
GRD-06705,STU-06705,2024,Third_Term_May_Jul,18,0,0,26.5,0.7,LOW
GRD-06706,STU-06706,2024,First_Term_Sep_Dec,64,2,0,35.4,37.4,MEDIUM
GRD-06707,STU-06707,2025,Second_Term_Jan_Apr,14,0,0,22.7,,LOW
GRD-06708,STU-06708,2023,First_Term_Sep_Dec,18,0,0,31.7,1.0,LOW
GRD-06709,STU-06709,2025,Third_Term_May_Jul,22,0,0,92.2,4.6,LOW
GRD-06710,STU-06710,2023,Third_Term_May_Jul,20,0,0,34.3,0.4,LOW
GRD-06711,STU-06711,2024,First_Term_Sep_Dec,27,1,0,26.1,65.4,LOW
GRD-06712,STU-06712,2025,First_Term_Sep_Dec,90,4,0,2.0,,HIGH
GRD-06713,STU-06713,2025,Third_Term_May_Jul,152,4,0,2.2,,HIGH
GRD-06714,STU-06714,2025,Second_Term_Jan_Apr,45,2,0,86.5,4.1,LOW
GRD-06715,STU-06715,2023,First_Term_Sep_Dec,25,1,0,32.8,47.2,LOW
GRD-06716,STU-06716,2025,Second_Term_Jan_Apr,34,0,0,82.6,7.3,LOW
GRD-06717,STU-06717,2024,Second_Term_Jan_Apr,0,0,1,33.4,0.5,LOW
GRD-06718,STU-06718,2023,Second_Term_Jan_Apr,149,5,0,4.8,,HIGH
GRD-06719,STU-06719,2024,Third_Term_May_Jul,10,0,0,26.8,0.2,LOW
GRD-06720,STU-06720,2024,First_Term_Sep_Dec,15,0,0,25.3,,MEDIUM
GRD-06721,STU-06721,2023,Third_Term_May_Jul,51,2,0,27.0,65.8,MEDIUM
GRD-06722,STU-06722,2025,First_Term_Sep_Dec,0,1,1,25.8,83.4,LOW
GRD-06723,STU-06723,2024,Third_Term_May_Jul,172,4,0,2.6,,HIGH
GRD-06724,STU-06724,2023,Third_Term_May_Jul,18,0,0,24.3,,MEDIUM
GRD-06725,STU-06725,2023,Second_Term_Jan_Apr,0,2,0,33.6,44.9,LOW
GRD-06726,STU-06726,2024,First_Term_Sep_Dec,90,2,0,2.0,,HIGH
GRD-06727,STU-06727,2025,Third_Term_May_Jul,27,0,0,90.7,4.9,LOW
GRD-06728,STU-06728,2024,Second_Term_Jan_Apr,31,0,0,79.3,6.5,LOW
GRD-06729,STU-06729,2023,Third_Term_May_Jul,76,1,0,33.5,38.3,MEDIUM
GRD-06730,STU-06730,2025,Second_Term_Jan_Apr,5,1,0,20.4,53.2,LOW
GRD-06731,STU-06731,2025,Second_Term_Jan_Apr,48,1,0,13.4,55.7,MEDIUM
GRD-06732,STU-06732,2025,First_Term_Sep_Dec,10,1,0,27.8,66.3,LOW
GRD-06733,STU-06733,2025,Second_Term_Jan_Apr,15,0,0,31.7,0.3,LOW
GRD-06734,STU-06734,2025,First_Term_Sep_Dec,10,1,0,20.2,62.0,LOW
GRD-06735,STU-06735,2025,Second_Term_Jan_Apr,0,1,1,22.3,71.3,LOW
GRD-06736,STU-06736,2023,First_Term_Sep_Dec,17,0,0,100.0,1.6,LOW
GRD-06737,STU-06737,2023,Third_Term_May_Jul,21,2,0,34.7,62.2,LOW
GRD-06738,STU-06738,2025,First_Term_Sep_Dec,14,0,0,23.0,,LOW
GRD-06739,STU-06739,2024,First_Term_Sep_Dec,29,2,0,31.4,39.1,LOW
GRD-06740,STU-06740,2023,Third_Term_May_Jul,29,0,0,90.5,3.0,LOW
GRD-06741,STU-06741,2025,Second_Term_Jan_Apr,30,1,0,84.5,3.0,LOW
GRD-06742,STU-06742,2025,Third_Term_May_Jul,122,3,0,1.7,,HIGH
GRD-06743,STU-06743,2025,Third_Term_May_Jul,90,5,0,1.9,,HIGH
GRD-06744,STU-06744,2024,First_Term_Sep_Dec,57,2,0,29.2,60.7,MEDIUM
GRD-06745,STU-06745,2025,First_Term_Sep_Dec,17,1,0,89.7,5.1,LOW
GRD-06746,STU-06746,2023,Third_Term_May_Jul,16,0,0,29.5,,MEDIUM
GRD-06747,STU-06747,2025,Third_Term_May_Jul,104,5,0,7.2,,HIGH
GRD-06748,STU-06748,2023,First_Term_Sep_Dec,104,4,0,8.2,,HIGH
GRD-06749,STU-06749,2024,Second_Term_Jan_Apr,39,0,0,79.6,3.7,LOW
GRD-06750,STU-06750,2025,Second_Term_Jan_Apr,19,0,0,22.4,0.4,LOW
GRD-06751,STU-06751,2025,Second_Term_Jan_Apr,25,1,0,82.2,6.8,LOW
GRD-06752,STU-06752,2024,First_Term_Sep_Dec,103,6,0,7.9,,HIGH
GRD-06753,STU-06753,2025,Second_Term_Jan_Apr,118,7,0,6.1,,HIGH
GRD-06754,STU-06754,2025,First_Term_Sep_Dec,25,1,0,94.4,2.6,LOW
GRD-06755,STU-06755,2024,Third_Term_May_Jul,7,1,0,21.4,66.3,LOW
GRD-06756,STU-06756,2025,Second_Term_Jan_Apr,96,6,0,6.0,,HIGH
GRD-06757,STU-06757,2023,Second_Term_Jan_Apr,56,0,0,22.7,63.6,LOW
GRD-06758,STU-06758,2023,Third_Term_May_Jul,118,5,0,5.1,,HIGH
GRD-06759,STU-06759,2023,Second_Term_Jan_Apr,18,0,0,28.7,0.8,LOW
GRD-06760,STU-06760,2023,Second_Term_Jan_Apr,125,6,0,6.3,,HIGH
GRD-06761,STU-06761,2024,First_Term_Sep_Dec,90,7,0,1.6,,HIGH
GRD-06762,STU-06762,2025,Third_Term_May_Jul,127,6,0,4.1,,HIGH
GRD-06763,STU-06763,2025,First_Term_Sep_Dec,19,0,0,86.9,6.0,LOW
GRD-06764,STU-06764,2023,Second_Term_Jan_Apr,43,0,0,81.9,3.4,LOW
GRD-06765,STU-06765,2023,Second_Term_Jan_Apr,123,6,0,3.4,,HIGH
GRD-06766,STU-06766,2023,Second_Term_Jan_Apr,41,0,0,82.2,5.0,LOW
GRD-06767,STU-06767,2023,First_Term_Sep_Dec,18,0,0,20.0,0.8,LOW
GRD-06768,STU-06768,2024,Second_Term_Jan_Apr,52,2,0,23.2,97.9,MEDIUM
GRD-06769,STU-06769,2024,First_Term_Sep_Dec,17,0,0,33.1,0.8,LOW
GRD-06770,STU-06770,2024,Third_Term_May_Jul,27,1,0,96.9,5.4,LOW
GRD-06771,STU-06771,2025,First_Term_Sep_Dec,98,4,0,5.6,,HIGH
GRD-06772,STU-06772,2025,Third_Term_May_Jul,13,0,0,29.8,0.4,LOW
GRD-06773,STU-06773,2024,Third_Term_May_Jul,22,1,0,96.9,3.4,LOW
GRD-06774,STU-06774,2024,Third_Term_May_Jul,11,2,0,23.6,36.2,LOW
GRD-06775,STU-06775,2024,Second_Term_Jan_Apr,44,0,0,75.5,1.6,LOW
GRD-06776,STU-06776,2025,Third_Term_May_Jul,167,6,0,2.3,,HIGH
GRD-06777,STU-06777,2024,First_Term_Sep_Dec,15,1,0,92.3,1.6,LOW
GRD-06778,STU-06778,2023,First_Term_Sep_Dec,28,2,0,21.5,84.0,LOW
GRD-06779,STU-06779,2023,Second_Term_Jan_Apr,90,5,0,5.8,,HIGH
GRD-06780,STU-06780,2024,Third_Term_May_Jul,0,3,0,19.9,71.5,MEDIUM
GRD-06781,STU-06781,2024,Second_Term_Jan_Apr,54,2,0,35.4,75.1,MEDIUM
GRD-06782,STU-06782,2025,Second_Term_Jan_Apr,42,0,0,78.6,3.1,LOW
GRD-06783,STU-06783,2025,Second_Term_Jan_Apr,137,5,0,5.9,,HIGH
GRD-06784,STU-06784,2023,Third_Term_May_Jul,21,0,0,27.4,0.8,LOW
GRD-06785,STU-06785,2025,Third_Term_May_Jul,25,1,0,91.1,2.5,LOW
GRD-06786,STU-06786,2023,First_Term_Sep_Dec,0,0,1,91.1,2.9,LOW
GRD-06787,STU-06787,2024,First_Term_Sep_Dec,15,1,0,95.8,4.8,LOW
GRD-06788,STU-06788,2024,First_Term_Sep_Dec,19,0,0,29.1,,MEDIUM
GRD-06789,STU-06789,2024,Third_Term_May_Jul,123,2,0,6.7,,HIGH
GRD-06790,STU-06790,2023,Third_Term_May_Jul,143,4,0,0.8,,HIGH
GRD-06791,STU-06791,2025,Third_Term_May_Jul,14,0,0,24.9,0.6,LOW
GRD-06792,STU-06792,2023,Second_Term_Jan_Apr,90,4,0,4.0,,HIGH
GRD-06793,STU-06793,2023,Second_Term_Jan_Apr,141,2,0,2.3,,HIGH
GRD-06794,STU-06794,2023,First_Term_Sep_Dec,0,1,1,30.5,35.9,LOW
GRD-06795,STU-06795,2023,First_Term_Sep_Dec,17,0,0,93.3,4.8,LOW
GRD-06796,STU-06796,2024,Second_Term_Jan_Apr,27,0,0,80.0,6.3,LOW
GRD-06797,STU-06797,2023,Third_Term_May_Jul,41,1,0,33.8,58.6,MEDIUM
GRD-06798,STU-06798,2023,First_Term_Sep_Dec,14,0,0,87.6,2.5,LOW
GRD-06799,STU-06799,2024,Second_Term_Jan_Apr,1,3,0,19.9,46.0,MEDIUM
GRD-06800,STU-06800,2023,Second_Term_Jan_Apr,169,2,0,5.1,,HIGH
GRD-06801,STU-06801,2024,Third_Term_May_Jul,134,6,0,8.9,,HIGH
GRD-06802,STU-06802,2023,First_Term_Sep_Dec,85,1,0,33.9,60.8,MEDIUM
GRD-06803,STU-06803,2025,Second_Term_Jan_Apr,36,1,0,21.7,54.4,MEDIUM
GRD-06804,STU-06804,2025,First_Term_Sep_Dec,22,1,0,90.7,4.5,LOW
GRD-06805,STU-06805,2023,Second_Term_Jan_Apr,75,1,0,22.9,64.3,MEDIUM
GRD-06806,STU-06806,2023,First_Term_Sep_Dec,20,0,0,91.9,1.6,LOW
GRD-06807,STU-06807,2023,First_Term_Sep_Dec,13,1,0,91.4,4.5,LOW
GRD-06808,STU-06808,2024,Second_Term_Jan_Apr,32,2,0,31.1,70.6,MEDIUM
GRD-06809,STU-06809,2025,Third_Term_May_Jul,23,1,0,93.5,4.4,LOW
GRD-06810,STU-06810,2025,Third_Term_May_Jul,157,4,0,9.6,,HIGH
GRD-06811,STU-06811,2023,Third_Term_May_Jul,22,0,0,93.1,4.0,LOW
GRD-06812,STU-06812,2023,Third_Term_May_Jul,17,0,0,33.5,,MEDIUM
GRD-06813,STU-06813,2023,First_Term_Sep_Dec,0,1,1,23.1,60.9,LOW
GRD-06814,STU-06814,2024,Third_Term_May_Jul,192,3,0,4.9,,HIGH
GRD-06815,STU-06815,2024,First_Term_Sep_Dec,90,4,0,0.0,,HIGH
GRD-06816,STU-06816,2024,First_Term_Sep_Dec,6,2,0,22.0,63.9,LOW
GRD-06817,STU-06817,2023,Second_Term_Jan_Apr,5,2,0,27.9,59.6,LOW
GRD-06818,STU-06818,2024,First_Term_Sep_Dec,5,1,0,31.7,86.1,LOW
GRD-06819,STU-06819,2025,Third_Term_May_Jul,26,0,0,93.1,4.4,LOW
GRD-06820,STU-06820,2025,First_Term_Sep_Dec,14,0,0,31.0,0.5,LOW
GRD-06821,STU-06821,2023,Second_Term_Jan_Apr,41,0,0,80.7,5.2,LOW
GRD-06822,STU-06822,2025,Third_Term_May_Jul,9,0,0,37.2,,LOW
GRD-06823,STU-06823,2024,First_Term_Sep_Dec,0,1,1,24.2,69.6,LOW
GRD-06824,STU-06824,2025,First_Term_Sep_Dec,17,1,0,85.1,4.2,LOW
GRD-06825,STU-06825,2025,First_Term_Sep_Dec,0,0,1,22.5,0.8,LOW
GRD-06826,STU-06826,2025,First_Term_Sep_Dec,22,0,0,30.3,1.0,LOW
GRD-06827,STU-06827,2025,Second_Term_Jan_Apr,166,7,0,7.1,,HIGH
GRD-06828,STU-06828,2025,First_Term_Sep_Dec,95,2,0,2.4,,HIGH
GRD-06829,STU-06829,2025,First_Term_Sep_Dec,20,1,0,99.9,3.7,LOW
GRD-06830,STU-06830,2025,Second_Term_Jan_Apr,58,1,0,32.9,94.0,MEDIUM
GRD-06831,STU-06831,2025,Third_Term_May_Jul,33,2,0,19.9,62.3,MEDIUM
GRD-06832,STU-06832,2023,First_Term_Sep_Dec,0,1,1,25.8,56.8,LOW
GRD-06833,STU-06833,2024,Second_Term_Jan_Apr,24,0,0,28.7,0.8,LOW
GRD-06834,STU-06834,2024,Third_Term_May_Jul,28,1,0,88.8,2.0,LOW
GRD-06835,STU-06835,2024,Second_Term_Jan_Apr,20,0,0,27.9,0.5,LOW
GRD-06836,STU-06836,2025,Second_Term_Jan_Apr,18,0,0,25.1,,MEDIUM
GRD-06837,STU-06837,2024,Second_Term_Jan_Apr,110,5,0,9.5,,HIGH
GRD-06838,STU-06838,2024,Second_Term_Jan_Apr,1,2,0,22.2,66.5,LOW
GRD-06839,STU-06839,2024,Second_Term_Jan_Apr,129,3,0,2.5,,HIGH
GRD-06840,STU-06840,2024,Third_Term_May_Jul,90,7,0,4.6,,HIGH
GRD-06841,STU-06841,2023,Third_Term_May_Jul,117,7,0,4.3,,HIGH
GRD-06842,STU-06842,2025,Second_Term_Jan_Apr,29,1,0,88.1,5.8,LOW
GRD-06843,STU-06843,2024,Third_Term_May_Jul,25,0,0,92.3,4.7,LOW
GRD-06844,STU-06844,2025,First_Term_Sep_Dec,16,1,0,86.8,0.9,LOW
GRD-06845,STU-06845,2025,First_Term_Sep_Dec,15,1,0,97.0,3.7,LOW
GRD-06846,STU-06846,2024,Third_Term_May_Jul,34,0,0,100.0,5.7,LOW
GRD-06847,STU-06847,2025,Second_Term_Jan_Apr,46,1,0,74.0,7.6,LOW
GRD-06848,STU-06848,2024,Third_Term_May_Jul,177,7,0,0.0,,HIGH
GRD-06849,STU-06849,2024,Third_Term_May_Jul,28,1,0,94.0,2.3,LOW
GRD-06850,STU-06850,2025,Second_Term_Jan_Apr,19,0,0,29.1,0.4,LOW
GRD-06851,STU-06851,2024,Second_Term_Jan_Apr,118,4,0,9.7,,HIGH
GRD-06852,STU-06852,2023,First_Term_Sep_Dec,18,0,0,32.8,0.2,LOW
GRD-06853,STU-06853,2025,First_Term_Sep_Dec,101,4,0,3.8,,HIGH
GRD-06854,STU-06854,2025,Second_Term_Jan_Apr,90,5,0,0.8,,HIGH
GRD-06855,STU-06855,2025,Third_Term_May_Jul,24,0,0,94.3,4.6,LOW
GRD-06856,STU-06856,2024,Second_Term_Jan_Apr,14,2,0,32.4,58.1,LOW
GRD-06857,STU-06857,2025,Third_Term_May_Jul,19,0,0,20.0,0.2,LOW
GRD-06858,STU-06858,2023,Second_Term_Jan_Apr,48,0,0,75.9,5.1,LOW
GRD-06859,STU-06859,2023,First_Term_Sep_Dec,20,0,0,98.7,5.4,LOW
GRD-06860,STU-06860,2023,Third_Term_May_Jul,21,0,0,100.0,1.8,LOW
GRD-06861,STU-06861,2023,First_Term_Sep_Dec,21,0,0,91.1,2.3,LOW
GRD-06862,STU-06862,2025,Third_Term_May_Jul,18,1,0,33.9,67.3,LOW
GRD-06863,STU-06863,2023,Second_Term_Jan_Apr,32,1,0,89.3,3.2,LOW
GRD-06864,STU-06864,2024,Third_Term_May_Jul,17,2,0,19.4,77.4,LOW
GRD-06865,STU-06865,2023,First_Term_Sep_Dec,72,2,0,33.1,39.4,MEDIUM
GRD-06866,STU-06866,2023,Third_Term_May_Jul,51,1,0,26.7,80.4,MEDIUM
GRD-06867,STU-06867,2025,Third_Term_May_Jul,18,1,0,31.0,59.2,LOW
GRD-06868,STU-06868,2025,Second_Term_Jan_Apr,4,1,0,23.3,57.7,LOW
GRD-06869,STU-06869,2025,Second_Term_Jan_Apr,23,2,0,25.0,65.0,LOW
GRD-06870,STU-06870,2025,Third_Term_May_Jul,0,1,1,100.0,3.7,LOW
GRD-06871,STU-06871,2023,Third_Term_May_Jul,36,2,0,35.2,84.2,MEDIUM
GRD-06872,STU-06872,2024,Second_Term_Jan_Apr,22,0,0,30.0,,MEDIUM
GRD-06873,STU-06873,2025,Third_Term_May_Jul,113,5,0,6.5,,HIGH
GRD-06874,STU-06874,2024,Third_Term_May_Jul,147,4,0,6.7,,HIGH
GRD-06875,STU-06875,2024,Second_Term_Jan_Apr,51,0,0,81.0,6.0,LOW
GRD-06876,STU-06876,2024,Third_Term_May_Jul,16,0,0,20.0,,MEDIUM
GRD-06877,STU-06877,2023,Third_Term_May_Jul,56,1,0,27.5,57.1,MEDIUM
GRD-06878,STU-06878,2023,First_Term_Sep_Dec,0,1,1,17.2,77.3,LOW
GRD-06879,STU-06879,2023,Third_Term_May_Jul,18,0,0,85.9,5.5,LOW
GRD-06880,STU-06880,2025,First_Term_Sep_Dec,112,6,0,9.0,,HIGH
GRD-06881,STU-06881,2024,Second_Term_Jan_Apr,38,0,0,26.9,102.9,LOW
GRD-06882,STU-06882,2023,Second_Term_Jan_Apr,45,2,0,25.8,85.1,MEDIUM
GRD-06883,STU-06883,2023,Second_Term_Jan_Apr,18,0,0,34.1,0.2,LOW
GRD-06884,STU-06884,2024,Third_Term_May_Jul,35,1,0,86.1,2.7,LOW
GRD-06885,STU-06885,2023,First_Term_Sep_Dec,14,0,0,27.4,,LOW
GRD-06886,STU-06886,2023,Second_Term_Jan_Apr,51,0,0,82.9,2.9,LOW
GRD-06887,STU-06887,2025,Third_Term_May_Jul,27,1,0,28.0,70.0,LOW
GRD-06888,STU-06888,2025,Third_Term_May_Jul,168,6,0,1.4,,HIGH
GRD-06889,STU-06889,2023,Second_Term_Jan_Apr,28,0,0,83.4,5.9,LOW
GRD-06890,STU-06890,2024,Second_Term_Jan_Apr,91,2,0,23.3,74.1,MEDIUM
GRD-06891,STU-06891,2025,First_Term_Sep_Dec,0,0,1,86.4,3.8,LOW
GRD-06892,STU-06892,2024,Second_Term_Jan_Apr,19,0,0,26.7,0.5,LOW
GRD-06893,STU-06893,2024,Second_Term_Jan_Apr,18,0,0,31.8,,MEDIUM
GRD-06894,STU-06894,2023,First_Term_Sep_Dec,0,2,1,30.5,63.8,LOW
GRD-06895,STU-06895,2024,Second_Term_Jan_Apr,13,0,0,39.6,,LOW
GRD-06896,STU-06896,2023,Third_Term_May_Jul,146,4,0,3.3,,HIGH
GRD-06897,STU-06897,2023,Second_Term_Jan_Apr,54,0,0,92.0,5.9,LOW
GRD-06898,STU-06898,2024,First_Term_Sep_Dec,11,0,0,100.0,4.6,LOW
GRD-06899,STU-06899,2023,Third_Term_May_Jul,63,2,0,25.2,52.5,MEDIUM
GRD-06900,STU-06900,2023,First_Term_Sep_Dec,17,0,0,86.8,5.1,LOW
GRD-06901,STU-06901,2023,First_Term_Sep_Dec,40,2,0,34.1,53.1,MEDIUM
GRD-06902,STU-06902,2023,Third_Term_May_Jul,0,2,1,34.2,41.9,LOW
GRD-06903,STU-06903,2023,First_Term_Sep_Dec,17,0,0,95.2,5.1,LOW
GRD-06904,STU-06904,2024,First_Term_Sep_Dec,64,2,0,31.2,67.9,MEDIUM
GRD-06905,STU-06905,2024,First_Term_Sep_Dec,18,0,0,28.6,,MEDIUM
GRD-06906,STU-06906,2024,Second_Term_Jan_Apr,72,2,0,19.0,89.8,MEDIUM
GRD-06907,STU-06907,2024,Second_Term_Jan_Apr,89,2,0,21.7,76.2,MEDIUM
GRD-06908,STU-06908,2023,First_Term_Sep_Dec,90,6,0,7.0,,HIGH
GRD-06909,STU-06909,2025,Third_Term_May_Jul,0,1,1,33.0,52.8,LOW
GRD-06910,STU-06910,2023,Third_Term_May_Jul,17,0,0,30.8,,MEDIUM
GRD-06911,STU-06911,2024,First_Term_Sep_Dec,23,0,0,30.0,,MEDIUM
GRD-06912,STU-06912,2024,Second_Term_Jan_Apr,0,2,1,84.7,6.6,LOW
GRD-06913,STU-06913,2025,Second_Term_Jan_Apr,151,5,0,4.0,,HIGH
GRD-06914,STU-06914,2023,First_Term_Sep_Dec,18,1,0,78.8,5.0,LOW
GRD-06915,STU-06915,2024,Third_Term_May_Jul,129,4,0,1.0,,HIGH
GRD-06916,STU-06916,2023,Second_Term_Jan_Apr,91,1,0,21.4,79.5,MEDIUM
GRD-06917,STU-06917,2025,Second_Term_Jan_Apr,110,3,0,10.8,,HIGH
GRD-06918,STU-06918,2023,First_Term_Sep_Dec,17,2,0,36.7,55.6,LOW
GRD-06919,STU-06919,2023,First_Term_Sep_Dec,24,0,0,24.2,,MEDIUM
GRD-06920,STU-06920,2025,Third_Term_May_Jul,22,1,0,92.1,2.2,LOW
GRD-06921,STU-06921,2023,Third_Term_May_Jul,39,1,0,13.5,60.9,MEDIUM
GRD-06922,STU-06922,2025,Second_Term_Jan_Apr,10,0,0,33.0,,LOW
GRD-06923,STU-06923,2025,Second_Term_Jan_Apr,178,4,0,6.4,,HIGH
GRD-06924,STU-06924,2025,Third_Term_May_Jul,149,5,0,0.0,,HIGH
GRD-06925,STU-06925,2025,First_Term_Sep_Dec,17,0,0,30.8,0.4,LOW
GRD-06926,STU-06926,2023,Third_Term_May_Jul,34,1,0,31.2,47.6,MEDIUM
GRD-06927,STU-06927,2025,Second_Term_Jan_Apr,93,6,0,4.7,,HIGH
GRD-06928,STU-06928,2025,First_Term_Sep_Dec,90,5,0,9.3,,HIGH
GRD-06929,STU-06929,2025,Third_Term_May_Jul,144,1,0,6.8,,HIGH
GRD-06930,STU-06930,2025,Third_Term_May_Jul,21,0,0,85.0,1.7,LOW
GRD-06931,STU-06931,2024,First_Term_Sep_Dec,20,0,0,25.4,,MEDIUM
GRD-06932,STU-06932,2024,Second_Term_Jan_Apr,53,1,0,80.7,1.2,LOW
GRD-06933,STU-06933,2024,Second_Term_Jan_Apr,34,1,0,74.0,4.7,LOW
GRD-06934,STU-06934,2024,First_Term_Sep_Dec,18,0,0,33.3,0.7,LOW
GRD-06935,STU-06935,2023,First_Term_Sep_Dec,90,4,0,6.4,,HIGH
GRD-06936,STU-06936,2024,First_Term_Sep_Dec,0,2,1,25.7,48.8,LOW
GRD-06937,STU-06937,2024,Third_Term_May_Jul,0,2,1,20.9,58.7,LOW
GRD-06938,STU-06938,2025,Third_Term_May_Jul,10,1,0,13.5,62.0,LOW
GRD-06939,STU-06939,2023,First_Term_Sep_Dec,17,0,0,29.9,0.6,LOW
GRD-06940,STU-06940,2023,First_Term_Sep_Dec,4,2,0,29.5,59.0,LOW
GRD-06941,STU-06941,2025,Third_Term_May_Jul,19,0,0,24.5,0.7,LOW
GRD-06942,STU-06942,2024,Third_Term_May_Jul,14,1,0,94.8,4.6,LOW
GRD-06943,STU-06943,2024,Third_Term_May_Jul,0,1,0,40.2,72.9,LOW
GRD-06944,STU-06944,2023,First_Term_Sep_Dec,11,1,0,96.5,4.4,LOW
GRD-06945,STU-06945,2023,First_Term_Sep_Dec,7,1,0,91.0,4.8,LOW
GRD-06946,STU-06946,2025,Third_Term_May_Jul,21,0,0,89.4,3.9,LOW
GRD-06947,STU-06947,2023,Second_Term_Jan_Apr,90,4,0,0.0,,HIGH
GRD-06948,STU-06948,2024,First_Term_Sep_Dec,12,0,0,89.0,2.5,LOW
GRD-06949,STU-06949,2024,Second_Term_Jan_Apr,49,0,0,76.2,3.2,LOW
GRD-06950,STU-06950,2024,Third_Term_May_Jul,20,0,0,84.8,4.2,LOW
GRD-06951,STU-06951,2023,Third_Term_May_Jul,29,0,0,92.1,3.6,LOW
GRD-06952,STU-06952,2024,First_Term_Sep_Dec,17,1,0,28.5,60.1,LOW
GRD-06953,STU-06953,2024,Second_Term_Jan_Apr,15,0,0,25.0,,MEDIUM
GRD-06954,STU-06954,2025,Third_Term_May_Jul,14,1,0,20.0,56.9,LOW
GRD-06955,STU-06955,2024,Second_Term_Jan_Apr,14,1,0,14.1,49.3,LOW
GRD-06956,STU-06956,2025,Third_Term_May_Jul,160,6,0,3.5,,HIGH
GRD-06957,STU-06957,2024,First_Term_Sep_Dec,13,0,0,28.9,0.4,LOW
GRD-06958,STU-06958,2024,First_Term_Sep_Dec,10,1,0,93.1,1.0,LOW
GRD-06959,STU-06959,2025,Second_Term_Jan_Apr,17,0,0,36.8,,MEDIUM
GRD-06960,STU-06960,2024,Third_Term_May_Jul,16,0,0,29.4,0.5,LOW
GRD-06961,STU-06961,2023,First_Term_Sep_Dec,9,0,0,92.8,4.6,LOW
GRD-06962,STU-06962,2025,Third_Term_May_Jul,30,0,0,89.8,3.1,LOW
GRD-06963,STU-06963,2024,Second_Term_Jan_Apr,45,0,0,92.1,7.5,LOW
GRD-06964,STU-06964,2024,Third_Term_May_Jul,175,6,0,5.3,,HIGH
GRD-06965,STU-06965,2024,First_Term_Sep_Dec,60,2,0,34.8,60.0,MEDIUM
GRD-06966,STU-06966,2024,Third_Term_May_Jul,10,0,0,37.4,,LOW
GRD-06967,STU-06967,2025,Second_Term_Jan_Apr,15,0,0,34.4,0.3,LOW
GRD-06968,STU-06968,2025,Third_Term_May_Jul,14,0,0,31.6,,LOW
GRD-06969,STU-06969,2024,First_Term_Sep_Dec,47,1,0,27.2,53.7,MEDIUM
GRD-06970,STU-06970,2024,Third_Term_May_Jul,132,3,0,3.3,,HIGH
GRD-06971,STU-06971,2024,Third_Term_May_Jul,0,1,1,27.5,53.9,LOW
GRD-06972,STU-06972,2024,Third_Term_May_Jul,27,1,0,87.8,4.9,LOW
GRD-06973,STU-06973,2025,Second_Term_Jan_Apr,146,2,0,2.8,,HIGH
GRD-06974,STU-06974,2023,Third_Term_May_Jul,73,2,0,19.0,55.9,MEDIUM
GRD-06975,STU-06975,2024,Second_Term_Jan_Apr,49,0,0,77.3,2.4,LOW
GRD-06976,STU-06976,2024,Second_Term_Jan_Apr,46,1,0,80.5,4.3,LOW
GRD-06977,STU-06977,2025,Second_Term_Jan_Apr,71,1,0,27.1,56.0,MEDIUM
GRD-06978,STU-06978,2025,Third_Term_May_Jul,0,2,1,28.2,68.3,LOW
GRD-06979,STU-06979,2024,Third_Term_May_Jul,29,1,0,89.4,1.5,LOW
GRD-06980,STU-06980,2023,Second_Term_Jan_Apr,36,1,0,76.3,9.4,LOW
GRD-06981,STU-06981,2025,Third_Term_May_Jul,0,2,1,23.4,53.2,LOW
GRD-06982,STU-06982,2023,Second_Term_Jan_Apr,106,5,0,0.7,,HIGH
GRD-06983,STU-06983,2023,Third_Term_May_Jul,20,0,0,30.9,0.9,LOW
GRD-06984,STU-06984,2023,Second_Term_Jan_Apr,2,3,0,22.7,82.2,MEDIUM
GRD-06985,STU-06985,2025,First_Term_Sep_Dec,90,4,0,6.6,,HIGH
GRD-06986,STU-06986,2024,Third_Term_May_Jul,21,1,0,89.8,4.6,LOW
GRD-06987,STU-06987,2023,Second_Term_Jan_Apr,21,0,0,37.4,0.6,LOW
GRD-06988,STU-06988,2023,Third_Term_May_Jul,35,0,0,98.4,2.0,LOW
GRD-06989,STU-06989,2024,First_Term_Sep_Dec,41,3,0,33.4,79.4,MEDIUM
GRD-06990,STU-06990,2023,Second_Term_Jan_Apr,17,0,0,23.4,0.6,LOW
GRD-06991,STU-06991,2023,First_Term_Sep_Dec,90,1,0,5.0,,HIGH
GRD-06992,STU-06992,2024,Second_Term_Jan_Apr,46,1,0,24.2,74.6,MEDIUM
GRD-06993,STU-06993,2024,Second_Term_Jan_Apr,100,4,0,2.7,,HIGH
GRD-06994,STU-06994,2024,Third_Term_May_Jul,111,3,0,6.6,,HIGH
GRD-06995,STU-06995,2023,First_Term_Sep_Dec,16,0,0,87.6,1.8,LOW
GRD-06996,STU-06996,2025,Second_Term_Jan_Apr,3,0,0,30.4,72.0,LOW
GRD-06997,STU-06997,2024,Second_Term_Jan_Apr,16,0,0,26.6,,MEDIUM
GRD-06998,STU-06998,2025,Second_Term_Jan_Apr,44,1,0,79.2,4.6,LOW
GRD-06999,STU-06999,2024,Third_Term_May_Jul,21,1,0,96.7,2.9,LOW
GRD-07000,STU-07000,2025,Third_Term_May_Jul,0,0,1,31.7,0.5,LOW
GRD-07001,STU-07001,2023,First_Term_Sep_Dec,14,0,0,21.2,0.6,LOW
GRD-07002,STU-07002,2023,First_Term_Sep_Dec,19,0,0,26.1,,MEDIUM
GRD-07003,STU-07003,2025,First_Term_Sep_Dec,0,2,1,29.4,65.3,LOW
GRD-07004,STU-07004,2024,Third_Term_May_Jul,0,2,1,14.7,81.4,LOW
GRD-07005,STU-07005,2023,Third_Term_May_Jul,76,1,0,27.8,52.4,MEDIUM
GRD-07006,STU-07006,2023,First_Term_Sep_Dec,14,2,0,17.5,53.4,LOW
GRD-07007,STU-07007,2023,First_Term_Sep_Dec,90,6,0,4.4,,HIGH
GRD-07008,STU-07008,2025,First_Term_Sep_Dec,0,2,0,32.7,59.7,LOW
GRD-07009,STU-07009,2025,Second_Term_Jan_Apr,41,1,0,84.8,2.8,LOW
GRD-07010,STU-07010,2025,First_Term_Sep_Dec,23,2,0,29.0,62.6,LOW
GRD-07011,STU-07011,2024,Second_Term_Jan_Apr,38,1,0,77.9,4.6,LOW
GRD-07012,STU-07012,2023,Third_Term_May_Jul,7,0,0,23.2,73.5,LOW
GRD-07013,STU-07013,2024,First_Term_Sep_Dec,0,0,1,91.8,1.9,LOW
GRD-07014,STU-07014,2023,Third_Term_May_Jul,160,3,0,2.5,,HIGH
GRD-07015,STU-07015,2023,First_Term_Sep_Dec,6,1,0,35.9,60.5,LOW
GRD-07016,STU-07016,2023,First_Term_Sep_Dec,0,1,1,32.1,38.3,LOW
GRD-07017,STU-07017,2023,Second_Term_Jan_Apr,17,0,0,32.9,,MEDIUM
GRD-07018,STU-07018,2025,First_Term_Sep_Dec,18,1,0,87.1,3.1,LOW
GRD-07019,STU-07019,2025,Second_Term_Jan_Apr,16,0,0,24.6,0.6,LOW
GRD-07020,STU-07020,2024,Third_Term_May_Jul,17,1,0,32.9,84.2,LOW
GRD-07021,STU-07021,2023,Third_Term_May_Jul,1,1,0,32.7,61.6,LOW
GRD-07022,STU-07022,2023,Third_Term_May_Jul,92,3,0,3.9,,HIGH
GRD-07023,STU-07023,2025,Second_Term_Jan_Apr,55,1,0,86.0,7.0,LOW
GRD-07024,STU-07024,2023,Second_Term_Jan_Apr,92,2,0,26.7,108.4,MEDIUM
GRD-07025,STU-07025,2025,Third_Term_May_Jul,22,1,0,100.0,6.4,LOW
GRD-07026,STU-07026,2025,First_Term_Sep_Dec,0,1,1,19.6,62.3,LOW
GRD-07027,STU-07027,2025,Third_Term_May_Jul,16,0,0,34.7,0.7,LOW
GRD-07028,STU-07028,2023,Second_Term_Jan_Apr,136,2,0,6.9,,HIGH
GRD-07029,STU-07029,2023,Second_Term_Jan_Apr,49,0,0,82.5,7.7,LOW
GRD-07030,STU-07030,2024,First_Term_Sep_Dec,16,1,0,96.2,3.5,LOW
GRD-07031,STU-07031,2025,Third_Term_May_Jul,24,0,0,25.5,,MEDIUM
GRD-07032,STU-07032,2024,Third_Term_May_Jul,4,2,0,27.8,70.5,LOW
GRD-07033,STU-07033,2025,First_Term_Sep_Dec,20,0,0,32.6,0.7,LOW
GRD-07034,STU-07034,2023,First_Term_Sep_Dec,90,6,0,6.5,,HIGH
GRD-07035,STU-07035,2024,Second_Term_Jan_Apr,24,0,0,24.2,,MEDIUM
GRD-07036,STU-07036,2024,Second_Term_Jan_Apr,157,2,0,0.0,,HIGH
GRD-07037,STU-07037,2024,Second_Term_Jan_Apr,21,0,0,25.4,,MEDIUM
GRD-07038,STU-07038,2023,First_Term_Sep_Dec,14,1,0,28.2,0.8,LOW
GRD-07039,STU-07039,2023,Third_Term_May_Jul,12,0,0,26.1,,LOW
GRD-07040,STU-07040,2023,Second_Term_Jan_Apr,28,3,0,33.5,90.5,MEDIUM
GRD-07041,STU-07041,2023,First_Term_Sep_Dec,90,4,0,7.8,,HIGH
GRD-07042,STU-07042,2023,First_Term_Sep_Dec,33,0,0,19.3,68.3,LOW
GRD-07043,STU-07043,2024,Second_Term_Jan_Apr,29,2,0,25.1,75.1,LOW
GRD-07044,STU-07044,2024,First_Term_Sep_Dec,21,0,0,90.3,3.5,LOW
GRD-07045,STU-07045,2024,Third_Term_May_Jul,28,1,0,91.2,1.8,LOW
GRD-07046,STU-07046,2023,Second_Term_Jan_Apr,39,0,0,33.5,82.9,LOW
GRD-07047,STU-07047,2023,Second_Term_Jan_Apr,0,1,1,15.8,102.3,LOW
GRD-07048,STU-07048,2024,Second_Term_Jan_Apr,0,1,1,33.9,75.6,LOW
GRD-07049,STU-07049,2024,Third_Term_May_Jul,100,6,0,7.3,,HIGH
GRD-07050,STU-07050,2024,First_Term_Sep_Dec,0,2,1,31.5,90.9,LOW
GRD-07051,STU-07051,2025,Third_Term_May_Jul,108,3,0,3.3,,HIGH
GRD-07052,STU-07052,2024,Second_Term_Jan_Apr,39,0,0,81.3,3.4,LOW
GRD-07053,STU-07053,2025,Second_Term_Jan_Apr,24,0,0,91.7,3.6,LOW
GRD-07054,STU-07054,2023,Second_Term_Jan_Apr,62,2,0,27.8,39.0,MEDIUM
GRD-07055,STU-07055,2025,Second_Term_Jan_Apr,19,0,0,32.5,,MEDIUM
GRD-07056,STU-07056,2024,First_Term_Sep_Dec,90,5,0,7.3,,HIGH
GRD-07057,STU-07057,2025,Second_Term_Jan_Apr,42,1,0,80.4,6.9,LOW
GRD-07058,STU-07058,2023,Second_Term_Jan_Apr,133,3,0,6.5,,HIGH
GRD-07059,STU-07059,2025,Third_Term_May_Jul,18,0,0,29.6,0.5,LOW
GRD-07060,STU-07060,2023,Second_Term_Jan_Apr,4,1,0,28.5,62.1,LOW
GRD-07061,STU-07061,2023,Third_Term_May_Jul,13,0,0,37.0,0.4,LOW
GRD-07062,STU-07062,2024,Second_Term_Jan_Apr,20,0,0,27.4,,MEDIUM
GRD-07063,STU-07063,2023,First_Term_Sep_Dec,16,1,0,27.2,66.3,LOW
GRD-07064,STU-07064,2025,First_Term_Sep_Dec,21,1,0,80.3,4.8,LOW
GRD-07065,STU-07065,2025,Second_Term_Jan_Apr,101,4,0,1.7,,HIGH
GRD-07066,STU-07066,2023,First_Term_Sep_Dec,3,0,0,21.8,67.8,LOW
GRD-07067,STU-07067,2025,Second_Term_Jan_Apr,107,6,0,1.4,,HIGH
GRD-07068,STU-07068,2025,Third_Term_May_Jul,144,6,0,7.8,,HIGH
GRD-07069,STU-07069,2023,Third_Term_May_Jul,187,6,0,3.7,,HIGH
GRD-07070,STU-07070,2025,First_Term_Sep_Dec,90,4,0,7.8,,HIGH
GRD-07071,STU-07071,2024,Third_Term_May_Jul,135,5,0,0.0,,HIGH
GRD-07072,STU-07072,2023,First_Term_Sep_Dec,13,1,0,88.1,5.1,LOW
GRD-07073,STU-07073,2024,First_Term_Sep_Dec,21,1,0,33.7,54.9,LOW
GRD-07074,STU-07074,2023,First_Term_Sep_Dec,8,1,0,97.9,5.7,LOW
GRD-07075,STU-07075,2023,First_Term_Sep_Dec,18,0,0,32.7,,MEDIUM
GRD-07076,STU-07076,2023,Second_Term_Jan_Apr,15,0,0,27.2,0.3,LOW
GRD-07077,STU-07077,2024,Second_Term_Jan_Apr,27,0,0,85.4,3.9,LOW
GRD-07078,STU-07078,2025,First_Term_Sep_Dec,18,1,0,92.5,5.3,LOW
GRD-07079,STU-07079,2025,Third_Term_May_Jul,49,1,0,37.6,73.8,MEDIUM
GRD-07080,STU-07080,2025,Third_Term_May_Jul,15,0,0,24.4,,MEDIUM
GRD-07081,STU-07081,2025,Third_Term_May_Jul,19,0,0,30.7,,MEDIUM
GRD-07082,STU-07082,2023,Second_Term_Jan_Apr,63,0,0,16.8,84.8,MEDIUM
GRD-07083,STU-07083,2024,First_Term_Sep_Dec,54,1,0,18.5,50.0,MEDIUM
GRD-07084,STU-07084,2023,Third_Term_May_Jul,18,0,0,27.5,,MEDIUM
GRD-07085,STU-07085,2023,Third_Term_May_Jul,12,0,0,30.0,,LOW
GRD-07086,STU-07086,2024,Third_Term_May_Jul,28,1,0,90.4,5.3,LOW
GRD-07087,STU-07087,2025,Third_Term_May_Jul,21,0,0,32.9,,MEDIUM
GRD-07088,STU-07088,2024,Third_Term_May_Jul,119,4,0,7.1,,HIGH
GRD-07089,STU-07089,2023,First_Term_Sep_Dec,90,3,0,9.2,,HIGH
GRD-07090,STU-07090,2025,First_Term_Sep_Dec,16,0,0,98.7,2.4,LOW
GRD-07091,STU-07091,2025,Second_Term_Jan_Apr,41,0,0,78.4,8.4,LOW
GRD-07092,STU-07092,2023,First_Term_Sep_Dec,15,0,0,30.9,0.4,LOW
GRD-07093,STU-07093,2023,Third_Term_May_Jul,22,1,0,32.6,39.1,LOW
GRD-07094,STU-07094,2024,Third_Term_May_Jul,90,7,0,0.4,,HIGH
GRD-07095,STU-07095,2024,Second_Term_Jan_Apr,49,1,0,82.5,3.3,LOW
GRD-07096,STU-07096,2025,First_Term_Sep_Dec,0,1,1,32.4,50.8,LOW
GRD-07097,STU-07097,2023,First_Term_Sep_Dec,12,1,0,96.6,2.8,LOW
GRD-07098,STU-07098,2023,Second_Term_Jan_Apr,157,6,0,3.1,,HIGH
GRD-07099,STU-07099,2025,First_Term_Sep_Dec,14,1,0,92.1,4.4,LOW
GRD-07100,STU-07100,2024,Second_Term_Jan_Apr,111,3,0,5.3,,HIGH
GRD-07101,STU-07101,2024,First_Term_Sep_Dec,1,1,0,33.6,75.8,LOW
GRD-07102,STU-07102,2025,First_Term_Sep_Dec,90,3,0,8.6,,HIGH
GRD-07103,STU-07103,2025,Third_Term_May_Jul,117,2,0,7.4,,HIGH
GRD-07104,STU-07104,2025,First_Term_Sep_Dec,94,4,0,3.0,,HIGH
GRD-07105,STU-07105,2023,First_Term_Sep_Dec,15,0,0,86.0,3.0,LOW
GRD-07106,STU-07106,2024,Second_Term_Jan_Apr,42,1,0,78.1,3.7,LOW
GRD-07107,STU-07107,2024,Second_Term_Jan_Apr,45,1,0,67.9,4.2,LOW
GRD-07108,STU-07108,2024,Third_Term_May_Jul,12,0,0,32.5,0.6,LOW
GRD-07109,STU-07109,2025,Second_Term_Jan_Apr,25,1,0,79.9,4.8,LOW
GRD-07110,STU-07110,2023,First_Term_Sep_Dec,14,1,0,100.0,2.6,LOW
GRD-07111,STU-07111,2024,Third_Term_May_Jul,43,2,0,33.6,60.7,MEDIUM
GRD-07112,STU-07112,2024,Second_Term_Jan_Apr,32,1,0,80.0,4.1,LOW
GRD-07113,STU-07113,2023,First_Term_Sep_Dec,24,0,0,31.4,,MEDIUM
GRD-07114,STU-07114,2024,Second_Term_Jan_Apr,48,0,0,81.8,4.3,LOW
GRD-07115,STU-07115,2023,First_Term_Sep_Dec,58,2,0,21.0,59.2,MEDIUM
GRD-07116,STU-07116,2024,Second_Term_Jan_Apr,38,1,0,78.8,1.8,LOW
GRD-07117,STU-07117,2025,Second_Term_Jan_Apr,50,0,0,78.7,5.2,LOW
GRD-07118,STU-07118,2025,Second_Term_Jan_Apr,45,0,0,76.7,3.1,LOW
GRD-07119,STU-07119,2024,Third_Term_May_Jul,14,0,0,36.2,,LOW
GRD-07120,STU-07120,2023,Second_Term_Jan_Apr,27,1,0,80.8,7.0,LOW
GRD-07121,STU-07121,2025,First_Term_Sep_Dec,95,3,0,8.0,,HIGH
GRD-07122,STU-07122,2023,Second_Term_Jan_Apr,0,1,0,27.4,90.1,LOW
GRD-07123,STU-07123,2025,Second_Term_Jan_Apr,39,0,0,82.9,5.8,LOW
GRD-07124,STU-07124,2025,Second_Term_Jan_Apr,38,1,0,82.3,3.4,LOW
GRD-07125,STU-07125,2025,Second_Term_Jan_Apr,138,1,0,7.4,,HIGH
GRD-07126,STU-07126,2025,Third_Term_May_Jul,21,0,0,100.0,3.8,LOW
GRD-07127,STU-07127,2023,Second_Term_Jan_Apr,52,2,0,86.5,7.4,LOW
GRD-07128,STU-07128,2024,Third_Term_May_Jul,30,1,0,88.6,5.3,LOW
GRD-07129,STU-07129,2023,Third_Term_May_Jul,28,1,0,95.8,1.1,LOW
GRD-07130,STU-07130,2025,First_Term_Sep_Dec,54,1,0,24.4,69.6,MEDIUM
GRD-07131,STU-07131,2023,Third_Term_May_Jul,17,0,0,32.7,0.6,LOW
GRD-07132,STU-07132,2024,First_Term_Sep_Dec,17,0,0,27.5,,MEDIUM
GRD-07133,STU-07133,2023,Third_Term_May_Jul,18,0,0,29.7,0.3,LOW
GRD-07134,STU-07134,2024,Third_Term_May_Jul,157,3,0,7.6,,HIGH
GRD-07135,STU-07135,2025,Third_Term_May_Jul,24,0,0,93.0,4.3,LOW
GRD-07136,STU-07136,2025,First_Term_Sep_Dec,101,2,0,5.4,,HIGH
GRD-07137,STU-07137,2023,Third_Term_May_Jul,156,5,0,0.2,,HIGH
GRD-07138,STU-07138,2024,Third_Term_May_Jul,149,4,0,3.9,,HIGH
GRD-07139,STU-07139,2025,First_Term_Sep_Dec,10,0,0,31.0,0.7,LOW
GRD-07140,STU-07140,2023,Third_Term_May_Jul,12,0,0,26.4,,LOW
GRD-07141,STU-07141,2025,Second_Term_Jan_Apr,19,0,0,36.0,,MEDIUM
GRD-07142,STU-07142,2025,Second_Term_Jan_Apr,110,5,0,4.4,,HIGH
GRD-07143,STU-07143,2025,Second_Term_Jan_Apr,125,2,0,5.9,,HIGH
GRD-07144,STU-07144,2025,Third_Term_May_Jul,60,2,0,21.8,70.8,MEDIUM
GRD-07145,STU-07145,2024,Third_Term_May_Jul,13,0,0,30.3,0.6,LOW
GRD-07146,STU-07146,2025,Second_Term_Jan_Apr,95,3,0,3.2,,HIGH
GRD-07147,STU-07147,2025,Second_Term_Jan_Apr,12,0,0,32.7,,LOW
GRD-07148,STU-07148,2024,Second_Term_Jan_Apr,0,1,1,22.2,39.4,LOW
GRD-07149,STU-07149,2023,Third_Term_May_Jul,42,2,0,23.6,55.5,MEDIUM
GRD-07150,STU-07150,2023,Second_Term_Jan_Apr,55,1,0,32.2,92.6,MEDIUM
GRD-07151,STU-07151,2023,First_Term_Sep_Dec,14,1,0,91.3,3.9,LOW
GRD-07152,STU-07152,2023,Third_Term_May_Jul,19,0,0,33.9,0.3,LOW
GRD-07153,STU-07153,2023,First_Term_Sep_Dec,17,0,0,29.0,0.3,LOW
GRD-07154,STU-07154,2024,Third_Term_May_Jul,105,5,0,6.4,,HIGH
GRD-07155,STU-07155,2023,Third_Term_May_Jul,160,5,0,4.7,,HIGH
GRD-07156,STU-07156,2023,First_Term_Sep_Dec,107,1,0,1.6,,HIGH
GRD-07157,STU-07157,2025,First_Term_Sep_Dec,16,0,0,100.0,1.4,LOW
GRD-07158,STU-07158,2025,Third_Term_May_Jul,28,1,0,95.9,5.1,LOW
GRD-07159,STU-07159,2023,Third_Term_May_Jul,23,0,0,27.6,,MEDIUM
GRD-07160,STU-07160,2025,First_Term_Sep_Dec,20,0,0,84.5,4.8,LOW
GRD-07161,STU-07161,2023,Second_Term_Jan_Apr,22,0,0,31.2,,MEDIUM
GRD-07162,STU-07162,2025,First_Term_Sep_Dec,0,1,0,23.9,57.0,LOW
GRD-07163,STU-07163,2024,Third_Term_May_Jul,15,2,0,28.1,50.0,LOW
GRD-07164,STU-07164,2025,First_Term_Sep_Dec,21,0,0,26.8,0.3,LOW
GRD-07165,STU-07165,2023,First_Term_Sep_Dec,22,1,0,85.9,3.7,LOW
GRD-07166,STU-07166,2024,Third_Term_May_Jul,30,1,0,32.3,71.6,LOW
GRD-07167,STU-07167,2023,Second_Term_Jan_Apr,75,2,0,25.4,47.7,MEDIUM
GRD-07168,STU-07168,2024,Second_Term_Jan_Apr,20,3,0,20.6,55.5,MEDIUM
GRD-07169,STU-07169,2025,Third_Term_May_Jul,76,0,0,32.0,78.2,MEDIUM
GRD-07170,STU-07170,2025,First_Term_Sep_Dec,101,4,0,11.9,,HIGH
GRD-07171,STU-07171,2024,Third_Term_May_Jul,29,1,0,27.0,60.9,LOW
GRD-07172,STU-07172,2024,Second_Term_Jan_Apr,62,1,0,16.5,52.4,MEDIUM
GRD-07173,STU-07173,2025,Second_Term_Jan_Apr,33,1,0,89.8,5.4,LOW
GRD-07174,STU-07174,2024,First_Term_Sep_Dec,90,4,0,7.8,,HIGH
GRD-07175,STU-07175,2023,First_Term_Sep_Dec,6,1,0,25.8,82.0,LOW
GRD-07176,STU-07176,2025,Second_Term_Jan_Apr,34,0,0,82.4,6.1,LOW
GRD-07177,STU-07177,2024,Third_Term_May_Jul,37,1,0,87.7,4.3,LOW
GRD-07178,STU-07178,2024,Third_Term_May_Jul,30,1,0,92.8,4.9,LOW
GRD-07179,STU-07179,2023,Third_Term_May_Jul,144,5,0,5.8,,HIGH
GRD-07180,STU-07180,2024,Second_Term_Jan_Apr,66,1,0,27.7,87.9,MEDIUM
GRD-07181,STU-07181,2023,Second_Term_Jan_Apr,50,0,0,92.1,1.2,LOW
GRD-07182,STU-07182,2023,Second_Term_Jan_Apr,33,0,0,83.7,5.6,LOW
GRD-07183,STU-07183,2025,First_Term_Sep_Dec,90,2,0,0.0,,HIGH
GRD-07184,STU-07184,2024,Second_Term_Jan_Apr,19,0,0,29.4,,MEDIUM
GRD-07185,STU-07185,2023,First_Term_Sep_Dec,90,2,0,7.6,,HIGH
GRD-07186,STU-07186,2024,First_Term_Sep_Dec,0,2,1,25.4,57.6,LOW
GRD-07187,STU-07187,2023,Second_Term_Jan_Apr,24,1,0,24.7,85.6,LOW
GRD-07188,STU-07188,2025,Third_Term_May_Jul,143,3,0,5.1,,HIGH
GRD-07189,STU-07189,2025,First_Term_Sep_Dec,90,4,0,7.7,,HIGH
GRD-07190,STU-07190,2025,Second_Term_Jan_Apr,117,3,0,7.9,,HIGH
GRD-07191,STU-07191,2024,First_Term_Sep_Dec,17,1,0,90.9,2.7,LOW
GRD-07192,STU-07192,2023,First_Term_Sep_Dec,15,0,0,80.5,5.0,LOW
GRD-07193,STU-07193,2024,Third_Term_May_Jul,117,3,0,7.2,,HIGH
GRD-07194,STU-07194,2023,Third_Term_May_Jul,22,1,0,96.3,3.8,LOW
GRD-07195,STU-07195,2024,Third_Term_May_Jul,0,2,1,23.4,87.5,LOW
GRD-07196,STU-07196,2023,First_Term_Sep_Dec,10,0,0,26.8,,LOW
GRD-07197,STU-07197,2023,Second_Term_Jan_Apr,49,2,0,23.9,91.8,MEDIUM
GRD-07198,STU-07198,2025,Third_Term_May_Jul,47,2,0,28.1,66.1,MEDIUM
GRD-07199,STU-07199,2025,Second_Term_Jan_Apr,16,0,0,34.2,0.5,LOW
GRD-07200,STU-07200,2023,Second_Term_Jan_Apr,19,1,0,24.1,79.3,LOW
GRD-07201,STU-07201,2025,Second_Term_Jan_Apr,41,1,0,77.7,4.4,LOW
GRD-07202,STU-07202,2024,Third_Term_May_Jul,43,2,0,18.7,62.4,MEDIUM
GRD-07203,STU-07203,2023,Third_Term_May_Jul,18,0,0,36.4,0.3,LOW
GRD-07204,STU-07204,2023,First_Term_Sep_Dec,19,0,0,35.1,,MEDIUM
GRD-07205,STU-07205,2025,Second_Term_Jan_Apr,101,2,0,6.6,,HIGH
GRD-07206,STU-07206,2023,First_Term_Sep_Dec,12,0,0,25.3,,LOW
GRD-07207,STU-07207,2023,First_Term_Sep_Dec,90,5,0,3.6,,HIGH
GRD-07208,STU-07208,2023,Second_Term_Jan_Apr,26,0,0,84.9,4.3,LOW
GRD-07209,STU-07209,2025,Second_Term_Jan_Apr,0,2,1,22.0,59.4,LOW
GRD-07210,STU-07210,2025,Second_Term_Jan_Apr,18,0,0,27.3,,MEDIUM
GRD-07211,STU-07211,2025,Third_Term_May_Jul,42,2,0,23.8,69.9,MEDIUM
GRD-07212,STU-07212,2023,Third_Term_May_Jul,33,1,0,28.0,49.8,MEDIUM
GRD-07213,STU-07213,2023,Second_Term_Jan_Apr,37,1,0,71.9,1.7,LOW
GRD-07214,STU-07214,2025,First_Term_Sep_Dec,0,1,1,7.6,,MEDIUM
GRD-07215,STU-07215,2025,Third_Term_May_Jul,18,0,0,27.6,0.6,LOW
GRD-07216,STU-07216,2025,Second_Term_Jan_Apr,11,2,0,31.1,69.8,LOW
GRD-07217,STU-07217,2024,Second_Term_Jan_Apr,14,0,0,28.4,,LOW
GRD-07218,STU-07218,2025,Second_Term_Jan_Apr,12,0,0,31.8,,LOW
GRD-07219,STU-07219,2023,Second_Term_Jan_Apr,12,0,0,25.4,,LOW
GRD-07220,STU-07220,2023,First_Term_Sep_Dec,7,0,0,26.9,0.6,LOW
GRD-07221,STU-07221,2023,Third_Term_May_Jul,25,0,0,99.9,4.5,LOW
GRD-07222,STU-07222,2025,Second_Term_Jan_Apr,55,1,0,78.3,2.9,LOW
GRD-07223,STU-07223,2025,First_Term_Sep_Dec,0,1,1,88.6,4.6,LOW
GRD-07224,STU-07224,2023,Third_Term_May_Jul,31,1,0,24.4,55.8,MEDIUM
GRD-07225,STU-07225,2023,Third_Term_May_Jul,23,0,0,40.0,,LOW
GRD-07226,STU-07226,2025,Third_Term_May_Jul,43,3,0,38.2,51.9,MEDIUM
GRD-07227,STU-07227,2024,Third_Term_May_Jul,35,1,0,36.9,65.1,MEDIUM
GRD-07228,STU-07228,2023,First_Term_Sep_Dec,75,2,0,40.4,60.1,MEDIUM
GRD-07229,STU-07229,2023,First_Term_Sep_Dec,68,2,0,29.2,65.8,MEDIUM
GRD-07230,STU-07230,2024,First_Term_Sep_Dec,0,2,0,21.3,57.0,LOW
GRD-07231,STU-07231,2025,Third_Term_May_Jul,128,4,0,5.1,,HIGH
GRD-07232,STU-07232,2025,First_Term_Sep_Dec,90,6,0,6.6,,HIGH
GRD-07233,STU-07233,2024,Third_Term_May_Jul,28,0,0,92.2,4.8,LOW
GRD-07234,STU-07234,2024,Second_Term_Jan_Apr,19,0,0,32.4,0.7,LOW
GRD-07235,STU-07235,2024,Third_Term_May_Jul,19,0,0,29.3,,MEDIUM
GRD-07236,STU-07236,2023,Third_Term_May_Jul,25,0,0,88.0,3.9,LOW
GRD-07237,STU-07237,2023,Second_Term_Jan_Apr,41,0,0,79.8,4.5,LOW
GRD-07238,STU-07238,2025,Third_Term_May_Jul,167,6,0,1.6,,HIGH
GRD-07239,STU-07239,2025,First_Term_Sep_Dec,17,0,0,92.0,1.6,LOW
GRD-07240,STU-07240,2024,Third_Term_May_Jul,0,0,1,19.7,51.7,LOW
GRD-07241,STU-07241,2024,Third_Term_May_Jul,24,0,0,90.1,4.4,LOW
GRD-07242,STU-07242,2025,First_Term_Sep_Dec,19,1,0,88.5,4.9,LOW
GRD-07243,STU-07243,2023,Second_Term_Jan_Apr,25,1,0,14.4,89.0,LOW
GRD-07244,STU-07244,2024,Second_Term_Jan_Apr,39,1,0,70.5,2.3,LOW
GRD-07245,STU-07245,2023,First_Term_Sep_Dec,17,1,0,94.7,4.5,LOW
GRD-07246,STU-07246,2023,Second_Term_Jan_Apr,43,0,0,68.0,4.1,LOW
GRD-07247,STU-07247,2023,First_Term_Sep_Dec,13,0,0,28.4,0.2,LOW
GRD-07248,STU-07248,2025,First_Term_Sep_Dec,19,0,0,92.4,3.0,LOW
GRD-07249,STU-07249,2024,Second_Term_Jan_Apr,40,1,0,83.0,6.0,LOW
GRD-07250,STU-07250,2025,Second_Term_Jan_Apr,26,1,0,29.5,68.9,LOW
GRD-07251,STU-07251,2024,First_Term_Sep_Dec,90,5,0,2.7,,HIGH
GRD-07252,STU-07252,2024,First_Term_Sep_Dec,7,0,0,32.6,,LOW
GRD-07253,STU-07253,2024,Second_Term_Jan_Apr,46,0,0,81.0,6.7,LOW
GRD-07254,STU-07254,2023,Second_Term_Jan_Apr,38,0,0,77.7,3.8,LOW
GRD-07255,STU-07255,2023,First_Term_Sep_Dec,90,6,0,6.9,,HIGH
GRD-07256,STU-07256,2025,First_Term_Sep_Dec,14,0,0,91.8,4.0,LOW
GRD-07257,STU-07257,2023,Third_Term_May_Jul,128,1,0,0.9,,HIGH
GRD-07258,STU-07258,2025,First_Term_Sep_Dec,28,1,0,29.7,67.4,LOW
GRD-07259,STU-07259,2023,Second_Term_Jan_Apr,11,0,0,34.1,,LOW
GRD-07260,STU-07260,2023,First_Term_Sep_Dec,19,0,0,26.1,0.2,LOW
GRD-07261,STU-07261,2024,Third_Term_May_Jul,0,1,0,30.7,70.8,LOW
GRD-07262,STU-07262,2023,First_Term_Sep_Dec,22,0,0,30.1,0.1,LOW
GRD-07263,STU-07263,2024,Third_Term_May_Jul,33,1,0,30.7,89.0,MEDIUM
GRD-07264,STU-07264,2025,First_Term_Sep_Dec,11,0,0,96.3,1.0,LOW
GRD-07265,STU-07265,2024,Third_Term_May_Jul,15,0,0,24.9,,MEDIUM
GRD-07266,STU-07266,2023,First_Term_Sep_Dec,14,1,0,92.4,3.1,LOW
GRD-07267,STU-07267,2024,Third_Term_May_Jul,47,1,0,20.7,46.1,MEDIUM
GRD-07268,STU-07268,2024,First_Term_Sep_Dec,94,0,0,22.3,58.2,MEDIUM
GRD-07269,STU-07269,2024,Second_Term_Jan_Apr,24,0,0,28.0,0.4,LOW
GRD-07270,STU-07270,2025,Third_Term_May_Jul,28,0,0,82.2,3.6,LOW
GRD-07271,STU-07271,2023,Second_Term_Jan_Apr,39,1,0,17.9,90.7,MEDIUM
GRD-07272,STU-07272,2025,First_Term_Sep_Dec,8,0,0,82.4,3.0,LOW
GRD-07273,STU-07273,2025,Third_Term_May_Jul,29,0,0,95.1,5.5,LOW
GRD-07274,STU-07274,2023,Third_Term_May_Jul,122,5,0,6.0,,HIGH
GRD-07275,STU-07275,2024,Second_Term_Jan_Apr,36,1,0,76.1,7.4,LOW
GRD-07276,STU-07276,2023,Third_Term_May_Jul,32,0,0,97.7,4.8,LOW
GRD-07277,STU-07277,2023,First_Term_Sep_Dec,19,0,0,83.1,3.4,LOW
GRD-07278,STU-07278,2024,Third_Term_May_Jul,15,0,0,33.1,,MEDIUM
GRD-07279,STU-07279,2024,First_Term_Sep_Dec,19,1,0,80.8,2.4,LOW
GRD-07280,STU-07280,2023,Second_Term_Jan_Apr,156,3,0,3.8,,HIGH
GRD-07281,STU-07281,2024,First_Term_Sep_Dec,17,1,0,95.6,4.8,LOW
GRD-07282,STU-07282,2025,First_Term_Sep_Dec,20,0,0,27.7,,MEDIUM
GRD-07283,STU-07283,2023,Second_Term_Jan_Apr,122,5,0,5.7,,HIGH
GRD-07284,STU-07284,2023,Second_Term_Jan_Apr,45,0,0,72.1,4.8,LOW
GRD-07285,STU-07285,2025,First_Term_Sep_Dec,79,2,0,32.3,45.7,MEDIUM
GRD-07286,STU-07286,2025,Second_Term_Jan_Apr,38,1,0,75.6,8.4,LOW
GRD-07287,STU-07287,2024,Second_Term_Jan_Apr,39,1,0,76.2,4.4,LOW
GRD-07288,STU-07288,2024,Third_Term_May_Jul,15,0,0,22.3,0.1,LOW
GRD-07289,STU-07289,2024,First_Term_Sep_Dec,14,1,0,95.6,5.2,LOW
GRD-07290,STU-07290,2025,Third_Term_May_Jul,90,3,0,7.0,,HIGH
GRD-07291,STU-07291,2023,Second_Term_Jan_Apr,13,0,0,40.0,0.3,LOW
GRD-07292,STU-07292,2023,Third_Term_May_Jul,19,2,0,20.4,64.2,LOW
GRD-07293,STU-07293,2024,First_Term_Sep_Dec,12,0,0,32.9,,LOW
GRD-07294,STU-07294,2024,Third_Term_May_Jul,192,3,0,0.5,,HIGH
GRD-07295,STU-07295,2025,First_Term_Sep_Dec,13,0,0,29.8,0.5,LOW
GRD-07296,STU-07296,2023,Third_Term_May_Jul,31,0,0,100.0,1.9,LOW
GRD-07297,STU-07297,2023,Third_Term_May_Jul,17,2,0,17.9,55.3,LOW
GRD-07298,STU-07298,2024,First_Term_Sep_Dec,10,0,0,96.1,3.2,LOW
GRD-07299,STU-07299,2023,Second_Term_Jan_Apr,31,0,0,76.7,1.2,LOW
GRD-07300,STU-07300,2023,Third_Term_May_Jul,39,0,0,96.7,3.5,LOW
GRD-07301,STU-07301,2023,First_Term_Sep_Dec,13,0,0,96.5,3.4,LOW
GRD-07302,STU-07302,2024,First_Term_Sep_Dec,90,3,0,7.8,,HIGH
GRD-07303,STU-07303,2024,First_Term_Sep_Dec,18,0,0,28.2,,MEDIUM
GRD-07304,STU-07304,2024,Second_Term_Jan_Apr,9,1,0,24.4,72.3,LOW
GRD-07305,STU-07305,2025,Second_Term_Jan_Apr,113,5,0,2.5,,HIGH
GRD-07306,STU-07306,2023,First_Term_Sep_Dec,11,0,0,29.9,,LOW
GRD-07307,STU-07307,2025,First_Term_Sep_Dec,92,4,0,5.6,,HIGH
GRD-07308,STU-07308,2025,First_Term_Sep_Dec,14,0,0,29.0,,LOW
GRD-07309,STU-07309,2023,Second_Term_Jan_Apr,27,0,0,30.7,89.1,LOW
GRD-07310,STU-07310,2023,First_Term_Sep_Dec,98,3,0,6.6,,HIGH
GRD-07311,STU-07311,2025,Second_Term_Jan_Apr,19,0,0,29.0,0.5,LOW
GRD-07312,STU-07312,2023,Second_Term_Jan_Apr,40,1,0,73.8,5.1,LOW
GRD-07313,STU-07313,2025,First_Term_Sep_Dec,0,2,1,88.1,3.0,LOW
GRD-07314,STU-07314,2023,First_Term_Sep_Dec,32,1,0,86.6,1.4,LOW
GRD-07315,STU-07315,2023,Third_Term_May_Jul,33,0,0,100.0,3.2,LOW
GRD-07316,STU-07316,2024,Third_Term_May_Jul,28,0,0,94.2,2.2,LOW
GRD-07317,STU-07317,2023,First_Term_Sep_Dec,13,1,0,18.4,38.5,LOW
GRD-07318,STU-07318,2023,Third_Term_May_Jul,144,4,0,1.2,,HIGH
GRD-07319,STU-07319,2025,Second_Term_Jan_Apr,23,0,0,34.0,0.6,LOW
GRD-07320,STU-07320,2024,Third_Term_May_Jul,15,0,0,26.4,0.5,LOW
GRD-07321,STU-07321,2023,Second_Term_Jan_Apr,23,0,0,40.0,0.1,LOW
GRD-07322,STU-07322,2023,Third_Term_May_Jul,59,1,0,22.9,50.9,MEDIUM
GRD-07323,STU-07323,2025,Third_Term_May_Jul,22,0,0,35.1,0.4,LOW
GRD-07324,STU-07324,2025,Second_Term_Jan_Apr,48,3,0,26.1,92.3,MEDIUM
GRD-07325,STU-07325,2023,First_Term_Sep_Dec,16,0,0,32.3,,MEDIUM
GRD-07326,STU-07326,2023,Second_Term_Jan_Apr,52,0,0,82.2,2.9,LOW
GRD-07327,STU-07327,2023,First_Term_Sep_Dec,48,0,0,25.6,62.0,LOW
GRD-07328,STU-07328,2024,Second_Term_Jan_Apr,137,6,0,8.9,,HIGH
GRD-07329,STU-07329,2023,First_Term_Sep_Dec,22,2,0,33.6,65.1,LOW
GRD-07330,STU-07330,2023,First_Term_Sep_Dec,0,2,1,32.7,63.1,LOW
GRD-07331,STU-07331,2024,Second_Term_Jan_Apr,39,2,0,23.5,64.1,MEDIUM
GRD-07332,STU-07332,2024,Second_Term_Jan_Apr,21,0,0,35.8,,MEDIUM
GRD-07333,STU-07333,2025,Second_Term_Jan_Apr,141,4,0,6.2,,HIGH
GRD-07334,STU-07334,2023,Third_Term_May_Jul,25,1,0,93.1,3.5,LOW
GRD-07335,STU-07335,2024,First_Term_Sep_Dec,17,1,0,97.7,1.5,LOW
GRD-07336,STU-07336,2023,First_Term_Sep_Dec,90,4,0,0.0,,HIGH
GRD-07337,STU-07337,2023,Second_Term_Jan_Apr,43,2,0,18.7,50.4,MEDIUM
GRD-07338,STU-07338,2025,Second_Term_Jan_Apr,124,5,0,4.4,,HIGH
GRD-07339,STU-07339,2025,First_Term_Sep_Dec,47,2,0,24.2,84.1,MEDIUM
GRD-07340,STU-07340,2025,Third_Term_May_Jul,22,0,0,78.6,4.7,LOW
GRD-07341,STU-07341,2023,Second_Term_Jan_Apr,36,0,0,77.0,1.2,LOW
GRD-07342,STU-07342,2024,First_Term_Sep_Dec,62,2,0,39.6,69.4,MEDIUM
GRD-07343,STU-07343,2024,First_Term_Sep_Dec,19,0,0,33.8,0.4,LOW
GRD-07344,STU-07344,2024,First_Term_Sep_Dec,94,1,0,3.6,,HIGH
GRD-07345,STU-07345,2023,Second_Term_Jan_Apr,60,2,0,30.3,92.9,MEDIUM
GRD-07346,STU-07346,2024,Second_Term_Jan_Apr,40,0,0,19.9,69.4,LOW
GRD-07347,STU-07347,2023,First_Term_Sep_Dec,0,2,0,27.5,39.5,LOW
GRD-07348,STU-07348,2025,First_Term_Sep_Dec,0,2,1,25.7,91.1,LOW
GRD-07349,STU-07349,2024,Second_Term_Jan_Apr,29,1,0,87.9,5.7,LOW
GRD-07350,STU-07350,2024,Third_Term_May_Jul,0,1,0,26.4,73.0,LOW
GRD-07351,STU-07351,2025,Third_Term_May_Jul,16,1,0,19.1,83.9,LOW
GRD-07352,STU-07352,2024,First_Term_Sep_Dec,14,0,0,89.3,2.8,LOW
GRD-07353,STU-07353,2025,First_Term_Sep_Dec,22,1,0,91.6,4.0,LOW
GRD-07354,STU-07354,2025,First_Term_Sep_Dec,14,0,0,25.5,0.6,LOW
GRD-07355,STU-07355,2023,Third_Term_May_Jul,15,1,0,29.8,47.0,LOW
GRD-07356,STU-07356,2024,Second_Term_Jan_Apr,43,1,0,27.7,67.4,MEDIUM
GRD-07357,STU-07357,2025,First_Term_Sep_Dec,49,2,0,19.8,48.7,MEDIUM
GRD-07358,STU-07358,2024,Third_Term_May_Jul,142,5,0,2.7,,HIGH
GRD-07359,STU-07359,2025,First_Term_Sep_Dec,3,1,0,21.2,67.2,LOW
GRD-07360,STU-07360,2023,Second_Term_Jan_Apr,56,1,0,21.1,66.4,MEDIUM
GRD-07361,STU-07361,2023,First_Term_Sep_Dec,18,0,0,29.1,,MEDIUM
GRD-07362,STU-07362,2024,Second_Term_Jan_Apr,30,0,0,82.9,6.0,LOW
GRD-07363,STU-07363,2024,Third_Term_May_Jul,104,6,0,4.2,,HIGH
GRD-07364,STU-07364,2025,First_Term_Sep_Dec,39,1,0,33.6,70.3,MEDIUM
GRD-07365,STU-07365,2025,Second_Term_Jan_Apr,39,1,0,73.0,2.4,LOW
GRD-07366,STU-07366,2025,Third_Term_May_Jul,0,0,1,31.6,65.7,LOW
GRD-07367,STU-07367,2025,First_Term_Sep_Dec,90,2,0,3.8,,HIGH
GRD-07368,STU-07368,2025,First_Term_Sep_Dec,11,0,0,29.5,0.8,LOW
GRD-07369,STU-07369,2025,Third_Term_May_Jul,23,1,0,20.7,90.5,LOW
GRD-07370,STU-07370,2023,First_Term_Sep_Dec,22,0,0,27.5,0.5,LOW
GRD-07371,STU-07371,2025,Third_Term_May_Jul,16,0,0,26.7,0.6,LOW
GRD-07372,STU-07372,2025,First_Term_Sep_Dec,13,0,0,34.4,,LOW
GRD-07373,STU-07373,2024,Third_Term_May_Jul,34,0,0,95.5,4.6,LOW
GRD-07374,STU-07374,2023,First_Term_Sep_Dec,21,1,0,89.1,4.3,LOW
GRD-07375,STU-07375,2023,Third_Term_May_Jul,0,3,1,33.4,62.8,LOW
GRD-07376,STU-07376,2025,First_Term_Sep_Dec,69,2,0,23.7,54.2,MEDIUM
GRD-07377,STU-07377,2024,Second_Term_Jan_Apr,16,0,0,26.8,,MEDIUM
GRD-07378,STU-07378,2025,Second_Term_Jan_Apr,20,0,0,31.3,,MEDIUM
GRD-07379,STU-07379,2024,Second_Term_Jan_Apr,42,1,0,16.2,89.2,MEDIUM
GRD-07380,STU-07380,2023,Second_Term_Jan_Apr,28,1,0,75.7,7.2,LOW
GRD-07381,STU-07381,2025,Second_Term_Jan_Apr,33,0,0,83.2,5.7,LOW
GRD-07382,STU-07382,2024,First_Term_Sep_Dec,17,1,0,97.9,4.0,LOW
GRD-07383,STU-07383,2024,First_Term_Sep_Dec,90,2,0,0.8,,HIGH
GRD-07384,STU-07384,2024,Third_Term_May_Jul,12,0,0,31.5,0.2,LOW
GRD-07385,STU-07385,2024,First_Term_Sep_Dec,17,0,0,100.0,6.6,LOW
GRD-07386,STU-07386,2025,First_Term_Sep_Dec,109,4,0,6.2,,HIGH
GRD-07387,STU-07387,2024,Third_Term_May_Jul,117,3,0,3.3,,HIGH
GRD-07388,STU-07388,2023,First_Term_Sep_Dec,18,0,0,94.1,3.4,LOW
GRD-07389,STU-07389,2025,Third_Term_May_Jul,16,0,0,25.3,,MEDIUM
GRD-07390,STU-07390,2024,Second_Term_Jan_Apr,32,0,0,77.7,6.2,LOW
GRD-07391,STU-07391,2023,Third_Term_May_Jul,30,1,0,90.9,4.9,LOW
GRD-07392,STU-07392,2025,Third_Term_May_Jul,0,0,1,89.0,4.4,LOW
GRD-07393,STU-07393,2024,Second_Term_Jan_Apr,35,2,0,34.5,53.9,MEDIUM
GRD-07394,STU-07394,2024,First_Term_Sep_Dec,90,4,0,0.2,,HIGH
GRD-07395,STU-07395,2024,Third_Term_May_Jul,90,7,0,1.9,,HIGH
GRD-07396,STU-07396,2024,Third_Term_May_Jul,41,1,0,20.7,88.7,MEDIUM
GRD-07397,STU-07397,2023,First_Term_Sep_Dec,0,3,1,29.0,77.9,LOW
GRD-07398,STU-07398,2025,Second_Term_Jan_Apr,39,0,0,86.6,5.9,LOW
GRD-07399,STU-07399,2024,First_Term_Sep_Dec,23,0,0,26.3,0.6,LOW
GRD-07400,STU-07400,2025,Second_Term_Jan_Apr,24,1,0,29.9,60.8,LOW
GRD-07401,STU-07401,2024,Third_Term_May_Jul,15,0,0,28.2,0.6,LOW
GRD-07402,STU-07402,2025,Third_Term_May_Jul,33,1,0,93.0,2.5,LOW
GRD-07403,STU-07403,2025,Third_Term_May_Jul,165,4,0,4.3,,HIGH
GRD-07404,STU-07404,2023,Second_Term_Jan_Apr,14,0,0,32.2,,LOW
GRD-07405,STU-07405,2023,First_Term_Sep_Dec,47,2,0,26.2,72.3,MEDIUM
GRD-07406,STU-07406,2024,First_Term_Sep_Dec,14,0,0,32.2,0.9,LOW
GRD-07407,STU-07407,2024,Second_Term_Jan_Apr,33,0,0,73.7,4.9,LOW
GRD-07408,STU-07408,2025,First_Term_Sep_Dec,0,2,1,18.1,50.7,LOW
GRD-07409,STU-07409,2025,First_Term_Sep_Dec,90,6,0,0.0,,HIGH
GRD-07410,STU-07410,2023,First_Term_Sep_Dec,0,1,1,90.4,2.5,LOW
GRD-07411,STU-07411,2025,First_Term_Sep_Dec,0,1,1,19.5,71.2,LOW
GRD-07412,STU-07412,2024,Second_Term_Jan_Apr,38,2,0,29.7,70.7,MEDIUM
GRD-07413,STU-07413,2023,Third_Term_May_Jul,14,0,0,28.7,,LOW
GRD-07414,STU-07414,2024,Third_Term_May_Jul,16,0,0,34.1,,MEDIUM
GRD-07415,STU-07415,2024,First_Term_Sep_Dec,17,0,0,37.5,0.5,LOW
GRD-07416,STU-07416,2025,First_Term_Sep_Dec,24,1,0,97.7,4.7,LOW
GRD-07417,STU-07417,2025,First_Term_Sep_Dec,90,5,0,8.1,,HIGH
GRD-07418,STU-07418,2023,Third_Term_May_Jul,12,0,0,32.3,,LOW
GRD-07419,STU-07419,2023,First_Term_Sep_Dec,14,1,0,93.2,3.6,LOW
GRD-07420,STU-07420,2025,First_Term_Sep_Dec,34,1,0,25.6,33.0,MEDIUM
GRD-07421,STU-07421,2024,Third_Term_May_Jul,18,1,0,94.2,3.6,LOW
GRD-07422,STU-07422,2025,First_Term_Sep_Dec,90,2,0,1.1,,HIGH
GRD-07423,STU-07423,2023,First_Term_Sep_Dec,12,1,0,30.4,54.5,LOW
GRD-07424,STU-07424,2025,First_Term_Sep_Dec,10,0,0,97.5,3.0,LOW
GRD-07425,STU-07425,2023,Second_Term_Jan_Apr,55,2,0,28.9,76.1,MEDIUM
GRD-07426,STU-07426,2024,Second_Term_Jan_Apr,24,1,0,27.0,85.5,LOW
GRD-07427,STU-07427,2024,Third_Term_May_Jul,38,1,0,31.7,67.0,MEDIUM
GRD-07428,STU-07428,2025,Second_Term_Jan_Apr,133,4,0,3.5,,HIGH
GRD-07429,STU-07429,2025,First_Term_Sep_Dec,91,3,0,4.1,,HIGH
GRD-07430,STU-07430,2024,First_Term_Sep_Dec,19,1,0,100.0,2.2,LOW
GRD-07431,STU-07431,2024,First_Term_Sep_Dec,21,0,0,96.4,3.3,LOW
GRD-07432,STU-07432,2024,First_Term_Sep_Dec,1,0,0,15.5,65.0,LOW
GRD-07433,STU-07433,2025,First_Term_Sep_Dec,40,1,0,26.6,71.5,MEDIUM
GRD-07434,STU-07434,2023,Second_Term_Jan_Apr,40,0,0,78.9,3.6,LOW
GRD-07435,STU-07435,2025,Third_Term_May_Jul,16,0,0,22.9,,MEDIUM
GRD-07436,STU-07436,2024,First_Term_Sep_Dec,0,2,1,32.3,63.2,LOW
GRD-07437,STU-07437,2023,Third_Term_May_Jul,27,0,0,100.0,2.7,LOW
GRD-07438,STU-07438,2025,Second_Term_Jan_Apr,55,2,0,35.0,66.1,MEDIUM
GRD-07439,STU-07439,2025,First_Term_Sep_Dec,0,1,1,33.2,75.8,LOW
GRD-07440,STU-07440,2024,Third_Term_May_Jul,12,0,0,27.8,63.5,LOW
GRD-07441,STU-07441,2024,Second_Term_Jan_Apr,59,2,0,36.6,67.8,MEDIUM
GRD-07442,STU-07442,2023,Third_Term_May_Jul,29,0,0,91.3,5.3,LOW
GRD-07443,STU-07443,2024,Third_Term_May_Jul,29,0,0,100.0,6.9,LOW
GRD-07444,STU-07444,2024,Second_Term_Jan_Apr,60,2,0,30.5,77.3,MEDIUM
GRD-07445,STU-07445,2024,Third_Term_May_Jul,26,1,0,86.5,1.7,LOW
GRD-07446,STU-07446,2024,First_Term_Sep_Dec,90,6,0,0.9,,HIGH
GRD-07447,STU-07447,2023,Second_Term_Jan_Apr,37,0,0,81.0,5.0,LOW
GRD-07448,STU-07448,2025,Second_Term_Jan_Apr,109,3,0,7.5,,HIGH
GRD-07449,STU-07449,2024,Second_Term_Jan_Apr,27,1,0,87.8,6.4,LOW
GRD-07450,STU-07450,2023,Third_Term_May_Jul,18,0,0,21.6,,MEDIUM
GRD-07451,STU-07451,2024,Third_Term_May_Jul,24,0,0,87.1,4.1,LOW
GRD-07452,STU-07452,2024,Third_Term_May_Jul,0,2,1,13.5,63.0,LOW
GRD-07453,STU-07453,2025,First_Term_Sep_Dec,19,0,0,22.7,0.6,LOW
GRD-07454,STU-07454,2024,Third_Term_May_Jul,72,2,0,37.1,87.9,MEDIUM
GRD-07455,STU-07455,2023,Third_Term_May_Jul,27,1,0,95.5,5.0,LOW
GRD-07456,STU-07456,2025,Second_Term_Jan_Apr,18,0,0,40.0,,LOW
GRD-07457,STU-07457,2024,Third_Term_May_Jul,9,0,0,32.4,59.1,LOW
GRD-07458,STU-07458,2025,First_Term_Sep_Dec,15,0,0,89.4,3.3,LOW
GRD-07459,STU-07459,2024,First_Term_Sep_Dec,93,4,0,0.0,,HIGH
GRD-07460,STU-07460,2025,Third_Term_May_Jul,0,0,1,98.2,5.9,LOW
GRD-07461,STU-07461,2023,First_Term_Sep_Dec,96,4,0,10.6,,HIGH
GRD-07462,STU-07462,2025,Second_Term_Jan_Apr,17,1,0,25.6,75.1,LOW
GRD-07463,STU-07463,2023,Third_Term_May_Jul,16,0,0,30.2,,MEDIUM
GRD-07464,STU-07464,2023,Second_Term_Jan_Apr,22,0,0,35.3,0.8,LOW
GRD-07465,STU-07465,2025,First_Term_Sep_Dec,20,1,0,94.1,1.3,LOW
GRD-07466,STU-07466,2023,Third_Term_May_Jul,23,0,0,86.6,5.1,LOW
GRD-07467,STU-07467,2025,First_Term_Sep_Dec,15,0,0,91.3,3.6,LOW
GRD-07468,STU-07468,2024,Second_Term_Jan_Apr,18,0,0,28.1,0.2,LOW
GRD-07469,STU-07469,2025,Second_Term_Jan_Apr,146,1,0,5.0,,HIGH
GRD-07470,STU-07470,2023,Third_Term_May_Jul,0,2,1,22.8,54.7,LOW
GRD-07471,STU-07471,2023,Third_Term_May_Jul,31,1,0,95.2,1.6,LOW
GRD-07472,STU-07472,2024,Second_Term_Jan_Apr,18,0,0,23.3,0.4,LOW
GRD-07473,STU-07473,2025,Second_Term_Jan_Apr,1,2,0,19.9,78.9,LOW
GRD-07474,STU-07474,2025,Third_Term_May_Jul,30,0,0,100.0,2.5,LOW
GRD-07475,STU-07475,2025,First_Term_Sep_Dec,18,0,0,91.5,4.3,LOW
GRD-07476,STU-07476,2025,First_Term_Sep_Dec,14,0,0,88.4,3.6,LOW
GRD-07477,STU-07477,2025,Third_Term_May_Jul,11,2,0,27.0,73.2,LOW
GRD-07478,STU-07478,2023,First_Term_Sep_Dec,19,1,0,87.0,2.3,LOW
GRD-07479,STU-07479,2025,Third_Term_May_Jul,27,1,0,100.0,3.4,LOW
GRD-07480,STU-07480,2024,First_Term_Sep_Dec,90,5,0,5.1,,HIGH
GRD-07481,STU-07481,2025,Second_Term_Jan_Apr,0,0,0,18.2,72.5,LOW
GRD-07482,STU-07482,2023,Second_Term_Jan_Apr,19,0,0,29.0,0.6,LOW
GRD-07483,STU-07483,2025,First_Term_Sep_Dec,90,4,0,4.7,,HIGH
GRD-07484,STU-07484,2025,First_Term_Sep_Dec,22,0,0,34.4,0.6,LOW
GRD-07485,STU-07485,2023,Second_Term_Jan_Apr,14,0,0,26.1,,LOW
GRD-07486,STU-07486,2024,Second_Term_Jan_Apr,97,5,0,2.9,,HIGH
GRD-07487,STU-07487,2023,Second_Term_Jan_Apr,27,0,0,34.6,,MEDIUM
GRD-07488,STU-07488,2023,First_Term_Sep_Dec,31,1,0,30.3,60.5,MEDIUM
GRD-07489,STU-07489,2025,First_Term_Sep_Dec,0,0,1,96.1,4.5,LOW
GRD-07490,STU-07490,2025,First_Term_Sep_Dec,18,0,0,30.5,0.6,LOW
GRD-07491,STU-07491,2025,First_Term_Sep_Dec,0,0,1,94.1,2.9,LOW
GRD-07492,STU-07492,2023,Second_Term_Jan_Apr,163,2,0,7.2,,HIGH
GRD-07493,STU-07493,2023,Third_Term_May_Jul,16,0,0,29.1,0.4,LOW
GRD-07494,STU-07494,2024,Third_Term_May_Jul,21,1,0,90.0,0.9,LOW
GRD-07495,STU-07495,2024,First_Term_Sep_Dec,70,1,0,27.9,56.1,MEDIUM
GRD-07496,STU-07496,2023,Second_Term_Jan_Apr,130,4,0,0.6,,HIGH
GRD-07497,STU-07497,2024,First_Term_Sep_Dec,90,2,0,1.3,,HIGH
GRD-07498,STU-07498,2024,Second_Term_Jan_Apr,89,1,0,18.1,87.6,MEDIUM
GRD-07499,STU-07499,2024,Third_Term_May_Jul,38,2,0,28.3,72.0,MEDIUM
GRD-07500,STU-07500,2023,Third_Term_May_Jul,13,0,0,32.1,0.4,LOW
GRD-07501,STU-07501,2025,Third_Term_May_Jul,102,6,0,4.5,,HIGH
GRD-07502,STU-07502,2024,Third_Term_May_Jul,0,1,0,29.4,37.9,LOW
GRD-07503,STU-07503,2024,Third_Term_May_Jul,3,2,0,38.8,77.8,LOW
GRD-07504,STU-07504,2024,Third_Term_May_Jul,20,2,0,31.3,46.8,LOW
GRD-07505,STU-07505,2024,Second_Term_Jan_Apr,49,2,0,21.5,86.4,MEDIUM
GRD-07506,STU-07506,2024,First_Term_Sep_Dec,19,1,0,82.2,3.5,LOW
GRD-07507,STU-07507,2025,Third_Term_May_Jul,13,0,0,34.9,,LOW
GRD-07508,STU-07508,2025,Second_Term_Jan_Apr,18,0,0,30.8,0.6,LOW
GRD-07509,STU-07509,2025,Third_Term_May_Jul,33,0,0,93.2,4.5,LOW
GRD-07510,STU-07510,2023,Second_Term_Jan_Apr,23,0,0,26.5,0.3,LOW
GRD-07511,STU-07511,2024,Second_Term_Jan_Apr,113,4,0,5.0,,HIGH
GRD-07512,STU-07512,2024,First_Term_Sep_Dec,15,0,0,39.5,0.3,LOW
GRD-07513,STU-07513,2025,Second_Term_Jan_Apr,21,1,0,29.3,55.9,LOW
GRD-07514,STU-07514,2023,Second_Term_Jan_Apr,90,3,0,4.6,,HIGH
GRD-07515,STU-07515,2024,Second_Term_Jan_Apr,46,0,0,75.0,3.9,LOW
GRD-07516,STU-07516,2024,Second_Term_Jan_Apr,109,5,0,6.2,,HIGH
GRD-07517,STU-07517,2024,Second_Term_Jan_Apr,136,3,0,1.5,,HIGH
GRD-07518,STU-07518,2023,Second_Term_Jan_Apr,0,2,1,23.3,53.4,LOW
GRD-07519,STU-07519,2023,First_Term_Sep_Dec,16,0,0,31.2,,MEDIUM
GRD-07520,STU-07520,2023,First_Term_Sep_Dec,21,1,0,88.7,5.1,LOW
GRD-07521,STU-07521,2023,Second_Term_Jan_Apr,40,2,0,29.5,92.2,MEDIUM
GRD-07522,STU-07522,2023,Third_Term_May_Jul,30,1,0,26.0,52.3,LOW
GRD-07523,STU-07523,2024,Third_Term_May_Jul,6,0,0,35.7,0.6,LOW
GRD-07524,STU-07524,2024,Third_Term_May_Jul,123,5,0,4.3,,HIGH
GRD-07525,STU-07525,2024,Second_Term_Jan_Apr,40,0,0,80.7,5.9,LOW
GRD-07526,STU-07526,2023,First_Term_Sep_Dec,23,1,0,95.6,1.5,LOW
GRD-07527,STU-07527,2023,Third_Term_May_Jul,3,1,0,27.0,51.5,LOW
GRD-07528,STU-07528,2024,Third_Term_May_Jul,21,1,0,33.2,36.8,LOW
GRD-07529,STU-07529,2023,Second_Term_Jan_Apr,90,5,0,8.7,,HIGH
GRD-07530,STU-07530,2023,Second_Term_Jan_Apr,20,0,0,34.8,0.4,LOW
GRD-07531,STU-07531,2025,Third_Term_May_Jul,37,3,0,35.9,75.8,MEDIUM
GRD-07532,STU-07532,2025,Third_Term_May_Jul,0,0,1,32.9,62.4,LOW
GRD-07533,STU-07533,2023,Third_Term_May_Jul,39,0,0,97.9,4.3,LOW
GRD-07534,STU-07534,2023,Third_Term_May_Jul,26,1,0,93.0,2.2,LOW
GRD-07535,STU-07535,2025,First_Term_Sep_Dec,2,2,0,24.0,53.6,LOW
GRD-07536,STU-07536,2024,Third_Term_May_Jul,0,1,1,26.7,75.0,LOW
GRD-07537,STU-07537,2025,First_Term_Sep_Dec,0,2,1,40.5,73.4,LOW
GRD-07538,STU-07538,2025,Third_Term_May_Jul,25,0,0,94.3,3.4,LOW
GRD-07539,STU-07539,2025,Second_Term_Jan_Apr,22,0,0,27.7,,MEDIUM
GRD-07540,STU-07540,2025,First_Term_Sep_Dec,19,0,0,86.1,4.6,LOW
GRD-07541,STU-07541,2023,Second_Term_Jan_Apr,55,0,0,80.1,8.7,LOW
GRD-07542,STU-07542,2023,Third_Term_May_Jul,31,1,0,90.9,7.0,LOW
GRD-07543,STU-07543,2025,Second_Term_Jan_Apr,0,0,0,24.7,107.5,LOW
GRD-07544,STU-07544,2023,Third_Term_May_Jul,138,2,0,4.9,,HIGH
GRD-07545,STU-07545,2025,First_Term_Sep_Dec,0,0,1,93.5,3.3,LOW
GRD-07546,STU-07546,2023,First_Term_Sep_Dec,0,1,1,29.3,50.9,LOW
GRD-07547,STU-07547,2024,Second_Term_Jan_Apr,29,2,0,24.3,44.8,LOW
GRD-07548,STU-07548,2023,Second_Term_Jan_Apr,84,2,0,29.4,100.7,MEDIUM
GRD-07549,STU-07549,2025,First_Term_Sep_Dec,100,5,0,5.7,,HIGH
GRD-07550,STU-07550,2024,Second_Term_Jan_Apr,41,1,0,91.2,5.1,LOW
GRD-07551,STU-07551,2023,Third_Term_May_Jul,112,3,0,6.2,,HIGH
GRD-07552,STU-07552,2024,Third_Term_May_Jul,100,4,0,2.2,,HIGH
GRD-07553,STU-07553,2023,Second_Term_Jan_Apr,93,3,0,5.6,,HIGH
GRD-07554,STU-07554,2024,First_Term_Sep_Dec,60,2,0,25.3,45.2,MEDIUM
GRD-07555,STU-07555,2023,Third_Term_May_Jul,123,5,0,1.8,,HIGH
GRD-07556,STU-07556,2024,Second_Term_Jan_Apr,85,2,0,26.3,66.1,MEDIUM
GRD-07557,STU-07557,2025,First_Term_Sep_Dec,15,0,0,94.1,2.1,LOW
GRD-07558,STU-07558,2025,Third_Term_May_Jul,149,3,0,5.3,,HIGH
GRD-07559,STU-07559,2023,Third_Term_May_Jul,32,1,0,93.2,2.6,LOW
GRD-07560,STU-07560,2023,First_Term_Sep_Dec,19,0,0,34.3,,MEDIUM
GRD-07561,STU-07561,2023,Third_Term_May_Jul,23,0,0,34.8,0.4,LOW
GRD-07562,STU-07562,2025,Third_Term_May_Jul,28,2,0,100.0,4.3,LOW
GRD-07563,STU-07563,2025,First_Term_Sep_Dec,16,0,0,96.3,3.3,LOW
GRD-07564,STU-07564,2025,Second_Term_Jan_Apr,96,5,0,3.1,,HIGH
GRD-07565,STU-07565,2023,Second_Term_Jan_Apr,2,2,0,33.0,82.5,LOW
GRD-07566,STU-07566,2023,Second_Term_Jan_Apr,22,0,0,27.8,0.5,LOW
GRD-07567,STU-07567,2023,Second_Term_Jan_Apr,33,0,0,81.6,8.4,LOW
GRD-07568,STU-07568,2023,Third_Term_May_Jul,121,7,0,3.7,,HIGH
GRD-07569,STU-07569,2023,First_Term_Sep_Dec,51,2,0,20.0,68.6,MEDIUM
GRD-07570,STU-07570,2025,Third_Term_May_Jul,32,0,0,97.0,2.4,LOW
GRD-07571,STU-07571,2023,Second_Term_Jan_Apr,23,0,0,28.0,0.6,LOW
GRD-07572,STU-07572,2025,First_Term_Sep_Dec,18,1,0,94.2,2.0,LOW
GRD-07573,STU-07573,2023,First_Term_Sep_Dec,90,4,0,2.3,,HIGH
GRD-07574,STU-07574,2024,Third_Term_May_Jul,0,0,1,39.7,,LOW
GRD-07575,STU-07575,2025,Third_Term_May_Jul,109,6,0,6.5,,HIGH
GRD-07576,STU-07576,2025,Second_Term_Jan_Apr,16,0,0,29.9,0.3,LOW
GRD-07577,STU-07577,2024,Third_Term_May_Jul,51,2,0,37.4,48.8,MEDIUM
GRD-07578,STU-07578,2024,First_Term_Sep_Dec,65,2,0,34.9,77.8,MEDIUM
GRD-07579,STU-07579,2023,Second_Term_Jan_Apr,88,1,0,30.9,90.6,MEDIUM
GRD-07580,STU-07580,2025,First_Term_Sep_Dec,90,4,0,5.8,,HIGH
GRD-07581,STU-07581,2024,Second_Term_Jan_Apr,0,0,1,32.9,,LOW
GRD-07582,STU-07582,2025,Third_Term_May_Jul,0,0,1,94.6,3.3,LOW
GRD-07583,STU-07583,2025,Second_Term_Jan_Apr,119,5,0,3.9,,HIGH
GRD-07584,STU-07584,2023,Second_Term_Jan_Apr,35,1,0,82.8,4.0,LOW
GRD-07585,STU-07585,2024,First_Term_Sep_Dec,17,0,0,35.0,0.5,LOW
GRD-07586,STU-07586,2025,First_Term_Sep_Dec,17,1,0,92.5,3.4,LOW
GRD-07587,STU-07587,2023,Second_Term_Jan_Apr,12,0,0,29.2,0.4,LOW
GRD-07588,STU-07588,2023,Second_Term_Jan_Apr,20,0,0,35.3,,MEDIUM
GRD-07589,STU-07589,2024,Second_Term_Jan_Apr,150,5,0,4.2,,HIGH
GRD-07590,STU-07590,2024,Third_Term_May_Jul,36,1,0,38.3,57.8,MEDIUM
GRD-07591,STU-07591,2025,First_Term_Sep_Dec,16,0,0,31.5,0.5,LOW
GRD-07592,STU-07592,2023,Second_Term_Jan_Apr,41,0,0,76.1,6.9,LOW
GRD-07593,STU-07593,2024,Second_Term_Jan_Apr,176,3,0,3.8,,HIGH
GRD-07594,STU-07594,2024,First_Term_Sep_Dec,18,1,0,95.5,3.2,LOW
GRD-07595,STU-07595,2024,Second_Term_Jan_Apr,33,0,0,83.7,4.4,LOW
GRD-07596,STU-07596,2025,Third_Term_May_Jul,41,2,0,22.9,58.8,MEDIUM
GRD-07597,STU-07597,2025,Third_Term_May_Jul,71,2,0,28.2,78.6,MEDIUM
GRD-07598,STU-07598,2023,Third_Term_May_Jul,0,1,1,35.5,40.6,LOW
GRD-07599,STU-07599,2025,Third_Term_May_Jul,26,0,0,90.6,0.9,LOW
GRD-07600,STU-07600,2024,Second_Term_Jan_Apr,43,0,0,77.2,3.4,LOW
GRD-07601,STU-07601,2024,Second_Term_Jan_Apr,63,2,0,14.2,95.0,MEDIUM
GRD-07602,STU-07602,2025,Second_Term_Jan_Apr,37,0,0,83.3,2.4,LOW
GRD-07603,STU-07603,2024,First_Term_Sep_Dec,13,1,0,98.7,4.6,LOW
GRD-07604,STU-07604,2024,Second_Term_Jan_Apr,0,1,1,32.8,107.3,LOW
GRD-07605,STU-07605,2024,Third_Term_May_Jul,18,0,0,39.5,,MEDIUM
GRD-07606,STU-07606,2025,First_Term_Sep_Dec,36,1,0,30.2,42.8,MEDIUM
GRD-07607,STU-07607,2024,First_Term_Sep_Dec,135,2,0,6.8,,HIGH
GRD-07608,STU-07608,2024,Second_Term_Jan_Apr,14,0,0,30.3,,LOW
GRD-07609,STU-07609,2025,Third_Term_May_Jul,37,3,0,22.0,53.2,MEDIUM
GRD-07610,STU-07610,2025,First_Term_Sep_Dec,64,1,0,35.0,42.3,MEDIUM
GRD-07611,STU-07611,2025,Third_Term_May_Jul,13,0,0,27.9,,LOW
GRD-07612,STU-07612,2024,Third_Term_May_Jul,0,0,1,96.2,4.8,LOW
GRD-07613,STU-07613,2025,First_Term_Sep_Dec,90,2,0,6.0,,HIGH
GRD-07614,STU-07614,2024,Third_Term_May_Jul,15,0,0,23.9,,MEDIUM
GRD-07615,STU-07615,2023,First_Term_Sep_Dec,22,0,0,30.5,,MEDIUM
GRD-07616,STU-07616,2023,First_Term_Sep_Dec,22,0,0,24.4,0.5,LOW
GRD-07617,STU-07617,2024,First_Term_Sep_Dec,15,0,0,37.7,,MEDIUM
GRD-07618,STU-07618,2024,Second_Term_Jan_Apr,1,1,0,20.9,69.0,LOW
GRD-07619,STU-07619,2024,Third_Term_May_Jul,18,0,0,29.4,0.2,LOW
GRD-07620,STU-07620,2025,Third_Term_May_Jul,24,0,0,91.6,3.8,LOW
GRD-07621,STU-07621,2023,Third_Term_May_Jul,140,5,0,5.1,,HIGH
GRD-07622,STU-07622,2025,Second_Term_Jan_Apr,82,1,0,19.7,64.8,MEDIUM
GRD-07623,STU-07623,2025,Second_Term_Jan_Apr,79,1,0,20.6,62.5,MEDIUM
GRD-07624,STU-07624,2024,First_Term_Sep_Dec,12,1,0,95.9,4.6,LOW
GRD-07625,STU-07625,2023,First_Term_Sep_Dec,14,2,0,20.1,51.7,LOW
GRD-07626,STU-07626,2024,Third_Term_May_Jul,120,4,0,7.9,,HIGH
GRD-07627,STU-07627,2024,Third_Term_May_Jul,27,0,0,100.0,3.8,LOW
GRD-07628,STU-07628,2023,First_Term_Sep_Dec,14,0,0,33.4,,LOW
GRD-07629,STU-07629,2023,Second_Term_Jan_Apr,67,3,0,27.2,57.9,MEDIUM
GRD-07630,STU-07630,2025,First_Term_Sep_Dec,0,2,1,29.3,80.8,LOW
GRD-07631,STU-07631,2023,Third_Term_May_Jul,14,0,0,30.4,0.6,LOW
GRD-07632,STU-07632,2025,Third_Term_May_Jul,20,3,0,23.0,52.9,MEDIUM
GRD-07633,STU-07633,2025,Second_Term_Jan_Apr,43,0,0,80.7,7.3,LOW
GRD-07634,STU-07634,2023,Second_Term_Jan_Apr,23,0,0,30.8,0.4,LOW
GRD-07635,STU-07635,2023,Third_Term_May_Jul,20,0,0,33.5,,MEDIUM
GRD-07636,STU-07636,2024,Second_Term_Jan_Apr,136,4,0,4.7,,HIGH
GRD-07637,STU-07637,2025,First_Term_Sep_Dec,8,0,0,100.0,4.2,LOW
GRD-07638,STU-07638,2025,First_Term_Sep_Dec,13,0,0,34.4,0.8,LOW
GRD-07639,STU-07639,2024,Second_Term_Jan_Apr,29,0,0,76.4,6.8,LOW
GRD-07640,STU-07640,2024,Third_Term_May_Jul,3,1,0,26.9,74.2,LOW
GRD-07641,STU-07641,2023,Third_Term_May_Jul,168,4,0,5.3,,HIGH
GRD-07642,STU-07642,2025,Second_Term_Jan_Apr,82,1,0,30.6,78.1,MEDIUM
GRD-07643,STU-07643,2023,Second_Term_Jan_Apr,108,4,0,1.6,,HIGH
GRD-07644,STU-07644,2025,First_Term_Sep_Dec,14,0,0,32.6,,LOW
GRD-07645,STU-07645,2024,Third_Term_May_Jul,102,6,0,9.4,,HIGH
GRD-07646,STU-07646,2024,First_Term_Sep_Dec,0,2,0,21.3,61.3,LOW
GRD-07647,STU-07647,2024,First_Term_Sep_Dec,15,0,0,96.5,3.2,LOW
GRD-07648,STU-07648,2024,First_Term_Sep_Dec,16,1,0,84.3,3.3,LOW
GRD-07649,STU-07649,2023,Third_Term_May_Jul,68,2,0,28.0,52.5,MEDIUM
GRD-07650,STU-07650,2024,First_Term_Sep_Dec,20,0,0,32.1,0.3,LOW
GRD-07651,STU-07651,2023,First_Term_Sep_Dec,21,0,0,33.0,0.4,LOW
GRD-07652,STU-07652,2024,First_Term_Sep_Dec,13,0,0,34.9,,LOW
GRD-07653,STU-07653,2025,Second_Term_Jan_Apr,3,2,0,20.3,61.0,LOW
GRD-07654,STU-07654,2025,Second_Term_Jan_Apr,27,2,0,26.4,58.4,LOW
GRD-07655,STU-07655,2025,First_Term_Sep_Dec,16,0,0,91.8,4.0,LOW
GRD-07656,STU-07656,2024,Second_Term_Jan_Apr,0,2,1,24.2,61.9,LOW
GRD-07657,STU-07657,2025,Third_Term_May_Jul,20,0,0,88.0,5.0,LOW
GRD-07658,STU-07658,2025,Third_Term_May_Jul,18,0,0,25.0,0.7,LOW
GRD-07659,STU-07659,2025,Second_Term_Jan_Apr,15,0,0,27.1,,MEDIUM
GRD-07660,STU-07660,2023,First_Term_Sep_Dec,15,0,0,94.9,2.6,LOW
GRD-07661,STU-07661,2025,Third_Term_May_Jul,171,3,0,0.0,,HIGH
GRD-07662,STU-07662,2023,Third_Term_May_Jul,0,2,0,17.6,59.6,LOW
GRD-07663,STU-07663,2025,Second_Term_Jan_Apr,18,0,0,34.8,,MEDIUM
GRD-07664,STU-07664,2024,Second_Term_Jan_Apr,15,0,0,31.0,,MEDIUM
GRD-07665,STU-07665,2023,Second_Term_Jan_Apr,57,0,0,76.8,1.2,LOW
GRD-07666,STU-07666,2023,Third_Term_May_Jul,33,1,0,95.6,3.9,LOW
GRD-07667,STU-07667,2023,First_Term_Sep_Dec,12,0,0,34.2,0.5,LOW
GRD-07668,STU-07668,2024,Third_Term_May_Jul,110,6,0,5.3,,HIGH
GRD-07669,STU-07669,2024,Third_Term_May_Jul,0,0,1,23.3,55.6,LOW
GRD-07670,STU-07670,2023,Second_Term_Jan_Apr,21,0,0,36.4,,MEDIUM
GRD-07671,STU-07671,2024,Third_Term_May_Jul,20,0,0,92.5,5.1,LOW
GRD-07672,STU-07672,2024,First_Term_Sep_Dec,18,0,0,31.1,0.6,LOW
GRD-07673,STU-07673,2023,Second_Term_Jan_Apr,11,0,0,25.7,,LOW
GRD-07674,STU-07674,2025,Second_Term_Jan_Apr,122,5,0,3.8,,HIGH
GRD-07675,STU-07675,2023,Second_Term_Jan_Apr,39,0,0,74.5,5.6,LOW
GRD-07676,STU-07676,2023,Third_Term_May_Jul,6,1,0,25.4,58.8,LOW
GRD-07677,STU-07677,2023,Second_Term_Jan_Apr,42,2,0,32.1,52.0,MEDIUM
GRD-07678,STU-07678,2024,Second_Term_Jan_Apr,41,0,0,81.7,4.4,LOW
GRD-07679,STU-07679,2025,Third_Term_May_Jul,82,1,0,40.5,65.1,MEDIUM
GRD-07680,STU-07680,2024,First_Term_Sep_Dec,13,0,0,33.5,,LOW
GRD-07681,STU-07681,2025,First_Term_Sep_Dec,0,1,1,29.2,80.3,LOW
GRD-07682,STU-07682,2025,Third_Term_May_Jul,18,0,0,34.7,,MEDIUM
GRD-07683,STU-07683,2023,Second_Term_Jan_Apr,102,2,0,23.2,57.0,MEDIUM
GRD-07684,STU-07684,2024,Second_Term_Jan_Apr,151,6,0,0.3,,HIGH
GRD-07685,STU-07685,2023,First_Term_Sep_Dec,19,1,0,83.8,3.5,LOW
GRD-07686,STU-07686,2023,Third_Term_May_Jul,23,0,0,89.6,5.0,LOW
GRD-07687,STU-07687,2023,Third_Term_May_Jul,0,1,1,91.4,2.8,LOW
GRD-07688,STU-07688,2023,Second_Term_Jan_Apr,0,2,1,22.6,88.7,LOW
GRD-07689,STU-07689,2025,Second_Term_Jan_Apr,40,0,0,76.5,2.8,LOW
GRD-07690,STU-07690,2025,Third_Term_May_Jul,18,0,0,35.7,,MEDIUM
GRD-07691,STU-07691,2025,Second_Term_Jan_Apr,0,2,0,31.2,76.5,LOW
GRD-07692,STU-07692,2024,First_Term_Sep_Dec,4,3,0,26.1,61.7,MEDIUM
GRD-07693,STU-07693,2023,Second_Term_Jan_Apr,81,1,0,18.1,83.5,MEDIUM
GRD-07694,STU-07694,2025,Second_Term_Jan_Apr,38,1,0,18.1,68.8,MEDIUM
GRD-07695,STU-07695,2023,Third_Term_May_Jul,15,0,0,40.0,0.4,LOW
GRD-07696,STU-07696,2024,Third_Term_May_Jul,30,0,0,92.7,1.6,LOW
GRD-07697,STU-07697,2025,Second_Term_Jan_Apr,16,0,0,26.6,,MEDIUM
GRD-07698,STU-07698,2024,Third_Term_May_Jul,55,1,0,32.0,70.7,MEDIUM
GRD-07699,STU-07699,2024,First_Term_Sep_Dec,16,0,0,88.1,3.9,LOW
GRD-07700,STU-07700,2025,Third_Term_May_Jul,32,1,0,100.0,2.9,LOW
GRD-07701,STU-07701,2023,Third_Term_May_Jul,0,1,1,91.2,3.5,LOW
GRD-07702,STU-07702,2025,First_Term_Sep_Dec,11,1,0,13.5,39.5,LOW
GRD-07703,STU-07703,2025,First_Term_Sep_Dec,15,0,0,22.7,0.2,LOW
GRD-07704,STU-07704,2025,First_Term_Sep_Dec,19,0,0,35.8,0.2,LOW
GRD-07705,STU-07705,2023,Second_Term_Jan_Apr,87,1,0,25.7,76.6,MEDIUM
GRD-07706,STU-07706,2025,Third_Term_May_Jul,24,0,0,97.1,3.0,LOW
GRD-07707,STU-07707,2023,Second_Term_Jan_Apr,40,1,0,86.8,3.8,LOW
GRD-07708,STU-07708,2025,First_Term_Sep_Dec,19,1,0,30.4,72.5,LOW
GRD-07709,STU-07709,2025,First_Term_Sep_Dec,21,0,0,28.3,,MEDIUM
GRD-07710,STU-07710,2025,Third_Term_May_Jul,11,0,0,31.7,,LOW
GRD-07711,STU-07711,2025,Third_Term_May_Jul,92,4,0,8.4,,HIGH
GRD-07712,STU-07712,2023,Second_Term_Jan_Apr,100,6,0,0.8,,HIGH
GRD-07713,STU-07713,2025,First_Term_Sep_Dec,0,0,1,92.0,1.6,LOW
GRD-07714,STU-07714,2023,Second_Term_Jan_Apr,97,3,0,3.9,,HIGH
GRD-07715,STU-07715,2025,Third_Term_May_Jul,15,0,0,26.7,,MEDIUM
GRD-07716,STU-07716,2024,First_Term_Sep_Dec,16,0,0,90.3,3.6,LOW
GRD-07717,STU-07717,2025,Third_Term_May_Jul,24,1,0,95.6,3.2,LOW
GRD-07718,STU-07718,2025,Second_Term_Jan_Apr,49,0,0,80.7,3.8,LOW
GRD-07719,STU-07719,2023,Second_Term_Jan_Apr,17,0,0,31.0,0.5,LOW
GRD-07720,STU-07720,2024,Second_Term_Jan_Apr,33,0,0,87.8,6.5,LOW
GRD-07721,STU-07721,2023,Second_Term_Jan_Apr,0,1,1,30.1,74.5,LOW
GRD-07722,STU-07722,2025,Third_Term_May_Jul,156,5,0,5.3,,HIGH
GRD-07723,STU-07723,2023,Second_Term_Jan_Apr,31,0,0,75.1,1.9,LOW
GRD-07724,STU-07724,2024,Third_Term_May_Jul,31,0,0,90.4,1.5,LOW
GRD-07725,STU-07725,2025,First_Term_Sep_Dec,96,4,0,3.2,,HIGH
GRD-07726,STU-07726,2025,First_Term_Sep_Dec,0,0,1,28.6,85.3,LOW
GRD-07727,STU-07727,2023,Second_Term_Jan_Apr,0,1,0,24.6,79.6,LOW
GRD-07728,STU-07728,2023,First_Term_Sep_Dec,111,5,0,0.8,,HIGH
GRD-07729,STU-07729,2025,Third_Term_May_Jul,20,1,0,88.3,5.6,LOW
GRD-07730,STU-07730,2024,Second_Term_Jan_Apr,0,1,1,27.8,57.0,LOW
GRD-07731,STU-07731,2025,First_Term_Sep_Dec,0,0,1,97.3,1.6,LOW
GRD-07732,STU-07732,2025,First_Term_Sep_Dec,90,2,0,5.3,,HIGH
GRD-07733,STU-07733,2025,Third_Term_May_Jul,21,0,0,30.6,,MEDIUM
GRD-07734,STU-07734,2025,First_Term_Sep_Dec,17,0,0,95.4,4.7,LOW
GRD-07735,STU-07735,2024,Third_Term_May_Jul,23,0,0,25.4,0.5,LOW
GRD-07736,STU-07736,2023,Third_Term_May_Jul,13,0,0,32.4,,LOW
GRD-07737,STU-07737,2024,Second_Term_Jan_Apr,38,1,0,15.6,72.0,MEDIUM
GRD-07738,STU-07738,2024,First_Term_Sep_Dec,15,0,0,80.1,6.9,LOW
GRD-07739,STU-07739,2023,First_Term_Sep_Dec,90,3,0,7.9,,HIGH
GRD-07740,STU-07740,2024,Second_Term_Jan_Apr,100,5,0,6.4,,HIGH
GRD-07741,STU-07741,2024,Third_Term_May_Jul,27,0,0,86.4,3.8,LOW
GRD-07742,STU-07742,2024,Third_Term_May_Jul,35,1,0,27.3,77.5,MEDIUM
GRD-07743,STU-07743,2025,Third_Term_May_Jul,38,1,0,28.6,43.5,MEDIUM
GRD-07744,STU-07744,2023,First_Term_Sep_Dec,93,4,0,3.8,,HIGH
GRD-07745,STU-07745,2025,Second_Term_Jan_Apr,20,0,0,29.2,,MEDIUM
GRD-07746,STU-07746,2025,First_Term_Sep_Dec,90,4,0,0.7,,HIGH
GRD-07747,STU-07747,2024,Second_Term_Jan_Apr,41,0,0,83.4,2.3,LOW
GRD-07748,STU-07748,2025,Third_Term_May_Jul,20,0,0,28.7,,MEDIUM
GRD-07749,STU-07749,2025,Third_Term_May_Jul,137,5,0,2.7,,HIGH
GRD-07750,STU-07750,2023,First_Term_Sep_Dec,14,1,0,96.1,3.1,LOW
GRD-07751,STU-07751,2023,Third_Term_May_Jul,17,0,0,29.6,0.4,LOW
GRD-07752,STU-07752,2024,Second_Term_Jan_Apr,5,2,0,33.3,81.0,LOW
GRD-07753,STU-07753,2023,Third_Term_May_Jul,126,2,0,5.3,,HIGH
GRD-07754,STU-07754,2023,Second_Term_Jan_Apr,11,0,0,40.0,,LOW
GRD-07755,STU-07755,2024,Third_Term_May_Jul,0,0,0,21.3,58.0,LOW
GRD-07756,STU-07756,2024,Second_Term_Jan_Apr,0,2,0,24.8,77.5,LOW
GRD-07757,STU-07757,2025,First_Term_Sep_Dec,17,0,0,21.7,0.6,LOW
GRD-07758,STU-07758,2025,Second_Term_Jan_Apr,12,0,0,38.0,0.3,LOW
GRD-07759,STU-07759,2023,First_Term_Sep_Dec,90,0,0,9.9,,HIGH
GRD-07760,STU-07760,2025,Third_Term_May_Jul,0,1,0,30.5,78.7,LOW
GRD-07761,STU-07761,2024,Second_Term_Jan_Apr,42,2,0,19.5,69.4,MEDIUM
GRD-07762,STU-07762,2024,Second_Term_Jan_Apr,42,1,0,34.1,88.5,MEDIUM
GRD-07763,STU-07763,2024,Second_Term_Jan_Apr,94,1,0,23.3,58.4,MEDIUM
GRD-07764,STU-07764,2025,Third_Term_May_Jul,147,5,0,4.5,,HIGH
GRD-07765,STU-07765,2025,First_Term_Sep_Dec,4,2,0,30.8,65.2,LOW
GRD-07766,STU-07766,2024,Third_Term_May_Jul,5,1,0,26.0,81.3,LOW
GRD-07767,STU-07767,2024,First_Term_Sep_Dec,114,2,0,0.8,,HIGH
GRD-07768,STU-07768,2024,Third_Term_May_Jul,18,0,0,26.0,,MEDIUM
GRD-07769,STU-07769,2023,Second_Term_Jan_Apr,62,2,0,25.8,74.2,MEDIUM
GRD-07770,STU-07770,2025,Second_Term_Jan_Apr,25,0,0,22.5,,MEDIUM
GRD-07771,STU-07771,2023,Third_Term_May_Jul,9,1,0,31.3,77.0,LOW
GRD-07772,STU-07772,2023,Second_Term_Jan_Apr,18,0,0,35.6,,MEDIUM
GRD-07773,STU-07773,2023,Second_Term_Jan_Apr,36,0,0,85.3,4.8,LOW
GRD-07774,STU-07774,2024,Second_Term_Jan_Apr,90,5,0,4.0,,HIGH
GRD-07775,STU-07775,2024,Third_Term_May_Jul,23,0,0,98.2,1.9,LOW
GRD-07776,STU-07776,2023,Third_Term_May_Jul,24,2,0,37.6,56.9,LOW
GRD-07777,STU-07777,2024,Second_Term_Jan_Apr,95,5,0,10.3,,HIGH
GRD-07778,STU-07778,2025,Second_Term_Jan_Apr,14,0,0,40.0,0.2,LOW
GRD-07779,STU-07779,2025,Third_Term_May_Jul,18,0,0,27.5,0.5,LOW
GRD-07780,STU-07780,2025,Second_Term_Jan_Apr,18,0,0,29.6,,MEDIUM
GRD-07781,STU-07781,2023,Third_Term_May_Jul,17,1,0,26.5,66.6,LOW
GRD-07782,STU-07782,2024,Third_Term_May_Jul,141,7,0,3.1,,HIGH
GRD-07783,STU-07783,2023,Third_Term_May_Jul,136,3,0,6.2,,HIGH
GRD-07784,STU-07784,2023,Second_Term_Jan_Apr,39,0,0,77.2,1.7,LOW
GRD-07785,STU-07785,2025,Second_Term_Jan_Apr,18,0,0,32.6,0.5,LOW
GRD-07786,STU-07786,2025,Third_Term_May_Jul,137,4,0,7.1,,HIGH
GRD-07787,STU-07787,2023,Second_Term_Jan_Apr,12,0,0,30.3,,LOW
GRD-07788,STU-07788,2024,First_Term_Sep_Dec,19,0,0,26.0,0.4,LOW
GRD-07789,STU-07789,2023,First_Term_Sep_Dec,16,0,0,87.3,2.5,LOW
GRD-07790,STU-07790,2025,First_Term_Sep_Dec,15,0,0,31.6,,MEDIUM
GRD-07791,STU-07791,2023,First_Term_Sep_Dec,55,2,0,27.1,72.5,MEDIUM
GRD-07792,STU-07792,2024,Third_Term_May_Jul,10,0,0,32.8,0.1,LOW
GRD-07793,STU-07793,2025,Second_Term_Jan_Apr,118,4,0,7.6,,HIGH
GRD-07794,STU-07794,2024,Second_Term_Jan_Apr,112,2,0,22.5,82.0,MEDIUM
GRD-07795,STU-07795,2025,Second_Term_Jan_Apr,51,0,0,84.6,7.2,LOW
GRD-07796,STU-07796,2023,Third_Term_May_Jul,60,3,0,31.5,76.0,MEDIUM
GRD-07797,STU-07797,2024,First_Term_Sep_Dec,15,1,0,100.0,2.5,LOW
GRD-07798,STU-07798,2025,Second_Term_Jan_Apr,138,5,0,3.6,,HIGH
GRD-07799,STU-07799,2023,Second_Term_Jan_Apr,0,2,1,22.7,43.6,LOW
GRD-07800,STU-07800,2023,Second_Term_Jan_Apr,17,0,0,27.9,,MEDIUM
GRD-07801,STU-07801,2024,Second_Term_Jan_Apr,90,4,0,5.3,,HIGH
GRD-07802,STU-07802,2024,Second_Term_Jan_Apr,46,0,0,86.3,7.2,LOW
GRD-07803,STU-07803,2023,Second_Term_Jan_Apr,45,1,0,80.0,2.8,LOW
GRD-07804,STU-07804,2025,First_Term_Sep_Dec,16,1,0,91.8,2.9,LOW
GRD-07805,STU-07805,2023,First_Term_Sep_Dec,90,4,0,8.5,,HIGH
GRD-07806,STU-07806,2023,Second_Term_Jan_Apr,30,0,0,81.7,6.8,LOW
GRD-07807,STU-07807,2023,Second_Term_Jan_Apr,123,5,0,5.7,,HIGH
GRD-07808,STU-07808,2024,Second_Term_Jan_Apr,14,0,0,33.6,0.7,LOW
GRD-07809,STU-07809,2023,First_Term_Sep_Dec,90,6,0,5.8,,HIGH
GRD-07810,STU-07810,2024,Third_Term_May_Jul,13,0,0,23.3,,LOW
GRD-07811,STU-07811,2023,First_Term_Sep_Dec,43,1,0,24.6,64.5,MEDIUM
GRD-07812,STU-07812,2023,Second_Term_Jan_Apr,45,2,0,79.4,7.0,LOW
GRD-07813,STU-07813,2024,Second_Term_Jan_Apr,13,2,0,24.5,81.7,LOW
GRD-07814,STU-07814,2023,Third_Term_May_Jul,16,0,0,32.2,,MEDIUM
GRD-07815,STU-07815,2025,Third_Term_May_Jul,18,0,0,87.6,2.1,LOW
GRD-07816,STU-07816,2024,Third_Term_May_Jul,0,2,1,28.6,55.1,LOW
GRD-07817,STU-07817,2023,First_Term_Sep_Dec,95,5,0,3.5,,HIGH
GRD-07818,STU-07818,2025,First_Term_Sep_Dec,90,2,0,4.3,,HIGH
GRD-07819,STU-07819,2024,Third_Term_May_Jul,17,0,0,29.3,1.0,LOW
GRD-07820,STU-07820,2025,First_Term_Sep_Dec,90,4,0,11.0,,HIGH
GRD-07821,STU-07821,2024,Second_Term_Jan_Apr,103,4,0,3.9,,HIGH
GRD-07822,STU-07822,2024,Third_Term_May_Jul,25,0,0,91.3,6.6,LOW
GRD-07823,STU-07823,2024,Second_Term_Jan_Apr,145,5,0,5.1,,HIGH
GRD-07824,STU-07824,2025,First_Term_Sep_Dec,89,1,0,30.5,74.7,MEDIUM
GRD-07825,STU-07825,2023,First_Term_Sep_Dec,12,0,0,25.5,,LOW
GRD-07826,STU-07826,2024,Second_Term_Jan_Apr,92,4,0,5.5,,HIGH
GRD-07827,STU-07827,2024,First_Term_Sep_Dec,16,0,0,86.8,0.9,LOW
GRD-07828,STU-07828,2024,Third_Term_May_Jul,14,0,0,37.5,,LOW
GRD-07829,STU-07829,2024,First_Term_Sep_Dec,0,1,0,33.7,60.9,LOW
GRD-07830,STU-07830,2023,Third_Term_May_Jul,26,0,0,91.2,3.5,LOW
GRD-07831,STU-07831,2023,Second_Term_Jan_Apr,34,1,0,83.5,4.3,LOW
GRD-07832,STU-07832,2025,First_Term_Sep_Dec,0,2,1,24.1,60.6,LOW
GRD-07833,STU-07833,2024,Third_Term_May_Jul,151,5,0,3.4,,HIGH
GRD-07834,STU-07834,2025,Second_Term_Jan_Apr,41,1,0,84.4,3.6,LOW
GRD-07835,STU-07835,2023,First_Term_Sep_Dec,0,0,1,25.8,,LOW
GRD-07836,STU-07836,2025,Third_Term_May_Jul,33,0,0,84.6,4.3,LOW
GRD-07837,STU-07837,2024,First_Term_Sep_Dec,90,7,0,7.5,,HIGH
GRD-07838,STU-07838,2025,Third_Term_May_Jul,30,1,0,93.5,3.6,LOW
GRD-07839,STU-07839,2025,First_Term_Sep_Dec,0,2,1,25.9,81.3,LOW
GRD-07840,STU-07840,2024,Third_Term_May_Jul,134,4,0,2.8,,HIGH
GRD-07841,STU-07841,2024,First_Term_Sep_Dec,0,0,1,30.7,,LOW
GRD-07842,STU-07842,2023,Second_Term_Jan_Apr,103,0,0,3.3,,HIGH
GRD-07843,STU-07843,2023,Third_Term_May_Jul,184,3,0,2.1,,HIGH
GRD-07844,STU-07844,2024,Second_Term_Jan_Apr,38,1,0,31.0,66.8,MEDIUM
GRD-07845,STU-07845,2024,Third_Term_May_Jul,27,1,0,95.5,6.3,LOW
GRD-07846,STU-07846,2023,First_Term_Sep_Dec,27,3,0,23.7,79.1,MEDIUM
GRD-07847,STU-07847,2025,Third_Term_May_Jul,21,0,0,25.5,0.5,LOW
GRD-07848,STU-07848,2023,Second_Term_Jan_Apr,102,7,0,6.1,,HIGH
GRD-07849,STU-07849,2024,Third_Term_May_Jul,29,1,0,94.7,2.7,LOW
GRD-07850,STU-07850,2024,Second_Term_Jan_Apr,167,5,0,4.8,,HIGH
GRD-07851,STU-07851,2023,First_Term_Sep_Dec,17,1,0,92.7,3.2,LOW
GRD-07852,STU-07852,2023,Third_Term_May_Jul,29,0,0,100.0,3.6,LOW
GRD-07853,STU-07853,2025,Third_Term_May_Jul,28,2,0,20.2,48.9,LOW
GRD-07854,STU-07854,2023,First_Term_Sep_Dec,29,1,0,33.6,49.4,LOW
GRD-07855,STU-07855,2024,First_Term_Sep_Dec,90,5,0,8.9,,HIGH
GRD-07856,STU-07856,2024,First_Term_Sep_Dec,90,6,0,10.1,,HIGH
GRD-07857,STU-07857,2024,First_Term_Sep_Dec,11,0,0,25.4,,LOW
GRD-07858,STU-07858,2025,Second_Term_Jan_Apr,41,2,0,20.5,89.1,MEDIUM
GRD-07859,STU-07859,2023,Third_Term_May_Jul,34,0,0,86.7,3.3,LOW
GRD-07860,STU-07860,2025,First_Term_Sep_Dec,105,3,0,6.3,,HIGH
GRD-07861,STU-07861,2025,Second_Term_Jan_Apr,170,3,0,4.9,,HIGH
GRD-07862,STU-07862,2025,Third_Term_May_Jul,14,0,0,31.5,,LOW
GRD-07863,STU-07863,2025,Second_Term_Jan_Apr,23,2,0,23.1,65.2,LOW
GRD-07864,STU-07864,2023,Third_Term_May_Jul,166,5,0,5.2,,HIGH
GRD-07865,STU-07865,2025,First_Term_Sep_Dec,8,1,0,27.7,43.5,LOW
GRD-07866,STU-07866,2024,Second_Term_Jan_Apr,135,4,0,6.6,,HIGH
GRD-07867,STU-07867,2023,First_Term_Sep_Dec,36,2,0,28.5,48.1,MEDIUM
GRD-07868,STU-07868,2023,First_Term_Sep_Dec,13,1,0,98.3,3.2,LOW
GRD-07869,STU-07869,2025,Third_Term_May_Jul,19,0,0,32.6,0.5,LOW
GRD-07870,STU-07870,2024,Third_Term_May_Jul,154,3,0,6.2,,HIGH
GRD-07871,STU-07871,2023,Third_Term_May_Jul,23,0,0,86.0,1.5,LOW
GRD-07872,STU-07872,2023,First_Term_Sep_Dec,20,0,0,31.8,,MEDIUM
GRD-07873,STU-07873,2025,Third_Term_May_Jul,21,0,0,90.9,2.4,LOW
GRD-07874,STU-07874,2023,Third_Term_May_Jul,38,0,0,100.0,3.0,LOW
GRD-07875,STU-07875,2025,Third_Term_May_Jul,104,5,0,6.0,,HIGH
GRD-07876,STU-07876,2023,Third_Term_May_Jul,31,0,0,94.8,7.1,LOW
GRD-07877,STU-07877,2024,Third_Term_May_Jul,78,1,0,14.2,74.7,MEDIUM
GRD-07878,STU-07878,2023,Third_Term_May_Jul,21,1,0,98.1,2.9,LOW
GRD-07879,STU-07879,2024,Second_Term_Jan_Apr,34,1,0,87.5,2.4,LOW
GRD-07880,STU-07880,2024,Third_Term_May_Jul,5,2,0,23.6,55.3,LOW
GRD-07881,STU-07881,2023,Third_Term_May_Jul,30,2,0,32.5,49.7,LOW
GRD-07882,STU-07882,2023,First_Term_Sep_Dec,8,1,0,30.0,36.2,LOW
GRD-07883,STU-07883,2025,First_Term_Sep_Dec,22,0,0,32.1,,MEDIUM
GRD-07884,STU-07884,2024,Second_Term_Jan_Apr,14,0,0,34.0,,LOW
GRD-07885,STU-07885,2024,Third_Term_May_Jul,12,0,0,32.3,,LOW
GRD-07886,STU-07886,2023,First_Term_Sep_Dec,48,1,0,25.3,79.3,MEDIUM
GRD-07887,STU-07887,2024,Second_Term_Jan_Apr,11,0,0,35.9,,LOW
GRD-07888,STU-07888,2023,First_Term_Sep_Dec,55,1,0,21.0,60.7,MEDIUM
GRD-07889,STU-07889,2024,Second_Term_Jan_Apr,90,4,0,2.9,,HIGH
GRD-07890,STU-07890,2024,First_Term_Sep_Dec,25,2,0,26.2,63.6,LOW
GRD-07891,STU-07891,2024,First_Term_Sep_Dec,23,0,0,100.0,3.3,LOW
GRD-07892,STU-07892,2025,First_Term_Sep_Dec,2,1,0,25.9,67.0,LOW
GRD-07893,STU-07893,2024,First_Term_Sep_Dec,11,1,0,35.7,54.2,LOW
GRD-07894,STU-07894,2025,Third_Term_May_Jul,19,0,0,34.6,0.7,LOW
GRD-07895,STU-07895,2025,Second_Term_Jan_Apr,46,1,0,18.0,62.0,MEDIUM
GRD-07896,STU-07896,2024,Second_Term_Jan_Apr,23,0,0,34.5,0.7,LOW
GRD-07897,STU-07897,2023,First_Term_Sep_Dec,90,1,0,5.7,,HIGH
GRD-07898,STU-07898,2024,Third_Term_May_Jul,129,6,0,5.0,,HIGH
GRD-07899,STU-07899,2024,Third_Term_May_Jul,27,1,0,15.2,39.2,LOW
GRD-07900,STU-07900,2023,Second_Term_Jan_Apr,31,1,0,79.3,4.6,LOW
GRD-07901,STU-07901,2024,Third_Term_May_Jul,10,0,0,24.6,,LOW
GRD-07902,STU-07902,2025,First_Term_Sep_Dec,61,2,0,22.2,57.9,MEDIUM
GRD-07903,STU-07903,2023,Third_Term_May_Jul,33,1,0,23.1,94.7,MEDIUM
GRD-07904,STU-07904,2025,Second_Term_Jan_Apr,94,3,0,3.5,,HIGH
GRD-07905,STU-07905,2025,First_Term_Sep_Dec,50,0,0,34.1,54.7,LOW
GRD-07906,STU-07906,2024,Third_Term_May_Jul,68,1,0,27.8,71.2,MEDIUM
GRD-07907,STU-07907,2025,Second_Term_Jan_Apr,137,3,0,4.0,,HIGH
GRD-07908,STU-07908,2025,First_Term_Sep_Dec,14,0,0,25.9,,LOW
GRD-07909,STU-07909,2023,Second_Term_Jan_Apr,0,1,1,27.4,81.4,LOW
GRD-07910,STU-07910,2023,First_Term_Sep_Dec,15,1,0,91.2,4.8,LOW
GRD-07911,STU-07911,2025,Third_Term_May_Jul,25,0,0,85.7,3.8,LOW
GRD-07912,STU-07912,2025,Second_Term_Jan_Apr,40,0,0,33.4,46.0,LOW
GRD-07913,STU-07913,2025,Second_Term_Jan_Apr,90,5,0,7.0,,HIGH
GRD-07914,STU-07914,2025,Second_Term_Jan_Apr,15,0,0,27.2,,MEDIUM
GRD-07915,STU-07915,2023,Second_Term_Jan_Apr,46,0,0,86.1,5.4,LOW
GRD-07916,STU-07916,2025,First_Term_Sep_Dec,14,0,0,20.0,,LOW
GRD-07917,STU-07917,2023,Third_Term_May_Jul,62,1,0,25.6,75.8,MEDIUM
GRD-07918,STU-07918,2024,Third_Term_May_Jul,0,2,0,31.8,54.7,LOW
GRD-07919,STU-07919,2023,First_Term_Sep_Dec,30,1,0,16.0,63.1,LOW
GRD-07920,STU-07920,2023,Second_Term_Jan_Apr,59,2,0,37.1,60.8,MEDIUM
GRD-07921,STU-07921,2024,Third_Term_May_Jul,73,1,0,27.8,70.6,MEDIUM
GRD-07922,STU-07922,2025,Third_Term_May_Jul,31,2,0,29.0,34.5,MEDIUM
GRD-07923,STU-07923,2025,Second_Term_Jan_Apr,38,2,0,35.5,48.6,MEDIUM
GRD-07924,STU-07924,2025,Third_Term_May_Jul,31,1,0,17.7,65.6,MEDIUM
GRD-07925,STU-07925,2023,Third_Term_May_Jul,17,1,0,95.0,2.9,LOW
GRD-07926,STU-07926,2024,Second_Term_Jan_Apr,10,0,0,29.9,0.7,LOW
GRD-07927,STU-07927,2025,Second_Term_Jan_Apr,93,4,0,5.7,,HIGH
GRD-07928,STU-07928,2025,Third_Term_May_Jul,22,1,0,90.4,4.7,LOW
GRD-07929,STU-07929,2023,Third_Term_May_Jul,27,0,0,95.0,3.1,LOW
GRD-07930,STU-07930,2023,Third_Term_May_Jul,173,2,0,5.0,,HIGH
GRD-07931,STU-07931,2025,First_Term_Sep_Dec,93,6,0,1.0,,HIGH
GRD-07932,STU-07932,2024,First_Term_Sep_Dec,90,7,0,8.8,,HIGH
GRD-07933,STU-07933,2023,Second_Term_Jan_Apr,0,2,1,30.5,63.0,LOW
GRD-07934,STU-07934,2024,Second_Term_Jan_Apr,37,1,0,22.0,71.3,MEDIUM
GRD-07935,STU-07935,2024,First_Term_Sep_Dec,90,7,0,0.3,,HIGH
GRD-07936,STU-07936,2023,Second_Term_Jan_Apr,42,1,0,84.1,4.4,LOW
GRD-07937,STU-07937,2025,First_Term_Sep_Dec,9,0,0,93.9,3.0,LOW
GRD-07938,STU-07938,2025,Second_Term_Jan_Apr,39,0,0,84.7,3.0,LOW
GRD-07939,STU-07939,2024,Third_Term_May_Jul,17,0,0,26.7,64.0,LOW
GRD-07940,STU-07940,2023,Second_Term_Jan_Apr,118,5,0,0.7,,HIGH
GRD-07941,STU-07941,2024,Second_Term_Jan_Apr,20,0,0,33.4,0.4,LOW
GRD-07942,STU-07942,2025,Third_Term_May_Jul,33,1,0,86.9,1.3,LOW
GRD-07943,STU-07943,2023,Third_Term_May_Jul,13,0,0,28.8,1.0,LOW
GRD-07944,STU-07944,2024,First_Term_Sep_Dec,15,0,0,96.0,2.8,LOW
GRD-07945,STU-07945,2023,First_Term_Sep_Dec,17,0,0,30.4,0.1,LOW
GRD-07946,STU-07946,2025,Second_Term_Jan_Apr,39,0,0,85.6,3.5,LOW
GRD-07947,STU-07947,2023,First_Term_Sep_Dec,10,1,0,100.0,3.0,LOW
GRD-07948,STU-07948,2024,First_Term_Sep_Dec,0,2,1,23.5,48.6,LOW
GRD-07949,STU-07949,2025,First_Term_Sep_Dec,17,1,0,81.0,2.6,LOW
GRD-07950,STU-07950,2023,Third_Term_May_Jul,21,0,0,33.0,0.9,LOW
GRD-07951,STU-07951,2024,First_Term_Sep_Dec,90,5,0,0.0,,HIGH
GRD-07952,STU-07952,2025,Third_Term_May_Jul,0,0,1,89.2,2.6,LOW
GRD-07953,STU-07953,2024,First_Term_Sep_Dec,16,0,0,30.6,0.6,LOW
GRD-07954,STU-07954,2023,Third_Term_May_Jul,0,1,1,28.1,58.2,LOW
GRD-07955,STU-07955,2023,Third_Term_May_Jul,15,0,0,23.1,,MEDIUM
GRD-07956,STU-07956,2024,Third_Term_May_Jul,23,0,0,24.6,,MEDIUM
GRD-07957,STU-07957,2025,First_Term_Sep_Dec,16,0,0,82.4,2.3,LOW
GRD-07958,STU-07958,2023,First_Term_Sep_Dec,90,6,0,0.3,,HIGH
GRD-07959,STU-07959,2025,Third_Term_May_Jul,0,3,1,29.5,81.8,LOW
GRD-07960,STU-07960,2024,Third_Term_May_Jul,22,0,0,35.6,0.5,LOW
GRD-07961,STU-07961,2024,First_Term_Sep_Dec,16,0,0,25.3,,MEDIUM
GRD-07962,STU-07962,2023,Third_Term_May_Jul,13,0,0,30.6,,LOW
GRD-07963,STU-07963,2024,Third_Term_May_Jul,76,2,0,27.2,60.8,MEDIUM
GRD-07964,STU-07964,2023,Second_Term_Jan_Apr,0,0,1,24.1,0.3,LOW
GRD-07965,STU-07965,2023,Third_Term_May_Jul,31,0,0,90.2,5.4,LOW
GRD-07966,STU-07966,2025,First_Term_Sep_Dec,0,2,1,29.1,91.4,LOW
GRD-07967,STU-07967,2023,Second_Term_Jan_Apr,21,0,0,38.8,,MEDIUM
GRD-07968,STU-07968,2025,Third_Term_May_Jul,0,2,0,22.2,60.8,LOW
GRD-07969,STU-07969,2025,Third_Term_May_Jul,18,2,0,27.2,58.0,LOW
GRD-07970,STU-07970,2023,Second_Term_Jan_Apr,102,6,0,7.1,,HIGH
GRD-07971,STU-07971,2023,First_Term_Sep_Dec,21,0,0,24.3,,MEDIUM
GRD-07972,STU-07972,2023,Third_Term_May_Jul,138,4,0,9.3,,HIGH
GRD-07973,STU-07973,2025,Third_Term_May_Jul,23,0,0,34.9,,MEDIUM
GRD-07974,STU-07974,2023,Second_Term_Jan_Apr,13,0,0,21.6,,LOW
GRD-07975,STU-07975,2023,Second_Term_Jan_Apr,47,2,0,16.6,48.2,MEDIUM
GRD-07976,STU-07976,2025,Third_Term_May_Jul,33,1,0,82.4,3.8,LOW
GRD-07977,STU-07977,2023,Third_Term_May_Jul,4,2,0,20.5,48.9,LOW
GRD-07978,STU-07978,2023,Second_Term_Jan_Apr,23,0,0,28.8,,MEDIUM
GRD-07979,STU-07979,2025,Second_Term_Jan_Apr,30,0,0,78.8,5.2,LOW
GRD-07980,STU-07980,2023,First_Term_Sep_Dec,43,1,0,20.8,34.1,MEDIUM
GRD-07981,STU-07981,2025,First_Term_Sep_Dec,73,2,0,28.7,82.8,MEDIUM
GRD-07982,STU-07982,2023,Second_Term_Jan_Apr,39,1,0,89.1,4.8,LOW
GRD-07983,STU-07983,2023,Third_Term_May_Jul,17,0,0,38.8,,MEDIUM
GRD-07984,STU-07984,2025,Third_Term_May_Jul,18,0,0,100.0,2.6,LOW
GRD-07985,STU-07985,2024,Third_Term_May_Jul,25,0,0,89.7,2.8,LOW
GRD-07986,STU-07986,2023,Third_Term_May_Jul,23,0,0,99.0,3.0,LOW
GRD-07987,STU-07987,2023,First_Term_Sep_Dec,52,1,0,32.4,65.1,MEDIUM
GRD-07988,STU-07988,2025,First_Term_Sep_Dec,16,0,0,33.4,0.3,LOW
GRD-07989,STU-07989,2025,First_Term_Sep_Dec,90,6,0,4.8,,HIGH
GRD-07990,STU-07990,2024,First_Term_Sep_Dec,90,2,0,5.9,,HIGH
GRD-07991,STU-07991,2025,First_Term_Sep_Dec,0,2,1,21.2,67.5,LOW
GRD-07992,STU-07992,2024,Second_Term_Jan_Apr,56,0,0,83.3,5.9,LOW
GRD-07993,STU-07993,2024,Second_Term_Jan_Apr,13,0,0,28.3,,LOW
GRD-07994,STU-07994,2024,First_Term_Sep_Dec,90,1,0,7.9,,HIGH
GRD-07995,STU-07995,2025,Second_Term_Jan_Apr,45,2,0,25.7,60.9,MEDIUM
GRD-07996,STU-07996,2025,First_Term_Sep_Dec,15,0,0,22.6,,MEDIUM
GRD-07997,STU-07997,2025,First_Term_Sep_Dec,11,0,0,89.0,3.7,LOW
GRD-07998,STU-07998,2024,Third_Term_May_Jul,14,0,0,27.3,,LOW
GRD-07999,STU-07999,2024,Third_Term_May_Jul,26,1,0,95.9,6.7,LOW
GRD-08000,STU-08000,2023,First_Term_Sep_Dec,16,0,0,30.1,0.3,LOW
GRD-08001,STU-08001,2025,First_Term_Sep_Dec,4,1,0,29.1,67.7,LOW
GRD-08002,STU-08002,2023,Second_Term_Jan_Apr,28,0,0,22.9,0.4,LOW
GRD-08003,STU-08003,2023,Third_Term_May_Jul,0,0,1,27.4,66.4,LOW
GRD-08004,STU-08004,2025,Third_Term_May_Jul,26,0,0,87.9,4.5,LOW
GRD-08005,STU-08005,2024,Third_Term_May_Jul,21,0,0,27.5,0.7,LOW
GRD-08006,STU-08006,2025,First_Term_Sep_Dec,17,0,0,100.0,2.9,LOW
GRD-08007,STU-08007,2024,First_Term_Sep_Dec,0,2,1,31.2,44.1,LOW
GRD-08008,STU-08008,2023,Second_Term_Jan_Apr,42,0,0,83.0,5.9,LOW
GRD-08009,STU-08009,2025,Third_Term_May_Jul,50,1,0,19.2,47.7,MEDIUM
GRD-08010,STU-08010,2023,Second_Term_Jan_Apr,0,0,1,79.6,6.1,LOW
GRD-08011,STU-08011,2023,Second_Term_Jan_Apr,0,2,1,21.1,74.1,LOW
GRD-08012,STU-08012,2024,Second_Term_Jan_Apr,90,1,0,23.5,57.6,MEDIUM
GRD-08013,STU-08013,2023,Third_Term_May_Jul,51,1,0,23.2,82.8,MEDIUM
GRD-08014,STU-08014,2025,Second_Term_Jan_Apr,155,3,0,0.6,,HIGH
GRD-08015,STU-08015,2024,Second_Term_Jan_Apr,23,0,0,32.7,,MEDIUM
GRD-08016,STU-08016,2023,Third_Term_May_Jul,19,0,0,29.4,,MEDIUM
GRD-08017,STU-08017,2024,Third_Term_May_Jul,163,5,0,4.8,,HIGH
GRD-08018,STU-08018,2025,Third_Term_May_Jul,90,4,0,7.3,,HIGH
GRD-08019,STU-08019,2023,Second_Term_Jan_Apr,15,0,0,31.1,,MEDIUM
GRD-08020,STU-08020,2023,Third_Term_May_Jul,24,0,0,95.2,3.3,LOW
GRD-08021,STU-08021,2024,First_Term_Sep_Dec,14,0,0,32.4,0.1,LOW
GRD-08022,STU-08022,2023,Third_Term_May_Jul,40,1,0,28.5,70.7,MEDIUM
GRD-08023,STU-08023,2025,Second_Term_Jan_Apr,130,0,0,3.3,,HIGH
GRD-08024,STU-08024,2025,First_Term_Sep_Dec,4,1,0,29.5,72.7,LOW
GRD-08025,STU-08025,2025,Third_Term_May_Jul,59,2,0,19.8,63.5,MEDIUM
GRD-08026,STU-08026,2023,Third_Term_May_Jul,32,1,0,87.9,1.9,LOW
GRD-08027,STU-08027,2025,Second_Term_Jan_Apr,43,1,0,84.2,4.5,LOW
GRD-08028,STU-08028,2024,Second_Term_Jan_Apr,155,4,0,6.1,,HIGH
GRD-08029,STU-08029,2024,First_Term_Sep_Dec,12,0,0,22.8,0.8,LOW
GRD-08030,STU-08030,2023,First_Term_Sep_Dec,20,0,0,29.7,,MEDIUM
GRD-08031,STU-08031,2025,First_Term_Sep_Dec,90,6,0,6.6,,HIGH
GRD-08032,STU-08032,2023,First_Term_Sep_Dec,12,1,0,32.8,55.5,LOW
GRD-08033,STU-08033,2023,Second_Term_Jan_Apr,10,0,0,28.3,,LOW
GRD-08034,STU-08034,2025,First_Term_Sep_Dec,48,1,0,28.1,63.1,MEDIUM
GRD-08035,STU-08035,2024,Third_Term_May_Jul,35,1,0,22.8,74.6,MEDIUM
GRD-08036,STU-08036,2023,Third_Term_May_Jul,21,0,0,29.0,,MEDIUM
GRD-08037,STU-08037,2025,First_Term_Sep_Dec,16,0,0,95.2,3.4,LOW
GRD-08038,STU-08038,2025,Third_Term_May_Jul,45,1,0,100.0,6.4,LOW
GRD-08039,STU-08039,2025,Third_Term_May_Jul,23,1,0,27.2,83.4,LOW
GRD-08040,STU-08040,2025,Second_Term_Jan_Apr,68,1,0,26.0,77.2,MEDIUM
GRD-08041,STU-08041,2024,First_Term_Sep_Dec,18,1,0,26.3,41.0,LOW
GRD-08042,STU-08042,2025,First_Term_Sep_Dec,52,2,0,20.9,58.3,MEDIUM
GRD-08043,STU-08043,2023,Second_Term_Jan_Apr,6,2,0,31.2,65.2,LOW
GRD-08044,STU-08044,2023,Second_Term_Jan_Apr,126,5,0,7.5,,HIGH
GRD-08045,STU-08045,2023,Second_Term_Jan_Apr,30,0,0,22.3,89.4,LOW
GRD-08046,STU-08046,2025,Third_Term_May_Jul,15,0,0,30.6,,MEDIUM
GRD-08047,STU-08047,2023,First_Term_Sep_Dec,59,1,0,32.6,50.9,MEDIUM
GRD-08048,STU-08048,2023,First_Term_Sep_Dec,90,3,0,6.2,,HIGH
GRD-08049,STU-08049,2023,First_Term_Sep_Dec,14,0,0,94.4,2.5,LOW
GRD-08050,STU-08050,2025,Second_Term_Jan_Apr,71,1,0,37.2,51.0,MEDIUM
GRD-08051,STU-08051,2024,Second_Term_Jan_Apr,41,1,0,84.5,8.8,LOW
GRD-08052,STU-08052,2025,Third_Term_May_Jul,27,0,0,88.3,4.6,LOW
GRD-08053,STU-08053,2025,Third_Term_May_Jul,16,0,0,34.1,0.4,LOW
GRD-08054,STU-08054,2023,First_Term_Sep_Dec,90,6,0,2.5,,HIGH
GRD-08055,STU-08055,2024,Second_Term_Jan_Apr,46,1,0,19.9,69.8,MEDIUM
GRD-08056,STU-08056,2025,Third_Term_May_Jul,0,1,1,96.1,2.4,LOW
GRD-08057,STU-08057,2023,Third_Term_May_Jul,130,5,0,2.8,,HIGH
GRD-08058,STU-08058,2025,Second_Term_Jan_Apr,19,1,0,13.1,74.5,LOW
GRD-08059,STU-08059,2025,Third_Term_May_Jul,10,0,0,30.1,,LOW
GRD-08060,STU-08060,2023,Third_Term_May_Jul,17,0,0,30.5,,MEDIUM
GRD-08061,STU-08061,2024,Second_Term_Jan_Apr,35,1,0,80.4,5.2,LOW
GRD-08062,STU-08062,2023,Second_Term_Jan_Apr,13,0,0,26.1,,LOW
GRD-08063,STU-08063,2025,Second_Term_Jan_Apr,19,0,0,27.7,0.8,LOW
GRD-08064,STU-08064,2023,First_Term_Sep_Dec,0,0,1,28.6,40.6,LOW
GRD-08065,STU-08065,2025,Third_Term_May_Jul,27,0,0,99.2,2.1,LOW
GRD-08066,STU-08066,2024,Third_Term_May_Jul,118,5,0,2.6,,HIGH
GRD-08067,STU-08067,2023,Third_Term_May_Jul,17,0,0,36.3,0.7,LOW
GRD-08068,STU-08068,2024,Third_Term_May_Jul,18,0,0,87.7,2.7,LOW
GRD-08069,STU-08069,2024,Second_Term_Jan_Apr,14,0,0,25.2,0.4,LOW
GRD-08070,STU-08070,2023,First_Term_Sep_Dec,17,0,0,89.6,4.3,LOW
GRD-08071,STU-08071,2024,Third_Term_May_Jul,14,0,0,35.6,,LOW
GRD-08072,STU-08072,2025,Second_Term_Jan_Apr,14,0,0,31.3,,LOW
GRD-08073,STU-08073,2024,Second_Term_Jan_Apr,34,0,0,80.0,7.2,LOW
GRD-08074,STU-08074,2024,First_Term_Sep_Dec,36,2,0,13.5,33.6,MEDIUM
GRD-08075,STU-08075,2025,Third_Term_May_Jul,28,1,0,85.2,5.4,LOW
GRD-08076,STU-08076,2025,First_Term_Sep_Dec,0,1,1,99.8,3.3,LOW
GRD-08077,STU-08077,2023,Third_Term_May_Jul,3,2,0,29.3,83.5,LOW
GRD-08078,STU-08078,2025,Second_Term_Jan_Apr,18,0,0,34.4,0.5,LOW
GRD-08079,STU-08079,2025,Second_Term_Jan_Apr,28,1,0,87.8,5.2,LOW
GRD-08080,STU-08080,2024,Third_Term_May_Jul,20,0,0,20.5,0.7,LOW
GRD-08081,STU-08081,2023,Third_Term_May_Jul,44,1,0,26.7,68.5,MEDIUM
GRD-08082,STU-08082,2024,Third_Term_May_Jul,33,0,0,97.4,1.4,LOW
GRD-08083,STU-08083,2025,First_Term_Sep_Dec,3,1,0,31.8,85.4,LOW
GRD-08084,STU-08084,2024,Third_Term_May_Jul,20,0,0,32.3,0.6,LOW
GRD-08085,STU-08085,2023,First_Term_Sep_Dec,0,0,1,26.6,59.2,LOW
GRD-08086,STU-08086,2024,Third_Term_May_Jul,17,1,0,27.3,81.1,LOW
GRD-08087,STU-08087,2024,Second_Term_Jan_Apr,12,0,0,40.0,0.7,LOW
GRD-08088,STU-08088,2025,Third_Term_May_Jul,0,2,1,30.0,51.2,LOW
GRD-08089,STU-08089,2023,First_Term_Sep_Dec,16,0,0,82.2,3.9,LOW
GRD-08090,STU-08090,2024,First_Term_Sep_Dec,99,3,0,4.1,,HIGH
GRD-08091,STU-08091,2023,Third_Term_May_Jul,24,2,0,27.3,34.5,LOW
GRD-08092,STU-08092,2024,Second_Term_Jan_Apr,19,0,0,25.3,,MEDIUM
GRD-08093,STU-08093,2023,Third_Term_May_Jul,13,0,0,40.0,0.6,LOW
GRD-08094,STU-08094,2024,Second_Term_Jan_Apr,43,1,0,77.5,5.9,LOW
GRD-08095,STU-08095,2023,First_Term_Sep_Dec,18,0,0,87.7,1.3,LOW
GRD-08096,STU-08096,2025,First_Term_Sep_Dec,12,1,0,96.7,1.6,LOW
GRD-08097,STU-08097,2023,First_Term_Sep_Dec,13,0,0,88.2,1.8,LOW
GRD-08098,STU-08098,2024,Third_Term_May_Jul,22,0,0,100.0,3.9,LOW
GRD-08099,STU-08099,2023,Second_Term_Jan_Apr,25,0,0,32.6,,MEDIUM
GRD-08100,STU-08100,2025,First_Term_Sep_Dec,16,0,0,20.8,0.5,LOW
GRD-08101,STU-08101,2025,Second_Term_Jan_Apr,70,2,0,18.4,76.2,MEDIUM
GRD-08102,STU-08102,2025,Third_Term_May_Jul,177,4,0,6.1,,HIGH
GRD-08103,STU-08103,2025,First_Term_Sep_Dec,69,1,0,39.4,39.3,MEDIUM
GRD-08104,STU-08104,2023,First_Term_Sep_Dec,0,0,1,38.4,60.9,LOW
GRD-08105,STU-08105,2023,Second_Term_Jan_Apr,120,3,0,5.7,,HIGH
GRD-08106,STU-08106,2023,First_Term_Sep_Dec,0,0,1,100.0,1.2,LOW
GRD-08107,STU-08107,2024,First_Term_Sep_Dec,51,2,0,31.3,51.8,MEDIUM
GRD-08108,STU-08108,2025,Third_Term_May_Jul,61,1,0,29.5,66.9,MEDIUM
GRD-08109,STU-08109,2024,Third_Term_May_Jul,142,6,0,5.2,,HIGH
GRD-08110,STU-08110,2024,Second_Term_Jan_Apr,14,0,0,32.3,,LOW
GRD-08111,STU-08111,2023,Second_Term_Jan_Apr,58,1,0,22.1,66.0,MEDIUM
GRD-08112,STU-08112,2024,First_Term_Sep_Dec,18,1,0,96.1,4.8,LOW
GRD-08113,STU-08113,2024,Second_Term_Jan_Apr,90,5,0,6.4,,HIGH
GRD-08114,STU-08114,2024,Third_Term_May_Jul,34,1,0,99.9,3.2,LOW
GRD-08115,STU-08115,2023,Second_Term_Jan_Apr,0,0,1,32.1,94.1,LOW
GRD-08116,STU-08116,2024,Third_Term_May_Jul,14,0,0,32.3,,LOW
GRD-08117,STU-08117,2024,Second_Term_Jan_Apr,53,0,0,80.0,4.6,LOW
GRD-08118,STU-08118,2025,First_Term_Sep_Dec,0,6,1,1.8,,MEDIUM
GRD-08119,STU-08119,2023,Second_Term_Jan_Apr,60,1,0,20.9,74.8,MEDIUM
GRD-08120,STU-08120,2023,Second_Term_Jan_Apr,136,6,0,0.0,,HIGH
GRD-08121,STU-08121,2024,Third_Term_May_Jul,29,1,0,100.0,5.4,LOW
GRD-08122,STU-08122,2024,First_Term_Sep_Dec,10,1,0,81.6,4.1,LOW
GRD-08123,STU-08123,2023,Third_Term_May_Jul,168,6,0,4.2,,HIGH
GRD-08124,STU-08124,2025,First_Term_Sep_Dec,17,0,0,90.6,2.7,LOW
GRD-08125,STU-08125,2023,Second_Term_Jan_Apr,27,3,0,16.3,101.6,MEDIUM
GRD-08126,STU-08126,2023,First_Term_Sep_Dec,13,1,0,91.7,2.7,LOW
GRD-08127,STU-08127,2025,Third_Term_May_Jul,30,1,0,91.2,3.0,LOW
GRD-08128,STU-08128,2025,Third_Term_May_Jul,29,1,0,93.4,2.1,LOW
GRD-08129,STU-08129,2024,First_Term_Sep_Dec,93,6,0,0.0,,HIGH
GRD-08130,STU-08130,2024,Third_Term_May_Jul,25,2,0,20.1,47.5,LOW
GRD-08131,STU-08131,2025,Third_Term_May_Jul,38,1,0,95.8,5.3,LOW
GRD-08132,STU-08132,2025,Second_Term_Jan_Apr,34,1,0,79.2,4.7,LOW
GRD-08133,STU-08133,2023,First_Term_Sep_Dec,15,0,0,23.6,,MEDIUM
GRD-08134,STU-08134,2025,Third_Term_May_Jul,28,1,0,28.9,34.5,LOW
GRD-08135,STU-08135,2023,Second_Term_Jan_Apr,46,0,0,78.4,7.3,LOW
GRD-08136,STU-08136,2024,Second_Term_Jan_Apr,118,4,0,2.6,,HIGH
GRD-08137,STU-08137,2023,Third_Term_May_Jul,37,1,0,21.1,87.3,MEDIUM
GRD-08138,STU-08138,2024,Second_Term_Jan_Apr,86,2,0,15.8,76.8,MEDIUM
GRD-08139,STU-08139,2024,Third_Term_May_Jul,14,0,0,32.5,,LOW
GRD-08140,STU-08140,2024,Second_Term_Jan_Apr,42,1,0,82.6,4.3,LOW
GRD-08141,STU-08141,2023,Second_Term_Jan_Apr,24,0,0,32.4,,MEDIUM
GRD-08142,STU-08142,2023,First_Term_Sep_Dec,25,0,0,22.2,0.4,LOW
GRD-08143,STU-08143,2024,Third_Term_May_Jul,11,2,0,26.1,61.0,LOW
GRD-08144,STU-08144,2025,Third_Term_May_Jul,58,2,0,19.8,59.6,MEDIUM
GRD-08145,STU-08145,2023,Third_Term_May_Jul,13,1,0,27.9,49.6,LOW
GRD-08146,STU-08146,2025,Third_Term_May_Jul,105,1,0,6.7,,HIGH
GRD-08147,STU-08147,2023,First_Term_Sep_Dec,0,0,1,21.0,47.2,LOW
GRD-08148,STU-08148,2023,Second_Term_Jan_Apr,15,0,0,39.7,,MEDIUM
GRD-08149,STU-08149,2024,Second_Term_Jan_Apr,42,1,0,73.8,6.9,LOW
GRD-08150,STU-08150,2025,Second_Term_Jan_Apr,25,0,0,21.3,,MEDIUM
GRD-08151,STU-08151,2025,Second_Term_Jan_Apr,86,1,0,20.9,94.0,MEDIUM
GRD-08152,STU-08152,2025,First_Term_Sep_Dec,90,0,0,7.1,,HIGH
GRD-08153,STU-08153,2024,Second_Term_Jan_Apr,33,1,0,77.2,2.4,LOW
GRD-08154,STU-08154,2024,First_Term_Sep_Dec,20,0,0,94.1,4.2,LOW
GRD-08155,STU-08155,2024,Third_Term_May_Jul,200,3,0,0.0,,HIGH
GRD-08156,STU-08156,2024,Second_Term_Jan_Apr,117,7,0,2.0,,HIGH
GRD-08157,STU-08157,2025,First_Term_Sep_Dec,19,0,0,91.6,3.6,LOW
GRD-08158,STU-08158,2025,Third_Term_May_Jul,27,1,0,100.0,4.7,LOW
GRD-08159,STU-08159,2023,Second_Term_Jan_Apr,72,2,0,26.9,53.5,MEDIUM
GRD-08160,STU-08160,2024,Second_Term_Jan_Apr,16,0,0,23.2,0.3,LOW
GRD-08161,STU-08161,2024,First_Term_Sep_Dec,8,1,0,90.6,3.9,LOW
GRD-08162,STU-08162,2025,Third_Term_May_Jul,38,0,0,91.3,4.6,LOW
GRD-08163,STU-08163,2025,First_Term_Sep_Dec,17,1,0,95.7,5.3,LOW
GRD-08164,STU-08164,2024,Second_Term_Jan_Apr,22,2,0,28.4,72.7,LOW
GRD-08165,STU-08165,2025,Third_Term_May_Jul,0,1,1,21.0,56.2,LOW
GRD-08166,STU-08166,2025,Third_Term_May_Jul,19,1,0,91.1,3.1,LOW
GRD-08167,STU-08167,2025,First_Term_Sep_Dec,11,0,0,24.6,,LOW
GRD-08168,STU-08168,2023,Second_Term_Jan_Apr,19,0,0,31.7,0.8,LOW
GRD-08169,STU-08169,2025,First_Term_Sep_Dec,118,4,0,9.8,,HIGH
GRD-08170,STU-08170,2024,First_Term_Sep_Dec,90,6,0,2.5,,HIGH
GRD-08171,STU-08171,2025,Third_Term_May_Jul,25,1,0,89.8,3.9,LOW
GRD-08172,STU-08172,2024,Second_Term_Jan_Apr,101,7,0,8.0,,HIGH
GRD-08173,STU-08173,2025,Second_Term_Jan_Apr,0,2,1,23.5,39.0,LOW
GRD-08174,STU-08174,2023,Second_Term_Jan_Apr,0,4,1,0.8,,MEDIUM
GRD-08175,STU-08175,2025,First_Term_Sep_Dec,14,0,0,23.6,0.5,LOW
GRD-08176,STU-08176,2024,Third_Term_May_Jul,15,0,0,27.4,,MEDIUM
GRD-08177,STU-08177,2025,Third_Term_May_Jul,104,6,0,5.1,,HIGH
GRD-08178,STU-08178,2023,First_Term_Sep_Dec,0,1,1,22.8,44.4,LOW
GRD-08179,STU-08179,2025,Second_Term_Jan_Apr,81,1,0,25.1,97.9,MEDIUM
GRD-08180,STU-08180,2025,Third_Term_May_Jul,54,1,0,19.6,73.1,MEDIUM
GRD-08181,STU-08181,2023,First_Term_Sep_Dec,106,4,0,3.2,,HIGH
GRD-08182,STU-08182,2025,Second_Term_Jan_Apr,19,0,0,29.4,,MEDIUM
GRD-08183,STU-08183,2023,Second_Term_Jan_Apr,40,0,0,77.6,6.7,LOW
GRD-08184,STU-08184,2024,First_Term_Sep_Dec,90,5,0,9.9,,HIGH
GRD-08185,STU-08185,2023,Second_Term_Jan_Apr,22,0,0,34.5,0.8,LOW
GRD-08186,STU-08186,2024,Second_Term_Jan_Apr,25,2,0,29.5,74.5,LOW
GRD-08187,STU-08187,2025,Second_Term_Jan_Apr,34,0,0,78.9,6.1,LOW
GRD-08188,STU-08188,2024,Second_Term_Jan_Apr,38,0,0,78.4,5.2,LOW
GRD-08189,STU-08189,2024,Second_Term_Jan_Apr,42,1,0,17.8,73.3,MEDIUM
GRD-08190,STU-08190,2025,Second_Term_Jan_Apr,51,0,0,79.3,3.6,LOW
GRD-08191,STU-08191,2024,Third_Term_May_Jul,101,5,0,5.9,,HIGH
GRD-08192,STU-08192,2025,Third_Term_May_Jul,28,1,0,94.9,4.8,LOW
GRD-08193,STU-08193,2024,First_Term_Sep_Dec,17,0,0,91.0,3.6,LOW
GRD-08194,STU-08194,2024,First_Term_Sep_Dec,96,4,0,0.0,,HIGH
GRD-08195,STU-08195,2025,First_Term_Sep_Dec,18,0,0,95.8,2.3,LOW
GRD-08196,STU-08196,2025,First_Term_Sep_Dec,126,7,0,2.0,,HIGH
GRD-08197,STU-08197,2023,Third_Term_May_Jul,19,1,0,91.1,2.1,LOW
GRD-08198,STU-08198,2023,First_Term_Sep_Dec,90,5,0,0.2,,HIGH
GRD-08199,STU-08199,2024,First_Term_Sep_Dec,37,0,0,27.2,67.0,LOW
GRD-08200,STU-08200,2025,Third_Term_May_Jul,15,0,0,37.8,0.9,LOW
GRD-08201,STU-08201,2024,First_Term_Sep_Dec,90,4,0,10.0,,HIGH
GRD-08202,STU-08202,2023,Third_Term_May_Jul,18,1,0,83.0,2.4,LOW
GRD-08203,STU-08203,2025,Second_Term_Jan_Apr,36,0,0,77.4,1.9,LOW
GRD-08204,STU-08204,2025,Second_Term_Jan_Apr,33,1,0,79.1,5.9,LOW
GRD-08205,STU-08205,2025,First_Term_Sep_Dec,93,3,0,6.0,,HIGH
GRD-08206,STU-08206,2025,First_Term_Sep_Dec,14,0,0,29.7,0.7,LOW
GRD-08207,STU-08207,2023,Second_Term_Jan_Apr,29,0,0,77.8,7.1,LOW
GRD-08208,STU-08208,2024,Third_Term_May_Jul,28,1,0,92.8,3.0,LOW
GRD-08209,STU-08209,2024,First_Term_Sep_Dec,12,1,0,87.5,2.3,LOW
GRD-08210,STU-08210,2023,Second_Term_Jan_Apr,18,0,0,35.9,0.6,LOW
GRD-08211,STU-08211,2025,Second_Term_Jan_Apr,19,0,0,24.5,0.7,LOW
GRD-08212,STU-08212,2024,First_Term_Sep_Dec,18,0,0,27.1,,MEDIUM
GRD-08213,STU-08213,2025,Third_Term_May_Jul,124,2,0,6.9,,HIGH
GRD-08214,STU-08214,2023,Third_Term_May_Jul,133,5,0,4.8,,HIGH
GRD-08215,STU-08215,2025,Second_Term_Jan_Apr,18,0,0,34.1,0.5,LOW
GRD-08216,STU-08216,2025,First_Term_Sep_Dec,53,1,0,32.7,53.3,MEDIUM
GRD-08217,STU-08217,2025,Third_Term_May_Jul,144,2,0,5.2,,HIGH
GRD-08218,STU-08218,2025,Second_Term_Jan_Apr,17,0,0,28.0,,MEDIUM
GRD-08219,STU-08219,2025,Third_Term_May_Jul,19,0,0,85.6,3.2,LOW
GRD-08220,STU-08220,2025,Third_Term_May_Jul,53,1,0,16.6,107.5,MEDIUM
GRD-08221,STU-08221,2023,Third_Term_May_Jul,16,0,0,26.2,79.9,LOW
GRD-08222,STU-08222,2025,Second_Term_Jan_Apr,42,1,0,79.7,2.5,LOW
GRD-08223,STU-08223,2023,Second_Term_Jan_Apr,43,1,0,12.8,93.8,MEDIUM
GRD-08224,STU-08224,2025,Third_Term_May_Jul,13,0,0,31.2,0.5,LOW
GRD-08225,STU-08225,2024,Second_Term_Jan_Apr,15,0,0,29.9,0.5,LOW
GRD-08226,STU-08226,2025,First_Term_Sep_Dec,14,0,0,98.5,3.4,LOW
GRD-08227,STU-08227,2024,First_Term_Sep_Dec,17,0,0,20.0,,MEDIUM
GRD-08228,STU-08228,2025,Third_Term_May_Jul,27,0,0,87.2,1.9,LOW
GRD-08229,STU-08229,2023,Third_Term_May_Jul,171,7,0,7.4,,HIGH
GRD-08230,STU-08230,2025,Second_Term_Jan_Apr,50,0,0,85.6,1.3,LOW
GRD-08231,STU-08231,2023,Third_Term_May_Jul,16,0,0,31.3,0.5,LOW
GRD-08232,STU-08232,2025,First_Term_Sep_Dec,18,0,0,35.3,,MEDIUM
GRD-08233,STU-08233,2023,Third_Term_May_Jul,128,3,0,6.0,,HIGH
GRD-08234,STU-08234,2025,Third_Term_May_Jul,50,1,0,36.9,83.2,MEDIUM
GRD-08235,STU-08235,2024,Second_Term_Jan_Apr,50,0,0,83.1,5.6,LOW
GRD-08236,STU-08236,2024,First_Term_Sep_Dec,16,0,0,98.9,3.4,LOW
GRD-08237,STU-08237,2024,Second_Term_Jan_Apr,40,1,0,79.4,4.0,LOW
GRD-08238,STU-08238,2023,Second_Term_Jan_Apr,91,2,0,26.6,55.0,MEDIUM
GRD-08239,STU-08239,2024,First_Term_Sep_Dec,83,2,0,23.4,66.6,MEDIUM
GRD-08240,STU-08240,2023,First_Term_Sep_Dec,19,0,0,34.8,0.4,LOW
GRD-08241,STU-08241,2024,First_Term_Sep_Dec,90,3,0,0.6,,HIGH
GRD-08242,STU-08242,2024,First_Term_Sep_Dec,15,0,0,89.9,2.5,LOW
GRD-08243,STU-08243,2023,Second_Term_Jan_Apr,24,0,0,29.2,59.0,LOW
GRD-08244,STU-08244,2024,First_Term_Sep_Dec,15,0,0,39.1,0.6,LOW
GRD-08245,STU-08245,2024,Third_Term_May_Jul,39,0,0,93.8,5.6,LOW
GRD-08246,STU-08246,2023,Third_Term_May_Jul,30,1,0,90.4,4.2,LOW
GRD-08247,STU-08247,2024,First_Term_Sep_Dec,15,0,0,98.0,1.9,LOW
GRD-08248,STU-08248,2024,Third_Term_May_Jul,25,0,0,90.3,5.1,LOW
GRD-08249,STU-08249,2024,First_Term_Sep_Dec,15,0,0,32.7,,MEDIUM
GRD-08250,STU-08250,2024,Second_Term_Jan_Apr,0,1,1,29.5,67.1,LOW
GRD-08251,STU-08251,2025,Third_Term_May_Jul,137,6,0,5.8,,HIGH
GRD-08252,STU-08252,2024,First_Term_Sep_Dec,90,3,0,5.6,,HIGH
GRD-08253,STU-08253,2024,Second_Term_Jan_Apr,90,1,0,6.5,,HIGH
GRD-08254,STU-08254,2023,Third_Term_May_Jul,28,0,0,92.2,3.5,LOW
GRD-08255,STU-08255,2023,Third_Term_May_Jul,23,0,0,24.9,,MEDIUM
GRD-08256,STU-08256,2024,Third_Term_May_Jul,11,0,0,29.3,,LOW
GRD-08257,STU-08257,2025,Second_Term_Jan_Apr,0,1,1,25.8,79.3,LOW
GRD-08258,STU-08258,2024,First_Term_Sep_Dec,18,0,0,92.0,3.5,LOW
GRD-08259,STU-08259,2024,Third_Term_May_Jul,0,1,1,35.4,46.4,LOW
GRD-08260,STU-08260,2025,Second_Term_Jan_Apr,31,2,0,29.7,49.2,MEDIUM
GRD-08261,STU-08261,2023,Third_Term_May_Jul,26,0,0,94.3,2.3,LOW
GRD-08262,STU-08262,2023,Third_Term_May_Jul,57,1,0,26.3,54.5,MEDIUM
GRD-08263,STU-08263,2024,First_Term_Sep_Dec,18,0,0,96.0,1.1,LOW
GRD-08264,STU-08264,2023,First_Term_Sep_Dec,38,1,0,13.5,44.3,MEDIUM
GRD-08265,STU-08265,2023,Third_Term_May_Jul,18,1,0,95.8,4.6,LOW
GRD-08266,STU-08266,2025,Second_Term_Jan_Apr,20,0,0,26.8,0.5,LOW
GRD-08267,STU-08267,2023,Second_Term_Jan_Apr,18,0,0,29.9,,MEDIUM
GRD-08268,STU-08268,2023,First_Term_Sep_Dec,90,5,0,6.6,,HIGH
GRD-08269,STU-08269,2023,Third_Term_May_Jul,26,0,0,35.2,0.6,LOW
GRD-08270,STU-08270,2023,Second_Term_Jan_Apr,41,0,0,80.8,3.9,LOW
GRD-08271,STU-08271,2025,First_Term_Sep_Dec,20,0,0,88.5,3.4,LOW
GRD-08272,STU-08272,2023,Second_Term_Jan_Apr,116,1,0,21.9,60.3,MEDIUM
GRD-08273,STU-08273,2024,Second_Term_Jan_Apr,61,0,0,24.7,74.8,MEDIUM
GRD-08274,STU-08274,2025,Second_Term_Jan_Apr,62,3,0,22.2,61.7,MEDIUM
GRD-08275,STU-08275,2025,Third_Term_May_Jul,13,0,0,25.7,0.6,LOW
GRD-08276,STU-08276,2023,First_Term_Sep_Dec,19,0,0,84.9,4.3,LOW
GRD-08277,STU-08277,2024,Second_Term_Jan_Apr,0,1,1,27.9,69.0,LOW
GRD-08278,STU-08278,2025,Third_Term_May_Jul,49,2,0,22.6,92.1,MEDIUM
GRD-08279,STU-08279,2023,Third_Term_May_Jul,17,0,0,22.9,,MEDIUM
GRD-08280,STU-08280,2023,Second_Term_Jan_Apr,14,0,0,25.8,0.1,LOW
GRD-08281,STU-08281,2023,Third_Term_May_Jul,0,1,0,33.7,76.5,LOW
GRD-08282,STU-08282,2023,First_Term_Sep_Dec,90,2,0,1.2,,HIGH
GRD-08283,STU-08283,2025,Second_Term_Jan_Apr,14,0,0,24.9,0.7,LOW
GRD-08284,STU-08284,2023,First_Term_Sep_Dec,19,0,0,28.9,0.2,LOW
GRD-08285,STU-08285,2024,Third_Term_May_Jul,110,6,0,6.7,,HIGH
GRD-08286,STU-08286,2024,Third_Term_May_Jul,13,0,0,21.0,0.5,LOW
GRD-08287,STU-08287,2025,Second_Term_Jan_Apr,26,0,0,31.8,,MEDIUM
GRD-08288,STU-08288,2024,Third_Term_May_Jul,26,1,0,88.8,2.0,LOW
GRD-08289,STU-08289,2023,Third_Term_May_Jul,23,0,0,97.7,3.0,LOW
GRD-08290,STU-08290,2025,Second_Term_Jan_Apr,33,1,0,86.3,3.6,LOW
GRD-08291,STU-08291,2025,Second_Term_Jan_Apr,0,2,1,22.0,94.3,LOW
GRD-08292,STU-08292,2023,Second_Term_Jan_Apr,36,0,0,77.8,4.1,LOW
GRD-08293,STU-08293,2023,Second_Term_Jan_Apr,40,0,0,85.0,7.4,LOW
GRD-08294,STU-08294,2025,Third_Term_May_Jul,135,4,0,7.0,,HIGH
GRD-08295,STU-08295,2025,First_Term_Sep_Dec,27,2,0,25.5,42.7,LOW
GRD-08296,STU-08296,2025,First_Term_Sep_Dec,21,0,0,30.7,0.5,LOW
GRD-08297,STU-08297,2025,First_Term_Sep_Dec,23,0,0,29.8,0.6,LOW
GRD-08298,STU-08298,2023,First_Term_Sep_Dec,21,1,0,22.5,72.2,LOW
GRD-08299,STU-08299,2023,Second_Term_Jan_Apr,2,1,0,24.2,68.0,LOW
GRD-08300,STU-08300,2025,Second_Term_Jan_Apr,15,0,0,24.9,,MEDIUM
GRD-08301,STU-08301,2024,Third_Term_May_Jul,20,0,0,28.2,,MEDIUM
GRD-08302,STU-08302,2025,Third_Term_May_Jul,16,1,0,28.6,62.5,LOW
GRD-08303,STU-08303,2023,Third_Term_May_Jul,18,0,0,27.4,,MEDIUM
GRD-08304,STU-08304,2023,First_Term_Sep_Dec,97,3,0,6.9,,HIGH
GRD-08305,STU-08305,2024,First_Term_Sep_Dec,17,0,0,88.6,1.7,LOW
GRD-08306,STU-08306,2023,Third_Term_May_Jul,0,1,1,30.9,65.9,LOW
GRD-08307,STU-08307,2025,Third_Term_May_Jul,104,7,0,8.2,,HIGH
GRD-08308,STU-08308,2023,Third_Term_May_Jul,14,0,0,35.8,0.6,LOW
GRD-08309,STU-08309,2023,Second_Term_Jan_Apr,39,0,0,82.4,4.4,LOW
GRD-08310,STU-08310,2024,Second_Term_Jan_Apr,45,0,0,68.1,4.2,LOW
GRD-08311,STU-08311,2025,First_Term_Sep_Dec,11,0,0,96.8,3.6,LOW
GRD-08312,STU-08312,2024,First_Term_Sep_Dec,0,2,1,29.3,67.5,LOW
GRD-08313,STU-08313,2023,Second_Term_Jan_Apr,37,0,0,86.9,7.3,LOW
GRD-08314,STU-08314,2024,Second_Term_Jan_Apr,48,1,0,91.5,6.6,LOW
GRD-08315,STU-08315,2023,Third_Term_May_Jul,10,2,0,24.1,80.0,LOW
GRD-08316,STU-08316,2025,Third_Term_May_Jul,18,0,0,26.3,,MEDIUM
GRD-08317,STU-08317,2025,First_Term_Sep_Dec,0,1,1,91.0,4.1,LOW
GRD-08318,STU-08318,2023,Third_Term_May_Jul,29,1,0,93.8,3.7,LOW
GRD-08319,STU-08319,2025,Second_Term_Jan_Apr,13,0,0,35.0,0.5,LOW
GRD-08320,STU-08320,2025,First_Term_Sep_Dec,0,1,1,92.1,3.5,LOW
GRD-08321,STU-08321,2023,Second_Term_Jan_Apr,24,0,0,28.5,0.2,LOW
GRD-08322,STU-08322,2025,Third_Term_May_Jul,19,0,0,29.8,,MEDIUM
GRD-08323,STU-08323,2025,Third_Term_May_Jul,163,6,0,1.3,,HIGH
GRD-08324,STU-08324,2025,Third_Term_May_Jul,42,2,0,25.1,69.4,MEDIUM
GRD-08325,STU-08325,2025,Second_Term_Jan_Apr,99,2,0,5.9,,HIGH
GRD-08326,STU-08326,2025,Third_Term_May_Jul,0,1,1,23.6,61.8,LOW
GRD-08327,STU-08327,2023,First_Term_Sep_Dec,90,3,0,0.4,,HIGH
GRD-08328,STU-08328,2023,Second_Term_Jan_Apr,43,1,0,81.6,2.2,LOW
GRD-08329,STU-08329,2025,Second_Term_Jan_Apr,90,6,0,2.7,,HIGH
GRD-08330,STU-08330,2025,First_Term_Sep_Dec,90,0,0,5.3,,HIGH
GRD-08331,STU-08331,2024,First_Term_Sep_Dec,40,1,0,29.3,86.0,MEDIUM
GRD-08332,STU-08332,2023,First_Term_Sep_Dec,18,0,0,32.6,0.7,LOW
GRD-08333,STU-08333,2023,Second_Term_Jan_Apr,31,2,0,23.6,94.3,MEDIUM
GRD-08334,STU-08334,2025,First_Term_Sep_Dec,0,1,1,25.9,62.3,LOW
GRD-08335,STU-08335,2024,Second_Term_Jan_Apr,129,3,0,5.6,,HIGH
GRD-08336,STU-08336,2025,Second_Term_Jan_Apr,103,3,0,5.8,,HIGH
GRD-08337,STU-08337,2024,First_Term_Sep_Dec,21,1,0,86.3,5.1,LOW
GRD-08338,STU-08338,2023,Second_Term_Jan_Apr,0,1,1,23.6,73.2,LOW
GRD-08339,STU-08339,2025,Second_Term_Jan_Apr,132,4,0,5.5,,HIGH
GRD-08340,STU-08340,2025,Second_Term_Jan_Apr,13,0,0,35.7,0.8,LOW
GRD-08341,STU-08341,2024,First_Term_Sep_Dec,0,2,0,28.9,59.3,LOW
GRD-08342,STU-08342,2025,Second_Term_Jan_Apr,120,5,0,4.8,,HIGH
GRD-08343,STU-08343,2025,Third_Term_May_Jul,55,1,0,36.5,46.9,MEDIUM
GRD-08344,STU-08344,2025,Second_Term_Jan_Apr,36,0,0,76.3,5.4,LOW
GRD-08345,STU-08345,2023,Second_Term_Jan_Apr,37,1,0,87.6,7.0,LOW
GRD-08346,STU-08346,2023,Second_Term_Jan_Apr,98,4,0,4.6,,HIGH
GRD-08347,STU-08347,2025,First_Term_Sep_Dec,21,1,0,16.6,52.2,LOW
GRD-08348,STU-08348,2023,Second_Term_Jan_Apr,35,0,0,24.8,59.0,LOW
GRD-08349,STU-08349,2024,Third_Term_May_Jul,163,4,0,6.3,,HIGH
GRD-08350,STU-08350,2024,Second_Term_Jan_Apr,34,1,0,73.2,3.1,LOW
GRD-08351,STU-08351,2024,Third_Term_May_Jul,29,1,0,100.0,7.1,LOW
GRD-08352,STU-08352,2024,First_Term_Sep_Dec,53,2,0,26.3,79.5,MEDIUM
GRD-08353,STU-08353,2024,First_Term_Sep_Dec,21,0,0,31.3,,MEDIUM
GRD-08354,STU-08354,2024,First_Term_Sep_Dec,15,0,0,94.7,2.2,LOW
GRD-08355,STU-08355,2023,Second_Term_Jan_Apr,46,1,0,86.2,5.0,LOW
GRD-08356,STU-08356,2023,First_Term_Sep_Dec,16,0,0,96.3,0.8,LOW
GRD-08357,STU-08357,2025,First_Term_Sep_Dec,42,1,0,24.0,87.9,MEDIUM
GRD-08358,STU-08358,2024,Third_Term_May_Jul,30,0,0,89.7,3.0,LOW
GRD-08359,STU-08359,2024,Third_Term_May_Jul,153,2,0,7.6,,HIGH
GRD-08360,STU-08360,2023,First_Term_Sep_Dec,48,2,0,19.4,45.7,MEDIUM
GRD-08361,STU-08361,2023,Second_Term_Jan_Apr,83,1,0,24.8,67.4,MEDIUM
GRD-08362,STU-08362,2023,Second_Term_Jan_Apr,43,1,0,80.3,3.2,LOW
GRD-08363,STU-08363,2023,First_Term_Sep_Dec,19,0,0,81.7,2.5,LOW
GRD-08364,STU-08364,2023,Third_Term_May_Jul,0,2,0,29.4,49.9,LOW
GRD-08365,STU-08365,2024,Third_Term_May_Jul,16,0,0,31.8,0.6,LOW
GRD-08366,STU-08366,2024,Third_Term_May_Jul,149,2,0,9.5,,HIGH
GRD-08367,STU-08367,2025,Third_Term_May_Jul,23,0,0,91.1,5.6,LOW
GRD-08368,STU-08368,2023,First_Term_Sep_Dec,90,3,0,5.9,,HIGH
GRD-08369,STU-08369,2023,Second_Term_Jan_Apr,100,4,0,4.5,,HIGH
GRD-08370,STU-08370,2024,Second_Term_Jan_Apr,42,0,0,82.9,2.6,LOW
GRD-08371,STU-08371,2025,Second_Term_Jan_Apr,10,2,0,27.8,80.1,LOW
GRD-08372,STU-08372,2025,Third_Term_May_Jul,27,0,0,23.0,69.1,LOW
GRD-08373,STU-08373,2023,Second_Term_Jan_Apr,29,3,0,23.4,102.7,MEDIUM
GRD-08374,STU-08374,2024,First_Term_Sep_Dec,26,2,0,23.2,33.0,LOW
GRD-08375,STU-08375,2023,First_Term_Sep_Dec,115,6,0,7.7,,HIGH
GRD-08376,STU-08376,2023,Third_Term_May_Jul,39,2,0,22.5,56.6,MEDIUM
GRD-08377,STU-08377,2025,First_Term_Sep_Dec,23,0,0,27.8,0.3,LOW
GRD-08378,STU-08378,2025,Second_Term_Jan_Apr,0,3,1,27.3,87.5,LOW
GRD-08379,STU-08379,2025,Second_Term_Jan_Apr,2,2,0,12.8,76.4,LOW
GRD-08380,STU-08380,2025,Third_Term_May_Jul,1,1,0,17.7,66.1,LOW
GRD-08381,STU-08381,2025,Third_Term_May_Jul,149,6,0,5.8,,HIGH
GRD-08382,STU-08382,2024,Second_Term_Jan_Apr,98,2,0,29.9,75.1,MEDIUM
GRD-08383,STU-08383,2023,Third_Term_May_Jul,130,7,0,5.2,,HIGH
GRD-08384,STU-08384,2024,Third_Term_May_Jul,23,2,0,25.1,55.8,LOW
GRD-08385,STU-08385,2023,First_Term_Sep_Dec,115,2,0,3.5,,HIGH
GRD-08386,STU-08386,2025,First_Term_Sep_Dec,16,0,0,86.4,2.2,LOW
GRD-08387,STU-08387,2023,First_Term_Sep_Dec,23,0,0,30.8,0.6,LOW
GRD-08388,STU-08388,2024,First_Term_Sep_Dec,23,0,0,37.7,,MEDIUM
GRD-08389,STU-08389,2025,Second_Term_Jan_Apr,15,0,0,27.3,0.6,LOW
GRD-08390,STU-08390,2023,Third_Term_May_Jul,11,0,0,21.0,0.4,LOW
GRD-08391,STU-08391,2024,First_Term_Sep_Dec,90,7,0,8.1,,HIGH
GRD-08392,STU-08392,2025,Second_Term_Jan_Apr,14,0,0,35.6,0.4,LOW
GRD-08393,STU-08393,2023,First_Term_Sep_Dec,67,1,0,29.1,56.8,MEDIUM
GRD-08394,STU-08394,2023,First_Term_Sep_Dec,30,1,0,27.9,61.1,LOW
GRD-08395,STU-08395,2025,Third_Term_May_Jul,140,5,0,6.6,,HIGH
GRD-08396,STU-08396,2024,Third_Term_May_Jul,20,0,0,39.0,,MEDIUM
GRD-08397,STU-08397,2023,First_Term_Sep_Dec,90,3,0,5.4,,HIGH
GRD-08398,STU-08398,2025,Third_Term_May_Jul,35,1,0,93.9,1.4,LOW
GRD-08399,STU-08399,2023,First_Term_Sep_Dec,15,1,0,92.0,1.6,LOW
GRD-08400,STU-08400,2023,Third_Term_May_Jul,29,0,0,84.3,5.1,LOW
GRD-08401,STU-08401,2025,Second_Term_Jan_Apr,39,0,0,76.2,2.7,LOW
GRD-08402,STU-08402,2023,Second_Term_Jan_Apr,16,0,0,36.6,,MEDIUM
GRD-08403,STU-08403,2023,Third_Term_May_Jul,0,2,0,31.8,58.0,LOW
GRD-08404,STU-08404,2025,First_Term_Sep_Dec,19,0,0,35.4,,MEDIUM
GRD-08405,STU-08405,2024,Second_Term_Jan_Apr,19,0,0,36.3,,MEDIUM
GRD-08406,STU-08406,2025,Third_Term_May_Jul,105,1,0,5.6,,HIGH
GRD-08407,STU-08407,2023,First_Term_Sep_Dec,22,0,0,24.7,0.5,LOW
GRD-08408,STU-08408,2023,Third_Term_May_Jul,19,0,0,39.0,0.7,LOW
GRD-08409,STU-08409,2024,Second_Term_Jan_Apr,11,2,0,16.5,70.5,LOW
GRD-08410,STU-08410,2023,First_Term_Sep_Dec,17,0,0,32.4,0.5,LOW
GRD-08411,STU-08411,2024,First_Term_Sep_Dec,13,3,0,31.8,76.3,MEDIUM
GRD-08412,STU-08412,2023,Third_Term_May_Jul,46,2,0,28.3,64.3,MEDIUM
GRD-08413,STU-08413,2024,Third_Term_May_Jul,49,1,0,35.2,40.6,MEDIUM
GRD-08414,STU-08414,2023,Second_Term_Jan_Apr,30,1,0,82.1,1.8,LOW
GRD-08415,STU-08415,2025,Second_Term_Jan_Apr,39,0,0,78.7,7.6,LOW
GRD-08416,STU-08416,2025,Third_Term_May_Jul,13,1,0,29.3,0.5,LOW
GRD-08417,STU-08417,2023,First_Term_Sep_Dec,18,1,0,93.5,3.2,LOW
GRD-08418,STU-08418,2025,Second_Term_Jan_Apr,148,6,0,5.2,,HIGH
GRD-08419,STU-08419,2024,Third_Term_May_Jul,31,1,0,36.1,54.2,MEDIUM
GRD-08420,STU-08420,2025,Third_Term_May_Jul,155,2,0,6.1,,HIGH
GRD-08421,STU-08421,2023,Second_Term_Jan_Apr,12,0,0,29.5,70.3,LOW
GRD-08422,STU-08422,2025,Third_Term_May_Jul,105,7,0,0.0,,HIGH
GRD-08423,STU-08423,2024,Second_Term_Jan_Apr,22,0,0,30.6,0.4,LOW
GRD-08424,STU-08424,2023,First_Term_Sep_Dec,58,2,0,31.5,77.2,MEDIUM
GRD-08425,STU-08425,2025,Third_Term_May_Jul,121,5,0,2.8,,HIGH
GRD-08426,STU-08426,2023,Second_Term_Jan_Apr,32,0,0,82.5,4.7,LOW
GRD-08427,STU-08427,2024,First_Term_Sep_Dec,15,0,0,32.6,,MEDIUM
GRD-08428,STU-08428,2024,First_Term_Sep_Dec,0,1,1,24.8,41.2,LOW
GRD-08429,STU-08429,2025,Third_Term_May_Jul,27,0,0,96.7,4.0,LOW
GRD-08430,STU-08430,2025,Second_Term_Jan_Apr,42,2,0,25.2,108.4,MEDIUM
GRD-08431,STU-08431,2023,Third_Term_May_Jul,12,0,0,29.7,,LOW
GRD-08432,STU-08432,2025,Third_Term_May_Jul,0,1,1,23.6,73.4,LOW
GRD-08433,STU-08433,2025,First_Term_Sep_Dec,16,0,0,28.3,0.2,LOW
GRD-08434,STU-08434,2024,Second_Term_Jan_Apr,32,0,0,76.9,7.0,LOW
GRD-08435,STU-08435,2024,First_Term_Sep_Dec,14,0,0,100.0,2.9,LOW
GRD-08436,STU-08436,2024,Third_Term_May_Jul,28,0,0,92.7,5.6,LOW
GRD-08437,STU-08437,2025,First_Term_Sep_Dec,15,1,0,91.2,4.2,LOW
GRD-08438,STU-08438,2024,Second_Term_Jan_Apr,96,3,0,5.1,,HIGH
GRD-08439,STU-08439,2023,Second_Term_Jan_Apr,0,1,1,25.6,69.0,LOW
GRD-08440,STU-08440,2023,Second_Term_Jan_Apr,24,1,0,23.6,70.5,LOW
GRD-08441,STU-08441,2023,Second_Term_Jan_Apr,20,0,0,40.0,0.1,LOW
GRD-08442,STU-08442,2023,Third_Term_May_Jul,102,3,0,4.7,,HIGH
GRD-08443,STU-08443,2024,Second_Term_Jan_Apr,90,2,0,3.6,,HIGH
GRD-08444,STU-08444,2023,Second_Term_Jan_Apr,153,6,0,3.6,,HIGH
GRD-08445,STU-08445,2025,Third_Term_May_Jul,16,0,0,25.1,,MEDIUM
GRD-08446,STU-08446,2024,Second_Term_Jan_Apr,41,1,0,85.7,9.1,LOW
GRD-08447,STU-08447,2025,Second_Term_Jan_Apr,19,2,0,69.7,8.2,LOW
GRD-08448,STU-08448,2023,First_Term_Sep_Dec,118,5,0,5.9,,HIGH
GRD-08449,STU-08449,2024,Second_Term_Jan_Apr,59,2,0,12.8,88.0,MEDIUM
GRD-08450,STU-08450,2023,Third_Term_May_Jul,10,0,0,30.9,,LOW
GRD-08451,STU-08451,2023,Third_Term_May_Jul,19,0,0,22.4,,MEDIUM
GRD-08452,STU-08452,2024,Third_Term_May_Jul,120,6,0,0.0,,HIGH
GRD-08453,STU-08453,2025,First_Term_Sep_Dec,0,2,1,25.4,70.5,LOW
GRD-08454,STU-08454,2025,Third_Term_May_Jul,26,2,0,28.6,69.9,LOW
GRD-08455,STU-08455,2023,First_Term_Sep_Dec,22,1,0,99.4,4.8,LOW
GRD-08456,STU-08456,2023,First_Term_Sep_Dec,0,0,1,100.0,3.9,LOW
GRD-08457,STU-08457,2025,Second_Term_Jan_Apr,38,1,0,80.4,4.9,LOW
GRD-08458,STU-08458,2024,Second_Term_Jan_Apr,125,0,0,6.4,,HIGH
GRD-08459,STU-08459,2023,Second_Term_Jan_Apr,75,2,0,24.2,71.6,MEDIUM
GRD-08460,STU-08460,2025,First_Term_Sep_Dec,90,4,0,11.6,,HIGH
GRD-08461,STU-08461,2024,First_Term_Sep_Dec,20,1,0,91.8,4.8,LOW
GRD-08462,STU-08462,2023,Second_Term_Jan_Apr,62,1,0,24.1,90.4,MEDIUM
GRD-08463,STU-08463,2023,Second_Term_Jan_Apr,43,2,0,28.4,43.3,MEDIUM
GRD-08464,STU-08464,2024,Third_Term_May_Jul,55,2,0,26.9,76.2,MEDIUM
GRD-08465,STU-08465,2025,Third_Term_May_Jul,13,0,0,31.6,,LOW
GRD-08466,STU-08466,2024,First_Term_Sep_Dec,18,0,0,30.1,0.5,LOW
GRD-08467,STU-08467,2025,Third_Term_May_Jul,26,0,0,95.1,2.1,LOW
GRD-08468,STU-08468,2025,First_Term_Sep_Dec,140,2,0,9.2,,HIGH
GRD-08469,STU-08469,2025,Third_Term_May_Jul,15,0,0,26.7,0.6,LOW
GRD-08470,STU-08470,2025,Second_Term_Jan_Apr,20,0,0,33.4,0.7,LOW
GRD-08471,STU-08471,2023,Second_Term_Jan_Apr,56,2,0,13.2,64.6,MEDIUM
GRD-08472,STU-08472,2024,First_Term_Sep_Dec,9,0,0,96.8,3.5,LOW
GRD-08473,STU-08473,2023,First_Term_Sep_Dec,20,0,0,92.6,3.6,LOW
GRD-08474,STU-08474,2025,First_Term_Sep_Dec,14,1,0,28.8,60.3,LOW
GRD-08475,STU-08475,2023,First_Term_Sep_Dec,21,3,0,35.6,48.6,MEDIUM
GRD-08476,STU-08476,2024,First_Term_Sep_Dec,11,0,0,30.4,0.4,LOW
GRD-08477,STU-08477,2025,Second_Term_Jan_Apr,4,1,0,20.4,84.9,LOW
GRD-08478,STU-08478,2023,Third_Term_May_Jul,57,1,0,37.2,63.4,MEDIUM
GRD-08479,STU-08479,2023,Third_Term_May_Jul,0,0,1,88.8,3.5,LOW
GRD-08480,STU-08480,2024,Second_Term_Jan_Apr,50,0,0,73.2,4.2,LOW
GRD-08481,STU-08481,2024,Third_Term_May_Jul,77,1,0,33.2,41.6,MEDIUM
GRD-08482,STU-08482,2025,First_Term_Sep_Dec,30,2,0,20.3,44.9,LOW
GRD-08483,STU-08483,2025,Second_Term_Jan_Apr,34,1,0,75.7,7.3,LOW
GRD-08484,STU-08484,2025,Third_Term_May_Jul,23,0,0,32.5,0.3,LOW
GRD-08485,STU-08485,2024,First_Term_Sep_Dec,17,0,0,22.0,0.6,LOW
GRD-08486,STU-08486,2023,Second_Term_Jan_Apr,122,3,0,2.0,,HIGH
GRD-08487,STU-08487,2025,First_Term_Sep_Dec,6,1,0,29.3,72.0,LOW
GRD-08488,STU-08488,2023,Second_Term_Jan_Apr,25,0,0,29.9,0.5,LOW
GRD-08489,STU-08489,2025,Second_Term_Jan_Apr,25,0,0,76.6,3.4,LOW
GRD-08490,STU-08490,2024,Third_Term_May_Jul,83,1,0,24.6,40.7,MEDIUM
GRD-08491,STU-08491,2024,First_Term_Sep_Dec,112,4,0,12.3,,HIGH
GRD-08492,STU-08492,2024,First_Term_Sep_Dec,21,0,0,91.7,3.5,LOW
GRD-08493,STU-08493,2025,Second_Term_Jan_Apr,43,1,0,37.8,53.9,MEDIUM
GRD-08494,STU-08494,2023,First_Term_Sep_Dec,100,3,0,0.0,,HIGH
GRD-08495,STU-08495,2025,First_Term_Sep_Dec,23,2,0,20.7,48.7,LOW
GRD-08496,STU-08496,2023,Second_Term_Jan_Apr,13,0,0,28.7,,LOW
GRD-08497,STU-08497,2024,First_Term_Sep_Dec,52,2,0,22.7,51.2,MEDIUM
GRD-08498,STU-08498,2025,First_Term_Sep_Dec,50,2,0,31.7,53.2,MEDIUM
GRD-08499,STU-08499,2025,Third_Term_May_Jul,133,3,0,7.4,,HIGH
GRD-08500,STU-08500,2023,First_Term_Sep_Dec,12,0,0,30.9,0.8,LOW
GRD-08501,STU-08501,2024,First_Term_Sep_Dec,18,0,0,92.4,4.1,LOW
GRD-08502,STU-08502,2023,First_Term_Sep_Dec,16,0,0,32.0,,MEDIUM
GRD-08503,STU-08503,2024,First_Term_Sep_Dec,0,1,1,29.4,71.9,LOW
GRD-08504,STU-08504,2023,Second_Term_Jan_Apr,41,1,0,88.0,6.2,LOW
GRD-08505,STU-08505,2025,Second_Term_Jan_Apr,0,1,0,16.8,64.6,LOW
GRD-08506,STU-08506,2024,Third_Term_May_Jul,0,1,0,36.2,84.4,LOW
GRD-08507,STU-08507,2023,First_Term_Sep_Dec,90,4,0,6.3,,HIGH
GRD-08508,STU-08508,2023,Second_Term_Jan_Apr,48,1,0,22.9,77.9,MEDIUM
GRD-08509,STU-08509,2024,Second_Term_Jan_Apr,113,4,0,1.3,,HIGH
GRD-08510,STU-08510,2023,Second_Term_Jan_Apr,23,3,0,29.6,96.8,MEDIUM
GRD-08511,STU-08511,2025,First_Term_Sep_Dec,35,1,0,15.3,66.6,MEDIUM
GRD-08512,STU-08512,2023,First_Term_Sep_Dec,18,1,0,21.4,71.8,LOW
GRD-08513,STU-08513,2025,First_Term_Sep_Dec,12,0,0,99.1,6.0,LOW
GRD-08514,STU-08514,2025,Third_Term_May_Jul,136,4,0,5.4,,HIGH
GRD-08515,STU-08515,2023,Second_Term_Jan_Apr,33,1,0,79.0,3.4,LOW
GRD-08516,STU-08516,2025,First_Term_Sep_Dec,9,1,0,24.3,72.0,LOW
GRD-08517,STU-08517,2023,Third_Term_May_Jul,44,2,0,24.0,65.3,MEDIUM
GRD-08518,STU-08518,2025,First_Term_Sep_Dec,90,2,0,4.9,,HIGH
GRD-08519,STU-08519,2025,Third_Term_May_Jul,27,1,0,91.4,2.4,LOW
GRD-08520,STU-08520,2023,First_Term_Sep_Dec,0,1,1,19.8,63.7,LOW
GRD-08521,STU-08521,2024,First_Term_Sep_Dec,49,2,0,19.6,53.0,MEDIUM
GRD-08522,STU-08522,2023,First_Term_Sep_Dec,15,1,0,33.2,51.6,LOW
GRD-08523,STU-08523,2025,Third_Term_May_Jul,44,1,0,26.1,41.0,MEDIUM
GRD-08524,STU-08524,2025,Third_Term_May_Jul,171,4,0,2.8,,HIGH
GRD-08525,STU-08525,2025,Third_Term_May_Jul,16,2,0,30.2,52.0,LOW
GRD-08526,STU-08526,2025,First_Term_Sep_Dec,22,0,0,89.7,2.7,LOW
GRD-08527,STU-08527,2024,Second_Term_Jan_Apr,11,0,0,27.2,,LOW
GRD-08528,STU-08528,2023,First_Term_Sep_Dec,17,0,0,87.3,2.2,LOW
GRD-08529,STU-08529,2023,Third_Term_May_Jul,131,4,0,6.2,,HIGH
GRD-08530,STU-08530,2023,Second_Term_Jan_Apr,0,2,1,23.0,41.4,LOW
GRD-08531,STU-08531,2024,First_Term_Sep_Dec,5,1,0,29.7,43.9,LOW
GRD-08532,STU-08532,2025,First_Term_Sep_Dec,90,5,0,7.6,,HIGH
GRD-08533,STU-08533,2025,Second_Term_Jan_Apr,12,0,0,22.0,91.0,LOW
GRD-08534,STU-08534,2024,Second_Term_Jan_Apr,146,5,0,0.0,,HIGH
GRD-08535,STU-08535,2025,First_Term_Sep_Dec,17,0,0,26.3,0.3,LOW
GRD-08536,STU-08536,2025,Second_Term_Jan_Apr,0,1,0,36.5,94.1,LOW
GRD-08537,STU-08537,2023,Third_Term_May_Jul,26,1,0,95.6,1.7,LOW
GRD-08538,STU-08538,2023,Third_Term_May_Jul,183,6,0,6.7,,HIGH
GRD-08539,STU-08539,2023,Third_Term_May_Jul,61,1,0,30.8,52.6,MEDIUM
GRD-08540,STU-08540,2025,Third_Term_May_Jul,48,3,0,27.7,79.6,MEDIUM
GRD-08541,STU-08541,2023,Second_Term_Jan_Apr,30,0,0,84.0,2.3,LOW
GRD-08542,STU-08542,2025,First_Term_Sep_Dec,18,1,0,98.0,2.1,LOW
GRD-08543,STU-08543,2025,Third_Term_May_Jul,63,0,0,29.7,53.6,MEDIUM
GRD-08544,STU-08544,2024,Third_Term_May_Jul,125,3,0,3.7,,HIGH
GRD-08545,STU-08545,2023,Third_Term_May_Jul,17,0,0,22.1,0.4,LOW
GRD-08546,STU-08546,2025,Third_Term_May_Jul,15,0,0,89.6,6.2,LOW
GRD-08547,STU-08547,2024,First_Term_Sep_Dec,7,0,0,99.8,4.2,LOW
GRD-08548,STU-08548,2024,Second_Term_Jan_Apr,2,1,0,30.9,87.7,LOW
GRD-08549,STU-08549,2024,Second_Term_Jan_Apr,29,0,0,33.0,75.2,LOW
GRD-08550,STU-08550,2024,Third_Term_May_Jul,157,4,0,0.5,,HIGH
GRD-08551,STU-08551,2024,First_Term_Sep_Dec,56,1,0,29.4,62.7,MEDIUM
GRD-08552,STU-08552,2024,Second_Term_Jan_Apr,42,0,0,77.5,5.3,LOW
GRD-08553,STU-08553,2023,First_Term_Sep_Dec,11,0,0,26.8,,LOW
GRD-08554,STU-08554,2025,Third_Term_May_Jul,4,1,0,22.1,64.5,LOW
GRD-08555,STU-08555,2025,Second_Term_Jan_Apr,108,4,0,5.7,,HIGH
GRD-08556,STU-08556,2024,Third_Term_May_Jul,0,0,0,15.1,75.1,LOW
GRD-08557,STU-08557,2025,Second_Term_Jan_Apr,33,2,0,80.3,8.3,LOW
GRD-08558,STU-08558,2023,First_Term_Sep_Dec,18,0,0,90.5,4.7,LOW
GRD-08559,STU-08559,2023,Third_Term_May_Jul,110,3,0,4.0,,HIGH
GRD-08560,STU-08560,2024,Second_Term_Jan_Apr,48,0,0,78.9,1.2,LOW
GRD-08561,STU-08561,2023,First_Term_Sep_Dec,18,0,0,99.1,2.6,LOW
GRD-08562,STU-08562,2023,First_Term_Sep_Dec,0,1,1,30.6,67.4,LOW
GRD-08563,STU-08563,2024,Third_Term_May_Jul,154,6,0,2.3,,HIGH
GRD-08564,STU-08564,2023,First_Term_Sep_Dec,36,1,0,27.2,34.6,MEDIUM
GRD-08565,STU-08565,2025,First_Term_Sep_Dec,14,0,0,88.5,5.1,LOW
GRD-08566,STU-08566,2024,First_Term_Sep_Dec,69,1,0,29.1,78.4,MEDIUM
GRD-08567,STU-08567,2023,First_Term_Sep_Dec,16,0,0,32.5,,MEDIUM
GRD-08568,STU-08568,2024,Second_Term_Jan_Apr,29,1,0,83.4,7.4,LOW
GRD-08569,STU-08569,2023,Third_Term_May_Jul,0,2,1,25.3,67.0,LOW
GRD-08570,STU-08570,2023,Second_Term_Jan_Apr,33,0,0,70.4,4.7,LOW
GRD-08571,STU-08571,2025,First_Term_Sep_Dec,16,1,0,94.7,6.2,LOW
GRD-08572,STU-08572,2024,First_Term_Sep_Dec,18,1,0,85.5,6.0,LOW
GRD-08573,STU-08573,2024,Third_Term_May_Jul,37,2,0,32.3,41.5,MEDIUM
GRD-08574,STU-08574,2024,First_Term_Sep_Dec,90,4,0,6.2,,HIGH
GRD-08575,STU-08575,2023,First_Term_Sep_Dec,90,4,0,11.7,,HIGH
GRD-08576,STU-08576,2024,Second_Term_Jan_Apr,19,0,0,25.0,0.4,LOW
GRD-08577,STU-08577,2023,First_Term_Sep_Dec,26,0,0,32.3,0.7,LOW
GRD-08578,STU-08578,2024,Second_Term_Jan_Apr,18,0,0,27.3,0.4,LOW
GRD-08579,STU-08579,2023,Third_Term_May_Jul,40,0,0,100.0,3.7,LOW
GRD-08580,STU-08580,2024,First_Term_Sep_Dec,90,2,0,0.0,,HIGH
GRD-08581,STU-08581,2025,First_Term_Sep_Dec,90,5,0,3.5,,HIGH
GRD-08582,STU-08582,2023,Third_Term_May_Jul,26,0,0,100.0,6.3,LOW
GRD-08583,STU-08583,2024,Third_Term_May_Jul,19,0,0,84.4,4.5,LOW
GRD-08584,STU-08584,2024,Third_Term_May_Jul,16,0,0,24.9,0.7,LOW
GRD-08585,STU-08585,2025,Second_Term_Jan_Apr,152,5,0,5.1,,HIGH
GRD-08586,STU-08586,2023,First_Term_Sep_Dec,18,0,0,28.4,,MEDIUM
GRD-08587,STU-08587,2024,First_Term_Sep_Dec,25,1,0,39.9,84.1,LOW
GRD-08588,STU-08588,2024,Second_Term_Jan_Apr,148,6,0,5.6,,HIGH
GRD-08589,STU-08589,2025,Second_Term_Jan_Apr,25,0,0,80.4,3.0,LOW
GRD-08590,STU-08590,2023,First_Term_Sep_Dec,21,1,0,83.6,3.0,LOW
GRD-08591,STU-08591,2024,Third_Term_May_Jul,20,0,0,34.1,0.4,LOW
GRD-08592,STU-08592,2024,Second_Term_Jan_Apr,88,1,0,12.8,110.5,MEDIUM
GRD-08593,STU-08593,2023,First_Term_Sep_Dec,21,0,0,28.7,,MEDIUM
GRD-08594,STU-08594,2024,Third_Term_May_Jul,25,0,0,83.9,4.2,LOW
GRD-08595,STU-08595,2023,Third_Term_May_Jul,44,0,0,92.1,4.7,LOW
GRD-08596,STU-08596,2023,Third_Term_May_Jul,13,0,0,22.9,0.5,LOW
GRD-08597,STU-08597,2023,Third_Term_May_Jul,15,0,0,32.6,,MEDIUM
GRD-08598,STU-08598,2024,Third_Term_May_Jul,41,1,0,92.5,5.6,LOW
GRD-08599,STU-08599,2025,Second_Term_Jan_Apr,43,2,0,30.5,53.7,MEDIUM
GRD-08600,STU-08600,2025,Second_Term_Jan_Apr,34,0,0,79.2,4.6,LOW
GRD-08601,STU-08601,2023,First_Term_Sep_Dec,90,5,0,4.8,,HIGH
GRD-08602,STU-08602,2023,Second_Term_Jan_Apr,104,2,0,4.4,,HIGH
GRD-08603,STU-08603,2023,Third_Term_May_Jul,180,5,0,5.0,,HIGH
GRD-08604,STU-08604,2023,Second_Term_Jan_Apr,35,0,0,84.4,5.8,LOW
GRD-08605,STU-08605,2024,Second_Term_Jan_Apr,121,4,0,5.5,,HIGH
GRD-08606,STU-08606,2024,First_Term_Sep_Dec,39,0,0,28.2,69.4,LOW
GRD-08607,STU-08607,2024,Third_Term_May_Jul,132,7,0,3.0,,HIGH
GRD-08608,STU-08608,2024,Third_Term_May_Jul,28,2,0,26.4,72.5,LOW
GRD-08609,STU-08609,2023,Third_Term_May_Jul,59,2,0,25.7,53.8,MEDIUM
GRD-08610,STU-08610,2024,Third_Term_May_Jul,44,2,0,18.6,75.2,MEDIUM
GRD-08611,STU-08611,2025,First_Term_Sep_Dec,84,2,0,29.6,61.3,MEDIUM
GRD-08612,STU-08612,2025,Third_Term_May_Jul,25,0,0,96.0,2.9,LOW
GRD-08613,STU-08613,2024,First_Term_Sep_Dec,90,2,0,4.5,,HIGH
GRD-08614,STU-08614,2024,Third_Term_May_Jul,13,0,0,28.7,0.8,LOW
GRD-08615,STU-08615,2024,First_Term_Sep_Dec,105,6,0,3.6,,HIGH
GRD-08616,STU-08616,2023,Second_Term_Jan_Apr,46,1,0,87.8,8.0,LOW
GRD-08617,STU-08617,2025,First_Term_Sep_Dec,90,3,0,7.8,,HIGH
GRD-08618,STU-08618,2025,First_Term_Sep_Dec,16,0,0,75.7,4.9,LOW
GRD-08619,STU-08619,2024,Third_Term_May_Jul,30,0,0,33.1,75.8,LOW
GRD-08620,STU-08620,2025,Second_Term_Jan_Apr,30,1,0,73.1,6.1,LOW
GRD-08621,STU-08621,2023,First_Term_Sep_Dec,11,0,0,35.9,0.3,LOW
GRD-08622,STU-08622,2024,Third_Term_May_Jul,34,0,0,90.1,3.2,LOW
GRD-08623,STU-08623,2024,Second_Term_Jan_Apr,20,0,0,22.3,0.4,LOW
GRD-08624,STU-08624,2025,First_Term_Sep_Dec,11,0,0,29.4,62.1,LOW
GRD-08625,STU-08625,2024,Third_Term_May_Jul,44,1,0,29.9,58.2,MEDIUM
GRD-08626,STU-08626,2024,Third_Term_May_Jul,52,1,0,13.5,65.7,MEDIUM
GRD-08627,STU-08627,2025,Second_Term_Jan_Apr,62,2,0,22.0,97.7,MEDIUM
GRD-08628,STU-08628,2025,Third_Term_May_Jul,35,1,0,93.2,3.4,LOW
GRD-08629,STU-08629,2023,Second_Term_Jan_Apr,18,0,0,20.4,,MEDIUM
GRD-08630,STU-08630,2024,Third_Term_May_Jul,35,0,0,13.5,60.6,LOW
GRD-08631,STU-08631,2023,First_Term_Sep_Dec,113,6,0,0.0,,HIGH
GRD-08632,STU-08632,2025,Second_Term_Jan_Apr,36,0,0,76.7,6.8,LOW
GRD-08633,STU-08633,2024,Second_Term_Jan_Apr,98,1,0,27.4,51.5,MEDIUM
GRD-08634,STU-08634,2024,First_Term_Sep_Dec,19,0,0,32.4,0.4,LOW
GRD-08635,STU-08635,2024,First_Term_Sep_Dec,14,1,0,95.9,2.0,LOW
GRD-08636,STU-08636,2023,First_Term_Sep_Dec,49,0,0,28.3,55.9,LOW
GRD-08637,STU-08637,2025,Third_Term_May_Jul,64,1,0,19.7,61.8,MEDIUM
GRD-08638,STU-08638,2023,First_Term_Sep_Dec,14,1,0,100.0,3.4,LOW
GRD-08639,STU-08639,2023,Third_Term_May_Jul,19,2,0,13.5,76.4,LOW
GRD-08640,STU-08640,2024,First_Term_Sep_Dec,9,0,0,95.8,2.0,LOW
GRD-08641,STU-08641,2025,First_Term_Sep_Dec,97,7,0,1.6,,HIGH
GRD-08642,STU-08642,2025,Second_Term_Jan_Apr,71,0,0,12.8,78.1,MEDIUM
GRD-08643,STU-08643,2023,First_Term_Sep_Dec,90,2,0,9.0,,HIGH
GRD-08644,STU-08644,2025,First_Term_Sep_Dec,20,0,0,94.2,4.0,LOW
GRD-08645,STU-08645,2024,Third_Term_May_Jul,20,0,0,90.2,4.6,LOW
GRD-08646,STU-08646,2024,Second_Term_Jan_Apr,15,0,0,37.2,0.2,LOW
GRD-08647,STU-08647,2025,First_Term_Sep_Dec,101,1,0,4.1,,HIGH
GRD-08648,STU-08648,2024,First_Term_Sep_Dec,90,3,0,10.2,,HIGH
GRD-08649,STU-08649,2024,Third_Term_May_Jul,106,4,0,5.0,,HIGH
GRD-08650,STU-08650,2024,First_Term_Sep_Dec,15,1,0,94.2,6.8,LOW
GRD-08651,STU-08651,2025,Third_Term_May_Jul,66,1,0,30.6,48.0,MEDIUM
GRD-08652,STU-08652,2024,First_Term_Sep_Dec,12,1,0,87.8,4.3,LOW
GRD-08653,STU-08653,2025,Second_Term_Jan_Apr,32,0,0,75.2,3.0,LOW
GRD-08654,STU-08654,2023,Third_Term_May_Jul,18,0,0,31.9,,MEDIUM
GRD-08655,STU-08655,2023,First_Term_Sep_Dec,21,1,0,84.4,2.5,LOW
GRD-08656,STU-08656,2023,Third_Term_May_Jul,16,0,0,34.6,,MEDIUM
GRD-08657,STU-08657,2023,First_Term_Sep_Dec,17,0,0,88.5,2.3,LOW
GRD-08658,STU-08658,2024,Third_Term_May_Jul,14,0,0,31.7,,LOW
GRD-08659,STU-08659,2025,First_Term_Sep_Dec,71,2,0,37.5,52.2,MEDIUM
GRD-08660,STU-08660,2024,First_Term_Sep_Dec,62,1,0,21.6,58.9,MEDIUM
GRD-08661,STU-08661,2023,First_Term_Sep_Dec,15,0,0,94.3,5.3,LOW
GRD-08662,STU-08662,2025,Third_Term_May_Jul,27,1,0,92.7,4.9,LOW
GRD-08663,STU-08663,2023,Third_Term_May_Jul,21,0,0,40.0,0.2,LOW
GRD-08664,STU-08664,2025,First_Term_Sep_Dec,17,0,0,90.6,3.5,LOW
GRD-08665,STU-08665,2024,Third_Term_May_Jul,23,0,0,33.8,,MEDIUM
GRD-08666,STU-08666,2023,First_Term_Sep_Dec,102,3,0,6.9,,HIGH
GRD-08667,STU-08667,2025,Second_Term_Jan_Apr,45,1,0,19.4,85.4,MEDIUM
GRD-08668,STU-08668,2024,Third_Term_May_Jul,163,5,0,3.9,,HIGH
GRD-08669,STU-08669,2025,First_Term_Sep_Dec,14,2,0,100.0,4.7,LOW
GRD-08670,STU-08670,2025,Third_Term_May_Jul,156,7,0,3.4,,HIGH
GRD-08671,STU-08671,2025,Third_Term_May_Jul,67,0,0,36.3,82.7,MEDIUM
GRD-08672,STU-08672,2024,Second_Term_Jan_Apr,14,0,0,26.3,0.3,LOW
GRD-08673,STU-08673,2025,First_Term_Sep_Dec,90,3,0,4.8,,HIGH
GRD-08674,STU-08674,2024,Second_Term_Jan_Apr,0,2,1,23.5,67.2,LOW
GRD-08675,STU-08675,2023,First_Term_Sep_Dec,19,0,0,89.2,3.0,LOW
GRD-08676,STU-08676,2023,Third_Term_May_Jul,18,0,0,26.9,,MEDIUM
GRD-08677,STU-08677,2024,First_Term_Sep_Dec,0,1,1,26.7,54.4,LOW
GRD-08678,STU-08678,2024,Second_Term_Jan_Apr,96,1,0,16.9,97.5,MEDIUM
GRD-08679,STU-08679,2023,First_Term_Sep_Dec,14,1,0,88.6,2.8,LOW
GRD-08680,STU-08680,2023,Second_Term_Jan_Apr,20,0,0,29.8,0.3,LOW
GRD-08681,STU-08681,2025,Second_Term_Jan_Apr,19,2,0,23.4,82.9,LOW
GRD-08682,STU-08682,2025,Second_Term_Jan_Apr,37,2,0,81.5,4.0,LOW
GRD-08683,STU-08683,2023,First_Term_Sep_Dec,18,0,0,88.3,5.0,LOW
GRD-08684,STU-08684,2024,First_Term_Sep_Dec,17,1,0,24.5,90.3,LOW
GRD-08685,STU-08685,2025,First_Term_Sep_Dec,67,1,0,37.9,70.0,MEDIUM
GRD-08686,STU-08686,2025,Second_Term_Jan_Apr,40,0,0,85.3,4.9,LOW
GRD-08687,STU-08687,2023,Third_Term_May_Jul,20,1,0,95.3,2.5,LOW
GRD-08688,STU-08688,2024,Second_Term_Jan_Apr,13,0,0,38.3,,LOW
GRD-08689,STU-08689,2025,Third_Term_May_Jul,23,1,0,40.0,43.5,LOW
GRD-08690,STU-08690,2024,Third_Term_May_Jul,17,0,0,25.3,0.4,LOW
GRD-08691,STU-08691,2024,Third_Term_May_Jul,23,1,0,30.3,52.5,LOW
GRD-08692,STU-08692,2025,Third_Term_May_Jul,32,1,0,91.2,6.0,LOW
GRD-08693,STU-08693,2025,Third_Term_May_Jul,18,3,0,29.5,40.1,MEDIUM
GRD-08694,STU-08694,2024,Second_Term_Jan_Apr,43,0,0,79.9,2.3,LOW
GRD-08695,STU-08695,2025,Second_Term_Jan_Apr,36,0,0,75.7,4.3,LOW
GRD-08696,STU-08696,2024,First_Term_Sep_Dec,19,0,0,88.3,2.3,LOW
GRD-08697,STU-08697,2025,Third_Term_May_Jul,139,6,0,2.9,,HIGH
GRD-08698,STU-08698,2024,Second_Term_Jan_Apr,42,1,0,82.3,4.9,LOW
GRD-08699,STU-08699,2025,First_Term_Sep_Dec,29,1,0,23.3,61.5,LOW
GRD-08700,STU-08700,2025,Third_Term_May_Jul,19,1,0,26.1,0.8,LOW
GRD-08701,STU-08701,2024,First_Term_Sep_Dec,19,1,0,98.2,4.5,LOW
GRD-08702,STU-08702,2025,Third_Term_May_Jul,14,1,0,32.7,,MEDIUM
GRD-08703,STU-08703,2023,Second_Term_Jan_Apr,147,4,0,2.4,,HIGH
GRD-08704,STU-08704,2025,First_Term_Sep_Dec,10,1,0,91.7,2.8,LOW
GRD-08705,STU-08705,2024,Third_Term_May_Jul,11,0,0,28.8,,LOW
GRD-08706,STU-08706,2025,First_Term_Sep_Dec,90,4,0,3.9,,HIGH
GRD-08707,STU-08707,2023,First_Term_Sep_Dec,17,0,0,31.9,,MEDIUM
GRD-08708,STU-08708,2025,Third_Term_May_Jul,0,0,1,99.8,4.2,LOW
GRD-08709,STU-08709,2023,Second_Term_Jan_Apr,40,2,0,23.0,56.2,MEDIUM
GRD-08710,STU-08710,2024,Third_Term_May_Jul,0,1,1,18.4,84.6,LOW
GRD-08711,STU-08711,2025,First_Term_Sep_Dec,90,6,0,4.6,,HIGH
GRD-08712,STU-08712,2023,Third_Term_May_Jul,38,0,0,87.6,1.1,LOW
GRD-08713,STU-08713,2025,Second_Term_Jan_Apr,26,1,0,81.2,3.9,LOW
GRD-08714,STU-08714,2025,Second_Term_Jan_Apr,32,1,0,79.3,2.7,LOW
GRD-08715,STU-08715,2023,First_Term_Sep_Dec,34,1,0,39.5,76.5,MEDIUM
GRD-08716,STU-08716,2025,Second_Term_Jan_Apr,35,2,0,89.7,4.5,LOW
GRD-08717,STU-08717,2025,Second_Term_Jan_Apr,30,2,0,74.6,4.9,LOW
GRD-08718,STU-08718,2023,Third_Term_May_Jul,28,0,0,96.4,4.5,LOW
GRD-08719,STU-08719,2025,Second_Term_Jan_Apr,70,2,0,28.5,71.4,MEDIUM
GRD-08720,STU-08720,2023,First_Term_Sep_Dec,90,6,0,5.5,,HIGH
GRD-08721,STU-08721,2024,Third_Term_May_Jul,30,1,0,21.1,66.3,LOW
GRD-08722,STU-08722,2025,First_Term_Sep_Dec,23,0,0,20.0,0.7,LOW
GRD-08723,STU-08723,2024,Second_Term_Jan_Apr,20,0,0,27.1,,MEDIUM
GRD-08724,STU-08724,2023,Third_Term_May_Jul,36,0,0,92.5,5.7,LOW
GRD-08725,STU-08725,2025,Second_Term_Jan_Apr,0,1,1,25.6,72.4,LOW
GRD-08726,STU-08726,2023,Second_Term_Jan_Apr,93,4,0,2.0,,HIGH
GRD-08727,STU-08727,2024,Second_Term_Jan_Apr,8,1,0,38.2,70.0,LOW
GRD-08728,STU-08728,2025,Second_Term_Jan_Apr,18,0,0,28.7,,MEDIUM
GRD-08729,STU-08729,2024,First_Term_Sep_Dec,117,7,0,9.1,,HIGH
GRD-08730,STU-08730,2025,Second_Term_Jan_Apr,16,0,0,25.3,0.3,LOW
GRD-08731,STU-08731,2024,Third_Term_May_Jul,31,0,0,40.5,57.6,LOW
GRD-08732,STU-08732,2025,Second_Term_Jan_Apr,26,1,0,76.6,7.2,LOW
GRD-08733,STU-08733,2023,First_Term_Sep_Dec,90,4,0,3.0,,HIGH
GRD-08734,STU-08734,2024,Second_Term_Jan_Apr,49,1,0,84.0,4.6,LOW
GRD-08735,STU-08735,2025,Second_Term_Jan_Apr,91,4,0,3.6,,HIGH
GRD-08736,STU-08736,2023,Second_Term_Jan_Apr,37,1,0,76.2,1.8,LOW
GRD-08737,STU-08737,2024,First_Term_Sep_Dec,0,0,1,27.8,62.9,LOW
GRD-08738,STU-08738,2023,First_Term_Sep_Dec,93,3,0,30.0,78.1,HIGH
GRD-08739,STU-08739,2023,Second_Term_Jan_Apr,35,1,0,83.6,7.3,LOW
GRD-08740,STU-08740,2024,Third_Term_May_Jul,159,4,0,2.2,,HIGH
GRD-08741,STU-08741,2025,Second_Term_Jan_Apr,51,1,0,76.8,1.2,LOW
GRD-08742,STU-08742,2023,Second_Term_Jan_Apr,94,6,0,8.6,,HIGH
GRD-08743,STU-08743,2023,Third_Term_May_Jul,14,0,0,31.7,,LOW
GRD-08744,STU-08744,2024,Second_Term_Jan_Apr,50,0,0,81.1,4.1,LOW
GRD-08745,STU-08745,2023,Second_Term_Jan_Apr,90,4,0,10.8,,HIGH
GRD-08746,STU-08746,2023,Second_Term_Jan_Apr,109,4,0,5.7,,HIGH
GRD-08747,STU-08747,2025,Third_Term_May_Jul,146,5,0,4.7,,HIGH
GRD-08748,STU-08748,2025,Second_Term_Jan_Apr,36,0,0,81.6,3.3,LOW
GRD-08749,STU-08749,2025,Third_Term_May_Jul,136,3,0,5.1,,HIGH
GRD-08750,STU-08750,2024,Second_Term_Jan_Apr,20,1,0,19.5,58.9,LOW
GRD-08751,STU-08751,2024,Third_Term_May_Jul,41,1,0,26.9,78.9,MEDIUM
GRD-08752,STU-08752,2024,Third_Term_May_Jul,39,0,0,22.3,70.3,LOW
GRD-08753,STU-08753,2025,Third_Term_May_Jul,29,1,0,19.9,82.2,LOW
GRD-08754,STU-08754,2025,First_Term_Sep_Dec,25,0,0,33.8,0.7,LOW
GRD-08755,STU-08755,2024,Third_Term_May_Jul,0,1,0,34.9,73.4,LOW
GRD-08756,STU-08756,2024,Third_Term_May_Jul,26,1,0,93.3,2.2,LOW
GRD-08757,STU-08757,2025,Second_Term_Jan_Apr,16,0,0,24.3,0.6,LOW
GRD-08758,STU-08758,2023,Second_Term_Jan_Apr,7,0,0,36.0,0.2,LOW
GRD-08759,STU-08759,2024,First_Term_Sep_Dec,18,0,0,93.5,3.9,LOW
GRD-08760,STU-08760,2024,First_Term_Sep_Dec,64,2,0,27.0,43.8,MEDIUM
GRD-08761,STU-08761,2024,Second_Term_Jan_Apr,37,2,0,23.8,43.7,MEDIUM
GRD-08762,STU-08762,2025,Third_Term_May_Jul,154,4,0,2.6,,HIGH
GRD-08763,STU-08763,2024,First_Term_Sep_Dec,8,1,0,28.6,70.5,LOW
GRD-08764,STU-08764,2023,Third_Term_May_Jul,10,1,0,37.1,68.4,LOW
GRD-08765,STU-08765,2025,First_Term_Sep_Dec,0,0,1,91.9,2.4,LOW
GRD-08766,STU-08766,2025,Second_Term_Jan_Apr,123,4,0,4.4,,HIGH
GRD-08767,STU-08767,2023,Third_Term_May_Jul,0,2,1,26.3,67.0,LOW
GRD-08768,STU-08768,2024,Third_Term_May_Jul,22,0,0,97.4,4.1,LOW
GRD-08769,STU-08769,2025,First_Term_Sep_Dec,17,0,0,82.2,6.4,LOW
GRD-08770,STU-08770,2024,Second_Term_Jan_Apr,137,4,0,4.0,,HIGH
GRD-08771,STU-08771,2024,First_Term_Sep_Dec,75,2,0,31.1,53.9,MEDIUM
GRD-08772,STU-08772,2024,Second_Term_Jan_Apr,16,0,0,27.2,0.4,LOW
GRD-08773,STU-08773,2024,Third_Term_May_Jul,43,1,0,19.6,69.4,MEDIUM
GRD-08774,STU-08774,2023,First_Term_Sep_Dec,15,1,0,90.8,0.8,LOW
GRD-08775,STU-08775,2025,Second_Term_Jan_Apr,109,6,0,10.2,,HIGH
GRD-08776,STU-08776,2025,Third_Term_May_Jul,33,2,0,35.2,70.5,MEDIUM
GRD-08777,STU-08777,2025,Second_Term_Jan_Apr,30,2,0,20.7,79.4,LOW
GRD-08778,STU-08778,2023,Second_Term_Jan_Apr,46,0,0,77.6,7.8,LOW
GRD-08779,STU-08779,2024,Third_Term_May_Jul,12,0,0,30.9,,LOW
GRD-08780,STU-08780,2024,Third_Term_May_Jul,26,0,0,96.5,1.7,LOW
GRD-08781,STU-08781,2024,Third_Term_May_Jul,34,1,0,98.0,2.5,LOW
GRD-08782,STU-08782,2025,Second_Term_Jan_Apr,0,0,1,26.2,0.3,LOW
GRD-08783,STU-08783,2025,First_Term_Sep_Dec,16,2,0,16.7,33.6,LOW
GRD-08784,STU-08784,2024,Second_Term_Jan_Apr,41,2,0,34.8,108.8,MEDIUM
GRD-08785,STU-08785,2023,Second_Term_Jan_Apr,144,6,0,0.0,,HIGH
GRD-08786,STU-08786,2024,Third_Term_May_Jul,18,0,0,29.0,,MEDIUM
GRD-08787,STU-08787,2023,First_Term_Sep_Dec,13,1,0,87.4,3.5,LOW
GRD-08788,STU-08788,2023,First_Term_Sep_Dec,22,1,0,91.8,4.7,LOW
GRD-08789,STU-08789,2023,First_Term_Sep_Dec,13,0,0,95.7,3.0,LOW
GRD-08790,STU-08790,2024,Third_Term_May_Jul,10,0,0,31.0,,LOW
GRD-08791,STU-08791,2025,Second_Term_Jan_Apr,23,0,0,30.5,0.3,LOW
GRD-08792,STU-08792,2023,Third_Term_May_Jul,23,0,0,23.0,0.7,LOW
GRD-08793,STU-08793,2025,First_Term_Sep_Dec,90,4,0,7.0,,HIGH
GRD-08794,STU-08794,2025,First_Term_Sep_Dec,17,0,0,97.4,1.1,LOW
GRD-08795,STU-08795,2024,Third_Term_May_Jul,16,0,0,24.2,0.6,LOW
GRD-08796,STU-08796,2023,First_Term_Sep_Dec,64,1,0,21.9,61.9,MEDIUM
GRD-08797,STU-08797,2024,Second_Term_Jan_Apr,19,0,0,24.2,0.4,LOW
GRD-08798,STU-08798,2023,Third_Term_May_Jul,18,0,0,34.0,,MEDIUM
GRD-08799,STU-08799,2023,Third_Term_May_Jul,22,2,0,92.7,2.6,LOW
GRD-08800,STU-08800,2024,Third_Term_May_Jul,27,0,0,94.9,5.1,LOW
GRD-08801,STU-08801,2024,Third_Term_May_Jul,0,0,1,25.7,72.8,LOW
GRD-08802,STU-08802,2024,First_Term_Sep_Dec,1,1,0,23.4,65.4,LOW
GRD-08803,STU-08803,2024,First_Term_Sep_Dec,14,0,0,100.0,4.5,LOW
GRD-08804,STU-08804,2024,Third_Term_May_Jul,15,2,0,29.3,73.0,LOW
GRD-08805,STU-08805,2023,Third_Term_May_Jul,26,1,0,99.3,6.1,LOW
GRD-08806,STU-08806,2023,First_Term_Sep_Dec,90,5,0,9.3,,HIGH
GRD-08807,STU-08807,2025,First_Term_Sep_Dec,13,0,0,31.6,,LOW
GRD-08808,STU-08808,2024,Third_Term_May_Jul,38,1,0,94.6,1.9,LOW
GRD-08809,STU-08809,2025,First_Term_Sep_Dec,36,2,0,26.9,50.2,MEDIUM
GRD-08810,STU-08810,2025,First_Term_Sep_Dec,90,1,0,8.1,,HIGH
GRD-08811,STU-08811,2025,Third_Term_May_Jul,56,1,0,25.0,64.0,MEDIUM
GRD-08812,STU-08812,2023,First_Term_Sep_Dec,78,2,0,23.2,70.5,MEDIUM
GRD-08813,STU-08813,2023,Second_Term_Jan_Apr,111,7,0,3.9,,HIGH
GRD-08814,STU-08814,2023,First_Term_Sep_Dec,90,7,0,12.0,,HIGH
GRD-08815,STU-08815,2024,Second_Term_Jan_Apr,45,1,0,14.6,88.5,MEDIUM
GRD-08816,STU-08816,2024,Third_Term_May_Jul,20,1,0,93.0,2.8,LOW
GRD-08817,STU-08817,2025,Second_Term_Jan_Apr,35,0,0,80.0,4.0,LOW
GRD-08818,STU-08818,2024,Second_Term_Jan_Apr,58,2,0,30.6,71.3,MEDIUM
GRD-08819,STU-08819,2023,First_Term_Sep_Dec,0,2,0,36.8,89.2,LOW
GRD-08820,STU-08820,2023,First_Term_Sep_Dec,38,1,0,28.6,57.8,MEDIUM
GRD-08821,STU-08821,2023,Second_Term_Jan_Apr,41,0,0,81.3,4.4,LOW
GRD-08822,STU-08822,2024,Second_Term_Jan_Apr,12,0,0,29.9,,LOW
GRD-08823,STU-08823,2024,Second_Term_Jan_Apr,0,1,1,32.0,52.2,LOW
GRD-08824,STU-08824,2025,First_Term_Sep_Dec,90,2,0,4.1,,HIGH
GRD-08825,STU-08825,2023,First_Term_Sep_Dec,18,2,0,95.3,5.2,LOW
GRD-08826,STU-08826,2023,First_Term_Sep_Dec,15,0,0,89.5,5.5,LOW
GRD-08827,STU-08827,2023,Third_Term_May_Jul,33,1,0,93.1,2.1,LOW
GRD-08828,STU-08828,2023,Second_Term_Jan_Apr,29,2,0,22.6,84.0,LOW
GRD-08829,STU-08829,2023,First_Term_Sep_Dec,90,3,0,2.5,,HIGH
GRD-08830,STU-08830,2024,First_Term_Sep_Dec,90,3,0,9.1,,HIGH
GRD-08831,STU-08831,2024,Second_Term_Jan_Apr,53,1,0,80.4,3.8,LOW
GRD-08832,STU-08832,2024,Third_Term_May_Jul,24,2,0,24.4,43.3,LOW
GRD-08833,STU-08833,2023,Third_Term_May_Jul,51,2,0,35.4,52.8,MEDIUM
GRD-08834,STU-08834,2025,First_Term_Sep_Dec,21,0,0,28.3,,MEDIUM
GRD-08835,STU-08835,2023,Second_Term_Jan_Apr,23,0,0,71.4,4.3,LOW
GRD-08836,STU-08836,2025,Second_Term_Jan_Apr,13,2,0,16.9,92.0,LOW
GRD-08837,STU-08837,2023,Second_Term_Jan_Apr,51,0,0,77.8,2.8,LOW
GRD-08838,STU-08838,2024,First_Term_Sep_Dec,12,0,0,32.3,0.2,LOW
GRD-08839,STU-08839,2025,Second_Term_Jan_Apr,66,2,0,19.7,61.5,MEDIUM
GRD-08840,STU-08840,2024,First_Term_Sep_Dec,64,1,0,14.9,42.5,MEDIUM
GRD-08841,STU-08841,2023,First_Term_Sep_Dec,90,3,0,11.1,,HIGH
GRD-08842,STU-08842,2025,First_Term_Sep_Dec,90,3,0,8.6,,HIGH
GRD-08843,STU-08843,2025,Second_Term_Jan_Apr,90,5,0,7.0,,HIGH
GRD-08844,STU-08844,2024,Second_Term_Jan_Apr,48,2,0,27.7,92.8,MEDIUM
GRD-08845,STU-08845,2023,Second_Term_Jan_Apr,46,0,0,86.3,1.2,LOW
GRD-08846,STU-08846,2023,Third_Term_May_Jul,6,0,0,33.7,0.5,LOW
GRD-08847,STU-08847,2025,Second_Term_Jan_Apr,26,1,0,80.1,3.9,LOW
GRD-08848,STU-08848,2023,First_Term_Sep_Dec,14,0,0,97.8,6.0,LOW
GRD-08849,STU-08849,2025,First_Term_Sep_Dec,18,0,0,25.8,0.6,LOW
GRD-08850,STU-08850,2025,Second_Term_Jan_Apr,27,2,0,28.7,83.9,LOW
GRD-08851,STU-08851,2023,First_Term_Sep_Dec,20,0,0,98.0,2.5,LOW
GRD-08852,STU-08852,2025,First_Term_Sep_Dec,9,1,0,97.6,2.5,LOW
GRD-08853,STU-08853,2023,Third_Term_May_Jul,30,0,0,100.0,2.4,LOW
GRD-08854,STU-08854,2024,First_Term_Sep_Dec,24,0,0,32.8,0.6,LOW
GRD-08855,STU-08855,2024,Third_Term_May_Jul,63,0,0,40.5,68.9,LOW
GRD-08856,STU-08856,2024,First_Term_Sep_Dec,53,2,0,25.6,57.9,MEDIUM
GRD-08857,STU-08857,2024,First_Term_Sep_Dec,8,3,0,29.5,70.7,MEDIUM
GRD-08858,STU-08858,2023,First_Term_Sep_Dec,0,1,1,92.2,3.6,LOW
GRD-08859,STU-08859,2024,Third_Term_May_Jul,133,4,0,0.1,,HIGH
GRD-08860,STU-08860,2025,First_Term_Sep_Dec,20,2,0,23.7,51.1,LOW
GRD-08861,STU-08861,2024,Second_Term_Jan_Apr,14,0,0,37.2,0.5,LOW
GRD-08862,STU-08862,2023,Second_Term_Jan_Apr,87,2,0,32.4,50.5,MEDIUM
GRD-08863,STU-08863,2025,First_Term_Sep_Dec,49,1,0,26.8,44.5,MEDIUM
GRD-08864,STU-08864,2024,Second_Term_Jan_Apr,41,0,0,34.5,44.7,LOW
GRD-08865,STU-08865,2024,Third_Term_May_Jul,32,0,0,99.1,5.2,LOW
GRD-08866,STU-08866,2025,First_Term_Sep_Dec,14,0,0,38.9,,LOW
GRD-08867,STU-08867,2023,First_Term_Sep_Dec,90,6,0,9.8,,HIGH
GRD-08868,STU-08868,2025,Third_Term_May_Jul,8,0,0,33.4,0.5,LOW
GRD-08869,STU-08869,2023,Second_Term_Jan_Apr,137,6,0,3.5,,HIGH
GRD-08870,STU-08870,2023,Third_Term_May_Jul,0,1,1,30.8,38.8,LOW
GRD-08871,STU-08871,2025,Second_Term_Jan_Apr,38,0,0,82.0,9.1,LOW
GRD-08872,STU-08872,2025,First_Term_Sep_Dec,21,1,0,29.0,55.0,LOW
GRD-08873,STU-08873,2024,Second_Term_Jan_Apr,150,4,0,1.8,,HIGH
GRD-08874,STU-08874,2024,Third_Term_May_Jul,18,1,0,100.0,3.6,LOW
GRD-08875,STU-08875,2025,Third_Term_May_Jul,18,0,0,22.0,0.2,LOW
GRD-08876,STU-08876,2023,Second_Term_Jan_Apr,33,0,0,83.3,4.7,LOW
GRD-08877,STU-08877,2024,Second_Term_Jan_Apr,0,1,0,36.1,80.0,LOW
GRD-08878,STU-08878,2024,Second_Term_Jan_Apr,43,0,0,67.6,7.0,LOW
GRD-08879,STU-08879,2023,Second_Term_Jan_Apr,19,0,0,26.9,0.5,LOW
GRD-08880,STU-08880,2024,Second_Term_Jan_Apr,80,2,0,21.9,39.0,MEDIUM
GRD-08881,STU-08881,2024,Third_Term_May_Jul,12,0,0,35.9,0.6,LOW
GRD-08882,STU-08882,2025,Third_Term_May_Jul,0,0,1,34.0,0.3,LOW
GRD-08883,STU-08883,2023,Third_Term_May_Jul,18,0,0,23.9,,MEDIUM
GRD-08884,STU-08884,2025,Third_Term_May_Jul,0,2,1,26.1,65.0,LOW
GRD-08885,STU-08885,2024,Second_Term_Jan_Apr,16,0,0,20.1,0.6,LOW
GRD-08886,STU-08886,2024,Third_Term_May_Jul,20,1,0,100.0,3.1,LOW
GRD-08887,STU-08887,2024,First_Term_Sep_Dec,12,0,0,86.0,4.7,LOW
GRD-08888,STU-08888,2024,Second_Term_Jan_Apr,33,1,0,92.1,4.9,LOW
GRD-08889,STU-08889,2024,Second_Term_Jan_Apr,58,1,0,30.0,81.0,MEDIUM
GRD-08890,STU-08890,2025,First_Term_Sep_Dec,90,5,0,8.5,,HIGH
GRD-08891,STU-08891,2024,Second_Term_Jan_Apr,25,1,0,33.9,70.4,LOW
GRD-08892,STU-08892,2025,Second_Term_Jan_Apr,35,1,0,78.0,7.0,LOW
GRD-08893,STU-08893,2025,Second_Term_Jan_Apr,18,0,0,35.9,0.2,LOW
GRD-08894,STU-08894,2024,First_Term_Sep_Dec,90,6,0,1.0,,HIGH
GRD-08895,STU-08895,2024,Third_Term_May_Jul,29,0,0,83.7,3.9,LOW
GRD-08896,STU-08896,2023,Second_Term_Jan_Apr,68,1,0,81.3,3.9,MEDIUM
GRD-08897,STU-08897,2023,Third_Term_May_Jul,122,3,0,8.1,,HIGH
GRD-08898,STU-08898,2025,Second_Term_Jan_Apr,17,0,0,33.0,,MEDIUM
GRD-08899,STU-08899,2023,First_Term_Sep_Dec,16,1,0,24.0,34.4,LOW
GRD-08900,STU-08900,2025,Third_Term_May_Jul,40,1,0,90.2,1.0,LOW
GRD-08901,STU-08901,2024,Second_Term_Jan_Apr,126,5,0,5.2,,HIGH
GRD-08902,STU-08902,2023,Third_Term_May_Jul,21,0,0,33.1,0.8,LOW
GRD-08903,STU-08903,2025,First_Term_Sep_Dec,90,1,0,0.0,,HIGH
GRD-08904,STU-08904,2023,First_Term_Sep_Dec,90,6,0,7.1,,HIGH
GRD-08905,STU-08905,2024,Second_Term_Jan_Apr,34,0,0,75.0,6.4,LOW
GRD-08906,STU-08906,2024,Third_Term_May_Jul,31,1,0,97.5,5.6,LOW
GRD-08907,STU-08907,2025,Second_Term_Jan_Apr,42,0,0,83.1,8.2,LOW
GRD-08908,STU-08908,2023,Third_Term_May_Jul,111,1,0,5.3,,HIGH
GRD-08909,STU-08909,2023,Third_Term_May_Jul,15,0,0,35.6,,MEDIUM
GRD-08910,STU-08910,2024,First_Term_Sep_Dec,9,0,0,81.7,2.4,LOW
GRD-08911,STU-08911,2025,First_Term_Sep_Dec,10,1,0,88.0,3.9,LOW
GRD-08912,STU-08912,2024,First_Term_Sep_Dec,35,2,0,25.1,58.1,MEDIUM
GRD-08913,STU-08913,2024,First_Term_Sep_Dec,0,2,1,24.1,50.5,LOW
GRD-08914,STU-08914,2023,Second_Term_Jan_Apr,21,1,0,20.3,69.2,LOW
GRD-08915,STU-08915,2023,Second_Term_Jan_Apr,41,0,0,80.4,4.4,LOW
GRD-08916,STU-08916,2023,Third_Term_May_Jul,4,3,0,23.5,72.7,MEDIUM
GRD-08917,STU-08917,2024,Third_Term_May_Jul,29,0,0,100.0,2.1,LOW
GRD-08918,STU-08918,2025,Second_Term_Jan_Apr,29,0,0,81.8,7.0,LOW
GRD-08919,STU-08919,2023,First_Term_Sep_Dec,42,0,0,30.2,71.1,LOW
GRD-08920,STU-08920,2023,Second_Term_Jan_Apr,44,0,0,73.4,3.5,LOW
GRD-08921,STU-08921,2025,First_Term_Sep_Dec,90,3,0,3.5,,HIGH
GRD-08922,STU-08922,2024,First_Term_Sep_Dec,53,2,0,38.1,57.7,MEDIUM
GRD-08923,STU-08923,2025,Third_Term_May_Jul,9,2,0,21.6,34.5,LOW
GRD-08924,STU-08924,2024,Third_Term_May_Jul,0,0,1,34.8,72.1,LOW
GRD-08925,STU-08925,2023,First_Term_Sep_Dec,16,0,0,100.0,5.0,LOW
GRD-08926,STU-08926,2023,Third_Term_May_Jul,1,2,0,29.6,75.1,LOW
GRD-08927,STU-08927,2024,Second_Term_Jan_Apr,16,0,0,37.8,0.2,LOW
GRD-08928,STU-08928,2025,First_Term_Sep_Dec,11,0,0,89.8,5.6,LOW
GRD-08929,STU-08929,2023,Third_Term_May_Jul,114,5,0,4.4,,HIGH
GRD-08930,STU-08930,2024,Second_Term_Jan_Apr,0,0,1,30.9,,LOW
GRD-08931,STU-08931,2023,Third_Term_May_Jul,74,2,0,25.8,55.4,MEDIUM
GRD-08932,STU-08932,2023,Third_Term_May_Jul,104,5,0,7.2,,HIGH
GRD-08933,STU-08933,2024,Second_Term_Jan_Apr,17,0,0,26.4,,MEDIUM
GRD-08934,STU-08934,2023,Third_Term_May_Jul,27,0,0,91.4,4.2,LOW
GRD-08935,STU-08935,2023,Second_Term_Jan_Apr,44,1,0,82.3,5.7,LOW
GRD-08936,STU-08936,2025,Third_Term_May_Jul,33,0,0,97.6,4.7,LOW
GRD-08937,STU-08937,2023,First_Term_Sep_Dec,113,6,0,7.9,,HIGH
GRD-08938,STU-08938,2025,First_Term_Sep_Dec,0,1,1,16.6,59.7,LOW
GRD-08939,STU-08939,2023,First_Term_Sep_Dec,0,1,1,20.3,51.1,LOW
GRD-08940,STU-08940,2025,First_Term_Sep_Dec,4,2,0,19.9,60.7,LOW
GRD-08941,STU-08941,2025,First_Term_Sep_Dec,0,0,1,24.0,59.9,LOW
GRD-08942,STU-08942,2023,First_Term_Sep_Dec,14,0,0,95.8,2.8,LOW
GRD-08943,STU-08943,2024,First_Term_Sep_Dec,17,0,0,31.6,0.6,LOW
GRD-08944,STU-08944,2025,First_Term_Sep_Dec,18,0,0,89.0,3.6,LOW
GRD-08945,STU-08945,2023,Second_Term_Jan_Apr,52,0,0,75.4,6.2,LOW
GRD-08946,STU-08946,2025,First_Term_Sep_Dec,13,0,0,100.0,0.8,LOW
GRD-08947,STU-08947,2023,Second_Term_Jan_Apr,31,0,0,80.8,4.5,LOW
GRD-08948,STU-08948,2024,Third_Term_May_Jul,0,1,1,20.6,65.9,LOW
GRD-08949,STU-08949,2023,Third_Term_May_Jul,65,2,0,29.8,55.3,MEDIUM
GRD-08950,STU-08950,2024,Third_Term_May_Jul,38,1,0,29.9,65.4,MEDIUM
GRD-08951,STU-08951,2023,First_Term_Sep_Dec,23,0,0,36.6,0.4,LOW
GRD-08952,STU-08952,2025,First_Term_Sep_Dec,34,1,0,40.5,62.7,LOW
GRD-08953,STU-08953,2023,Third_Term_May_Jul,27,0,0,95.4,2.7,LOW
GRD-08954,STU-08954,2025,Second_Term_Jan_Apr,58,0,0,86.2,4.2,LOW
GRD-08955,STU-08955,2025,Second_Term_Jan_Apr,0,2,1,28.9,77.5,LOW
GRD-08956,STU-08956,2024,Second_Term_Jan_Apr,90,3,0,8.7,,HIGH
GRD-08957,STU-08957,2025,First_Term_Sep_Dec,0,1,1,27.7,51.0,LOW
GRD-08958,STU-08958,2024,First_Term_Sep_Dec,0,0,1,15.9,61.0,LOW
GRD-08959,STU-08959,2023,First_Term_Sep_Dec,18,0,0,96.6,2.5,LOW
GRD-08960,STU-08960,2023,First_Term_Sep_Dec,39,1,0,31.7,80.4,MEDIUM
GRD-08961,STU-08961,2023,Third_Term_May_Jul,16,0,0,30.9,,MEDIUM
GRD-08962,STU-08962,2025,Third_Term_May_Jul,16,0,0,35.4,,MEDIUM
GRD-08963,STU-08963,2024,First_Term_Sep_Dec,11,0,0,28.0,0.1,LOW
GRD-08964,STU-08964,2023,Second_Term_Jan_Apr,89,1,0,18.1,65.7,MEDIUM
GRD-08965,STU-08965,2023,Second_Term_Jan_Apr,42,0,0,79.0,3.9,LOW
GRD-08966,STU-08966,2024,Third_Term_May_Jul,26,0,0,83.7,5.4,LOW
GRD-08967,STU-08967,2023,Third_Term_May_Jul,68,1,0,26.0,60.4,MEDIUM
GRD-08968,STU-08968,2023,Third_Term_May_Jul,13,0,0,27.9,,LOW
GRD-08969,STU-08969,2024,Third_Term_May_Jul,15,0,0,27.3,0.5,LOW
GRD-08970,STU-08970,2025,Second_Term_Jan_Apr,15,0,0,36.4,0.7,LOW
GRD-08971,STU-08971,2025,First_Term_Sep_Dec,47,2,0,25.6,55.2,MEDIUM
GRD-08972,STU-08972,2024,First_Term_Sep_Dec,21,1,0,89.2,2.0,LOW
GRD-08973,STU-08973,2024,Second_Term_Jan_Apr,25,2,0,27.2,59.1,LOW
GRD-08974,STU-08974,2023,Second_Term_Jan_Apr,79,2,0,22.2,57.8,MEDIUM
GRD-08975,STU-08975,2023,Third_Term_May_Jul,34,1,0,28.5,55.0,MEDIUM
GRD-08976,STU-08976,2025,First_Term_Sep_Dec,12,0,0,34.5,0.4,LOW
GRD-08977,STU-08977,2025,First_Term_Sep_Dec,90,2,0,6.5,,HIGH
GRD-08978,STU-08978,2024,Second_Term_Jan_Apr,72,1,0,20.9,97.0,MEDIUM
GRD-08979,STU-08979,2023,Second_Term_Jan_Apr,22,1,0,28.6,82.3,LOW
GRD-08980,STU-08980,2023,Third_Term_May_Jul,21,1,0,86.8,3.5,LOW
GRD-08981,STU-08981,2023,Third_Term_May_Jul,27,1,0,100.0,2.1,LOW
GRD-08982,STU-08982,2025,First_Term_Sep_Dec,16,1,0,89.2,1.4,LOW
GRD-08983,STU-08983,2023,Second_Term_Jan_Apr,42,1,0,76.5,5.5,LOW
GRD-08984,STU-08984,2025,First_Term_Sep_Dec,60,2,0,25.5,36.5,MEDIUM
GRD-08985,STU-08985,2023,Third_Term_May_Jul,22,1,0,98.2,2.8,LOW
GRD-08986,STU-08986,2024,Third_Term_May_Jul,15,2,0,25.5,74.7,LOW
GRD-08987,STU-08987,2024,Second_Term_Jan_Apr,39,1,0,69.0,7.6,LOW
GRD-08988,STU-08988,2024,Third_Term_May_Jul,30,0,0,96.4,3.9,LOW
GRD-08989,STU-08989,2024,First_Term_Sep_Dec,20,0,0,30.2,,MEDIUM
GRD-08990,STU-08990,2025,Second_Term_Jan_Apr,0,2,1,30.9,71.2,LOW
GRD-08991,STU-08991,2023,Third_Term_May_Jul,151,4,0,7.9,,HIGH
GRD-08992,STU-08992,2023,First_Term_Sep_Dec,14,0,0,92.2,2.0,LOW
GRD-08993,STU-08993,2025,Third_Term_May_Jul,2,1,0,23.9,53.4,LOW
GRD-08994,STU-08994,2025,First_Term_Sep_Dec,2,2,0,33.0,50.6,LOW
GRD-08995,STU-08995,2024,Second_Term_Jan_Apr,45,1,0,16.5,79.3,MEDIUM
GRD-08996,STU-08996,2025,Third_Term_May_Jul,1,1,0,18.4,40.1,LOW
GRD-08997,STU-08997,2025,Second_Term_Jan_Apr,15,0,0,21.2,0.4,LOW
GRD-08998,STU-08998,2024,Second_Term_Jan_Apr,38,0,0,77.7,5.5,LOW
GRD-08999,STU-08999,2025,Second_Term_Jan_Apr,40,1,0,80.0,6.0,LOW
GRD-09000,STU-09000,2024,Third_Term_May_Jul,120,5,0,4.5,,HIGH
GRD-09001,STU-09001,2024,Third_Term_May_Jul,58,1,0,24.7,44.6,MEDIUM
GRD-09002,STU-09002,2023,First_Term_Sep_Dec,25,2,0,24.2,47.7,LOW
GRD-09003,STU-09003,2025,Second_Term_Jan_Apr,84,2,0,17.9,67.7,MEDIUM
GRD-09004,STU-09004,2023,Second_Term_Jan_Apr,85,1,0,24.9,79.6,MEDIUM
GRD-09005,STU-09005,2024,First_Term_Sep_Dec,90,5,0,7.0,,HIGH
GRD-09006,STU-09006,2024,Second_Term_Jan_Apr,43,1,0,75.7,2.3,LOW
GRD-09007,STU-09007,2024,Third_Term_May_Jul,29,1,0,98.3,2.8,LOW
GRD-09008,STU-09008,2025,Second_Term_Jan_Apr,21,0,0,33.2,,MEDIUM
GRD-09009,STU-09009,2025,First_Term_Sep_Dec,0,2,1,37.3,86.8,LOW
GRD-09010,STU-09010,2023,Third_Term_May_Jul,38,0,0,95.6,4.3,LOW
GRD-09011,STU-09011,2025,Second_Term_Jan_Apr,19,2,0,33.1,78.2,LOW
GRD-09012,STU-09012,2024,Second_Term_Jan_Apr,64,2,0,20.7,97.5,MEDIUM
GRD-09013,STU-09013,2024,Second_Term_Jan_Apr,130,3,0,4.5,,HIGH
GRD-09014,STU-09014,2024,First_Term_Sep_Dec,13,1,0,89.2,5.9,LOW
GRD-09015,STU-09015,2024,First_Term_Sep_Dec,15,0,0,32.4,0.4,LOW
GRD-09016,STU-09016,2024,First_Term_Sep_Dec,65,1,0,25.2,83.3,MEDIUM
GRD-09017,STU-09017,2023,Second_Term_Jan_Apr,18,0,0,28.0,,MEDIUM
GRD-09018,STU-09018,2025,First_Term_Sep_Dec,18,0,0,91.6,3.4,LOW
GRD-09019,STU-09019,2023,Second_Term_Jan_Apr,53,1,0,86.6,5.8,LOW
GRD-09020,STU-09020,2024,First_Term_Sep_Dec,0,0,1,94.1,4.7,LOW
GRD-09021,STU-09021,2024,Third_Term_May_Jul,15,0,0,23.1,0.4,LOW
GRD-09022,STU-09022,2023,Third_Term_May_Jul,41,2,0,20.3,53.1,MEDIUM
GRD-09023,STU-09023,2023,Second_Term_Jan_Apr,16,0,0,24.2,,MEDIUM
GRD-09024,STU-09024,2025,Second_Term_Jan_Apr,130,4,0,5.8,,HIGH
GRD-09025,STU-09025,2024,First_Term_Sep_Dec,17,1,0,97.5,2.2,LOW
GRD-09026,STU-09026,2023,Second_Term_Jan_Apr,116,5,0,0.0,,HIGH
GRD-09027,STU-09027,2023,First_Term_Sep_Dec,0,2,1,25.8,48.1,LOW
GRD-09028,STU-09028,2025,Second_Term_Jan_Apr,20,0,0,28.0,,MEDIUM
GRD-09029,STU-09029,2023,Third_Term_May_Jul,143,4,0,9.6,,HIGH
GRD-09030,STU-09030,2025,Third_Term_May_Jul,25,1,0,85.6,1.6,LOW
GRD-09031,STU-09031,2023,Third_Term_May_Jul,15,0,0,29.8,,MEDIUM
GRD-09032,STU-09032,2024,Third_Term_May_Jul,144,3,0,1.7,,HIGH
GRD-09033,STU-09033,2023,Third_Term_May_Jul,23,0,0,95.1,0.9,LOW
GRD-09034,STU-09034,2023,Second_Term_Jan_Apr,28,1,0,33.7,87.3,LOW
GRD-09035,STU-09035,2025,First_Term_Sep_Dec,0,1,1,92.9,4.3,LOW
GRD-09036,STU-09036,2024,Second_Term_Jan_Apr,112,6,0,0.0,,HIGH
GRD-09037,STU-09037,2023,Second_Term_Jan_Apr,17,0,0,30.0,0.9,LOW
GRD-09038,STU-09038,2023,First_Term_Sep_Dec,21,0,0,31.1,,MEDIUM
GRD-09039,STU-09039,2024,Third_Term_May_Jul,32,1,0,85.9,3.1,LOW
GRD-09040,STU-09040,2023,Second_Term_Jan_Apr,49,1,0,79.3,1.9,LOW
GRD-09041,STU-09041,2024,Third_Term_May_Jul,64,0,0,28.5,67.6,MEDIUM
GRD-09042,STU-09042,2025,Second_Term_Jan_Apr,47,0,0,83.4,6.7,LOW
GRD-09043,STU-09043,2024,First_Term_Sep_Dec,0,2,1,31.9,54.3,LOW
GRD-09044,STU-09044,2023,Second_Term_Jan_Apr,46,0,0,92.1,8.5,LOW
GRD-09045,STU-09045,2024,First_Term_Sep_Dec,0,1,1,87.6,1.7,LOW
GRD-09046,STU-09046,2023,Second_Term_Jan_Apr,161,5,0,7.0,,HIGH
GRD-09047,STU-09047,2025,Second_Term_Jan_Apr,158,3,0,4.1,,HIGH
GRD-09048,STU-09048,2025,Second_Term_Jan_Apr,124,3,0,4.1,,HIGH
GRD-09049,STU-09049,2025,First_Term_Sep_Dec,21,1,0,34.9,72.5,LOW
GRD-09050,STU-09050,2025,Third_Term_May_Jul,140,4,0,2.4,,HIGH
GRD-09051,STU-09051,2023,First_Term_Sep_Dec,16,0,0,23.0,0.8,LOW
GRD-09052,STU-09052,2024,Third_Term_May_Jul,14,2,0,24.7,46.0,LOW
GRD-09053,STU-09053,2025,Third_Term_May_Jul,12,1,0,27.5,71.4,LOW
GRD-09054,STU-09054,2024,Second_Term_Jan_Apr,0,2,1,27.9,103.0,LOW
GRD-09055,STU-09055,2025,First_Term_Sep_Dec,2,1,0,32.4,56.7,LOW
GRD-09056,STU-09056,2025,Second_Term_Jan_Apr,40,0,0,83.2,3.2,LOW
GRD-09057,STU-09057,2024,Second_Term_Jan_Apr,15,0,0,39.3,,MEDIUM
GRD-09058,STU-09058,2025,Second_Term_Jan_Apr,101,6,0,1.7,,HIGH
GRD-09059,STU-09059,2023,Second_Term_Jan_Apr,34,0,0,81.1,2.7,LOW
GRD-09060,STU-09060,2023,Second_Term_Jan_Apr,19,0,0,36.1,0.3,LOW
GRD-09061,STU-09061,2025,Third_Term_May_Jul,131,6,0,4.1,,HIGH
GRD-09062,STU-09062,2025,Second_Term_Jan_Apr,28,0,0,79.3,5.1,LOW
GRD-09063,STU-09063,2023,Second_Term_Jan_Apr,39,0,0,78.8,4.5,LOW
GRD-09064,STU-09064,2024,Third_Term_May_Jul,39,2,0,29.8,53.6,MEDIUM
GRD-09065,STU-09065,2023,Third_Term_May_Jul,0,2,0,30.2,88.2,LOW
GRD-09066,STU-09066,2024,Third_Term_May_Jul,188,3,0,3.5,,HIGH
GRD-09067,STU-09067,2023,Third_Term_May_Jul,16,0,0,32.5,0.3,LOW
GRD-09068,STU-09068,2025,Third_Term_May_Jul,21,0,0,22.0,58.8,LOW
GRD-09069,STU-09069,2023,First_Term_Sep_Dec,19,1,0,86.6,4.8,LOW
GRD-09070,STU-09070,2023,Second_Term_Jan_Apr,19,0,0,40.0,0.5,LOW
GRD-09071,STU-09071,2024,First_Term_Sep_Dec,49,3,0,26.7,86.5,MEDIUM
GRD-09072,STU-09072,2024,Third_Term_May_Jul,118,4,0,2.1,,HIGH
GRD-09073,STU-09073,2023,Third_Term_May_Jul,18,0,0,37.2,0.4,LOW
GRD-09074,STU-09074,2024,Third_Term_May_Jul,56,1,0,19.6,57.1,MEDIUM
GRD-09075,STU-09075,2025,First_Term_Sep_Dec,0,1,1,89.2,2.4,LOW
GRD-09076,STU-09076,2023,First_Term_Sep_Dec,90,2,0,5.2,,HIGH
GRD-09077,STU-09077,2024,Third_Term_May_Jul,18,0,0,32.9,0.4,LOW
GRD-09078,STU-09078,2025,Second_Term_Jan_Apr,34,1,0,79.4,3.7,LOW
GRD-09079,STU-09079,2024,First_Term_Sep_Dec,13,2,0,100.0,2.6,LOW
GRD-09080,STU-09080,2025,Second_Term_Jan_Apr,53,1,0,14.8,78.5,MEDIUM
GRD-09081,STU-09081,2024,Third_Term_May_Jul,22,1,0,34.9,61.1,LOW
GRD-09082,STU-09082,2025,First_Term_Sep_Dec,72,1,0,24.1,39.9,MEDIUM
GRD-09083,STU-09083,2023,Third_Term_May_Jul,28,0,0,92.6,4.0,LOW
GRD-09084,STU-09084,2024,Second_Term_Jan_Apr,64,1,0,32.7,39.4,MEDIUM
GRD-09085,STU-09085,2025,First_Term_Sep_Dec,90,5,0,0.0,,HIGH
GRD-09086,STU-09086,2025,Second_Term_Jan_Apr,0,1,1,23.2,53.0,LOW
GRD-09087,STU-09087,2025,Second_Term_Jan_Apr,40,0,0,80.5,3.4,LOW
GRD-09088,STU-09088,2023,Second_Term_Jan_Apr,105,5,0,1.8,,HIGH
GRD-09089,STU-09089,2024,First_Term_Sep_Dec,104,6,0,12.0,,HIGH
GRD-09090,STU-09090,2025,Third_Term_May_Jul,35,0,0,95.9,5.0,LOW
GRD-09091,STU-09091,2024,Third_Term_May_Jul,75,2,0,25.2,80.4,MEDIUM
GRD-09092,STU-09092,2025,Second_Term_Jan_Apr,42,0,0,83.0,6.8,LOW
GRD-09093,STU-09093,2025,Second_Term_Jan_Apr,45,1,0,80.9,1.2,LOW
GRD-09094,STU-09094,2023,First_Term_Sep_Dec,0,1,1,99.7,2.4,LOW
GRD-09095,STU-09095,2023,Second_Term_Jan_Apr,50,1,0,82.1,1.2,LOW
GRD-09096,STU-09096,2025,Second_Term_Jan_Apr,35,0,0,80.9,2.8,LOW
GRD-09097,STU-09097,2024,Second_Term_Jan_Apr,0,2,1,38.2,89.9,LOW
GRD-09098,STU-09098,2025,Second_Term_Jan_Apr,148,4,0,8.5,,HIGH
GRD-09099,STU-09099,2023,First_Term_Sep_Dec,0,0,1,92.2,3.0,LOW
GRD-09100,STU-09100,2023,First_Term_Sep_Dec,4,0,0,87.7,4.9,LOW
GRD-09101,STU-09101,2025,Second_Term_Jan_Apr,35,0,0,81.0,5.7,LOW
GRD-09102,STU-09102,2025,Second_Term_Jan_Apr,22,0,0,22.2,,MEDIUM
GRD-09103,STU-09103,2024,Second_Term_Jan_Apr,71,2,0,35.8,74.6,MEDIUM
GRD-09104,STU-09104,2024,First_Term_Sep_Dec,20,0,0,26.4,0.9,LOW
GRD-09105,STU-09105,2025,First_Term_Sep_Dec,12,1,0,98.3,4.6,LOW
GRD-09106,STU-09106,2024,First_Term_Sep_Dec,0,0,1,29.3,,LOW
GRD-09107,STU-09107,2024,First_Term_Sep_Dec,0,2,1,22.9,59.7,LOW
GRD-09108,STU-09108,2025,First_Term_Sep_Dec,14,0,0,95.9,4.0,LOW
GRD-09109,STU-09109,2023,Second_Term_Jan_Apr,51,1,0,24.4,58.6,MEDIUM
GRD-09110,STU-09110,2024,First_Term_Sep_Dec,90,3,0,6.1,,HIGH
GRD-09111,STU-09111,2024,Third_Term_May_Jul,26,3,0,29.5,70.7,MEDIUM
GRD-09112,STU-09112,2023,Third_Term_May_Jul,133,4,0,4.0,,HIGH
GRD-09113,STU-09113,2025,First_Term_Sep_Dec,0,2,1,33.5,80.4,LOW
GRD-09114,STU-09114,2023,First_Term_Sep_Dec,17,1,0,90.2,2.6,LOW
GRD-09115,STU-09115,2023,Second_Term_Jan_Apr,119,0,0,8.7,,HIGH
GRD-09116,STU-09116,2024,Third_Term_May_Jul,10,0,0,38.7,,LOW
GRD-09117,STU-09117,2023,Second_Term_Jan_Apr,64,3,0,25.7,99.1,MEDIUM
GRD-09118,STU-09118,2024,First_Term_Sep_Dec,16,0,0,84.5,2.8,LOW
GRD-09119,STU-09119,2024,Third_Term_May_Jul,172,7,0,0.8,,HIGH
GRD-09120,STU-09120,2025,Second_Term_Jan_Apr,20,0,0,30.8,0.4,LOW
GRD-09121,STU-09121,2023,Third_Term_May_Jul,45,2,0,13.7,49.6,MEDIUM
GRD-09122,STU-09122,2023,First_Term_Sep_Dec,10,0,0,33.3,0.4,LOW
GRD-09123,STU-09123,2025,First_Term_Sep_Dec,13,0,0,20.6,0.2,LOW
GRD-09124,STU-09124,2025,Third_Term_May_Jul,16,0,0,25.4,,MEDIUM
GRD-09125,STU-09125,2023,Second_Term_Jan_Apr,35,1,0,88.1,2.9,LOW
GRD-09126,STU-09126,2024,Third_Term_May_Jul,26,1,0,92.6,4.1,LOW
GRD-09127,STU-09127,2023,First_Term_Sep_Dec,31,1,0,21.0,92.8,MEDIUM
GRD-09128,STU-09128,2024,First_Term_Sep_Dec,67,2,0,30.3,77.5,MEDIUM
GRD-09129,STU-09129,2023,Third_Term_May_Jul,22,0,0,93.2,3.4,LOW
GRD-09130,STU-09130,2025,Third_Term_May_Jul,0,0,0,33.0,71.7,LOW
GRD-09131,STU-09131,2024,First_Term_Sep_Dec,42,1,0,24.3,54.3,MEDIUM
GRD-09132,STU-09132,2025,First_Term_Sep_Dec,99,6,0,6.6,,HIGH
GRD-09133,STU-09133,2024,First_Term_Sep_Dec,0,2,0,22.5,45.0,LOW
GRD-09134,STU-09134,2024,First_Term_Sep_Dec,99,6,0,7.8,,HIGH
GRD-09135,STU-09135,2025,First_Term_Sep_Dec,23,0,0,100.0,2.1,LOW
GRD-09136,STU-09136,2023,Third_Term_May_Jul,20,0,0,29.6,,MEDIUM
GRD-09137,STU-09137,2025,Third_Term_May_Jul,137,7,0,0.1,,HIGH
GRD-09138,STU-09138,2023,Third_Term_May_Jul,171,6,0,3.6,,HIGH
GRD-09139,STU-09139,2023,Third_Term_May_Jul,140,7,0,4.3,,HIGH
GRD-09140,STU-09140,2025,First_Term_Sep_Dec,13,0,0,97.7,5.1,LOW
GRD-09141,STU-09141,2025,Third_Term_May_Jul,151,4,0,5.9,,HIGH
GRD-09142,STU-09142,2023,Second_Term_Jan_Apr,37,0,0,73.1,6.4,LOW
GRD-09143,STU-09143,2023,Second_Term_Jan_Apr,145,2,0,6.0,,HIGH
GRD-09144,STU-09144,2023,Third_Term_May_Jul,27,1,0,95.2,5.3,LOW
GRD-09145,STU-09145,2025,Second_Term_Jan_Apr,27,1,0,76.7,5.8,LOW
GRD-09146,STU-09146,2023,Third_Term_May_Jul,8,1,0,22.6,67.9,LOW
GRD-09147,STU-09147,2023,Third_Term_May_Jul,18,0,0,32.1,,MEDIUM
GRD-09148,STU-09148,2025,Second_Term_Jan_Apr,1,1,0,16.0,74.2,LOW
GRD-09149,STU-09149,2024,Third_Term_May_Jul,67,2,0,31.1,81.8,MEDIUM
GRD-09150,STU-09150,2023,First_Term_Sep_Dec,90,3,0,0.0,,HIGH
GRD-09151,STU-09151,2023,Second_Term_Jan_Apr,21,0,0,32.5,0.6,LOW
GRD-09152,STU-09152,2025,Second_Term_Jan_Apr,53,0,0,76.4,3.3,LOW
GRD-09153,STU-09153,2023,Third_Term_May_Jul,16,0,0,28.6,,MEDIUM
GRD-09154,STU-09154,2024,First_Term_Sep_Dec,22,0,0,29.7,,MEDIUM
GRD-09155,STU-09155,2024,First_Term_Sep_Dec,13,0,0,89.5,4.4,LOW
GRD-09156,STU-09156,2024,First_Term_Sep_Dec,21,0,0,92.7,4.8,LOW
GRD-09157,STU-09157,2023,Second_Term_Jan_Apr,13,0,0,38.2,0.4,LOW
GRD-09158,STU-09158,2025,First_Term_Sep_Dec,96,3,0,4.6,,HIGH
GRD-09159,STU-09159,2025,Second_Term_Jan_Apr,14,0,0,26.0,,LOW
GRD-09160,STU-09160,2023,Second_Term_Jan_Apr,38,0,0,71.4,5.7,LOW
GRD-09161,STU-09161,2025,First_Term_Sep_Dec,90,4,0,9.8,,HIGH
GRD-09162,STU-09162,2023,First_Term_Sep_Dec,91,3,0,3.5,,HIGH
GRD-09163,STU-09163,2024,Third_Term_May_Jul,36,0,0,99.8,5.5,LOW
GRD-09164,STU-09164,2023,First_Term_Sep_Dec,34,0,0,37.0,79.6,LOW
GRD-09165,STU-09165,2023,Third_Term_May_Jul,58,2,0,18.0,67.1,MEDIUM
GRD-09166,STU-09166,2024,First_Term_Sep_Dec,0,2,1,23.8,68.5,LOW
GRD-09167,STU-09167,2023,Third_Term_May_Jul,11,0,0,33.7,0.5,LOW
GRD-09168,STU-09168,2025,Second_Term_Jan_Apr,16,0,0,29.3,,MEDIUM
GRD-09169,STU-09169,2023,Third_Term_May_Jul,29,0,0,94.5,4.8,LOW
GRD-09170,STU-09170,2023,Third_Term_May_Jul,30,1,0,98.8,3.1,LOW
GRD-09171,STU-09171,2024,Third_Term_May_Jul,39,2,0,22.4,65.9,MEDIUM
GRD-09172,STU-09172,2024,First_Term_Sep_Dec,20,0,0,96.6,2.1,LOW
GRD-09173,STU-09173,2024,First_Term_Sep_Dec,90,2,0,7.1,,HIGH
GRD-09174,STU-09174,2024,Second_Term_Jan_Apr,55,0,0,81.3,2.3,LOW
GRD-09175,STU-09175,2023,First_Term_Sep_Dec,108,3,0,6.6,,HIGH
GRD-09176,STU-09176,2025,First_Term_Sep_Dec,0,2,1,33.6,65.7,LOW
GRD-09177,STU-09177,2023,Second_Term_Jan_Apr,21,0,0,28.0,,MEDIUM
GRD-09178,STU-09178,2025,First_Term_Sep_Dec,23,0,0,36.8,,MEDIUM
GRD-09179,STU-09179,2023,Third_Term_May_Jul,0,1,1,19.0,65.1,LOW
GRD-09180,STU-09180,2023,Third_Term_May_Jul,181,4,0,1.3,,HIGH
GRD-09181,STU-09181,2025,Third_Term_May_Jul,16,0,0,22.9,,MEDIUM
GRD-09182,STU-09182,2024,Second_Term_Jan_Apr,18,0,0,34.7,0.1,LOW
GRD-09183,STU-09183,2024,Third_Term_May_Jul,140,5,0,3.9,,HIGH
GRD-09184,STU-09184,2023,First_Term_Sep_Dec,63,1,0,29.3,80.8,MEDIUM
GRD-09185,STU-09185,2024,First_Term_Sep_Dec,0,2,1,23.3,59.6,LOW
GRD-09186,STU-09186,2023,Third_Term_May_Jul,0,0,1,91.1,4.6,LOW
GRD-09187,STU-09187,2024,First_Term_Sep_Dec,90,4,0,7.1,,HIGH
GRD-09188,STU-09188,2023,First_Term_Sep_Dec,90,2,0,4.3,,HIGH
GRD-09189,STU-09189,2023,First_Term_Sep_Dec,13,0,0,40.0,0.4,LOW
GRD-09190,STU-09190,2024,Third_Term_May_Jul,0,1,1,31.3,67.8,LOW
GRD-09191,STU-09191,2023,Second_Term_Jan_Apr,10,0,0,26.2,0.2,LOW
GRD-09192,STU-09192,2024,Second_Term_Jan_Apr,14,0,0,28.5,,LOW
GRD-09193,STU-09193,2025,Second_Term_Jan_Apr,19,0,0,21.9,0.8,LOW
GRD-09194,STU-09194,2025,First_Term_Sep_Dec,25,0,0,31.3,,MEDIUM
GRD-09195,STU-09195,2023,Third_Term_May_Jul,63,1,0,22.6,74.3,MEDIUM
GRD-09196,STU-09196,2025,Third_Term_May_Jul,22,1,0,96.6,4.2,LOW
GRD-09197,STU-09197,2023,First_Term_Sep_Dec,73,0,0,19.3,61.8,MEDIUM
GRD-09198,STU-09198,2023,Second_Term_Jan_Apr,135,5,0,2.8,,HIGH
GRD-09199,STU-09199,2024,First_Term_Sep_Dec,90,2,0,9.6,,HIGH
GRD-09200,STU-09200,2024,First_Term_Sep_Dec,17,0,0,33.5,0.4,LOW
GRD-09201,STU-09201,2025,Second_Term_Jan_Apr,16,0,0,20.8,0.6,LOW
GRD-09202,STU-09202,2023,Third_Term_May_Jul,198,6,0,2.0,,HIGH
GRD-09203,STU-09203,2023,First_Term_Sep_Dec,14,0,0,31.0,0.8,LOW
GRD-09204,STU-09204,2023,Third_Term_May_Jul,34,2,0,33.5,71.2,MEDIUM
GRD-09205,STU-09205,2024,Second_Term_Jan_Apr,22,0,0,26.2,,MEDIUM
GRD-09206,STU-09206,2025,Second_Term_Jan_Apr,55,1,0,80.5,3.2,LOW
GRD-09207,STU-09207,2025,First_Term_Sep_Dec,27,1,0,38.4,66.7,LOW
GRD-09208,STU-09208,2025,Third_Term_May_Jul,78,2,0,26.2,65.8,MEDIUM
GRD-09209,STU-09209,2023,Second_Term_Jan_Apr,109,2,0,6.7,,HIGH
GRD-09210,STU-09210,2024,First_Term_Sep_Dec,18,1,0,94.6,3.3,LOW
GRD-09211,STU-09211,2025,First_Term_Sep_Dec,17,1,0,83.0,3.5,LOW
GRD-09212,STU-09212,2023,First_Term_Sep_Dec,53,1,0,26.9,72.0,MEDIUM
GRD-09213,STU-09213,2024,Second_Term_Jan_Apr,108,4,0,5.3,,HIGH
GRD-09214,STU-09214,2024,First_Term_Sep_Dec,67,3,0,24.6,83.4,MEDIUM
GRD-09215,STU-09215,2025,Second_Term_Jan_Apr,0,0,1,0.0,,MEDIUM
GRD-09216,STU-09216,2023,First_Term_Sep_Dec,20,0,0,92.1,4.0,LOW
GRD-09217,STU-09217,2025,Third_Term_May_Jul,29,0,0,91.6,5.3,LOW
GRD-09218,STU-09218,2025,First_Term_Sep_Dec,19,1,0,85.0,3.2,LOW
GRD-09219,STU-09219,2024,First_Term_Sep_Dec,90,5,0,5.9,,HIGH
GRD-09220,STU-09220,2023,First_Term_Sep_Dec,0,1,1,91.5,2.4,LOW
GRD-09221,STU-09221,2025,First_Term_Sep_Dec,18,1,0,83.0,3.8,LOW
GRD-09222,STU-09222,2024,First_Term_Sep_Dec,20,1,0,95.1,3.9,LOW
GRD-09223,STU-09223,2025,Second_Term_Jan_Apr,76,1,0,24.8,52.2,MEDIUM
GRD-09224,STU-09224,2024,Third_Term_May_Jul,20,0,0,40.0,0.3,LOW
GRD-09225,STU-09225,2023,Second_Term_Jan_Apr,38,0,0,78.5,3.8,LOW
GRD-09226,STU-09226,2023,Second_Term_Jan_Apr,20,0,0,35.5,0.4,LOW
GRD-09227,STU-09227,2023,Third_Term_May_Jul,34,0,0,96.1,6.3,LOW
GRD-09228,STU-09228,2025,Third_Term_May_Jul,90,2,0,7.2,,HIGH
GRD-09229,STU-09229,2025,Third_Term_May_Jul,18,0,0,36.2,,MEDIUM
GRD-09230,STU-09230,2025,Second_Term_Jan_Apr,32,1,0,81.8,6.0,LOW
GRD-09231,STU-09231,2025,Third_Term_May_Jul,105,5,0,9.6,,HIGH
GRD-09232,STU-09232,2023,Third_Term_May_Jul,18,0,0,30.9,0.4,LOW
GRD-09233,STU-09233,2023,First_Term_Sep_Dec,0,1,1,31.1,52.7,LOW
GRD-09234,STU-09234,2025,Second_Term_Jan_Apr,91,7,0,1.2,,HIGH
GRD-09235,STU-09235,2024,First_Term_Sep_Dec,21,1,0,99.6,3.6,LOW
GRD-09236,STU-09236,2025,Third_Term_May_Jul,25,2,0,33.3,63.6,LOW
GRD-09237,STU-09237,2023,First_Term_Sep_Dec,90,6,0,4.2,,HIGH
GRD-09238,STU-09238,2025,First_Term_Sep_Dec,90,3,0,3.1,,HIGH
GRD-09239,STU-09239,2023,First_Term_Sep_Dec,0,1,1,27.2,66.7,LOW
GRD-09240,STU-09240,2024,First_Term_Sep_Dec,18,0,0,91.1,3.9,LOW
GRD-09241,STU-09241,2025,First_Term_Sep_Dec,90,3,0,5.2,,HIGH
GRD-09242,STU-09242,2025,First_Term_Sep_Dec,10,1,0,96.0,3.9,LOW
GRD-09243,STU-09243,2023,Second_Term_Jan_Apr,92,3,0,24.9,49.1,HIGH
GRD-09244,STU-09244,2023,Third_Term_May_Jul,34,1,0,94.3,3.0,LOW
GRD-09245,STU-09245,2025,Second_Term_Jan_Apr,30,1,0,87.3,5.4,LOW
GRD-09246,STU-09246,2025,Second_Term_Jan_Apr,48,0,0,20.6,70.3,LOW
GRD-09247,STU-09247,2024,Third_Term_May_Jul,25,0,0,87.3,3.7,LOW
GRD-09248,STU-09248,2025,Third_Term_May_Jul,9,0,0,34.5,0.5,LOW
GRD-09249,STU-09249,2024,First_Term_Sep_Dec,19,0,0,31.3,0.3,LOW
GRD-09250,STU-09250,2025,Second_Term_Jan_Apr,110,5,0,7.5,,HIGH
GRD-09251,STU-09251,2024,Third_Term_May_Jul,0,1,1,28.7,80.3,LOW
GRD-09252,STU-09252,2023,First_Term_Sep_Dec,90,5,0,0.0,,HIGH
GRD-09253,STU-09253,2024,Third_Term_May_Jul,154,1,0,2.6,,HIGH
GRD-09254,STU-09254,2025,Second_Term_Jan_Apr,16,0,0,27.3,,MEDIUM
GRD-09255,STU-09255,2024,First_Term_Sep_Dec,72,1,0,40.5,64.3,MEDIUM
GRD-09256,STU-09256,2024,Second_Term_Jan_Apr,34,1,0,72.7,6.1,LOW
GRD-09257,STU-09257,2024,Third_Term_May_Jul,35,2,0,26.7,53.3,MEDIUM
GRD-09258,STU-09258,2025,Second_Term_Jan_Apr,14,0,0,34.1,,LOW
GRD-09259,STU-09259,2023,Second_Term_Jan_Apr,75,2,0,24.9,60.6,MEDIUM
GRD-09260,STU-09260,2024,First_Term_Sep_Dec,18,3,0,26.1,71.6,MEDIUM
GRD-09261,STU-09261,2023,First_Term_Sep_Dec,15,1,0,92.7,4.4,LOW
GRD-09262,STU-09262,2024,Second_Term_Jan_Apr,13,1,0,29.9,68.4,LOW
GRD-09263,STU-09263,2025,Third_Term_May_Jul,19,0,0,25.5,0.6,LOW
GRD-09264,STU-09264,2024,First_Term_Sep_Dec,12,1,0,89.3,2.9,LOW
GRD-09265,STU-09265,2023,Second_Term_Jan_Apr,53,2,0,19.3,69.4,MEDIUM
GRD-09266,STU-09266,2024,First_Term_Sep_Dec,20,0,0,86.5,3.0,LOW
GRD-09267,STU-09267,2025,Third_Term_May_Jul,11,0,0,28.9,,LOW
GRD-09268,STU-09268,2025,Third_Term_May_Jul,102,2,0,5.8,,HIGH
GRD-09269,STU-09269,2025,First_Term_Sep_Dec,16,0,0,27.9,,MEDIUM
GRD-09270,STU-09270,2023,First_Term_Sep_Dec,0,0,1,100.0,2.1,LOW
GRD-09271,STU-09271,2024,Third_Term_May_Jul,72,1,0,18.9,58.1,MEDIUM
GRD-09272,STU-09272,2025,Third_Term_May_Jul,0,1,1,28.4,68.5,LOW
GRD-09273,STU-09273,2023,Second_Term_Jan_Apr,23,0,0,30.6,0.4,LOW
GRD-09274,STU-09274,2024,First_Term_Sep_Dec,12,1,0,100.0,2.4,LOW
GRD-09275,STU-09275,2025,Second_Term_Jan_Apr,107,4,0,2.4,,HIGH
GRD-09276,STU-09276,2023,First_Term_Sep_Dec,115,5,0,2.6,,HIGH
GRD-09277,STU-09277,2025,Second_Term_Jan_Apr,105,7,0,4.5,,HIGH
GRD-09278,STU-09278,2025,Third_Term_May_Jul,14,1,0,21.8,47.2,LOW
GRD-09279,STU-09279,2023,Third_Term_May_Jul,59,2,0,18.7,54.7,MEDIUM
GRD-09280,STU-09280,2023,Second_Term_Jan_Apr,0,2,1,25.6,68.9,LOW
GRD-09281,STU-09281,2023,Third_Term_May_Jul,0,1,1,91.8,4.2,LOW
GRD-09282,STU-09282,2025,Second_Term_Jan_Apr,87,1,0,14.2,100.1,MEDIUM
GRD-09283,STU-09283,2024,Second_Term_Jan_Apr,128,5,0,0.0,,HIGH
GRD-09284,STU-09284,2023,First_Term_Sep_Dec,21,0,0,31.4,0.3,LOW
GRD-09285,STU-09285,2025,Second_Term_Jan_Apr,17,0,0,20.0,0.4,LOW
GRD-09286,STU-09286,2023,Third_Term_May_Jul,127,5,0,4.0,,HIGH
GRD-09287,STU-09287,2023,Second_Term_Jan_Apr,33,0,0,79.0,5.8,LOW
GRD-09288,STU-09288,2025,First_Term_Sep_Dec,18,0,0,89.7,4.5,LOW
GRD-09289,STU-09289,2023,Third_Term_May_Jul,20,1,0,23.0,86.9,LOW
GRD-09290,STU-09290,2025,Second_Term_Jan_Apr,0,1,1,23.8,39.0,LOW
GRD-09291,STU-09291,2023,Second_Term_Jan_Apr,0,1,1,25.8,,LOW
GRD-09292,STU-09292,2024,Third_Term_May_Jul,96,5,0,5.6,,HIGH
GRD-09293,STU-09293,2025,First_Term_Sep_Dec,0,1,0,13.5,45.4,LOW
GRD-09294,STU-09294,2023,First_Term_Sep_Dec,91,3,0,7.9,,HIGH
GRD-09295,STU-09295,2023,Second_Term_Jan_Apr,38,3,0,18.7,95.7,MEDIUM
GRD-09296,STU-09296,2025,First_Term_Sep_Dec,14,0,0,92.0,3.8,LOW
GRD-09297,STU-09297,2024,First_Term_Sep_Dec,117,5,0,6.4,,HIGH
GRD-09298,STU-09298,2025,Second_Term_Jan_Apr,28,0,0,80.6,3.9,LOW
GRD-09299,STU-09299,2024,First_Term_Sep_Dec,90,4,0,6.6,,HIGH
GRD-09300,STU-09300,2023,First_Term_Sep_Dec,21,0,0,31.9,0.4,LOW
GRD-09301,STU-09301,2023,Second_Term_Jan_Apr,42,1,0,81.7,4.5,LOW
GRD-09302,STU-09302,2025,First_Term_Sep_Dec,14,1,0,90.6,4.3,LOW
GRD-09303,STU-09303,2024,Second_Term_Jan_Apr,26,2,0,28.7,82.5,LOW
GRD-09304,STU-09304,2025,Third_Term_May_Jul,15,2,0,36.5,55.1,LOW
GRD-09305,STU-09305,2023,Third_Term_May_Jul,180,6,0,8.0,,HIGH
GRD-09306,STU-09306,2025,Second_Term_Jan_Apr,39,0,0,86.5,6.5,LOW
GRD-09307,STU-09307,2024,Third_Term_May_Jul,148,4,0,3.4,,HIGH
GRD-09308,STU-09308,2025,Third_Term_May_Jul,33,2,0,24.6,52.6,MEDIUM
GRD-09309,STU-09309,2025,First_Term_Sep_Dec,79,1,0,22.8,92.9,MEDIUM
GRD-09310,STU-09310,2025,Second_Term_Jan_Apr,37,0,0,81.2,7.2,LOW
GRD-09311,STU-09311,2023,Third_Term_May_Jul,0,1,0,32.9,56.3,LOW
GRD-09312,STU-09312,2024,Third_Term_May_Jul,25,0,0,25.5,0.1,LOW
GRD-09313,STU-09313,2023,First_Term_Sep_Dec,0,2,1,22.9,52.0,LOW
GRD-09314,STU-09314,2024,Third_Term_May_Jul,24,1,0,92.0,3.5,LOW
GRD-09315,STU-09315,2024,Second_Term_Jan_Apr,104,2,0,4.8,,HIGH
GRD-09316,STU-09316,2025,First_Term_Sep_Dec,90,6,0,9.9,,HIGH
GRD-09317,STU-09317,2023,Third_Term_May_Jul,133,4,0,1.4,,HIGH
GRD-09318,STU-09318,2023,Third_Term_May_Jul,38,0,0,93.3,4.7,LOW
GRD-09319,STU-09319,2025,Third_Term_May_Jul,41,1,0,27.0,71.5,MEDIUM
GRD-09320,STU-09320,2025,Third_Term_May_Jul,32,1,0,99.4,2.2,LOW
GRD-09321,STU-09321,2023,Second_Term_Jan_Apr,72,2,0,23.1,75.9,MEDIUM
GRD-09322,STU-09322,2024,Second_Term_Jan_Apr,90,3,0,10.2,,HIGH
GRD-09323,STU-09323,2025,Third_Term_May_Jul,90,1,0,26.5,39.2,MEDIUM
GRD-09324,STU-09324,2023,First_Term_Sep_Dec,93,6,0,9.2,,HIGH
GRD-09325,STU-09325,2025,First_Term_Sep_Dec,90,5,0,1.4,,HIGH
GRD-09326,STU-09326,2023,First_Term_Sep_Dec,17,1,0,91.7,3.0,LOW
GRD-09327,STU-09327,2025,Third_Term_May_Jul,16,0,0,26.3,,MEDIUM
GRD-09328,STU-09328,2025,Third_Term_May_Jul,0,0,1,100.0,4.0,LOW
GRD-09329,STU-09329,2025,Second_Term_Jan_Apr,90,4,0,2.2,,HIGH
GRD-09330,STU-09330,2025,Second_Term_Jan_Apr,36,0,0,84.6,7.0,LOW
GRD-09331,STU-09331,2025,Second_Term_Jan_Apr,14,0,0,23.9,0.4,LOW
GRD-09332,STU-09332,2025,Third_Term_May_Jul,16,0,0,30.7,0.4,LOW
GRD-09333,STU-09333,2025,Second_Term_Jan_Apr,65,1,0,20.0,69.2,MEDIUM
GRD-09334,STU-09334,2025,First_Term_Sep_Dec,15,0,0,92.2,6.1,LOW
GRD-09335,STU-09335,2023,Second_Term_Jan_Apr,61,1,0,31.1,45.4,MEDIUM
GRD-09336,STU-09336,2024,Second_Term_Jan_Apr,61,2,0,20.9,100.9,MEDIUM
GRD-09337,STU-09337,2025,Third_Term_May_Jul,29,0,0,85.3,3.6,LOW
GRD-09338,STU-09338,2024,Third_Term_May_Jul,25,2,0,98.3,4.2,LOW
GRD-09339,STU-09339,2025,First_Term_Sep_Dec,19,0,0,98.0,2.5,LOW
GRD-09340,STU-09340,2025,First_Term_Sep_Dec,13,2,0,38.6,67.9,LOW
GRD-09341,STU-09341,2023,Second_Term_Jan_Apr,29,1,0,76.9,3.1,LOW
GRD-09342,STU-09342,2025,Third_Term_May_Jul,0,1,1,26.4,58.4,LOW
GRD-09343,STU-09343,2025,Second_Term_Jan_Apr,41,0,0,75.8,2.7,LOW
GRD-09344,STU-09344,2024,Second_Term_Jan_Apr,52,0,0,82.3,6.2,LOW
GRD-09345,STU-09345,2025,Second_Term_Jan_Apr,117,6,0,6.4,,HIGH
GRD-09346,STU-09346,2025,First_Term_Sep_Dec,90,2,0,8.3,,HIGH
GRD-09347,STU-09347,2024,First_Term_Sep_Dec,67,1,0,33.3,46.8,MEDIUM
GRD-09348,STU-09348,2024,Second_Term_Jan_Apr,15,0,0,33.6,,MEDIUM
GRD-09349,STU-09349,2023,Third_Term_May_Jul,102,4,0,0.0,,HIGH
GRD-09350,STU-09350,2024,Third_Term_May_Jul,9,0,0,32.6,0.5,LOW
GRD-09351,STU-09351,2025,Second_Term_Jan_Apr,77,1,0,30.6,68.8,MEDIUM
GRD-09352,STU-09352,2025,First_Term_Sep_Dec,15,1,0,82.7,3.3,LOW
GRD-09353,STU-09353,2024,Third_Term_May_Jul,131,7,0,3.2,,HIGH
GRD-09354,STU-09354,2025,First_Term_Sep_Dec,90,2,0,8.3,,HIGH
GRD-09355,STU-09355,2023,Third_Term_May_Jul,92,4,0,5.4,,HIGH
GRD-09356,STU-09356,2024,Third_Term_May_Jul,40,1,0,97.0,3.4,LOW
GRD-09357,STU-09357,2024,Third_Term_May_Jul,0,0,1,25.0,70.2,LOW
GRD-09358,STU-09358,2024,First_Term_Sep_Dec,90,7,0,0.0,,HIGH
GRD-09359,STU-09359,2023,Second_Term_Jan_Apr,102,6,0,4.3,,HIGH
GRD-09360,STU-09360,2023,Second_Term_Jan_Apr,35,1,0,84.7,7.0,LOW
GRD-09361,STU-09361,2023,Second_Term_Jan_Apr,37,1,0,90.1,3.9,LOW
GRD-09362,STU-09362,2024,Third_Term_May_Jul,7,0,0,27.1,,LOW
GRD-09363,STU-09363,2023,First_Term_Sep_Dec,0,0,1,87.0,2.1,LOW
GRD-09364,STU-09364,2023,First_Term_Sep_Dec,90,1,0,3.9,,HIGH
GRD-09365,STU-09365,2025,First_Term_Sep_Dec,0,2,1,19.3,75.8,LOW
GRD-09366,STU-09366,2024,First_Term_Sep_Dec,0,0,1,86.2,2.0,LOW
GRD-09367,STU-09367,2024,First_Term_Sep_Dec,44,1,0,19.3,74.5,MEDIUM
GRD-09368,STU-09368,2023,Second_Term_Jan_Apr,99,4,0,5.1,,HIGH
GRD-09369,STU-09369,2024,First_Term_Sep_Dec,18,0,0,28.7,,MEDIUM
GRD-09370,STU-09370,2024,Second_Term_Jan_Apr,135,4,0,6.6,,HIGH
GRD-09371,STU-09371,2025,First_Term_Sep_Dec,18,0,0,90.1,1.4,LOW
GRD-09372,STU-09372,2025,Third_Term_May_Jul,16,0,0,24.3,0.5,LOW
GRD-09373,STU-09373,2024,Second_Term_Jan_Apr,74,1,0,23.6,71.7,MEDIUM
GRD-09374,STU-09374,2024,First_Term_Sep_Dec,25,1,0,29.5,43.1,LOW
GRD-09375,STU-09375,2023,Second_Term_Jan_Apr,28,1,0,31.7,68.8,LOW
GRD-09376,STU-09376,2025,First_Term_Sep_Dec,124,4,0,0.0,,HIGH
GRD-09377,STU-09377,2023,First_Term_Sep_Dec,16,0,0,30.6,0.5,LOW
GRD-09378,STU-09378,2025,First_Term_Sep_Dec,54,1,0,25.3,61.0,MEDIUM
GRD-09379,STU-09379,2024,Third_Term_May_Jul,15,0,0,39.2,0.3,LOW
GRD-09380,STU-09380,2023,Second_Term_Jan_Apr,49,0,0,75.6,1.2,LOW
GRD-09381,STU-09381,2025,First_Term_Sep_Dec,13,0,0,100.0,1.7,LOW
GRD-09382,STU-09382,2024,Second_Term_Jan_Apr,16,0,0,36.0,0.6,LOW
GRD-09383,STU-09383,2025,First_Term_Sep_Dec,100,5,0,3.3,,HIGH
GRD-09384,STU-09384,2023,First_Term_Sep_Dec,69,2,0,23.4,64.4,MEDIUM
GRD-09385,STU-09385,2023,Third_Term_May_Jul,29,1,0,94.7,1.5,LOW
GRD-09386,STU-09386,2025,Third_Term_May_Jul,69,2,0,32.6,66.0,MEDIUM
GRD-09387,STU-09387,2025,First_Term_Sep_Dec,15,0,0,83.9,5.2,LOW
GRD-09388,STU-09388,2024,First_Term_Sep_Dec,72,1,0,18.4,49.6,MEDIUM
GRD-09389,STU-09389,2023,Third_Term_May_Jul,11,1,0,19.0,54.0,LOW
GRD-09390,STU-09390,2024,First_Term_Sep_Dec,30,1,0,33.2,60.3,LOW
GRD-09391,STU-09391,2024,First_Term_Sep_Dec,14,1,0,17.0,54.0,LOW
GRD-09392,STU-09392,2025,First_Term_Sep_Dec,43,2,0,32.3,50.0,MEDIUM
GRD-09393,STU-09393,2023,Third_Term_May_Jul,27,1,0,97.7,2.8,LOW
GRD-09394,STU-09394,2024,Second_Term_Jan_Apr,0,1,1,26.3,89.4,LOW
GRD-09395,STU-09395,2024,Second_Term_Jan_Apr,20,0,0,81.5,5.5,LOW
GRD-09396,STU-09396,2024,First_Term_Sep_Dec,3,2,0,27.4,74.3,LOW
GRD-09397,STU-09397,2023,Third_Term_May_Jul,77,1,0,24.1,66.3,MEDIUM
GRD-09398,STU-09398,2025,Third_Term_May_Jul,73,2,0,27.1,66.8,MEDIUM
GRD-09399,STU-09399,2025,Third_Term_May_Jul,35,2,0,39.0,66.7,MEDIUM
GRD-09400,STU-09400,2023,Third_Term_May_Jul,11,0,0,27.1,83.4,LOW
GRD-09401,STU-09401,2025,Second_Term_Jan_Apr,54,1,0,82.7,6.2,LOW
GRD-09402,STU-09402,2024,Second_Term_Jan_Apr,30,1,0,79.9,4.9,LOW
GRD-09403,STU-09403,2024,Third_Term_May_Jul,17,0,0,28.6,,MEDIUM
GRD-09404,STU-09404,2025,First_Term_Sep_Dec,90,4,0,9.1,,HIGH
GRD-09405,STU-09405,2023,First_Term_Sep_Dec,90,5,0,0.2,,HIGH
GRD-09406,STU-09406,2024,Third_Term_May_Jul,0,3,1,22.4,67.1,LOW
GRD-09407,STU-09407,2023,Second_Term_Jan_Apr,24,0,0,23.5,0.5,LOW
GRD-09408,STU-09408,2023,First_Term_Sep_Dec,94,5,0,5.5,,HIGH
GRD-09409,STU-09409,2025,Second_Term_Jan_Apr,0,1,1,26.6,71.0,LOW
GRD-09410,STU-09410,2025,Third_Term_May_Jul,34,1,0,99.9,1.2,LOW
GRD-09411,STU-09411,2025,Second_Term_Jan_Apr,18,1,0,27.3,60.3,LOW
GRD-09412,STU-09412,2024,Third_Term_May_Jul,24,1,0,28.8,83.2,LOW
GRD-09413,STU-09413,2023,Third_Term_May_Jul,20,0,0,28.8,,MEDIUM
GRD-09414,STU-09414,2025,First_Term_Sep_Dec,16,0,0,100.0,1.8,LOW
GRD-09415,STU-09415,2025,Third_Term_May_Jul,10,0,0,40.0,,LOW
GRD-09416,STU-09416,2025,First_Term_Sep_Dec,19,0,0,22.2,,MEDIUM
GRD-09417,STU-09417,2025,First_Term_Sep_Dec,19,0,0,30.0,0.4,LOW
GRD-09418,STU-09418,2023,Third_Term_May_Jul,4,2,0,36.4,59.4,LOW
GRD-09419,STU-09419,2024,First_Term_Sep_Dec,17,1,0,94.0,3.7,LOW
GRD-09420,STU-09420,2025,Second_Term_Jan_Apr,35,0,0,91.5,5.5,LOW
GRD-09421,STU-09421,2024,Third_Term_May_Jul,27,0,0,81.7,4.4,LOW
GRD-09422,STU-09422,2025,Third_Term_May_Jul,29,0,0,96.9,3.7,LOW
GRD-09423,STU-09423,2024,First_Term_Sep_Dec,20,0,0,36.2,,MEDIUM
GRD-09424,STU-09424,2025,First_Term_Sep_Dec,15,0,0,88.6,2.5,LOW
GRD-09425,STU-09425,2025,First_Term_Sep_Dec,16,0,0,32.7,0.4,LOW
GRD-09426,STU-09426,2025,Third_Term_May_Jul,20,0,0,28.7,,MEDIUM
GRD-09427,STU-09427,2025,Second_Term_Jan_Apr,52,0,0,81.5,2.2,LOW
GRD-09428,STU-09428,2024,First_Term_Sep_Dec,0,1,1,23.2,55.6,LOW
GRD-09429,STU-09429,2024,First_Term_Sep_Dec,16,0,0,95.1,2.3,LOW
GRD-09430,STU-09430,2023,Second_Term_Jan_Apr,125,7,0,5.1,,HIGH
GRD-09431,STU-09431,2025,First_Term_Sep_Dec,20,0,0,30.8,,MEDIUM
GRD-09432,STU-09432,2024,Third_Term_May_Jul,62,0,0,13.5,68.9,MEDIUM
GRD-09433,STU-09433,2025,First_Term_Sep_Dec,90,1,0,4.4,,HIGH
GRD-09434,STU-09434,2024,Third_Term_May_Jul,26,0,0,85.9,2.1,LOW
GRD-09435,STU-09435,2023,Second_Term_Jan_Apr,23,1,0,34.7,84.2,LOW
GRD-09436,STU-09436,2024,First_Term_Sep_Dec,1,1,0,23.1,52.6,LOW
GRD-09437,STU-09437,2025,Third_Term_May_Jul,28,0,0,98.4,1.6,LOW
GRD-09438,STU-09438,2025,Third_Term_May_Jul,27,1,0,32.0,83.6,LOW
GRD-09439,STU-09439,2023,First_Term_Sep_Dec,51,2,0,37.0,38.7,MEDIUM
GRD-09440,STU-09440,2025,Second_Term_Jan_Apr,0,2,1,25.2,51.6,LOW
GRD-09441,STU-09441,2024,First_Term_Sep_Dec,23,3,0,28.6,35.4,MEDIUM
GRD-09442,STU-09442,2023,Third_Term_May_Jul,0,1,1,30.3,69.7,LOW
GRD-09443,STU-09443,2025,First_Term_Sep_Dec,12,1,0,84.0,4.9,LOW
GRD-09444,STU-09444,2023,Second_Term_Jan_Apr,21,0,0,28.5,,MEDIUM
GRD-09445,STU-09445,2023,First_Term_Sep_Dec,17,0,0,25.1,,MEDIUM
GRD-09446,STU-09446,2025,Third_Term_May_Jul,171,1,0,0.0,,HIGH
GRD-09447,STU-09447,2024,Second_Term_Jan_Apr,96,1,0,23.5,96.6,MEDIUM
GRD-09448,STU-09448,2025,Third_Term_May_Jul,131,4,0,5.2,,HIGH
GRD-09449,STU-09449,2025,Third_Term_May_Jul,197,4,0,4.4,,HIGH
GRD-09450,STU-09450,2024,Third_Term_May_Jul,14,0,0,35.9,0.6,LOW
GRD-09451,STU-09451,2023,Third_Term_May_Jul,13,0,0,26.4,,LOW
GRD-09452,STU-09452,2024,Second_Term_Jan_Apr,25,0,0,30.7,0.4,LOW
GRD-09453,STU-09453,2025,Third_Term_May_Jul,18,0,0,88.4,3.6,LOW
GRD-09454,STU-09454,2024,Third_Term_May_Jul,22,0,0,88.9,4.0,LOW
GRD-09455,STU-09455,2025,Third_Term_May_Jul,40,1,0,29.2,52.0,MEDIUM
GRD-09456,STU-09456,2025,Second_Term_Jan_Apr,33,1,0,82.6,4.9,LOW
GRD-09457,STU-09457,2025,Third_Term_May_Jul,17,2,0,16.7,79.2,LOW
GRD-09458,STU-09458,2024,Second_Term_Jan_Apr,18,0,0,26.4,0.7,LOW
GRD-09459,STU-09459,2023,Second_Term_Jan_Apr,55,1,0,21.3,65.0,MEDIUM
GRD-09460,STU-09460,2023,Second_Term_Jan_Apr,45,1,0,35.2,117.3,MEDIUM
GRD-09461,STU-09461,2023,First_Term_Sep_Dec,90,3,0,7.1,,HIGH
GRD-09462,STU-09462,2025,Second_Term_Jan_Apr,14,0,0,33.6,0.5,LOW
GRD-09463,STU-09463,2025,Third_Term_May_Jul,19,0,0,93.1,2.6,LOW
GRD-09464,STU-09464,2023,Second_Term_Jan_Apr,0,1,1,22.0,87.0,LOW
GRD-09465,STU-09465,2025,Second_Term_Jan_Apr,0,3,0,18.3,97.3,MEDIUM
GRD-09466,STU-09466,2024,Second_Term_Jan_Apr,30,0,0,81.6,5.7,LOW
GRD-09467,STU-09467,2025,Second_Term_Jan_Apr,130,6,0,0.6,,HIGH
GRD-09468,STU-09468,2024,First_Term_Sep_Dec,17,0,0,28.0,,MEDIUM
GRD-09469,STU-09469,2023,Second_Term_Jan_Apr,18,1,0,30.7,60.2,LOW
GRD-09470,STU-09470,2025,Third_Term_May_Jul,23,0,0,93.3,2.9,LOW
GRD-09471,STU-09471,2025,Third_Term_May_Jul,21,0,0,96.9,6.5,LOW
GRD-09472,STU-09472,2025,Second_Term_Jan_Apr,12,0,0,33.7,,LOW
GRD-09473,STU-09473,2024,Third_Term_May_Jul,118,6,0,4.3,,HIGH
GRD-09474,STU-09474,2023,First_Term_Sep_Dec,90,3,0,4.0,,HIGH
GRD-09475,STU-09475,2024,Third_Term_May_Jul,25,1,0,98.6,5.7,LOW
GRD-09476,STU-09476,2025,Third_Term_May_Jul,151,2,0,5.8,,HIGH
GRD-09477,STU-09477,2024,Third_Term_May_Jul,132,6,0,2.7,,HIGH
GRD-09478,STU-09478,2023,Second_Term_Jan_Apr,54,1,0,81.0,6.9,LOW
GRD-09479,STU-09479,2023,First_Term_Sep_Dec,0,2,1,16.8,75.8,LOW
GRD-09480,STU-09480,2025,Second_Term_Jan_Apr,31,1,0,79.8,5.5,LOW
GRD-09481,STU-09481,2024,First_Term_Sep_Dec,13,0,0,25.0,,LOW
GRD-09482,STU-09482,2023,First_Term_Sep_Dec,19,0,0,96.2,3.7,LOW
GRD-09483,STU-09483,2024,First_Term_Sep_Dec,17,1,0,84.4,3.0,LOW
GRD-09484,STU-09484,2025,Second_Term_Jan_Apr,94,4,0,0.0,,HIGH
GRD-09485,STU-09485,2025,Second_Term_Jan_Apr,22,0,0,26.4,0.3,LOW
GRD-09486,STU-09486,2023,Third_Term_May_Jul,29,0,0,96.7,5.6,LOW
GRD-09487,STU-09487,2024,First_Term_Sep_Dec,117,3,0,6.1,,HIGH
GRD-09488,STU-09488,2025,First_Term_Sep_Dec,0,0,1,88.2,4.4,LOW
GRD-09489,STU-09489,2024,Second_Term_Jan_Apr,56,1,0,29.0,62.0,MEDIUM
GRD-09490,STU-09490,2024,Second_Term_Jan_Apr,97,4,0,4.9,,HIGH
GRD-09491,STU-09491,2023,Second_Term_Jan_Apr,16,0,0,26.5,,MEDIUM
GRD-09492,STU-09492,2025,Second_Term_Jan_Apr,0,1,1,24.3,84.4,LOW
GRD-09493,STU-09493,2024,Second_Term_Jan_Apr,0,1,0,27.7,49.6,LOW
GRD-09494,STU-09494,2023,Third_Term_May_Jul,36,2,0,33.1,42.6,MEDIUM
GRD-09495,STU-09495,2025,First_Term_Sep_Dec,24,1,0,14.2,58.0,LOW
GRD-09496,STU-09496,2025,Third_Term_May_Jul,159,7,0,3.0,,HIGH
GRD-09497,STU-09497,2025,First_Term_Sep_Dec,90,4,0,0.0,,HIGH
GRD-09498,STU-09498,2025,Second_Term_Jan_Apr,19,1,0,83.2,3.8,LOW
GRD-09499,STU-09499,2024,Third_Term_May_Jul,30,1,0,22.9,57.1,LOW
GRD-09500,STU-09500,2023,First_Term_Sep_Dec,21,0,0,26.0,0.4,LOW
GRD-09501,STU-09501,2025,Second_Term_Jan_Apr,126,4,0,1.0,,HIGH
GRD-09502,STU-09502,2023,Second_Term_Jan_Apr,26,0,0,31.5,0.6,LOW
GRD-09503,STU-09503,2023,Third_Term_May_Jul,14,0,0,23.1,,LOW
GRD-09504,STU-09504,2025,Second_Term_Jan_Apr,46,1,0,75.0,5.9,LOW
GRD-09505,STU-09505,2023,Second_Term_Jan_Apr,108,0,0,0.9,,HIGH
GRD-09506,STU-09506,2025,Third_Term_May_Jul,124,5,0,4.5,,HIGH
GRD-09507,STU-09507,2024,Third_Term_May_Jul,25,1,0,87.4,3.8,LOW
GRD-09508,STU-09508,2024,Third_Term_May_Jul,12,0,0,36.0,0.7,LOW
GRD-09509,STU-09509,2024,First_Term_Sep_Dec,19,0,0,20.8,,MEDIUM
GRD-09510,STU-09510,2025,Second_Term_Jan_Apr,49,1,0,84.8,2.9,LOW
GRD-09511,STU-09511,2023,Third_Term_May_Jul,90,3,0,3.9,,HIGH
GRD-09512,STU-09512,2025,Third_Term_May_Jul,168,3,0,5.1,,HIGH
GRD-09513,STU-09513,2024,Third_Term_May_Jul,17,0,0,20.0,,MEDIUM
GRD-09514,STU-09514,2023,First_Term_Sep_Dec,10,2,0,21.9,65.8,LOW
GRD-09515,STU-09515,2023,First_Term_Sep_Dec,18,0,0,25.9,0.5,LOW
GRD-09516,STU-09516,2024,Third_Term_May_Jul,0,2,1,23.7,48.9,LOW
GRD-09517,STU-09517,2024,Third_Term_May_Jul,46,2,0,28.2,65.9,MEDIUM
GRD-09518,STU-09518,2023,Third_Term_May_Jul,100,4,0,3.2,,HIGH
GRD-09519,STU-09519,2025,Third_Term_May_Jul,0,0,1,82.7,4.7,LOW
GRD-09520,STU-09520,2024,Third_Term_May_Jul,17,0,0,33.2,0.4,LOW
GRD-09521,STU-09521,2023,Third_Term_May_Jul,21,0,0,95.2,4.0,LOW
GRD-09522,STU-09522,2025,Third_Term_May_Jul,0,1,1,18.3,61.5,LOW
GRD-09523,STU-09523,2023,First_Term_Sep_Dec,0,3,1,24.8,40.6,LOW
GRD-09524,STU-09524,2025,Third_Term_May_Jul,116,5,0,7.9,,HIGH
GRD-09525,STU-09525,2025,First_Term_Sep_Dec,23,0,0,18.4,71.9,LOW
GRD-09526,STU-09526,2025,First_Term_Sep_Dec,5,0,0,22.7,65.6,LOW
GRD-09527,STU-09527,2025,First_Term_Sep_Dec,55,1,0,21.5,66.3,MEDIUM
GRD-09528,STU-09528,2024,First_Term_Sep_Dec,0,1,1,20.8,69.8,LOW
GRD-09529,STU-09529,2025,Second_Term_Jan_Apr,2,2,0,12.8,98.5,LOW
GRD-09530,STU-09530,2024,Third_Term_May_Jul,0,0,1,34.5,0.3,LOW
GRD-09531,STU-09531,2023,Second_Term_Jan_Apr,47,0,0,76.5,3.6,LOW
GRD-09532,STU-09532,2023,First_Term_Sep_Dec,17,0,0,30.5,,MEDIUM
GRD-09533,STU-09533,2023,Second_Term_Jan_Apr,61,0,0,27.1,43.5,MEDIUM
GRD-09534,STU-09534,2024,Second_Term_Jan_Apr,37,0,0,84.3,2.8,LOW
GRD-09535,STU-09535,2025,First_Term_Sep_Dec,90,4,0,7.5,,HIGH
GRD-09536,STU-09536,2024,Third_Term_May_Jul,25,0,0,29.9,,MEDIUM
GRD-09537,STU-09537,2023,Second_Term_Jan_Apr,12,0,0,22.0,0.3,LOW
GRD-09538,STU-09538,2023,Third_Term_May_Jul,19,0,0,26.0,,MEDIUM
GRD-09539,STU-09539,2024,First_Term_Sep_Dec,20,2,0,31.6,60.6,LOW
GRD-09540,STU-09540,2024,Second_Term_Jan_Apr,135,5,0,6.9,,HIGH
GRD-09541,STU-09541,2024,Second_Term_Jan_Apr,47,1,0,83.9,3.5,LOW
GRD-09542,STU-09542,2024,First_Term_Sep_Dec,13,0,0,23.6,,LOW
GRD-09543,STU-09543,2024,Second_Term_Jan_Apr,37,1,0,75.1,6.2,LOW
GRD-09544,STU-09544,2025,Third_Term_May_Jul,26,1,0,95.2,4.4,LOW
GRD-09545,STU-09545,2023,Second_Term_Jan_Apr,112,7,0,4.2,,HIGH
GRD-09546,STU-09546,2025,Third_Term_May_Jul,7,0,0,26.5,85.7,LOW
GRD-09547,STU-09547,2025,First_Term_Sep_Dec,49,1,0,32.4,56.8,MEDIUM
GRD-09548,STU-09548,2025,First_Term_Sep_Dec,65,0,0,24.7,85.8,MEDIUM
GRD-09549,STU-09549,2023,First_Term_Sep_Dec,0,3,1,22.0,76.7,LOW
GRD-09550,STU-09550,2023,First_Term_Sep_Dec,10,0,0,96.4,1.9,LOW
GRD-09551,STU-09551,2023,Second_Term_Jan_Apr,32,0,0,81.0,4.4,LOW
GRD-09552,STU-09552,2024,Second_Term_Jan_Apr,90,3,0,4.1,,HIGH
GRD-09553,STU-09553,2024,Second_Term_Jan_Apr,54,2,0,82.3,4.6,LOW
GRD-09554,STU-09554,2025,Third_Term_May_Jul,25,0,0,97.0,3.9,LOW
GRD-09555,STU-09555,2023,Third_Term_May_Jul,0,0,1,93.0,5.1,LOW
GRD-09556,STU-09556,2023,First_Term_Sep_Dec,16,0,0,27.8,0.4,LOW
GRD-09557,STU-09557,2023,Second_Term_Jan_Apr,26,0,0,81.3,4.8,LOW
GRD-09558,STU-09558,2023,First_Term_Sep_Dec,0,2,1,25.5,73.9,LOW
GRD-09559,STU-09559,2025,Second_Term_Jan_Apr,97,6,0,5.5,,HIGH
GRD-09560,STU-09560,2024,Third_Term_May_Jul,25,0,0,85.1,3.7,LOW
GRD-09561,STU-09561,2025,Third_Term_May_Jul,47,3,0,27.9,74.3,MEDIUM
GRD-09562,STU-09562,2024,Second_Term_Jan_Apr,25,0,0,33.4,0.4,LOW
GRD-09563,STU-09563,2023,First_Term_Sep_Dec,90,1,0,5.9,,HIGH
GRD-09564,STU-09564,2024,Third_Term_May_Jul,29,0,0,93.1,2.6,LOW
GRD-09565,STU-09565,2023,Second_Term_Jan_Apr,5,1,0,19.2,39.0,LOW
GRD-09566,STU-09566,2024,Second_Term_Jan_Apr,28,0,0,79.4,1.2,LOW
GRD-09567,STU-09567,2024,First_Term_Sep_Dec,12,1,0,96.1,3.0,LOW
GRD-09568,STU-09568,2025,Second_Term_Jan_Apr,51,0,0,85.5,4.2,LOW
GRD-09569,STU-09569,2023,Third_Term_May_Jul,14,0,0,28.7,,LOW
GRD-09570,STU-09570,2025,Third_Term_May_Jul,92,2,0,23.7,60.5,MEDIUM
GRD-09571,STU-09571,2025,Third_Term_May_Jul,23,0,0,20.3,0.6,LOW
GRD-09572,STU-09572,2025,First_Term_Sep_Dec,10,0,0,89.5,6.0,LOW
GRD-09573,STU-09573,2023,Third_Term_May_Jul,14,0,0,26.6,,LOW
GRD-09574,STU-09574,2024,First_Term_Sep_Dec,13,0,0,23.9,0.6,LOW
GRD-09575,STU-09575,2023,First_Term_Sep_Dec,17,0,0,91.0,3.6,LOW
GRD-09576,STU-09576,2024,First_Term_Sep_Dec,50,1,0,35.3,81.0,MEDIUM
GRD-09577,STU-09577,2023,First_Term_Sep_Dec,21,0,0,27.2,0.4,LOW
GRD-09578,STU-09578,2024,First_Term_Sep_Dec,13,0,0,29.2,,LOW
GRD-09579,STU-09579,2024,Third_Term_May_Jul,114,5,0,4.1,,HIGH
GRD-09580,STU-09580,2023,First_Term_Sep_Dec,52,2,0,30.1,45.1,MEDIUM
GRD-09581,STU-09581,2025,First_Term_Sep_Dec,35,1,0,23.2,70.5,MEDIUM
GRD-09582,STU-09582,2024,First_Term_Sep_Dec,18,0,0,32.6,,MEDIUM
GRD-09583,STU-09583,2023,Third_Term_May_Jul,132,7,0,4.4,,HIGH
GRD-09584,STU-09584,2023,Third_Term_May_Jul,0,2,0,27.8,64.6,LOW
GRD-09585,STU-09585,2024,Second_Term_Jan_Apr,33,0,0,81.1,3.5,LOW
GRD-09586,STU-09586,2024,Third_Term_May_Jul,31,0,0,98.5,5.3,LOW
GRD-09587,STU-09587,2023,Third_Term_May_Jul,27,2,0,13.5,57.2,LOW
GRD-09588,STU-09588,2023,First_Term_Sep_Dec,22,0,0,32.5,87.6,LOW
GRD-09589,STU-09589,2024,First_Term_Sep_Dec,0,1,1,88.5,1.5,LOW
GRD-09590,STU-09590,2025,Third_Term_May_Jul,61,2,0,27.4,60.2,MEDIUM
GRD-09591,STU-09591,2025,Second_Term_Jan_Apr,15,0,0,27.7,0.5,LOW
GRD-09592,STU-09592,2025,First_Term_Sep_Dec,19,0,0,92.2,4.6,LOW
GRD-09593,STU-09593,2025,Third_Term_May_Jul,30,0,0,97.2,3.1,LOW
GRD-09594,STU-09594,2024,Second_Term_Jan_Apr,23,0,0,32.4,,MEDIUM
GRD-09595,STU-09595,2024,Second_Term_Jan_Apr,35,0,0,76.8,6.5,LOW
GRD-09596,STU-09596,2023,Third_Term_May_Jul,142,1,0,7.4,,HIGH
GRD-09597,STU-09597,2025,Second_Term_Jan_Apr,51,0,0,79.7,3.6,LOW
GRD-09598,STU-09598,2025,First_Term_Sep_Dec,20,0,0,83.2,3.6,LOW
GRD-09599,STU-09599,2024,Second_Term_Jan_Apr,21,0,0,33.5,,MEDIUM
GRD-09600,STU-09600,2024,Second_Term_Jan_Apr,53,2,0,36.6,82.7,MEDIUM
GRD-09601,STU-09601,2025,Third_Term_May_Jul,19,0,0,25.5,,MEDIUM
GRD-09602,STU-09602,2025,Second_Term_Jan_Apr,16,0,0,33.9,0.4,LOW
GRD-09603,STU-09603,2025,Second_Term_Jan_Apr,1,2,0,26.7,54.7,LOW
GRD-09604,STU-09604,2025,Third_Term_May_Jul,14,0,0,35.0,0.9,LOW
GRD-09605,STU-09605,2025,Second_Term_Jan_Apr,20,0,0,33.7,0.6,LOW
GRD-09606,STU-09606,2023,Third_Term_May_Jul,19,0,0,30.3,,MEDIUM
GRD-09607,STU-09607,2024,Second_Term_Jan_Apr,24,0,0,29.7,0.5,LOW
GRD-09608,STU-09608,2023,First_Term_Sep_Dec,0,0,1,21.8,67.1,LOW
GRD-09609,STU-09609,2025,Third_Term_May_Jul,31,0,0,97.5,2.3,LOW
GRD-09610,STU-09610,2024,First_Term_Sep_Dec,16,0,0,94.2,4.5,LOW
GRD-09611,STU-09611,2024,First_Term_Sep_Dec,12,0,0,87.8,3.8,LOW
GRD-09612,STU-09612,2023,Second_Term_Jan_Apr,0,0,0,23.0,89.3,LOW
GRD-09613,STU-09613,2023,Third_Term_May_Jul,33,0,0,92.9,3.2,LOW
GRD-09614,STU-09614,2025,Second_Term_Jan_Apr,17,1,0,27.9,81.4,LOW
GRD-09615,STU-09615,2023,Third_Term_May_Jul,40,1,0,22.1,65.2,MEDIUM
GRD-09616,STU-09616,2025,Second_Term_Jan_Apr,27,2,0,25.4,102.8,LOW
GRD-09617,STU-09617,2025,Second_Term_Jan_Apr,0,2,0,21.1,66.7,LOW
GRD-09618,STU-09618,2025,Third_Term_May_Jul,0,2,0,24.3,65.1,LOW
GRD-09619,STU-09619,2023,Second_Term_Jan_Apr,31,1,0,84.0,4.7,LOW
GRD-09620,STU-09620,2023,Second_Term_Jan_Apr,12,0,0,20.0,,LOW
GRD-09621,STU-09621,2025,First_Term_Sep_Dec,64,1,0,31.0,52.0,MEDIUM
GRD-09622,STU-09622,2024,Third_Term_May_Jul,0,1,1,25.1,75.3,LOW
GRD-09623,STU-09623,2025,Third_Term_May_Jul,163,6,0,4.8,,HIGH
GRD-09624,STU-09624,2025,Third_Term_May_Jul,101,6,0,3.9,,HIGH
GRD-09625,STU-09625,2023,First_Term_Sep_Dec,11,0,0,90.6,2.4,LOW
GRD-09626,STU-09626,2025,First_Term_Sep_Dec,90,5,0,3.3,,HIGH
GRD-09627,STU-09627,2023,First_Term_Sep_Dec,18,0,0,94.8,5.7,LOW
GRD-09628,STU-09628,2023,First_Term_Sep_Dec,17,0,0,29.6,0.4,LOW
GRD-09629,STU-09629,2023,Second_Term_Jan_Apr,150,3,0,4.5,,HIGH
GRD-09630,STU-09630,2023,Second_Term_Jan_Apr,32,0,0,85.8,7.8,LOW
GRD-09631,STU-09631,2023,Third_Term_May_Jul,35,1,0,95.4,3.3,LOW
GRD-09632,STU-09632,2023,First_Term_Sep_Dec,48,1,0,35.9,39.3,MEDIUM
GRD-09633,STU-09633,2025,Third_Term_May_Jul,100,3,0,1.1,,HIGH
GRD-09634,STU-09634,2025,First_Term_Sep_Dec,20,0,0,90.7,3.4,LOW
GRD-09635,STU-09635,2024,First_Term_Sep_Dec,41,2,0,34.4,96.7,MEDIUM
GRD-09636,STU-09636,2024,Second_Term_Jan_Apr,0,1,1,27.8,81.2,LOW
GRD-09637,STU-09637,2024,Second_Term_Jan_Apr,20,0,0,24.1,,MEDIUM
GRD-09638,STU-09638,2023,Third_Term_May_Jul,127,6,0,5.4,,HIGH
GRD-09639,STU-09639,2025,First_Term_Sep_Dec,0,1,1,85.8,2.6,LOW
GRD-09640,STU-09640,2023,Second_Term_Jan_Apr,94,5,0,1.7,,HIGH
GRD-09641,STU-09641,2025,Second_Term_Jan_Apr,53,0,0,82.8,4.4,LOW
GRD-09642,STU-09642,2023,First_Term_Sep_Dec,0,1,1,33.9,54.4,LOW
GRD-09643,STU-09643,2023,First_Term_Sep_Dec,24,2,0,23.6,68.0,LOW
GRD-09644,STU-09644,2024,Second_Term_Jan_Apr,61,0,0,23.8,72.1,MEDIUM
GRD-09645,STU-09645,2023,First_Term_Sep_Dec,16,0,0,94.0,3.6,LOW
GRD-09646,STU-09646,2025,First_Term_Sep_Dec,15,0,0,91.7,3.0,LOW
GRD-09647,STU-09647,2025,Second_Term_Jan_Apr,32,1,0,18.4,72.2,MEDIUM
GRD-09648,STU-09648,2023,Third_Term_May_Jul,33,1,0,99.6,1.7,LOW
GRD-09649,STU-09649,2025,First_Term_Sep_Dec,12,0,0,26.9,0.7,LOW
GRD-09650,STU-09650,2023,First_Term_Sep_Dec,43,2,0,26.7,72.2,MEDIUM
GRD-09651,STU-09651,2024,Third_Term_May_Jul,77,2,0,29.6,49.3,MEDIUM
GRD-09652,STU-09652,2025,First_Term_Sep_Dec,90,6,0,2.0,,HIGH
GRD-09653,STU-09653,2023,First_Term_Sep_Dec,13,0,0,90.8,4.0,LOW
GRD-09654,STU-09654,2023,First_Term_Sep_Dec,90,1,0,0.0,,HIGH
GRD-09655,STU-09655,2025,Second_Term_Jan_Apr,47,1,0,74.6,7.1,LOW
GRD-09656,STU-09656,2025,Third_Term_May_Jul,23,0,0,30.3,0.4,LOW
GRD-09657,STU-09657,2025,First_Term_Sep_Dec,17,1,0,97.0,3.4,LOW
GRD-09658,STU-09658,2023,First_Term_Sep_Dec,24,0,0,81.3,2.7,LOW
GRD-09659,STU-09659,2023,Second_Term_Jan_Apr,90,5,0,8.3,,HIGH
GRD-09660,STU-09660,2025,First_Term_Sep_Dec,17,0,0,34.8,0.6,LOW
GRD-09661,STU-09661,2024,First_Term_Sep_Dec,0,0,1,100.0,4.1,LOW
GRD-09662,STU-09662,2025,Second_Term_Jan_Apr,37,0,0,83.8,4.7,LOW
GRD-09663,STU-09663,2025,First_Term_Sep_Dec,18,0,0,40.0,,LOW
GRD-09664,STU-09664,2023,Third_Term_May_Jul,11,0,0,32.8,0.6,LOW
GRD-09665,STU-09665,2025,Second_Term_Jan_Apr,37,2,0,30.4,71.8,MEDIUM
GRD-09666,STU-09666,2024,Second_Term_Jan_Apr,22,0,0,29.0,,MEDIUM
GRD-09667,STU-09667,2023,Third_Term_May_Jul,27,1,0,85.5,4.0,LOW
GRD-09668,STU-09668,2023,Third_Term_May_Jul,27,1,0,93.9,5.1,LOW
GRD-09669,STU-09669,2023,First_Term_Sep_Dec,81,2,0,17.0,54.1,MEDIUM
GRD-09670,STU-09670,2023,Second_Term_Jan_Apr,115,5,0,4.7,,HIGH
GRD-09671,STU-09671,2023,First_Term_Sep_Dec,17,0,0,94.2,2.9,LOW
GRD-09672,STU-09672,2023,First_Term_Sep_Dec,29,1,0,26.3,33.0,LOW
GRD-09673,STU-09673,2024,First_Term_Sep_Dec,22,0,0,40.0,,LOW
GRD-09674,STU-09674,2025,Third_Term_May_Jul,12,0,0,24.0,,LOW
GRD-09675,STU-09675,2023,Third_Term_May_Jul,24,0,0,94.1,2.8,LOW
GRD-09676,STU-09676,2023,Third_Term_May_Jul,13,0,0,40.0,,LOW
GRD-09677,STU-09677,2024,First_Term_Sep_Dec,19,0,0,86.2,3.9,LOW
GRD-09678,STU-09678,2024,First_Term_Sep_Dec,13,0,0,91.1,1.4,LOW
GRD-09679,STU-09679,2024,First_Term_Sep_Dec,57,1,0,20.4,71.0,MEDIUM
GRD-09680,STU-09680,2025,Third_Term_May_Jul,0,2,0,20.3,70.6,LOW
GRD-09681,STU-09681,2024,First_Term_Sep_Dec,90,4,0,2.1,,HIGH
GRD-09682,STU-09682,2023,Second_Term_Jan_Apr,12,0,0,35.1,0.6,LOW
GRD-09683,STU-09683,2025,First_Term_Sep_Dec,12,0,0,92.1,3.8,LOW
GRD-09684,STU-09684,2024,First_Term_Sep_Dec,18,0,0,95.3,2.3,LOW
GRD-09685,STU-09685,2023,Third_Term_May_Jul,20,0,0,27.0,0.6,LOW
GRD-09686,STU-09686,2024,Third_Term_May_Jul,134,4,0,2.8,,HIGH
GRD-09687,STU-09687,2025,Second_Term_Jan_Apr,99,0,0,8.1,,HIGH
GRD-09688,STU-09688,2024,First_Term_Sep_Dec,0,0,1,21.7,0.2,LOW
GRD-09689,STU-09689,2023,Third_Term_May_Jul,15,0,0,27.9,,MEDIUM
GRD-09690,STU-09690,2024,Third_Term_May_Jul,22,0,0,29.7,0.6,LOW
GRD-09691,STU-09691,2023,Second_Term_Jan_Apr,37,0,0,87.2,6.6,LOW
GRD-09692,STU-09692,2023,Second_Term_Jan_Apr,107,4,0,3.9,,HIGH
GRD-09693,STU-09693,2024,Third_Term_May_Jul,23,0,0,90.3,5.2,LOW
GRD-09694,STU-09694,2023,Second_Term_Jan_Apr,19,0,0,34.4,,MEDIUM
GRD-09695,STU-09695,2023,Second_Term_Jan_Apr,130,1,0,1.5,,HIGH
GRD-09696,STU-09696,2023,First_Term_Sep_Dec,90,2,0,3.4,,HIGH
GRD-09697,STU-09697,2024,Second_Term_Jan_Apr,23,0,0,27.1,,MEDIUM
GRD-09698,STU-09698,2023,First_Term_Sep_Dec,11,0,0,91.3,1.7,LOW
GRD-09699,STU-09699,2025,Third_Term_May_Jul,23,0,0,82.0,2.3,LOW
GRD-09700,STU-09700,2025,Second_Term_Jan_Apr,33,0,0,83.5,6.6,LOW
GRD-09701,STU-09701,2023,Third_Term_May_Jul,212,1,0,5.9,,HIGH
GRD-09702,STU-09702,2023,Third_Term_May_Jul,24,0,0,90.2,2.3,LOW
GRD-09703,STU-09703,2024,Second_Term_Jan_Apr,31,1,0,76.3,2.4,LOW
GRD-09704,STU-09704,2025,Third_Term_May_Jul,14,0,0,30.7,,LOW
GRD-09705,STU-09705,2025,Third_Term_May_Jul,164,7,0,4.4,,HIGH
GRD-09706,STU-09706,2024,Second_Term_Jan_Apr,14,0,0,28.6,0.6,LOW
GRD-09707,STU-09707,2023,Second_Term_Jan_Apr,104,6,0,2.5,,HIGH
GRD-09708,STU-09708,2024,First_Term_Sep_Dec,0,3,1,25.7,66.2,LOW
GRD-09709,STU-09709,2025,First_Term_Sep_Dec,90,5,0,8.4,,HIGH
GRD-09710,STU-09710,2024,Second_Term_Jan_Apr,168,5,0,6.2,,HIGH
GRD-09711,STU-09711,2023,Second_Term_Jan_Apr,50,0,0,76.4,4.3,LOW
GRD-09712,STU-09712,2025,First_Term_Sep_Dec,108,2,0,9.6,,HIGH
GRD-09713,STU-09713,2023,Third_Term_May_Jul,15,0,0,30.7,0.2,LOW
GRD-09714,STU-09714,2023,Third_Term_May_Jul,30,0,0,93.9,3.1,LOW
GRD-09715,STU-09715,2024,Third_Term_May_Jul,17,0,0,34.6,,MEDIUM
GRD-09716,STU-09716,2023,Third_Term_May_Jul,15,1,0,22.8,53.2,LOW
GRD-09717,STU-09717,2024,Second_Term_Jan_Apr,36,0,0,88.7,5.7,LOW
GRD-09718,STU-09718,2025,First_Term_Sep_Dec,90,7,0,11.4,,HIGH
GRD-09719,STU-09719,2025,Third_Term_May_Jul,25,0,0,100.0,5.7,LOW
GRD-09720,STU-09720,2023,Third_Term_May_Jul,18,0,0,24.9,1.0,LOW
GRD-09721,STU-09721,2025,First_Term_Sep_Dec,17,1,0,92.4,3.5,LOW
GRD-09722,STU-09722,2023,First_Term_Sep_Dec,25,0,0,30.6,,MEDIUM
GRD-09723,STU-09723,2024,First_Term_Sep_Dec,11,0,0,38.2,0.3,LOW
GRD-09724,STU-09724,2023,Third_Term_May_Jul,30,0,0,88.6,3.4,LOW
GRD-09725,STU-09725,2024,First_Term_Sep_Dec,9,0,0,89.8,1.9,LOW
GRD-09726,STU-09726,2025,First_Term_Sep_Dec,90,4,0,1.2,,HIGH
GRD-09727,STU-09727,2025,Third_Term_May_Jul,15,0,0,21.7,,MEDIUM
GRD-09728,STU-09728,2025,Third_Term_May_Jul,13,1,0,25.5,75.3,LOW
GRD-09729,STU-09729,2025,First_Term_Sep_Dec,17,0,0,32.6,,MEDIUM
GRD-09730,STU-09730,2025,Second_Term_Jan_Apr,22,0,0,29.0,0.8,LOW
GRD-09731,STU-09731,2025,Second_Term_Jan_Apr,19,0,0,21.3,,MEDIUM
GRD-09732,STU-09732,2024,Second_Term_Jan_Apr,141,4,0,9.5,,HIGH
GRD-09733,STU-09733,2024,First_Term_Sep_Dec,16,1,0,88.2,3.8,LOW
GRD-09734,STU-09734,2025,Third_Term_May_Jul,11,0,0,31.2,0.4,LOW
GRD-09735,STU-09735,2023,Second_Term_Jan_Apr,33,0,0,83.3,1.2,LOW
GRD-09736,STU-09736,2024,First_Term_Sep_Dec,41,1,0,17.1,49.1,MEDIUM
GRD-09737,STU-09737,2024,Second_Term_Jan_Apr,125,4,0,4.6,,HIGH
GRD-09738,STU-09738,2024,First_Term_Sep_Dec,15,0,0,20.4,0.3,LOW
GRD-09739,STU-09739,2025,Third_Term_May_Jul,23,0,0,22.3,,MEDIUM
GRD-09740,STU-09740,2023,First_Term_Sep_Dec,21,0,0,24.6,0.8,LOW
GRD-09741,STU-09741,2024,Second_Term_Jan_Apr,27,1,0,91.2,4.8,LOW
GRD-09742,STU-09742,2025,Second_Term_Jan_Apr,17,0,0,40.0,0.2,LOW
GRD-09743,STU-09743,2024,First_Term_Sep_Dec,90,6,0,3.8,,HIGH
GRD-09744,STU-09744,2023,Third_Term_May_Jul,151,4,0,5.6,,HIGH
GRD-09745,STU-09745,2023,First_Term_Sep_Dec,11,0,0,34.5,0.7,LOW
GRD-09746,STU-09746,2025,First_Term_Sep_Dec,20,1,0,90.8,5.4,LOW
GRD-09747,STU-09747,2024,Third_Term_May_Jul,188,2,0,8.3,,HIGH
GRD-09748,STU-09748,2024,Second_Term_Jan_Apr,5,0,0,26.7,57.4,LOW
GRD-09749,STU-09749,2024,Third_Term_May_Jul,0,3,1,24.5,66.8,LOW
GRD-09750,STU-09750,2023,First_Term_Sep_Dec,19,0,0,100.0,2.4,LOW
GRD-09751,STU-09751,2023,First_Term_Sep_Dec,90,2,0,8.9,,HIGH
GRD-09752,STU-09752,2025,Third_Term_May_Jul,101,5,0,6.5,,HIGH
GRD-09753,STU-09753,2025,Second_Term_Jan_Apr,0,1,1,75.9,5.1,LOW
GRD-09754,STU-09754,2023,First_Term_Sep_Dec,15,0,0,82.9,2.3,LOW
GRD-09755,STU-09755,2024,First_Term_Sep_Dec,14,0,0,94.8,4.7,LOW
GRD-09756,STU-09756,2025,Second_Term_Jan_Apr,31,0,0,24.5,86.1,LOW
GRD-09757,STU-09757,2024,Second_Term_Jan_Apr,113,6,0,1.9,,HIGH
GRD-09758,STU-09758,2024,Third_Term_May_Jul,29,0,0,86.4,4.4,LOW
GRD-09759,STU-09759,2024,Third_Term_May_Jul,11,0,0,31.2,0.5,LOW
GRD-09760,STU-09760,2023,Third_Term_May_Jul,121,5,0,2.0,,HIGH
GRD-09761,STU-09761,2024,Third_Term_May_Jul,124,5,0,6.6,,HIGH
GRD-09762,STU-09762,2025,Third_Term_May_Jul,16,0,0,22.3,0.6,LOW
GRD-09763,STU-09763,2024,Second_Term_Jan_Apr,29,0,0,82.3,4.3,LOW
GRD-09764,STU-09764,2024,Third_Term_May_Jul,31,1,0,17.4,61.6,MEDIUM
GRD-09765,STU-09765,2024,Second_Term_Jan_Apr,24,0,0,28.8,,MEDIUM
GRD-09766,STU-09766,2025,First_Term_Sep_Dec,22,0,0,33.2,,MEDIUM
GRD-09767,STU-09767,2024,First_Term_Sep_Dec,19,1,0,96.7,5.1,LOW
GRD-09768,STU-09768,2025,First_Term_Sep_Dec,90,1,0,1.5,,HIGH
GRD-09769,STU-09769,2025,Third_Term_May_Jul,6,1,0,29.5,79.6,LOW
GRD-09770,STU-09770,2024,Third_Term_May_Jul,19,0,0,30.1,0.3,LOW
GRD-09771,STU-09771,2024,Third_Term_May_Jul,34,1,0,24.5,68.5,MEDIUM
GRD-09772,STU-09772,2024,First_Term_Sep_Dec,90,3,0,5.9,,HIGH
GRD-09773,STU-09773,2023,Third_Term_May_Jul,29,0,0,100.0,5.0,LOW
GRD-09774,STU-09774,2025,First_Term_Sep_Dec,20,1,0,89.6,3.8,LOW
GRD-09775,STU-09775,2024,First_Term_Sep_Dec,9,1,0,96.7,1.6,LOW
GRD-09776,STU-09776,2024,First_Term_Sep_Dec,0,0,1,16.6,72.2,LOW
GRD-09777,STU-09777,2025,Second_Term_Jan_Apr,38,1,0,33.7,72.7,MEDIUM
GRD-09778,STU-09778,2025,Second_Term_Jan_Apr,51,2,0,17.9,64.4,MEDIUM
GRD-09779,STU-09779,2023,Second_Term_Jan_Apr,10,0,0,24.7,0.9,LOW
GRD-09780,STU-09780,2025,Second_Term_Jan_Apr,82,2,0,25.0,75.9,MEDIUM
GRD-09781,STU-09781,2023,First_Term_Sep_Dec,64,1,0,27.9,57.2,MEDIUM
GRD-09782,STU-09782,2025,First_Term_Sep_Dec,17,0,0,34.2,0.5,LOW
GRD-09783,STU-09783,2025,Second_Term_Jan_Apr,18,0,0,26.5,,MEDIUM
GRD-09784,STU-09784,2025,First_Term_Sep_Dec,90,4,0,3.7,,HIGH
GRD-09785,STU-09785,2025,First_Term_Sep_Dec,14,0,0,30.9,0.4,LOW
GRD-09786,STU-09786,2023,Second_Term_Jan_Apr,70,1,0,17.2,76.8,MEDIUM
GRD-09787,STU-09787,2023,Third_Term_May_Jul,129,7,0,7.1,,HIGH
GRD-09788,STU-09788,2025,Third_Term_May_Jul,148,3,0,4.2,,HIGH
GRD-09789,STU-09789,2023,Third_Term_May_Jul,0,2,0,16.0,78.2,LOW
GRD-09790,STU-09790,2025,Second_Term_Jan_Apr,17,0,0,27.1,,MEDIUM
GRD-09791,STU-09791,2023,First_Term_Sep_Dec,90,6,0,8.3,,HIGH
GRD-09792,STU-09792,2023,First_Term_Sep_Dec,23,0,0,27.2,0.2,LOW
GRD-09793,STU-09793,2023,First_Term_Sep_Dec,10,0,0,26.8,0.4,LOW
GRD-09794,STU-09794,2025,Third_Term_May_Jul,148,1,0,4.1,,HIGH
GRD-09795,STU-09795,2023,First_Term_Sep_Dec,19,0,0,24.5,,MEDIUM
GRD-09796,STU-09796,2025,First_Term_Sep_Dec,90,5,0,6.2,,HIGH
GRD-09797,STU-09797,2024,First_Term_Sep_Dec,10,0,0,26.9,,LOW
GRD-09798,STU-09798,2025,Second_Term_Jan_Apr,43,1,0,75.0,8.4,LOW
GRD-09799,STU-09799,2023,First_Term_Sep_Dec,90,5,0,10.3,,HIGH
GRD-09800,STU-09800,2025,First_Term_Sep_Dec,90,3,0,7.8,,HIGH
GRD-09801,STU-09801,2023,First_Term_Sep_Dec,56,2,0,25.4,89.2,MEDIUM
GRD-09802,STU-09802,2024,First_Term_Sep_Dec,90,1,0,11.2,,MEDIUM
GRD-09803,STU-09803,2023,First_Term_Sep_Dec,17,1,0,92.1,4.8,LOW
GRD-09804,STU-09804,2025,First_Term_Sep_Dec,90,6,0,0.7,,HIGH
GRD-09805,STU-09805,2024,Third_Term_May_Jul,16,0,0,34.4,0.5,LOW
GRD-09806,STU-09806,2025,Second_Term_Jan_Apr,120,3,0,2.3,,HIGH
GRD-09807,STU-09807,2023,First_Term_Sep_Dec,120,4,0,6.6,,HIGH
GRD-09808,STU-09808,2024,Second_Term_Jan_Apr,56,1,0,31.9,73.0,MEDIUM
GRD-09809,STU-09809,2025,Second_Term_Jan_Apr,17,0,0,28.5,0.5,LOW
GRD-09810,STU-09810,2023,Second_Term_Jan_Apr,39,1,0,87.1,3.6,LOW
GRD-09811,STU-09811,2023,Second_Term_Jan_Apr,27,2,0,27.9,67.2,LOW
GRD-09812,STU-09812,2025,Third_Term_May_Jul,11,1,0,22.9,61.0,LOW
GRD-09813,STU-09813,2024,First_Term_Sep_Dec,17,0,0,30.8,,MEDIUM
GRD-09814,STU-09814,2023,Third_Term_May_Jul,43,1,0,94.3,5.8,LOW
GRD-09815,STU-09815,2024,First_Term_Sep_Dec,13,0,0,84.8,3.4,LOW
GRD-09816,STU-09816,2023,First_Term_Sep_Dec,53,1,0,24.2,68.7,MEDIUM
GRD-09817,STU-09817,2025,Second_Term_Jan_Apr,114,7,0,4.8,,HIGH
GRD-09818,STU-09818,2024,First_Term_Sep_Dec,17,0,0,32.1,,MEDIUM
GRD-09819,STU-09819,2023,Second_Term_Jan_Apr,23,1,0,81.4,6.5,LOW
GRD-09820,STU-09820,2024,First_Term_Sep_Dec,90,6,0,6.1,,HIGH
GRD-09821,STU-09821,2025,Second_Term_Jan_Apr,155,4,0,4.7,,HIGH
GRD-09822,STU-09822,2025,First_Term_Sep_Dec,0,2,1,22.8,58.2,LOW
GRD-09823,STU-09823,2023,First_Term_Sep_Dec,11,0,0,30.5,0.4,LOW
GRD-09824,STU-09824,2024,Second_Term_Jan_Apr,119,1,0,3.5,,HIGH
GRD-09825,STU-09825,2023,Third_Term_May_Jul,29,0,0,100.0,3.5,LOW
GRD-09826,STU-09826,2025,Third_Term_May_Jul,15,0,0,32.7,0.4,LOW
GRD-09827,STU-09827,2025,Second_Term_Jan_Apr,31,0,0,89.7,4.4,LOW
GRD-09828,STU-09828,2023,First_Term_Sep_Dec,90,2,0,3.8,,HIGH
GRD-09829,STU-09829,2024,First_Term_Sep_Dec,0,2,1,25.7,56.5,LOW
GRD-09830,STU-09830,2025,Third_Term_May_Jul,19,0,0,29.3,0.1,LOW
GRD-09831,STU-09831,2025,Third_Term_May_Jul,4,2,0,36.4,57.0,LOW
GRD-09832,STU-09832,2025,Third_Term_May_Jul,15,0,0,30.4,,MEDIUM
GRD-09833,STU-09833,2023,Second_Term_Jan_Apr,16,0,0,37.0,,MEDIUM
GRD-09834,STU-09834,2025,First_Term_Sep_Dec,108,6,0,9.1,,HIGH
GRD-09835,STU-09835,2025,Third_Term_May_Jul,38,1,0,100.0,2.2,LOW
GRD-09836,STU-09836,2024,First_Term_Sep_Dec,0,1,0,32.9,82.3,LOW
GRD-09837,STU-09837,2023,First_Term_Sep_Dec,52,2,0,24.7,74.8,MEDIUM
GRD-09838,STU-09838,2024,Second_Term_Jan_Apr,136,7,0,8.9,,HIGH
GRD-09839,STU-09839,2023,First_Term_Sep_Dec,10,0,0,37.5,0.5,LOW
GRD-09840,STU-09840,2025,Third_Term_May_Jul,154,6,0,5.1,,HIGH
GRD-09841,STU-09841,2024,Third_Term_May_Jul,0,1,1,31.9,43.9,LOW
GRD-09842,STU-09842,2025,Third_Term_May_Jul,30,0,0,95.4,5.3,LOW
GRD-09843,STU-09843,2024,Third_Term_May_Jul,33,1,0,92.8,3.8,LOW
GRD-09844,STU-09844,2025,Third_Term_May_Jul,39,0,0,93.2,4.4,LOW
GRD-09845,STU-09845,2025,Second_Term_Jan_Apr,115,4,0,1.8,,HIGH
GRD-09846,STU-09846,2023,Second_Term_Jan_Apr,0,1,1,26.9,76.6,LOW
GRD-09847,STU-09847,2023,First_Term_Sep_Dec,90,3,0,2.5,,HIGH
GRD-09848,STU-09848,2024,Third_Term_May_Jul,92,5,0,1.9,,HIGH
GRD-09849,STU-09849,2025,First_Term_Sep_Dec,0,0,1,21.3,71.0,LOW
GRD-09850,STU-09850,2024,First_Term_Sep_Dec,90,3,0,2.3,,HIGH
GRD-09851,STU-09851,2024,Third_Term_May_Jul,0,0,0,20.2,68.4,LOW
GRD-09852,STU-09852,2024,First_Term_Sep_Dec,15,0,0,94.1,2.5,LOW
GRD-09853,STU-09853,2024,Second_Term_Jan_Apr,45,0,0,82.8,5.3,LOW
GRD-09854,STU-09854,2025,Third_Term_May_Jul,18,2,0,14.2,78.7,LOW
GRD-09855,STU-09855,2025,Second_Term_Jan_Apr,31,1,0,19.5,50.0,MEDIUM
GRD-09856,STU-09856,2024,First_Term_Sep_Dec,2,0,0,20.1,44.2,LOW
GRD-09857,STU-09857,2023,First_Term_Sep_Dec,40,2,0,23.8,53.7,MEDIUM
GRD-09858,STU-09858,2024,First_Term_Sep_Dec,90,2,0,6.7,,HIGH
GRD-09859,STU-09859,2023,Second_Term_Jan_Apr,95,5,0,0.9,,HIGH
GRD-09860,STU-09860,2023,Second_Term_Jan_Apr,118,2,0,7.7,,HIGH
GRD-09861,STU-09861,2024,First_Term_Sep_Dec,0,2,1,28.4,46.9,LOW
GRD-09862,STU-09862,2023,First_Term_Sep_Dec,0,3,1,38.3,57.6,LOW
GRD-09863,STU-09863,2024,Third_Term_May_Jul,11,0,0,27.4,0.4,LOW
GRD-09864,STU-09864,2023,First_Term_Sep_Dec,17,0,0,94.3,4.6,LOW
GRD-09865,STU-09865,2023,First_Term_Sep_Dec,90,6,0,9.4,,HIGH
GRD-09866,STU-09866,2025,Second_Term_Jan_Apr,46,0,0,76.0,1.4,LOW
GRD-09867,STU-09867,2024,Second_Term_Jan_Apr,31,0,0,79.8,7.6,LOW
GRD-09868,STU-09868,2023,Third_Term_May_Jul,13,0,0,29.1,0.5,LOW
GRD-09869,STU-09869,2024,Second_Term_Jan_Apr,34,2,0,66.5,4.9,LOW
GRD-09870,STU-09870,2023,First_Term_Sep_Dec,17,0,0,28.9,0.8,LOW
GRD-09871,STU-09871,2025,First_Term_Sep_Dec,15,0,0,91.9,2.4,LOW
GRD-09872,STU-09872,2025,First_Term_Sep_Dec,90,3,0,10.4,,HIGH
GRD-09873,STU-09873,2025,Third_Term_May_Jul,0,1,1,19.2,67.5,LOW
GRD-09874,STU-09874,2025,First_Term_Sep_Dec,66,2,0,30.9,44.0,MEDIUM
GRD-09875,STU-09875,2024,Second_Term_Jan_Apr,31,1,0,82.4,2.2,LOW
GRD-09876,STU-09876,2024,Third_Term_May_Jul,19,0,0,32.0,,MEDIUM
GRD-09877,STU-09877,2023,Third_Term_May_Jul,19,0,0,88.6,4.1,LOW
GRD-09878,STU-09878,2025,Second_Term_Jan_Apr,35,2,0,24.8,69.8,MEDIUM
GRD-09879,STU-09879,2025,First_Term_Sep_Dec,90,4,0,2.0,,HIGH
GRD-09880,STU-09880,2025,Third_Term_May_Jul,18,0,0,25.4,0.6,LOW
GRD-09881,STU-09881,2024,Second_Term_Jan_Apr,0,4,1,1.9,,MEDIUM
GRD-09882,STU-09882,2023,First_Term_Sep_Dec,82,1,0,39.9,86.2,MEDIUM
GRD-09883,STU-09883,2025,Third_Term_May_Jul,29,1,0,80.3,2.9,LOW
GRD-09884,STU-09884,2024,First_Term_Sep_Dec,14,0,0,100.0,2.6,LOW
GRD-09885,STU-09885,2025,Second_Term_Jan_Apr,90,4,0,5.4,,HIGH
GRD-09886,STU-09886,2023,Third_Term_May_Jul,120,3,0,4.6,,HIGH
GRD-09887,STU-09887,2023,Second_Term_Jan_Apr,17,0,0,76.7,3.5,LOW
GRD-09888,STU-09888,2024,Third_Term_May_Jul,20,1,0,90.2,3.9,LOW
GRD-09889,STU-09889,2023,First_Term_Sep_Dec,27,0,0,28.8,0.4,LOW
GRD-09890,STU-09890,2024,First_Term_Sep_Dec,13,1,0,25.2,69.9,LOW
GRD-09891,STU-09891,2024,First_Term_Sep_Dec,3,1,0,31.6,63.1,LOW
GRD-09892,STU-09892,2024,Third_Term_May_Jul,31,1,0,86.0,3.2,LOW
GRD-09893,STU-09893,2023,Second_Term_Jan_Apr,62,2,0,28.0,83.4,MEDIUM
GRD-09894,STU-09894,2023,Second_Term_Jan_Apr,0,1,0,26.3,72.8,LOW
GRD-09895,STU-09895,2025,Third_Term_May_Jul,14,0,0,35.1,,LOW
GRD-09896,STU-09896,2025,First_Term_Sep_Dec,15,1,0,86.2,5.7,LOW
GRD-09897,STU-09897,2025,Second_Term_Jan_Apr,33,0,0,84.0,4.6,LOW
GRD-09898,STU-09898,2025,First_Term_Sep_Dec,30,2,0,19.3,41.2,LOW
GRD-09899,STU-09899,2024,Second_Term_Jan_Apr,37,1,0,77.2,8.4,LOW
GRD-09900,STU-09900,2023,Second_Term_Jan_Apr,16,0,0,18.1,67.8,LOW
GRD-09901,STU-09901,2025,Second_Term_Jan_Apr,36,0,0,81.9,6.5,LOW
GRD-09902,STU-09902,2024,First_Term_Sep_Dec,35,1,0,27.4,62.6,MEDIUM
GRD-09903,STU-09903,2024,Second_Term_Jan_Apr,39,1,0,80.6,2.6,LOW
GRD-09904,STU-09904,2025,First_Term_Sep_Dec,90,2,0,8.1,,HIGH
GRD-09905,STU-09905,2025,First_Term_Sep_Dec,53,1,0,36.6,47.8,MEDIUM
GRD-09906,STU-09906,2024,Third_Term_May_Jul,31,1,0,86.0,2.4,LOW
GRD-09907,STU-09907,2025,First_Term_Sep_Dec,72,0,0,37.4,63.5,MEDIUM
GRD-09908,STU-09908,2023,Second_Term_Jan_Apr,26,0,0,32.9,0.8,LOW
GRD-09909,STU-09909,2024,Second_Term_Jan_Apr,56,1,0,16.5,82.0,MEDIUM
GRD-09910,STU-09910,2023,First_Term_Sep_Dec,0,0,1,97.6,4.0,LOW
GRD-09911,STU-09911,2024,First_Term_Sep_Dec,0,0,1,87.3,0.8,LOW
GRD-09912,STU-09912,2025,Third_Term_May_Jul,28,1,0,86.1,4.5,LOW
GRD-09913,STU-09913,2023,First_Term_Sep_Dec,28,1,0,29.7,47.7,LOW
GRD-09914,STU-09914,2023,Third_Term_May_Jul,29,0,0,84.6,3.2,LOW
GRD-09915,STU-09915,2023,Second_Term_Jan_Apr,127,4,0,1.2,,HIGH
GRD-09916,STU-09916,2025,Third_Term_May_Jul,48,2,0,15.6,75.6,MEDIUM
GRD-09917,STU-09917,2023,First_Term_Sep_Dec,12,1,0,83.7,3.4,LOW
GRD-09918,STU-09918,2025,Third_Term_May_Jul,25,0,0,98.4,2.8,LOW
GRD-09919,STU-09919,2024,First_Term_Sep_Dec,23,2,0,20.1,53.9,LOW
GRD-09920,STU-09920,2025,First_Term_Sep_Dec,15,0,0,90.2,3.4,LOW
GRD-09921,STU-09921,2025,Third_Term_May_Jul,23,0,0,26.7,0.6,LOW
GRD-09922,STU-09922,2023,Second_Term_Jan_Apr,59,0,0,84.4,1.5,LOW
GRD-09923,STU-09923,2025,First_Term_Sep_Dec,0,2,1,33.2,58.0,LOW
GRD-09924,STU-09924,2025,First_Term_Sep_Dec,16,0,0,21.2,0.7,LOW
GRD-09925,STU-09925,2023,Third_Term_May_Jul,16,0,0,33.0,0.7,LOW
GRD-09926,STU-09926,2023,Second_Term_Jan_Apr,36,2,0,23.0,54.8,MEDIUM
GRD-09927,STU-09927,2024,Third_Term_May_Jul,211,7,0,2.3,,HIGH
GRD-09928,STU-09928,2023,Second_Term_Jan_Apr,12,0,0,38.6,0.5,LOW
GRD-09929,STU-09929,2025,First_Term_Sep_Dec,18,1,0,90.6,4.4,LOW
GRD-09930,STU-09930,2024,Third_Term_May_Jul,25,2,0,94.3,6.7,LOW
GRD-09931,STU-09931,2024,Third_Term_May_Jul,35,0,0,94.3,1.7,LOW
GRD-09932,STU-09932,2024,Third_Term_May_Jul,12,0,0,28.5,0.6,LOW
GRD-09933,STU-09933,2023,Third_Term_May_Jul,23,0,0,83.2,2.7,LOW
GRD-09934,STU-09934,2024,Third_Term_May_Jul,26,1,0,100.0,1.2,LOW
GRD-09935,STU-09935,2023,Second_Term_Jan_Apr,128,4,0,8.2,,HIGH
GRD-09936,STU-09936,2024,Third_Term_May_Jul,31,2,0,18.4,69.7,MEDIUM
GRD-09937,STU-09937,2025,Second_Term_Jan_Apr,44,1,0,79.8,6.7,LOW
GRD-09938,STU-09938,2024,First_Term_Sep_Dec,90,6,0,6.7,,HIGH
GRD-09939,STU-09939,2024,First_Term_Sep_Dec,20,0,0,35.9,,MEDIUM
GRD-09940,STU-09940,2025,First_Term_Sep_Dec,48,2,0,21.3,71.6,MEDIUM
GRD-09941,STU-09941,2025,Third_Term_May_Jul,116,5,0,5.7,,HIGH
GRD-09942,STU-09942,2024,Second_Term_Jan_Apr,0,1,0,35.4,61.4,LOW
GRD-09943,STU-09943,2025,First_Term_Sep_Dec,105,6,0,9.7,,HIGH
GRD-09944,STU-09944,2024,First_Term_Sep_Dec,16,0,0,30.5,,MEDIUM
GRD-09945,STU-09945,2023,Second_Term_Jan_Apr,96,2,0,27.6,67.7,MEDIUM
GRD-09946,STU-09946,2024,First_Term_Sep_Dec,152,4,0,0.7,,HIGH
GRD-09947,STU-09947,2025,Second_Term_Jan_Apr,29,2,0,28.8,39.0,LOW
GRD-09948,STU-09948,2024,Third_Term_May_Jul,66,2,0,25.6,56.8,MEDIUM
GRD-09949,STU-09949,2025,First_Term_Sep_Dec,20,0,0,28.4,,MEDIUM
GRD-09950,STU-09950,2025,First_Term_Sep_Dec,90,5,0,8.6,,HIGH
GRD-09951,STU-09951,2023,First_Term_Sep_Dec,18,0,0,98.0,2.8,LOW
GRD-09952,STU-09952,2023,Second_Term_Jan_Apr,43,1,0,77.1,6.7,LOW
GRD-09953,STU-09953,2024,Third_Term_May_Jul,108,5,0,1.9,,HIGH
GRD-09954,STU-09954,2025,Third_Term_May_Jul,25,0,0,85.8,7.1,LOW
GRD-09955,STU-09955,2023,Third_Term_May_Jul,30,2,0,34.4,70.7,LOW
GRD-09956,STU-09956,2024,Second_Term_Jan_Apr,38,2,0,77.3,4.4,LOW
GRD-09957,STU-09957,2023,First_Term_Sep_Dec,16,0,0,20.0,0.4,LOW
GRD-09958,STU-09958,2025,Third_Term_May_Jul,14,1,0,39.4,48.7,LOW
GRD-09959,STU-09959,2025,Third_Term_May_Jul,14,0,0,32.6,,LOW
GRD-09960,STU-09960,2023,Third_Term_May_Jul,28,0,0,86.8,4.1,LOW
GRD-09961,STU-09961,2025,Second_Term_Jan_Apr,15,0,0,34.7,,MEDIUM
GRD-09962,STU-09962,2024,Second_Term_Jan_Apr,18,0,0,35.7,0.3,LOW
GRD-09963,STU-09963,2024,Second_Term_Jan_Apr,23,1,0,30.9,63.5,LOW
GRD-09964,STU-09964,2023,First_Term_Sep_Dec,8,2,0,24.9,57.6,LOW
GRD-09965,STU-09965,2024,First_Term_Sep_Dec,21,0,0,24.8,,MEDIUM
GRD-09966,STU-09966,2025,Third_Term_May_Jul,29,1,0,85.6,2.2,LOW
GRD-09967,STU-09967,2025,Third_Term_May_Jul,53,2,0,22.8,76.7,MEDIUM
GRD-09968,STU-09968,2024,Third_Term_May_Jul,1,2,0,22.2,53.2,LOW
GRD-09969,STU-09969,2023,Third_Term_May_Jul,164,4,0,9.6,,HIGH
GRD-09970,STU-09970,2025,Second_Term_Jan_Apr,43,0,0,76.3,3.4,LOW
GRD-09971,STU-09971,2024,Second_Term_Jan_Apr,17,1,0,19.6,94.7,LOW
GRD-09972,STU-09972,2025,Second_Term_Jan_Apr,25,0,0,24.7,0.5,LOW
GRD-09973,STU-09973,2024,First_Term_Sep_Dec,0,0,1,86.5,2.7,LOW
GRD-09974,STU-09974,2023,First_Term_Sep_Dec,13,1,0,91.9,2.7,LOW
GRD-09975,STU-09975,2023,Third_Term_May_Jul,152,6,0,7.9,,HIGH
GRD-09976,STU-09976,2023,Third_Term_May_Jul,24,0,0,92.0,3.8,LOW
GRD-09977,STU-09977,2024,Second_Term_Jan_Apr,137,4,0,7.3,,HIGH
GRD-09978,STU-09978,2025,Third_Term_May_Jul,20,0,0,27.8,,MEDIUM
GRD-09979,STU-09979,2023,Second_Term_Jan_Apr,116,6,0,5.0,,HIGH
GRD-09980,STU-09980,2024,Third_Term_May_Jul,19,0,0,33.7,0.4,LOW
GRD-09981,STU-09981,2025,First_Term_Sep_Dec,17,0,0,93.3,3.8,LOW
GRD-09982,STU-09982,2025,Third_Term_May_Jul,16,0,0,32.7,0.5,LOW
GRD-09983,STU-09983,2023,Second_Term_Jan_Apr,38,0,0,89.9,3.9,LOW
GRD-09984,STU-09984,2023,First_Term_Sep_Dec,0,2,1,37.0,42.4,LOW
GRD-09985,STU-09985,2024,Second_Term_Jan_Apr,41,0,0,80.5,3.0,LOW
GRD-09986,STU-09986,2024,Third_Term_May_Jul,15,0,0,40.0,0.3,LOW
GRD-09987,STU-09987,2023,Third_Term_May_Jul,17,1,0,30.1,46.0,LOW
GRD-09988,STU-09988,2023,Second_Term_Jan_Apr,52,0,0,73.6,5.2,LOW
GRD-09989,STU-09989,2023,Third_Term_May_Jul,140,6,0,1.3,,HIGH
GRD-09990,STU-09990,2025,Second_Term_Jan_Apr,44,1,0,79.3,1.2,LOW
GRD-09991,STU-09991,2023,Second_Term_Jan_Apr,41,0,0,81.9,6.2,LOW
GRD-09992,STU-09992,2025,Third_Term_May_Jul,53,1,0,28.1,75.9,MEDIUM
GRD-09993,STU-09993,2025,Second_Term_Jan_Apr,0,2,1,25.8,67.8,LOW
GRD-09994,STU-09994,2025,Third_Term_May_Jul,17,0,0,34.1,,MEDIUM
GRD-09995,STU-09995,2025,First_Term_Sep_Dec,16,0,0,86.9,1.4,LOW
GRD-09996,STU-09996,2023,First_Term_Sep_Dec,90,7,0,5.7,,HIGH
GRD-09997,STU-09997,2024,Second_Term_Jan_Apr,20,0,0,36.1,,MEDIUM
GRD-09998,STU-09998,2024,Second_Term_Jan_Apr,134,3,0,4.1,,HIGH
GRD-09999,STU-09999,2023,First_Term_Sep_Dec,16,0,0,93.9,3.6,LOW
GRD-10000,STU-10000,2023,First_Term_Sep_Dec,15,1,0,84.0,2.1,LOW
