lesson_id,school_id,teacher_id,persona,subject_id,class_arm_id,room_id,room_type_matches_subject,day_of_week,start_time,end_time,consecutive_period_count,time_slot_hour,soft_preference_score
SCH-001-LSN-0001,SCH-001,TCH-00001,overworked_generalist,PHE,SS3A,ROOM-SS3A,1,Thursday,8:40,12:20,5,8:40,1.33
SCH-001-LSN-0002,SCH-001,TCH-00001,overworked_generalist,PHE,SS2A,ROOM-SS2A,1,Tuesday,9:20,13:00,5,9:20,1.46
SCH-001-LSN-0003,SCH-001,TCH-00001,overworked_generalist,CRS,SS1A,ROOM-SS1A,1,Friday,8:40,12:20,5,8:40,1.23
SCH-001-LSN-0004,SCH-001,TCH-00001,overworked_generalist,PHE,JSS3B,ROOM-JSS3B,1,Monday,8:40,12:20,5,8:40,1.4
SCH-001-LSN-0005,SCH-001,TCH-00001,overworked_generalist,PHE,SS1B,ROOM-SS1B,1,Wednesday,8:40,12:20,5,8:40,1.42
SCH-001-LSN-0006,SCH-001,TCH-00002,hustling_subject_specialist,Physics,SS3A,SCI-LAB-01,1,Monday,8:00,9:20,2,8:00,4
SCH-001-LSN-0007,SCH-001,TCH-00002,hustling_subject_specialist,Physics,SS3A,SCI-LAB-01,1,Monday,9:20,10:40,2,9:20,4
SCH-001-LSN-0008,SCH-001,TCH-00002,hustling_subject_specialist,Physics,SS2B,SCI-LAB-01,1,Monday,10:40,12:20,2,10:40,4
SCH-001-LSN-0009,SCH-001,TCH-00002,hustling_subject_specialist,Further Mathematics,SS2A,ROOM-SS2A,1,Tuesday,8:00,9:20,2,8:00,4
SCH-001-LSN-0010,SCH-001,TCH-00003,overworked_generalist,CRS,SS1B,ROOM-SS1B,1,Tuesday,8:40,10:40,3,8:40,1.43
SCH-001-LSN-0011,SCH-001,TCH-00003,overworked_generalist,Basic Technology,JSS2B,ROOM-JSS2B,0,Friday,8:40,10:40,3,8:40,1.5
SCH-001-LSN-0012,SCH-001,TCH-00003,overworked_generalist,CRS,JSS2A,ROOM-JSS2A,1,Thursday,8:40,10:40,3,8:40,1.42
SCH-001-LSN-0013,SCH-001,TCH-00003,overworked_generalist,CRS,JSS3A,ROOM-JSS3A,1,Wednesday,10:00,12:20,3,10:00,1.49
SCH-001-LSN-0014,SCH-001,TCH-00004,nysc_corper,Basic Science,JSS2B,ROOM-JSS2B,1,Monday,13:00,13:40,1,13:00,4.5
SCH-001-LSN-0015,SCH-001,TCH-00004,nysc_corper,Basic Science,JSS3A,ROOM-JSS3A,1,Monday,13:40,14:20,1,13:40,4.5
SCH-001-LSN-0016,SCH-001,TCH-00005,veteran_staff_room_boss,Physics,SS3B,SCI-LAB-01,1,Monday,8:40,10:00,2,8:40,4
SCH-001-LSN-0017,SCH-001,TCH-00005,veteran_staff_room_boss,Physics,SS2A,SCI-LAB-01,1,Monday,10:00,11:20,2,10:00,4
SCH-001-LSN-0018,SCH-001,TCH-00005,veteran_staff_room_boss,Biology,SS3A,SCI-LAB-01,1,Tuesday,8:40,10:00,2,8:40,4
SCH-001-LSN-0019,SCH-001,TCH-00005,veteran_staff_room_boss,Physics,SS3A,SCI-LAB-01,1,Tuesday,10:00,11:20,2,10:00,4
SCH-001-LSN-0020,SCH-001,TCH-00006,nysc_corper,Civic Education,JSS3A,ROOM-JSS3A,1,Monday,13:00,13:40,1,13:00,4.5
SCH-001-LSN-0021,SCH-001,TCH-00006,nysc_corper,Civic Education,JSS2B,ROOM-JSS2B,1,Monday,13:40,14:20,1,13:40,4.5
SCH-001-LSN-0022,SCH-001,TCH-00007,veteran_staff_room_boss,Physics,SS2A,SCI-LAB-01,1,Monday,8:40,9:20,1,8:40,4
SCH-001-LSN-0023,SCH-001,TCH-00007,veteran_staff_room_boss,Physics,SS2A,SCI-LAB-01,1,Monday,9:20,10:00,1,9:20,4
SCH-001-LSN-0024,SCH-001,TCH-00007,veteran_staff_room_boss,Physics,SS3A,SCI-LAB-01,1,Wednesday,8:40,9:20,1,8:40,4
SCH-001-LSN-0025,SCH-001,TCH-00007,veteran_staff_room_boss,Physics,SS3B,SCI-LAB-01,1,Monday,10:00,10:40,1,10:00,4
SCH-001-LSN-0026,SCH-001,TCH-00007,veteran_staff_room_boss,Further Mathematics,SS3A,ROOM-SS3A,1,Wednesday,9:20,10:00,1,9:20,4
SCH-001-LSN-0027,SCH-001,TCH-00007,veteran_staff_room_boss,Physics,SS1A,SCI-LAB-01,1,Tuesday,10:00,10:40,1,10:00,4
SCH-001-LSN-0028,SCH-001,TCH-00008,overworked_generalist,CRS,JSS2A,ROOM-JSS2A,1,Wednesday,10:40,13:00,3,10:40,1.5
SCH-001-LSN-0029,SCH-001,TCH-00008,overworked_generalist,PHE,SS3A,ROOM-SS3A,1,Friday,8:40,10:40,3,8:40,1.49
SCH-001-LSN-0030,SCH-001,TCH-00008,overworked_generalist,CRS,SS2B,ROOM-SS2B,1,Thursday,10:40,13:00,3,10:40,1.44
SCH-001-LSN-0031,SCH-001,TCH-00008,overworked_generalist,CRS,JSS3B,ROOM-JSS3B,1,Tuesday,11:40,13:40,3,11:40,1.35
SCH-001-LSN-0032,SCH-001,TCH-00009,nysc_corper,Civic Education,JSS2B,ROOM-JSS2B,1,Tuesday,13:00,13:40,1,13:00,4.5
SCH-001-LSN-0033,SCH-001,TCH-00009,nysc_corper,Civic Education,JSS2A,ROOM-JSS2A,1,Monday,13:00,13:40,1,13:00,4.5
SCH-001-LSN-0034,SCH-001,TCH-00009,nysc_corper,Civic Education,JSS2A,ROOM-JSS2A,1,Monday,13:40,14:20,1,13:40,4.5
SCH-001-LSN-0035,SCH-001,TCH-00009,nysc_corper,Basic Science,JSS2B,ROOM-JSS2B,1,Tuesday,13:40,14:20,1,13:40,4.5
SCH-001-LSN-0036,SCH-001,TCH-00009,nysc_corper,Civic Education,JSS3A,ROOM-JSS3A,1,Wednesday,13:00,13:40,1,13:00,4.5
SCH-001-LSN-0037,SCH-001,TCH-00009,nysc_corper,Basic Science,JSS3B,ROOM-JSS3B,1,Wednesday,13:40,14:20,1,13:40,4.5
SCH-001-LSN-0038,SCH-001,TCH-00009,nysc_corper,Basic Science,JSS2B,ROOM-JSS2B,1,Thursday,13:00,13:40,1,13:00,4.5
SCH-001-LSN-0039,SCH-001,TCH-00009,nysc_corper,Civic Education,JSS1A,ROOM-JSS1A,1,Thursday,13:40,14:20,1,13:40,4.5
SCH-001-LSN-0040,SCH-001,TCH-00010,nysc_corper,Civic Education,JSS2B,ROOM-JSS2B,1,Wednesday,13:00,13:40,1,13:00,4.5
SCH-001-LSN-0041,SCH-001,TCH-00010,nysc_corper,Civic Education,JSS3A,ROOM-JSS3A,1,Tuesday,13:00,13:40,1,13:00,4.5
SCH-001-LSN-0042,SCH-001,TCH-00010,nysc_corper,Civic Education,JSS3B,ROOM-JSS3B,1,Tuesday,13:40,14:20,1,13:40,4.5
SCH-001-LSN-0043,SCH-001,TCH-00011,overworked_generalist,Basic Technology,SS1A,ROOM-SS1A,0,Monday,8:00,10:40,4,8:00,1.42
SCH-001-LSN-0044,SCH-001,TCH-00011,overworked_generalist,CRS,SS3A,ROOM-SS3A,1,Monday,11:40,14:20,4,11:40,1.41
SCH-001-LSN-0045,SCH-001,TCH-00011,overworked_generalist,CRS,SS2A,ROOM-SS2A,1,Wednesday,9:20,12:20,4,9:20,1.39
SCH-001-LSN-0046,SCH-001,TCH-00011,overworked_generalist,CRS,JSS3B,ROOM-JSS3B,1,Thursday,9:20,12:20,4,9:20,1.49
SCH-001-LSN-0047,SCH-001,TCH-00012,veteran_staff_room_boss,Further Mathematics,SS2A,ROOM-SS2A,1,Thursday,8:40,10:00,2,8:40,4
SCH-001-LSN-0048,SCH-001,TCH-00012,veteran_staff_room_boss,Further Mathematics,SS1B,ROOM-SS1B,1,Monday,8:40,10:00,2,8:40,4
SCH-001-LSN-0049,SCH-001,TCH-00012,veteran_staff_room_boss,Further Mathematics,SS3B,ROOM-SS3B,1,Tuesday,8:40,10:00,2,8:40,4
SCH-001-LSN-0050,SCH-001,TCH-00012,veteran_staff_room_boss,Further Mathematics,SS2A,ROOM-SS2A,1,Thursday,10:00,11:20,2,10:00,4
SCH-001-LSN-0051,SCH-001,TCH-00013,overworked_generalist,CRS,SS2B,ROOM-SS2B,1,Wednesday,10:00,13:00,4,10:00,1.49
SCH-001-LSN-0052,SCH-001,TCH-00013,overworked_generalist,CRS,JSS2B,ROOM-JSS2B,1,Thursday,9:20,12:20,4,9:20,1.49
SCH-001-LSN-0053,SCH-001,TCH-00013,overworked_generalist,CRS,SS3B,ROOM-SS3B,1,Tuesday,11:40,14:20,4,11:40,1.42
SCH-001-LSN-0054,SCH-001,TCH-00013,overworked_generalist,Basic Technology,JSS3A,WORKSHOP-01,1,Friday,8:40,11:20,4,8:40,1.41
SCH-001-LSN-0055,SCH-001,TCH-00013,overworked_generalist,CRS,SS1A,ROOM-SS1A,1,Monday,10:40,13:40,4,10:40,1.02
SCH-002-LSN-0001,SCH-002,TCH-00014,overworked_generalist,PHE,SS2B,ROOM-SS2B,1,Monday,10:00,13:00,4,10:00,1.47
SCH-002-LSN-0002,SCH-002,TCH-00014,overworked_generalist,PHE,SS1A,ROOM-SS1A,1,Friday,9:20,12:20,4,9:20,1.5
SCH-002-LSN-0003,SCH-002,TCH-00014,overworked_generalist,Basic Technology,JSS1B,ROOM-JSS1B,0,Tuesday,8:00,10:40,4,8:00,1.48
SCH-002-LSN-0004,SCH-002,TCH-00014,overworked_generalist,Basic Technology,SS1B,ROOM-SS1B,0,Thursday,8:00,10:40,4,8:00,1.44
SCH-002-LSN-0005,SCH-002,TCH-00014,overworked_generalist,Basic Technology,SS2B,ROOM-SS2B,0,Tuesday,11:40,14:20,4,11:40,1.23
SCH-002-LSN-0006,SCH-002,TCH-00014,overworked_generalist,Basic Technology,SS3A,ROOM-SS3A,0,Wednesday,8:40,11:20,4,8:40,1.43
SCH-002-LSN-0007,SCH-002,TCH-00014,overworked_generalist,Basic Technology,SS1B,ROOM-SS1B,0,Wednesday,11:40,14:20,4,11:40,0.72
SCH-002-LSN-0008,SCH-002,TCH-00014,overworked_generalist,PHE,SS3B,ROOM-SS3B,1,Thursday,10:40,13:40,4,10:40,1.35
SCH-002-LSN-0009,SCH-002,TCH-00015,veteran_staff_room_boss,Physics,SS2A,SCI-LAB-01,1,Monday,8:40,9:20,1,8:40,4
SCH-002-LSN-0010,SCH-002,TCH-00015,veteran_staff_room_boss,Physics,SS2A,SCI-LAB-01,1,Monday,9:20,10:00,1,9:20,4
SCH-002-LSN-0011,SCH-002,TCH-00015,veteran_staff_room_boss,Physics,SS1B,SCI-LAB-01,1,Monday,10:00,10:40,1,10:00,4
SCH-002-LSN-0012,SCH-002,TCH-00016,nysc_corper,Basic Science,JSS3A,ROOM-JSS3A,1,Monday,13:00,13:40,1,13:00,4.5
SCH-002-LSN-0013,SCH-002,TCH-00016,nysc_corper,Basic Science,JSS1B,ROOM-JSS1B,1,Monday,13:40,14:20,1,13:40,4.5
SCH-002-LSN-0014,SCH-002,TCH-00016,nysc_corper,Basic Science,JSS1B,ROOM-JSS1B,1,Tuesday,13:00,13:40,1,13:00,4.5
SCH-002-LSN-0015,SCH-002,TCH-00017,overworked_generalist,CRS,SS3A,ROOM-SS3A,1,Monday,9:20,11:20,3,9:20,1.47
SCH-002-LSN-0016,SCH-002,TCH-00017,overworked_generalist,CRS,SS3B,ROOM-SS3B,1,Friday,8:00,10:00,3,8:00,1.49
SCH-002-LSN-0017,SCH-002,TCH-00017,overworked_generalist,CRS,SS3A,ROOM-SS3A,1,Tuesday,10:00,12:20,3,10:00,1.44
SCH-002-LSN-0018,SCH-002,TCH-00017,overworked_generalist,CRS,JSS1A,ROOM-JSS1A,1,Monday,12:20,14:20,3,12:20,1.49
SCH-002-LSN-0019,SCH-002,TCH-00017,overworked_generalist,CRS,JSS3B,ROOM-JSS3B,1,Wednesday,11:40,13:40,3,11:40,1.39
SCH-002-LSN-0020,SCH-002,TCH-00017,overworked_generalist,Basic Technology,SS2A,ROOM-SS2A,0,Thursday,10:00,12:20,3,10:00,1.49
SCH-002-LSN-0021,SCH-002,TCH-00017,overworked_generalist,Basic Technology,JSS1B,ROOM-JSS1B,0,Thursday,12:20,14:20,3,12:20,1.38
SCH-002-LSN-0022,SCH-002,TCH-00017,overworked_generalist,Basic Technology,JSS2A,ROOM-JSS2A,0,Tuesday,12:20,14:20,3,12:20,1.27
SCH-002-LSN-0023,SCH-002,TCH-00017,overworked_generalist,PHE,JSS3A,ROOM-JSS3A,1,Wednesday,8:00,10:00,3,8:00,1.27
SCH-002-LSN-0024,SCH-002,TCH-00018,nysc_corper,Basic Science,JSS2B,ROOM-JSS2B,1,Monday,13:00,13:40,1,13:00,4.5
SCH-002-LSN-0025,SCH-002,TCH-00018,nysc_corper,Civic Education,JSS1B,ROOM-JSS1B,1,Wednesday,13:00,13:40,1,13:00,4.5
SCH-002-LSN-0026,SCH-002,TCH-00018,nysc_corper,Basic Science,JSS1A,ROOM-JSS1A,1,Wednesday,13:40,14:20,1,13:40,4.5
SCH-002-LSN-0027,SCH-002,TCH-00018,nysc_corper,Basic Science,JSS2B,ROOM-JSS2B,1,Monday,13:40,14:20,1,13:40,4.5
SCH-002-LSN-0028,SCH-002,TCH-00019,overworked_generalist,CRS,SS3A,ROOM-SS3A,1,Friday,9:20,12:20,4,9:20,1.47
SCH-002-LSN-0029,SCH-002,TCH-00019,overworked_generalist,Basic Technology,JSS1B,ROOM-JSS1B,0,Wednesday,8:40,11:20,4,8:40,1.35
SCH-002-LSN-0030,SCH-002,TCH-00019,overworked_generalist,Basic Technology,SS1A,ROOM-SS1A,0,Tuesday,10:00,13:00,4,10:00,1.45
SCH-002-LSN-0031,SCH-002,TCH-00019,overworked_generalist,CRS,JSS1A,ROOM-JSS1A,1,Thursday,9:20,12:20,4,9:20,1.25
SCH-002-LSN-0032,SCH-002,TCH-00019,overworked_generalist,Basic Technology,JSS1B,ROOM-JSS1B,0,Monday,8:00,10:40,4,8:00,0.9
SCH-002-LSN-0033,SCH-002,TCH-00019,overworked_generalist,Basic Technology,JSS2B,ROOM-JSS2B,0,Wednesday,11:40,14:20,4,11:40,1.35
SCH-002-LSN-0034,SCH-002,TCH-00019,overworked_generalist,Basic Technology,JSS2A,ROOM-JSS2A,0,Monday,11:40,14:20,4,11:40,1.26
SCH-002-LSN-0035,SCH-002,TCH-00020,hustling_subject_specialist,Further Mathematics,SS2A,ROOM-SS2A,1,Monday,10:00,11:20,2,10:00,4
SCH-002-LSN-0036,SCH-002,TCH-00020,hustling_subject_specialist,Further Mathematics,SS2B,ROOM-SS2B,1,Monday,8:00,9:20,2,8:00,4
SCH-002-LSN-0037,SCH-002,TCH-00020,hustling_subject_specialist,Further Mathematics,SS3B,ROOM-SS3B,1,Tuesday,8:00,9:20,2,8:00,4
SCH-002-LSN-0038,SCH-002,TCH-00020,hustling_subject_specialist,Further Mathematics,SS2B,ROOM-SS2B,1,Tuesday,9:20,10:40,2,9:20,4
SCH-002-LSN-0039,SCH-002,TCH-00021,veteran_staff_room_boss,Biology,SS2A,SCI-LAB-01,1,Tuesday,8:40,9:20,1,8:40,4
SCH-002-LSN-0040,SCH-002,TCH-00021,veteran_staff_room_boss,Biology,SS1B,SCI-LAB-01,1,Tuesday,9:20,10:00,1,9:20,4
SCH-002-LSN-0041,SCH-002,TCH-00021,veteran_staff_room_boss,Biology,SS1A,SCI-LAB-01,1,Wednesday,8:40,9:20,1,8:40,4
SCH-002-LSN-0042,SCH-002,TCH-00022,nysc_corper,Civic Education,JSS1B,ROOM-JSS1B,1,Monday,13:00,13:40,1,13:00,4.5
SCH-002-LSN-0043,SCH-002,TCH-00022,nysc_corper,Civic Education,JSS2B,ROOM-JSS2B,1,Tuesday,13:00,13:40,1,13:00,4.5
SCH-002-LSN-0044,SCH-002,TCH-00022,nysc_corper,Civic Education,JSS3B,ROOM-JSS3B,1,Monday,13:40,14:20,1,13:40,4.5
SCH-002-LSN-0045,SCH-002,TCH-00022,nysc_corper,Civic Education,JSS2B,ROOM-JSS2B,1,Tuesday,13:40,14:20,1,13:40,4.5
SCH-002-LSN-0046,SCH-002,TCH-00023,overworked_generalist,Basic Technology,JSS1B,ROOM-JSS1B,0,Thursday,8:00,10:40,4,8:00,1.45
SCH-002-LSN-0047,SCH-002,TCH-00023,overworked_generalist,Basic Technology,JSS3A,ROOM-JSS3A,0,Monday,8:40,11:20,4,8:40,1.46
SCH-002-LSN-0048,SCH-002,TCH-00023,overworked_generalist,PHE,JSS2A,ROOM-JSS2A,1,Thursday,11:40,14:20,4,11:40,1.49
SCH-002-LSN-0049,SCH-002,TCH-00023,overworked_generalist,PHE,JSS3A,ROOM-JSS3A,1,Tuesday,8:40,11:20,4,8:40,1.45
SCH-002-LSN-0050,SCH-002,TCH-00023,overworked_generalist,Basic Technology,JSS2A,ROOM-JSS2A,0,Friday,9:20,12:20,4,9:20,1.5
SCH-002-LSN-0051,SCH-002,TCH-00023,overworked_generalist,Basic Technology,SS1B,WORKSHOP-01,1,Monday,11:40,14:20,4,11:40,1.24
SCH-002-LSN-0052,SCH-002,TCH-00023,overworked_generalist,Basic Technology,SS1B,ROOM-SS1B,0,Tuesday,11:40,14:20,4,11:40,1.19
SCH-002-LSN-0053,SCH-002,TCH-00023,overworked_generalist,PHE,JSS2B,ROOM-JSS2B,1,Wednesday,8:40,11:20,4,8:40,1.33
SCH-002-LSN-0054,SCH-002,TCH-00024,hustling_subject_specialist,Economics,SS3B,ROOM-SS3B,1,Tuesday,9:20,11:20,3,9:20,4
SCH-002-LSN-0055,SCH-002,TCH-00024,hustling_subject_specialist,Economics,SS3B,ROOM-SS3B,1,Wednesday,8:00,10:00,3,8:00,4
SCH-002-LSN-0056,SCH-002,TCH-00024,hustling_subject_specialist,Economics,SS1A,ROOM-SS1A,1,Wednesday,10:00,12:20,3,10:00,4
SCH-002-LSN-0057,SCH-002,TCH-00024,hustling_subject_specialist,Economics,SS2A,ROOM-SS2A,1,Thursday,8:00,10:00,3,8:00,4
SCH-002-LSN-0058,SCH-002,TCH-00025,hustling_subject_specialist,Physics,SS2A,SCI-LAB-01,1,Tuesday,10:00,12:20,3,10:00,4
SCH-002-LSN-0059,SCH-002,TCH-00025,hustling_subject_specialist,Physics,SS3B,SCI-LAB-01,1,Wednesday,10:00,12:20,3,10:00,4
SCH-003-LSN-0001,SCH-003,TCH-00026,overworked_generalist,PHE,SS3A,ROOM-SS3A,1,Friday,8:40,10:40,3,8:40,1.49
SCH-003-LSN-0002,SCH-003,TCH-00026,overworked_generalist,PHE,JSS1B,ROOM-JSS1B,1,Tuesday,9:20,11:20,3,9:20,1.49
SCH-003-LSN-0003,SCH-003,TCH-00026,overworked_generalist,Basic Technology,JSS1A,ROOM-JSS1A,0,Wednesday,8:00,10:00,3,8:00,1.43
SCH-003-LSN-0004,SCH-003,TCH-00026,overworked_generalist,PHE,SS2B,ROOM-SS2B,1,Thursday,12:20,14:20,3,12:20,1.44
SCH-003-LSN-0005,SCH-003,TCH-00026,overworked_generalist,Basic Technology,SS1A,ROOM-SS1A,0,Thursday,10:00,12:20,3,10:00,1.39
SCH-003-LSN-0006,SCH-003,TCH-00026,overworked_generalist,Basic Technology,JSS3A,ROOM-JSS3A,0,Thursday,8:00,10:00,3,8:00,1.47
SCH-003-LSN-0007,SCH-003,TCH-00026,overworked_generalist,Basic Technology,SS2B,ROOM-SS2B,0,Wednesday,12:20,14:20,3,12:20,1.48
SCH-003-LSN-0008,SCH-003,TCH-00026,overworked_generalist,PHE,SS3A,ROOM-SS3A,1,Monday,11:40,13:40,3,11:40,1.38
SCH-003-LSN-0009,SCH-003,TCH-00027,overworked_generalist,PHE,SS1A,ROOM-SS1A,1,Monday,9:20,12:20,4,9:20,1.41
SCH-003-LSN-0010,SCH-003,TCH-00027,overworked_generalist,Basic Technology,JSS2A,ROOM-JSS2A,0,Friday,8:00,10:40,4,8:00,1.39
SCH-003-LSN-0011,SCH-003,TCH-00027,overworked_generalist,Basic Technology,SS3A,ROOM-SS3A,0,Thursday,10:00,13:00,4,10:00,1.5
SCH-003-LSN-0012,SCH-003,TCH-00027,overworked_generalist,PHE,JSS2B,ROOM-JSS2B,1,Tuesday,10:40,13:40,4,10:40,1.35
SCH-003-LSN-0013,SCH-003,TCH-00027,overworked_generalist,PHE,JSS2B,ROOM-JSS2B,1,Wednesday,10:40,13:40,4,10:40,1.47
SCH-003-LSN-0014,SCH-003,TCH-00027,overworked_generalist,Basic Technology,SS2B,ROOM-SS2B,0,Wednesday,8:00,10:40,4,8:00,1.08
SCH-003-LSN-0015,SCH-003,TCH-00027,overworked_generalist,PHE,SS2A,ROOM-SS2A,1,Tuesday,8:00,10:40,4,8:00,1.26
SCH-003-LSN-0016,SCH-003,TCH-00028,hustling_subject_specialist,Physics,SS2A,SCI-LAB-01,1,Monday,8:00,10:00,3,8:00,4
SCH-003-LSN-0017,SCH-003,TCH-00028,hustling_subject_specialist,Physics,SS3B,SCI-LAB-01,1,Monday,10:00,12:20,3,10:00,4
SCH-003-LSN-0018,SCH-003,TCH-00029,nysc_corper,Civic Education,JSS2A,ROOM-JSS2A,1,Monday,13:00,13:40,1,13:00,4.5
SCH-003-LSN-0019,SCH-003,TCH-00029,nysc_corper,Basic Science,JSS1B,ROOM-JSS1B,1,Monday,13:40,14:20,1,13:40,4.5
SCH-003-LSN-0020,SCH-003,TCH-00029,nysc_corper,Civic Education,JSS3A,ROOM-JSS3A,1,Tuesday,13:00,13:40,1,13:00,4.5
SCH-003-LSN-0021,SCH-003,TCH-00029,nysc_corper,Civic Education,JSS3B,ROOM-JSS3B,1,Tuesday,13:40,14:20,1,13:40,4.5
SCH-003-LSN-0022,SCH-003,TCH-00029,nysc_corper,Basic Science,JSS3B,ROOM-JSS3B,1,Thursday,13:00,13:40,1,13:00,4.5
SCH-003-LSN-0023,SCH-003,TCH-00029,nysc_corper,Basic Science,JSS3B,ROOM-JSS3B,1,Thursday,13:40,14:20,1,13:40,4.5
SCH-003-LSN-0024,SCH-003,TCH-00030,nysc_corper,Basic Science,JSS3A,ROOM-JSS3A,1,Monday,13:00,13:40,1,13:00,4.5
SCH-003-LSN-0025,SCH-003,TCH-00030,nysc_corper,Basic Science,JSS2B,ROOM-JSS2B,1,Monday,13:40,14:20,1,13:40,4.5
SCH-003-LSN-0026,SCH-003,TCH-00030,nysc_corper,Basic Science,JSS1A,ROOM-JSS1A,1,Wednesday,13:00,13:40,1,13:00,4.5
SCH-003-LSN-0027,SCH-003,TCH-00030,nysc_corper,Basic Science,JSS2A,ROOM-JSS2A,1,Wednesday,13:40,14:20,1,13:40,4.5
SCH-003-LSN-0028,SCH-003,TCH-00031,nysc_corper,Civic Education,JSS1B,ROOM-JSS1B,1,Monday,13:00,13:40,1,13:00,4.5
SCH-003-LSN-0029,SCH-003,TCH-00031,nysc_corper,Civic Education,JSS2B,ROOM-JSS2B,1,Tuesday,13:40,14:20,1,13:40,4.5
SCH-003-LSN-0030,SCH-003,TCH-00031,nysc_corper,Civic Education,JSS2A,ROOM-JSS2A,1,Monday,13:40,14:20,1,13:40,4.5
SCH-003-LSN-0031,SCH-003,TCH-00031,nysc_corper,Civic Education,JSS1A,ROOM-JSS1A,1,Tuesday,13:00,13:40,1,13:00,4.5
SCH-003-LSN-0032,SCH-003,TCH-00031,nysc_corper,Basic Science,JSS3B,ROOM-JSS3B,1,Wednesday,13:00,13:40,1,13:00,4.5
SCH-003-LSN-0033,SCH-003,TCH-00031,nysc_corper,Civic Education,JSS2B,ROOM-JSS2B,1,Wednesday,13:40,14:20,1,13:40,4.5
SCH-003-LSN-0034,SCH-003,TCH-00031,nysc_corper,Basic Science,JSS1A,ROOM-JSS1A,1,Monday,8:00,8:40,1,8:00,0
SCH-003-LSN-0035,SCH-003,TCH-00031,nysc_corper,Basic Science,JSS2B,ROOM-JSS2B,1,Monday,8:40,9:20,1,8:40,0
SCH-003-LSN-0036,SCH-003,TCH-00032,veteran_staff_room_boss,Chemistry,SS3B,SCI-LAB-01,1,Tuesday,8:40,9:20,1,8:40,4
SCH-003-LSN-0037,SCH-003,TCH-00032,veteran_staff_room_boss,Chemistry,SS2A,SCI-LAB-01,1,Wednesday,8:40,9:20,1,8:40,4
SCH-003-LSN-0038,SCH-003,TCH-00033,overworked_generalist,CRS,JSS2A,ROOM-JSS2A,1,Thursday,8:00,10:00,3,8:00,1.4
SCH-003-LSN-0039,SCH-003,TCH-00033,overworked_generalist,PHE,SS2B,ROOM-SS2B,1,Thursday,10:00,12:20,3,10:00,1.49
SCH-003-LSN-0040,SCH-003,TCH-00033,overworked_generalist,CRS,JSS3B,ROOM-JSS3B,1,Monday,10:00,12:20,3,10:00,1.41
SCH-003-LSN-0041,SCH-003,TCH-00033,overworked_generalist,PHE,SS1A,ROOM-SS1A,1,Wednesday,10:00,12:20,3,10:00,1.47
SCH-003-LSN-0042,SCH-003,TCH-00033,overworked_generalist,PHE,JSS1A,ROOM-JSS1A,1,Monday,12:20,14:20,3,12:20,1.32
SCH-003-LSN-0043,SCH-003,TCH-00033,overworked_generalist,PHE,JSS2A,ROOM-JSS2A,1,Thursday,12:20,14:20,3,12:20,1.45
SCH-003-LSN-0044,SCH-003,TCH-00033,overworked_generalist,Basic Technology,JSS1A,ROOM-JSS1A,0,Tuesday,8:40,10:40,3,8:40,1.43
SCH-003-LSN-0045,SCH-003,TCH-00033,overworked_generalist,PHE,JSS3A,ROOM-JSS3A,1,Wednesday,8:00,10:00,3,8:00,1.47
SCH-003-LSN-0046,SCH-003,TCH-00033,overworked_generalist,PHE,SS3A,ROOM-SS3A,1,Tuesday,12:20,14:20,3,12:20,1.19
SCH-003-LSN-0047,SCH-003,TCH-00033,overworked_generalist,CRS,SS3A,ROOM-SS3A,1,Monday,8:00,10:00,3,8:00,1.37
SCH-003-LSN-0048,SCH-003,TCH-00033,overworked_generalist,CRS,SS2A,ROOM-SS2A,1,Wednesday,12:20,14:20,3,12:20,1.4
SCH-003-LSN-0049,SCH-003,TCH-00033,overworked_generalist,CRS,JSS3B,ROOM-JSS3B,1,Friday,8:00,10:00,3,8:00,1.32
SCH-003-LSN-0050,SCH-003,TCH-00034,nysc_corper,Civic Education,JSS1B,ROOM-JSS1B,1,Tuesday,13:00,13:40,1,13:00,4.5
SCH-003-LSN-0051,SCH-003,TCH-00034,nysc_corper,Civic Education,JSS3B,ROOM-JSS3B,1,Wednesday,13:40,14:20,1,13:40,4.5
SCH-003-LSN-0052,SCH-003,TCH-00034,nysc_corper,Basic Science,JSS2B,ROOM-JSS2B,1,Thursday,13:00,13:40,1,13:00,4.5
SCH-003-LSN-0053,SCH-003,TCH-00034,nysc_corper,Basic Science,JSS1A,ROOM-JSS1A,1,Tuesday,13:40,14:20,1,13:40,4.5
SCH-003-LSN-0054,SCH-003,TCH-00034,nysc_corper,Basic Science,JSS3B,ROOM-JSS3B,1,Tuesday,8:00,8:40,1,8:00,0
SCH-003-LSN-0055,SCH-003,TCH-00034,nysc_corper,Basic Science,JSS1A,ROOM-JSS1A,1,Thursday,13:40,14:20,1,13:40,4.5
SCH-003-LSN-0056,SCH-003,TCH-00034,nysc_corper,Civic Education,JSS2B,ROOM-JSS2B,1,Tuesday,8:40,9:20,1,8:40,0
SCH-003-LSN-0057,SCH-003,TCH-00034,nysc_corper,Civic Education,JSS2A,ROOM-JSS2A,1,Wednesday,13:00,13:40,1,13:00,4.5
SCH-003-LSN-0058,SCH-003,TCH-00035,hustling_subject_specialist,Economics,SS3B,ROOM-SS3B,1,Monday,8:00,9:20,2,8:00,4
SCH-003-LSN-0059,SCH-003,TCH-00035,hustling_subject_specialist,Further Mathematics,SS2A,ROOM-SS2A,1,Monday,10:00,11:20,2,10:00,4
SCH-003-LSN-0060,SCH-003,TCH-00035,hustling_subject_specialist,Economics,SS2B,ROOM-SS2B,1,Thursday,8:00,9:20,2,8:00,4
SCH-003-LSN-0061,SCH-003,TCH-00035,hustling_subject_specialist,Further Mathematics,SS2A,ROOM-SS2A,1,Thursday,9:20,10:40,2,9:20,4
SCH-003-LSN-0062,SCH-003,TCH-00035,hustling_subject_specialist,Further Mathematics,SS2A,ROOM-SS2A,1,Thursday,10:40,12:20,2,10:40,4
SCH-003-LSN-0063,SCH-003,TCH-00035,hustling_subject_specialist,Economics,SS2B,ROOM-SS2B,1,Monday,11:40,13:00,2,11:40,0
SCH-003-LSN-0064,SCH-003,TCH-00035,hustling_subject_specialist,Further Mathematics,SS1B,ROOM-SS1B,1,Monday,13:00,14:20,2,13:00,-4
SCH-003-LSN-0065,SCH-003,TCH-00035,hustling_subject_specialist,Economics,SS1A,ROOM-SS1A,1,Thursday,12:20,13:40,2,12:20,-4
SCH-003-LSN-0066,SCH-003,TCH-00036,hustling_subject_specialist,Further Mathematics,SS3A,ROOM-SS3A,1,Monday,10:00,11:20,2,10:00,4
SCH-003-LSN-0067,SCH-003,TCH-00036,hustling_subject_specialist,Physics,SS1A,SCI-LAB-01,1,Monday,8:00,9:20,2,8:00,4
SCH-003-LSN-0068,SCH-003,TCH-00036,hustling_subject_specialist,Further Mathematics,SS3B,ROOM-SS3B,1,Tuesday,9:20,10:40,2,9:20,4
SCH-003-LSN-0069,SCH-003,TCH-00036,hustling_subject_specialist,Physics,SS3A,SCI-LAB-01,1,Tuesday,10:40,12:20,2,10:40,4
SCH-003-LSN-0070,SCH-003,TCH-00037,veteran_staff_room_boss,Chemistry,SS1B,SCI-LAB-01,1,Tuesday,8:40,10:00,2,8:40,4
SCH-003-LSN-0071,SCH-003,TCH-00037,veteran_staff_room_boss,Physics,SS1B,SCI-LAB-01,1,Monday,8:40,10:00,2,8:40,4
SCH-003-LSN-0072,SCH-003,TCH-00037,veteran_staff_room_boss,Physics,SS2A,SCI-LAB-01,1,Wednesday,9:20,10:40,2,9:20,4
SCH-003-LSN-0073,SCH-003,TCH-00037,veteran_staff_room_boss,Chemistry,SS1A,SCI-LAB-01,1,Thursday,8:40,10:00,2,8:40,4
SCH-003-LSN-0074,SCH-003,TCH-00037,veteran_staff_room_boss,Chemistry,SS1B,SCI-LAB-01,1,Thursday,10:00,11:20,2,10:00,4
SCH-003-LSN-0075,SCH-003,TCH-00037,veteran_staff_room_boss,Physics,SS3A,SCI-LAB-01,1,Wednesday,10:40,12:20,2,10:40,0
SCH-003-LSN-0076,SCH-003,TCH-00038,hustling_subject_specialist,Economics,SS1B,ROOM-SS1B,1,Tuesday,10:00,11:20,2,10:00,4
SCH-003-LSN-0077,SCH-003,TCH-00038,hustling_subject_specialist,Economics,SS2B,ROOM-SS2B,1,Tuesday,8:00,9:20,2,8:00,4
SCH-003-LSN-0078,SCH-003,TCH-00039,nysc_corper,Civic Education,JSS3A,ROOM-JSS3A,1,Monday,13:40,14:20,1,13:40,4.5
SCH-003-LSN-0079,SCH-003,TCH-00039,nysc_corper,Civic Education,JSS2B,ROOM-JSS2B,1,Monday,13:00,13:40,1,13:00,4.5
SCH-003-LSN-0080,SCH-003,TCH-00039,nysc_corper,Basic Science,JSS3B,ROOM-JSS3B,1,Tuesday,13:00,13:40,1,13:00,4.5
SCH-003-LSN-0081,SCH-003,TCH-00039,nysc_corper,Basic Science,JSS1B,ROOM-JSS1B,1,Tuesday,13:40,14:20,1,13:40,4.5
SCH-003-LSN-0082,SCH-003,TCH-00040,nysc_corper,Basic Science,JSS1A,ROOM-JSS1A,1,Wednesday,13:40,14:20,1,13:40,4.5
SCH-003-LSN-0083,SCH-003,TCH-00040,nysc_corper,Basic Science,JSS3B,ROOM-JSS3B,1,Tuesday,8:40,9:20,1,8:40,0
SCH-003-LSN-0084,SCH-003,TCH-00040,nysc_corper,Basic Science,JSS3A,ROOM-JSS3A,1,Tuesday,13:40,14:20,1,13:40,4.5
SCH-004-LSN-0001,SCH-004,TCH-00041,veteran_staff_room_boss,Further Mathematics,SS3A,ROOM-SS3A,1,Monday,8:40,9:20,1,8:40,4
SCH-004-LSN-0002,SCH-004,TCH-00041,veteran_staff_room_boss,Further Mathematics,SS1B,ROOM-SS1B,1,Monday,9:20,10:00,1,9:20,4
SCH-004-LSN-0003,SCH-004,TCH-00041,veteran_staff_room_boss,Further Mathematics,SS2A,ROOM-SS2A,1,Monday,10:00,10:40,1,10:00,4
SCH-004-LSN-0004,SCH-004,TCH-00042,overworked_generalist,Basic Technology,JSS3A,ROOM-JSS3A,0,Thursday,8:40,10:40,3,8:40,1.49
SCH-004-LSN-0005,SCH-004,TCH-00042,overworked_generalist,Basic Technology,JSS3A,ROOM-JSS3A,0,Friday,8:40,10:40,3,8:40,1.47
SCH-004-LSN-0006,SCH-004,TCH-00042,overworked_generalist,Basic Technology,JSS3B,WORKSHOP-01,1,Monday,10:00,12:20,3,10:00,1.5
SCH-004-LSN-0007,SCH-004,TCH-00042,overworked_generalist,Basic Technology,SS2A,ROOM-SS2A,0,Monday,8:00,10:00,3,8:00,1.48
SCH-004-LSN-0008,SCH-004,TCH-00042,overworked_generalist,PHE,JSS3B,ROOM-JSS3B,1,Wednesday,10:00,12:20,3,10:00,1.49
SCH-004-LSN-0009,SCH-004,TCH-00042,overworked_generalist,Basic Technology,JSS1A,ROOM-JSS1A,0,Tuesday,9:20,11:20,3,9:20,1.31
SCH-004-LSN-0010,SCH-004,TCH-00042,overworked_generalist,Basic Technology,SS1B,ROOM-SS1B,0,Wednesday,8:00,10:00,3,8:00,1.42
SCH-004-LSN-0011,SCH-004,TCH-00042,overworked_generalist,PHE,SS2B,ROOM-SS2B,1,Tuesday,12:20,14:20,3,12:20,1.07
SCH-004-LSN-0012,SCH-004,TCH-00043,veteran_staff_room_boss,Biology,SS1B,SCI-LAB-01,1,Monday,10:00,11:20,2,10:00,4
SCH-004-LSN-0013,SCH-004,TCH-00043,veteran_staff_room_boss,Physics,SS2B,SCI-LAB-01,1,Tuesday,8:40,10:00,2,8:40,4
SCH-004-LSN-0014,SCH-004,TCH-00043,veteran_staff_room_boss,Physics,SS3A,SCI-LAB-01,1,Tuesday,10:00,11:20,2,10:00,4
SCH-004-LSN-0015,SCH-004,TCH-00043,veteran_staff_room_boss,Biology,SS3A,SCI-LAB-01,1,Wednesday,8:40,10:00,2,8:40,4
SCH-004-LSN-0016,SCH-004,TCH-00043,veteran_staff_room_boss,Biology,SS1B,SCI-LAB-01,1,Wednesday,10:00,11:20,2,10:00,4
SCH-004-LSN-0017,SCH-004,TCH-00043,veteran_staff_room_boss,Physics,SS2B,SCI-LAB-01,1,Thursday,8:40,10:00,2,8:40,4
SCH-004-LSN-0018,SCH-004,TCH-00043,veteran_staff_room_boss,Physics,SS3A,SCI-LAB-01,1,Thursday,10:00,11:20,2,10:00,4
SCH-004-LSN-0019,SCH-004,TCH-00043,veteran_staff_room_boss,Biology,SS3A,SCI-LAB-01,1,Friday,8:40,10:00,2,8:40,4
SCH-004-LSN-0020,SCH-004,TCH-00044,nysc_corper,Civic Education,JSS3B,ROOM-JSS3B,1,Monday,13:00,13:40,1,13:00,4.5
SCH-004-LSN-0021,SCH-004,TCH-00044,nysc_corper,Civic Education,JSS3A,ROOM-JSS3A,1,Monday,13:40,14:20,1,13:40,4.5
SCH-004-LSN-0022,SCH-004,TCH-00044,nysc_corper,Civic Education,JSS3A,ROOM-JSS3A,1,Tuesday,13:00,13:40,1,13:00,4.5
SCH-004-LSN-0023,SCH-004,TCH-00045,nysc_corper,Civic Education,JSS3A,ROOM-JSS3A,1,Tuesday,13:40,14:20,1,13:40,4.5
SCH-004-LSN-0024,SCH-004,TCH-00045,nysc_corper,Civic Education,JSS3B,ROOM-JSS3B,1,Tuesday,13:00,13:40,1,13:00,4.5
SCH-004-LSN-0025,SCH-004,TCH-00045,nysc_corper,Civic Education,JSS1A,ROOM-JSS1A,1,Wednesday,13:00,13:40,1,13:00,4.5
SCH-004-LSN-0026,SCH-004,TCH-00046,overworked_generalist,PHE,JSS2B,ROOM-JSS2B,1,Thursday,10:40,13:00,3,10:40,1.45
SCH-004-LSN-0027,SCH-004,TCH-00046,overworked_generalist,PHE,SS3A,ROOM-SS3A,1,Monday,11:40,13:40,3,11:40,1.47
SCH-004-LSN-0028,SCH-004,TCH-00046,overworked_generalist,Basic Technology,JSS1A,ROOM-JSS1A,0,Monday,9:20,11:20,3,9:20,1.44
SCH-004-LSN-0029,SCH-004,TCH-00046,overworked_generalist,CRS,JSS2A,ROOM-JSS2A,1,Tuesday,10:40,13:00,3,10:40,1.5
SCH-004-LSN-0030,SCH-004,TCH-00046,overworked_generalist,Basic Technology,SS3A,ROOM-SS3A,0,Friday,10:00,12:20,3,10:00,1.28
SCH-004-LSN-0031,SCH-004,TCH-00046,overworked_generalist,CRS,JSS2A,ROOM-JSS2A,1,Wednesday,12:20,14:20,3,12:20,1.25
SCH-004-LSN-0032,SCH-004,TCH-00046,overworked_generalist,CRS,SS3B,ROOM-SS3B,1,Wednesday,10:00,12:20,3,10:00,1.35
SCH-004-LSN-0033,SCH-004,TCH-00046,overworked_generalist,PHE,JSS3B,ROOM-JSS3B,1,Tuesday,8:40,10:40,3,8:40,1.49
SCH-004-LSN-0034,SCH-004,TCH-00046,overworked_generalist,PHE,SS2A,ROOM-SS2A,1,Friday,8:00,10:00,3,8:00,1.26
SCH-004-LSN-0035,SCH-004,TCH-00047,overworked_generalist,PHE,JSS3A,ROOM-JSS3A,1,Tuesday,10:40,13:00,3,10:40,1.49
SCH-004-LSN-0036,SCH-004,TCH-00047,overworked_generalist,CRS,JSS1B,ROOM-JSS1B,1,Tuesday,8:40,10:40,3,8:40,1.44
SCH-004-LSN-0037,SCH-004,TCH-00047,overworked_generalist,PHE,JSS2B,ROOM-JSS2B,1,Wednesday,10:00,12:20,3,10:00,1.47
SCH-004-LSN-0038,SCH-004,TCH-00047,overworked_generalist,PHE,SS1A,ROOM-SS1A,1,Monday,10:00,12:20,3,10:00,1.34
SCH-004-LSN-0039,SCH-004,TCH-00047,overworked_generalist,PHE,SS2A,ROOM-SS2A,1,Wednesday,8:00,10:00,3,8:00,1.43
SCH-004-LSN-0040,SCH-004,TCH-00047,overworked_generalist,PHE,JSS2A,ROOM-JSS2A,1,Friday,10:00,12:20,3,10:00,1.48
SCH-004-LSN-0041,SCH-004,TCH-00048,hustling_subject_specialist,Further Mathematics,SS1B,ROOM-SS1B,1,Monday,8:00,9:20,2,8:00,4
SCH-004-LSN-0042,SCH-004,TCH-00048,hustling_subject_specialist,Further Mathematics,SS3A,ROOM-SS3A,1,Monday,9:20,10:40,2,9:20,4
SCH-004-LSN-0043,SCH-004,TCH-00048,hustling_subject_specialist,Economics,SS3A,ROOM-SS3A,1,Tuesday,8:00,9:20,2,8:00,4
SCH-004-LSN-0044,SCH-004,TCH-00048,hustling_subject_specialist,Economics,SS3B,ROOM-SS3B,1,Monday,10:40,12:20,2,10:40,4
SCH-004-LSN-0045,SCH-004,TCH-00049,hustling_subject_specialist,Further Mathematics,SS2B,ROOM-SS2B,1,Monday,8:00,9:20,2,8:00,4
SCH-004-LSN-0046,SCH-004,TCH-00049,hustling_subject_specialist,Further Mathematics,SS1B,ROOM-SS1B,1,Monday,11:40,13:00,2,11:40,0
SCH-004-LSN-0047,SCH-004,TCH-00049,hustling_subject_specialist,Economics,SS3B,ROOM-SS3B,1,Monday,9:20,10:40,2,9:20,4
SCH-004-LSN-0048,SCH-004,TCH-00049,hustling_subject_specialist,Further Mathematics,SS3A,ROOM-SS3A,1,Wednesday,10:00,11:20,2,10:00,4
SCH-004-LSN-0049,SCH-004,TCH-00050,veteran_staff_room_boss,Chemistry,SS3A,SCI-LAB-01,1,Monday,8:00,8:40,1,8:00,0
SCH-004-LSN-0050,SCH-004,TCH-00050,veteran_staff_room_boss,Chemistry,SS3B,SCI-LAB-01,1,Monday,8:40,9:20,1,8:40,4
SCH-004-LSN-0051,SCH-004,TCH-00050,veteran_staff_room_boss,Physics,SS1B,SCI-LAB-01,1,Tuesday,8:40,9:20,1,8:40,4
SCH-004-LSN-0052,SCH-004,TCH-00050,veteran_staff_room_boss,Physics,SS3B,SCI-LAB-01,1,Tuesday,9:20,10:00,1,9:20,4
SCH-004-LSN-0053,SCH-004,TCH-00051,nysc_corper,Basic Science,JSS3B,ROOM-JSS3B,1,Tuesday,13:40,14:20,1,13:40,4.5
SCH-004-LSN-0054,SCH-004,TCH-00051,nysc_corper,Basic Science,JSS3A,ROOM-JSS3A,1,Wednesday,13:00,13:40,1,13:00,4.5
SCH-004-LSN-0055,SCH-004,TCH-00052,veteran_staff_room_boss,Biology,SS1A,SCI-LAB-01,1,Monday,9:20,10:00,1,9:20,4
SCH-004-LSN-0056,SCH-004,TCH-00052,veteran_staff_room_boss,Chemistry,SS2B,SCI-LAB-01,1,Friday,10:00,10:40,1,10:00,4
SCH-004-LSN-0057,SCH-004,TCH-00052,veteran_staff_room_boss,Biology,SS3A,SCI-LAB-01,1,Monday,10:40,11:20,1,10:40,0
SCH-004-LSN-0058,SCH-004,TCH-00052,veteran_staff_room_boss,Biology,SS1B,SCI-LAB-01,1,Tuesday,8:00,8:40,1,8:00,0
SCH-004-LSN-0059,SCH-004,TCH-00052,veteran_staff_room_boss,Chemistry,SS2B,SCI-LAB-01,1,Monday,11:40,12:20,1,11:40,0
SCH-004-LSN-0060,SCH-004,TCH-00052,veteran_staff_room_boss,Biology,SS3A,SCI-LAB-01,1,Tuesday,11:40,12:20,1,11:40,0
SCH-005-LSN-0001,SCH-005,TCH-00053,nysc_corper,Civic Education,JSS3A,ROOM-JSS3A,1,Tuesday,13:00,13:40,1,13:00,4.5
SCH-005-LSN-0002,SCH-005,TCH-00053,nysc_corper,Civic Education,JSS2A,ROOM-JSS2A,1,Tuesday,13:40,14:20,1,13:40,4.5
SCH-005-LSN-0003,SCH-005,TCH-00054,overworked_generalist,PHE,SS3B,ROOM-SS3B,1,Monday,10:00,13:00,4,10:00,1.47
SCH-005-LSN-0004,SCH-005,TCH-00054,overworked_generalist,Basic Technology,JSS1A,ROOM-JSS1A,0,Wednesday,10:40,13:40,4,10:40,1.49
SCH-005-LSN-0005,SCH-005,TCH-00054,overworked_generalist,CRS,SS3A,ROOM-SS3A,1,Tuesday,8:40,11:20,4,8:40,1.46
SCH-005-LSN-0006,SCH-005,TCH-00054,overworked_generalist,PHE,JSS1A,ROOM-JSS1A,1,Friday,9:20,12:20,4,9:20,1.48
SCH-005-LSN-0007,SCH-005,TCH-00054,overworked_generalist,CRS,JSS3B,ROOM-JSS3B,1,Thursday,11:40,14:20,4,11:40,1.45
SCH-005-LSN-0008,SCH-005,TCH-00054,overworked_generalist,Basic Technology,JSS1A,WORKSHOP-01,1,Tuesday,11:40,14:20,4,11:40,1.08
SCH-005-LSN-0009,SCH-005,TCH-00054,overworked_generalist,PHE,JSS2A,ROOM-JSS2A,1,Thursday,8:40,11:20,4,8:40,1.27
SCH-005-LSN-0010,SCH-005,TCH-00054,overworked_generalist,Basic Technology,SS2B,ROOM-SS2B,0,Wednesday,8:00,10:40,4,8:00,0.96
SCH-005-LSN-0011,SCH-005,TCH-00055,overworked_generalist,Basic Technology,JSS2B,WORKSHOP-01,1,Friday,8:00,11:20,5,8:00,1.45
SCH-005-LSN-0012,SCH-005,TCH-00055,overworked_generalist,PHE,SS2A,ROOM-SS2A,1,Wednesday,10:00,13:40,5,10:00,1.49
SCH-005-LSN-0013,SCH-005,TCH-00055,overworked_generalist,Basic Technology,SS2B,ROOM-SS2B,0,Tuesday,8:40,12:20,5,8:40,1.39
SCH-005-LSN-0014,SCH-005,TCH-00055,overworked_generalist,Basic Technology,SS1B,ROOM-SS1B,0,Thursday,8:40,12:20,5,8:40,1.42
SCH-005-LSN-0015,SCH-005,TCH-00055,overworked_generalist,PHE,JSS3B,ROOM-JSS3B,1,Monday,8:40,12:20,5,8:40,1.35
SCH-005-LSN-0016,SCH-005,TCH-00056,nysc_corper,Basic Science,JSS3B,ROOM-JSS3B,1,Monday,13:00,13:40,1,13:00,4.5
SCH-005-LSN-0017,SCH-005,TCH-00056,nysc_corper,Basic Science,JSS3B,ROOM-JSS3B,1,Monday,13:40,14:20,1,13:40,4.5
SCH-005-LSN-0018,SCH-005,TCH-00056,nysc_corper,Basic Science,JSS2B,ROOM-JSS2B,1,Tuesday,13:00,13:40,1,13:00,4.5
SCH-005-LSN-0019,SCH-005,TCH-00056,nysc_corper,Civic Education,JSS2B,ROOM-JSS2B,1,Tuesday,13:40,14:20,1,13:40,4.5
SCH-005-LSN-0020,SCH-005,TCH-00057,overworked_generalist,PHE,SS3A,ROOM-SS3A,1,Monday,10:40,13:40,4,10:40,1.48
SCH-005-LSN-0021,SCH-005,TCH-00057,overworked_generalist,PHE,SS1A,ROOM-SS1A,1,Tuesday,9:20,12:20,4,9:20,1.48
SCH-005-LSN-0022,SCH-005,TCH-00057,overworked_generalist,CRS,JSS2B,ROOM-JSS2B,1,Thursday,8:00,10:40,4,8:00,1.37
SCH-005-LSN-0023,SCH-005,TCH-00057,overworked_generalist,PHE,JSS1A,ROOM-JSS1A,1,Thursday,10:40,13:40,4,10:40,1.48
SCH-005-LSN-0024,SCH-005,TCH-00057,overworked_generalist,CRS,JSS3A,ROOM-JSS3A,1,Friday,8:40,11:20,4,8:40,1.4
SCH-005-LSN-0025,SCH-005,TCH-00057,overworked_generalist,Basic Technology,JSS2A,WORKSHOP-01,1,Wednesday,10:00,13:00,4,10:00,1.36
SCH-005-LSN-0026,SCH-005,TCH-00058,nysc_corper,Civic Education,JSS1B,ROOM-JSS1B,1,Tuesday,13:00,13:40,1,13:00,4.5
SCH-005-LSN-0027,SCH-005,TCH-00058,nysc_corper,Basic Science,JSS3A,ROOM-JSS3A,1,Tuesday,13:40,14:20,1,13:40,4.5
SCH-005-LSN-0028,SCH-005,TCH-00058,nysc_corper,Civic Education,JSS1A,ROOM-JSS1A,1,Wednesday,13:40,14:20,1,13:40,4.5
SCH-005-LSN-0029,SCH-005,TCH-00058,nysc_corper,Basic Science,JSS1A,ROOM-JSS1A,1,Thursday,13:40,14:20,1,13:40,4.5
SCH-005-LSN-0030,SCH-005,TCH-00058,nysc_corper,Civic Education,JSS2A,ROOM-JSS2A,1,Wednesday,13:00,13:40,1,13:00,4.5
SCH-005-LSN-0031,SCH-005,TCH-00058,nysc_corper,Civic Education,JSS2A,ROOM-JSS2A,1,Thursday,13:00,13:40,1,13:00,4.5
SCH-005-LSN-0032,SCH-005,TCH-00058,nysc_corper,Civic Education,JSS1A,ROOM-JSS1A,1,Tuesday,8:00,8:40,1,8:00,0
SCH-005-LSN-0033,SCH-005,TCH-00058,nysc_corper,Basic Science,JSS2B,ROOM-JSS2B,1,Tuesday,8:40,9:20,1,8:40,0
SCH-005-LSN-0034,SCH-005,TCH-00059,overworked_generalist,PHE,SS2B,ROOM-SS2B,1,Monday,10:00,13:00,4,10:00,1.45
SCH-005-LSN-0035,SCH-005,TCH-00059,overworked_generalist,PHE,SS3B,ROOM-SS3B,1,Wednesday,11:40,14:20,4,11:40,1.38
SCH-005-LSN-0036,SCH-005,TCH-00059,overworked_generalist,CRS,JSS2B,ROOM-JSS2B,1,Thursday,11:40,14:20,4,11:40,1.44
SCH-005-LSN-0037,SCH-005,TCH-00059,overworked_generalist,CRS,SS2B,ROOM-SS2B,1,Friday,8:40,11:20,4,8:40,1.13
SCH-005-LSN-0038,SCH-005,TCH-00059,overworked_generalist,CRS,JSS2B,ROOM-JSS2B,1,Tuesday,9:20,12:20,4,9:20,1.28
SCH-005-LSN-0039,SCH-005,TCH-00059,overworked_generalist,CRS,SS2A,ROOM-SS2A,1,Thursday,8:00,10:40,4,8:00,1.42
SCH-005-LSN-0040,SCH-005,TCH-00060,overworked_generalist,PHE,SS1A,ROOM-SS1A,1,Thursday,9:20,11:20,3,9:20,1.49
SCH-005-LSN-0041,SCH-005,TCH-00060,overworked_generalist,Basic Technology,JSS3A,ROOM-JSS3A,0,Tuesday,10:40,13:00,3,10:40,1.5
SCH-005-LSN-0042,SCH-005,TCH-00060,overworked_generalist,CRS,JSS2B,ROOM-JSS2B,1,Wednesday,12:20,14:20,3,12:20,1.49
SCH-005-LSN-0043,SCH-005,TCH-00060,overworked_generalist,PHE,JSS2B,ROOM-JSS2B,1,Wednesday,9:20,11:20,3,9:20,1.28
SCH-005-LSN-0044,SCH-005,TCH-00060,overworked_generalist,Basic Technology,SS1B,ROOM-SS1B,0,Friday,8:00,10:00,3,8:00,1.49
SCH-005-LSN-0045,SCH-005,TCH-00060,overworked_generalist,CRS,JSS2A,ROOM-JSS2A,1,Monday,11:40,13:40,3,11:40,1.37
SCH-005-LSN-0046,SCH-005,TCH-00060,overworked_generalist,PHE,JSS1B,ROOM-JSS1B,1,Monday,8:40,10:40,3,8:40,1.48
SCH-005-LSN-0047,SCH-005,TCH-00060,overworked_generalist,CRS,SS1A,ROOM-SS1A,1,Friday,10:00,12:20,3,10:00,0.92
SCH-005-LSN-0048,SCH-005,TCH-00061,veteran_staff_room_boss,Further Mathematics,SS3B,ROOM-SS3B,1,Monday,8:40,10:00,2,8:40,4
SCH-005-LSN-0049,SCH-005,TCH-00061,veteran_staff_room_boss,Further Mathematics,SS1A,ROOM-SS1A,1,Monday,10:00,11:20,2,10:00,4
SCH-005-LSN-0050,SCH-005,TCH-00061,veteran_staff_room_boss,Further Mathematics,SS1A,ROOM-SS1A,1,Wednesday,8:40,10:00,2,8:40,4
SCH-005-LSN-0051,SCH-005,TCH-00062,veteran_staff_room_boss,Chemistry,SS1A,SCI-LAB-01,1,Monday,8:40,10:00,2,8:40,4
SCH-005-LSN-0052,SCH-005,TCH-00062,veteran_staff_room_boss,Chemistry,SS3A,SCI-LAB-01,1,Wednesday,8:40,10:00,2,8:40,4
SCH-005-LSN-0053,SCH-005,TCH-00062,veteran_staff_room_boss,Chemistry,SS2A,SCI-LAB-01,1,Monday,10:00,11:20,2,10:00,4
SCH-005-LSN-0054,SCH-005,TCH-00062,veteran_staff_room_boss,Chemistry,SS2A,SCI-LAB-01,1,Tuesday,8:40,10:00,2,8:40,4
SCH-005-LSN-0055,SCH-005,TCH-00063,hustling_subject_specialist,Further Mathematics,SS1B,ROOM-SS1B,1,Tuesday,8:00,9:20,2,8:00,4
SCH-005-LSN-0056,SCH-005,TCH-00063,hustling_subject_specialist,Further Mathematics,SS1B,ROOM-SS1B,1,Tuesday,9:20,10:40,2,9:20,4
SCH-005-LSN-0057,SCH-005,TCH-00063,hustling_subject_specialist,Further Mathematics,SS2B,ROOM-SS2B,1,Wednesday,10:40,12:20,2,10:40,4
SCH-005-LSN-0058,SCH-005,TCH-00063,hustling_subject_specialist,Further Mathematics,SS3A,ROOM-SS3A,1,Tuesday,11:40,13:00,2,11:40,0
SCH-005-LSN-0059,SCH-005,TCH-00063,hustling_subject_specialist,Further Mathematics,SS3B,ROOM-SS3B,1,Wednesday,8:00,9:20,2,8:00,4
SCH-005-LSN-0060,SCH-005,TCH-00063,hustling_subject_specialist,Physics,SS3B,SCI-LAB-01,1,Tuesday,13:00,14:20,2,13:00,-4
SCH-005-LSN-0061,SCH-005,TCH-00063,hustling_subject_specialist,Further Mathematics,SS2B,ROOM-SS2B,1,Wednesday,12:20,13:40,2,12:20,-4
SCH-005-LSN-0062,SCH-005,TCH-00064,hustling_subject_specialist,Economics,SS2B,ROOM-SS2B,1,Monday,8:00,10:00,3,8:00,4
SCH-005-LSN-0063,SCH-005,TCH-00064,hustling_subject_specialist,Economics,SS1B,ROOM-SS1B,1,Monday,10:00,12:20,3,10:00,4
SCH-005-LSN-0064,SCH-005,TCH-00064,hustling_subject_specialist,Further Mathematics,SS2A,ROOM-SS2A,1,Thursday,10:40,13:00,3,10:40,4
SCH-005-LSN-0065,SCH-005,TCH-00064,hustling_subject_specialist,Economics,SS3A,ROOM-SS3A,1,Thursday,8:00,10:00,3,8:00,4
SCH-005-LSN-0066,SCH-005,TCH-00065,veteran_staff_room_boss,Further Mathematics,SS3A,ROOM-SS3A,1,Monday,8:40,9:20,1,8:40,4
SCH-005-LSN-0067,SCH-005,TCH-00065,veteran_staff_room_boss,Biology,SS3B,SCI-LAB-01,1,Tuesday,10:00,10:40,1,10:00,4
SCH-005-LSN-0068,SCH-005,TCH-00065,veteran_staff_room_boss,Further Mathematics,SS2A,ROOM-SS2A,1,Monday,9:20,10:00,1,9:20,4
SCH-005-LSN-0069,SCH-005,TCH-00065,veteran_staff_room_boss,Biology,SS2B,SCI-LAB-01,1,Thursday,8:40,9:20,1,8:40,4
SCH-005-LSN-0070,SCH-005,TCH-00065,veteran_staff_room_boss,Biology,SS2B,SCI-LAB-01,1,Thursday,9:20,10:00,1,9:20,4
SCH-005-LSN-0071,SCH-005,TCH-00065,veteran_staff_room_boss,Further Mathematics,SS3A,ROOM-SS3A,1,Monday,10:00,10:40,1,10:00,4
SCH-005-LSN-0072,SCH-005,TCH-00066,nysc_corper,Basic Science,JSS3A,ROOM-JSS3A,1,Wednesday,13:00,13:40,1,13:00,4.5
SCH-005-LSN-0073,SCH-005,TCH-00066,nysc_corper,Basic Science,JSS1A,ROOM-JSS1A,1,Tuesday,8:40,9:20,1,8:40,0
SCH-005-LSN-0074,SCH-005,TCH-00066,nysc_corper,Basic Science,JSS3B,ROOM-JSS3B,1,Tuesday,13:00,13:40,1,13:00,4.5
SCH-005-LSN-0075,SCH-005,TCH-00066,nysc_corper,Basic Science,JSS1A,ROOM-JSS1A,1,Tuesday,9:20,10:00,1,9:20,0
SCH-005-LSN-0076,SCH-005,TCH-00067,overworked_generalist,CRS,SS3B,ROOM-SS3B,1,Thursday,9:20,11:20,3,9:20,1.41
SCH-005-LSN-0077,SCH-005,TCH-00067,overworked_generalist,CRS,JSS3A,ROOM-JSS3A,1,Monday,11:40,13:40,3,11:40,1.5
SCH-005-LSN-0078,SCH-005,TCH-00067,overworked_generalist,PHE,JSS1A,ROOM-JSS1A,1,Monday,9:20,11:20,3,9:20,1.45
SCH-005-LSN-0079,SCH-005,TCH-00067,overworked_generalist,PHE,SS3A,ROOM-SS3A,1,Thursday,12:20,14:20,3,12:20,1.43
SCH-005-LSN-0080,SCH-005,TCH-00067,overworked_generalist,CRS,SS3B,ROOM-SS3B,1,Friday,8:00,10:00,3,8:00,1.46
SCH-005-LSN-0081,SCH-005,TCH-00068,veteran_staff_room_boss,Chemistry,SS2A,SCI-LAB-01,1,Wednesday,8:40,10:00,2,8:40,4
SCH-005-LSN-0082,SCH-005,TCH-00068,veteran_staff_room_boss,Chemistry,SS2B,SCI-LAB-01,1,Thursday,10:00,11:20,2,10:00,4
SCH-005-LSN-0083,SCH-005,TCH-00068,veteran_staff_room_boss,Chemistry,SS1B,SCI-LAB-01,1,Monday,8:40,10:00,2,8:40,4
SCH-005-LSN-0084,SCH-005,TCH-00068,veteran_staff_room_boss,Chemistry,SS3B,SCI-LAB-01,1,Tuesday,8:40,10:00,2,8:40,4
SCH-006-LSN-0001,SCH-006,TCH-00069,nysc_corper,Civic Education,JSS2B,ROOM-JSS2B,1,Tuesday,13:00,13:40,1,13:00,4.5
SCH-006-LSN-0002,SCH-006,TCH-00069,nysc_corper,Civic Education,JSS1B,ROOM-JSS1B,1,Tuesday,13:40,14:20,1,13:40,4.5
SCH-006-LSN-0003,SCH-006,TCH-00069,nysc_corper,Civic Education,JSS1A,ROOM-JSS1A,1,Wednesday,13:00,13:40,1,13:00,4.5
SCH-006-LSN-0004,SCH-006,TCH-00069,nysc_corper,Civic Education,JSS2B,ROOM-JSS2B,1,Wednesday,13:40,14:20,1,13:40,4.5
SCH-006-LSN-0005,SCH-006,TCH-00070,overworked_generalist,PHE,JSS2B,ROOM-JSS2B,1,Tuesday,10:00,13:00,4,10:00,1.45
SCH-006-LSN-0006,SCH-006,TCH-00070,overworked_generalist,PHE,SS2B,ROOM-SS2B,1,Friday,8:40,11:20,4,8:40,1.49
SCH-006-LSN-0007,SCH-006,TCH-00070,overworked_generalist,PHE,JSS2B,ROOM-JSS2B,1,Thursday,10:00,13:00,4,10:00,1.41
SCH-006-LSN-0008,SCH-006,TCH-00070,overworked_generalist,PHE,JSS3B,ROOM-JSS3B,1,Monday,10:40,13:40,4,10:40,1.49
SCH-006-LSN-0009,SCH-006,TCH-00070,overworked_generalist,Basic Technology,SS1B,WORKSHOP-01,1,Wednesday,10:00,13:00,4,10:00,1.29
SCH-006-LSN-0010,SCH-006,TCH-00070,overworked_generalist,CRS,SS2A,ROOM-SS2A,1,Monday,8:00,10:40,4,8:00,1.16
SCH-006-LSN-0011,SCH-006,TCH-00071,overworked_generalist,PHE,SS3B,ROOM-SS3B,1,Friday,8:40,11:20,4,8:40,1.48
SCH-006-LSN-0012,SCH-006,TCH-00071,overworked_generalist,Basic Technology,SS1A,ROOM-SS1A,0,Tuesday,11:40,14:20,4,11:40,1.44
SCH-006-LSN-0013,SCH-006,TCH-00071,overworked_generalist,PHE,JSS2B,ROOM-JSS2B,1,Wednesday,8:40,11:20,4,8:40,1.41
SCH-006-LSN-0014,SCH-006,TCH-00071,overworked_generalist,PHE,JSS2B,ROOM-JSS2B,1,Monday,10:40,13:40,4,10:40,1.46
SCH-006-LSN-0015,SCH-006,TCH-00071,overworked_generalist,PHE,JSS3B,ROOM-JSS3B,1,Tuesday,8:00,10:40,4,8:00,1.5
SCH-006-LSN-0016,SCH-006,TCH-00071,overworked_generalist,CRS,JSS1A,ROOM-JSS1A,1,Monday,8:00,10:40,4,8:00,1.25
SCH-006-LSN-0017,SCH-006,TCH-00071,overworked_generalist,PHE,SS1A,ROOM-SS1A,1,Thursday,8:40,11:20,4,8:40,1.34
SCH-006-LSN-0018,SCH-006,TCH-00071,overworked_generalist,CRS,JSS1A,ROOM-JSS1A,1,Thursday,11:40,14:20,4,11:40,0.77
SCH-006-LSN-0019,SCH-006,TCH-00072,overworked_generalist,PHE,JSS1A,ROOM-JSS1A,1,Tuesday,9:20,11:20,3,9:20,1.48
SCH-006-LSN-0020,SCH-006,TCH-00072,overworked_generalist,CRS,SS1B,ROOM-SS1B,1,Monday,11:40,13:40,3,11:40,1.47
SCH-006-LSN-0021,SCH-006,TCH-00072,overworked_generalist,PHE,SS1A,ROOM-SS1A,1,Thursday,12:20,14:20,3,12:20,1.42
SCH-006-LSN-0022,SCH-006,TCH-00072,overworked_generalist,Basic Technology,SS3A,ROOM-SS3A,0,Monday,9:20,11:20,3,9:20,1.5
SCH-006-LSN-0023,SCH-006,TCH-00072,overworked_generalist,Basic Technology,SS1B,WORKSHOP-01,1,Thursday,9:20,11:20,3,9:20,1.29
SCH-006-LSN-0024,SCH-006,TCH-00072,overworked_generalist,PHE,JSS3A,ROOM-JSS3A,1,Friday,9:20,11:20,3,9:20,1.46
SCH-006-LSN-0025,SCH-006,TCH-00072,overworked_generalist,CRS,JSS3A,ROOM-JSS3A,1,Tuesday,12:20,14:20,3,12:20,1.37
SCH-006-LSN-0026,SCH-006,TCH-00072,overworked_generalist,CRS,SS1A,ROOM-SS1A,1,Wednesday,10:40,13:00,3,10:40,1.25
SCH-006-LSN-0027,SCH-006,TCH-00072,overworked_generalist,PHE,JSS3B,ROOM-JSS3B,1,Wednesday,8:00,10:00,3,8:00,1.11
SCH-006-LSN-0028,SCH-006,TCH-00073,veteran_staff_room_boss,Biology,SS1B,SCI-LAB-01,1,Monday,8:40,10:00,2,8:40,4
SCH-006-LSN-0029,SCH-006,TCH-00073,veteran_staff_room_boss,Biology,SS3A,SCI-LAB-01,1,Tuesday,8:40,10:00,2,8:40,4
SCH-006-LSN-0030,SCH-006,TCH-00073,veteran_staff_room_boss,Biology,SS2B,SCI-LAB-01,1,Monday,10:00,11:20,2,10:00,4
SCH-006-LSN-0031,SCH-006,TCH-00073,veteran_staff_room_boss,Biology,SS2A,SCI-LAB-01,1,Tuesday,10:00,11:20,2,10:00,4
SCH-006-LSN-0032,SCH-006,TCH-00074,nysc_corper,Basic Science,JSS1A,ROOM-JSS1A,1,Monday,13:00,13:40,1,13:00,4.5
SCH-006-LSN-0033,SCH-006,TCH-00074,nysc_corper,Civic Education,JSS1B,ROOM-JSS1B,1,Monday,13:40,14:20,1,13:40,4.5
SCH-006-LSN-0034,SCH-006,TCH-00074,nysc_corper,Basic Science,JSS2A,ROOM-JSS2A,1,Wednesday,13:00,13:40,1,13:00,4.5
SCH-006-LSN-0035,SCH-006,TCH-00074,nysc_corper,Civic Education,JSS2A,ROOM-JSS2A,1,Wednesday,13:40,14:20,1,13:40,4.5
SCH-006-LSN-0036,SCH-006,TCH-00074,nysc_corper,Basic Science,JSS2B,ROOM-JSS2B,1,Thursday,13:00,13:40,1,13:00,4.5
SCH-006-LSN-0037,SCH-006,TCH-00074,nysc_corper,Basic Science,JSS1A,ROOM-JSS1A,1,Monday,10:40,11:20,1,10:40,0
SCH-006-LSN-0038,SCH-006,TCH-00075,nysc_corper,Basic Science,JSS2B,ROOM-JSS2B,1,Tuesday,13:40,14:20,1,13:40,4.5
SCH-006-LSN-0039,SCH-006,TCH-00075,nysc_corper,Civic Education,JSS3B,ROOM-JSS3B,1,Tuesday,13:00,13:40,1,13:00,4.5
SCH-006-LSN-0040,SCH-006,TCH-00075,nysc_corper,Civic Education,JSS2B,ROOM-JSS2B,1,Wednesday,13:00,13:40,1,13:00,4.5
SCH-006-LSN-0041,SCH-006,TCH-00075,nysc_corper,Basic Science,JSS3A,ROOM-JSS3A,1,Wednesday,13:40,14:20,1,13:40,4.5
SCH-006-LSN-0042,SCH-006,TCH-00075,nysc_corper,Basic Science,JSS1A,ROOM-JSS1A,1,Tuesday,8:00,8:40,1,8:00,0
SCH-006-LSN-0043,SCH-006,TCH-00075,nysc_corper,Civic Education,JSS2A,ROOM-JSS2A,1,Thursday,13:00,13:40,1,13:00,4.5
SCH-006-LSN-0044,SCH-006,TCH-00075,nysc_corper,Basic Science,JSS3B,ROOM-JSS3B,1,Thursday,13:40,14:20,1,13:40,4.5
SCH-006-LSN-0045,SCH-006,TCH-00075,nysc_corper,Civic Education,JSS3B,ROOM-JSS3B,1,Tuesday,10:40,11:20,1,10:40,0
SCH-006-LSN-0046,SCH-006,TCH-00076,nysc_corper,Basic Science,JSS3B,ROOM-JSS3B,1,Monday,13:40,14:20,1,13:40,4.5
SCH-006-LSN-0047,SCH-006,TCH-00076,nysc_corper,Basic Science,JSS1B,ROOM-JSS1B,1,Monday,13:00,13:40,1,13:00,4.5
SCH-006-LSN-0048,SCH-006,TCH-00076,nysc_corper,Basic Science,JSS2A,ROOM-JSS2A,1,Tuesday,13:00,13:40,1,13:00,4.5
SCH-006-LSN-0049,SCH-006,TCH-00076,nysc_corper,Civic Education,JSS1B,ROOM-JSS1B,1,Wednesday,13:00,13:40,1,13:00,4.5
SCH-006-LSN-0050,SCH-006,TCH-00076,nysc_corper,Civic Education,JSS2A,ROOM-JSS2A,1,Tuesday,13:40,14:20,1,13:40,4.5
SCH-006-LSN-0051,SCH-006,TCH-00076,nysc_corper,Civic Education,JSS3B,ROOM-JSS3B,1,Wednesday,13:40,14:20,1,13:40,4.5
SCH-006-LSN-0052,SCH-006,TCH-00077,nysc_corper,Basic Science,JSS3B,ROOM-JSS3B,1,Tuesday,13:40,14:20,1,13:40,4.5
SCH-006-LSN-0053,SCH-006,TCH-00077,nysc_corper,Civic Education,JSS2B,ROOM-JSS2B,1,Monday,13:40,14:20,1,13:40,4.5
SCH-006-LSN-0054,SCH-006,TCH-00077,nysc_corper,Basic Science,JSS3B,ROOM-JSS3B,1,Wednesday,13:00,13:40,1,13:00,4.5
SCH-006-LSN-0055,SCH-006,TCH-00077,nysc_corper,Civic Education,JSS2B,ROOM-JSS2B,1,Thursday,13:40,14:20,1,13:40,4.5
SCH-006-LSN-0056,SCH-006,TCH-00077,nysc_corper,Civic Education,JSS2B,ROOM-JSS2B,1,Monday,8:00,8:40,1,8:00,0
SCH-006-LSN-0057,SCH-006,TCH-00077,nysc_corper,Basic Science,JSS1B,ROOM-JSS1B,1,Tuesday,13:00,13:40,1,13:00,4.5
SCH-006-LSN-0058,SCH-006,TCH-00078,hustling_subject_specialist,Physics,SS1B,SCI-LAB-01,1,Wednesday,8:00,9:20,2,8:00,4
SCH-006-LSN-0059,SCH-006,TCH-00078,hustling_subject_specialist,Physics,SS2B,SCI-LAB-01,1,Wednesday,9:20,10:40,2,9:20,4
SCH-006-LSN-0060,SCH-006,TCH-00079,overworked_generalist,PHE,JSS2B,ROOM-JSS2B,1,Friday,9:20,12:20,4,9:20,1.39
SCH-006-LSN-0061,SCH-006,TCH-00079,overworked_generalist,Basic Technology,SS3B,ROOM-SS3B,0,Tuesday,8:00,10:40,4,8:00,1.49
SCH-006-LSN-0062,SCH-006,TCH-00079,overworked_generalist,PHE,SS2B,ROOM-SS2B,1,Thursday,10:40,13:40,4,10:40,1.22
SCH-006-LSN-0063,SCH-006,TCH-00079,overworked_generalist,PHE,SS3A,ROOM-SS3A,1,Wednesday,10:40,13:40,4,10:40,1.5
SCH-006-LSN-0064,SCH-006,TCH-00079,overworked_generalist,Basic Technology,SS2B,ROOM-SS2B,0,Tuesday,10:40,13:40,4,10:40,1.33
SCH-006-LSN-0065,SCH-006,TCH-00080,overworked_generalist,PHE,JSS1B,ROOM-JSS1B,1,Monday,10:40,13:00,3,10:40,1.48
SCH-006-LSN-0066,SCH-006,TCH-00080,overworked_generalist,CRS,SS2A,ROOM-SS2A,1,Wednesday,11:40,13:40,3,11:40,1.44
SCH-006-LSN-0067,SCH-006,TCH-00080,overworked_generalist,PHE,SS1B,ROOM-SS1B,1,Friday,9:20,11:20,3,9:20,1.37
SCH-006-LSN-0068,SCH-006,TCH-00080,overworked_generalist,CRS,JSS2A,ROOM-JSS2A,1,Thursday,9:20,11:20,3,9:20,1.5
SCH-006-LSN-0069,SCH-006,TCH-00080,overworked_generalist,CRS,JSS2A,ROOM-JSS2A,1,Tuesday,10:00,12:20,3,10:00,1.37
SCH-006-LSN-0070,SCH-006,TCH-00080,overworked_generalist,PHE,SS3A,ROOM-SS3A,1,Thursday,12:20,14:20,3,12:20,1.42
SCH-006-LSN-0071,SCH-006,TCH-00080,overworked_generalist,Basic Technology,SS1B,ROOM-SS1B,0,Tuesday,12:20,14:20,3,12:20,1.08
SCH-006-LSN-0072,SCH-006,TCH-00080,overworked_generalist,Basic Technology,JSS3B,ROOM-JSS3B,0,Monday,8:00,10:00,3,8:00,1.28
SCH-006-LSN-0073,SCH-006,TCH-00080,overworked_generalist,Basic Technology,SS2B,WORKSHOP-01,1,Tuesday,8:00,10:00,3,8:00,1.35
SCH-006-LSN-0074,SCH-006,TCH-00080,overworked_generalist,CRS,JSS2A,ROOM-JSS2A,1,Wednesday,9:20,11:20,3,9:20,1.1
SCH-006-LSN-0075,SCH-006,TCH-00081,nysc_corper,Civic Education,JSS1B,ROOM-JSS1B,1,Thursday,13:00,13:40,1,13:00,4.5
SCH-006-LSN-0076,SCH-006,TCH-00081,nysc_corper,Civic Education,JSS1B,ROOM-JSS1B,1,Thursday,13:40,14:20,1,13:40,4.5
SCH-006-LSN-0077,SCH-006,TCH-00081,nysc_corper,Civic Education,JSS3B,ROOM-JSS3B,1,Monday,10:00,10:40,1,10:00,0
SCH-006-LSN-0078,SCH-006,TCH-00081,nysc_corper,Civic Education,JSS1B,ROOM-JSS1B,1,Monday,8:00,8:40,1,8:00,0
SCH-006-LSN-0079,SCH-006,TCH-00082,hustling_subject_specialist,Physics,SS3A,SCI-LAB-01,1,Wednesday,8:00,10:00,3,8:00,4
SCH-006-LSN-0080,SCH-006,TCH-00082,hustling_subject_specialist,Physics,SS3A,SCI-LAB-01,1,Monday,11:40,13:40,3,11:40,0
SCH-006-LSN-0081,SCH-006,TCH-00083,nysc_corper,Basic Science,JSS1B,ROOM-JSS1B,1,Wednesday,13:40,14:20,1,13:40,4.5
SCH-006-LSN-0082,SCH-006,TCH-00083,nysc_corper,Basic Science,JSS3A,ROOM-JSS3A,1,Wednesday,13:00,13:40,1,13:00,4.5
SCH-006-LSN-0083,SCH-006,TCH-00083,nysc_corper,Civic Education,JSS2A,ROOM-JSS2A,1,Thursday,13:40,14:20,1,13:40,4.5
SCH-006-LSN-0084,SCH-006,TCH-00083,nysc_corper,Basic Science,JSS2A,ROOM-JSS2A,1,Tuesday,8:00,8:40,1,8:00,0
SCH-006-LSN-0085,SCH-006,TCH-00083,nysc_corper,Basic Science,JSS1B,ROOM-JSS1B,1,Tuesday,8:40,9:20,1,8:40,0
SCH-006-LSN-0086,SCH-006,TCH-00083,nysc_corper,Basic Science,JSS1A,ROOM-JSS1A,1,Tuesday,13:00,13:40,1,13:00,4.5
SCH-006-LSN-0087,SCH-006,TCH-00083,nysc_corper,Civic Education,JSS2A,ROOM-JSS2A,1,Tuesday,9:20,10:00,1,9:20,0
SCH-006-LSN-0088,SCH-006,TCH-00083,nysc_corper,Civic Education,JSS1B,ROOM-JSS1B,1,Tuesday,10:00,10:40,1,10:00,0
SCH-007-LSN-0001,SCH-007,TCH-00084,overworked_generalist,CRS,SS2B,ROOM-SS2B,1,Wednesday,10:00,12:20,3,10:00,1.49
SCH-007-LSN-0002,SCH-007,TCH-00084,overworked_generalist,CRS,SS1B,ROOM-SS1B,1,Tuesday,8:40,10:40,3,8:40,1.45
SCH-007-LSN-0003,SCH-007,TCH-00084,overworked_generalist,PHE,JSS3A,ROOM-JSS3A,1,Monday,12:20,14:20,3,12:20,1.48
SCH-007-LSN-0004,SCH-007,TCH-00084,overworked_generalist,CRS,SS1B,ROOM-SS1B,1,Thursday,9:20,11:20,3,9:20,1.46
SCH-007-LSN-0005,SCH-007,TCH-00084,overworked_generalist,CRS,JSS1A,ROOM-JSS1A,1,Monday,10:00,12:20,3,10:00,1.47
SCH-007-LSN-0006,SCH-007,TCH-00084,overworked_generalist,CRS,SS1A,ROOM-SS1A,1,Tuesday,10:40,13:00,3,10:40,1.48
SCH-007-LSN-0007,SCH-007,TCH-00085,hustling_subject_specialist,Further Mathematics,SS3A,ROOM-SS3A,1,Monday,8:00,10:00,3,8:00,4
SCH-007-LSN-0008,SCH-007,TCH-00085,hustling_subject_specialist,Economics,SS3A,ROOM-SS3A,1,Monday,10:00,12:20,3,10:00,4
SCH-007-LSN-0009,SCH-007,TCH-00085,hustling_subject_specialist,Further Mathematics,SS2B,ROOM-SS2B,1,Wednesday,8:00,10:00,3,8:00,4
SCH-007-LSN-0010,SCH-007,TCH-00085,hustling_subject_specialist,Further Mathematics,SS2B,ROOM-SS2B,1,Thursday,8:00,10:00,3,8:00,4
SCH-007-LSN-0011,SCH-007,TCH-00085,hustling_subject_specialist,Economics,SS2B,ROOM-SS2B,1,Thursday,10:00,12:20,3,10:00,4
SCH-007-LSN-0012,SCH-007,TCH-00085,hustling_subject_specialist,Further Mathematics,SS2B,ROOM-SS2B,1,Monday,12:20,14:20,3,12:20,-4
SCH-007-LSN-0013,SCH-007,TCH-00086,overworked_generalist,PHE,JSS2A,ROOM-JSS2A,1,Monday,8:00,11:20,5,8:00,1.49
SCH-007-LSN-0014,SCH-007,TCH-00086,overworked_generalist,PHE,SS2A,ROOM-SS2A,1,Thursday,8:00,11:20,5,8:00,1.41
SCH-007-LSN-0015,SCH-007,TCH-00086,overworked_generalist,PHE,JSS2B,ROOM-JSS2B,1,Wednesday,8:00,11:20,5,8:00,1.47
SCH-007-LSN-0016,SCH-007,TCH-00086,overworked_generalist,CRS,JSS3A,ROOM-JSS3A,1,Tuesday,8:40,12:20,5,8:40,1.5
SCH-007-LSN-0017,SCH-007,TCH-00086,overworked_generalist,PHE,JSS2B,ROOM-JSS2B,1,Friday,8:00,11:20,5,8:00,1.35
SCH-007-LSN-0018,SCH-007,TCH-00087,veteran_staff_room_boss,Biology,SS2A,SCI-LAB-01,1,Monday,8:40,10:00,2,8:40,4
SCH-007-LSN-0019,SCH-007,TCH-00087,veteran_staff_room_boss,Biology,SS2A,SCI-LAB-01,1,Monday,10:00,11:20,2,10:00,4
SCH-007-LSN-0020,SCH-007,TCH-00087,veteran_staff_room_boss,Chemistry,SS3B,SCI-LAB-01,1,Tuesday,8:40,10:00,2,8:40,4
SCH-007-LSN-0021,SCH-007,TCH-00087,veteran_staff_room_boss,Chemistry,SS3A,SCI-LAB-01,1,Tuesday,10:00,11:20,2,10:00,4
SCH-007-LSN-0022,SCH-007,TCH-00088,hustling_subject_specialist,Further Mathematics,SS2A,ROOM-SS2A,1,Tuesday,8:00,9:20,2,8:00,4
SCH-007-LSN-0023,SCH-007,TCH-00088,hustling_subject_specialist,Further Mathematics,SS2A,ROOM-SS2A,1,Tuesday,9:20,10:40,2,9:20,4
SCH-007-LSN-0024,SCH-007,TCH-00088,hustling_subject_specialist,Physics,SS3A,SCI-LAB-01,1,Wednesday,8:00,9:20,2,8:00,4
SCH-007-LSN-0025,SCH-007,TCH-00088,hustling_subject_specialist,Further Mathematics,SS3B,ROOM-SS3B,1,Tuesday,10:40,12:20,2,10:40,4
SCH-007-LSN-0026,SCH-007,TCH-00088,hustling_subject_specialist,Further Mathematics,SS2A,ROOM-SS2A,1,Wednesday,9:20,10:40,2,9:20,4
SCH-007-LSN-0027,SCH-007,TCH-00088,hustling_subject_specialist,Further Mathematics,SS1B,ROOM-SS1B,1,Wednesday,10:40,12:20,2,10:40,4
SCH-007-LSN-0028,SCH-007,TCH-00088,hustling_subject_specialist,Physics,SS3B,SCI-LAB-01,1,Thursday,8:00,9:20,2,8:00,4
SCH-007-LSN-0029,SCH-007,TCH-00088,hustling_subject_specialist,Physics,SS3A,SCI-LAB-01,1,Thursday,9:20,10:40,2,9:20,4
SCH-007-LSN-0030,SCH-007,TCH-00089,nysc_corper,Basic Science,JSS3A,ROOM-JSS3A,1,Tuesday,13:00,13:40,1,13:00,4.5
SCH-007-LSN-0031,SCH-007,TCH-00089,nysc_corper,Civic Education,JSS2A,ROOM-JSS2A,1,Monday,13:00,13:40,1,13:00,4.5
SCH-007-LSN-0032,SCH-007,TCH-00089,nysc_corper,Civic Education,JSS3B,ROOM-JSS3B,1,Monday,13:40,14:20,1,13:40,4.5
SCH-007-LSN-0033,SCH-007,TCH-00089,nysc_corper,Basic Science,JSS2A,ROOM-JSS2A,1,Tuesday,13:40,14:20,1,13:40,4.5
SCH-007-LSN-0034,SCH-007,TCH-00089,nysc_corper,Civic Education,JSS2A,ROOM-JSS2A,1,Wednesday,13:00,13:40,1,13:00,4.5
SCH-007-LSN-0035,SCH-007,TCH-00089,nysc_corper,Civic Education,JSS2A,ROOM-JSS2A,1,Wednesday,13:40,14:20,1,13:40,4.5
SCH-007-LSN-0036,SCH-007,TCH-00089,nysc_corper,Civic Education,JSS2B,ROOM-JSS2B,1,Monday,8:00,8:40,1,8:00,0
SCH-007-LSN-0037,SCH-007,TCH-00089,nysc_corper,Civic Education,JSS3B,ROOM-JSS3B,1,Monday,8:40,9:20,1,8:40,0
SCH-007-LSN-0038,SCH-007,TCH-00090,nysc_corper,Civic Education,JSS3A,ROOM-JSS3A,1,Tuesday,13:40,14:20,1,13:40,4.5
SCH-007-LSN-0039,SCH-007,TCH-00090,nysc_corper,Basic Science,JSS1B,ROOM-JSS1B,1,Tuesday,13:00,13:40,1,13:00,4.5
SCH-007-LSN-0040,SCH-007,TCH-00090,nysc_corper,Civic Education,JSS1B,ROOM-JSS1B,1,Wednesday,13:00,13:40,1,13:00,4.5
SCH-007-LSN-0041,SCH-007,TCH-00090,nysc_corper,Basic Science,JSS3A,ROOM-JSS3A,1,Wednesday,13:40,14:20,1,13:40,4.5
SCH-007-LSN-0042,SCH-007,TCH-00091,overworked_generalist,PHE,SS3B,ROOM-SS3B,1,Friday,8:40,11:20,4,8:40,1.43
SCH-007-LSN-0043,SCH-007,TCH-00091,overworked_generalist,PHE,SS1B,ROOM-SS1B,1,Monday,9:20,12:20,4,9:20,1.37
SCH-007-LSN-0044,SCH-007,TCH-00091,overworked_generalist,Basic Technology,SS3A,ROOM-SS3A,0,Thursday,11:40,14:20,4,11:40,1.35
SCH-007-LSN-0045,SCH-007,TCH-00091,overworked_generalist,Basic Technology,SS2A,ROOM-SS2A,0,Wednesday,11:40,14:20,4,11:40,1.07
SCH-007-LSN-0046,SCH-007,TCH-00091,overworked_generalist,PHE,SS2B,ROOM-SS2B,1,Tuesday,10:00,13:00,4,10:00,1.4
SCH-007-LSN-0047,SCH-007,TCH-00091,overworked_generalist,CRS,SS1B,ROOM-SS1B,1,Wednesday,8:00,10:40,4,8:00,1.4
SCH-007-LSN-0048,SCH-007,TCH-00092,nysc_corper,Civic Education,JSS1A,ROOM-JSS1A,1,Tuesday,13:00,13:40,1,13:00,4.5
SCH-007-LSN-0049,SCH-007,TCH-00092,nysc_corper,Basic Science,JSS2A,ROOM-JSS2A,1,Thursday,13:00,13:40,1,13:00,4.5
SCH-007-LSN-0050,SCH-007,TCH-00092,nysc_corper,Civic Education,JSS1A,ROOM-JSS1A,1,Tuesday,13:40,14:20,1,13:40,4.5
SCH-007-LSN-0051,SCH-007,TCH-00092,nysc_corper,Civic Education,JSS3A,ROOM-JSS3A,1,Wednesday,13:00,13:40,1,13:00,4.5
SCH-007-LSN-0052,SCH-007,TCH-00092,nysc_corper,Basic Science,JSS3B,ROOM-JSS3B,1,Wednesday,13:40,14:20,1,13:40,4.5
SCH-007-LSN-0053,SCH-007,TCH-00092,nysc_corper,Civic Education,JSS2B,ROOM-JSS2B,1,Thursday,13:40,14:20,1,13:40,4.5
SCH-007-LSN-0054,SCH-007,TCH-00093,veteran_staff_room_boss,Further Mathematics,SS2B,ROOM-SS2B,1,Monday,8:40,10:00,2,8:40,4
SCH-007-LSN-0055,SCH-007,TCH-00093,veteran_staff_room_boss,Further Mathematics,SS1A,ROOM-SS1A,1,Monday,10:00,11:20,2,10:00,4
SCH-007-LSN-0056,SCH-007,TCH-00094,nysc_corper,Basic Science,JSS3A,ROOM-JSS3A,1,Thursday,13:00,13:40,1,13:00,4.5
SCH-007-LSN-0057,SCH-007,TCH-00094,nysc_corper,Basic Science,JSS2B,ROOM-JSS2B,1,Monday,13:00,13:40,1,13:00,4.5
SCH-007-LSN-0058,SCH-007,TCH-00094,nysc_corper,Basic Science,JSS3A,ROOM-JSS3A,1,Thursday,13:40,14:20,1,13:40,4.5
SCH-007-LSN-0059,SCH-007,TCH-00094,nysc_corper,Basic Science,JSS3B,ROOM-JSS3B,1,Tuesday,13:00,13:40,1,13:00,4.5
SCH-007-LSN-0060,SCH-007,TCH-00095,veteran_staff_room_boss,Further Mathematics,SS2B,ROOM-SS2B,1,Monday,10:00,10:40,1,10:00,4
SCH-007-LSN-0061,SCH-007,TCH-00095,veteran_staff_room_boss,Further Mathematics,SS2B,ROOM-SS2B,1,Tuesday,8:40,9:20,1,8:40,4
SCH-007-LSN-0062,SCH-007,TCH-00095,veteran_staff_room_boss,Further Mathematics,SS1A,ROOM-SS1A,1,Tuesday,9:20,10:00,1,9:20,4
SCH-007-LSN-0063,SCH-007,TCH-00095,veteran_staff_room_boss,Further Mathematics,SS2A,ROOM-SS2A,1,Wednesday,8:40,9:20,1,8:40,4
SCH-007-LSN-0064,SCH-007,TCH-00096,nysc_corper,Basic Science,JSS1A,ROOM-JSS1A,1,Monday,13:00,13:40,1,13:00,4.5
SCH-007-LSN-0065,SCH-007,TCH-00096,nysc_corper,Basic Science,JSS3A,ROOM-JSS3A,1,Monday,8:00,8:40,1,8:00,0
SCH-007-LSN-0066,SCH-007,TCH-00096,nysc_corper,Basic Science,JSS1A,ROOM-JSS1A,1,Monday,13:40,14:20,1,13:40,4.5
SCH-007-LSN-0067,SCH-007,TCH-00097,veteran_staff_room_boss,Further Mathematics,SS1B,ROOM-SS1B,1,Monday,8:40,9:20,1,8:40,4
SCH-007-LSN-0068,SCH-007,TCH-00097,veteran_staff_room_boss,Further Mathematics,SS3B,ROOM-SS3B,1,Monday,9:20,10:00,1,9:20,4
SCH-007-LSN-0069,SCH-007,TCH-00097,veteran_staff_room_boss,Further Mathematics,SS2B,ROOM-SS2B,1,Tuesday,9:20,10:00,1,9:20,4
SCH-007-LSN-0070,SCH-007,TCH-00097,veteran_staff_room_boss,Further Mathematics,SS1B,ROOM-SS1B,1,Thursday,8:40,9:20,1,8:40,4
SCH-007-LSN-0071,SCH-007,TCH-00098,hustling_subject_specialist,Further Mathematics,SS3A,ROOM-SS3A,1,Tuesday,8:00,9:20,2,8:00,4
SCH-007-LSN-0072,SCH-007,TCH-00098,hustling_subject_specialist,Further Mathematics,SS3B,ROOM-SS3B,1,Monday,8:00,9:20,2,8:00,4
SCH-007-LSN-0073,SCH-007,TCH-00098,hustling_subject_specialist,Further Mathematics,SS1B,ROOM-SS1B,1,Tuesday,10:40,12:20,2,10:40,4
SCH-007-LSN-0074,SCH-007,TCH-00098,hustling_subject_specialist,Further Mathematics,SS1A,ROOM-SS1A,1,Wednesday,8:00,9:20,2,8:00,4
SCH-007-LSN-0075,SCH-007,TCH-00099,overworked_generalist,CRS,JSS2A,ROOM-JSS2A,1,Thursday,10:00,13:00,4,10:00,1.45
SCH-007-LSN-0076,SCH-007,TCH-00099,overworked_generalist,Basic Technology,JSS2A,WORKSHOP-01,1,Friday,8:00,10:40,4,8:00,1.1
SCH-007-LSN-0077,SCH-007,TCH-00099,overworked_generalist,Basic Technology,JSS2B,ROOM-JSS2B,0,Tuesday,10:40,13:40,4,10:40,1.3
SCH-007-LSN-0078,SCH-007,TCH-00099,overworked_generalist,CRS,SS2A,ROOM-SS2A,1,Monday,11:40,14:20,4,11:40,1.25
SCH-007-LSN-0079,SCH-007,TCH-00099,overworked_generalist,PHE,JSS2A,ROOM-JSS2A,1,Wednesday,8:00,10:40,4,8:00,1.06
SCH-007-LSN-0080,SCH-007,TCH-00099,overworked_generalist,PHE,SS1A,ROOM-SS1A,1,Wednesday,10:40,13:40,4,10:40,0.96
SCH-007-LSN-0081,SCH-007,TCH-00099,overworked_generalist,CRS,JSS3B,ROOM-JSS3B,1,Tuesday,8:00,10:40,4,8:00,0.56
SCH-008-LSN-0001,SCH-008,TCH-00100,overworked_generalist,CRS,JSS3A,ROOM-JSS3A,1,Friday,8:40,12:20,5,8:40,1.49
SCH-008-LSN-0002,SCH-008,TCH-00100,overworked_generalist,Basic Technology,JSS3A,ROOM-JSS3A,0,Wednesday,9:20,13:00,5,9:20,1.47
SCH-008-LSN-0003,SCH-008,TCH-00100,overworked_generalist,Basic Technology,JSS1B,ROOM-JSS1B,0,Tuesday,9:20,13:00,5,9:20,1.41
SCH-008-LSN-0004,SCH-008,TCH-00100,overworked_generalist,Basic Technology,JSS1A,ROOM-JSS1A,0,Monday,8:40,12:20,5,8:40,1.48
SCH-008-LSN-0005,SCH-008,TCH-00100,overworked_generalist,CRS,JSS3B,ROOM-JSS3B,1,Thursday,8:40,12:20,5,8:40,1.33
SCH-008-LSN-0006,SCH-008,TCH-00101,overworked_generalist,PHE,SS2B,ROOM-SS2B,1,Tuesday,8:40,10:40,3,8:40,1.45
SCH-008-LSN-0007,SCH-008,TCH-00101,overworked_generalist,PHE,SS2B,ROOM-SS2B,1,Friday,10:00,12:20,3,10:00,1.49
SCH-008-LSN-0008,SCH-008,TCH-00101,overworked_generalist,CRS,JSS2B,ROOM-JSS2B,1,Tuesday,11:40,13:40,3,11:40,1.49
SCH-008-LSN-0009,SCH-008,TCH-00101,overworked_generalist,CRS,SS2A,ROOM-SS2A,1,Monday,10:40,13:00,3,10:40,1.35
SCH-008-LSN-0010,SCH-008,TCH-00102,veteran_staff_room_boss,Physics,SS3A,SCI-LAB-01,1,Monday,8:40,9:20,1,8:40,4
SCH-008-LSN-0011,SCH-008,TCH-00102,veteran_staff_room_boss,Physics,SS3B,SCI-LAB-01,1,Monday,9:20,10:00,1,9:20,4
SCH-008-LSN-0012,SCH-008,TCH-00102,veteran_staff_room_boss,Physics,SS3B,SCI-LAB-01,1,Monday,10:00,10:40,1,10:00,4
SCH-008-LSN-0013,SCH-008,TCH-00102,veteran_staff_room_boss,Physics,SS3B,SCI-LAB-01,1,Tuesday,8:40,9:20,1,8:40,4
SCH-008-LSN-0014,SCH-008,TCH-00103,veteran_staff_room_boss,Further Mathematics,SS2B,ROOM-SS2B,1,Monday,8:40,10:00,2,8:40,4
SCH-008-LSN-0015,SCH-008,TCH-00103,veteran_staff_room_boss,Further Mathematics,SS1B,ROOM-SS1B,1,Monday,10:00,11:20,2,10:00,4
SCH-008-LSN-0016,SCH-008,TCH-00103,veteran_staff_room_boss,Further Mathematics,SS2A,ROOM-SS2A,1,Tuesday,8:40,10:00,2,8:40,4
SCH-008-LSN-0017,SCH-008,TCH-00103,veteran_staff_room_boss,Physics,SS2B,SCI-LAB-01,1,Wednesday,8:40,10:00,2,8:40,4
SCH-008-LSN-0018,SCH-008,TCH-00104,veteran_staff_room_boss,Chemistry,SS3A,SCI-LAB-01,1,Tuesday,9:20,10:40,2,9:20,4
SCH-008-LSN-0019,SCH-008,TCH-00104,veteran_staff_room_boss,Chemistry,SS3A,SCI-LAB-01,1,Wednesday,10:00,11:20,2,10:00,4
SCH-008-LSN-0020,SCH-008,TCH-00104,veteran_staff_room_boss,Chemistry,SS1A,SCI-LAB-01,1,Thursday,8:40,10:00,2,8:40,4
SCH-008-LSN-0021,SCH-008,TCH-00104,veteran_staff_room_boss,Chemistry,SS2A,SCI-LAB-01,1,Thursday,10:00,11:20,2,10:00,4
SCH-008-LSN-0022,SCH-008,TCH-00105,overworked_generalist,CRS,JSS3B,ROOM-JSS3B,1,Wednesday,8:40,11:20,4,8:40,1.43
SCH-008-LSN-0023,SCH-008,TCH-00105,overworked_generalist,Basic Technology,JSS3B,ROOM-JSS3B,0,Monday,11:40,14:20,4,11:40,1.46
SCH-008-LSN-0024,SCH-008,TCH-00105,overworked_generalist,PHE,SS2B,ROOM-SS2B,1,Wednesday,11:40,14:20,4,11:40,1.49
SCH-008-LSN-0025,SCH-008,TCH-00105,overworked_generalist,PHE,JSS3B,ROOM-JSS3B,1,Monday,8:40,11:20,4,8:40,1.38
SCH-008-LSN-0026,SCH-008,TCH-00105,overworked_generalist,CRS,SS3A,ROOM-SS3A,1,Thursday,10:00,13:00,4,10:00,1.4
SCH-008-LSN-0027,SCH-008,TCH-00105,overworked_generalist,Basic Technology,JSS1B,ROOM-JSS1B,0,Friday,8:00,10:40,4,8:00,1.4
SCH-008-LSN-0028,SCH-008,TCH-00105,overworked_generalist,Basic Technology,SS1A,ROOM-SS1A,0,Tuesday,10:40,13:40,4,10:40,1.31
SCH-008-LSN-0029,SCH-008,TCH-00105,overworked_generalist,PHE,SS1A,ROOM-SS1A,1,Tuesday,8:00,10:40,4,8:00,1.2
SCH-008-LSN-0030,SCH-008,TCH-00106,hustling_subject_specialist,Further Mathematics,SS2B,ROOM-SS2B,1,Monday,10:00,12:20,3,10:00,4
SCH-008-LSN-0031,SCH-008,TCH-00106,hustling_subject_specialist,Further Mathematics,SS2A,ROOM-SS2A,1,Monday,8:00,10:00,3,8:00,4
SCH-008-LSN-0032,SCH-008,TCH-00107,nysc_corper,Basic Science,JSS1A,ROOM-JSS1A,1,Monday,13:00,13:40,1,13:00,4.5
SCH-008-LSN-0033,SCH-008,TCH-00107,nysc_corper,Basic Science,JSS3B,ROOM-JSS3B,1,Tuesday,13:00,13:40,1,13:00,4.5
SCH-008-LSN-0034,SCH-008,TCH-00107,nysc_corper,Basic Science,JSS1A,ROOM-JSS1A,1,Monday,13:40,14:20,1,13:40,4.5
SCH-008-LSN-0035,SCH-008,TCH-00108,overworked_generalist,PHE,SS2A,ROOM-SS2A,1,Tuesday,12:20,14:20,3,12:20,1.47
SCH-008-LSN-0036,SCH-008,TCH-00108,overworked_generalist,CRS,JSS1A,ROOM-JSS1A,1,Wednesday,12:20,14:20,3,12:20,1.49
SCH-008-LSN-0037,SCH-008,TCH-00108,overworked_generalist,CRS,JSS1A,ROOM-JSS1A,1,Wednesday,8:00,10:00,3,8:00,1.5
SCH-008-LSN-0038,SCH-008,TCH-00108,overworked_generalist,PHE,JSS3A,ROOM-JSS3A,1,Thursday,10:00,12:20,3,10:00,1.5
SCH-008-LSN-0039,SCH-008,TCH-00108,overworked_generalist,CRS,JSS3A,ROOM-JSS3A,1,Monday,10:40,13:00,3,10:40,1.46
SCH-008-LSN-0040,SCH-008,TCH-00108,overworked_generalist,PHE,SS1A,ROOM-SS1A,1,Thursday,12:20,14:20,3,12:20,1.38
SCH-008-LSN-0041,SCH-008,TCH-00108,overworked_generalist,CRS,JSS3B,ROOM-JSS3B,1,Friday,10:00,12:20,3,10:00,1.34
SCH-008-LSN-0042,SCH-008,TCH-00108,overworked_generalist,PHE,SS2A,ROOM-SS2A,1,Wednesday,10:00,12:20,3,10:00,1.47
SCH-008-LSN-0043,SCH-008,TCH-00108,overworked_generalist,CRS,JSS2A,ROOM-JSS2A,1,Tuesday,8:00,10:00,3,8:00,1.46
SCH-008-LSN-0044,SCH-008,TCH-00109,overworked_generalist,Basic Technology,SS1B,WORKSHOP-01,1,Wednesday,8:40,12:20,5,8:40,1.48
SCH-008-LSN-0045,SCH-008,TCH-00109,overworked_generalist,CRS,SS3A,ROOM-SS3A,1,Monday,9:20,13:00,5,9:20,1.27
SCH-008-LSN-0046,SCH-008,TCH-00109,overworked_generalist,CRS,JSS3A,ROOM-JSS3A,1,Tuesday,10:00,13:40,5,10:00,1.03
SCH-008-LSN-0047,SCH-008,TCH-00109,overworked_generalist,CRS,JSS1A,ROOM-JSS1A,1,Friday,8:00,11:20,5,8:00,1.47
SCH-008-LSN-0048,SCH-008,TCH-00109,overworked_generalist,Basic Technology,JSS2B,ROOM-JSS2B,0,Thursday,8:40,12:20,5,8:40,1.5
SCH-008-LSN-0049,SCH-008,TCH-00110,overworked_generalist,PHE,SS3B,ROOM-SS3B,1,Wednesday,10:40,14:20,5,10:40,1.44
SCH-008-LSN-0050,SCH-008,TCH-00110,overworked_generalist,PHE,SS1A,ROOM-SS1A,1,Friday,8:40,12:20,5,8:40,1.29
SCH-008-LSN-0051,SCH-008,TCH-00110,overworked_generalist,PHE,SS1A,ROOM-SS1A,1,Monday,9:20,13:00,5,9:20,1.29
SCH-008-LSN-0052,SCH-008,TCH-00110,overworked_generalist,PHE,JSS1A,ROOM-JSS1A,1,Thursday,8:00,11:20,5,8:00,1.48
SCH-008-LSN-0053,SCH-008,TCH-00110,overworked_generalist,CRS,JSS1A,ROOM-JSS1A,1,Tuesday,10:40,14:20,5,10:40,1.35
SCH-008-LSN-0054,SCH-008,TCH-00111,overworked_generalist,PHE,SS1B,ROOM-SS1B,1,Friday,9:20,11:20,3,9:20,1.5
SCH-008-LSN-0055,SCH-008,TCH-00111,overworked_generalist,PHE,SS1B,ROOM-SS1B,1,Monday,8:00,10:00,3,8:00,1.48
SCH-008-LSN-0056,SCH-008,TCH-00111,overworked_generalist,Basic Technology,SS1B,ROOM-SS1B,0,Monday,11:40,13:40,3,11:40,1.5
SCH-008-LSN-0057,SCH-008,TCH-00111,overworked_generalist,Basic Technology,JSS2A,ROOM-JSS2A,0,Thursday,9:20,11:20,3,9:20,1.47
SCH-009-LSN-0001,SCH-009,TCH-00112,veteran_staff_room_boss,Biology,SS1A,SCI-LAB-01,1,Monday,8:40,9:20,1,8:40,4
SCH-009-LSN-0002,SCH-009,TCH-00112,veteran_staff_room_boss,Biology,SS2B,SCI-LAB-01,1,Monday,9:20,10:00,1,9:20,4
SCH-009-LSN-0003,SCH-009,TCH-00112,veteran_staff_room_boss,Biology,SS2A,SCI-LAB-01,1,Monday,10:00,10:40,1,10:00,4
SCH-009-LSN-0004,SCH-009,TCH-00112,veteran_staff_room_boss,Biology,SS1B,SCI-LAB-01,1,Tuesday,8:40,9:20,1,8:40,4
SCH-009-LSN-0005,SCH-009,TCH-00113,overworked_generalist,CRS,SS3A,ROOM-SS3A,1,Friday,8:00,10:00,3,8:00,1.5
SCH-009-LSN-0006,SCH-009,TCH-00113,overworked_generalist,PHE,JSS3B,ROOM-JSS3B,1,Wednesday,8:40,10:40,3,8:40,1.48
SCH-009-LSN-0007,SCH-009,TCH-00113,overworked_generalist,CRS,SS2B,ROOM-SS2B,1,Wednesday,11:40,13:40,3,11:40,1.44
SCH-009-LSN-0008,SCH-009,TCH-00113,overworked_generalist,Basic Technology,JSS3B,ROOM-JSS3B,0,Thursday,8:40,10:40,3,8:40,1.4
SCH-009-LSN-0009,SCH-009,TCH-00113,overworked_generalist,CRS,SS1B,ROOM-SS1B,1,Thursday,10:40,13:00,3,10:40,1.49
SCH-009-LSN-0010,SCH-009,TCH-00113,overworked_generalist,Basic Technology,SS3A,WORKSHOP-01,1,Tuesday,8:00,10:00,3,8:00,1.49
SCH-009-LSN-0011,SCH-009,TCH-00113,overworked_generalist,CRS,SS3A,ROOM-SS3A,1,Tuesday,12:20,14:20,3,12:20,1.35
SCH-009-LSN-0012,SCH-009,TCH-00113,overworked_generalist,CRS,SS1B,ROOM-SS1B,1,Tuesday,10:00,12:20,3,10:00,1.48
SCH-009-LSN-0013,SCH-009,TCH-00113,overworked_generalist,Basic Technology,JSS2B,ROOM-JSS2B,0,Friday,10:00,12:20,3,10:00,1.19
SCH-009-LSN-0014,SCH-009,TCH-00113,overworked_generalist,CRS,JSS1A,ROOM-JSS1A,1,Monday,12:20,14:20,3,12:20,1.45
SCH-009-LSN-0015,SCH-009,TCH-00113,overworked_generalist,PHE,JSS1A,ROOM-JSS1A,1,Monday,10:00,12:20,3,10:00,1.37
SCH-009-LSN-0016,SCH-009,TCH-00113,overworked_generalist,PHE,JSS1B,ROOM-JSS1B,1,Monday,8:00,10:00,3,8:00,0.64
SCH-009-LSN-0017,SCH-009,TCH-00114,nysc_corper,Civic Education,JSS3A,ROOM-JSS3A,1,Monday,13:00,13:40,1,13:00,4.5
SCH-009-LSN-0018,SCH-009,TCH-00114,nysc_corper,Civic Education,JSS2A,ROOM-JSS2A,1,Monday,13:40,14:20,1,13:40,4.5
SCH-009-LSN-0019,SCH-009,TCH-00114,nysc_corper,Civic Education,JSS2A,ROOM-JSS2A,1,Tuesday,13:00,13:40,1,13:00,4.5
SCH-009-LSN-0020,SCH-009,TCH-00115,veteran_staff_room_boss,Physics,SS2B,SCI-LAB-01,1,Tuesday,9:20,10:00,1,9:20,4
SCH-009-LSN-0021,SCH-009,TCH-00115,veteran_staff_room_boss,Physics,SS1B,SCI-LAB-01,1,Wednesday,8:40,9:20,1,8:40,4
SCH-009-LSN-0022,SCH-009,TCH-00115,veteran_staff_room_boss,Physics,SS2B,SCI-LAB-01,1,Tuesday,10:00,10:40,1,10:00,4
SCH-009-LSN-0023,SCH-009,TCH-00116,nysc_corper,Civic Education,JSS1B,ROOM-JSS1B,1,Tuesday,13:00,13:40,1,13:00,4.5
SCH-009-LSN-0024,SCH-009,TCH-00116,nysc_corper,Basic Science,JSS2B,ROOM-JSS2B,1,Tuesday,13:40,14:20,1,13:40,4.5
SCH-009-LSN-0025,SCH-009,TCH-00116,nysc_corper,Civic Education,JSS1A,ROOM-JSS1A,1,Wednesday,13:00,13:40,1,13:00,4.5
SCH-009-LSN-0026,SCH-009,TCH-00116,nysc_corper,Basic Science,JSS2B,ROOM-JSS2B,1,Wednesday,13:40,14:20,1,13:40,4.5
SCH-009-LSN-0027,SCH-009,TCH-00117,hustling_subject_specialist,Physics,SS1B,SCI-LAB-01,1,Monday,10:40,12:20,2,10:40,4
SCH-009-LSN-0028,SCH-009,TCH-00117,hustling_subject_specialist,Physics,SS2A,SCI-LAB-01,1,Wednesday,8:00,9:20,2,8:00,4
SCH-009-LSN-0029,SCH-009,TCH-00117,hustling_subject_specialist,Physics,SS1A,SCI-LAB-01,1,Wednesday,9:20,10:40,2,9:20,4
SCH-009-LSN-0030,SCH-009,TCH-00117,hustling_subject_specialist,Physics,SS1A,SCI-LAB-01,1,Wednesday,10:40,12:20,2,10:40,4
SCH-009-LSN-0031,SCH-009,TCH-00118,nysc_corper,Civic Education,JSS1A,ROOM-JSS1A,1,Tuesday,13:00,13:40,1,13:00,4.5
SCH-009-LSN-0032,SCH-009,TCH-00118,nysc_corper,Civic Education,JSS2B,ROOM-JSS2B,1,Monday,13:00,13:40,1,13:00,4.5
SCH-009-LSN-0033,SCH-009,TCH-00118,nysc_corper,Basic Science,JSS1B,ROOM-JSS1B,1,Monday,13:40,14:20,1,13:40,4.5
SCH-009-LSN-0034,SCH-009,TCH-00118,nysc_corper,Basic Science,JSS3B,ROOM-JSS3B,1,Tuesday,13:40,14:20,1,13:40,4.5
SCH-009-LSN-0035,SCH-009,TCH-00119,hustling_subject_specialist,Economics,SS1B,ROOM-SS1B,1,Wednesday,9:20,11:20,3,9:20,4
SCH-009-LSN-0036,SCH-009,TCH-00119,hustling_subject_specialist,Economics,SS3B,ROOM-SS3B,1,Tuesday,8:00,10:00,3,8:00,4
SCH-009-LSN-0037,SCH-009,TCH-00120,nysc_corper,Basic Science,JSS3B,ROOM-JSS3B,1,Tuesday,13:00,13:40,1,13:00,4.5
SCH-009-LSN-0038,SCH-009,TCH-00120,nysc_corper,Civic Education,JSS2A,ROOM-JSS2A,1,Tuesday,13:40,14:20,1,13:40,4.5
SCH-009-LSN-0039,SCH-009,TCH-00120,nysc_corper,Civic Education,JSS3A,ROOM-JSS3A,1,Wednesday,13:00,13:40,1,13:00,4.5
SCH-009-LSN-0040,SCH-009,TCH-00120,nysc_corper,Civic Education,JSS3A,ROOM-JSS3A,1,Wednesday,13:40,14:20,1,13:40,4.5
SCH-009-LSN-0041,SCH-009,TCH-00120,nysc_corper,Basic Science,JSS2B,ROOM-JSS2B,1,Thursday,13:00,13:40,1,13:00,4.5
SCH-009-LSN-0042,SCH-009,TCH-00120,nysc_corper,Basic Science,JSS3A,ROOM-JSS3A,1,Thursday,13:40,14:20,1,13:40,4.5
SCH-009-LSN-0043,SCH-009,TCH-00120,nysc_corper,Basic Science,JSS2B,ROOM-JSS2B,1,Tuesday,8:00,8:40,1,8:00,0
SCH-009-LSN-0044,SCH-009,TCH-00120,nysc_corper,Civic Education,JSS3A,ROOM-JSS3A,1,Tuesday,8:40,9:20,1,8:40,0
SCH-009-LSN-0045,SCH-009,TCH-00121,hustling_subject_specialist,Physics,SS1A,SCI-LAB-01,1,Monday,10:40,12:20,2,10:40,4
SCH-009-LSN-0046,SCH-009,TCH-00121,hustling_subject_specialist,Physics,SS2B,SCI-LAB-01,1,Tuesday,10:40,12:20,2,10:40,4
SCH-010-LSN-0001,SCH-010,TCH-00122,veteran_staff_room_boss,Chemistry,SS3A,SCI-LAB-01,1,Monday,8:40,10:00,2,8:40,4
SCH-010-LSN-0002,SCH-010,TCH-00122,veteran_staff_room_boss,Chemistry,SS1B,SCI-LAB-01,1,Monday,10:00,11:20,2,10:00,4
SCH-010-LSN-0003,SCH-010,TCH-00122,veteran_staff_room_boss,Chemistry,SS1A,SCI-LAB-01,1,Tuesday,8:40,10:00,2,8:40,4
SCH-010-LSN-0004,SCH-010,TCH-00122,veteran_staff_room_boss,Chemistry,SS2B,SCI-LAB-01,1,Tuesday,10:00,11:20,2,10:00,4
SCH-010-LSN-0005,SCH-010,TCH-00123,hustling_subject_specialist,Economics,SS2A,ROOM-SS2A,1,Tuesday,8:00,10:00,3,8:00,4
SCH-010-LSN-0006,SCH-010,TCH-00123,hustling_subject_specialist,Further Mathematics,SS2B,ROOM-SS2B,1,Thursday,8:00,10:00,3,8:00,4
SCH-010-LSN-0007,SCH-010,TCH-00123,hustling_subject_specialist,Further Mathematics,SS1A,ROOM-SS1A,1,Tuesday,10:00,12:20,3,10:00,4
SCH-010-LSN-0008,SCH-010,TCH-00123,hustling_subject_specialist,Further Mathematics,SS2A,ROOM-SS2A,1,Thursday,10:00,12:20,3,10:00,4
SCH-010-LSN-0009,SCH-010,TCH-00123,hustling_subject_specialist,Further Mathematics,SS3A,ROOM-SS3A,1,Tuesday,12:20,14:20,3,12:20,-4
SCH-010-LSN-0010,SCH-010,TCH-00123,hustling_subject_specialist,Economics,SS3B,ROOM-SS3B,1,Thursday,12:20,14:20,3,12:20,-4
SCH-010-LSN-0011,SCH-010,TCH-00124,veteran_staff_room_boss,Further Mathematics,SS2A,ROOM-SS2A,1,Monday,8:40,10:00,2,8:40,4
SCH-010-LSN-0012,SCH-010,TCH-00124,veteran_staff_room_boss,Further Mathematics,SS1A,ROOM-SS1A,1,Monday,10:00,11:20,2,10:00,4
SCH-010-LSN-0013,SCH-010,TCH-00124,veteran_staff_room_boss,Further Mathematics,SS1B,ROOM-SS1B,1,Tuesday,8:40,10:00,2,8:40,4
SCH-010-LSN-0014,SCH-010,TCH-00125,nysc_corper,Civic Education,JSS2A,ROOM-JSS2A,1,Monday,13:00,13:40,1,13:00,4.5
SCH-010-LSN-0015,SCH-010,TCH-00125,nysc_corper,Civic Education,JSS3B,ROOM-JSS3B,1,Monday,13:40,14:20,1,13:40,4.5
SCH-010-LSN-0016,SCH-010,TCH-00125,nysc_corper,Civic Education,JSS1A,ROOM-JSS1A,1,Tuesday,13:00,13:40,1,13:00,4.5
SCH-010-LSN-0017,SCH-010,TCH-00126,nysc_corper,Civic Education,JSS3B,ROOM-JSS3B,1,Monday,13:00,13:40,1,13:00,4.5
SCH-010-LSN-0018,SCH-010,TCH-00126,nysc_corper,Basic Science,JSS1B,ROOM-JSS1B,1,Monday,13:40,14:20,1,13:40,4.5
SCH-010-LSN-0019,SCH-010,TCH-00126,nysc_corper,Basic Science,JSS2A,ROOM-JSS2A,1,Tuesday,13:00,13:40,1,13:00,4.5
SCH-010-LSN-0020,SCH-010,TCH-00126,nysc_corper,Civic Education,JSS2A,ROOM-JSS2A,1,Tuesday,13:40,14:20,1,13:40,4.5
SCH-010-LSN-0021,SCH-010,TCH-00127,overworked_generalist,PHE,SS3B,ROOM-SS3B,1,Friday,8:00,10:00,3,8:00,1.48
SCH-010-LSN-0022,SCH-010,TCH-00127,overworked_generalist,CRS,JSS1A,ROOM-JSS1A,1,Monday,8:40,10:40,3,8:40,1.47
SCH-010-LSN-0023,SCH-010,TCH-00127,overworked_generalist,PHE,JSS3B,ROOM-JSS3B,1,Wednesday,8:00,10:00,3,8:00,1.48
SCH-010-LSN-0024,SCH-010,TCH-00127,overworked_generalist,Basic Technology,SS3A,ROOM-SS3A,0,Thursday,12:20,14:20,3,12:20,1.45
SCH-010-LSN-0025,SCH-010,TCH-00127,overworked_generalist,Basic Technology,SS1B,ROOM-SS1B,0,Wednesday,12:20,14:20,3,12:20,1.47
SCH-010-LSN-0026,SCH-010,TCH-00127,overworked_generalist,CRS,SS2B,ROOM-SS2B,1,Tuesday,12:20,14:20,3,12:20,1.48
SCH-010-LSN-0027,SCH-010,TCH-00127,overworked_generalist,PHE,JSS1B,ROOM-JSS1B,1,Tuesday,10:00,12:20,3,10:00,1.44
SCH-010-LSN-0028,SCH-010,TCH-00127,overworked_generalist,Basic Technology,SS2A,ROOM-SS2A,0,Monday,11:40,13:40,3,11:40,1.44
SCH-010-LSN-0029,SCH-010,TCH-00127,overworked_generalist,Basic Technology,JSS2B,ROOM-JSS2B,0,Thursday,9:20,11:20,3,9:20,1.26
SCH-010-LSN-0030,SCH-010,TCH-00127,overworked_generalist,PHE,SS1A,ROOM-SS1A,1,Friday,10:00,12:20,3,10:00,1.36
SCH-010-LSN-0031,SCH-010,TCH-00127,overworked_generalist,Basic Technology,JSS3A,WORKSHOP-01,1,Wednesday,10:00,12:20,3,10:00,1.48
SCH-010-LSN-0032,SCH-010,TCH-00127,overworked_generalist,CRS,SS3A,ROOM-SS3A,1,Tuesday,8:00,10:00,3,8:00,0.81
SCH-010-LSN-0033,SCH-010,TCH-00128,veteran_staff_room_boss,Chemistry,SS3A,SCI-LAB-01,1,Monday,10:00,10:40,1,10:00,4
SCH-010-LSN-0034,SCH-010,TCH-00128,veteran_staff_room_boss,Physics,SS2B,SCI-LAB-01,1,Wednesday,8:40,9:20,1,8:40,4
SCH-010-LSN-0035,SCH-010,TCH-00128,veteran_staff_room_boss,Chemistry,SS1A,SCI-LAB-01,1,Wednesday,9:20,10:00,1,9:20,4
SCH-010-LSN-0036,SCH-010,TCH-00128,veteran_staff_room_boss,Chemistry,SS1A,SCI-LAB-01,1,Wednesday,10:00,10:40,1,10:00,4
SCH-010-LSN-0037,SCH-010,TCH-00128,veteran_staff_room_boss,Chemistry,SS2B,SCI-LAB-01,1,Tuesday,8:40,9:20,1,8:40,4
SCH-010-LSN-0038,SCH-010,TCH-00128,veteran_staff_room_boss,Chemistry,SS3A,SCI-LAB-01,1,Tuesday,10:00,10:40,1,10:00,4
SCH-010-LSN-0039,SCH-010,TCH-00128,veteran_staff_room_boss,Chemistry,SS2A,SCI-LAB-01,1,Thursday,8:40,9:20,1,8:40,4
SCH-010-LSN-0040,SCH-010,TCH-00128,veteran_staff_room_boss,Chemistry,SS3B,SCI-LAB-01,1,Thursday,9:20,10:00,1,9:20,4
SCH-010-LSN-0041,SCH-010,TCH-00129,overworked_generalist,CRS,JSS3B,ROOM-JSS3B,1,Friday,9:20,11:20,3,9:20,1.46
SCH-010-LSN-0042,SCH-010,TCH-00129,overworked_generalist,Basic Technology,JSS3B,WORKSHOP-01,1,Tuesday,9:20,11:20,3,9:20,1.5
SCH-010-LSN-0043,SCH-010,TCH-00129,overworked_generalist,PHE,JSS2B,ROOM-JSS2B,1,Monday,10:00,12:20,3,10:00,1.47
SCH-010-LSN-0044,SCH-010,TCH-00129,overworked_generalist,Basic Technology,JSS2A,ROOM-JSS2A,0,Thursday,8:40,10:40,3,8:40,1.32
SCH-010-LSN-0045,SCH-010,TCH-00129,overworked_generalist,PHE,JSS1B,ROOM-JSS1B,1,Thursday,12:20,14:20,3,12:20,1.46
SCH-010-LSN-0046,SCH-010,TCH-00129,overworked_generalist,PHE,JSS1B,ROOM-JSS1B,1,Wednesday,10:00,12:20,3,10:00,1.43
SCH-010-LSN-0047,SCH-010,TCH-00130,overworked_generalist,PHE,JSS3B,ROOM-JSS3B,1,Thursday,8:00,10:40,4,8:00,1.49
SCH-010-LSN-0048,SCH-010,TCH-00130,overworked_generalist,CRS,SS1A,ROOM-SS1A,1,Monday,11:40,14:20,4,11:40,1.45
SCH-010-LSN-0049,SCH-010,TCH-00130,overworked_generalist,PHE,JSS1A,ROOM-JSS1A,1,Friday,8:40,11:20,4,8:40,1.49
SCH-010-LSN-0050,SCH-010,TCH-00130,overworked_generalist,CRS,JSS1B,ROOM-JSS1B,1,Monday,8:00,10:40,4,8:00,1.34
SCH-010-LSN-0051,SCH-010,TCH-00130,overworked_generalist,PHE,SS2A,ROOM-SS2A,1,Wednesday,9:20,12:20,4,9:20,1.46
SCH-010-LSN-0052,SCH-010,TCH-00130,overworked_generalist,CRS,SS3B,ROOM-SS3B,1,Tuesday,8:40,11:20,4,8:40,1.24
SCH-010-LSN-0053,SCH-010,TCH-00130,overworked_generalist,CRS,JSS2A,ROOM-JSS2A,1,Thursday,10:40,13:40,4,10:40,1.31
SCH-010-LSN-0054,SCH-010,TCH-00131,hustling_subject_specialist,Economics,SS2B,ROOM-SS2B,1,Monday,8:00,10:00,3,8:00,4
SCH-010-LSN-0055,SCH-010,TCH-00131,hustling_subject_specialist,Economics,SS3B,ROOM-SS3B,1,Monday,10:00,12:20,3,10:00,4
SCH-010-LSN-0056,SCH-010,TCH-00132,veteran_staff_room_boss,Biology,SS3A,SCI-LAB-01,1,Thursday,10:00,11:20,2,10:00,4
SCH-010-LSN-0057,SCH-010,TCH-00132,veteran_staff_room_boss,Biology,SS3A,SCI-LAB-01,1,Friday,8:40,10:00,2,8:40,4
SCH-010-LSN-0058,SCH-010,TCH-00132,veteran_staff_room_boss,Biology,SS3A,SCI-LAB-01,1,Friday,10:00,11:20,2,10:00,4
SCH-010-LSN-0059,SCH-010,TCH-00133,nysc_corper,Civic Education,JSS1B,ROOM-JSS1B,1,Monday,13:00,13:40,1,13:00,4.5
SCH-010-LSN-0060,SCH-010,TCH-00133,nysc_corper,Civic Education,JSS2B,ROOM-JSS2B,1,Monday,13:40,14:20,1,13:40,4.5
SCH-010-LSN-0061,SCH-010,TCH-00133,nysc_corper,Civic Education,JSS3A,ROOM-JSS3A,1,Wednesday,13:00,13:40,1,13:00,4.5
SCH-010-LSN-0062,SCH-010,TCH-00133,nysc_corper,Civic Education,JSS2A,ROOM-JSS2A,1,Wednesday,13:40,14:20,1,13:40,4.5
SCH-010-LSN-0063,SCH-010,TCH-00133,nysc_corper,Civic Education,JSS2A,ROOM-JSS2A,1,Thursday,13:40,14:20,1,13:40,4.5
SCH-010-LSN-0064,SCH-010,TCH-00133,nysc_corper,Basic Science,JSS1A,ROOM-JSS1A,1,Thursday,13:00,13:40,1,13:00,4.5
SCH-010-LSN-0065,SCH-010,TCH-00133,nysc_corper,Civic Education,JSS3B,ROOM-JSS3B,1,Monday,8:00,8:40,1,8:00,0
SCH-010-LSN-0066,SCH-010,TCH-00133,nysc_corper,Civic Education,JSS3B,ROOM-JSS3B,1,Monday,8:40,9:20,1,8:40,0
SCH-010-LSN-0067,SCH-010,TCH-00134,overworked_generalist,PHE,SS2B,ROOM-SS2B,1,Wednesday,11:40,13:40,3,11:40,1.48
SCH-010-LSN-0068,SCH-010,TCH-00134,overworked_generalist,Basic Technology,SS3B,ROOM-SS3B,0,Thursday,10:00,12:20,3,10:00,1.4
SCH-010-LSN-0069,SCH-010,TCH-00134,overworked_generalist,PHE,SS1B,ROOM-SS1B,1,Tuesday,12:20,14:20,3,12:20,1.39
SCH-010-LSN-0070,SCH-010,TCH-00134,overworked_generalist,Basic Technology,SS1A,ROOM-SS1A,0,Thursday,8:00,10:00,3,8:00,1.06
SCH-010-LSN-0071,SCH-010,TCH-00134,overworked_generalist,Basic Technology,SS1A,ROOM-SS1A,0,Monday,8:00,10:00,3,8:00,1.37
SCH-010-LSN-0072,SCH-010,TCH-00134,overworked_generalist,PHE,JSS1A,ROOM-JSS1A,1,Monday,12:20,14:20,3,12:20,1.5
SCH-010-LSN-0073,SCH-010,TCH-00135,nysc_corper,Civic Education,JSS1B,ROOM-JSS1B,1,Tuesday,13:00,13:40,1,13:00,4.5
SCH-010-LSN-0074,SCH-010,TCH-00135,nysc_corper,Civic Education,JSS3B,ROOM-JSS3B,1,Tuesday,13:40,14:20,1,13:40,4.5
SCH-010-LSN-0075,SCH-010,TCH-00135,nysc_corper,Basic Science,JSS2B,ROOM-JSS2B,1,Wednesday,13:00,13:40,1,13:00,4.5
SCH-010-LSN-0076,SCH-010,TCH-00135,nysc_corper,Civic Education,JSS2A,ROOM-JSS2A,1,Tuesday,8:00,8:40,1,8:00,0
SCH-010-LSN-0077,SCH-010,TCH-00135,nysc_corper,Civic Education,JSS3B,ROOM-JSS3B,1,Wednesday,13:40,14:20,1,13:40,4.5
SCH-010-LSN-0078,SCH-010,TCH-00135,nysc_corper,Basic Science,JSS2B,ROOM-JSS2B,1,Thursday,13:00,13:40,1,13:00,4.5
SCH-010-LSN-0079,SCH-010,TCH-00135,nysc_corper,Civic Education,JSS3B,ROOM-JSS3B,1,Thursday,13:40,14:20,1,13:40,4.5
SCH-010-LSN-0080,SCH-010,TCH-00135,nysc_corper,Civic Education,JSS2A,ROOM-JSS2A,1,Tuesday,8:40,9:20,1,8:40,0
SCH-010-LSN-0081,SCH-010,TCH-00136,nysc_corper,Basic Science,JSS1B,ROOM-JSS1B,1,Tuesday,13:40,14:20,1,13:40,4.5
SCH-010-LSN-0082,SCH-010,TCH-00136,nysc_corper,Basic Science,JSS3A,ROOM-JSS3A,1,Monday,13:00,13:40,1,13:00,4.5
SCH-010-LSN-0083,SCH-010,TCH-00136,nysc_corper,Basic Science,JSS3B,ROOM-JSS3B,1,Tuesday,13:00,13:40,1,13:00,4.5
SCH-011-LSN-0001,SCH-011,TCH-00137,overworked_generalist,Basic Technology,SS1A,WORKSHOP-01,1,Thursday,11:40,14:20,4,11:40,1.48
SCH-011-LSN-0002,SCH-011,TCH-00137,overworked_generalist,Basic Technology,JSS1B,ROOM-JSS1B,0,Tuesday,8:40,11:20,4,8:40,1.48
SCH-011-LSN-0003,SCH-011,TCH-00137,overworked_generalist,Basic Technology,JSS2A,ROOM-JSS2A,0,Monday,10:40,13:40,4,10:40,1.42
SCH-011-LSN-0004,SCH-011,TCH-00137,overworked_generalist,PHE,SS1A,ROOM-SS1A,1,Friday,8:40,11:20,4,8:40,1.45
SCH-011-LSN-0005,SCH-011,TCH-00137,overworked_generalist,Basic Technology,JSS2B,ROOM-JSS2B,0,Wednesday,10:40,13:40,4,10:40,1.49
SCH-011-LSN-0006,SCH-011,TCH-00137,overworked_generalist,PHE,SS2B,ROOM-SS2B,1,Thursday,8:00,10:40,4,8:00,1.49
SCH-011-LSN-0007,SCH-011,TCH-00137,overworked_generalist,Basic Technology,JSS3B,ROOM-JSS3B,0,Wednesday,8:00,10:40,4,8:00,1.04
SCH-011-LSN-0008,SCH-011,TCH-00137,overworked_generalist,Basic Technology,JSS3B,ROOM-JSS3B,0,Tuesday,11:40,14:20,4,11:40,1.41
SCH-011-LSN-0009,SCH-011,TCH-00138,nysc_corper,Civic Education,JSS3B,ROOM-JSS3B,1,Monday,13:00,13:40,1,13:00,4.5
SCH-011-LSN-0010,SCH-011,TCH-00138,nysc_corper,Civic Education,JSS2B,ROOM-JSS2B,1,Monday,13:40,14:20,1,13:40,4.5
SCH-011-LSN-0011,SCH-011,TCH-00138,nysc_corper,Civic Education,JSS1B,ROOM-JSS1B,1,Tuesday,13:00,13:40,1,13:00,4.5
SCH-011-LSN-0012,SCH-011,TCH-00139,nysc_corper,Civic Education,JSS1B,ROOM-JSS1B,1,Monday,13:00,13:40,1,13:00,4.5
SCH-011-LSN-0013,SCH-011,TCH-00139,nysc_corper,Civic Education,JSS2B,ROOM-JSS2B,1,Tuesday,13:00,13:40,1,13:00,4.5
SCH-011-LSN-0014,SCH-011,TCH-00139,nysc_corper,Civic Education,JSS1B,ROOM-JSS1B,1,Monday,13:40,14:20,1,13:40,4.5
SCH-011-LSN-0015,SCH-011,TCH-00139,nysc_corper,Civic Education,JSS1A,ROOM-JSS1A,1,Tuesday,13:40,14:20,1,13:40,4.5
SCH-011-LSN-0016,SCH-011,TCH-00140,overworked_generalist,PHE,JSS1B,ROOM-JSS1B,1,Monday,8:40,12:20,5,8:40,1.42
SCH-011-LSN-0017,SCH-011,TCH-00140,overworked_generalist,Basic Technology,JSS1B,ROOM-JSS1B,0,Wednesday,8:40,12:20,5,8:40,1.48
SCH-011-LSN-0018,SCH-011,TCH-00140,overworked_generalist,CRS,JSS2A,ROOM-JSS2A,1,Tuesday,8:40,12:20,5,8:40,1.44
SCH-011-LSN-0019,SCH-011,TCH-00140,overworked_generalist,Basic Technology,JSS1B,ROOM-JSS1B,0,Thursday,10:40,14:20,5,10:40,1.33
SCH-011-LSN-0020,SCH-011,TCH-00140,overworked_generalist,PHE,JSS3A,ROOM-JSS3A,1,Friday,8:00,11:20,5,8:00,1.22
SCH-011-LSN-0021,SCH-011,TCH-00141,overworked_generalist,Basic Technology,JSS3A,ROOM-JSS3A,0,Wednesday,8:40,12:20,5,8:40,1.5
SCH-011-LSN-0022,SCH-011,TCH-00141,overworked_generalist,PHE,JSS1A,ROOM-JSS1A,1,Tuesday,10:00,13:40,5,10:00,1.34
SCH-011-LSN-0023,SCH-011,TCH-00141,overworked_generalist,PHE,SS1A,ROOM-SS1A,1,Monday,8:00,11:20,5,8:00,1.47
SCH-011-LSN-0024,SCH-011,TCH-00141,overworked_generalist,Basic Technology,JSS2B,ROOM-JSS2B,0,Thursday,8:40,12:20,5,8:40,1.48
SCH-011-LSN-0025,SCH-011,TCH-00141,overworked_generalist,Basic Technology,JSS1A,ROOM-JSS1A,0,Friday,8:40,12:20,5,8:40,1.34
SCH-011-LSN-0026,SCH-011,TCH-00142,overworked_generalist,PHE,SS3A,ROOM-SS3A,1,Tuesday,9:20,12:20,4,9:20,1.44
SCH-011-LSN-0027,SCH-011,TCH-00142,overworked_generalist,CRS,SS2B,ROOM-SS2B,1,Monday,10:40,13:40,4,10:40,1.44
SCH-011-LSN-0028,SCH-011,TCH-00142,overworked_generalist,PHE,JSS2B,ROOM-JSS2B,1,Wednesday,8:00,10:40,4,8:00,1.29
SCH-011-LSN-0029,SCH-011,TCH-00142,overworked_generalist,PHE,SS2B,ROOM-SS2B,1,Friday,8:40,11:20,4,8:40,1.3
SCH-011-LSN-0030,SCH-011,TCH-00143,veteran_staff_room_boss,Further Mathematics,SS1A,ROOM-SS1A,1,Tuesday,8:40,9:20,1,8:40,4
SCH-011-LSN-0031,SCH-011,TCH-00143,veteran_staff_room_boss,Further Mathematics,SS2A,ROOM-SS2A,1,Monday,8:40,9:20,1,8:40,4
SCH-011-LSN-0032,SCH-011,TCH-00143,veteran_staff_room_boss,Physics,SS3B,SCI-LAB-01,1,Monday,9:20,10:00,1,9:20,4
SCH-011-LSN-0033,SCH-011,TCH-00143,veteran_staff_room_boss,Physics,SS2B,SCI-LAB-01,1,Monday,10:00,10:40,1,10:00,4
SCH-011-LSN-0034,SCH-011,TCH-00143,veteran_staff_room_boss,Physics,SS1A,SCI-LAB-01,1,Tuesday,9:20,10:00,1,9:20,4
SCH-011-LSN-0035,SCH-011,TCH-00143,veteran_staff_room_boss,Physics,SS2B,SCI-LAB-01,1,Tuesday,10:00,10:40,1,10:00,4
SCH-011-LSN-0036,SCH-011,TCH-00144,overworked_generalist,PHE,JSS2B,ROOM-JSS2B,1,Friday,8:40,10:40,3,8:40,1.48
SCH-011-LSN-0037,SCH-011,TCH-00144,overworked_generalist,Basic Technology,SS2B,ROOM-SS2B,0,Wednesday,10:40,13:00,3,10:40,1.47
SCH-011-LSN-0038,SCH-011,TCH-00144,overworked_generalist,PHE,SS2A,ROOM-SS2A,1,Thursday,10:00,12:20,3,10:00,1.48
SCH-011-LSN-0039,SCH-011,TCH-00144,overworked_generalist,Basic Technology,SS1A,WORKSHOP-01,1,Tuesday,12:20,14:20,3,12:20,1.48
SCH-011-LSN-0040,SCH-011,TCH-00145,overworked_generalist,Basic Technology,SS1A,ROOM-SS1A,0,Thursday,8:40,10:40,3,8:40,1.41
SCH-011-LSN-0041,SCH-011,TCH-00145,overworked_generalist,Basic Technology,SS1A,ROOM-SS1A,0,Wednesday,10:00,12:20,3,10:00,1.38
SCH-011-LSN-0042,SCH-011,TCH-00145,overworked_generalist,PHE,SS2A,ROOM-SS2A,1,Friday,10:00,12:20,3,10:00,1.45
SCH-011-LSN-0043,SCH-011,TCH-00145,overworked_generalist,PHE,JSS2A,ROOM-JSS2A,1,Tuesday,12:20,14:20,3,12:20,1.43
SCH-011-LSN-0044,SCH-011,TCH-00145,overworked_generalist,PHE,JSS3A,ROOM-JSS3A,1,Tuesday,10:00,12:20,3,10:00,1.37
SCH-011-LSN-0045,SCH-011,TCH-00145,overworked_generalist,Basic Technology,JSS2A,ROOM-JSS2A,0,Monday,8:40,10:40,3,8:40,1.41
SCH-011-LSN-0046,SCH-011,TCH-00146,veteran_staff_room_boss,Biology,SS1B,SCI-LAB-01,1,Wednesday,8:40,10:00,2,8:40,4
SCH-011-LSN-0047,SCH-011,TCH-00146,veteran_staff_room_boss,Biology,SS2A,SCI-LAB-01,1,Wednesday,10:00,11:20,2,10:00,4
SCH-011-LSN-0048,SCH-011,TCH-00146,veteran_staff_room_boss,Biology,SS2A,SCI-LAB-01,1,Thursday,8:40,10:00,2,8:40,4
SCH-012-LSN-0001,SCH-012,TCH-00147,hustling_subject_specialist,Physics,SS1A,SCI-LAB-01,1,Tuesday,8:00,10:00,3,8:00,4
SCH-012-LSN-0002,SCH-012,TCH-00147,hustling_subject_specialist,Further Mathematics,SS1B,ROOM-SS1B,1,Tuesday,10:00,12:20,3,10:00,4
SCH-012-LSN-0003,SCH-012,TCH-00147,hustling_subject_specialist,Further Mathematics,SS1A,ROOM-SS1A,1,Thursday,8:00,10:00,3,8:00,4
SCH-012-LSN-0004,SCH-012,TCH-00147,hustling_subject_specialist,Further Mathematics,SS3B,ROOM-SS3B,1,Thursday,10:00,12:20,3,10:00,4
SCH-012-LSN-0005,SCH-012,TCH-00147,hustling_subject_specialist,Physics,SS2A,SCI-LAB-01,1,Tuesday,12:20,14:20,3,12:20,-4
SCH-012-LSN-0006,SCH-012,TCH-00147,hustling_subject_specialist,Physics,SS1B,SCI-LAB-01,1,Thursday,12:20,14:20,3,12:20,-4
SCH-012-LSN-0007,SCH-012,TCH-00148,overworked_generalist,PHE,JSS1B,ROOM-JSS1B,1,Thursday,8:40,12:20,5,8:40,1.45
SCH-012-LSN-0008,SCH-012,TCH-00148,overworked_generalist,PHE,SS1B,ROOM-SS1B,1,Monday,9:20,13:00,5,9:20,1.45
SCH-012-LSN-0009,SCH-012,TCH-00148,overworked_generalist,Basic Technology,JSS1B,ROOM-JSS1B,0,Wednesday,8:40,12:20,5,8:40,1.46
SCH-012-LSN-0010,SCH-012,TCH-00148,overworked_generalist,PHE,JSS1B,ROOM-JSS1B,1,Tuesday,10:00,13:40,5,10:00,1.48
SCH-012-LSN-0011,SCH-012,TCH-00148,overworked_generalist,Basic Technology,JSS2A,ROOM-JSS2A,0,Friday,8:40,12:20,5,8:40,1.03
SCH-012-LSN-0012,SCH-012,TCH-00149,hustling_subject_specialist,Physics,SS1A,SCI-LAB-01,1,Monday,8:00,10:00,3,8:00,4
SCH-012-LSN-0013,SCH-012,TCH-00149,hustling_subject_specialist,Physics,SS1A,SCI-LAB-01,1,Monday,10:00,12:20,3,10:00,4
SCH-012-LSN-0014,SCH-012,TCH-00150,overworked_generalist,CRS,SS1A,ROOM-SS1A,1,Wednesday,8:00,10:00,3,8:00,1.46
SCH-012-LSN-0015,SCH-012,TCH-00150,overworked_generalist,Basic Technology,JSS3B,WORKSHOP-01,1,Friday,9:20,11:20,3,9:20,1.49
SCH-012-LSN-0016,SCH-012,TCH-00150,overworked_generalist,Basic Technology,SS3A,ROOM-SS3A,0,Tuesday,10:00,12:20,3,10:00,1.44
SCH-012-LSN-0017,SCH-012,TCH-00150,overworked_generalist,PHE,JSS2A,ROOM-JSS2A,1,Wednesday,11:40,13:40,3,11:40,1.17
SCH-012-LSN-0018,SCH-012,TCH-00150,overworked_generalist,CRS,JSS2A,ROOM-JSS2A,1,Monday,10:00,12:20,3,10:00,1.5
SCH-012-LSN-0019,SCH-012,TCH-00150,overworked_generalist,PHE,JSS2B,ROOM-JSS2B,1,Thursday,8:00,10:00,3,8:00,1.39
SCH-012-LSN-0020,SCH-012,TCH-00150,overworked_generalist,CRS,JSS2B,ROOM-JSS2B,1,Monday,12:20,14:20,3,12:20,1.48
SCH-012-LSN-0021,SCH-012,TCH-00150,overworked_generalist,CRS,SS2B,ROOM-SS2B,1,Tuesday,12:20,14:20,3,12:20,1.32
SCH-012-LSN-0022,SCH-012,TCH-00150,overworked_generalist,Basic Technology,SS3B,ROOM-SS3B,0,Thursday,12:20,14:20,3,12:20,1.28
SCH-012-LSN-0023,SCH-012,TCH-00151,overworked_generalist,Basic Technology,SS1A,ROOM-SS1A,0,Tuesday,11:40,14:20,4,11:40,1.45
SCH-012-LSN-0024,SCH-012,TCH-00151,overworked_generalist,Basic Technology,JSS3A,WORKSHOP-01,1,Thursday,11:40,14:20,4,11:40,1.5
SCH-012-LSN-0025,SCH-012,TCH-00151,overworked_generalist,CRS,JSS1B,ROOM-JSS1B,1,Monday,8:00,10:40,4,8:00,1.46
SCH-012-LSN-0026,SCH-012,TCH-00151,overworked_generalist,Basic Technology,JSS2B,ROOM-JSS2B,0,Friday,8:40,11:20,4,8:40,1.41
SCH-012-LSN-0027,SCH-012,TCH-00152,overworked_generalist,PHE,SS1B,ROOM-SS1B,1,Thursday,8:40,12:20,5,8:40,1.37
SCH-012-LSN-0028,SCH-012,TCH-00152,overworked_generalist,CRS,SS2A,ROOM-SS2A,1,Wednesday,10:00,13:40,5,10:00,1.49
SCH-012-LSN-0029,SCH-012,TCH-00152,overworked_generalist,PHE,JSS2A,ROOM-JSS2A,1,Tuesday,10:40,14:20,5,10:40,1.32
SCH-012-LSN-0030,SCH-012,TCH-00152,overworked_generalist,CRS,SS2B,ROOM-SS2B,1,Monday,10:00,13:40,5,10:00,1.21
SCH-012-LSN-0031,SCH-012,TCH-00152,overworked_generalist,Basic Technology,SS1B,WORKSHOP-01,1,Friday,8:00,11:20,5,8:00,1.49
SCH-012-LSN-0032,SCH-012,TCH-00153,overworked_generalist,CRS,JSS1B,ROOM-JSS1B,1,Tuesday,8:00,10:00,3,8:00,1.44
SCH-012-LSN-0033,SCH-012,TCH-00153,overworked_generalist,CRS,SS2B,ROOM-SS2B,1,Friday,8:00,10:00,3,8:00,1.5
SCH-012-LSN-0034,SCH-012,TCH-00153,overworked_generalist,CRS,SS2A,ROOM-SS2A,1,Tuesday,10:00,12:20,3,10:00,1.48
SCH-012-LSN-0035,SCH-012,TCH-00153,overworked_generalist,PHE,SS3A,ROOM-SS3A,1,Monday,8:40,10:40,3,8:40,1.47
SCH-012-LSN-0036,SCH-012,TCH-00153,overworked_generalist,PHE,JSS1A,ROOM-JSS1A,1,Wednesday,12:20,14:20,3,12:20,1.5
SCH-012-LSN-0037,SCH-012,TCH-00153,overworked_generalist,CRS,JSS2A,ROOM-JSS2A,1,Wednesday,9:20,11:20,3,9:20,1.37
SCH-012-LSN-0038,SCH-012,TCH-00153,overworked_generalist,PHE,JSS2A,ROOM-JSS2A,1,Thursday,9:20,11:20,3,9:20,1.26
SCH-012-LSN-0039,SCH-012,TCH-00153,overworked_generalist,CRS,SS2B,ROOM-SS2B,1,Thursday,11:40,13:40,3,11:40,1.05
SCH-012-LSN-0040,SCH-012,TCH-00154,veteran_staff_room_boss,Physics,SS2B,SCI-LAB-01,1,Monday,8:40,9:20,1,8:40,4
SCH-012-LSN-0041,SCH-012,TCH-00154,veteran_staff_room_boss,Physics,SS1B,SCI-LAB-01,1,Tuesday,8:40,9:20,1,8:40,4
SCH-012-LSN-0042,SCH-012,TCH-00154,veteran_staff_room_boss,Physics,SS3A,SCI-LAB-01,1,Tuesday,9:20,10:00,1,9:20,4
SCH-012-LSN-0043,SCH-012,TCH-00154,veteran_staff_room_boss,Physics,SS1B,SCI-LAB-01,1,Wednesday,8:40,9:20,1,8:40,4
SCH-012-LSN-0044,SCH-012,TCH-00155,overworked_generalist,CRS,SS3A,ROOM-SS3A,1,Wednesday,10:00,13:40,5,10:00,1.48
SCH-012-LSN-0045,SCH-012,TCH-00155,overworked_generalist,CRS,SS3B,ROOM-SS3B,1,Friday,8:40,12:20,5,8:40,1.39
SCH-012-LSN-0046,SCH-012,TCH-00155,overworked_generalist,Basic Technology,JSS3A,ROOM-JSS3A,0,Tuesday,10:00,13:40,5,10:00,1.37
SCH-012-LSN-0047,SCH-012,TCH-00155,overworked_generalist,PHE,JSS1B,ROOM-JSS1B,1,Monday,10:40,14:20,5,10:40,1.36
SCH-012-LSN-0048,SCH-012,TCH-00155,overworked_generalist,PHE,JSS3B,ROOM-JSS3B,1,Thursday,10:00,13:40,5,10:00,1.03
SCH-012-LSN-0049,SCH-012,TCH-00156,nysc_corper,Civic Education,JSS2A,ROOM-JSS2A,1,Monday,13:00,13:40,1,13:00,4.5
SCH-012-LSN-0050,SCH-012,TCH-00156,nysc_corper,Civic Education,JSS3B,ROOM-JSS3B,1,Monday,13:40,14:20,1,13:40,4.5
SCH-012-LSN-0051,SCH-012,TCH-00156,nysc_corper,Civic Education,JSS3A,ROOM-JSS3A,1,Tuesday,13:40,14:20,1,13:40,4.5
SCH-012-LSN-0052,SCH-012,TCH-00157,veteran_staff_room_boss,Biology,SS1A,SCI-LAB-01,1,Tuesday,10:00,10:40,1,10:00,4
SCH-012-LSN-0053,SCH-012,TCH-00157,veteran_staff_room_boss,Chemistry,SS1B,SCI-LAB-01,1,Wednesday,9:20,10:00,1,9:20,4
SCH-012-LSN-0054,SCH-012,TCH-00157,veteran_staff_room_boss,Biology,SS1A,SCI-LAB-01,1,Wednesday,10:00,10:40,1,10:00,4
SCH-012-LSN-0055,SCH-012,TCH-00157,veteran_staff_room_boss,Chemistry,SS3B,SCI-LAB-01,1,Thursday,8:40,9:20,1,8:40,4
SCH-012-LSN-0056,SCH-012,TCH-00157,veteran_staff_room_boss,Chemistry,SS3B,SCI-LAB-01,1,Thursday,9:20,10:00,1,9:20,4
SCH-012-LSN-0057,SCH-012,TCH-00157,veteran_staff_room_boss,Chemistry,SS3B,SCI-LAB-01,1,Tuesday,10:40,11:20,1,10:40,0
SCH-012-LSN-0058,SCH-012,TCH-00157,veteran_staff_room_boss,Biology,SS2B,SCI-LAB-01,1,Thursday,10:00,10:40,1,10:00,4
SCH-012-LSN-0059,SCH-012,TCH-00157,veteran_staff_room_boss,Chemistry,SS2A,SCI-LAB-01,1,Friday,8:40,9:20,1,8:40,4
SCH-012-LSN-0060,SCH-012,TCH-00158,veteran_staff_room_boss,Physics,SS3A,SCI-LAB-01,1,Tuesday,8:40,9:20,1,8:40,4
SCH-012-LSN-0061,SCH-012,TCH-00158,veteran_staff_room_boss,Physics,SS2A,SCI-LAB-01,1,Monday,8:40,9:20,1,8:40,4
SCH-012-LSN-0062,SCH-012,TCH-00158,veteran_staff_room_boss,Physics,SS2A,SCI-LAB-01,1,Monday,9:20,10:00,1,9:20,4
SCH-012-LSN-0063,SCH-012,TCH-00158,veteran_staff_room_boss,Physics,SS2A,SCI-LAB-01,1,Monday,10:00,10:40,1,10:00,4
SCH-012-LSN-0064,SCH-012,TCH-00159,overworked_generalist,PHE,JSS3B,ROOM-JSS3B,1,Monday,8:40,10:40,3,8:40,1.5
SCH-012-LSN-0065,SCH-012,TCH-00159,overworked_generalist,CRS,JSS2B,ROOM-JSS2B,1,Tuesday,8:40,10:40,3,8:40,1.49
SCH-012-LSN-0066,SCH-012,TCH-00159,overworked_generalist,Basic Technology,JSS2B,WORKSHOP-01,1,Tuesday,12:20,14:20,3,12:20,1.39
SCH-012-LSN-0067,SCH-012,TCH-00159,overworked_generalist,PHE,SS1A,ROOM-SS1A,1,Monday,12:20,14:20,3,12:20,1.46
SCH-012-LSN-0068,SCH-012,TCH-00159,overworked_generalist,PHE,SS1B,ROOM-SS1B,1,Wednesday,10:40,13:00,3,10:40,1.32
SCH-012-LSN-0069,SCH-012,TCH-00159,overworked_generalist,CRS,JSS2A,ROOM-JSS2A,1,Thursday,12:20,14:20,3,12:20,0.79
SCH-012-LSN-0070,SCH-012,TCH-00160,nysc_corper,Basic Science,JSS1B,ROOM-JSS1B,1,Tuesday,13:40,14:20,1,13:40,4.5
SCH-012-LSN-0071,SCH-012,TCH-00160,nysc_corper,Basic Science,JSS3A,ROOM-JSS3A,1,Monday,13:00,13:40,1,13:00,4.5
SCH-013-LSN-0001,SCH-013,TCH-00161,overworked_generalist,Basic Technology,JSS3A,WORKSHOP-01,1,Monday,8:40,10:40,3,8:40,1.48
SCH-013-LSN-0002,SCH-013,TCH-00161,overworked_generalist,CRS,SS2A,ROOM-SS2A,1,Friday,9:20,11:20,3,9:20,1.47
SCH-013-LSN-0003,SCH-013,TCH-00161,overworked_generalist,Basic Technology,SS3A,ROOM-SS3A,0,Thursday,9:20,11:20,3,9:20,1.46
SCH-013-LSN-0004,SCH-013,TCH-00161,overworked_generalist,Basic Technology,SS2A,ROOM-SS2A,0,Tuesday,8:40,10:40,3,8:40,1.49
SCH-013-LSN-0005,SCH-013,TCH-00161,overworked_generalist,Basic Technology,SS2B,ROOM-SS2B,0,Wednesday,10:40,13:00,3,10:40,1.48
SCH-013-LSN-0006,SCH-013,TCH-00161,overworked_generalist,Basic Technology,JSS3A,ROOM-JSS3A,0,Wednesday,8:40,10:40,3,8:40,1.43
SCH-013-LSN-0007,SCH-013,TCH-00162,nysc_corper,Basic Science,JSS2A,ROOM-JSS2A,1,Tuesday,13:00,13:40,1,13:00,4.5
SCH-013-LSN-0008,SCH-013,TCH-00162,nysc_corper,Basic Science,JSS1A,ROOM-JSS1A,1,Tuesday,13:40,14:20,1,13:40,4.5
SCH-013-LSN-0009,SCH-013,TCH-00162,nysc_corper,Basic Science,JSS1A,ROOM-JSS1A,1,Wednesday,13:00,13:40,1,13:00,4.5
SCH-013-LSN-0010,SCH-013,TCH-00162,nysc_corper,Basic Science,JSS1A,ROOM-JSS1A,1,Wednesday,13:40,14:20,1,13:40,4.5
SCH-013-LSN-0011,SCH-013,TCH-00162,nysc_corper,Civic Education,JSS1A,ROOM-JSS1A,1,Thursday,13:00,13:40,1,13:00,4.5
SCH-013-LSN-0012,SCH-013,TCH-00162,nysc_corper,Basic Science,JSS2A,ROOM-JSS2A,1,Thursday,13:40,14:20,1,13:40,4.5
SCH-013-LSN-0013,SCH-013,TCH-00162,nysc_corper,Civic Education,JSS3A,ROOM-JSS3A,1,Tuesday,8:00,8:40,1,8:00,0
SCH-013-LSN-0014,SCH-013,TCH-00162,nysc_corper,Basic Science,JSS1A,ROOM-JSS1A,1,Tuesday,8:40,9:20,1,8:40,0
SCH-013-LSN-0015,SCH-013,TCH-00163,overworked_generalist,PHE,SS3B,ROOM-SS3B,1,Friday,8:40,11:20,4,8:40,1.43
SCH-013-LSN-0016,SCH-013,TCH-00163,overworked_generalist,PHE,JSS3A,ROOM-JSS3A,1,Tuesday,10:40,13:40,4,10:40,1.5
SCH-013-LSN-0017,SCH-013,TCH-00163,overworked_generalist,Basic Technology,SS2A,ROOM-SS2A,0,Monday,10:40,13:40,4,10:40,1.43
SCH-013-LSN-0018,SCH-013,TCH-00163,overworked_generalist,Basic Technology,JSS1B,ROOM-JSS1B,0,Thursday,9:20,12:20,4,9:20,1.44
SCH-013-LSN-0019,SCH-013,TCH-00163,overworked_generalist,CRS,SS2B,ROOM-SS2B,1,Monday,8:00,10:40,4,8:00,0.79
SCH-013-LSN-0020,SCH-013,TCH-00163,overworked_generalist,Basic Technology,SS1A,WORKSHOP-01,1,Wednesday,10:40,13:40,4,10:40,1.34
SCH-013-LSN-0021,SCH-013,TCH-00163,overworked_generalist,Basic Technology,JSS1B,WORKSHOP-01,1,Wednesday,8:00,10:40,4,8:00,1.24
SCH-013-LSN-0022,SCH-013,TCH-00163,overworked_generalist,PHE,JSS2B,ROOM-JSS2B,1,Tuesday,8:00,10:40,4,8:00,1.24
SCH-013-LSN-0023,SCH-013,TCH-00164,overworked_generalist,PHE,SS1B,ROOM-SS1B,1,Monday,8:00,10:00,3,8:00,1.49
SCH-013-LSN-0024,SCH-013,TCH-00164,overworked_generalist,Basic Technology,SS2B,ROOM-SS2B,0,Monday,11:40,13:40,3,11:40,1.49
SCH-013-LSN-0025,SCH-013,TCH-00164,overworked_generalist,CRS,SS1B,ROOM-SS1B,1,Tuesday,8:40,10:40,3,8:40,1.48
SCH-013-LSN-0026,SCH-013,TCH-00164,overworked_generalist,Basic Technology,SS1B,ROOM-SS1B,0,Wednesday,8:00,10:00,3,8:00,1.49
SCH-013-LSN-0027,SCH-013,TCH-00164,overworked_generalist,Basic Technology,SS1A,ROOM-SS1A,0,Thursday,12:20,14:20,3,12:20,1.48
SCH-013-LSN-0028,SCH-013,TCH-00164,overworked_generalist,Basic Technology,SS2B,ROOM-SS2B,0,Tuesday,12:20,14:20,3,12:20,1.34
SCH-013-LSN-0029,SCH-013,TCH-00165,hustling_subject_specialist,Economics,SS1B,ROOM-SS1B,1,Tuesday,10:40,13:00,3,10:40,4
SCH-013-LSN-0030,SCH-013,TCH-00165,hustling_subject_specialist,Economics,SS1B,ROOM-SS1B,1,Thursday,8:00,10:00,3,8:00,4
SCH-013-LSN-0031,SCH-013,TCH-00165,hustling_subject_specialist,Economics,SS2B,ROOM-SS2B,1,Tuesday,8:00,10:00,3,8:00,4
SCH-013-LSN-0032,SCH-013,TCH-00166,veteran_staff_room_boss,Biology,SS1A,SCI-LAB-01,1,Monday,8:40,10:00,2,8:40,4
SCH-013-LSN-0033,SCH-013,TCH-00166,veteran_staff_room_boss,Biology,SS2B,SCI-LAB-01,1,Tuesday,10:00,11:20,2,10:00,4
SCH-013-LSN-0034,SCH-013,TCH-00166,veteran_staff_room_boss,Chemistry,SS3A,SCI-LAB-01,1,Monday,10:00,11:20,2,10:00,4
SCH-013-LSN-0035,SCH-013,TCH-00166,veteran_staff_room_boss,Biology,SS1A,SCI-LAB-01,1,Wednesday,8:40,10:00,2,8:40,4
SCH-013-LSN-0036,SCH-013,TCH-00166,veteran_staff_room_boss,Biology,SS3A,SCI-LAB-01,1,Wednesday,10:00,11:20,2,10:00,4
SCH-013-LSN-0037,SCH-013,TCH-00166,veteran_staff_room_boss,Chemistry,SS2B,SCI-LAB-01,1,Thursday,8:40,10:00,2,8:40,4
SCH-013-LSN-0038,SCH-013,TCH-00166,veteran_staff_room_boss,Chemistry,SS1A,SCI-LAB-01,1,Thursday,10:00,11:20,2,10:00,4
SCH-013-LSN-0039,SCH-013,TCH-00166,veteran_staff_room_boss,Chemistry,SS3A,SCI-LAB-01,1,Friday,8:40,10:00,2,8:40,4
SCH-013-LSN-0040,SCH-013,TCH-00167,nysc_corper,Basic Science,JSS1B,ROOM-JSS1B,1,Tuesday,13:00,13:40,1,13:00,4.5
SCH-013-LSN-0041,SCH-013,TCH-00167,nysc_corper,Basic Science,JSS3B,ROOM-JSS3B,1,Tuesday,13:40,14:20,1,13:40,4.5
SCH-013-LSN-0042,SCH-013,TCH-00167,nysc_corper,Basic Science,JSS3A,ROOM-JSS3A,1,Wednesday,13:00,13:40,1,13:00,4.5
SCH-013-LSN-0043,SCH-013,TCH-00167,nysc_corper,Civic Education,JSS2B,ROOM-JSS2B,1,Wednesday,13:40,14:20,1,13:40,4.5
SCH-013-LSN-0044,SCH-013,TCH-00167,nysc_corper,Basic Science,JSS3B,ROOM-JSS3B,1,Thursday,13:00,13:40,1,13:00,4.5
SCH-013-LSN-0045,SCH-013,TCH-00167,nysc_corper,Civic Education,JSS2B,ROOM-JSS2B,1,Thursday,13:40,14:20,1,13:40,4.5
SCH-013-LSN-0046,SCH-013,TCH-00167,nysc_corper,Civic Education,JSS1A,ROOM-JSS1A,1,Tuesday,8:00,8:40,1,8:00,0
SCH-013-LSN-0047,SCH-013,TCH-00167,nysc_corper,Basic Science,JSS1B,ROOM-JSS1B,1,Tuesday,8:40,9:20,1,8:40,0
SCH-013-LSN-0048,SCH-013,TCH-00168,hustling_subject_specialist,Physics,SS3A,ROOM-SS3A,0,Wednesday,8:00,9:20,2,8:00,4
SCH-013-LSN-0049,SCH-013,TCH-00168,hustling_subject_specialist,Economics,SS2B,ROOM-SS2B,1,Wednesday,9:20,10:40,2,9:20,4
SCH-013-LSN-0050,SCH-013,TCH-00168,hustling_subject_specialist,Physics,SS1B,ROOM-SS1B,0,Thursday,10:40,12:20,2,10:40,4
SCH-013-LSN-0051,SCH-013,TCH-00168,hustling_subject_specialist,Physics,SS3B,SCI-LAB-01,1,Wednesday,11:40,13:00,2,11:40,0
SCH-013-LSN-0052,SCH-013,TCH-00169,overworked_generalist,Basic Technology,JSS2A,ROOM-JSS2A,0,Thursday,8:40,11:20,4,8:40,1.41
SCH-013-LSN-0053,SCH-013,TCH-00169,overworked_generalist,Basic Technology,SS1A,WORKSHOP-01,1,Friday,8:40,11:20,4,8:40,1.45
SCH-013-LSN-0054,SCH-013,TCH-00169,overworked_generalist,CRS,SS1A,ROOM-SS1A,1,Monday,10:40,13:40,4,10:40,1.4
SCH-013-LSN-0055,SCH-013,TCH-00169,overworked_generalist,PHE,SS1B,ROOM-SS1B,1,Wednesday,10:00,13:00,4,10:00,1.44
SCH-013-LSN-0056,SCH-013,TCH-00169,overworked_generalist,PHE,JSS1B,ROOM-JSS1B,1,Monday,8:00,10:40,4,8:00,1.5
SCH-013-LSN-0057,SCH-013,TCH-00169,overworked_generalist,CRS,SS1A,ROOM-SS1A,1,Tuesday,8:40,11:20,4,8:40,1.2
SCH-013-LSN-0058,SCH-013,TCH-00170,nysc_corper,Civic Education,JSS1B,ROOM-JSS1B,1,Monday,13:00,13:40,1,13:00,4.5
SCH-013-LSN-0059,SCH-013,TCH-00170,nysc_corper,Basic Science,JSS1B,ROOM-JSS1B,1,Monday,13:40,14:20,1,13:40,4.5
SCH-013-LSN-0060,SCH-013,TCH-00170,nysc_corper,Basic Science,JSS3B,ROOM-JSS3B,1,Tuesday,13:00,13:40,1,13:00,4.5
SCH-013-LSN-0061,SCH-013,TCH-00170,nysc_corper,Civic Education,JSS1A,ROOM-JSS1A,1,Thursday,13:40,14:20,1,13:40,4.5
SCH-013-LSN-0062,SCH-013,TCH-00171,overworked_generalist,CRS,JSS1B,ROOM-JSS1B,1,Friday,8:00,10:00,3,8:00,1.5
SCH-013-LSN-0063,SCH-013,TCH-00171,overworked_generalist,CRS,JSS1B,ROOM-JSS1B,1,Tuesday,9:20,11:20,3,9:20,1.49
SCH-013-LSN-0064,SCH-013,TCH-00171,overworked_generalist,CRS,SS3B,ROOM-SS3B,1,Monday,11:40,13:40,3,11:40,1.49
SCH-013-LSN-0065,SCH-013,TCH-00171,overworked_generalist,CRS,JSS2B,ROOM-JSS2B,1,Thursday,11:40,13:40,3,11:40,1.47
SCH-013-LSN-0066,SCH-013,TCH-00172,hustling_subject_specialist,Physics,SS1A,SCI-LAB-01,1,Tuesday,11:40,13:40,3,11:40,0
SCH-013-LSN-0067,SCH-013,TCH-00173,hustling_subject_specialist,Economics,SS2B,ROOM-SS2B,1,Wednesday,8:00,9:20,2,8:00,4
SCH-013-LSN-0068,SCH-013,TCH-00173,hustling_subject_specialist,Economics,SS3B,ROOM-SS3B,1,Tuesday,8:00,9:20,2,8:00,4
SCH-013-LSN-0069,SCH-013,TCH-00174,veteran_staff_room_boss,Further Mathematics,SS2A,ROOM-SS2A,1,Monday,8:40,9:20,1,8:40,4
SCH-013-LSN-0070,SCH-013,TCH-00174,veteran_staff_room_boss,Physics,SS3A,SCI-LAB-01,1,Tuesday,8:40,9:20,1,8:40,4
SCH-013-LSN-0071,SCH-013,TCH-00174,veteran_staff_room_boss,Further Mathematics,SS3A,ROOM-SS3A,1,Monday,9:20,10:00,1,9:20,4
SCH-013-LSN-0072,SCH-013,TCH-00174,veteran_staff_room_boss,Further Mathematics,SS2B,ROOM-SS2B,1,Thursday,10:00,10:40,1,10:00,4
SCH-013-LSN-0073,SCH-013,TCH-00174,veteran_staff_room_boss,Physics,SS2B,SCI-LAB-01,1,Friday,10:00,10:40,1,10:00,4
SCH-013-LSN-0074,SCH-013,TCH-00174,veteran_staff_room_boss,Physics,SS1A,SCI-LAB-01,1,Wednesday,8:00,8:40,1,8:00,0
SCH-014-LSN-0001,SCH-014,TCH-00175,nysc_corper,Basic Science,JSS1A,ROOM-JSS1A,1,Monday,13:00,13:40,1,13:00,4.5
SCH-014-LSN-0002,SCH-014,TCH-00175,nysc_corper,Basic Science,JSS3B,ROOM-JSS3B,1,Monday,13:40,14:20,1,13:40,4.5
SCH-014-LSN-0003,SCH-014,TCH-00175,nysc_corper,Civic Education,JSS2A,ROOM-JSS2A,1,Tuesday,13:00,13:40,1,13:00,4.5
SCH-014-LSN-0004,SCH-014,TCH-00175,nysc_corper,Basic Science,JSS2A,ROOM-JSS2A,1,Tuesday,13:40,14:20,1,13:40,4.5
SCH-014-LSN-0005,SCH-014,TCH-00176,overworked_generalist,Basic Technology,JSS1B,ROOM-JSS1B,0,Monday,9:20,12:20,4,9:20,1.49
SCH-014-LSN-0006,SCH-014,TCH-00176,overworked_generalist,CRS,SS2A,ROOM-SS2A,1,Wednesday,11:40,14:20,4,11:40,1.39
SCH-014-LSN-0007,SCH-014,TCH-00176,overworked_generalist,Basic Technology,SS3B,ROOM-SS3B,0,Wednesday,8:00,10:40,4,8:00,1.37
SCH-014-LSN-0008,SCH-014,TCH-00176,overworked_generalist,Basic Technology,SS2A,ROOM-SS2A,0,Thursday,11:40,14:20,4,11:40,1.48
SCH-014-LSN-0009,SCH-014,TCH-00176,overworked_generalist,PHE,JSS3A,ROOM-JSS3A,1,Tuesday,11:40,14:20,4,11:40,1.45
SCH-014-LSN-0010,SCH-014,TCH-00176,overworked_generalist,CRS,JSS3A,ROOM-JSS3A,1,Tuesday,8:40,11:20,4,8:40,1.27
SCH-014-LSN-0011,SCH-014,TCH-00176,overworked_generalist,Basic Technology,JSS3A,ROOM-JSS3A,0,Friday,8:40,11:20,4,8:40,1.36
SCH-014-LSN-0012,SCH-014,TCH-00176,overworked_generalist,Basic Technology,SS3A,ROOM-SS3A,0,Thursday,8:40,11:20,4,8:40,1.17
SCH-014-LSN-0013,SCH-014,TCH-00177,overworked_generalist,CRS,SS1A,ROOM-SS1A,1,Friday,8:00,10:00,3,8:00,1.48
SCH-014-LSN-0014,SCH-014,TCH-00177,overworked_generalist,PHE,SS2B,ROOM-SS2B,1,Thursday,8:40,10:40,3,8:40,1.48
SCH-014-LSN-0015,SCH-014,TCH-00177,overworked_generalist,PHE,SS1A,ROOM-SS1A,1,Thursday,10:40,13:00,3,10:40,1.49
SCH-014-LSN-0016,SCH-014,TCH-00177,overworked_generalist,Basic Technology,SS2A,ROOM-SS2A,0,Friday,10:00,12:20,3,10:00,1.5
SCH-014-LSN-0017,SCH-014,TCH-00177,overworked_generalist,PHE,SS2B,ROOM-SS2B,1,Tuesday,12:20,14:20,3,12:20,1.45
SCH-014-LSN-0018,SCH-014,TCH-00177,overworked_generalist,Basic Technology,JSS2A,ROOM-JSS2A,0,Monday,11:40,13:40,3,11:40,1.47
SCH-014-LSN-0019,SCH-014,TCH-00177,overworked_generalist,PHE,JSS1A,ROOM-JSS1A,1,Wednesday,11:40,13:40,3,11:40,1.45
SCH-014-LSN-0020,SCH-014,TCH-00177,overworked_generalist,PHE,SS3A,ROOM-SS3A,1,Tuesday,8:40,10:40,3,8:40,1.41
SCH-014-LSN-0021,SCH-014,TCH-00177,overworked_generalist,PHE,JSS3A,ROOM-JSS3A,1,Monday,8:40,10:40,3,8:40,1.24
SCH-014-LSN-0022,SCH-014,TCH-00177,overworked_generalist,CRS,JSS2A,ROOM-JSS2A,1,Wednesday,8:00,10:00,3,8:00,1.41
SCH-014-LSN-0023,SCH-014,TCH-00178,hustling_subject_specialist,Further Mathematics,SS3A,ROOM-SS3A,1,Wednesday,8:00,10:00,3,8:00,4
SCH-014-LSN-0024,SCH-014,TCH-00178,hustling_subject_specialist,Further Mathematics,SS3B,ROOM-SS3B,1,Wednesday,10:40,13:00,3,10:40,4
SCH-014-LSN-0025,SCH-014,TCH-00178,hustling_subject_specialist,Further Mathematics,SS2A,ROOM-SS2A,1,Thursday,8:00,10:00,3,8:00,4
SCH-014-LSN-0026,SCH-014,TCH-00179,overworked_generalist,Basic Technology,JSS3A,ROOM-JSS3A,0,Wednesday,8:40,11:20,4,8:40,1.45
SCH-014-LSN-0027,SCH-014,TCH-00179,overworked_generalist,Basic Technology,SS1B,WORKSHOP-01,1,Friday,9:20,12:20,4,9:20,1.47
SCH-014-LSN-0028,SCH-014,TCH-00179,overworked_generalist,CRS,JSS2B,ROOM-JSS2B,1,Monday,8:00,10:40,4,8:00,1.47
SCH-014-LSN-0029,SCH-014,TCH-00179,overworked_generalist,CRS,SS1A,ROOM-SS1A,1,Monday,10:40,13:40,4,10:40,1.22
SCH-014-LSN-0030,SCH-014,TCH-00180,overworked_generalist,Basic Technology,JSS3B,ROOM-JSS3B,0,Friday,8:40,12:20,5,8:40,1.46
SCH-014-LSN-0031,SCH-014,TCH-00180,overworked_generalist,CRS,SS3B,ROOM-SS3B,1,Thursday,9:20,13:00,5,9:20,1.41
SCH-014-LSN-0032,SCH-014,TCH-00180,overworked_generalist,CRS,SS3B,ROOM-SS3B,1,Tuesday,10:00,13:40,5,10:00,1.44
SCH-014-LSN-0033,SCH-014,TCH-00180,overworked_generalist,CRS,JSS2A,ROOM-JSS2A,1,Wednesday,10:40,14:20,5,10:40,1.47
SCH-014-LSN-0034,SCH-014,TCH-00180,overworked_generalist,PHE,SS1B,ROOM-SS1B,1,Monday,8:00,11:20,5,8:00,0.88
SCH-014-LSN-0035,SCH-014,TCH-00181,veteran_staff_room_boss,Further Mathematics,SS1B,ROOM-SS1B,1,Tuesday,8:40,10:00,2,8:40,4
SCH-014-LSN-0036,SCH-014,TCH-00181,veteran_staff_room_boss,Physics,SS3B,SCI-LAB-01,1,Monday,8:40,10:00,2,8:40,4
SCH-014-LSN-0037,SCH-014,TCH-00181,veteran_staff_room_boss,Further Mathematics,SS1A,ROOM-SS1A,1,Tuesday,10:00,11:20,2,10:00,4
SCH-014-LSN-0038,SCH-014,TCH-00181,veteran_staff_room_boss,Physics,SS3B,SCI-LAB-01,1,Monday,10:00,11:20,2,10:00,4
SCH-014-LSN-0039,SCH-014,TCH-00182,veteran_staff_room_boss,Further Mathematics,SS2A,ROOM-SS2A,1,Monday,8:40,9:20,1,8:40,4
SCH-014-LSN-0040,SCH-014,TCH-00182,veteran_staff_room_boss,Chemistry,SS1A,SCI-LAB-01,1,Tuesday,8:40,9:20,1,8:40,4
SCH-014-LSN-0041,SCH-014,TCH-00182,veteran_staff_room_boss,Further Mathematics,SS1B,ROOM-SS1B,1,Tuesday,10:00,10:40,1,10:00,4
SCH-014-LSN-0042,SCH-014,TCH-00182,veteran_staff_room_boss,Further Mathematics,SS3A,ROOM-SS3A,1,Monday,9:20,10:00,1,9:20,4
SCH-014-LSN-0043,SCH-014,TCH-00183,veteran_staff_room_boss,Further Mathematics,SS1A,ROOM-SS1A,1,Monday,8:40,10:00,2,8:40,4
SCH-014-LSN-0044,SCH-014,TCH-00183,veteran_staff_room_boss,Further Mathematics,SS3A,ROOM-SS3A,1,Monday,10:00,11:20,2,10:00,4
SCH-014-LSN-0045,SCH-014,TCH-00183,veteran_staff_room_boss,Further Mathematics,SS3B,ROOM-SS3B,1,Tuesday,8:40,10:00,2,8:40,4
SCH-014-LSN-0046,SCH-014,TCH-00183,veteran_staff_room_boss,Chemistry,SS1A,SCI-LAB-01,1,Wednesday,8:40,10:00,2,8:40,4
SCH-014-LSN-0047,SCH-014,TCH-00183,veteran_staff_room_boss,Further Mathematics,SS3A,ROOM-SS3A,1,Wednesday,10:00,11:20,2,10:00,4
SCH-014-LSN-0048,SCH-014,TCH-00183,veteran_staff_room_boss,Chemistry,SS2A,SCI-LAB-01,1,Tuesday,10:00,11:20,2,10:00,4
SCH-014-LSN-0049,SCH-014,TCH-00183,veteran_staff_room_boss,Further Mathematics,SS3B,ROOM-SS3B,1,Friday,8:40,10:00,2,8:40,4
SCH-014-LSN-0050,SCH-014,TCH-00183,veteran_staff_room_boss,Chemistry,SS1B,SCI-LAB-01,1,Thursday,8:40,10:00,2,8:40,4
SCH-014-LSN-0051,SCH-014,TCH-00184,nysc_corper,Civic Education,JSS1A,ROOM-JSS1A,1,Monday,13:40,14:20,1,13:40,4.5
SCH-014-LSN-0052,SCH-014,TCH-00184,nysc_corper,Civic Education,JSS2B,ROOM-JSS2B,1,Monday,13:00,13:40,1,13:00,4.5
SCH-014-LSN-0053,SCH-014,TCH-00184,nysc_corper,Civic Education,JSS2B,ROOM-JSS2B,1,Wednesday,13:00,13:40,1,13:00,4.5
SCH-014-LSN-0054,SCH-014,TCH-00185,nysc_corper,Basic Science,JSS1B,ROOM-JSS1B,1,Monday,13:00,13:40,1,13:00,4.5
SCH-014-LSN-0055,SCH-014,TCH-00185,nysc_corper,Basic Science,JSS2A,ROOM-JSS2A,1,Monday,13:40,14:20,1,13:40,4.5
SCH-014-LSN-0056,SCH-014,TCH-00185,nysc_corper,Civic Education,JSS1B,ROOM-JSS1B,1,Tuesday,13:00,13:40,1,13:00,4.5
SCH-014-LSN-0057,SCH-014,TCH-00185,nysc_corper,Basic Science,JSS2B,ROOM-JSS2B,1,Tuesday,13:40,14:20,1,13:40,4.5
SCH-014-LSN-0058,SCH-014,TCH-00185,nysc_corper,Civic Education,JSS3B,ROOM-JSS3B,1,Wednesday,13:00,13:40,1,13:00,4.5
SCH-014-LSN-0059,SCH-014,TCH-00185,nysc_corper,Basic Science,JSS3B,ROOM-JSS3B,1,Wednesday,13:40,14:20,1,13:40,4.5
SCH-014-LSN-0060,SCH-014,TCH-00186,veteran_staff_room_boss,Physics,SS3B,SCI-LAB-01,1,Friday,10:00,11:20,2,10:00,4
SCH-014-LSN-0061,SCH-014,TCH-00186,veteran_staff_room_boss,Further Mathematics,SS2A,ROOM-SS2A,1,Monday,9:20,10:40,2,9:20,4
SCH-014-LSN-0062,SCH-014,TCH-00186,veteran_staff_room_boss,Physics,SS1B,SCI-LAB-01,1,Wednesday,10:00,11:20,2,10:00,4
SCH-014-LSN-0063,SCH-014,TCH-00186,veteran_staff_room_boss,Physics,SS1B,SCI-LAB-01,1,Thursday,10:00,11:20,2,10:00,4
SCH-014-LSN-0064,SCH-014,TCH-00186,veteran_staff_room_boss,Physics,SS1B,SCI-LAB-01,1,Monday,11:40,13:00,2,11:40,0
SCH-014-LSN-0065,SCH-014,TCH-00186,veteran_staff_room_boss,Physics,SS2A,SCI-LAB-01,1,Tuesday,11:40,13:00,2,11:40,0
SCH-014-LSN-0066,SCH-014,TCH-00187,hustling_subject_specialist,Physics,SS1A,SCI-LAB-01,1,Wednesday,10:00,11:20,2,10:00,4
SCH-014-LSN-0067,SCH-014,TCH-00187,hustling_subject_specialist,Physics,SS2A,SCI-LAB-01,1,Tuesday,13:00,14:20,2,13:00,-4
SCH-014-LSN-0068,SCH-014,TCH-00187,hustling_subject_specialist,Physics,SS1B,SCI-LAB-01,1,Tuesday,11:40,13:00,2,11:40,0
SCH-014-LSN-0069,SCH-014,TCH-00187,hustling_subject_specialist,Physics,SS3B,SCI-LAB-01,1,Wednesday,13:00,14:20,2,13:00,-4
SCH-014-LSN-0070,SCH-014,TCH-00188,nysc_corper,Civic Education,JSS1A,ROOM-JSS1A,1,Tuesday,13:00,13:40,1,13:00,4.5
SCH-014-LSN-0071,SCH-014,TCH-00188,nysc_corper,Civic Education,JSS2B,ROOM-JSS2B,1,Monday,13:40,14:20,1,13:40,4.5
SCH-014-LSN-0072,SCH-014,TCH-00189,overworked_generalist,Basic Technology,SS3A,ROOM-SS3A,0,Friday,9:20,11:20,3,9:20,1.49
SCH-014-LSN-0073,SCH-014,TCH-00189,overworked_generalist,CRS,SS3A,ROOM-SS3A,1,Wednesday,11:40,13:40,3,11:40,1.46
SCH-014-LSN-0074,SCH-014,TCH-00189,overworked_generalist,Basic Technology,SS1B,ROOM-SS1B,0,Thursday,11:40,13:40,3,11:40,1.16
SCH-014-LSN-0075,SCH-014,TCH-00189,overworked_generalist,PHE,SS2A,ROOM-SS2A,1,Monday,10:40,13:00,3,10:40,1.46
SCH-014-LSN-0076,SCH-014,TCH-00189,overworked_generalist,CRS,SS1A,ROOM-SS1A,1,Thursday,8:00,10:00,3,8:00,1.47
SCH-014-LSN-0077,SCH-014,TCH-00189,overworked_generalist,Basic Technology,SS2A,WORKSHOP-01,1,Wednesday,8:00,10:00,3,8:00,1.33
SCH-014-LSN-0078,SCH-014,TCH-00190,nysc_corper,Basic Science,JSS1A,ROOM-JSS1A,1,Wednesday,13:40,14:20,1,13:40,4.5
SCH-014-LSN-0079,SCH-014,TCH-00190,nysc_corper,Basic Science,JSS1A,ROOM-JSS1A,1,Thursday,13:00,13:40,1,13:00,4.5
SCH-014-LSN-0080,SCH-014,TCH-00190,nysc_corper,Basic Science,JSS3B,ROOM-JSS3B,1,Monday,13:00,13:40,1,13:00,4.5
SCH-014-LSN-0081,SCH-014,TCH-00190,nysc_corper,Basic Science,JSS3B,ROOM-JSS3B,1,Thursday,13:40,14:20,1,13:40,4.5
SCH-015-LSN-0001,SCH-015,TCH-00191,veteran_staff_room_boss,Further Mathematics,SS1B,ROOM-SS1B,1,Monday,8:40,9:20,1,8:40,4
SCH-015-LSN-0002,SCH-015,TCH-00191,veteran_staff_room_boss,Chemistry,SS1B,SCI-LAB-01,1,Monday,9:20,10:00,1,9:20,4
SCH-015-LSN-0003,SCH-015,TCH-00191,veteran_staff_room_boss,Chemistry,SS1B,SCI-LAB-01,1,Monday,10:00,10:40,1,10:00,4
SCH-015-LSN-0004,SCH-015,TCH-00191,veteran_staff_room_boss,Further Mathematics,SS1A,ROOM-SS1A,1,Tuesday,8:40,9:20,1,8:40,4
SCH-015-LSN-0005,SCH-015,TCH-00192,hustling_subject_specialist,Economics,SS3A,ROOM-SS3A,1,Tuesday,8:00,10:00,3,8:00,4
SCH-015-LSN-0006,SCH-015,TCH-00192,hustling_subject_specialist,Economics,SS1B,ROOM-SS1B,1,Tuesday,10:00,12:20,3,10:00,4
SCH-015-LSN-0007,SCH-015,TCH-00192,hustling_subject_specialist,Economics,SS2B,ROOM-SS2B,1,Wednesday,8:00,10:00,3,8:00,4
SCH-015-LSN-0008,SCH-015,TCH-00192,hustling_subject_specialist,Further Mathematics,SS2A,ROOM-SS2A,1,Wednesday,10:00,12:20,3,10:00,4
SCH-015-LSN-0009,SCH-015,TCH-00192,hustling_subject_specialist,Further Mathematics,SS1B,ROOM-SS1B,1,Thursday,8:00,10:00,3,8:00,4
SCH-015-LSN-0010,SCH-015,TCH-00192,hustling_subject_specialist,Economics,SS2A,ROOM-SS2A,1,Thursday,10:00,12:20,3,10:00,4
SCH-015-LSN-0011,SCH-015,TCH-00193,overworked_generalist,PHE,JSS1B,ROOM-JSS1B,1,Thursday,9:20,12:20,4,9:20,1.44
SCH-015-LSN-0012,SCH-015,TCH-00193,overworked_generalist,Basic Technology,SS3A,ROOM-SS3A,0,Tuesday,10:40,13:40,4,10:40,1.43
SCH-015-LSN-0013,SCH-015,TCH-00193,overworked_generalist,Basic Technology,SS1A,ROOM-SS1A,0,Wednesday,9:20,12:20,4,9:20,1.47
SCH-015-LSN-0014,SCH-015,TCH-00193,overworked_generalist,Basic Technology,JSS3A,ROOM-JSS3A,0,Monday,8:00,10:40,4,8:00,1.49
SCH-015-LSN-0015,SCH-015,TCH-00193,overworked_generalist,Basic Technology,SS2B,ROOM-SS2B,0,Monday,11:40,14:20,4,11:40,1.29
SCH-015-LSN-0016,SCH-015,TCH-00193,overworked_generalist,CRS,JSS1A,ROOM-JSS1A,1,Tuesday,8:00,10:40,4,8:00,1.33
SCH-015-LSN-0017,SCH-015,TCH-00193,overworked_generalist,Basic Technology,JSS2B,ROOM-JSS2B,0,Friday,9:20,12:20,4,9:20,1.44
SCH-015-LSN-0018,SCH-015,TCH-00194,veteran_staff_room_boss,Further Mathematics,SS1A,ROOM-SS1A,1,Monday,8:40,10:00,2,8:40,4
SCH-015-LSN-0019,SCH-015,TCH-00194,veteran_staff_room_boss,Further Mathematics,SS2A,ROOM-SS2A,1,Monday,10:00,11:20,2,10:00,4
SCH-015-LSN-0020,SCH-015,TCH-00195,overworked_generalist,PHE,JSS3A,ROOM-JSS3A,1,Thursday,10:40,13:40,4,10:40,1.34
SCH-015-LSN-0021,SCH-015,TCH-00195,overworked_generalist,PHE,JSS1B,ROOM-JSS1B,1,Monday,8:00,10:40,4,8:00,1.38
SCH-015-LSN-0022,SCH-015,TCH-00195,overworked_generalist,PHE,SS1B,ROOM-SS1B,1,Monday,11:40,14:20,4,11:40,1.33
SCH-015-LSN-0023,SCH-015,TCH-00195,overworked_generalist,Basic Technology,SS3B,WORKSHOP-01,1,Wednesday,10:00,13:00,4,10:00,1.43
SCH-015-LSN-0024,SCH-015,TCH-00195,overworked_generalist,PHE,JSS3A,ROOM-JSS3A,1,Thursday,8:00,10:40,4,8:00,1.19
SCH-015-LSN-0025,SCH-015,TCH-00195,overworked_generalist,PHE,SS2B,ROOM-SS2B,1,Friday,8:40,11:20,4,8:40,1.46
SCH-015-LSN-0026,SCH-015,TCH-00195,overworked_generalist,Basic Technology,JSS2A,ROOM-JSS2A,0,Tuesday,11:40,14:20,4,11:40,1.14
SCH-015-LSN-0027,SCH-015,TCH-00196,overworked_generalist,Basic Technology,JSS2B,ROOM-JSS2B,0,Wednesday,12:20,14:20,3,12:20,1.47
SCH-015-LSN-0028,SCH-015,TCH-00196,overworked_generalist,PHE,JSS3B,ROOM-JSS3B,1,Friday,8:00,10:00,3,8:00,1.41
SCH-015-LSN-0029,SCH-015,TCH-00196,overworked_generalist,Basic Technology,JSS2A,ROOM-JSS2A,0,Monday,8:00,10:00,3,8:00,1.47
SCH-015-LSN-0030,SCH-015,TCH-00196,overworked_generalist,PHE,SS2A,ROOM-SS2A,1,Wednesday,8:00,10:00,3,8:00,1.46
SCH-015-LSN-0031,SCH-015,TCH-00196,overworked_generalist,CRS,JSS1B,ROOM-JSS1B,1,Tuesday,12:20,14:20,3,12:20,1.42
SCH-015-LSN-0032,SCH-015,TCH-00196,overworked_generalist,Basic Technology,JSS2A,ROOM-JSS2A,0,Monday,12:20,14:20,3,12:20,1.48
SCH-015-LSN-0033,SCH-015,TCH-00196,overworked_generalist,PHE,SS3A,ROOM-SS3A,1,Thursday,10:40,13:00,3,10:40,1.38
SCH-015-LSN-0034,SCH-015,TCH-00196,overworked_generalist,CRS,SS1A,ROOM-SS1A,1,Monday,10:00,12:20,3,10:00,1.34
SCH-015-LSN-0035,SCH-015,TCH-00196,overworked_generalist,Basic Technology,JSS1B,ROOM-JSS1B,0,Tuesday,9:20,11:20,3,9:20,1.06
SCH-015-LSN-0036,SCH-015,TCH-00197,nysc_corper,Civic Education,JSS2A,ROOM-JSS2A,1,Wednesday,13:00,13:40,1,13:00,4.5
SCH-015-LSN-0037,SCH-015,TCH-00197,nysc_corper,Civic Education,JSS1B,ROOM-JSS1B,1,Monday,13:00,13:40,1,13:00,4.5
SCH-015-LSN-0038,SCH-015,TCH-00197,nysc_corper,Civic Education,JSS3B,ROOM-JSS3B,1,Monday,13:40,14:20,1,13:40,4.5
SCH-015-LSN-0039,SCH-015,TCH-00197,nysc_corper,Civic Education,JSS1A,ROOM-JSS1A,1,Tuesday,13:00,13:40,1,13:00,4.5
SCH-015-LSN-0040,SCH-015,TCH-00198,veteran_staff_room_boss,Chemistry,SS3B,SCI-LAB-01,1,Monday,8:40,9:20,1,8:40,4
SCH-015-LSN-0041,SCH-015,TCH-00198,veteran_staff_room_boss,Chemistry,SS2A,SCI-LAB-01,1,Monday,9:20,10:00,1,9:20,4
SCH-015-LSN-0042,SCH-015,TCH-00198,veteran_staff_room_boss,Further Mathematics,SS1B,ROOM-SS1B,1,Tuesday,8:40,9:20,1,8:40,4
SCH-015-LSN-0043,SCH-015,TCH-00198,veteran_staff_room_boss,Further Mathematics,SS2B,ROOM-SS2B,1,Monday,10:00,10:40,1,10:00,4
SCH-015-LSN-0044,SCH-015,TCH-00199,overworked_generalist,Basic Technology,JSS2B,ROOM-JSS2B,0,Tuesday,8:00,10:40,4,8:00,1.49
SCH-015-LSN-0045,SCH-015,TCH-00199,overworked_generalist,CRS,SS1A,ROOM-SS1A,1,Friday,8:00,10:40,4,8:00,1.49
SCH-015-LSN-0046,SCH-015,TCH-00199,overworked_generalist,PHE,SS1A,ROOM-SS1A,1,Thursday,9:20,12:20,4,9:20,1.35
SCH-015-LSN-0047,SCH-015,TCH-00199,overworked_generalist,PHE,SS1A,ROOM-SS1A,1,Tuesday,10:40,13:40,4,10:40,0.69
SCH-015-LSN-0048,SCH-015,TCH-00199,overworked_generalist,Basic Technology,JSS2B,ROOM-JSS2B,0,Monday,10:00,13:00,4,10:00,1.41
SCH-015-LSN-0049,SCH-015,TCH-00199,overworked_generalist,Basic Technology,SS3A,ROOM-SS3A,0,Wednesday,10:40,13:40,4,10:40,1.25
SCH-015-LSN-0050,SCH-015,TCH-00199,overworked_generalist,Basic Technology,SS3A,ROOM-SS3A,0,Wednesday,8:00,10:40,4,8:00,0.78
SCH-015-LSN-0051,SCH-015,TCH-00200,veteran_staff_room_boss,Biology,SS3B,SCI-LAB-01,1,Tuesday,8:40,10:00,2,8:40,4
SCH-015-LSN-0052,SCH-015,TCH-00200,veteran_staff_room_boss,Biology,SS2B,SCI-LAB-01,1,Tuesday,10:00,11:20,2,10:00,4
SCH-015-LSN-0053,SCH-015,TCH-00200,veteran_staff_room_boss,Biology,SS2A,SCI-LAB-01,1,Thursday,8:40,10:00,2,8:40,4
SCH-015-LSN-0054,SCH-015,TCH-00200,veteran_staff_room_boss,Biology,SS3A,SCI-LAB-01,1,Friday,8:40,10:00,2,8:40,4
SCH-015-LSN-0055,SCH-015,TCH-00201,overworked_generalist,CRS,JSS2A,ROOM-JSS2A,1,Friday,8:00,11:20,5,8:00,1.48
SCH-015-LSN-0056,SCH-015,TCH-00201,overworked_generalist,CRS,JSS1B,ROOM-JSS1B,1,Wednesday,9:20,13:00,5,9:20,1.43
SCH-015-LSN-0057,SCH-015,TCH-00201,overworked_generalist,PHE,SS1B,ROOM-SS1B,1,Thursday,10:40,14:20,5,10:40,1.1
SCH-015-LSN-0058,SCH-015,TCH-00201,overworked_generalist,PHE,JSS3A,ROOM-JSS3A,1,Tuesday,8:40,12:20,5,8:40,1.43
SCH-015-LSN-0059,SCH-015,TCH-00202,hustling_subject_specialist,Further Mathematics,SS3B,ROOM-SS3B,1,Tuesday,10:00,11:20,2,10:00,4
SCH-015-LSN-0060,SCH-015,TCH-00202,hustling_subject_specialist,Further Mathematics,SS2B,ROOM-SS2B,1,Tuesday,8:00,9:20,2,8:00,4
SCH-015-LSN-0061,SCH-015,TCH-00202,hustling_subject_specialist,Further Mathematics,SS2B,ROOM-SS2B,1,Wednesday,10:00,11:20,2,10:00,4
SCH-015-LSN-0062,SCH-015,TCH-00202,hustling_subject_specialist,Further Mathematics,SS3A,ROOM-SS3A,1,Thursday,8:00,9:20,2,8:00,4
SCH-015-LSN-0063,SCH-015,TCH-00203,overworked_generalist,CRS,JSS2B,ROOM-JSS2B,1,Thursday,10:40,13:40,4,10:40,1.31
SCH-015-LSN-0064,SCH-015,TCH-00203,overworked_generalist,PHE,JSS3B,ROOM-JSS3B,1,Tuesday,8:00,10:40,4,8:00,1.41
SCH-015-LSN-0065,SCH-015,TCH-00203,overworked_generalist,PHE,JSS2B,ROOM-JSS2B,1,Thursday,8:00,10:40,4,8:00,1.25
SCH-015-LSN-0066,SCH-015,TCH-00203,overworked_generalist,CRS,JSS1A,ROOM-JSS1A,1,Friday,8:00,10:40,4,8:00,1.42
SCH-015-LSN-0067,SCH-015,TCH-00203,overworked_generalist,PHE,JSS2A,ROOM-JSS2A,1,Wednesday,8:00,10:40,4,8:00,1.29
SCH-015-LSN-0068,SCH-015,TCH-00203,overworked_generalist,PHE,JSS3A,ROOM-JSS3A,1,Wednesday,11:40,14:20,4,11:40,1.11
SCH-015-LSN-0069,SCH-015,TCH-00203,overworked_generalist,PHE,JSS3A,ROOM-JSS3A,1,Monday,10:40,13:40,4,10:40,1.39
SCH-016-LSN-0001,SCH-016,TCH-00204,nysc_corper,Basic Science,JSS2B,ROOM-JSS2B,1,Monday,13:00,13:40,1,13:00,4.5
SCH-016-LSN-0002,SCH-016,TCH-00204,nysc_corper,Basic Science,JSS3A,ROOM-JSS3A,1,Monday,13:40,14:20,1,13:40,4.5
SCH-016-LSN-0003,SCH-016,TCH-00204,nysc_corper,Basic Science,JSS2B,ROOM-JSS2B,1,Tuesday,13:00,13:40,1,13:00,4.5
SCH-016-LSN-0004,SCH-016,TCH-00204,nysc_corper,Basic Science,JSS1B,ROOM-JSS1B,1,Tuesday,13:40,14:20,1,13:40,4.5
SCH-016-LSN-0005,SCH-016,TCH-00204,nysc_corper,Basic Science,JSS2A,ROOM-JSS2A,1,Wednesday,13:00,13:40,1,13:00,4.5
SCH-016-LSN-0006,SCH-016,TCH-00204,nysc_corper,Basic Science,JSS2A,ROOM-JSS2A,1,Wednesday,13:40,14:20,1,13:40,4.5
SCH-016-LSN-0007,SCH-016,TCH-00205,overworked_generalist,CRS,JSS1A,ROOM-JSS1A,1,Monday,12:20,14:20,3,12:20,1.43
SCH-016-LSN-0008,SCH-016,TCH-00205,overworked_generalist,CRS,JSS2A,ROOM-JSS2A,1,Wednesday,10:40,13:00,3,10:40,1.45
SCH-016-LSN-0009,SCH-016,TCH-00205,overworked_generalist,CRS,JSS2B,ROOM-JSS2B,1,Thursday,12:20,14:20,3,12:20,1.48
SCH-016-LSN-0010,SCH-016,TCH-00205,overworked_generalist,CRS,JSS3A,ROOM-JSS3A,1,Thursday,9:20,11:20,3,9:20,1.5
SCH-016-LSN-0011,SCH-016,TCH-00205,overworked_generalist,PHE,SS3A,ROOM-SS3A,1,Tuesday,8:00,10:00,3,8:00,1.49
SCH-016-LSN-0012,SCH-016,TCH-00205,overworked_generalist,Basic Technology,JSS1B,WORKSHOP-01,1,Friday,9:20,11:20,3,9:20,1.45
SCH-016-LSN-0013,SCH-016,TCH-00205,overworked_generalist,CRS,JSS1B,ROOM-JSS1B,1,Tuesday,10:00,12:20,3,10:00,1.28
SCH-016-LSN-0014,SCH-016,TCH-00205,overworked_generalist,Basic Technology,JSS1A,ROOM-JSS1A,0,Wednesday,8:00,10:00,3,8:00,1.44
SCH-016-LSN-0015,SCH-016,TCH-00205,overworked_generalist,PHE,SS2B,ROOM-SS2B,1,Tuesday,12:20,14:20,3,12:20,1.46
SCH-016-LSN-0016,SCH-016,TCH-00206,veteran_staff_room_boss,Further Mathematics,SS2A,ROOM-SS2A,1,Monday,8:40,9:20,1,8:40,4
SCH-016-LSN-0017,SCH-016,TCH-00206,veteran_staff_room_boss,Further Mathematics,SS3B,ROOM-SS3B,1,Monday,9:20,10:00,1,9:20,4
SCH-016-LSN-0018,SCH-016,TCH-00207,overworked_generalist,Basic Technology,JSS2A,WORKSHOP-01,1,Monday,11:40,14:20,4,11:40,1.5
SCH-016-LSN-0019,SCH-016,TCH-00207,overworked_generalist,Basic Technology,JSS2A,ROOM-JSS2A,0,Tuesday,9:20,12:20,4,9:20,1.45
SCH-016-LSN-0020,SCH-016,TCH-00207,overworked_generalist,CRS,JSS3B,ROOM-JSS3B,1,Thursday,8:00,10:40,4,8:00,1.46
SCH-016-LSN-0021,SCH-016,TCH-00207,overworked_generalist,PHE,JSS3B,ROOM-JSS3B,1,Friday,8:40,11:20,4,8:40,1.4
SCH-016-LSN-0022,SCH-016,TCH-00207,overworked_generalist,CRS,JSS1A,ROOM-JSS1A,1,Monday,8:00,10:40,4,8:00,1.44
SCH-016-LSN-0023,SCH-016,TCH-00207,overworked_generalist,PHE,SS3A,ROOM-SS3A,1,Thursday,11:40,14:20,4,11:40,1.49
SCH-016-LSN-0024,SCH-016,TCH-00207,overworked_generalist,CRS,SS1B,ROOM-SS1B,1,Wednesday,10:00,13:00,4,10:00,1.34
SCH-016-LSN-0025,SCH-016,TCH-00208,overworked_generalist,Basic Technology,JSS3B,ROOM-JSS3B,0,Thursday,10:40,14:20,5,10:40,1.41
SCH-016-LSN-0026,SCH-016,TCH-00208,overworked_generalist,Basic Technology,JSS2A,ROOM-JSS2A,0,Monday,8:00,11:20,5,8:00,1.22
SCH-016-LSN-0027,SCH-016,TCH-00208,overworked_generalist,Basic Technology,SS3A,ROOM-SS3A,0,Wednesday,10:40,14:20,5,10:40,1.31
SCH-016-LSN-0028,SCH-016,TCH-00208,overworked_generalist,PHE,SS3B,ROOM-SS3B,1,Friday,8:00,11:20,5,8:00,1.39
SCH-016-LSN-0029,SCH-016,TCH-00208,overworked_generalist,Basic Technology,JSS3B,ROOM-JSS3B,0,Tuesday,10:00,13:40,5,10:00,1.22
SCH-016-LSN-0030,SCH-016,TCH-00209,overworked_generalist,Basic Technology,JSS1B,ROOM-JSS1B,0,Wednesday,9:20,12:20,4,9:20,1.49
SCH-016-LSN-0031,SCH-016,TCH-00209,overworked_generalist,PHE,JSS2A,ROOM-JSS2A,1,Friday,8:40,11:20,4,8:40,1.49
SCH-016-LSN-0032,SCH-016,TCH-00209,overworked_generalist,Basic Technology,SS2A,ROOM-SS2A,0,Monday,9:20,12:20,4,9:20,1.44
SCH-016-LSN-0033,SCH-016,TCH-00209,overworked_generalist,PHE,SS2A,ROOM-SS2A,1,Thursday,9:20,12:20,4,9:20,1.41
SCH-016-LSN-0034,SCH-016,TCH-00209,overworked_generalist,PHE,SS1A,ROOM-SS1A,1,Tuesday,11:40,14:20,4,11:40,1.45
SCH-016-LSN-0035,SCH-016,TCH-00209,overworked_generalist,PHE,SS2A,ROOM-SS2A,1,Tuesday,8:00,10:40,4,8:00,1.15
SCH-016-LSN-0036,SCH-016,TCH-00210,overworked_generalist,CRS,JSS2A,ROOM-JSS2A,1,Wednesday,8:00,10:00,3,8:00,1.46
SCH-016-LSN-0037,SCH-016,TCH-00210,overworked_generalist,Basic Technology,SS2B,ROOM-SS2B,0,Friday,10:00,12:20,3,10:00,1.46
SCH-016-LSN-0038,SCH-016,TCH-00210,overworked_generalist,Basic Technology,SS3A,ROOM-SS3A,0,Friday,8:00,10:00,3,8:00,1.49
SCH-016-LSN-0039,SCH-016,TCH-00210,overworked_generalist,CRS,SS1A,ROOM-SS1A,1,Monday,12:20,14:20,3,12:20,1.39
SCH-016-LSN-0040,SCH-016,TCH-00210,overworked_generalist,Basic Technology,SS2B,WORKSHOP-01,1,Monday,10:00,12:20,3,10:00,1.48
SCH-016-LSN-0041,SCH-016,TCH-00210,overworked_generalist,Basic Technology,SS3A,ROOM-SS3A,0,Tuesday,10:40,13:00,3,10:40,1.43
SCH-016-LSN-0042,SCH-016,TCH-00211,hustling_subject_specialist,Further Mathematics,SS1B,ROOM-SS1B,1,Monday,8:00,9:20,2,8:00,4
SCH-016-LSN-0043,SCH-016,TCH-00211,hustling_subject_specialist,Physics,SS1B,SCI-LAB-01,1,Monday,9:20,10:40,2,9:20,4
SCH-016-LSN-0044,SCH-016,TCH-00211,hustling_subject_specialist,Physics,SS1B,SCI-LAB-01,1,Monday,10:40,12:20,2,10:40,4
SCH-016-LSN-0045,SCH-016,TCH-00211,hustling_subject_specialist,Physics,SS2B,SCI-LAB-01,1,Tuesday,8:00,9:20,2,8:00,4
SCH-016-LSN-0046,SCH-016,TCH-00211,hustling_subject_specialist,Physics,SS2B,SCI-LAB-01,1,Tuesday,9:20,10:40,2,9:20,4
SCH-016-LSN-0047,SCH-016,TCH-00211,hustling_subject_specialist,Further Mathematics,SS2B,ROOM-SS2B,1,Tuesday,10:40,12:20,2,10:40,4
SCH-016-LSN-0048,SCH-016,TCH-00211,hustling_subject_specialist,Further Mathematics,SS3A,ROOM-SS3A,1,Monday,12:20,13:40,2,12:20,-4
SCH-016-LSN-0049,SCH-016,TCH-00212,veteran_staff_room_boss,Physics,SS1A,SCI-LAB-01,1,Monday,8:40,10:00,2,8:40,4
SCH-016-LSN-0050,SCH-016,TCH-00212,veteran_staff_room_boss,Physics,SS1A,SCI-LAB-01,1,Monday,10:00,11:20,2,10:00,4
SCH-016-LSN-0051,SCH-016,TCH-00213,nysc_corper,Basic Science,JSS1B,ROOM-JSS1B,1,Monday,13:00,13:40,1,13:00,4.5
SCH-016-LSN-0052,SCH-016,TCH-00213,nysc_corper,Basic Science,JSS3B,ROOM-JSS3B,1,Monday,13:40,14:20,1,13:40,4.5
SCH-016-LSN-0053,SCH-016,TCH-00213,nysc_corper,Basic Science,JSS2B,ROOM-JSS2B,1,Wednesday,13:00,13:40,1,13:00,4.5
SCH-016-LSN-0054,SCH-016,TCH-00213,nysc_corper,Basic Science,JSS2A,ROOM-JSS2A,1,Thursday,13:00,13:40,1,13:00,4.5
SCH-016-LSN-0055,SCH-016,TCH-00213,nysc_corper,Basic Science,JSS3B,ROOM-JSS3B,1,Wednesday,13:40,14:20,1,13:40,4.5
SCH-016-LSN-0056,SCH-016,TCH-00213,nysc_corper,Civic Education,JSS1B,ROOM-JSS1B,1,Thursday,13:40,14:20,1,13:40,4.5
SCH-016-LSN-0057,SCH-016,TCH-00214,nysc_corper,Basic Science,JSS2A,ROOM-JSS2A,1,Thursday,13:40,14:20,1,13:40,4.5
SCH-016-LSN-0058,SCH-016,TCH-00214,nysc_corper,Basic Science,JSS2A,ROOM-JSS2A,1,Wednesday,10:00,10:40,1,10:00,0
SCH-016-LSN-0059,SCH-016,TCH-00214,nysc_corper,Civic Education,JSS3B,ROOM-JSS3B,1,Monday,13:00,13:40,1,13:00,4.5
SCH-016-LSN-0060,SCH-016,TCH-00214,nysc_corper,Civic Education,JSS3A,ROOM-JSS3A,1,Wednesday,13:00,13:40,1,13:00,4.5
SCH-016-LSN-0061,SCH-016,TCH-00214,nysc_corper,Civic Education,JSS2B,ROOM-JSS2B,1,Monday,13:40,14:20,1,13:40,4.5
SCH-016-LSN-0062,SCH-016,TCH-00214,nysc_corper,Civic Education,JSS1B,ROOM-JSS1B,1,Wednesday,13:40,14:20,1,13:40,4.5
SCH-016-LSN-0063,SCH-016,TCH-00214,nysc_corper,Basic Science,JSS3B,ROOM-JSS3B,1,Monday,8:00,8:40,1,8:00,0
SCH-016-LSN-0064,SCH-016,TCH-00214,nysc_corper,Basic Science,JSS2B,ROOM-JSS2B,1,Monday,8:40,9:20,1,8:40,0
SCH-016-LSN-0065,SCH-016,TCH-00215,hustling_subject_specialist,Further Mathematics,SS2B,ROOM-SS2B,1,Monday,8:00,9:20,2,8:00,4
SCH-016-LSN-0066,SCH-016,TCH-00215,hustling_subject_specialist,Further Mathematics,SS3B,ROOM-SS3B,1,Monday,10:00,11:20,2,10:00,4
SCH-016-LSN-0067,SCH-016,TCH-00215,hustling_subject_specialist,Further Mathematics,SS2A,ROOM-SS2A,1,Wednesday,8:00,9:20,2,8:00,4
SCH-016-LSN-0068,SCH-016,TCH-00215,hustling_subject_specialist,Further Mathematics,SS2A,ROOM-SS2A,1,Wednesday,9:20,10:40,2,9:20,4
SCH-016-LSN-0069,SCH-016,TCH-00216,nysc_corper,Basic Science,JSS2A,ROOM-JSS2A,1,Tuesday,13:00,13:40,1,13:00,4.5
SCH-016-LSN-0070,SCH-016,TCH-00216,nysc_corper,Basic Science,JSS2B,ROOM-JSS2B,1,Tuesday,13:40,14:20,1,13:40,4.5
SCH-016-LSN-0071,SCH-016,TCH-00216,nysc_corper,Civic Education,JSS1A,ROOM-JSS1A,1,Wednesday,13:00,13:40,1,13:00,4.5
SCH-016-LSN-0072,SCH-016,TCH-00216,nysc_corper,Basic Science,JSS2A,ROOM-JSS2A,1,Tuesday,8:00,8:40,1,8:00,0
SCH-016-LSN-0073,SCH-016,TCH-00216,nysc_corper,Basic Science,JSS1B,ROOM-JSS1B,1,Monday,13:40,14:20,1,13:40,4.5
SCH-016-LSN-0074,SCH-016,TCH-00216,nysc_corper,Civic Education,JSS1B,ROOM-JSS1B,1,Monday,8:00,8:40,1,8:00,0
SCH-016-LSN-0075,SCH-016,TCH-00217,overworked_generalist,Basic Technology,SS2B,ROOM-SS2B,0,Wednesday,10:40,14:20,5,10:40,1.24
SCH-016-LSN-0076,SCH-016,TCH-00217,overworked_generalist,CRS,SS1A,ROOM-SS1A,1,Thursday,10:40,14:20,5,10:40,1.49
SCH-016-LSN-0077,SCH-016,TCH-00217,overworked_generalist,PHE,SS1A,ROOM-SS1A,1,Friday,8:00,11:20,5,8:00,1.18
SCH-016-LSN-0078,SCH-016,TCH-00217,overworked_generalist,CRS,SS1A,ROOM-SS1A,1,Tuesday,8:00,11:20,5,8:00,0.53
SCH-016-LSN-0079,SCH-016,TCH-00217,overworked_generalist,CRS,JSS3B,ROOM-JSS3B,1,Monday,9:20,13:00,5,9:20,1.09
SCH-016-LSN-0080,SCH-016,TCH-00218,nysc_corper,Basic Science,JSS3A,ROOM-JSS3A,1,Monday,13:00,13:40,1,13:00,4.5
SCH-016-LSN-0081,SCH-016,TCH-00218,nysc_corper,Basic Science,JSS3B,ROOM-JSS3B,1,Tuesday,13:40,14:20,1,13:40,4.5
SCH-016-LSN-0082,SCH-016,TCH-00218,nysc_corper,Basic Science,JSS2B,ROOM-JSS2B,1,Wednesday,13:40,14:20,1,13:40,4.5
SCH-016-LSN-0083,SCH-016,TCH-00218,nysc_corper,Basic Science,JSS2B,ROOM-JSS2B,1,Monday,8:00,8:40,1,8:00,0
SCH-017-LSN-0001,SCH-017,TCH-00219,veteran_staff_room_boss,Physics,SS1B,SCI-LAB-01,1,Monday,8:40,9:20,1,8:40,4
SCH-017-LSN-0002,SCH-017,TCH-00219,veteran_staff_room_boss,Physics,SS2B,SCI-LAB-01,1,Monday,9:20,10:00,1,9:20,4
SCH-017-LSN-0003,SCH-017,TCH-00219,veteran_staff_room_boss,Chemistry,SS3A,SCI-LAB-01,1,Monday,10:00,10:40,1,10:00,4
SCH-017-LSN-0004,SCH-017,TCH-00219,veteran_staff_room_boss,Chemistry,SS1B,SCI-LAB-01,1,Tuesday,8:40,9:20,1,8:40,4
SCH-017-LSN-0005,SCH-017,TCH-00219,veteran_staff_room_boss,Physics,SS1B,SCI-LAB-01,1,Tuesday,9:20,10:00,1,9:20,4
SCH-017-LSN-0006,SCH-017,TCH-00219,veteran_staff_room_boss,Physics,SS1A,SCI-LAB-01,1,Tuesday,10:00,10:40,1,10:00,4
SCH-017-LSN-0007,SCH-017,TCH-00220,overworked_generalist,CRS,JSS1B,ROOM-JSS1B,1,Tuesday,8:40,12:20,5,8:40,1.37
SCH-017-LSN-0008,SCH-017,TCH-00220,overworked_generalist,PHE,JSS3A,ROOM-JSS3A,1,Thursday,8:40,12:20,5,8:40,1.47
SCH-017-LSN-0009,SCH-017,TCH-00220,overworked_generalist,CRS,JSS2B,ROOM-JSS2B,1,Wednesday,8:00,11:20,5,8:00,1.46
SCH-017-LSN-0010,SCH-017,TCH-00220,overworked_generalist,CRS,JSS2B,ROOM-JSS2B,1,Monday,8:40,12:20,5,8:40,1.22
SCH-017-LSN-0011,SCH-017,TCH-00220,overworked_generalist,PHE,JSS2A,ROOM-JSS2A,1,Friday,8:40,12:20,5,8:40,0.72
SCH-017-LSN-0012,SCH-017,TCH-00221,overworked_generalist,PHE,JSS2B,ROOM-JSS2B,1,Monday,12:20,14:20,3,12:20,1.43
SCH-017-LSN-0013,SCH-017,TCH-00221,overworked_generalist,Basic Technology,JSS1A,WORKSHOP-01,1,Wednesday,11:40,13:40,3,11:40,1.5
SCH-017-LSN-0014,SCH-017,TCH-00221,overworked_generalist,Basic Technology,SS3B,ROOM-SS3B,0,Tuesday,11:40,13:40,3,11:40,1.41
SCH-017-LSN-0015,SCH-017,TCH-00221,overworked_generalist,Basic Technology,JSS2B,ROOM-JSS2B,0,Friday,8:00,10:00,3,8:00,1.4
SCH-017-LSN-0016,SCH-017,TCH-00221,overworked_generalist,PHE,JSS3A,ROOM-JSS3A,1,Wednesday,8:40,10:40,3,8:40,1.41
SCH-017-LSN-0017,SCH-017,TCH-00221,overworked_generalist,Basic Technology,SS1A,WORKSHOP-01,1,Thursday,12:20,14:20,3,12:20,1.49
SCH-017-LSN-0018,SCH-017,TCH-00222,nysc_corper,Civic Education,JSS3B,ROOM-JSS3B,1,Tuesday,13:00,13:40,1,13:00,4.5
SCH-017-LSN-0019,SCH-017,TCH-00222,nysc_corper,Basic Science,JSS2A,ROOM-JSS2A,1,Tuesday,13:40,14:20,1,13:40,4.5
SCH-017-LSN-0020,SCH-017,TCH-00222,nysc_corper,Basic Science,JSS3A,ROOM-JSS3A,1,Wednesday,13:00,13:40,1,13:00,4.5
SCH-017-LSN-0021,SCH-017,TCH-00222,nysc_corper,Civic Education,JSS2A,ROOM-JSS2A,1,Wednesday,13:40,14:20,1,13:40,4.5
SCH-017-LSN-0022,SCH-017,TCH-00223,nysc_corper,Civic Education,JSS2A,ROOM-JSS2A,1,Monday,13:00,13:40,1,13:00,4.5
SCH-017-LSN-0023,SCH-017,TCH-00223,nysc_corper,Civic Education,JSS3A,ROOM-JSS3A,1,Monday,13:40,14:20,1,13:40,4.5
SCH-017-LSN-0024,SCH-017,TCH-00223,nysc_corper,Basic Science,JSS3A,ROOM-JSS3A,1,Tuesday,13:00,13:40,1,13:00,4.5
SCH-017-LSN-0025,SCH-017,TCH-00223,nysc_corper,Basic Science,JSS2B,ROOM-JSS2B,1,Tuesday,13:40,14:20,1,13:40,4.5
SCH-017-LSN-0026,SCH-017,TCH-00223,nysc_corper,Basic Science,JSS2A,ROOM-JSS2A,1,Thursday,13:00,13:40,1,13:00,4.5
SCH-017-LSN-0027,SCH-017,TCH-00223,nysc_corper,Civic Education,JSS1B,ROOM-JSS1B,1,Thursday,13:40,14:20,1,13:40,4.5
SCH-017-LSN-0028,SCH-017,TCH-00224,nysc_corper,Civic Education,JSS1B,ROOM-JSS1B,1,Monday,13:00,13:40,1,13:00,4.5
SCH-017-LSN-0029,SCH-017,TCH-00224,nysc_corper,Civic Education,JSS3B,ROOM-JSS3B,1,Monday,13:40,14:20,1,13:40,4.5
SCH-017-LSN-0030,SCH-017,TCH-00224,nysc_corper,Basic Science,JSS2B,ROOM-JSS2B,1,Tuesday,13:00,13:40,1,13:00,4.5
SCH-017-LSN-0031,SCH-017,TCH-00224,nysc_corper,Basic Science,JSS2B,ROOM-JSS2B,1,Thursday,13:00,13:40,1,13:00,4.5
SCH-017-LSN-0032,SCH-017,TCH-00224,nysc_corper,Civic Education,JSS2A,ROOM-JSS2A,1,Thursday,13:40,14:20,1,13:40,4.5
SCH-017-LSN-0033,SCH-017,TCH-00224,nysc_corper,Basic Science,JSS2A,ROOM-JSS2A,1,Monday,8:00,8:40,1,8:00,0
SCH-017-LSN-0034,SCH-017,TCH-00225,nysc_corper,Basic Science,JSS3A,ROOM-JSS3A,1,Monday,13:00,13:40,1,13:00,4.5
SCH-017-LSN-0035,SCH-017,TCH-00225,nysc_corper,Basic Science,JSS2A,ROOM-JSS2A,1,Monday,13:40,14:20,1,13:40,4.5
SCH-017-LSN-0036,SCH-017,TCH-00225,nysc_corper,Basic Science,JSS2B,ROOM-JSS2B,1,Thursday,13:40,14:20,1,13:40,4.5
SCH-017-LSN-0037,SCH-017,TCH-00226,overworked_generalist,CRS,SS1A,ROOM-SS1A,1,Tuesday,10:40,13:40,4,10:40,1.46
SCH-017-LSN-0038,SCH-017,TCH-00226,overworked_generalist,CRS,JSS2B,ROOM-JSS2B,1,Thursday,10:00,13:00,4,10:00,1.31
SCH-017-LSN-0039,SCH-017,TCH-00226,overworked_generalist,CRS,SS3B,ROOM-SS3B,1,Wednesday,10:00,13:00,4,10:00,1.46
SCH-017-LSN-0040,SCH-017,TCH-00226,overworked_generalist,CRS,SS3B,ROOM-SS3B,1,Monday,8:00,10:40,4,8:00,1.44
SCH-017-LSN-0041,SCH-017,TCH-00227,overworked_generalist,PHE,JSS1B,ROOM-JSS1B,1,Friday,10:00,12:20,3,10:00,1.41
SCH-017-LSN-0042,SCH-017,TCH-00227,overworked_generalist,PHE,JSS1A,ROOM-JSS1A,1,Tuesday,11:40,13:40,3,11:40,1.48
SCH-017-LSN-0043,SCH-017,TCH-00227,overworked_generalist,PHE,SS2A,ROOM-SS2A,1,Monday,10:40,13:00,3,10:40,1.45
SCH-017-LSN-0044,SCH-017,TCH-00227,overworked_generalist,PHE,SS3A,ROOM-SS3A,1,Thursday,8:40,10:40,3,8:40,1.48
SCH-017-LSN-0045,SCH-017,TCH-00228,veteran_staff_room_boss,Biology,SS1B,SCI-LAB-01,1,Wednesday,8:40,9:20,1,8:40,4
SCH-017-LSN-0046,SCH-017,TCH-00228,veteran_staff_room_boss,Biology,SS1B,SCI-LAB-01,1,Wednesday,9:20,10:00,1,9:20,4
SCH-017-LSN-0047,SCH-017,TCH-00228,veteran_staff_room_boss,Physics,SS1B,SCI-LAB-01,1,Monday,9:20,10:00,1,9:20,4
SCH-017-LSN-0048,SCH-017,TCH-00228,veteran_staff_room_boss,Biology,SS2B,SCI-LAB-01,1,Wednesday,10:00,10:40,1,10:00,4
SCH-017-LSN-0049,SCH-017,TCH-00229,veteran_staff_room_boss,Biology,SS1B,SCI-LAB-01,1,Wednesday,10:00,11:20,2,10:00,4
SCH-017-LSN-0050,SCH-017,TCH-00229,veteran_staff_room_boss,Biology,SS1A,SCI-LAB-01,1,Thursday,8:40,10:00,2,8:40,4
SCH-018-LSN-0001,SCH-018,TCH-00230,overworked_generalist,Basic Technology,SS2B,ROOM-SS2B,0,Monday,10:00,13:00,4,10:00,1.48
SCH-018-LSN-0002,SCH-018,TCH-00230,overworked_generalist,PHE,SS3A,ROOM-SS3A,1,Wednesday,10:40,13:40,4,10:40,1.44
SCH-018-LSN-0003,SCH-018,TCH-00230,overworked_generalist,Basic Technology,SS2A,ROOM-SS2A,0,Thursday,11:40,14:20,4,11:40,1.46
SCH-018-LSN-0004,SCH-018,TCH-00230,overworked_generalist,CRS,JSS2A,ROOM-JSS2A,1,Friday,9:20,12:20,4,9:20,1.49
SCH-018-LSN-0005,SCH-018,TCH-00230,overworked_generalist,CRS,SS2A,ROOM-SS2A,1,Tuesday,11:40,14:20,4,11:40,1.28
SCH-018-LSN-0006,SCH-018,TCH-00230,overworked_generalist,PHE,JSS1B,ROOM-JSS1B,1,Wednesday,8:00,10:40,4,8:00,1.43
SCH-018-LSN-0007,SCH-018,TCH-00230,overworked_generalist,Basic Technology,SS1A,ROOM-SS1A,0,Thursday,8:00,10:40,4,8:00,1.33
SCH-018-LSN-0008,SCH-018,TCH-00230,overworked_generalist,CRS,SS2B,ROOM-SS2B,1,Tuesday,8:40,11:20,4,8:40,1.07
SCH-018-LSN-0009,SCH-018,TCH-00231,hustling_subject_specialist,Economics,SS1B,ROOM-SS1B,1,Monday,8:00,10:00,3,8:00,4
SCH-018-LSN-0010,SCH-018,TCH-00231,hustling_subject_specialist,Economics,SS1B,ROOM-SS1B,1,Monday,10:00,12:20,3,10:00,4
SCH-018-LSN-0011,SCH-018,TCH-00232,nysc_corper,Civic Education,JSS2B,ROOM-JSS2B,1,Monday,13:00,13:40,1,13:00,4.5
SCH-018-LSN-0012,SCH-018,TCH-00232,nysc_corper,Civic Education,JSS2B,ROOM-JSS2B,1,Monday,13:40,14:20,1,13:40,4.5
SCH-018-LSN-0013,SCH-018,TCH-00232,nysc_corper,Basic Science,JSS2B,ROOM-JSS2B,1,Tuesday,13:00,13:40,1,13:00,4.5
SCH-018-LSN-0014,SCH-018,TCH-00232,nysc_corper,Civic Education,JSS2B,ROOM-JSS2B,1,Tuesday,13:40,14:20,1,13:40,4.5
SCH-018-LSN-0015,SCH-018,TCH-00232,nysc_corper,Civic Education,JSS2B,ROOM-JSS2B,1,Wednesday,13:00,13:40,1,13:00,4.5
SCH-018-LSN-0016,SCH-018,TCH-00232,nysc_corper,Basic Science,JSS2B,ROOM-JSS2B,1,Wednesday,13:40,14:20,1,13:40,4.5
SCH-018-LSN-0017,SCH-018,TCH-00232,nysc_corper,Basic Science,JSS2A,ROOM-JSS2A,1,Monday,8:00,8:40,1,8:00,0
SCH-018-LSN-0018,SCH-018,TCH-00232,nysc_corper,Basic Science,JSS3B,ROOM-JSS3B,1,Monday,8:40,9:20,1,8:40,0
SCH-018-LSN-0019,SCH-018,TCH-00233,nysc_corper,Civic Education,JSS1A,ROOM-JSS1A,1,Monday,13:00,13:40,1,13:00,4.5
SCH-018-LSN-0020,SCH-018,TCH-00233,nysc_corper,Basic Science,JSS2A,ROOM-JSS2A,1,Monday,13:40,14:20,1,13:40,4.5
SCH-018-LSN-0021,SCH-018,TCH-00233,nysc_corper,Basic Science,JSS1B,ROOM-JSS1B,1,Tuesday,13:00,13:40,1,13:00,4.5
SCH-018-LSN-0022,SCH-018,TCH-00233,nysc_corper,Basic Science,JSS3A,ROOM-JSS3A,1,Tuesday,13:40,14:20,1,13:40,4.5
SCH-018-LSN-0023,SCH-018,TCH-00234,nysc_corper,Basic Science,JSS2A,ROOM-JSS2A,1,Monday,13:00,13:40,1,13:00,4.5
SCH-018-LSN-0024,SCH-018,TCH-00234,nysc_corper,Civic Education,JSS2B,ROOM-JSS2B,1,Thursday,13:00,13:40,1,13:00,4.5
SCH-018-LSN-0025,SCH-018,TCH-00234,nysc_corper,Civic Education,JSS3A,ROOM-JSS3A,1,Monday,13:40,14:20,1,13:40,4.5
SCH-018-LSN-0026,SCH-018,TCH-00234,nysc_corper,Civic Education,JSS2B,ROOM-JSS2B,1,Thursday,13:40,14:20,1,13:40,4.5
SCH-018-LSN-0027,SCH-018,TCH-00234,nysc_corper,Basic Science,JSS2A,ROOM-JSS2A,1,Tuesday,13:00,13:40,1,13:00,4.5
SCH-018-LSN-0028,SCH-018,TCH-00234,nysc_corper,Civic Education,JSS3A,ROOM-JSS3A,1,Monday,8:00,8:40,1,8:00,0
SCH-018-LSN-0029,SCH-018,TCH-00235,nysc_corper,Basic Science,JSS1B,ROOM-JSS1B,1,Monday,13:00,13:40,1,13:00,4.5
SCH-018-LSN-0030,SCH-018,TCH-00235,nysc_corper,Basic Science,JSS3A,ROOM-JSS3A,1,Tuesday,13:00,13:40,1,13:00,4.5
SCH-018-LSN-0031,SCH-018,TCH-00236,hustling_subject_specialist,Economics,SS1A,ROOM-SS1A,1,Tuesday,8:00,10:00,3,8:00,4
SCH-018-LSN-0032,SCH-018,TCH-00236,hustling_subject_specialist,Physics,SS3A,SCI-LAB-01,1,Tuesday,10:00,12:20,3,10:00,4
SCH-018-LSN-0033,SCH-018,TCH-00236,hustling_subject_specialist,Economics,SS2B,ROOM-SS2B,1,Wednesday,8:00,10:00,3,8:00,4
SCH-018-LSN-0034,SCH-018,TCH-00236,hustling_subject_specialist,Economics,SS1B,ROOM-SS1B,1,Wednesday,10:00,12:20,3,10:00,4
SCH-018-LSN-0035,SCH-018,TCH-00236,hustling_subject_specialist,Economics,SS1B,ROOM-SS1B,1,Tuesday,12:20,14:20,3,12:20,-4
SCH-018-LSN-0036,SCH-018,TCH-00237,nysc_corper,Civic Education,JSS1B,ROOM-JSS1B,1,Monday,13:40,14:20,1,13:40,4.5
SCH-018-LSN-0037,SCH-018,TCH-00237,nysc_corper,Civic Education,JSS2B,ROOM-JSS2B,1,Monday,8:00,8:40,1,8:00,0
SCH-018-LSN-0038,SCH-018,TCH-00237,nysc_corper,Civic Education,JSS2A,ROOM-JSS2A,1,Wednesday,13:00,13:40,1,13:00,4.5
SCH-018-LSN-0039,SCH-018,TCH-00237,nysc_corper,Civic Education,JSS1B,ROOM-JSS1B,1,Wednesday,13:40,14:20,1,13:40,4.5
SCH-018-LSN-0040,SCH-018,TCH-00238,hustling_subject_specialist,Physics,SS1B,SCI-LAB-01,1,Thursday,8:00,9:20,2,8:00,4
SCH-018-LSN-0041,SCH-018,TCH-00238,hustling_subject_specialist,Physics,SS2A,SCI-LAB-01,1,Monday,8:00,9:20,2,8:00,4
SCH-018-LSN-0042,SCH-018,TCH-00238,hustling_subject_specialist,Physics,SS2A,SCI-LAB-01,1,Monday,9:20,10:40,2,9:20,4
SCH-018-LSN-0043,SCH-018,TCH-00238,hustling_subject_specialist,Economics,SS3A,ROOM-SS3A,1,Monday,10:40,12:20,2,10:40,4
SCH-018-LSN-0044,SCH-018,TCH-00238,hustling_subject_specialist,Economics,SS2B,ROOM-SS2B,1,Thursday,9:20,10:40,2,9:20,4
SCH-018-LSN-0045,SCH-018,TCH-00238,hustling_subject_specialist,Physics,SS3A,SCI-LAB-01,1,Thursday,10:40,12:20,2,10:40,4
SCH-018-LSN-0046,SCH-018,TCH-00238,hustling_subject_specialist,Economics,SS1A,ROOM-SS1A,1,Monday,12:20,13:40,2,12:20,-4
SCH-018-LSN-0047,SCH-018,TCH-00238,hustling_subject_specialist,Physics,SS3B,SCI-LAB-01,1,Thursday,12:20,13:40,2,12:20,-4
SCH-018-LSN-0048,SCH-018,TCH-00239,overworked_generalist,Basic Technology,JSS3A,ROOM-JSS3A,0,Wednesday,8:40,11:20,4,8:40,1.37
SCH-018-LSN-0049,SCH-018,TCH-00239,overworked_generalist,PHE,SS2A,ROOM-SS2A,1,Thursday,8:00,10:40,4,8:00,1.42
SCH-018-LSN-0050,SCH-018,TCH-00239,overworked_generalist,Basic Technology,JSS2B,ROOM-JSS2B,0,Friday,9:20,12:20,4,9:20,1.26
SCH-018-LSN-0051,SCH-018,TCH-00239,overworked_generalist,Basic Technology,JSS2A,ROOM-JSS2A,0,Monday,10:00,13:00,4,10:00,1.11
SCH-018-LSN-0052,SCH-018,TCH-00239,overworked_generalist,PHE,JSS3A,ROOM-JSS3A,1,Thursday,11:40,14:20,4,11:40,1.23
SCH-018-LSN-0053,SCH-018,TCH-00240,overworked_generalist,PHE,SS1B,ROOM-SS1B,1,Tuesday,8:00,10:40,4,8:00,1.4
SCH-018-LSN-0054,SCH-018,TCH-00240,overworked_generalist,PHE,SS1A,ROOM-SS1A,1,Monday,9:20,12:20,4,9:20,1.5
SCH-018-LSN-0055,SCH-018,TCH-00240,overworked_generalist,Basic Technology,JSS2A,ROOM-JSS2A,0,Wednesday,10:00,13:00,4,10:00,1.48
SCH-018-LSN-0056,SCH-018,TCH-00240,overworked_generalist,Basic Technology,JSS2A,ROOM-JSS2A,0,Thursday,10:00,13:00,4,10:00,1.22
SCH-018-LSN-0057,SCH-018,TCH-00240,overworked_generalist,Basic Technology,SS2A,ROOM-SS2A,0,Friday,9:20,12:20,4,9:20,1.15
SCH-018-LSN-0058,SCH-018,TCH-00240,overworked_generalist,CRS,SS2B,ROOM-SS2B,1,Tuesday,11:40,14:20,4,11:40,0.95
SCH-018-LSN-0059,SCH-018,TCH-00241,nysc_corper,Basic Science,JSS1B,ROOM-JSS1B,1,Tuesday,13:40,14:20,1,13:40,4.5
SCH-018-LSN-0060,SCH-018,TCH-00241,nysc_corper,Basic Science,JSS2B,ROOM-JSS2B,1,Monday,8:40,9:20,1,8:40,0
SCH-018-LSN-0061,SCH-018,TCH-00241,nysc_corper,Civic Education,JSS1B,ROOM-JSS1B,1,Wednesday,13:00,13:40,1,13:00,4.5
SCH-018-LSN-0062,SCH-018,TCH-00241,nysc_corper,Civic Education,JSS2A,ROOM-JSS2A,1,Wednesday,13:40,14:20,1,13:40,4.5
SCH-018-LSN-0063,SCH-018,TCH-00241,nysc_corper,Basic Science,JSS2A,ROOM-JSS2A,1,Thursday,13:00,13:40,1,13:00,4.5
SCH-018-LSN-0064,SCH-018,TCH-00241,nysc_corper,Basic Science,JSS3A,ROOM-JSS3A,1,Monday,13:00,13:40,1,13:00,4.5
SCH-018-LSN-0065,SCH-018,TCH-00242,nysc_corper,Basic Science,JSS1A,ROOM-JSS1A,1,Monday,13:40,14:20,1,13:40,4.5
SCH-018-LSN-0066,SCH-018,TCH-00242,nysc_corper,Civic Education,JSS3B,ROOM-JSS3B,1,Monday,13:00,13:40,1,13:00,4.5
SCH-018-LSN-0067,SCH-018,TCH-00242,nysc_corper,Basic Science,JSS3A,ROOM-JSS3A,1,Wednesday,13:00,13:40,1,13:00,4.5
SCH-018-LSN-0068,SCH-018,TCH-00242,nysc_corper,Civic Education,JSS1B,ROOM-JSS1B,1,Monday,8:00,8:40,1,8:00,0
SCH-018-LSN-0069,SCH-018,TCH-00242,nysc_corper,Civic Education,JSS3B,ROOM-JSS3B,1,Tuesday,13:00,13:40,1,13:00,4.5
SCH-018-LSN-0070,SCH-018,TCH-00242,nysc_corper,Civic Education,JSS3A,ROOM-JSS3A,1,Wednesday,13:40,14:20,1,13:40,4.5
SCH-018-LSN-0071,SCH-018,TCH-00242,nysc_corper,Basic Science,JSS3A,ROOM-JSS3A,1,Monday,8:40,9:20,1,8:40,0
SCH-018-LSN-0072,SCH-018,TCH-00242,nysc_corper,Civic Education,JSS2A,ROOM-JSS2A,1,Tuesday,13:40,14:20,1,13:40,4.5
SCH-018-LSN-0073,SCH-018,TCH-00243,veteran_staff_room_boss,Biology,SS3A,SCI-LAB-01,1,Tuesday,8:40,9:20,1,8:40,4
SCH-018-LSN-0074,SCH-018,TCH-00243,veteran_staff_room_boss,Biology,SS3A,SCI-LAB-01,1,Tuesday,9:20,10:00,1,9:20,4
SCH-018-LSN-0075,SCH-018,TCH-00243,veteran_staff_room_boss,Biology,SS2A,SCI-LAB-01,1,Wednesday,8:40,9:20,1,8:40,4
SCH-018-LSN-0076,SCH-018,TCH-00244,overworked_generalist,Basic Technology,JSS2A,ROOM-JSS2A,0,Tuesday,10:00,13:00,4,10:00,1.01
SCH-018-LSN-0077,SCH-018,TCH-00244,overworked_generalist,Basic Technology,JSS2B,ROOM-JSS2B,0,Thursday,9:20,12:20,4,9:20,1.48
SCH-018-LSN-0078,SCH-018,TCH-00244,overworked_generalist,PHE,JSS2B,ROOM-JSS2B,1,Monday,10:00,13:00,4,10:00,1.3
SCH-018-LSN-0079,SCH-018,TCH-00244,overworked_generalist,Basic Technology,SS2A,ROOM-SS2A,0,Wednesday,10:40,13:40,4,10:40,1.34
SCH-019-LSN-0001,SCH-019,TCH-00245,nysc_corper,Basic Science,JSS1A,ROOM-JSS1A,1,Monday,13:00,13:40,1,13:00,4.5
SCH-019-LSN-0002,SCH-019,TCH-00245,nysc_corper,Basic Science,JSS3A,ROOM-JSS3A,1,Monday,13:40,14:20,1,13:40,4.5
SCH-019-LSN-0003,SCH-019,TCH-00245,nysc_corper,Basic Science,JSS2B,ROOM-JSS2B,1,Tuesday,13:00,13:40,1,13:00,4.5
SCH-019-LSN-0004,SCH-019,TCH-00245,nysc_corper,Basic Science,JSS2B,ROOM-JSS2B,1,Tuesday,13:40,14:20,1,13:40,4.5
SCH-019-LSN-0005,SCH-019,TCH-00246,hustling_subject_specialist,Further Mathematics,SS1A,ROOM-SS1A,1,Monday,8:00,10:00,3,8:00,4
SCH-019-LSN-0006,SCH-019,TCH-00246,hustling_subject_specialist,Physics,SS3B,SCI-LAB-01,1,Monday,10:00,12:20,3,10:00,4
SCH-019-LSN-0007,SCH-019,TCH-00246,hustling_subject_specialist,Further Mathematics,SS3A,ROOM-SS3A,1,Tuesday,8:00,10:00,3,8:00,4
SCH-019-LSN-0008,SCH-019,TCH-00246,hustling_subject_specialist,Further Mathematics,SS1B,ROOM-SS1B,1,Tuesday,10:00,12:20,3,10:00,4
SCH-019-LSN-0009,SCH-019,TCH-00246,hustling_subject_specialist,Further Mathematics,SS3B,ROOM-SS3B,1,Monday,12:20,14:20,3,12:20,-4
SCH-019-LSN-0010,SCH-019,TCH-00246,hustling_subject_specialist,Physics,SS2A,SCI-LAB-01,1,Tuesday,12:20,14:20,3,12:20,-4
SCH-019-LSN-0011,SCH-019,TCH-00247,hustling_subject_specialist,Economics,SS1A,ROOM-SS1A,1,Monday,10:00,12:20,3,10:00,4
SCH-019-LSN-0012,SCH-019,TCH-00247,hustling_subject_specialist,Economics,SS1B,ROOM-SS1B,1,Monday,8:00,10:00,3,8:00,4
SCH-019-LSN-0013,SCH-019,TCH-00248,nysc_corper,Civic Education,JSS1B,ROOM-JSS1B,1,Monday,13:00,13:40,1,13:00,4.5
SCH-019-LSN-0014,SCH-019,TCH-00248,nysc_corper,Basic Science,JSS1B,ROOM-JSS1B,1,Monday,13:40,14:20,1,13:40,4.5
SCH-019-LSN-0015,SCH-019,TCH-00248,nysc_corper,Civic Education,JSS2A,ROOM-JSS2A,1,Wednesday,13:00,13:40,1,13:00,4.5
SCH-019-LSN-0016,SCH-019,TCH-00248,nysc_corper,Basic Science,JSS1B,ROOM-JSS1B,1,Wednesday,13:40,14:20,1,13:40,4.5
SCH-019-LSN-0017,SCH-019,TCH-00248,nysc_corper,Civic Education,JSS1B,ROOM-JSS1B,1,Thursday,13:00,13:40,1,13:00,4.5
SCH-019-LSN-0018,SCH-019,TCH-00248,nysc_corper,Basic Science,JSS2B,ROOM-JSS2B,1,Thursday,13:40,14:20,1,13:40,4.5
SCH-019-LSN-0019,SCH-019,TCH-00248,nysc_corper,Civic Education,JSS1A,ROOM-JSS1A,1,Monday,8:00,8:40,1,8:00,0
SCH-019-LSN-0020,SCH-019,TCH-00248,nysc_corper,Civic Education,JSS1A,ROOM-JSS1A,1,Monday,8:40,9:20,1,8:40,0
SCH-019-LSN-0021,SCH-019,TCH-00249,overworked_generalist,CRS,SS2A,ROOM-SS2A,1,Friday,9:20,12:20,4,9:20,1.45
SCH-019-LSN-0022,SCH-019,TCH-00249,overworked_generalist,Basic Technology,SS1B,WORKSHOP-01,1,Thursday,8:00,10:40,4,8:00,1.46
SCH-019-LSN-0023,SCH-019,TCH-00249,overworked_generalist,CRS,SS2B,ROOM-SS2B,1,Monday,10:40,13:40,4,10:40,1.43
SCH-019-LSN-0024,SCH-019,TCH-00249,overworked_generalist,CRS,SS1B,ROOM-SS1B,1,Wednesday,10:40,13:40,4,10:40,1.37
SCH-019-LSN-0025,SCH-019,TCH-00249,overworked_generalist,Basic Technology,JSS1A,ROOM-JSS1A,0,Tuesday,8:00,10:40,4,8:00,1.47
SCH-019-LSN-0026,SCH-019,TCH-00249,overworked_generalist,Basic Technology,SS3B,ROOM-SS3B,0,Tuesday,10:40,13:40,4,10:40,1.29
SCH-019-LSN-0027,SCH-019,TCH-00249,overworked_generalist,CRS,JSS1B,ROOM-JSS1B,1,Monday,8:00,10:40,4,8:00,1.32
SCH-019-LSN-0028,SCH-019,TCH-00249,overworked_generalist,PHE,SS3A,ROOM-SS3A,1,Thursday,10:40,13:40,4,10:40,1.22
SCH-019-LSN-0029,SCH-019,TCH-00249,overworked_generalist,Basic Technology,JSS3A,ROOM-JSS3A,0,Wednesday,8:00,10:40,4,8:00,1.47
SCH-019-LSN-0030,SCH-019,TCH-00250,hustling_subject_specialist,Further Mathematics,SS3A,ROOM-SS3A,1,Monday,8:00,10:00,3,8:00,4
SCH-019-LSN-0031,SCH-019,TCH-00250,hustling_subject_specialist,Further Mathematics,SS2A,ROOM-SS2A,1,Monday,10:00,12:20,3,10:00,4
SCH-019-LSN-0032,SCH-019,TCH-00250,hustling_subject_specialist,Further Mathematics,SS3A,ROOM-SS3A,1,Tuesday,10:00,12:20,3,10:00,4
SCH-019-LSN-0033,SCH-019,TCH-00251,nysc_corper,Basic Science,JSS3A,ROOM-JSS3A,1,Monday,13:00,13:40,1,13:00,4.5
SCH-019-LSN-0034,SCH-019,TCH-00251,nysc_corper,Basic Science,JSS2A,ROOM-JSS2A,1,Monday,13:40,14:20,1,13:40,4.5
SCH-019-LSN-0035,SCH-019,TCH-00251,nysc_corper,Basic Science,JSS1B,ROOM-JSS1B,1,Tuesday,13:00,13:40,1,13:00,4.5
SCH-019-LSN-0036,SCH-019,TCH-00252,hustling_subject_specialist,Physics,SS3B,SCI-LAB-01,1,Wednesday,8:00,9:20,2,8:00,4
SCH-019-LSN-0037,SCH-019,TCH-00252,hustling_subject_specialist,Economics,SS3B,ROOM-SS3B,1,Wednesday,9:20,10:40,2,9:20,4
SCH-019-LSN-0038,SCH-019,TCH-00252,hustling_subject_specialist,Economics,SS2B,ROOM-SS2B,1,Wednesday,10:40,12:20,2,10:40,4
SCH-019-LSN-0039,SCH-019,TCH-00252,hustling_subject_specialist,Physics,SS3B,SCI-LAB-01,1,Thursday,8:00,9:20,2,8:00,4
SCH-019-LSN-0040,SCH-019,TCH-00253,overworked_generalist,PHE,SS2A,ROOM-SS2A,1,Wednesday,8:00,11:20,5,8:00,1.43
SCH-019-LSN-0041,SCH-019,TCH-00253,overworked_generalist,PHE,JSS2A,ROOM-JSS2A,1,Friday,8:40,12:20,5,8:40,1.46
SCH-019-LSN-0042,SCH-019,TCH-00253,overworked_generalist,PHE,JSS2A,ROOM-JSS2A,1,Thursday,10:40,14:20,5,10:40,1.4
SCH-019-LSN-0043,SCH-019,TCH-00253,overworked_generalist,Basic Technology,JSS3B,WORKSHOP-01,1,Monday,9:20,13:00,5,9:20,1.48
SCH-019-LSN-0044,SCH-019,TCH-00253,overworked_generalist,PHE,SS2A,ROOM-SS2A,1,Tuesday,8:00,11:20,5,8:00,1.05
SCH-019-LSN-0045,SCH-019,TCH-00254,overworked_generalist,PHE,JSS2B,ROOM-JSS2B,1,Friday,8:40,10:40,3,8:40,1.41
SCH-019-LSN-0046,SCH-019,TCH-00254,overworked_generalist,PHE,SS1B,ROOM-SS1B,1,Monday,11:40,13:40,3,11:40,1.4
SCH-019-LSN-0047,SCH-019,TCH-00254,overworked_generalist,PHE,JSS3B,ROOM-JSS3B,1,Wednesday,8:40,10:40,3,8:40,1.45
SCH-019-LSN-0048,SCH-019,TCH-00254,overworked_generalist,PHE,JSS2A,ROOM-JSS2A,1,Tuesday,8:40,10:40,3,8:40,1.43
SCH-019-LSN-0049,SCH-019,TCH-00255,nysc_corper,Basic Science,JSS3B,ROOM-JSS3B,1,Monday,13:00,13:40,1,13:00,4.5
SCH-019-LSN-0050,SCH-019,TCH-00255,nysc_corper,Basic Science,JSS3A,ROOM-JSS3A,1,Tuesday,13:00,13:40,1,13:00,4.5
SCH-019-LSN-0051,SCH-019,TCH-00255,nysc_corper,Civic Education,JSS2A,ROOM-JSS2A,1,Tuesday,13:40,14:20,1,13:40,4.5
SCH-019-LSN-0052,SCH-019,TCH-00255,nysc_corper,Basic Science,JSS3B,ROOM-JSS3B,1,Monday,13:40,14:20,1,13:40,4.5
SCH-019-LSN-0053,SCH-019,TCH-00255,nysc_corper,Basic Science,JSS1A,ROOM-JSS1A,1,Thursday,13:00,13:40,1,13:00,4.5
SCH-019-LSN-0054,SCH-019,TCH-00255,nysc_corper,Civic Education,JSS2A,ROOM-JSS2A,1,Monday,8:00,8:40,1,8:00,0
SCH-019-LSN-0055,SCH-019,TCH-00255,nysc_corper,Basic Science,JSS1B,ROOM-JSS1B,1,Thursday,13:40,14:20,1,13:40,4.5
SCH-019-LSN-0056,SCH-019,TCH-00255,nysc_corper,Civic Education,JSS1A,ROOM-JSS1A,1,Monday,9:20,10:00,1,9:20,0
SCH-019-LSN-0057,SCH-019,TCH-00256,nysc_corper,Civic Education,JSS3A,ROOM-JSS3A,1,Tuesday,13:40,14:20,1,13:40,4.5
SCH-019-LSN-0058,SCH-019,TCH-00256,nysc_corper,Civic Education,JSS2B,ROOM-JSS2B,1,Wednesday,13:00,13:40,1,13:00,4.5
SCH-019-LSN-0059,SCH-019,TCH-00256,nysc_corper,Civic Education,JSS3A,ROOM-JSS3A,1,Wednesday,13:40,14:20,1,13:40,4.5
SCH-019-LSN-0060,SCH-019,TCH-00256,nysc_corper,Civic Education,JSS1B,ROOM-JSS1B,1,Tuesday,8:00,8:40,1,8:00,0
SCH-019-LSN-0061,SCH-019,TCH-00256,nysc_corper,Civic Education,JSS1A,ROOM-JSS1A,1,Tuesday,13:00,13:40,1,13:00,4.5
SCH-019-LSN-0062,SCH-019,TCH-00256,nysc_corper,Civic Education,JSS2A,ROOM-JSS2A,1,Tuesday,10:40,11:20,1,10:40,0
SCH-019-LSN-0063,SCH-019,TCH-00256,nysc_corper,Basic Science,JSS1A,ROOM-JSS1A,1,Thursday,13:40,14:20,1,13:40,4.5
SCH-019-LSN-0064,SCH-019,TCH-00256,nysc_corper,Basic Science,JSS3B,ROOM-JSS3B,1,Thursday,13:00,13:40,1,13:00,4.5
SCH-019-LSN-0065,SCH-019,TCH-00257,hustling_subject_specialist,Economics,SS2B,ROOM-SS2B,1,Monday,8:00,10:00,3,8:00,4
SCH-019-LSN-0066,SCH-019,TCH-00257,hustling_subject_specialist,Further Mathematics,SS1A,ROOM-SS1A,1,Thursday,8:00,10:00,3,8:00,4
SCH-019-LSN-0067,SCH-019,TCH-00257,hustling_subject_specialist,Economics,SS2B,ROOM-SS2B,1,Thursday,10:00,12:20,3,10:00,4
SCH-019-LSN-0068,SCH-019,TCH-00257,hustling_subject_specialist,Further Mathematics,SS1B,ROOM-SS1B,1,Thursday,12:20,14:20,3,12:20,-4
SCH-019-LSN-0069,SCH-019,TCH-00257,hustling_subject_specialist,Economics,SS2A,ROOM-SS2A,1,Monday,12:20,14:20,3,12:20,-4
SCH-019-LSN-0070,SCH-019,TCH-00258,nysc_corper,Basic Science,JSS1A,ROOM-JSS1A,1,Monday,13:40,14:20,1,13:40,4.5
SCH-019-LSN-0071,SCH-019,TCH-00258,nysc_corper,Basic Science,JSS3A,ROOM-JSS3A,1,Wednesday,13:00,13:40,1,13:00,4.5
SCH-019-LSN-0072,SCH-019,TCH-00258,nysc_corper,Basic Science,JSS2B,ROOM-JSS2B,1,Monday,13:00,13:40,1,13:00,4.5
SCH-019-LSN-0073,SCH-019,TCH-00259,hustling_subject_specialist,Further Mathematics,SS3B,ROOM-SS3B,1,Tuesday,8:00,10:00,3,8:00,4
SCH-019-LSN-0074,SCH-019,TCH-00259,hustling_subject_specialist,Further Mathematics,SS1A,ROOM-SS1A,1,Tuesday,10:00,12:20,3,10:00,4
SCH-019-LSN-0075,SCH-019,TCH-00259,hustling_subject_specialist,Further Mathematics,SS2A,ROOM-SS2A,1,Thursday,8:00,10:00,3,8:00,4
SCH-020-LSN-0001,SCH-020,TCH-00260,nysc_corper,Basic Science,JSS3B,ROOM-JSS3B,1,Monday,13:00,13:40,1,13:00,4.5
SCH-020-LSN-0002,SCH-020,TCH-00260,nysc_corper,Basic Science,JSS1B,ROOM-JSS1B,1,Monday,13:40,14:20,1,13:40,4.5
SCH-020-LSN-0003,SCH-020,TCH-00261,nysc_corper,Basic Science,JSS3A,ROOM-JSS3A,1,Monday,13:00,13:40,1,13:00,4.5
SCH-020-LSN-0004,SCH-020,TCH-00261,nysc_corper,Basic Science,JSS3A,ROOM-JSS3A,1,Monday,13:40,14:20,1,13:40,4.5
SCH-020-LSN-0005,SCH-020,TCH-00261,nysc_corper,Civic Education,JSS1B,ROOM-JSS1B,1,Tuesday,13:00,13:40,1,13:00,4.5
SCH-020-LSN-0006,SCH-020,TCH-00261,nysc_corper,Basic Science,JSS1A,ROOM-JSS1A,1,Tuesday,13:40,14:20,1,13:40,4.5
SCH-020-LSN-0007,SCH-020,TCH-00262,nysc_corper,Basic Science,JSS3A,ROOM-JSS3A,1,Tuesday,13:00,13:40,1,13:00,4.5
SCH-020-LSN-0008,SCH-020,TCH-00262,nysc_corper,Basic Science,JSS2A,ROOM-JSS2A,1,Monday,13:00,13:40,1,13:00,4.5
SCH-020-LSN-0009,SCH-020,TCH-00262,nysc_corper,Basic Science,JSS3B,ROOM-JSS3B,1,Monday,13:40,14:20,1,13:40,4.5
SCH-020-LSN-0010,SCH-020,TCH-00262,nysc_corper,Basic Science,JSS3B,ROOM-JSS3B,1,Tuesday,13:40,14:20,1,13:40,4.5
SCH-020-LSN-0011,SCH-020,TCH-00263,veteran_staff_room_boss,Biology,SS3B,SCI-LAB-01,1,Monday,8:40,9:20,1,8:40,4
SCH-020-LSN-0012,SCH-020,TCH-00263,veteran_staff_room_boss,Further Mathematics,SS1A,ROOM-SS1A,1,Monday,9:20,10:00,1,9:20,4
SCH-020-LSN-0013,SCH-020,TCH-00263,veteran_staff_room_boss,Further Mathematics,SS1B,ROOM-SS1B,1,Monday,10:00,10:40,1,10:00,4
SCH-020-LSN-0014,SCH-020,TCH-00263,veteran_staff_room_boss,Biology,SS1A,SCI-LAB-01,1,Tuesday,8:40,9:20,1,8:40,4
SCH-020-LSN-0015,SCH-020,TCH-00263,veteran_staff_room_boss,Further Mathematics,SS3B,ROOM-SS3B,1,Tuesday,9:20,10:00,1,9:20,4
SCH-020-LSN-0016,SCH-020,TCH-00263,veteran_staff_room_boss,Biology,SS1B,SCI-LAB-01,1,Tuesday,10:00,10:40,1,10:00,4
SCH-020-LSN-0017,SCH-020,TCH-00263,veteran_staff_room_boss,Biology,SS1A,SCI-LAB-01,1,Wednesday,8:40,9:20,1,8:40,4
SCH-020-LSN-0018,SCH-020,TCH-00263,veteran_staff_room_boss,Further Mathematics,SS1B,ROOM-SS1B,1,Wednesday,9:20,10:00,1,9:20,4
SCH-020-LSN-0019,SCH-020,TCH-00264,nysc_corper,Civic Education,JSS1B,ROOM-JSS1B,1,Monday,13:00,13:40,1,13:00,4.5
SCH-020-LSN-0020,SCH-020,TCH-00264,nysc_corper,Civic Education,JSS3A,ROOM-JSS3A,1,Tuesday,13:40,14:20,1,13:40,4.5
SCH-020-LSN-0021,SCH-020,TCH-00264,nysc_corper,Civic Education,JSS3A,ROOM-JSS3A,1,Wednesday,13:00,13:40,1,13:00,4.5
SCH-020-LSN-0022,SCH-020,TCH-00265,veteran_staff_room_boss,Further Mathematics,SS3B,ROOM-SS3B,1,Monday,9:20,10:00,1,9:20,4
SCH-020-LSN-0023,SCH-020,TCH-00265,veteran_staff_room_boss,Biology,SS1B,SCI-LAB-01,1,Tuesday,8:40,9:20,1,8:40,4
SCH-020-LSN-0024,SCH-020,TCH-00265,veteran_staff_room_boss,Biology,SS2A,SCI-LAB-01,1,Monday,10:00,10:40,1,10:00,4
SCH-020-LSN-0025,SCH-020,TCH-00265,veteran_staff_room_boss,Further Mathematics,SS1B,ROOM-SS1B,1,Tuesday,9:20,10:00,1,9:20,4
SCH-020-LSN-0026,SCH-020,TCH-00265,veteran_staff_room_boss,Further Mathematics,SS1A,ROOM-SS1A,1,Tuesday,10:00,10:40,1,10:00,4
SCH-020-LSN-0027,SCH-020,TCH-00265,veteran_staff_room_boss,Biology,SS3B,SCI-LAB-01,1,Wednesday,8:40,9:20,1,8:40,4
SCH-020-LSN-0028,SCH-020,TCH-00266,hustling_subject_specialist,Economics,SS1A,ROOM-SS1A,1,Tuesday,10:40,13:00,3,10:40,4
SCH-020-LSN-0029,SCH-020,TCH-00266,hustling_subject_specialist,Economics,SS2B,ROOM-SS2B,1,Tuesday,8:00,10:00,3,8:00,4
SCH-020-LSN-0030,SCH-020,TCH-00266,hustling_subject_specialist,Economics,SS3A,ROOM-SS3A,1,Wednesday,8:00,10:00,3,8:00,4
SCH-020-LSN-0031,SCH-020,TCH-00266,hustling_subject_specialist,Physics,SS1B,SCI-LAB-01,1,Wednesday,10:00,12:20,3,10:00,4
SCH-020-LSN-0032,SCH-020,TCH-00266,hustling_subject_specialist,Economics,SS3B,ROOM-SS3B,1,Wednesday,12:20,14:20,3,12:20,-4
SCH-020-LSN-0033,SCH-020,TCH-00267,overworked_generalist,PHE,SS1B,ROOM-SS1B,1,Friday,8:00,11:20,5,8:00,1.5
SCH-020-LSN-0034,SCH-020,TCH-00267,overworked_generalist,CRS,JSS3A,ROOM-JSS3A,1,Thursday,9:20,13:00,5,9:20,1.45
SCH-020-LSN-0035,SCH-020,TCH-00267,overworked_generalist,PHE,SS3B,ROOM-SS3B,1,Monday,10:40,14:20,5,10:40,1.48
SCH-020-LSN-0036,SCH-020,TCH-00267,overworked_generalist,CRS,JSS1B,ROOM-JSS1B,1,Tuesday,9:20,13:00,5,9:20,1.47
SCH-020-LSN-0037,SCH-020,TCH-00267,overworked_generalist,CRS,SS2A,ROOM-SS2A,1,Wednesday,8:00,11:20,5,8:00,1.43
SCH-020-LSN-0038,SCH-020,TCH-00268,hustling_subject_specialist,Further Mathematics,SS1B,ROOM-SS1B,1,Monday,8:00,9:20,2,8:00,4
SCH-020-LSN-0039,SCH-020,TCH-00268,hustling_subject_specialist,Physics,SS3A,ROOM-SS3A,0,Monday,10:00,11:20,2,10:00,4
SCH-020-LSN-0040,SCH-020,TCH-00268,hustling_subject_specialist,Further Mathematics,SS1A,ROOM-SS1A,1,Thursday,8:00,9:20,2,8:00,4
SCH-020-LSN-0041,SCH-020,TCH-00268,hustling_subject_specialist,Further Mathematics,SS3A,ROOM-SS3A,1,Thursday,9:20,10:40,2,9:20,4
SCH-020-LSN-0042,SCH-020,TCH-00269,nysc_corper,Civic Education,JSS1B,ROOM-JSS1B,1,Tuesday,13:40,14:20,1,13:40,4.5
SCH-020-LSN-0043,SCH-020,TCH-00269,nysc_corper,Basic Science,JSS3B,ROOM-JSS3B,1,Tuesday,13:00,13:40,1,13:00,4.5
SCH-020-LSN-0044,SCH-020,TCH-00269,nysc_corper,Civic Education,JSS2A,ROOM-JSS2A,1,Wednesday,13:00,13:40,1,13:00,4.5
SCH-020-LSN-0045,SCH-020,TCH-00269,nysc_corper,Civic Education,JSS1B,ROOM-JSS1B,1,Wednesday,13:40,14:20,1,13:40,4.5
SCH-020-LSN-0046,SCH-020,TCH-00269,nysc_corper,Civic Education,JSS1A,ROOM-JSS1A,1,Thursday,13:00,13:40,1,13:00,4.5
SCH-020-LSN-0047,SCH-020,TCH-00269,nysc_corper,Basic Science,JSS2A,ROOM-JSS2A,1,Thursday,13:40,14:20,1,13:40,4.5
SCH-020-LSN-0048,SCH-020,TCH-00270,hustling_subject_specialist,Economics,SS3A,ROOM-SS3A,1,Monday,8:00,10:00,3,8:00,4
SCH-020-LSN-0049,SCH-020,TCH-00270,hustling_subject_specialist,Economics,SS3B,ROOM-SS3B,1,Tuesday,10:00,12:20,3,10:00,4
SCH-020-LSN-0050,SCH-020,TCH-00271,overworked_generalist,Basic Technology,SS3B,ROOM-SS3B,0,Thursday,8:00,10:00,3,8:00,1.31
SCH-020-LSN-0051,SCH-020,TCH-00271,overworked_generalist,PHE,SS1A,ROOM-SS1A,1,Wednesday,11:40,13:40,3,11:40,1.47
SCH-020-LSN-0052,SCH-020,TCH-00271,overworked_generalist,CRS,SS2A,ROOM-SS2A,1,Monday,8:00,10:00,3,8:00,1.49
SCH-020-LSN-0053,SCH-020,TCH-00271,overworked_generalist,PHE,JSS2B,ROOM-JSS2B,1,Thursday,10:40,13:00,3,10:40,1.32
SCH-020-LSN-0054,SCH-020,TCH-00271,overworked_generalist,Basic Technology,SS3A,ROOM-SS3A,0,Tuesday,11:40,13:40,3,11:40,1.36
SCH-020-LSN-0055,SCH-020,TCH-00271,overworked_generalist,CRS,SS1A,ROOM-SS1A,1,Monday,11:40,13:40,3,11:40,1.42
SCH-020-LSN-0056,SCH-020,TCH-00272,nysc_corper,Civic Education,JSS2B,ROOM-JSS2B,1,Monday,13:00,13:40,1,13:00,4.5
SCH-020-LSN-0057,SCH-020,TCH-00272,nysc_corper,Civic Education,JSS3B,ROOM-JSS3B,1,Thursday,13:00,13:40,1,13:00,4.5
SCH-020-LSN-0058,SCH-020,TCH-00272,nysc_corper,Civic Education,JSS2A,ROOM-JSS2A,1,Monday,13:40,14:20,1,13:40,4.5
SCH-020-LSN-0059,SCH-020,TCH-00272,nysc_corper,Civic Education,JSS3A,ROOM-JSS3A,1,Thursday,13:40,14:20,1,13:40,4.5
SCH-020-LSN-0060,SCH-020,TCH-00273,nysc_corper,Civic Education,JSS2B,ROOM-JSS2B,1,Monday,13:40,14:20,1,13:40,4.5
SCH-020-LSN-0061,SCH-020,TCH-00273,nysc_corper,Civic Education,JSS1B,ROOM-JSS1B,1,Wednesday,13:00,13:40,1,13:00,4.5
SCH-020-LSN-0062,SCH-020,TCH-00273,nysc_corper,Basic Science,JSS2B,ROOM-JSS2B,1,Tuesday,13:00,13:40,1,13:00,4.5
SCH-020-LSN-0063,SCH-020,TCH-00273,nysc_corper,Civic Education,JSS3B,ROOM-JSS3B,1,Wednesday,13:40,14:20,1,13:40,4.5
SCH-020-LSN-0064,SCH-020,TCH-00273,nysc_corper,Basic Science,JSS2B,ROOM-JSS2B,1,Tuesday,13:40,14:20,1,13:40,4.5
SCH-020-LSN-0065,SCH-020,TCH-00273,nysc_corper,Basic Science,JSS3B,ROOM-JSS3B,1,Monday,8:00,8:40,1,8:00,0
SCH-020-LSN-0066,SCH-020,TCH-00273,nysc_corper,Basic Science,JSS1A,ROOM-JSS1A,1,Monday,13:00,13:40,1,13:00,4.5
SCH-020-LSN-0067,SCH-020,TCH-00273,nysc_corper,Basic Science,JSS1A,ROOM-JSS1A,1,Monday,8:40,9:20,1,8:40,0
SCH-020-LSN-0068,SCH-020,TCH-00274,nysc_corper,Basic Science,JSS3A,ROOM-JSS3A,1,Wednesday,13:40,14:20,1,13:40,4.5
SCH-020-LSN-0069,SCH-020,TCH-00274,nysc_corper,Basic Science,JSS3B,ROOM-JSS3B,1,Wednesday,13:00,13:40,1,13:00,4.5
SCH-020-LSN-0070,SCH-020,TCH-00274,nysc_corper,Basic Science,JSS2B,ROOM-JSS2B,1,Thursday,13:00,13:40,1,13:00,4.5
SCH-020-LSN-0071,SCH-020,TCH-00274,nysc_corper,Basic Science,JSS1A,ROOM-JSS1A,1,Tuesday,13:00,13:40,1,13:00,4.5
SCH-021-LSN-0001,SCH-021,TCH-00275,overworked_generalist,CRS,JSS2B,ROOM-JSS2B,1,Monday,8:40,10:40,3,8:40,1.39
SCH-021-LSN-0002,SCH-021,TCH-00275,overworked_generalist,PHE,JSS3B,ROOM-JSS3B,1,Thursday,8:40,10:40,3,8:40,1.48
SCH-021-LSN-0003,SCH-021,TCH-00275,overworked_generalist,PHE,JSS3A,ROOM-JSS3A,1,Tuesday,8:40,10:40,3,8:40,1.49
SCH-021-LSN-0004,SCH-021,TCH-00275,overworked_generalist,PHE,SS1B,ROOM-SS1B,1,Friday,8:00,10:00,3,8:00,1.47
SCH-021-LSN-0005,SCH-021,TCH-00275,overworked_generalist,CRS,JSS2A,ROOM-JSS2A,1,Friday,10:00,12:20,3,10:00,1.5
SCH-021-LSN-0006,SCH-021,TCH-00275,overworked_generalist,Basic Technology,SS3B,WORKSHOP-01,1,Tuesday,10:40,13:00,3,10:40,1.33
SCH-021-LSN-0007,SCH-021,TCH-00275,overworked_generalist,Basic Technology,SS3A,WORKSHOP-01,1,Thursday,12:20,14:20,3,12:20,1.4
SCH-021-LSN-0008,SCH-021,TCH-00275,overworked_generalist,Basic Technology,JSS2A,ROOM-JSS2A,0,Wednesday,12:20,14:20,3,12:20,1.44
SCH-021-LSN-0009,SCH-021,TCH-00275,overworked_generalist,PHE,JSS3A,ROOM-JSS3A,1,Wednesday,10:00,12:20,3,10:00,1.37
SCH-021-LSN-0010,SCH-021,TCH-00275,overworked_generalist,PHE,JSS1B,ROOM-JSS1B,1,Wednesday,8:00,10:00,3,8:00,1.3
SCH-021-LSN-0011,SCH-021,TCH-00275,overworked_generalist,PHE,SS2A,ROOM-SS2A,1,Monday,10:40,13:00,3,10:40,1.19
SCH-021-LSN-0012,SCH-021,TCH-00276,hustling_subject_specialist,Economics,SS3A,ROOM-SS3A,1,Monday,8:00,9:20,2,8:00,4
SCH-021-LSN-0013,SCH-021,TCH-00276,hustling_subject_specialist,Physics,SS3B,SCI-LAB-01,1,Monday,9:20,10:40,2,9:20,4
SCH-021-LSN-0014,SCH-021,TCH-00276,hustling_subject_specialist,Economics,SS1A,ROOM-SS1A,1,Monday,10:40,12:20,2,10:40,4
SCH-021-LSN-0015,SCH-021,TCH-00276,hustling_subject_specialist,Physics,SS3A,SCI-LAB-01,1,Thursday,8:00,9:20,2,8:00,4
SCH-021-LSN-0016,SCH-021,TCH-00277,veteran_staff_room_boss,Further Mathematics,SS2A,ROOM-SS2A,1,Monday,8:40,10:00,2,8:40,4
SCH-021-LSN-0017,SCH-021,TCH-00277,veteran_staff_room_boss,Further Mathematics,SS1A,ROOM-SS1A,1,Tuesday,8:40,10:00,2,8:40,4
SCH-021-LSN-0018,SCH-021,TCH-00277,veteran_staff_room_boss,Further Mathematics,SS3A,ROOM-SS3A,1,Monday,10:00,11:20,2,10:00,4
SCH-021-LSN-0019,SCH-021,TCH-00278,overworked_generalist,Basic Technology,JSS3A,ROOM-JSS3A,0,Thursday,8:00,10:40,4,8:00,1.45
SCH-021-LSN-0020,SCH-021,TCH-00278,overworked_generalist,CRS,JSS3A,ROOM-JSS3A,1,Monday,9:20,12:20,4,9:20,1.46
SCH-021-LSN-0021,SCH-021,TCH-00278,overworked_generalist,CRS,JSS2A,ROOM-JSS2A,1,Tuesday,11:40,14:20,4,11:40,1.49
SCH-021-LSN-0022,SCH-021,TCH-00278,overworked_generalist,PHE,JSS3A,ROOM-JSS3A,1,Thursday,10:40,13:40,4,10:40,1.2
SCH-021-LSN-0023,SCH-021,TCH-00278,overworked_generalist,Basic Technology,SS3A,ROOM-SS3A,0,Wednesday,11:40,14:20,4,11:40,1.43
SCH-021-LSN-0024,SCH-021,TCH-00278,overworked_generalist,Basic Technology,JSS1B,ROOM-JSS1B,0,Friday,9:20,12:20,4,9:20,1.39
SCH-021-LSN-0025,SCH-021,TCH-00279,overworked_generalist,CRS,JSS1A,ROOM-JSS1A,1,Wednesday,11:40,14:20,4,11:40,1.49
SCH-021-LSN-0026,SCH-021,TCH-00279,overworked_generalist,Basic Technology,JSS2A,ROOM-JSS2A,0,Tuesday,8:00,10:40,4,8:00,1.47
SCH-021-LSN-0027,SCH-021,TCH-00279,overworked_generalist,Basic Technology,SS3B,ROOM-SS3B,0,Thursday,11:40,14:20,4,11:40,1.5
SCH-021-LSN-0028,SCH-021,TCH-00279,overworked_generalist,CRS,SS1A,ROOM-SS1A,1,Monday,8:00,10:40,4,8:00,1.4
SCH-021-LSN-0029,SCH-021,TCH-00279,overworked_generalist,Basic Technology,SS2A,ROOM-SS2A,0,Wednesday,8:40,11:20,4,8:40,1.41
SCH-021-LSN-0030,SCH-021,TCH-00279,overworked_generalist,Basic Technology,JSS2B,ROOM-JSS2B,0,Monday,11:40,14:20,4,11:40,1.46
SCH-021-LSN-0031,SCH-021,TCH-00279,overworked_generalist,Basic Technology,JSS2B,ROOM-JSS2B,0,Friday,8:00,10:40,4,8:00,1.22
SCH-021-LSN-0032,SCH-021,TCH-00279,overworked_generalist,Basic Technology,SS2A,ROOM-SS2A,0,Tuesday,10:40,13:40,4,10:40,1.41
SCH-021-LSN-0033,SCH-021,TCH-00280,nysc_corper,Basic Science,JSS2A,ROOM-JSS2A,1,Monday,13:00,13:40,1,13:00,4.5
SCH-021-LSN-0034,SCH-021,TCH-00280,nysc_corper,Basic Science,JSS1B,ROOM-JSS1B,1,Monday,13:40,14:20,1,13:40,4.5
SCH-021-LSN-0035,SCH-021,TCH-00280,nysc_corper,Basic Science,JSS1B,ROOM-JSS1B,1,Tuesday,13:00,13:40,1,13:00,4.5
SCH-021-LSN-0036,SCH-021,TCH-00281,nysc_corper,Basic Science,JSS2B,ROOM-JSS2B,1,Tuesday,13:00,13:40,1,13:00,4.5
SCH-021-LSN-0037,SCH-021,TCH-00281,nysc_corper,Basic Science,JSS3A,ROOM-JSS3A,1,Monday,13:00,13:40,1,13:00,4.5
SCH-021-LSN-0038,SCH-021,TCH-00281,nysc_corper,Basic Science,JSS2B,ROOM-JSS2B,1,Tuesday,13:40,14:20,1,13:40,4.5
SCH-021-LSN-0039,SCH-021,TCH-00281,nysc_corper,Basic Science,JSS2A,ROOM-JSS2A,1,Monday,13:40,14:20,1,13:40,4.5
SCH-021-LSN-0040,SCH-021,TCH-00282,nysc_corper,Civic Education,JSS3B,ROOM-JSS3B,1,Monday,13:00,13:40,1,13:00,4.5
SCH-021-LSN-0041,SCH-021,TCH-00282,nysc_corper,Civic Education,JSS3B,ROOM-JSS3B,1,Monday,13:40,14:20,1,13:40,4.5
SCH-021-LSN-0042,SCH-021,TCH-00283,hustling_subject_specialist,Further Mathematics,SS1B,ROOM-SS1B,1,Wednesday,8:00,9:20,2,8:00,4
SCH-021-LSN-0043,SCH-021,TCH-00283,hustling_subject_specialist,Further Mathematics,SS2A,ROOM-SS2A,1,Thursday,8:00,9:20,2,8:00,4
SCH-021-LSN-0044,SCH-021,TCH-00283,hustling_subject_specialist,Physics,SS3A,SCI-LAB-01,1,Wednesday,9:20,10:40,2,9:20,4
SCH-021-LSN-0045,SCH-021,TCH-00283,hustling_subject_specialist,Physics,SS1A,SCI-LAB-01,1,Wednesday,10:40,12:20,2,10:40,4
SCH-021-LSN-0046,SCH-021,TCH-00284,overworked_generalist,Basic Technology,SS1A,ROOM-SS1A,0,Thursday,11:40,13:40,3,11:40,1.49
SCH-021-LSN-0047,SCH-021,TCH-00284,overworked_generalist,PHE,JSS3B,ROOM-JSS3B,1,Tuesday,11:40,13:40,3,11:40,1.47
SCH-021-LSN-0048,SCH-021,TCH-00284,overworked_generalist,PHE,JSS2A,ROOM-JSS2A,1,Monday,10:40,13:00,3,10:40,1.47
SCH-021-LSN-0049,SCH-021,TCH-00284,overworked_generalist,PHE,SS1B,ROOM-SS1B,1,Tuesday,8:40,10:40,3,8:40,1.44
SCH-021-LSN-0050,SCH-021,TCH-00285,hustling_subject_specialist,Further Mathematics,SS2A,ROOM-SS2A,1,Thursday,9:20,10:40,2,9:20,4
SCH-021-LSN-0051,SCH-021,TCH-00285,hustling_subject_specialist,Further Mathematics,SS1A,ROOM-SS1A,1,Wednesday,8:00,9:20,2,8:00,4
SCH-021-LSN-0052,SCH-021,TCH-00286,overworked_generalist,PHE,SS1B,ROOM-SS1B,1,Wednesday,9:20,13:00,5,9:20,1.44
SCH-021-LSN-0053,SCH-021,TCH-00286,overworked_generalist,PHE,SS3A,ROOM-SS3A,1,Tuesday,8:00,11:20,5,8:00,1.42
SCH-021-LSN-0054,SCH-021,TCH-00286,overworked_generalist,PHE,JSS1B,ROOM-JSS1B,1,Monday,8:00,11:20,5,8:00,1.36
SCH-021-LSN-0055,SCH-021,TCH-00286,overworked_generalist,CRS,SS2B,ROOM-SS2B,1,Thursday,10:40,14:20,5,10:40,1.49
SCH-021-LSN-0056,SCH-021,TCH-00286,overworked_generalist,CRS,SS3A,ROOM-SS3A,1,Friday,8:40,12:20,5,8:40,1.26
SCH-021-LSN-0057,SCH-021,TCH-00287,nysc_corper,Civic Education,JSS3A,ROOM-JSS3A,1,Monday,13:40,14:20,1,13:40,4.5
SCH-021-LSN-0058,SCH-021,TCH-00287,nysc_corper,Civic Education,JSS3B,ROOM-JSS3B,1,Wednesday,13:00,13:40,1,13:00,4.5
SCH-021-LSN-0059,SCH-021,TCH-00287,nysc_corper,Civic Education,JSS2B,ROOM-JSS2B,1,Wednesday,13:40,14:20,1,13:40,4.5
SCH-021-LSN-0060,SCH-021,TCH-00287,nysc_corper,Civic Education,JSS2A,ROOM-JSS2A,1,Thursday,13:00,13:40,1,13:00,4.5
SCH-021-LSN-0061,SCH-021,TCH-00288,veteran_staff_room_boss,Further Mathematics,SS1A,ROOM-SS1A,1,Tuesday,10:00,11:20,2,10:00,4
SCH-021-LSN-0062,SCH-021,TCH-00288,veteran_staff_room_boss,Physics,SS3A,SCI-LAB-01,1,Thursday,9:20,10:40,2,9:20,4
SCH-021-LSN-0063,SCH-021,TCH-00288,veteran_staff_room_boss,Physics,SS3A,SCI-LAB-01,1,Monday,11:40,13:00,2,11:40,0
SCH-021-LSN-0064,SCH-021,TCH-00288,veteran_staff_room_boss,Physics,SS1A,SCI-LAB-01,1,Wednesday,9:20,10:40,2,9:20,4
SCH-021-LSN-0065,SCH-021,TCH-00289,overworked_generalist,PHE,JSS1A,ROOM-JSS1A,1,Monday,8:40,11:20,4,8:40,1.49
SCH-021-LSN-0066,SCH-021,TCH-00289,overworked_generalist,Basic Technology,SS1A,WORKSHOP-01,1,Friday,9:20,12:20,4,9:20,1.4
SCH-021-LSN-0067,SCH-021,TCH-00289,overworked_generalist,Basic Technology,SS1B,WORKSHOP-01,1,Thursday,9:20,12:20,4,9:20,1.48
SCH-021-LSN-0068,SCH-021,TCH-00289,overworked_generalist,PHE,JSS2B,ROOM-JSS2B,1,Tuesday,10:00,13:00,4,10:00,1.48
SCH-021-LSN-0069,SCH-021,TCH-00289,overworked_generalist,PHE,SS2B,ROOM-SS2B,1,Wednesday,8:00,10:40,4,8:00,1.49
SCH-022-LSN-0001,SCH-022,TCH-00290,veteran_staff_room_boss,Further Mathematics,SS2B,ROOM-SS2B,1,Monday,8:40,10:00,2,8:40,4
SCH-022-LSN-0002,SCH-022,TCH-00290,veteran_staff_room_boss,Further Mathematics,SS3A,ROOM-SS3A,1,Monday,10:00,11:20,2,10:00,4
SCH-022-LSN-0003,SCH-022,TCH-00290,veteran_staff_room_boss,Further Mathematics,SS2A,ROOM-SS2A,1,Tuesday,8:40,10:00,2,8:40,4
SCH-022-LSN-0004,SCH-022,TCH-00290,veteran_staff_room_boss,Further Mathematics,SS3A,ROOM-SS3A,1,Tuesday,10:00,11:20,2,10:00,4
SCH-022-LSN-0005,SCH-022,TCH-00291,hustling_subject_specialist,Economics,SS2B,ROOM-SS2B,1,Monday,10:00,11:20,2,10:00,4
SCH-022-LSN-0006,SCH-022,TCH-00291,hustling_subject_specialist,Economics,SS2B,ROOM-SS2B,1,Tuesday,8:00,9:20,2,8:00,4
SCH-022-LSN-0007,SCH-022,TCH-00292,hustling_subject_specialist,Physics,SS3A,SCI-LAB-01,1,Tuesday,8:00,9:20,2,8:00,4
SCH-022-LSN-0008,SCH-022,TCH-00292,hustling_subject_specialist,Physics,SS1B,SCI-LAB-01,1,Tuesday,9:20,10:40,2,9:20,4
SCH-022-LSN-0009,SCH-022,TCH-00292,hustling_subject_specialist,Physics,SS3B,SCI-LAB-01,1,Tuesday,10:40,12:20,2,10:40,4
SCH-022-LSN-0010,SCH-022,TCH-00293,nysc_corper,Civic Education,JSS3B,ROOM-JSS3B,1,Monday,13:00,13:40,1,13:00,4.5
SCH-022-LSN-0011,SCH-022,TCH-00293,nysc_corper,Civic Education,JSS1A,ROOM-JSS1A,1,Monday,13:40,14:20,1,13:40,4.5
SCH-022-LSN-0012,SCH-022,TCH-00293,nysc_corper,Civic Education,JSS2A,ROOM-JSS2A,1,Tuesday,13:00,13:40,1,13:00,4.5
SCH-022-LSN-0013,SCH-022,TCH-00293,nysc_corper,Civic Education,JSS1B,ROOM-JSS1B,1,Tuesday,13:40,14:20,1,13:40,4.5
SCH-022-LSN-0014,SCH-022,TCH-00294,veteran_staff_room_boss,Physics,SS1B,SCI-LAB-01,1,Monday,8:40,10:00,2,8:40,4
SCH-022-LSN-0015,SCH-022,TCH-00294,veteran_staff_room_boss,Biology,SS1A,SCI-LAB-01,1,Monday,10:00,11:20,2,10:00,4
SCH-022-LSN-0016,SCH-022,TCH-00294,veteran_staff_room_boss,Biology,SS2B,SCI-LAB-01,1,Wednesday,8:40,10:00,2,8:40,4
SCH-022-LSN-0017,SCH-022,TCH-00294,veteran_staff_room_boss,Biology,SS1A,SCI-LAB-01,1,Wednesday,10:00,11:20,2,10:00,4
SCH-022-LSN-0018,SCH-022,TCH-00294,veteran_staff_room_boss,Physics,SS1B,SCI-LAB-01,1,Thursday,8:40,10:00,2,8:40,4
SCH-022-LSN-0019,SCH-022,TCH-00294,veteran_staff_room_boss,Biology,SS3A,SCI-LAB-01,1,Thursday,10:00,11:20,2,10:00,4
SCH-022-LSN-0020,SCH-022,TCH-00294,veteran_staff_room_boss,Biology,SS3B,SCI-LAB-01,1,Friday,8:40,10:00,2,8:40,4
SCH-022-LSN-0021,SCH-022,TCH-00294,veteran_staff_room_boss,Physics,SS1A,SCI-LAB-01,1,Tuesday,8:40,10:00,2,8:40,4
SCH-022-LSN-0022,SCH-022,TCH-00295,veteran_staff_room_boss,Biology,SS2A,SCI-LAB-01,1,Monday,10:00,10:40,1,10:00,4
SCH-022-LSN-0023,SCH-022,TCH-00295,veteran_staff_room_boss,Biology,SS3B,SCI-LAB-01,1,Wednesday,8:40,9:20,1,8:40,4
SCH-022-LSN-0024,SCH-022,TCH-00295,veteran_staff_room_boss,Physics,SS1B,SCI-LAB-01,1,Tuesday,8:40,9:20,1,8:40,4
SCH-022-LSN-0025,SCH-022,TCH-00295,veteran_staff_room_boss,Physics,SS3A,SCI-LAB-01,1,Tuesday,9:20,10:00,1,9:20,4
SCH-022-LSN-0026,SCH-022,TCH-00295,veteran_staff_room_boss,Physics,SS3B,SCI-LAB-01,1,Tuesday,10:00,10:40,1,10:00,4
SCH-022-LSN-0027,SCH-022,TCH-00295,veteran_staff_room_boss,Physics,SS3A,SCI-LAB-01,1,Thursday,8:40,9:20,1,8:40,4
SCH-022-LSN-0028,SCH-022,TCH-00296,overworked_generalist,Basic Technology,JSS3A,ROOM-JSS3A,0,Friday,9:20,12:20,4,9:20,1.44
SCH-022-LSN-0029,SCH-022,TCH-00296,overworked_generalist,PHE,SS3B,ROOM-SS3B,1,Thursday,9:20,12:20,4,9:20,1.48
SCH-022-LSN-0030,SCH-022,TCH-00296,overworked_generalist,CRS,SS2B,ROOM-SS2B,1,Tuesday,9:20,12:20,4,9:20,1.33
SCH-022-LSN-0031,SCH-022,TCH-00296,overworked_generalist,CRS,JSS2B,ROOM-JSS2B,1,Wednesday,8:40,11:20,4,8:40,1.49
SCH-022-LSN-0032,SCH-022,TCH-00296,overworked_generalist,PHE,SS3A,ROOM-SS3A,1,Monday,11:40,14:20,4,11:40,1.29
SCH-022-LSN-0033,SCH-022,TCH-00296,overworked_generalist,CRS,JSS1A,ROOM-JSS1A,1,Wednesday,11:40,14:20,4,11:40,1.38
SCH-022-LSN-0034,SCH-022,TCH-00297,hustling_subject_specialist,Further Mathematics,SS2B,ROOM-SS2B,1,Wednesday,10:00,12:20,3,10:00,4
SCH-022-LSN-0035,SCH-022,TCH-00297,hustling_subject_specialist,Further Mathematics,SS2A,ROOM-SS2A,1,Monday,8:00,10:00,3,8:00,4
SCH-022-LSN-0036,SCH-022,TCH-00297,hustling_subject_specialist,Further Mathematics,SS2A,ROOM-SS2A,1,Monday,10:40,13:00,3,10:40,4
SCH-022-LSN-0037,SCH-022,TCH-00297,hustling_subject_specialist,Further Mathematics,SS1A,ROOM-SS1A,1,Tuesday,10:00,12:20,3,10:00,4
SCH-022-LSN-0038,SCH-022,TCH-00298,hustling_subject_specialist,Economics,SS2A,ROOM-SS2A,1,Tuesday,10:00,11:20,2,10:00,4
SCH-022-LSN-0039,SCH-022,TCH-00298,hustling_subject_specialist,Economics,SS2B,ROOM-SS2B,1,Thursday,8:00,9:20,2,8:00,4
SCH-022-LSN-0040,SCH-022,TCH-00298,hustling_subject_specialist,Economics,SS2A,ROOM-SS2A,1,Thursday,9:20,10:40,2,9:20,4
SCH-022-LSN-0041,SCH-022,TCH-00299,overworked_generalist,PHE,SS1B,ROOM-SS1B,1,Friday,10:00,12:20,3,10:00,1.49
SCH-022-LSN-0042,SCH-022,TCH-00299,overworked_generalist,Basic Technology,SS2A,ROOM-SS2A,0,Wednesday,8:40,10:40,3,8:40,1.43
SCH-022-LSN-0043,SCH-022,TCH-00299,overworked_generalist,CRS,JSS2B,ROOM-JSS2B,1,Monday,12:20,14:20,3,12:20,1.34
SCH-022-LSN-0044,SCH-022,TCH-00299,overworked_generalist,Basic Technology,JSS3A,WORKSHOP-01,1,Tuesday,8:40,10:40,3,8:40,1.5
SCH-022-LSN-0045,SCH-022,TCH-00299,overworked_generalist,Basic Technology,JSS1A,ROOM-JSS1A,0,Monday,8:40,10:40,3,8:40,1.48
SCH-022-LSN-0046,SCH-022,TCH-00299,overworked_generalist,CRS,SS3A,ROOM-SS3A,1,Tuesday,12:20,14:20,3,12:20,1.31
SCH-022-LSN-0047,SCH-022,TCH-00299,overworked_generalist,CRS,JSS2B,ROOM-JSS2B,1,Thursday,8:40,10:40,3,8:40,1.4
SCH-022-LSN-0048,SCH-022,TCH-00299,overworked_generalist,Basic Technology,JSS3B,ROOM-JSS3B,0,Wednesday,11:40,13:40,3,11:40,1.29
SCH-022-LSN-0049,SCH-022,TCH-00299,overworked_generalist,CRS,JSS2A,ROOM-JSS2A,1,Thursday,12:20,14:20,3,12:20,0.64
SCH-022-LSN-0050,SCH-022,TCH-00300,nysc_corper,Basic Science,JSS1A,ROOM-JSS1A,1,Monday,13:00,13:40,1,13:00,4.5
SCH-022-LSN-0051,SCH-022,TCH-00300,nysc_corper,Basic Science,JSS2B,ROOM-JSS2B,1,Tuesday,13:00,13:40,1,13:00,4.5
SCH-022-LSN-0052,SCH-022,TCH-00301,nysc_corper,Basic Science,JSS1B,ROOM-JSS1B,1,Monday,13:00,13:40,1,13:00,4.5
SCH-022-LSN-0053,SCH-022,TCH-00301,nysc_corper,Basic Science,JSS2A,ROOM-JSS2A,1,Monday,13:40,14:20,1,13:40,4.5
SCH-022-LSN-0054,SCH-022,TCH-00301,nysc_corper,Civic Education,JSS1A,ROOM-JSS1A,1,Tuesday,13:00,13:40,1,13:00,4.5
SCH-022-LSN-0055,SCH-022,TCH-00301,nysc_corper,Civic Education,JSS3B,ROOM-JSS3B,1,Tuesday,13:40,14:20,1,13:40,4.5
SCH-022-LSN-0056,SCH-022,TCH-00302,veteran_staff_room_boss,Further Mathematics,SS3A,ROOM-SS3A,1,Monday,8:40,9:20,1,8:40,4
SCH-022-LSN-0057,SCH-022,TCH-00302,veteran_staff_room_boss,Further Mathematics,SS3B,ROOM-SS3B,1,Monday,9:20,10:00,1,9:20,4
SCH-022-LSN-0058,SCH-022,TCH-00302,veteran_staff_room_boss,Physics,SS1A,SCI-LAB-01,1,Thursday,8:40,9:20,1,8:40,4
SCH-022-LSN-0059,SCH-022,TCH-00302,veteran_staff_room_boss,Further Mathematics,SS2A,ROOM-SS2A,1,Friday,8:40,9:20,1,8:40,4
SCH-022-LSN-0060,SCH-022,TCH-00302,veteran_staff_room_boss,Physics,SS2B,SCI-LAB-01,1,Thursday,9:20,10:00,1,9:20,4
SCH-022-LSN-0061,SCH-022,TCH-00302,veteran_staff_room_boss,Physics,SS2A,SCI-LAB-01,1,Friday,10:00,10:40,1,10:00,4
SCH-022-LSN-0062,SCH-022,TCH-00302,veteran_staff_room_boss,Further Mathematics,SS2A,ROOM-SS2A,1,Tuesday,8:00,8:40,1,8:00,0
SCH-022-LSN-0063,SCH-022,TCH-00302,veteran_staff_room_boss,Physics,SS1B,SCI-LAB-01,1,Monday,11:40,12:20,1,11:40,0
SCH-022-LSN-0064,SCH-022,TCH-00303,veteran_staff_room_boss,Further Mathematics,SS3B,ROOM-SS3B,1,Monday,8:40,9:20,1,8:40,4
SCH-022-LSN-0065,SCH-022,TCH-00303,veteran_staff_room_boss,Further Mathematics,SS1B,ROOM-SS1B,1,Monday,10:00,10:40,1,10:00,4
SCH-022-LSN-0066,SCH-022,TCH-00303,veteran_staff_room_boss,Further Mathematics,SS3A,ROOM-SS3A,1,Wednesday,8:40,9:20,1,8:40,4
SCH-022-LSN-0067,SCH-022,TCH-00303,veteran_staff_room_boss,Further Mathematics,SS3B,ROOM-SS3B,1,Tuesday,8:40,9:20,1,8:40,4
SCH-022-LSN-0068,SCH-022,TCH-00304,hustling_subject_specialist,Physics,SS2A,SCI-LAB-01,1,Thursday,8:00,9:20,2,8:00,4
SCH-022-LSN-0069,SCH-022,TCH-00304,hustling_subject_specialist,Economics,SS1A,ROOM-SS1A,1,Thursday,9:20,10:40,2,9:20,4
SCH-022-LSN-0070,SCH-022,TCH-00304,hustling_subject_specialist,Economics,SS3B,ROOM-SS3B,1,Tuesday,12:20,13:40,2,12:20,-4
SCH-022-LSN-0071,SCH-022,TCH-00304,hustling_subject_specialist,Economics,SS2A,ROOM-SS2A,1,Thursday,10:40,12:20,2,10:40,4
SCH-023-LSN-0001,SCH-023,TCH-00305,overworked_generalist,CRS,SS1A,ROOM-SS1A,1,Friday,8:00,11:20,5,8:00,1.47
SCH-023-LSN-0002,SCH-023,TCH-00305,overworked_generalist,CRS,JSS3B,ROOM-JSS3B,1,Thursday,9:20,13:00,5,9:20,1.44
SCH-023-LSN-0003,SCH-023,TCH-00305,overworked_generalist,CRS,JSS3B,ROOM-JSS3B,1,Wednesday,10:00,13:40,5,10:00,1.5
SCH-023-LSN-0004,SCH-023,TCH-00305,overworked_generalist,PHE,JSS2B,ROOM-JSS2B,1,Monday,9:20,13:00,5,9:20,1.37
SCH-023-LSN-0005,SCH-023,TCH-00305,overworked_generalist,Basic Technology,JSS3B,ROOM-JSS3B,0,Tuesday,8:00,11:20,5,8:00,1.36
SCH-023-LSN-0006,SCH-023,TCH-00306,overworked_generalist,CRS,SS3A,ROOM-SS3A,1,Tuesday,8:00,10:40,4,8:00,1.45
SCH-023-LSN-0007,SCH-023,TCH-00306,overworked_generalist,CRS,JSS3B,ROOM-JSS3B,1,Monday,9:20,12:20,4,9:20,1.48
SCH-023-LSN-0008,SCH-023,TCH-00306,overworked_generalist,PHE,JSS1B,ROOM-JSS1B,1,Friday,9:20,12:20,4,9:20,1.42
SCH-023-LSN-0009,SCH-023,TCH-00306,overworked_generalist,PHE,SS3B,ROOM-SS3B,1,Wednesday,9:20,12:20,4,9:20,1.43
SCH-023-LSN-0010,SCH-023,TCH-00306,overworked_generalist,PHE,JSS2B,ROOM-JSS2B,1,Tuesday,10:40,13:40,4,10:40,1.27
SCH-023-LSN-0011,SCH-023,TCH-00306,overworked_generalist,CRS,SS1B,ROOM-SS1B,1,Thursday,9:20,12:20,4,9:20,1.42
SCH-023-LSN-0012,SCH-023,TCH-00307,hustling_subject_specialist,Further Mathematics,SS1B,ROOM-SS1B,1,Tuesday,8:00,10:00,3,8:00,4
SCH-023-LSN-0013,SCH-023,TCH-00307,hustling_subject_specialist,Further Mathematics,SS2A,ROOM-SS2A,1,Tuesday,10:00,12:20,3,10:00,4
SCH-023-LSN-0014,SCH-023,TCH-00308,hustling_subject_specialist,Economics,SS1A,ROOM-SS1A,1,Tuesday,8:00,10:00,3,8:00,4
SCH-023-LSN-0015,SCH-023,TCH-00308,hustling_subject_specialist,Economics,SS3B,ROOM-SS3B,1,Tuesday,10:00,12:20,3,10:00,4
SCH-023-LSN-0016,SCH-023,TCH-00309,overworked_generalist,Basic Technology,JSS2A,WORKSHOP-01,1,Monday,8:40,12:20,5,8:40,1.43
SCH-023-LSN-0017,SCH-023,TCH-00309,overworked_generalist,Basic Technology,JSS3B,ROOM-JSS3B,0,Friday,8:00,11:20,5,8:00,1.38
SCH-023-LSN-0018,SCH-023,TCH-00309,overworked_generalist,PHE,SS3B,ROOM-SS3B,1,Thursday,9:20,13:00,5,9:20,1.47
SCH-023-LSN-0019,SCH-023,TCH-00309,overworked_generalist,PHE,JSS2B,ROOM-JSS2B,1,Wednesday,8:40,12:20,5,8:40,1.09
SCH-023-LSN-0020,SCH-023,TCH-00309,overworked_generalist,Basic Technology,JSS3A,WORKSHOP-01,1,Tuesday,8:40,12:20,5,8:40,1.34
SCH-023-LSN-0021,SCH-023,TCH-00310,overworked_generalist,PHE,JSS1A,ROOM-JSS1A,1,Friday,8:40,12:20,5,8:40,1.46
SCH-023-LSN-0022,SCH-023,TCH-00310,overworked_generalist,CRS,SS2A,ROOM-SS2A,1,Thursday,8:40,12:20,5,8:40,1.46
SCH-023-LSN-0023,SCH-023,TCH-00310,overworked_generalist,CRS,JSS3A,ROOM-JSS3A,1,Wednesday,8:40,12:20,5,8:40,1.31
SCH-023-LSN-0024,SCH-023,TCH-00310,overworked_generalist,Basic Technology,JSS3A,ROOM-JSS3A,0,Monday,10:40,14:20,5,10:40,1.21
SCH-023-LSN-0025,SCH-023,TCH-00310,overworked_generalist,CRS,SS1A,ROOM-SS1A,1,Tuesday,10:40,14:20,5,10:40,1.18
SCH-023-LSN-0026,SCH-023,TCH-00311,nysc_corper,Civic Education,JSS3A,ROOM-JSS3A,1,Tuesday,13:00,13:40,1,13:00,4.5
SCH-023-LSN-0027,SCH-023,TCH-00311,nysc_corper,Basic Science,JSS1B,ROOM-JSS1B,1,Monday,13:00,13:40,1,13:00,4.5
SCH-023-LSN-0028,SCH-023,TCH-00311,nysc_corper,Civic Education,JSS2A,ROOM-JSS2A,1,Monday,13:40,14:20,1,13:40,4.5
SCH-023-LSN-0029,SCH-023,TCH-00311,nysc_corper,Civic Education,JSS1A,ROOM-JSS1A,1,Tuesday,13:40,14:20,1,13:40,4.5
SCH-023-LSN-0030,SCH-023,TCH-00311,nysc_corper,Basic Science,JSS3A,ROOM-JSS3A,1,Thursday,13:00,13:40,1,13:00,4.5
SCH-023-LSN-0031,SCH-023,TCH-00311,nysc_corper,Basic Science,JSS1A,ROOM-JSS1A,1,Thursday,13:40,14:20,1,13:40,4.5
SCH-023-LSN-0032,SCH-023,TCH-00312,hustling_subject_specialist,Physics,SS3A,SCI-LAB-01,1,Monday,8:00,9:20,2,8:00,4
SCH-023-LSN-0033,SCH-023,TCH-00312,hustling_subject_specialist,Physics,SS1B,SCI-LAB-01,1,Monday,9:20,10:40,2,9:20,4
SCH-023-LSN-0034,SCH-023,TCH-00313,overworked_generalist,PHE,SS2B,ROOM-SS2B,1,Tuesday,8:40,11:20,4,8:40,1.49
SCH-023-LSN-0035,SCH-023,TCH-00313,overworked_generalist,PHE,JSS1B,ROOM-JSS1B,1,Thursday,8:40,11:20,4,8:40,1.46
SCH-023-LSN-0036,SCH-023,TCH-00313,overworked_generalist,PHE,JSS2B,ROOM-JSS2B,1,Friday,8:00,10:40,4,8:00,1.16
SCH-023-LSN-0037,SCH-023,TCH-00313,overworked_generalist,PHE,SS2A,ROOM-SS2A,1,Wednesday,10:40,13:40,4,10:40,1.49
SCH-023-LSN-0038,SCH-023,TCH-00313,overworked_generalist,PHE,SS2A,ROOM-SS2A,1,Monday,10:40,13:40,4,10:40,1.27
SCH-023-LSN-0039,SCH-023,TCH-00313,overworked_generalist,Basic Technology,JSS3A,ROOM-JSS3A,0,Monday,8:00,10:40,4,8:00,1.42
SCH-023-LSN-0040,SCH-023,TCH-00313,overworked_generalist,PHE,JSS2A,ROOM-JSS2A,1,Wednesday,8:00,10:40,4,8:00,1.18
SCH-023-LSN-0041,SCH-023,TCH-00313,overworked_generalist,Basic Technology,JSS2B,ROOM-JSS2B,0,Thursday,11:40,14:20,4,11:40,1.43
SCH-023-LSN-0042,SCH-023,TCH-00314,overworked_generalist,Basic Technology,SS1A,ROOM-SS1A,0,Wednesday,11:40,14:20,4,11:40,1.32
SCH-023-LSN-0043,SCH-023,TCH-00314,overworked_generalist,Basic Technology,JSS1B,ROOM-JSS1B,0,Wednesday,8:00,10:40,4,8:00,1.48
SCH-023-LSN-0044,SCH-023,TCH-00314,overworked_generalist,CRS,SS2B,ROOM-SS2B,1,Monday,9:20,12:20,4,9:20,1.46
SCH-023-LSN-0045,SCH-023,TCH-00314,overworked_generalist,Basic Technology,JSS2B,ROOM-JSS2B,0,Tuesday,8:00,10:40,4,8:00,1.18
SCH-024-LSN-0001,SCH-024,TCH-00315,overworked_generalist,CRS,JSS1B,ROOM-JSS1B,1,Tuesday,8:00,11:20,5,8:00,1.5
SCH-024-LSN-0002,SCH-024,TCH-00315,overworked_generalist,Basic Technology,SS1B,ROOM-SS1B,0,Monday,10:00,13:40,5,10:00,1.42
SCH-024-LSN-0003,SCH-024,TCH-00315,overworked_generalist,Basic Technology,SS3B,ROOM-SS3B,0,Thursday,10:40,14:20,5,10:40,1.47
SCH-024-LSN-0004,SCH-024,TCH-00315,overworked_generalist,CRS,SS2A,ROOM-SS2A,1,Wednesday,8:00,11:20,5,8:00,1.27
SCH-024-LSN-0005,SCH-024,TCH-00316,overworked_generalist,PHE,JSS3A,ROOM-JSS3A,1,Tuesday,10:40,13:40,4,10:40,1.5
SCH-024-LSN-0006,SCH-024,TCH-00316,overworked_generalist,PHE,JSS1A,ROOM-JSS1A,1,Thursday,10:40,13:40,4,10:40,1.49
SCH-024-LSN-0007,SCH-024,TCH-00316,overworked_generalist,PHE,JSS3B,ROOM-JSS3B,1,Monday,10:40,13:40,4,10:40,1.43
SCH-024-LSN-0008,SCH-024,TCH-00316,overworked_generalist,Basic Technology,JSS3B,ROOM-JSS3B,0,Friday,9:20,12:20,4,9:20,1.49
SCH-024-LSN-0009,SCH-024,TCH-00316,overworked_generalist,PHE,JSS3A,ROOM-JSS3A,1,Wednesday,10:00,13:00,4,10:00,1.41
SCH-024-LSN-0010,SCH-024,TCH-00316,overworked_generalist,CRS,JSS2A,ROOM-JSS2A,1,Thursday,8:00,10:40,4,8:00,0.96
SCH-024-LSN-0011,SCH-024,TCH-00317,overworked_generalist,PHE,SS1B,ROOM-SS1B,1,Thursday,8:00,10:40,4,8:00,1.47
SCH-024-LSN-0012,SCH-024,TCH-00317,overworked_generalist,Basic Technology,SS1A,ROOM-SS1A,0,Wednesday,8:00,10:40,4,8:00,1.48
SCH-024-LSN-0013,SCH-024,TCH-00317,overworked_generalist,PHE,SS1B,ROOM-SS1B,1,Wednesday,11:40,14:20,4,11:40,1.49
SCH-024-LSN-0014,SCH-024,TCH-00317,overworked_generalist,Basic Technology,JSS2A,ROOM-JSS2A,0,Monday,8:00,10:40,4,8:00,1.45
SCH-024-LSN-0015,SCH-024,TCH-00317,overworked_generalist,Basic Technology,JSS2B,ROOM-JSS2B,0,Tuesday,8:00,10:40,4,8:00,1.48
SCH-024-LSN-0016,SCH-024,TCH-00317,overworked_generalist,CRS,SS2A,ROOM-SS2A,1,Monday,11:40,14:20,4,11:40,1.47
SCH-024-LSN-0017,SCH-024,TCH-00317,overworked_generalist,CRS,SS2A,ROOM-SS2A,1,Thursday,11:40,14:20,4,11:40,1.49
SCH-024-LSN-0018,SCH-024,TCH-00317,overworked_generalist,Basic Technology,SS3A,WORKSHOP-01,1,Tuesday,11:40,14:20,4,11:40,1.48
SCH-024-LSN-0019,SCH-024,TCH-00317,overworked_generalist,Basic Technology,JSS3A,WORKSHOP-01,1,Friday,8:40,11:20,4,8:40,1.26
SCH-024-LSN-0020,SCH-024,TCH-00318,nysc_corper,Civic Education,JSS3B,ROOM-JSS3B,1,Monday,13:40,14:20,1,13:40,4.5
SCH-024-LSN-0021,SCH-024,TCH-00318,nysc_corper,Civic Education,JSS3A,ROOM-JSS3A,1,Monday,13:00,13:40,1,13:00,4.5
SCH-024-LSN-0022,SCH-024,TCH-00318,nysc_corper,Basic Science,JSS2B,ROOM-JSS2B,1,Tuesday,13:00,13:40,1,13:00,4.5
SCH-024-LSN-0023,SCH-024,TCH-00318,nysc_corper,Civic Education,JSS3A,ROOM-JSS3A,1,Tuesday,13:40,14:20,1,13:40,4.5
SCH-024-LSN-0024,SCH-024,TCH-00318,nysc_corper,Basic Science,JSS2A,ROOM-JSS2A,1,Wednesday,13:00,13:40,1,13:00,4.5
SCH-024-LSN-0025,SCH-024,TCH-00318,nysc_corper,Basic Science,JSS2B,ROOM-JSS2B,1,Wednesday,13:40,14:20,1,13:40,4.5
SCH-024-LSN-0026,SCH-024,TCH-00318,nysc_corper,Basic Science,JSS1B,ROOM-JSS1B,1,Monday,8:00,8:40,1,8:00,0
SCH-024-LSN-0027,SCH-024,TCH-00318,nysc_corper,Basic Science,JSS1B,ROOM-JSS1B,1,Monday,8:40,9:20,1,8:40,0
SCH-024-LSN-0028,SCH-024,TCH-00319,veteran_staff_room_boss,Chemistry,SS1A,SCI-LAB-01,1,Monday,8:40,10:00,2,8:40,4
SCH-024-LSN-0029,SCH-024,TCH-00319,veteran_staff_room_boss,Further Mathematics,SS1B,ROOM-SS1B,1,Tuesday,8:40,10:00,2,8:40,4
SCH-024-LSN-0030,SCH-024,TCH-00319,veteran_staff_room_boss,Chemistry,SS3A,SCI-LAB-01,1,Monday,10:00,11:20,2,10:00,4
SCH-024-LSN-0031,SCH-024,TCH-00319,veteran_staff_room_boss,Further Mathematics,SS1B,ROOM-SS1B,1,Tuesday,10:00,11:20,2,10:00,4
SCH-024-LSN-0032,SCH-024,TCH-00320,veteran_staff_room_boss,Chemistry,SS2A,SCI-LAB-01,1,Monday,8:40,9:20,1,8:40,4
SCH-024-LSN-0033,SCH-024,TCH-00320,veteran_staff_room_boss,Chemistry,SS3B,SCI-LAB-01,1,Monday,9:20,10:00,1,9:20,4
SCH-024-LSN-0034,SCH-024,TCH-00320,veteran_staff_room_boss,Chemistry,SS1A,SCI-LAB-01,1,Monday,10:00,10:40,1,10:00,4
SCH-024-LSN-0035,SCH-024,TCH-00320,veteran_staff_room_boss,Chemistry,SS3A,SCI-LAB-01,1,Tuesday,8:40,9:20,1,8:40,4
SCH-024-LSN-0036,SCH-024,TCH-00321,nysc_corper,Civic Education,JSS2A,ROOM-JSS2A,1,Monday,13:00,13:40,1,13:00,4.5
SCH-024-LSN-0037,SCH-024,TCH-00321,nysc_corper,Civic Education,JSS1B,ROOM-JSS1B,1,Monday,13:40,14:20,1,13:40,4.5
SCH-024-LSN-0038,SCH-024,TCH-00321,nysc_corper,Civic Education,JSS3B,ROOM-JSS3B,1,Tuesday,13:00,13:40,1,13:00,4.5
SCH-024-LSN-0039,SCH-024,TCH-00321,nysc_corper,Basic Science,JSS2A,ROOM-JSS2A,1,Tuesday,13:40,14:20,1,13:40,4.5
SCH-024-LSN-0040,SCH-024,TCH-00322,veteran_staff_room_boss,Further Mathematics,SS3B,ROOM-SS3B,1,Monday,8:40,9:20,1,8:40,4
SCH-024-LSN-0041,SCH-024,TCH-00322,veteran_staff_room_boss,Further Mathematics,SS2A,ROOM-SS2A,1,Monday,9:20,10:00,1,9:20,4
SCH-024-LSN-0042,SCH-024,TCH-00323,veteran_staff_room_boss,Biology,SS1A,SCI-LAB-01,1,Tuesday,9:20,10:00,1,9:20,4
SCH-024-LSN-0043,SCH-024,TCH-00323,veteran_staff_room_boss,Further Mathematics,SS3A,ROOM-SS3A,1,Monday,8:40,9:20,1,8:40,4
SCH-024-LSN-0044,SCH-024,TCH-00323,veteran_staff_room_boss,Further Mathematics,SS3B,ROOM-SS3B,1,Monday,10:00,10:40,1,10:00,4
SCH-024-LSN-0045,SCH-024,TCH-00323,veteran_staff_room_boss,Further Mathematics,SS1A,ROOM-SS1A,1,Tuesday,10:00,10:40,1,10:00,4
SCH-024-LSN-0046,SCH-024,TCH-00323,veteran_staff_room_boss,Further Mathematics,SS3B,ROOM-SS3B,1,Wednesday,8:40,9:20,1,8:40,4
SCH-024-LSN-0047,SCH-024,TCH-00323,veteran_staff_room_boss,Further Mathematics,SS3B,ROOM-SS3B,1,Wednesday,9:20,10:00,1,9:20,4
SCH-024-LSN-0048,SCH-024,TCH-00324,veteran_staff_room_boss,Biology,SS3A,SCI-LAB-01,1,Tuesday,9:20,10:00,1,9:20,4
SCH-024-LSN-0049,SCH-024,TCH-00324,veteran_staff_room_boss,Biology,SS1B,SCI-LAB-01,1,Wednesday,8:40,9:20,1,8:40,4
SCH-024-LSN-0050,SCH-024,TCH-00324,veteran_staff_room_boss,Biology,SS2B,SCI-LAB-01,1,Tuesday,10:00,10:40,1,10:00,4
SCH-024-LSN-0051,SCH-024,TCH-00325,overworked_generalist,Basic Technology,JSS3A,WORKSHOP-01,1,Thursday,9:20,13:00,5,9:20,1.5
SCH-024-LSN-0052,SCH-024,TCH-00325,overworked_generalist,CRS,JSS3A,ROOM-JSS3A,1,Monday,9:20,13:00,5,9:20,1.44
SCH-024-LSN-0053,SCH-024,TCH-00325,overworked_generalist,CRS,JSS2A,ROOM-JSS2A,1,Friday,8:40,12:20,5,8:40,1.44
SCH-024-LSN-0054,SCH-024,TCH-00325,overworked_generalist,PHE,SS2B,ROOM-SS2B,1,Wednesday,10:40,14:20,5,10:40,1.45
SCH-024-LSN-0055,SCH-024,TCH-00325,overworked_generalist,CRS,JSS2A,ROOM-JSS2A,1,Tuesday,8:00,11:20,5,8:00,1.36
SCH-024-LSN-0056,SCH-024,TCH-00326,overworked_generalist,CRS,JSS1B,ROOM-JSS1B,1,Monday,10:40,13:40,4,10:40,1.45
SCH-024-LSN-0057,SCH-024,TCH-00326,overworked_generalist,PHE,SS2B,ROOM-SS2B,1,Friday,8:40,11:20,4,8:40,1.3
SCH-024-LSN-0058,SCH-024,TCH-00326,overworked_generalist,CRS,JSS2B,ROOM-JSS2B,1,Wednesday,10:00,13:00,4,10:00,1.22
SCH-024-LSN-0059,SCH-024,TCH-00326,overworked_generalist,PHE,SS2B,ROOM-SS2B,1,Thursday,10:00,13:00,4,10:00,1.42
SCH-024-LSN-0060,SCH-024,TCH-00326,overworked_generalist,Basic Technology,JSS3B,ROOM-JSS3B,0,Tuesday,9:20,12:20,4,9:20,1.29
SCH-024-LSN-0061,SCH-024,TCH-00326,overworked_generalist,PHE,JSS2B,ROOM-JSS2B,1,Monday,8:00,10:40,4,8:00,0.82
SCH-024-LSN-0062,SCH-024,TCH-00327,hustling_subject_specialist,Economics,SS2B,ROOM-SS2B,1,Tuesday,8:00,9:20,2,8:00,4
SCH-024-LSN-0063,SCH-024,TCH-00327,hustling_subject_specialist,Economics,SS2A,ROOM-SS2A,1,Tuesday,9:20,10:40,2,9:20,4
SCH-024-LSN-0064,SCH-024,TCH-00327,hustling_subject_specialist,Economics,SS2B,ROOM-SS2B,1,Tuesday,10:40,12:20,2,10:40,4
SCH-024-LSN-0065,SCH-024,TCH-00327,hustling_subject_specialist,Economics,SS3B,ROOM-SS3B,1,Thursday,8:00,9:20,2,8:00,4
SCH-024-LSN-0066,SCH-024,TCH-00328,overworked_generalist,CRS,SS3A,ROOM-SS3A,1,Wednesday,11:40,14:20,4,11:40,1.49
SCH-024-LSN-0067,SCH-024,TCH-00328,overworked_generalist,CRS,JSS3A,ROOM-JSS3A,1,Tuesday,8:00,10:40,4,8:00,1.01
SCH-024-LSN-0068,SCH-024,TCH-00328,overworked_generalist,Basic Technology,SS2A,ROOM-SS2A,0,Thursday,8:00,10:40,4,8:00,1.28
SCH-024-LSN-0069,SCH-024,TCH-00328,overworked_generalist,Basic Technology,JSS1B,ROOM-JSS1B,0,Tuesday,11:40,14:20,4,11:40,1.33
SCH-024-LSN-0070,SCH-024,TCH-00328,overworked_generalist,CRS,SS3B,ROOM-SS3B,1,Friday,8:00,10:40,4,8:00,1.28
SCH-024-LSN-0071,SCH-024,TCH-00328,overworked_generalist,CRS,JSS2A,ROOM-JSS2A,1,Wednesday,8:00,10:40,4,8:00,1.46
SCH-024-LSN-0072,SCH-024,TCH-00329,overworked_generalist,PHE,JSS2B,ROOM-JSS2B,1,Thursday,10:00,13:00,4,10:00,1.41
SCH-024-LSN-0073,SCH-024,TCH-00329,overworked_generalist,PHE,SS3B,ROOM-SS3B,1,Tuesday,10:40,13:40,4,10:40,1.38
SCH-024-LSN-0074,SCH-024,TCH-00329,overworked_generalist,Basic Technology,SS2B,ROOM-SS2B,0,Wednesday,8:00,10:40,4,8:00,1.38
SCH-024-LSN-0075,SCH-024,TCH-00329,overworked_generalist,Basic Technology,JSS3B,WORKSHOP-01,1,Wednesday,10:40,13:40,4,10:40,1.36
SCH-024-LSN-0076,SCH-024,TCH-00329,overworked_generalist,Basic Technology,SS2A,ROOM-SS2A,0,Friday,8:40,11:20,4,8:40,1.34
SCH-024-LSN-0077,SCH-024,TCH-00330,overworked_generalist,PHE,SS2B,ROOM-SS2B,1,Monday,9:20,13:00,5,9:20,1.4
SCH-024-LSN-0078,SCH-024,TCH-00330,overworked_generalist,Basic Technology,SS1B,ROOM-SS1B,0,Friday,8:40,12:20,5,8:40,1
SCH-024-LSN-0079,SCH-024,TCH-00330,overworked_generalist,CRS,SS3B,ROOM-SS3B,1,Wednesday,10:00,13:40,5,10:00,1.44
SCH-024-LSN-0080,SCH-024,TCH-00330,overworked_generalist,CRS,SS3A,ROOM-SS3A,1,Thursday,9:20,13:00,5,9:20,1.21
SCH-024-LSN-0081,SCH-024,TCH-00330,overworked_generalist,PHE,SS1A,ROOM-SS1A,1,Tuesday,10:40,14:20,5,10:40,1.13
SCH-025-LSN-0001,SCH-025,TCH-00331,veteran_staff_room_boss,Further Mathematics,SS1B,ROOM-SS1B,1,Monday,8:40,9:20,1,8:40,4
SCH-025-LSN-0002,SCH-025,TCH-00331,veteran_staff_room_boss,Further Mathematics,SS1A,ROOM-SS1A,1,Monday,9:20,10:00,1,9:20,4
SCH-025-LSN-0003,SCH-025,TCH-00331,veteran_staff_room_boss,Further Mathematics,SS2A,ROOM-SS2A,1,Monday,10:00,10:40,1,10:00,4
SCH-025-LSN-0004,SCH-025,TCH-00332,hustling_subject_specialist,Further Mathematics,SS2A,ROOM-SS2A,1,Tuesday,8:00,10:00,3,8:00,4
SCH-025-LSN-0005,SCH-025,TCH-00332,hustling_subject_specialist,Economics,SS2A,ROOM-SS2A,1,Tuesday,10:00,12:20,3,10:00,4
SCH-025-LSN-0006,SCH-025,TCH-00332,hustling_subject_specialist,Further Mathematics,SS1B,ROOM-SS1B,1,Wednesday,8:00,10:00,3,8:00,4
SCH-025-LSN-0007,SCH-025,TCH-00332,hustling_subject_specialist,Further Mathematics,SS2B,ROOM-SS2B,1,Wednesday,10:00,12:20,3,10:00,4
SCH-025-LSN-0008,SCH-025,TCH-00332,hustling_subject_specialist,Further Mathematics,SS2A,ROOM-SS2A,1,Tuesday,12:20,14:20,3,12:20,-4
SCH-025-LSN-0009,SCH-025,TCH-00332,hustling_subject_specialist,Economics,SS1A,ROOM-SS1A,1,Wednesday,12:20,14:20,3,12:20,-4
SCH-025-LSN-0010,SCH-025,TCH-00333,veteran_staff_room_boss,Physics,SS1A,SCI-LAB-01,1,Monday,10:00,11:20,2,10:00,4
SCH-025-LSN-0011,SCH-025,TCH-00333,veteran_staff_room_boss,Biology,SS1A,SCI-LAB-01,1,Tuesday,8:40,10:00,2,8:40,4
SCH-025-LSN-0012,SCH-025,TCH-00333,veteran_staff_room_boss,Biology,SS3B,SCI-LAB-01,1,Tuesday,10:00,11:20,2,10:00,4
SCH-025-LSN-0013,SCH-025,TCH-00333,veteran_staff_room_boss,Physics,SS3B,SCI-LAB-01,1,Wednesday,8:40,10:00,2,8:40,4
SCH-025-LSN-0014,SCH-025,TCH-00333,veteran_staff_room_boss,Biology,SS1B,SCI-LAB-01,1,Wednesday,10:00,11:20,2,10:00,4
SCH-025-LSN-0015,SCH-025,TCH-00333,veteran_staff_room_boss,Physics,SS2A,SCI-LAB-01,1,Thursday,8:40,10:00,2,8:40,4
SCH-025-LSN-0016,SCH-025,TCH-00334,veteran_staff_room_boss,Physics,SS1A,SCI-LAB-01,1,Wednesday,8:40,10:00,2,8:40,4
SCH-025-LSN-0017,SCH-025,TCH-00334,veteran_staff_room_boss,Physics,SS3A,SCI-LAB-01,1,Monday,8:40,10:00,2,8:40,4
SCH-025-LSN-0018,SCH-025,TCH-00335,overworked_generalist,CRS,SS2B,ROOM-SS2B,1,Tuesday,8:00,10:40,4,8:00,1.44
SCH-025-LSN-0019,SCH-025,TCH-00335,overworked_generalist,Basic Technology,SS1B,WORKSHOP-01,1,Thursday,8:40,11:20,4,8:40,1.43
SCH-025-LSN-0020,SCH-025,TCH-00335,overworked_generalist,CRS,JSS3B,ROOM-JSS3B,1,Monday,8:00,10:40,4,8:00,1.48
SCH-025-LSN-0021,SCH-025,TCH-00335,overworked_generalist,Basic Technology,SS2B,ROOM-SS2B,0,Thursday,11:40,14:20,4,11:40,1.36
SCH-025-LSN-0022,SCH-025,TCH-00336,overworked_generalist,PHE,JSS3A,ROOM-JSS3A,1,Tuesday,9:20,11:20,3,9:20,1.48
SCH-025-LSN-0023,SCH-025,TCH-00336,overworked_generalist,CRS,JSS1A,ROOM-JSS1A,1,Friday,8:40,10:40,3,8:40,1.48
SCH-025-LSN-0024,SCH-025,TCH-00336,overworked_generalist,CRS,SS1B,ROOM-SS1B,1,Wednesday,12:20,14:20,3,12:20,1.37
SCH-025-LSN-0025,SCH-025,TCH-00336,overworked_generalist,CRS,JSS2A,ROOM-JSS2A,1,Monday,12:20,14:20,3,12:20,1.48
SCH-025-LSN-0026,SCH-025,TCH-00336,overworked_generalist,PHE,JSS2B,ROOM-JSS2B,1,Tuesday,12:20,14:20,3,12:20,1.28
SCH-025-LSN-0027,SCH-025,TCH-00336,overworked_generalist,PHE,SS1B,ROOM-SS1B,1,Monday,10:00,12:20,3,10:00,1.06
SCH-025-LSN-0028,SCH-025,TCH-00336,overworked_generalist,Basic Technology,JSS3B,ROOM-JSS3B,0,Wednesday,8:40,10:40,3,8:40,1.47
SCH-025-LSN-0029,SCH-025,TCH-00336,overworked_generalist,CRS,JSS1A,ROOM-JSS1A,1,Thursday,8:00,10:00,3,8:00,1.49
SCH-025-LSN-0030,SCH-025,TCH-00336,overworked_generalist,CRS,SS2B,ROOM-SS2B,1,Monday,8:00,10:00,3,8:00,1.41
SCH-025-LSN-0031,SCH-025,TCH-00337,nysc_corper,Basic Science,JSS2A,ROOM-JSS2A,1,Wednesday,13:00,13:40,1,13:00,4.5
SCH-025-LSN-0032,SCH-025,TCH-00337,nysc_corper,Basic Science,JSS1B,ROOM-JSS1B,1,Monday,13:00,13:40,1,13:00,4.5
SCH-025-LSN-0033,SCH-025,TCH-00337,nysc_corper,Basic Science,JSS1B,ROOM-JSS1B,1,Monday,13:40,14:20,1,13:40,4.5
SCH-025-LSN-0034,SCH-025,TCH-00337,nysc_corper,Basic Science,JSS1A,ROOM-JSS1A,1,Wednesday,13:40,14:20,1,13:40,4.5
SCH-025-LSN-0035,SCH-025,TCH-00337,nysc_corper,Basic Science,JSS1B,ROOM-JSS1B,1,Thursday,13:00,13:40,1,13:00,4.5
SCH-025-LSN-0036,SCH-025,TCH-00337,nysc_corper,Basic Science,JSS2B,ROOM-JSS2B,1,Thursday,13:40,14:20,1,13:40,4.5
SCH-025-LSN-0037,SCH-025,TCH-00337,nysc_corper,Civic Education,JSS1A,ROOM-JSS1A,1,Monday,8:00,8:40,1,8:00,0
SCH-025-LSN-0038,SCH-025,TCH-00337,nysc_corper,Civic Education,JSS1A,ROOM-JSS1A,1,Monday,8:40,9:20,1,8:40,0
SCH-025-LSN-0039,SCH-025,TCH-00338,overworked_generalist,CRS,JSS3A,ROOM-JSS3A,1,Friday,9:20,11:20,3,9:20,1.45
SCH-025-LSN-0040,SCH-025,TCH-00338,overworked_generalist,CRS,JSS3B,ROOM-JSS3B,1,Tuesday,9:20,11:20,3,9:20,1.37
SCH-025-LSN-0041,SCH-025,TCH-00338,overworked_generalist,CRS,JSS3A,ROOM-JSS3A,1,Monday,9:20,11:20,3,9:20,1.49
SCH-025-LSN-0042,SCH-025,TCH-00338,overworked_generalist,PHE,SS1B,ROOM-SS1B,1,Thursday,12:20,14:20,3,12:20,1.48
SCH-025-LSN-0043,SCH-025,TCH-00338,overworked_generalist,PHE,JSS3A,ROOM-JSS3A,1,Wednesday,10:40,13:00,3,10:40,1.48
SCH-025-LSN-0044,SCH-025,TCH-00338,overworked_generalist,CRS,JSS1B,ROOM-JSS1B,1,Thursday,8:40,10:40,3,8:40,1.44
SCH-025-LSN-0045,SCH-025,TCH-00339,hustling_subject_specialist,Economics,SS3B,ROOM-SS3B,1,Monday,8:00,10:00,3,8:00,4
SCH-025-LSN-0046,SCH-025,TCH-00339,hustling_subject_specialist,Economics,SS2A,ROOM-SS2A,1,Monday,10:40,13:00,3,10:40,4
SCH-025-LSN-0047,SCH-025,TCH-00339,hustling_subject_specialist,Economics,SS1B,ROOM-SS1B,1,Tuesday,8:00,10:00,3,8:00,4
SCH-025-LSN-0048,SCH-025,TCH-00340,hustling_subject_specialist,Further Mathematics,SS1A,ROOM-SS1A,1,Wednesday,10:00,12:20,3,10:00,4
SCH-025-LSN-0049,SCH-025,TCH-00340,hustling_subject_specialist,Further Mathematics,SS3B,ROOM-SS3B,1,Monday,10:00,12:20,3,10:00,4
SCH-025-LSN-0050,SCH-025,TCH-00340,hustling_subject_specialist,Further Mathematics,SS3B,ROOM-SS3B,1,Monday,12:20,14:20,3,12:20,-4
SCH-025-LSN-0051,SCH-025,TCH-00341,nysc_corper,Civic Education,JSS2A,ROOM-JSS2A,1,Tuesday,13:00,13:40,1,13:00,4.5
SCH-025-LSN-0052,SCH-025,TCH-00341,nysc_corper,Basic Science,JSS1B,ROOM-JSS1B,1,Tuesday,13:40,14:20,1,13:40,4.5
SCH-025-LSN-0053,SCH-025,TCH-00341,nysc_corper,Civic Education,JSS1A,ROOM-JSS1A,1,Monday,13:00,13:40,1,13:00,4.5
SCH-025-LSN-0054,SCH-025,TCH-00341,nysc_corper,Civic Education,JSS1B,ROOM-JSS1B,1,Thursday,13:40,14:20,1,13:40,4.5
SCH-025-LSN-0055,SCH-025,TCH-00342,overworked_generalist,Basic Technology,JSS1B,WORKSHOP-01,1,Wednesday,10:00,13:00,4,10:00,1.35
SCH-025-LSN-0056,SCH-025,TCH-00342,overworked_generalist,PHE,JSS2B,ROOM-JSS2B,1,Monday,10:00,13:00,4,10:00,1.5
SCH-025-LSN-0057,SCH-025,TCH-00342,overworked_generalist,Basic Technology,JSS2A,ROOM-JSS2A,0,Tuesday,9:20,12:20,4,9:20,1.27
SCH-025-LSN-0058,SCH-025,TCH-00342,overworked_generalist,Basic Technology,SS2A,ROOM-SS2A,0,Thursday,10:40,13:40,4,10:40,1.48
SCH-025-LSN-0059,SCH-025,TCH-00342,overworked_generalist,Basic Technology,JSS2B,ROOM-JSS2B,0,Thursday,8:00,10:40,4,8:00,1.14
SCH-025-LSN-0060,SCH-025,TCH-00342,overworked_generalist,PHE,SS3A,ROOM-SS3A,1,Friday,8:40,11:20,4,8:40,0.69
SCH-026-LSN-0001,SCH-026,TCH-00343,hustling_subject_specialist,Economics,SS1B,ROOM-SS1B,1,Tuesday,8:00,10:00,3,8:00,4
SCH-026-LSN-0002,SCH-026,TCH-00343,hustling_subject_specialist,Economics,SS3A,ROOM-SS3A,1,Tuesday,10:00,12:20,3,10:00,4
SCH-026-LSN-0003,SCH-026,TCH-00343,hustling_subject_specialist,Economics,SS2B,ROOM-SS2B,1,Wednesday,8:00,10:00,3,8:00,4
SCH-026-LSN-0004,SCH-026,TCH-00344,veteran_staff_room_boss,Physics,SS3B,SCI-LAB-01,1,Monday,8:40,10:00,2,8:40,4
SCH-026-LSN-0005,SCH-026,TCH-00344,veteran_staff_room_boss,Chemistry,SS3B,SCI-LAB-01,1,Monday,10:00,11:20,2,10:00,4
SCH-026-LSN-0006,SCH-026,TCH-00344,veteran_staff_room_boss,Physics,SS2B,SCI-LAB-01,1,Tuesday,8:40,10:00,2,8:40,4
SCH-026-LSN-0007,SCH-026,TCH-00344,veteran_staff_room_boss,Chemistry,SS2A,SCI-LAB-01,1,Tuesday,10:00,11:20,2,10:00,4
SCH-026-LSN-0008,SCH-026,TCH-00344,veteran_staff_room_boss,Chemistry,SS3A,SCI-LAB-01,1,Wednesday,8:40,10:00,2,8:40,4
SCH-026-LSN-0009,SCH-026,TCH-00344,veteran_staff_room_boss,Chemistry,SS1A,SCI-LAB-01,1,Wednesday,10:00,11:20,2,10:00,4
SCH-026-LSN-0010,SCH-026,TCH-00344,veteran_staff_room_boss,Physics,SS1B,SCI-LAB-01,1,Thursday,8:40,10:00,2,8:40,4
SCH-026-LSN-0011,SCH-026,TCH-00344,veteran_staff_room_boss,Chemistry,SS2B,SCI-LAB-01,1,Thursday,10:00,11:20,2,10:00,4
SCH-026-LSN-0012,SCH-026,TCH-00345,hustling_subject_specialist,Further Mathematics,SS3A,ROOM-SS3A,1,Monday,8:00,10:00,3,8:00,4
SCH-026-LSN-0013,SCH-026,TCH-00345,hustling_subject_specialist,Further Mathematics,SS1B,ROOM-SS1B,1,Monday,10:00,12:20,3,10:00,4
SCH-026-LSN-0014,SCH-026,TCH-00346,veteran_staff_room_boss,Physics,SS3B,SCI-LAB-01,1,Tuesday,8:40,9:20,1,8:40,4
SCH-026-LSN-0015,SCH-026,TCH-00346,veteran_staff_room_boss,Physics,SS3B,SCI-LAB-01,1,Tuesday,9:20,10:00,1,9:20,4
SCH-026-LSN-0016,SCH-026,TCH-00347,overworked_generalist,Basic Technology,SS3B,ROOM-SS3B,0,Wednesday,8:00,11:20,5,8:00,1.49
SCH-026-LSN-0017,SCH-026,TCH-00347,overworked_generalist,CRS,JSS2A,ROOM-JSS2A,1,Monday,10:40,14:20,5,10:40,1.48
SCH-026-LSN-0018,SCH-026,TCH-00347,overworked_generalist,CRS,JSS3B,ROOM-JSS3B,1,Friday,8:40,12:20,5,8:40,1.4
SCH-026-LSN-0019,SCH-026,TCH-00347,overworked_generalist,PHE,SS1A,ROOM-SS1A,1,Thursday,10:00,13:40,5,10:00,1.44
SCH-026-LSN-0020,SCH-026,TCH-00347,overworked_generalist,CRS,JSS3B,ROOM-JSS3B,1,Tuesday,8:00,11:20,5,8:00,1.36
SCH-026-LSN-0021,SCH-026,TCH-00348,veteran_staff_room_boss,Biology,SS3A,SCI-LAB-01,1,Friday,8:40,9:20,1,8:40,4
SCH-026-LSN-0022,SCH-026,TCH-00348,veteran_staff_room_boss,Biology,SS1A,SCI-LAB-01,1,Friday,9:20,10:00,1,9:20,4
SCH-026-LSN-0023,SCH-026,TCH-00348,veteran_staff_room_boss,Biology,SS3B,SCI-LAB-01,1,Friday,10:00,10:40,1,10:00,4
SCH-026-LSN-0024,SCH-026,TCH-00348,veteran_staff_room_boss,Further Mathematics,SS3B,ROOM-SS3B,1,Tuesday,10:00,10:40,1,10:00,4
SCH-026-LSN-0025,SCH-026,TCH-00349,hustling_subject_specialist,Economics,SS2B,ROOM-SS2B,1,Monday,8:00,9:20,2,8:00,4
SCH-026-LSN-0026,SCH-026,TCH-00349,hustling_subject_specialist,Further Mathematics,SS2A,ROOM-SS2A,1,Monday,9:20,10:40,2,9:20,4
SCH-026-LSN-0027,SCH-026,TCH-00349,hustling_subject_specialist,Further Mathematics,SS3A,ROOM-SS3A,1,Monday,10:40,12:20,2,10:40,4
SCH-026-LSN-0028,SCH-026,TCH-00349,hustling_subject_specialist,Further Mathematics,SS1B,ROOM-SS1B,1,Thursday,10:00,11:20,2,10:00,4
SCH-026-LSN-0029,SCH-026,TCH-00349,hustling_subject_specialist,Further Mathematics,SS1A,ROOM-SS1A,1,Thursday,8:00,9:20,2,8:00,4
SCH-026-LSN-0030,SCH-026,TCH-00349,hustling_subject_specialist,Further Mathematics,SS1A,ROOM-SS1A,1,Monday,12:20,13:40,2,12:20,-4
SCH-026-LSN-0031,SCH-026,TCH-00350,veteran_staff_room_boss,Further Mathematics,SS3A,ROOM-SS3A,1,Tuesday,8:40,10:00,2,8:40,4
SCH-026-LSN-0032,SCH-026,TCH-00350,veteran_staff_room_boss,Chemistry,SS2A,SCI-LAB-01,1,Wednesday,8:40,10:00,2,8:40,4
SCH-026-LSN-0033,SCH-026,TCH-00350,veteran_staff_room_boss,Chemistry,SS2B,SCI-LAB-01,1,Monday,10:00,11:20,2,10:00,4
SCH-026-LSN-0034,SCH-026,TCH-00350,veteran_staff_room_boss,Further Mathematics,SS3B,ROOM-SS3B,1,Thursday,8:40,10:00,2,8:40,4
SCH-026-LSN-0035,SCH-026,TCH-00351,nysc_corper,Civic Education,JSS2A,ROOM-JSS2A,1,Tuesday,13:00,13:40,1,13:00,4.5
SCH-026-LSN-0036,SCH-026,TCH-00351,nysc_corper,Civic Education,JSS3B,ROOM-JSS3B,1,Monday,13:00,13:40,1,13:00,4.5
SCH-026-LSN-0037,SCH-026,TCH-00351,nysc_corper,Civic Education,JSS2B,ROOM-JSS2B,1,Monday,13:40,14:20,1,13:40,4.5
SCH-026-LSN-0038,SCH-026,TCH-00351,nysc_corper,Civic Education,JSS1A,ROOM-JSS1A,1,Tuesday,13:40,14:20,1,13:40,4.5
SCH-026-LSN-0039,SCH-026,TCH-00352,hustling_subject_specialist,Physics,SS3A,SCI-LAB-01,1,Thursday,8:00,10:00,3,8:00,4
SCH-026-LSN-0040,SCH-026,TCH-00352,hustling_subject_specialist,Physics,SS1B,SCI-LAB-01,1,Monday,8:00,10:00,3,8:00,4
SCH-026-LSN-0041,SCH-026,TCH-00353,overworked_generalist,PHE,JSS3A,ROOM-JSS3A,1,Wednesday,10:00,13:00,4,10:00,1.42
SCH-026-LSN-0042,SCH-026,TCH-00353,overworked_generalist,CRS,SS2B,ROOM-SS2B,1,Friday,9:20,12:20,4,9:20,1.41
SCH-026-LSN-0043,SCH-026,TCH-00353,overworked_generalist,Basic Technology,SS1A,WORKSHOP-01,1,Monday,8:40,11:20,4,8:40,1.45
SCH-026-LSN-0044,SCH-026,TCH-00353,overworked_generalist,PHE,JSS1A,ROOM-JSS1A,1,Thursday,10:40,13:40,4,10:40,1.44
SCH-026-LSN-0045,SCH-026,TCH-00353,overworked_generalist,CRS,JSS3B,ROOM-JSS3B,1,Tuesday,11:40,14:20,4,11:40,0.92
SCH-026-LSN-0046,SCH-026,TCH-00353,overworked_generalist,CRS,JSS2A,ROOM-JSS2A,1,Tuesday,8:40,11:20,4,8:40,1.18
SCH-026-LSN-0047,SCH-026,TCH-00353,overworked_generalist,CRS,JSS1A,ROOM-JSS1A,1,Thursday,8:00,10:40,4,8:00,1.32
SCH-026-LSN-0048,SCH-026,TCH-00354,veteran_staff_room_boss,Further Mathematics,SS2A,ROOM-SS2A,1,Tuesday,8:40,10:00,2,8:40,4
SCH-026-LSN-0049,SCH-026,TCH-00354,veteran_staff_room_boss,Further Mathematics,SS2B,ROOM-SS2B,1,Tuesday,10:00,11:20,2,10:00,4
SCH-026-LSN-0050,SCH-026,TCH-00354,veteran_staff_room_boss,Chemistry,SS2A,SCI-LAB-01,1,Wednesday,10:00,11:20,2,10:00,4
SCH-026-LSN-0051,SCH-026,TCH-00354,veteran_staff_room_boss,Further Mathematics,SS3B,ROOM-SS3B,1,Thursday,10:00,11:20,2,10:00,4
SCH-027-LSN-0001,SCH-027,TCH-00355,hustling_subject_specialist,Physics,SS3B,SCI-LAB-01,1,Monday,8:00,9:20,2,8:00,4
SCH-027-LSN-0002,SCH-027,TCH-00355,hustling_subject_specialist,Physics,SS3B,SCI-LAB-01,1,Monday,9:20,10:40,2,9:20,4
SCH-027-LSN-0003,SCH-027,TCH-00355,hustling_subject_specialist,Physics,SS2B,SCI-LAB-01,1,Monday,10:40,12:20,2,10:40,4
SCH-027-LSN-0004,SCH-027,TCH-00356,hustling_subject_specialist,Further Mathematics,SS2B,ROOM-SS2B,1,Wednesday,8:00,10:00,3,8:00,4
SCH-027-LSN-0005,SCH-027,TCH-00356,hustling_subject_specialist,Physics,SS2A,SCI-LAB-01,1,Wednesday,10:00,12:20,3,10:00,4
SCH-027-LSN-0006,SCH-027,TCH-00356,hustling_subject_specialist,Further Mathematics,SS2A,ROOM-SS2A,1,Thursday,8:00,10:00,3,8:00,4
SCH-027-LSN-0007,SCH-027,TCH-00356,hustling_subject_specialist,Further Mathematics,SS3A,ROOM-SS3A,1,Thursday,10:00,12:20,3,10:00,4
SCH-027-LSN-0008,SCH-027,TCH-00356,hustling_subject_specialist,Further Mathematics,SS3A,ROOM-SS3A,1,Wednesday,12:20,14:20,3,12:20,-4
SCH-027-LSN-0009,SCH-027,TCH-00356,hustling_subject_specialist,Physics,SS3A,SCI-LAB-01,1,Thursday,12:20,14:20,3,12:20,-4
SCH-027-LSN-0010,SCH-027,TCH-00357,hustling_subject_specialist,Further Mathematics,SS1A,ROOM-SS1A,1,Monday,8:00,10:00,3,8:00,4
SCH-027-LSN-0011,SCH-027,TCH-00357,hustling_subject_specialist,Further Mathematics,SS1B,ROOM-SS1B,1,Monday,10:00,12:20,3,10:00,4
SCH-027-LSN-0012,SCH-027,TCH-00357,hustling_subject_specialist,Further Mathematics,SS1B,ROOM-SS1B,1,Wednesday,8:00,10:00,3,8:00,4
SCH-027-LSN-0013,SCH-027,TCH-00357,hustling_subject_specialist,Further Mathematics,SS2B,ROOM-SS2B,1,Wednesday,10:00,12:20,3,10:00,4
SCH-027-LSN-0014,SCH-027,TCH-00358,overworked_generalist,Basic Technology,JSS3A,WORKSHOP-01,1,Wednesday,9:20,11:20,3,9:20,1.49
SCH-027-LSN-0015,SCH-027,TCH-00358,overworked_generalist,Basic Technology,JSS1B,WORKSHOP-01,1,Friday,10:00,12:20,3,10:00,1.47
SCH-027-LSN-0016,SCH-027,TCH-00358,overworked_generalist,PHE,JSS2A,ROOM-JSS2A,1,Monday,8:40,10:40,3,8:40,1.46
SCH-027-LSN-0017,SCH-027,TCH-00358,overworked_generalist,PHE,JSS1B,ROOM-JSS1B,1,Thursday,12:20,14:20,3,12:20,1.46
SCH-027-LSN-0018,SCH-027,TCH-00358,overworked_generalist,Basic Technology,SS1A,ROOM-SS1A,0,Tuesday,8:00,10:00,3,8:00,1.47
SCH-027-LSN-0019,SCH-027,TCH-00358,overworked_generalist,Basic Technology,JSS3A,WORKSHOP-01,1,Thursday,8:40,10:40,3,8:40,1.42
SCH-027-LSN-0020,SCH-027,TCH-00358,overworked_generalist,PHE,SS3A,ROOM-SS3A,1,Tuesday,11:40,13:40,3,11:40,1.41
SCH-027-LSN-0021,SCH-027,TCH-00358,overworked_generalist,PHE,JSS3B,ROOM-JSS3B,1,Friday,8:00,10:00,3,8:00,1.06
SCH-027-LSN-0022,SCH-027,TCH-00359,overworked_generalist,PHE,JSS3A,ROOM-JSS3A,1,Tuesday,9:20,13:00,5,9:20,1.44
SCH-027-LSN-0023,SCH-027,TCH-00359,overworked_generalist,CRS,SS2A,ROOM-SS2A,1,Thursday,10:40,14:20,5,10:40,1.32
SCH-027-LSN-0024,SCH-027,TCH-00359,overworked_generalist,CRS,JSS1B,ROOM-JSS1B,1,Wednesday,9:20,13:00,5,9:20,1.41
SCH-027-LSN-0025,SCH-027,TCH-00359,overworked_generalist,CRS,SS1A,ROOM-SS1A,1,Friday,8:00,11:20,5,8:00,1.1
SCH-027-LSN-0026,SCH-027,TCH-00359,overworked_generalist,CRS,SS2A,ROOM-SS2A,1,Monday,8:00,11:20,5,8:00,1.21
SCH-027-LSN-0027,SCH-027,TCH-00360,overworked_generalist,PHE,SS2A,ROOM-SS2A,1,Tuesday,12:20,14:20,3,12:20,1.49
SCH-027-LSN-0028,SCH-027,TCH-00360,overworked_generalist,PHE,SS3A,ROOM-SS3A,1,Monday,12:20,14:20,3,12:20,1.46
SCH-027-LSN-0029,SCH-027,TCH-00360,overworked_generalist,Basic Technology,SS3B,ROOM-SS3B,0,Wednesday,8:40,10:40,3,8:40,1.43
SCH-027-LSN-0030,SCH-027,TCH-00360,overworked_generalist,Basic Technology,JSS1A,ROOM-JSS1A,0,Thursday,9:20,11:20,3,9:20,1.48
SCH-027-LSN-0031,SCH-027,TCH-00360,overworked_generalist,PHE,SS2B,ROOM-SS2B,1,Tuesday,8:00,10:00,3,8:00,1.48
SCH-027-LSN-0032,SCH-027,TCH-00360,overworked_generalist,PHE,JSS3A,ROOM-JSS3A,1,Friday,8:40,10:40,3,8:40,1.45
SCH-027-LSN-0033,SCH-027,TCH-00360,overworked_generalist,PHE,JSS2B,ROOM-JSS2B,1,Monday,8:40,10:40,3,8:40,1.49
SCH-027-LSN-0034,SCH-027,TCH-00360,overworked_generalist,Basic Technology,SS3B,ROOM-SS3B,0,Wednesday,10:40,13:00,3,10:40,1.36
SCH-027-LSN-0035,SCH-027,TCH-00361,veteran_staff_room_boss,Further Mathematics,SS1A,ROOM-SS1A,1,Monday,10:00,11:20,2,10:00,4
SCH-027-LSN-0036,SCH-027,TCH-00361,veteran_staff_room_boss,Further Mathematics,SS1B,ROOM-SS1B,1,Tuesday,8:40,10:00,2,8:40,4
SCH-027-LSN-0037,SCH-027,TCH-00362,veteran_staff_room_boss,Physics,SS2B,SCI-LAB-01,1,Monday,8:40,10:00,2,8:40,4
SCH-027-LSN-0038,SCH-027,TCH-00362,veteran_staff_room_boss,Physics,SS2B,SCI-LAB-01,1,Tuesday,10:00,11:20,2,10:00,4
SCH-027-LSN-0039,SCH-027,TCH-00363,nysc_corper,Civic Education,JSS3A,ROOM-JSS3A,1,Tuesday,13:00,13:40,1,13:00,4.5
SCH-027-LSN-0040,SCH-027,TCH-00363,nysc_corper,Basic Science,JSS1A,ROOM-JSS1A,1,Tuesday,13:40,14:20,1,13:40,4.5
SCH-027-LSN-0041,SCH-027,TCH-00363,nysc_corper,Basic Science,JSS3B,ROOM-JSS3B,1,Wednesday,13:00,13:40,1,13:00,4.5
SCH-027-LSN-0042,SCH-027,TCH-00363,nysc_corper,Civic Education,JSS2B,ROOM-JSS2B,1,Wednesday,13:40,14:20,1,13:40,4.5
SCH-027-LSN-0043,SCH-027,TCH-00364,overworked_generalist,Basic Technology,SS3A,ROOM-SS3A,0,Tuesday,8:40,11:20,4,8:40,1.49
SCH-027-LSN-0044,SCH-027,TCH-00364,overworked_generalist,Basic Technology,SS2A,ROOM-SS2A,0,Monday,11:40,14:20,4,11:40,1.41
SCH-027-LSN-0045,SCH-027,TCH-00364,overworked_generalist,Basic Technology,JSS1B,ROOM-JSS1B,0,Thursday,8:00,10:40,4,8:00,1.19
SCH-027-LSN-0046,SCH-027,TCH-00364,overworked_generalist,Basic Technology,JSS3A,ROOM-JSS3A,0,Thursday,11:40,14:20,4,11:40,1.07
SCH-027-LSN-0047,SCH-027,TCH-00364,overworked_generalist,CRS,SS3A,ROOM-SS3A,1,Wednesday,8:40,11:20,4,8:40,1.38
SCH-027-LSN-0048,SCH-027,TCH-00364,overworked_generalist,CRS,SS3B,ROOM-SS3B,1,Friday,8:40,11:20,4,8:40,1.4
SCH-027-LSN-0049,SCH-027,TCH-00364,overworked_generalist,Basic Technology,SS2B,ROOM-SS2B,0,Tuesday,11:40,14:20,4,11:40,0.68
SCH-027-LSN-0050,SCH-027,TCH-00365,veteran_staff_room_boss,Physics,SS1A,SCI-LAB-01,1,Tuesday,10:00,10:40,1,10:00,4
SCH-027-LSN-0051,SCH-027,TCH-00365,veteran_staff_room_boss,Further Mathematics,SS2A,ROOM-SS2A,1,Wednesday,8:40,9:20,1,8:40,4
SCH-027-LSN-0052,SCH-027,TCH-00365,veteran_staff_room_boss,Physics,SS3B,SCI-LAB-01,1,Thursday,8:40,9:20,1,8:40,4
SCH-027-LSN-0053,SCH-027,TCH-00365,veteran_staff_room_boss,Physics,SS3B,SCI-LAB-01,1,Thursday,9:20,10:00,1,9:20,4
SCH-027-LSN-0054,SCH-027,TCH-00366,overworked_generalist,Basic Technology,SS1B,ROOM-SS1B,0,Thursday,8:00,11:20,5,8:00,1.45
SCH-027-LSN-0055,SCH-027,TCH-00366,overworked_generalist,Basic Technology,JSS2B,WORKSHOP-01,1,Tuesday,8:40,12:20,5,8:40,1.47
SCH-027-LSN-0056,SCH-027,TCH-00366,overworked_generalist,PHE,JSS1B,ROOM-JSS1B,1,Monday,10:40,14:20,5,10:40,1.18
SCH-027-LSN-0057,SCH-027,TCH-00366,overworked_generalist,PHE,JSS3B,ROOM-JSS3B,1,Wednesday,8:00,11:20,5,8:00,1.25
SCH-027-LSN-0058,SCH-027,TCH-00366,overworked_generalist,Basic Technology,JSS1A,WORKSHOP-01,1,Friday,8:40,12:20,5,8:40,0.88
SCH-027-LSN-0059,SCH-027,TCH-00367,nysc_corper,Basic Science,JSS1B,ROOM-JSS1B,1,Wednesday,13:00,13:40,1,13:00,4.5
SCH-027-LSN-0060,SCH-027,TCH-00367,nysc_corper,Basic Science,JSS2B,ROOM-JSS2B,1,Monday,13:00,13:40,1,13:00,4.5
SCH-027-LSN-0061,SCH-027,TCH-00367,nysc_corper,Basic Science,JSS3A,ROOM-JSS3A,1,Monday,13:40,14:20,1,13:40,4.5
SCH-027-LSN-0062,SCH-027,TCH-00368,veteran_staff_room_boss,Biology,SS3B,SCI-LAB-01,1,Tuesday,8:40,9:20,1,8:40,4
SCH-027-LSN-0063,SCH-027,TCH-00368,veteran_staff_room_boss,Biology,SS2A,SCI-LAB-01,1,Tuesday,9:20,10:00,1,9:20,4
SCH-027-LSN-0064,SCH-027,TCH-00368,veteran_staff_room_boss,Biology,SS1B,SCI-LAB-01,1,Friday,8:40,9:20,1,8:40,4
SCH-027-LSN-0065,SCH-027,TCH-00368,veteran_staff_room_boss,Chemistry,SS2A,SCI-LAB-01,1,Wednesday,9:20,10:00,1,9:20,4
SCH-028-LSN-0001,SCH-028,TCH-00369,overworked_generalist,PHE,JSS1B,ROOM-JSS1B,1,Thursday,10:00,13:00,4,10:00,1.44
SCH-028-LSN-0002,SCH-028,TCH-00369,overworked_generalist,CRS,JSS1A,ROOM-JSS1A,1,Wednesday,10:00,13:00,4,10:00,1.47
SCH-028-LSN-0003,SCH-028,TCH-00369,overworked_generalist,PHE,SS1B,ROOM-SS1B,1,Tuesday,11:40,14:20,4,11:40,1.5
SCH-028-LSN-0004,SCH-028,TCH-00369,overworked_generalist,CRS,SS1B,ROOM-SS1B,1,Monday,10:40,13:40,4,10:40,1.36
SCH-028-LSN-0005,SCH-028,TCH-00369,overworked_generalist,PHE,SS2B,ROOM-SS2B,1,Tuesday,8:00,10:40,4,8:00,1.43
SCH-028-LSN-0006,SCH-028,TCH-00369,overworked_generalist,PHE,SS3A,ROOM-SS3A,1,Monday,8:00,10:40,4,8:00,1.46
SCH-028-LSN-0007,SCH-028,TCH-00370,hustling_subject_specialist,Further Mathematics,SS1B,ROOM-SS1B,1,Tuesday,8:00,9:20,2,8:00,4
SCH-028-LSN-0008,SCH-028,TCH-00370,hustling_subject_specialist,Further Mathematics,SS2B,ROOM-SS2B,1,Tuesday,10:40,12:20,2,10:40,4
SCH-028-LSN-0009,SCH-028,TCH-00370,hustling_subject_specialist,Further Mathematics,SS1A,ROOM-SS1A,1,Tuesday,9:20,10:40,2,9:20,4
SCH-028-LSN-0010,SCH-028,TCH-00371,nysc_corper,Civic Education,JSS3B,ROOM-JSS3B,1,Monday,13:00,13:40,1,13:00,4.5
SCH-028-LSN-0011,SCH-028,TCH-00371,nysc_corper,Basic Science,JSS3A,ROOM-JSS3A,1,Monday,13:40,14:20,1,13:40,4.5
SCH-028-LSN-0012,SCH-028,TCH-00371,nysc_corper,Basic Science,JSS2A,ROOM-JSS2A,1,Wednesday,13:00,13:40,1,13:00,4.5
SCH-028-LSN-0013,SCH-028,TCH-00371,nysc_corper,Civic Education,JSS1B,ROOM-JSS1B,1,Wednesday,13:40,14:20,1,13:40,4.5
SCH-028-LSN-0014,SCH-028,TCH-00372,overworked_generalist,PHE,JSS1B,ROOM-JSS1B,1,Wednesday,8:00,10:40,4,8:00,1.44
SCH-028-LSN-0015,SCH-028,TCH-00372,overworked_generalist,CRS,JSS3B,ROOM-JSS3B,1,Friday,8:40,11:20,4,8:40,1.38
SCH-028-LSN-0016,SCH-028,TCH-00372,overworked_generalist,CRS,JSS2B,ROOM-JSS2B,1,Tuesday,11:40,14:20,4,11:40,1.48
SCH-028-LSN-0017,SCH-028,TCH-00372,overworked_generalist,PHE,SS3B,ROOM-SS3B,1,Monday,9:20,12:20,4,9:20,1.47
SCH-028-LSN-0018,SCH-028,TCH-00372,overworked_generalist,CRS,SS3B,ROOM-SS3B,1,Tuesday,8:40,11:20,4,8:40,1.34
SCH-028-LSN-0019,SCH-028,TCH-00372,overworked_generalist,CRS,SS2A,ROOM-SS2A,1,Thursday,8:40,11:20,4,8:40,1.43
SCH-028-LSN-0020,SCH-028,TCH-00373,veteran_staff_room_boss,Chemistry,SS1A,SCI-LAB-01,1,Monday,8:40,9:20,1,8:40,4
SCH-028-LSN-0021,SCH-028,TCH-00373,veteran_staff_room_boss,Chemistry,SS3B,SCI-LAB-01,1,Wednesday,8:40,9:20,1,8:40,4
SCH-028-LSN-0022,SCH-028,TCH-00373,veteran_staff_room_boss,Chemistry,SS3B,SCI-LAB-01,1,Wednesday,9:20,10:00,1,9:20,4
SCH-028-LSN-0023,SCH-028,TCH-00373,veteran_staff_room_boss,Physics,SS1B,SCI-LAB-01,1,Monday,9:20,10:00,1,9:20,4
SCH-028-LSN-0024,SCH-028,TCH-00373,veteran_staff_room_boss,Chemistry,SS1B,SCI-LAB-01,1,Monday,10:00,10:40,1,10:00,4
SCH-028-LSN-0025,SCH-028,TCH-00373,veteran_staff_room_boss,Chemistry,SS1B,SCI-LAB-01,1,Tuesday,9:20,10:00,1,9:20,4
SCH-028-LSN-0026,SCH-028,TCH-00374,veteran_staff_room_boss,Further Mathematics,SS2A,ROOM-SS2A,1,Monday,8:40,10:00,2,8:40,4
SCH-028-LSN-0027,SCH-028,TCH-00374,veteran_staff_room_boss,Further Mathematics,SS1A,ROOM-SS1A,1,Monday,10:00,11:20,2,10:00,4
SCH-028-LSN-0028,SCH-028,TCH-00374,veteran_staff_room_boss,Biology,SS3B,SCI-LAB-01,1,Wednesday,10:00,11:20,2,10:00,4
SCH-028-LSN-0029,SCH-028,TCH-00374,veteran_staff_room_boss,Biology,SS3B,SCI-LAB-01,1,Thursday,8:40,10:00,2,8:40,4
SCH-028-LSN-0030,SCH-028,TCH-00374,veteran_staff_room_boss,Biology,SS3B,SCI-LAB-01,1,Thursday,10:00,11:20,2,10:00,4
SCH-028-LSN-0031,SCH-028,TCH-00374,veteran_staff_room_boss,Biology,SS1B,SCI-LAB-01,1,Tuesday,10:00,11:20,2,10:00,4
SCH-028-LSN-0032,SCH-028,TCH-00375,nysc_corper,Basic Science,JSS2B,ROOM-JSS2B,1,Monday,13:00,13:40,1,13:00,4.5
SCH-028-LSN-0033,SCH-028,TCH-00375,nysc_corper,Basic Science,JSS1A,ROOM-JSS1A,1,Monday,13:40,14:20,1,13:40,4.5
SCH-028-LSN-0034,SCH-028,TCH-00376,hustling_subject_specialist,Physics,SS2A,SCI-LAB-01,1,Monday,10:40,12:20,2,10:40,4
SCH-028-LSN-0035,SCH-028,TCH-00376,hustling_subject_specialist,Physics,SS2A,SCI-LAB-01,1,Wednesday,11:40,13:00,2,11:40,0
SCH-028-LSN-0036,SCH-028,TCH-00377,hustling_subject_specialist,Physics,SS1A,ROOM-SS1A,0,Wednesday,8:40,10:40,3,8:40,4
SCH-028-LSN-0037,SCH-028,TCH-00377,hustling_subject_specialist,Physics,SS2B,SCI-LAB-01,1,Wednesday,11:40,13:40,3,11:40,0
SCH-028-LSN-0038,SCH-028,TCH-00377,hustling_subject_specialist,Further Mathematics,SS3B,ROOM-SS3B,1,Tuesday,11:40,13:40,3,11:40,0
SCH-028-LSN-0039,SCH-028,TCH-00377,hustling_subject_specialist,Further Mathematics,SS1B,ROOM-SS1B,1,Thursday,8:00,10:00,3,8:00,4
SCH-028-LSN-0040,SCH-028,TCH-00377,hustling_subject_specialist,Further Mathematics,SS3B,ROOM-SS3B,1,Thursday,11:40,13:40,3,11:40,0
SCH-028-LSN-0041,SCH-028,TCH-00378,overworked_generalist,CRS,SS3B,ROOM-SS3B,1,Friday,8:00,11:20,5,8:00,0.82
SCH-028-LSN-0042,SCH-028,TCH-00378,overworked_generalist,CRS,SS2B,ROOM-SS2B,1,Monday,10:00,13:40,5,10:00,1.46
SCH-028-LSN-0043,SCH-028,TCH-00378,overworked_generalist,CRS,SS1B,ROOM-SS1B,1,Wednesday,10:00,13:40,5,10:00,1.11
SCH-028-LSN-0044,SCH-028,TCH-00378,overworked_generalist,CRS,JSS2A,ROOM-JSS2A,1,Thursday,10:00,13:40,5,10:00,1.4
SCH-028-LSN-0045,SCH-028,TCH-00379,overworked_generalist,Basic Technology,SS3A,WORKSHOP-01,1,Thursday,10:00,12:20,3,10:00,1.49
SCH-028-LSN-0046,SCH-028,TCH-00379,overworked_generalist,PHE,SS1B,ROOM-SS1B,1,Wednesday,8:00,10:00,3,8:00,1.46
SCH-028-LSN-0047,SCH-028,TCH-00379,overworked_generalist,Basic Technology,SS2B,WORKSHOP-01,1,Friday,9:20,11:20,3,9:20,1.43
SCH-028-LSN-0048,SCH-028,TCH-00379,overworked_generalist,PHE,JSS2A,ROOM-JSS2A,1,Monday,9:20,11:20,3,9:20,1.5
SCH-028-LSN-0049,SCH-028,TCH-00379,overworked_generalist,PHE,SS3A,ROOM-SS3A,1,Wednesday,12:20,14:20,3,12:20,1.26
SCH-028-LSN-0050,SCH-028,TCH-00379,overworked_generalist,PHE,SS2A,ROOM-SS2A,1,Tuesday,12:20,14:20,3,12:20,1.37
SCH-029-LSN-0001,SCH-029,TCH-00380,overworked_generalist,PHE,JSS2B,ROOM-JSS2B,1,Friday,8:40,12:20,5,8:40,1.46
SCH-029-LSN-0002,SCH-029,TCH-00380,overworked_generalist,CRS,JSS1A,ROOM-JSS1A,1,Monday,10:00,13:40,5,10:00,1.48
SCH-029-LSN-0003,SCH-029,TCH-00380,overworked_generalist,PHE,JSS3A,ROOM-JSS3A,1,Wednesday,9:20,13:00,5,9:20,1.47
SCH-029-LSN-0004,SCH-029,TCH-00380,overworked_generalist,PHE,SS1A,ROOM-SS1A,1,Thursday,8:40,12:20,5,8:40,1.45
SCH-029-LSN-0005,SCH-029,TCH-00380,overworked_generalist,PHE,SS1B,ROOM-SS1B,1,Tuesday,10:40,14:20,5,10:40,1.48
SCH-029-LSN-0006,SCH-029,TCH-00381,overworked_generalist,Basic Technology,JSS1B,ROOM-JSS1B,0,Thursday,8:00,11:20,5,8:00,1.5
SCH-029-LSN-0007,SCH-029,TCH-00381,overworked_generalist,PHE,JSS1B,ROOM-JSS1B,1,Monday,8:00,11:20,5,8:00,1.48
SCH-029-LSN-0008,SCH-029,TCH-00381,overworked_generalist,CRS,JSS1B,ROOM-JSS1B,1,Wednesday,9:20,13:00,5,9:20,1.49
SCH-029-LSN-0009,SCH-029,TCH-00381,overworked_generalist,Basic Technology,JSS1A,ROOM-JSS1A,0,Tuesday,10:00,13:40,5,10:00,1.4
SCH-029-LSN-0010,SCH-029,TCH-00381,overworked_generalist,PHE,JSS2A,ROOM-JSS2A,1,Friday,8:40,12:20,5,8:40,1.36
SCH-029-LSN-0011,SCH-029,TCH-00382,overworked_generalist,Basic Technology,SS3A,WORKSHOP-01,1,Thursday,8:40,12:20,5,8:40,1.49
SCH-029-LSN-0012,SCH-029,TCH-00382,overworked_generalist,Basic Technology,SS2B,ROOM-SS2B,0,Monday,8:00,11:20,5,8:00,1.5
SCH-029-LSN-0013,SCH-029,TCH-00382,overworked_generalist,Basic Technology,JSS1B,ROOM-JSS1B,0,Tuesday,8:00,11:20,5,8:00,1.34
SCH-029-LSN-0014,SCH-029,TCH-00382,overworked_generalist,CRS,SS2A,ROOM-SS2A,1,Wednesday,10:00,13:40,5,10:00,1.31
SCH-029-LSN-0015,SCH-029,TCH-00382,overworked_generalist,Basic Technology,SS2B,ROOM-SS2B,0,Friday,8:00,11:20,5,8:00,1.43
SCH-029-LSN-0016,SCH-029,TCH-00383,nysc_corper,Civic Education,JSS1B,ROOM-JSS1B,1,Monday,13:00,13:40,1,13:00,4.5
SCH-029-LSN-0017,SCH-029,TCH-00383,nysc_corper,Civic Education,JSS2B,ROOM-JSS2B,1,Monday,13:40,14:20,1,13:40,4.5
SCH-029-LSN-0018,SCH-029,TCH-00383,nysc_corper,Civic Education,JSS1A,ROOM-JSS1A,1,Wednesday,13:00,13:40,1,13:00,4.5
SCH-029-LSN-0019,SCH-029,TCH-00383,nysc_corper,Civic Education,JSS1A,ROOM-JSS1A,1,Wednesday,13:40,14:20,1,13:40,4.5
SCH-029-LSN-0020,SCH-029,TCH-00384,overworked_generalist,PHE,JSS2B,ROOM-JSS2B,1,Monday,9:20,12:20,4,9:20,1.49
SCH-029-LSN-0021,SCH-029,TCH-00384,overworked_generalist,CRS,JSS3B,ROOM-JSS3B,1,Tuesday,10:40,13:40,4,10:40,1.47
SCH-029-LSN-0022,SCH-029,TCH-00384,overworked_generalist,CRS,SS2B,ROOM-SS2B,1,Wednesday,8:40,11:20,4,8:40,1.4
SCH-029-LSN-0023,SCH-029,TCH-00384,overworked_generalist,CRS,JSS1A,ROOM-JSS1A,1,Thursday,8:40,11:20,4,8:40,1.34
SCH-029-LSN-0024,SCH-029,TCH-00384,overworked_generalist,CRS,JSS3A,ROOM-JSS3A,1,Tuesday,8:00,10:40,4,8:00,1.44
SCH-029-LSN-0025,SCH-029,TCH-00384,overworked_generalist,PHE,JSS2B,ROOM-JSS2B,1,Wednesday,11:40,14:20,4,11:40,0.78
SCH-029-LSN-0026,SCH-029,TCH-00384,overworked_generalist,CRS,SS1B,ROOM-SS1B,1,Friday,9:20,12:20,4,9:20,1.42
SCH-029-LSN-0027,SCH-029,TCH-00384,overworked_generalist,CRS,SS2B,ROOM-SS2B,1,Thursday,11:40,14:20,4,11:40,1.04
SCH-029-LSN-0028,SCH-029,TCH-00385,overworked_generalist,PHE,JSS3A,ROOM-JSS3A,1,Monday,10:40,13:00,3,10:40,1.47
SCH-029-LSN-0029,SCH-029,TCH-00385,overworked_generalist,Basic Technology,JSS2A,ROOM-JSS2A,0,Tuesday,10:40,13:00,3,10:40,1.49
SCH-029-LSN-0030,SCH-029,TCH-00385,overworked_generalist,PHE,SS3B,ROOM-SS3B,1,Wednesday,12:20,14:20,3,12:20,1.48
SCH-029-LSN-0031,SCH-029,TCH-00385,overworked_generalist,PHE,SS1B,ROOM-SS1B,1,Thursday,8:40,10:40,3,8:40,1.46
SCH-029-LSN-0032,SCH-029,TCH-00385,overworked_generalist,Basic Technology,JSS3B,ROOM-JSS3B,0,Wednesday,10:00,12:20,3,10:00,1.49
SCH-029-LSN-0033,SCH-029,TCH-00385,overworked_generalist,PHE,SS1A,ROOM-SS1A,1,Friday,10:00,12:20,3,10:00,1.27
SCH-029-LSN-0034,SCH-029,TCH-00385,overworked_generalist,PHE,JSS3A,ROOM-JSS3A,1,Monday,8:40,10:40,3,8:40,1.3
SCH-029-LSN-0035,SCH-029,TCH-00385,overworked_generalist,PHE,JSS2A,ROOM-JSS2A,1,Tuesday,8:40,10:40,3,8:40,1.5
SCH-029-LSN-0036,SCH-029,TCH-00386,hustling_subject_specialist,Physics,SS3A,SCI-LAB-01,1,Monday,8:00,9:20,2,8:00,4
SCH-029-LSN-0037,SCH-029,TCH-00386,hustling_subject_specialist,Economics,SS3A,ROOM-SS3A,1,Monday,9:20,10:40,2,9:20,4
SCH-029-LSN-0038,SCH-029,TCH-00386,hustling_subject_specialist,Economics,SS3A,ROOM-SS3A,1,Monday,10:40,12:20,2,10:40,4
SCH-029-LSN-0039,SCH-029,TCH-00386,hustling_subject_specialist,Physics,SS3A,SCI-LAB-01,1,Tuesday,8:00,9:20,2,8:00,4
SCH-029-LSN-0040,SCH-029,TCH-00386,hustling_subject_specialist,Physics,SS3A,SCI-LAB-01,1,Tuesday,9:20,10:40,2,9:20,4
SCH-029-LSN-0041,SCH-029,TCH-00386,hustling_subject_specialist,Economics,SS1B,ROOM-SS1B,1,Thursday,10:40,12:20,2,10:40,4
SCH-029-LSN-0042,SCH-029,TCH-00386,hustling_subject_specialist,Physics,SS3B,SCI-LAB-01,1,Tuesday,10:40,12:20,2,10:40,4
SCH-029-LSN-0043,SCH-029,TCH-00386,hustling_subject_specialist,Economics,SS1A,ROOM-SS1A,1,Monday,12:20,13:40,2,12:20,-4
SCH-029-LSN-0044,SCH-029,TCH-00387,hustling_subject_specialist,Economics,SS2B,ROOM-SS2B,1,Tuesday,8:00,9:20,2,8:00,4
SCH-029-LSN-0045,SCH-029,TCH-00387,hustling_subject_specialist,Economics,SS1A,ROOM-SS1A,1,Tuesday,9:20,10:40,2,9:20,4
SCH-029-LSN-0046,SCH-029,TCH-00387,hustling_subject_specialist,Economics,SS1B,ROOM-SS1B,1,Wednesday,8:00,9:20,2,8:00,4
SCH-029-LSN-0047,SCH-029,TCH-00388,overworked_generalist,CRS,JSS2B,ROOM-JSS2B,1,Tuesday,9:20,13:00,5,9:20,1.49
SCH-029-LSN-0048,SCH-029,TCH-00388,overworked_generalist,Basic Technology,JSS2A,ROOM-JSS2A,0,Monday,10:00,13:40,5,10:00,1.29
SCH-029-LSN-0049,SCH-029,TCH-00388,overworked_generalist,CRS,SS1B,ROOM-SS1B,1,Wednesday,9:20,13:00,5,9:20,1.37
SCH-029-LSN-0050,SCH-029,TCH-00388,overworked_generalist,Basic Technology,SS2B,ROOM-SS2B,0,Thursday,8:00,11:20,5,8:00,1.13
SCH-029-LSN-0051,SCH-029,TCH-00389,veteran_staff_room_boss,Biology,SS1A,SCI-LAB-01,1,Monday,9:20,10:00,1,9:20,4
SCH-029-LSN-0052,SCH-029,TCH-00389,veteran_staff_room_boss,Further Mathematics,SS2A,ROOM-SS2A,1,Monday,10:00,10:40,1,10:00,4
SCH-029-LSN-0053,SCH-029,TCH-00389,veteran_staff_room_boss,Biology,SS3A,SCI-LAB-01,1,Wednesday,8:40,9:20,1,8:40,4
SCH-029-LSN-0054,SCH-029,TCH-00389,veteran_staff_room_boss,Biology,SS1A,SCI-LAB-01,1,Wednesday,9:20,10:00,1,9:20,4
SCH-029-LSN-0055,SCH-029,TCH-00389,veteran_staff_room_boss,Further Mathematics,SS2A,ROOM-SS2A,1,Tuesday,8:40,9:20,1,8:40,4
SCH-029-LSN-0056,SCH-029,TCH-00389,veteran_staff_room_boss,Further Mathematics,SS2B,ROOM-SS2B,1,Tuesday,9:20,10:00,1,9:20,4
SCH-029-LSN-0057,SCH-029,TCH-00390,veteran_staff_room_boss,Physics,SS1B,SCI-LAB-01,1,Monday,8:40,9:20,1,8:40,4
SCH-029-LSN-0058,SCH-029,TCH-00390,veteran_staff_room_boss,Physics,SS2A,SCI-LAB-01,1,Tuesday,9:20,10:00,1,9:20,4
SCH-029-LSN-0059,SCH-029,TCH-00390,veteran_staff_room_boss,Physics,SS2B,SCI-LAB-01,1,Tuesday,10:00,10:40,1,10:00,4
SCH-029-LSN-0060,SCH-029,TCH-00390,veteran_staff_room_boss,Physics,SS2A,SCI-LAB-01,1,Thursday,8:40,9:20,1,8:40,4
SCH-029-LSN-0061,SCH-029,TCH-00391,overworked_generalist,Basic Technology,JSS2A,ROOM-JSS2A,0,Wednesday,8:00,10:00,3,8:00,1.49
SCH-029-LSN-0062,SCH-029,TCH-00391,overworked_generalist,PHE,JSS1A,ROOM-JSS1A,1,Wednesday,10:40,13:00,3,10:40,1.38
SCH-029-LSN-0063,SCH-029,TCH-00391,overworked_generalist,Basic Technology,SS2B,ROOM-SS2B,0,Tuesday,10:40,13:00,3,10:40,1.43
SCH-029-LSN-0064,SCH-029,TCH-00391,overworked_generalist,Basic Technology,JSS3B,ROOM-JSS3B,0,Thursday,8:00,10:00,3,8:00,1.49
SCH-029-LSN-0065,SCH-029,TCH-00391,overworked_generalist,PHE,JSS1B,ROOM-JSS1B,1,Friday,9:20,11:20,3,9:20,1.36
SCH-029-LSN-0066,SCH-029,TCH-00391,overworked_generalist,Basic Technology,JSS3B,ROOM-JSS3B,0,Monday,8:40,10:40,3,8:40,1.28
SCH-029-LSN-0067,SCH-029,TCH-00391,overworked_generalist,Basic Technology,JSS2B,WORKSHOP-01,1,Thursday,12:20,14:20,3,12:20,1.49
SCH-029-LSN-0068,SCH-029,TCH-00391,overworked_generalist,PHE,JSS1A,ROOM-JSS1A,1,Tuesday,8:00,10:00,3,8:00,1.19
SCH-030-LSN-0001,SCH-030,TCH-00392,hustling_subject_specialist,Economics,SS3B,ROOM-SS3B,1,Monday,8:00,10:00,3,8:00,4
SCH-030-LSN-0002,SCH-030,TCH-00392,hustling_subject_specialist,Economics,SS3A,ROOM-SS3A,1,Monday,10:00,12:20,3,10:00,4
SCH-030-LSN-0003,SCH-030,TCH-00392,hustling_subject_specialist,Economics,SS1A,ROOM-SS1A,1,Tuesday,8:00,10:00,3,8:00,4
SCH-030-LSN-0004,SCH-030,TCH-00393,overworked_generalist,Basic Technology,JSS2A,WORKSHOP-01,1,Thursday,11:40,14:20,4,11:40,1.45
SCH-030-LSN-0005,SCH-030,TCH-00393,overworked_generalist,PHE,SS2B,ROOM-SS2B,1,Monday,10:00,13:00,4,10:00,1.38
SCH-030-LSN-0006,SCH-030,TCH-00393,overworked_generalist,CRS,JSS3B,ROOM-JSS3B,1,Thursday,8:40,11:20,4,8:40,1.48
SCH-030-LSN-0007,SCH-030,TCH-00393,overworked_generalist,Basic Technology,JSS1A,ROOM-JSS1A,0,Wednesday,9:20,12:20,4,9:20,1.46
SCH-030-LSN-0008,SCH-030,TCH-00393,overworked_generalist,PHE,SS2A,ROOM-SS2A,1,Friday,9:20,12:20,4,9:20,1.49
SCH-030-LSN-0009,SCH-030,TCH-00393,overworked_generalist,CRS,SS2B,ROOM-SS2B,1,Tuesday,8:00,10:40,4,8:00,1.45
SCH-030-LSN-0010,SCH-030,TCH-00393,overworked_generalist,CRS,SS1B,ROOM-SS1B,1,Tuesday,11:40,14:20,4,11:40,1.35
SCH-030-LSN-0011,SCH-030,TCH-00394,overworked_generalist,CRS,JSS3A,ROOM-JSS3A,1,Thursday,10:40,13:00,3,10:40,1.5
SCH-030-LSN-0012,SCH-030,TCH-00394,overworked_generalist,CRS,JSS3B,ROOM-JSS3B,1,Tuesday,10:40,13:00,3,10:40,1.42
SCH-030-LSN-0013,SCH-030,TCH-00394,overworked_generalist,CRS,SS2A,ROOM-SS2A,1,Wednesday,10:40,13:00,3,10:40,1.48
SCH-030-LSN-0014,SCH-030,TCH-00394,overworked_generalist,PHE,JSS2B,ROOM-JSS2B,1,Monday,12:20,14:20,3,12:20,1.43
SCH-030-LSN-0015,SCH-030,TCH-00394,overworked_generalist,PHE,SS1B,ROOM-SS1B,1,Tuesday,8:00,10:00,3,8:00,1.49
SCH-030-LSN-0016,SCH-030,TCH-00394,overworked_generalist,PHE,JSS3B,ROOM-JSS3B,1,Monday,8:40,10:40,3,8:40,1.41
SCH-030-LSN-0017,SCH-030,TCH-00394,overworked_generalist,CRS,JSS2A,ROOM-JSS2A,1,Wednesday,8:40,10:40,3,8:40,1.33
SCH-030-LSN-0018,SCH-030,TCH-00394,overworked_generalist,PHE,JSS3B,ROOM-JSS3B,1,Friday,8:00,10:00,3,8:00,1.05
SCH-030-LSN-0019,SCH-030,TCH-00395,hustling_subject_specialist,Physics,SS3A,SCI-LAB-01,1,Tuesday,8:00,9:20,2,8:00,4
SCH-030-LSN-0020,SCH-030,TCH-00395,hustling_subject_specialist,Physics,SS1A,SCI-LAB-01,1,Tuesday,10:00,11:20,2,10:00,4
SCH-030-LSN-0021,SCH-030,TCH-00395,hustling_subject_specialist,Economics,SS2B,ROOM-SS2B,1,Wednesday,8:00,9:20,2,8:00,4
SCH-030-LSN-0022,SCH-030,TCH-00395,hustling_subject_specialist,Physics,SS2B,SCI-LAB-01,1,Wednesday,9:20,10:40,2,9:20,4
SCH-030-LSN-0023,SCH-030,TCH-00395,hustling_subject_specialist,Physics,SS3B,SCI-LAB-01,1,Wednesday,10:40,12:20,2,10:40,4
SCH-030-LSN-0024,SCH-030,TCH-00395,hustling_subject_specialist,Economics,SS1A,ROOM-SS1A,1,Thursday,8:00,9:20,2,8:00,4
SCH-030-LSN-0025,SCH-030,TCH-00396,nysc_corper,Civic Education,JSS1B,ROOM-JSS1B,1,Monday,13:00,13:40,1,13:00,4.5
SCH-030-LSN-0026,SCH-030,TCH-00396,nysc_corper,Basic Science,JSS2A,ROOM-JSS2A,1,Monday,13:40,14:20,1,13:40,4.5
SCH-030-LSN-0027,SCH-030,TCH-00396,nysc_corper,Basic Science,JSS2A,ROOM-JSS2A,1,Tuesday,13:00,13:40,1,13:00,4.5
SCH-030-LSN-0028,SCH-030,TCH-00396,nysc_corper,Civic Education,JSS2B,ROOM-JSS2B,1,Tuesday,13:40,14:20,1,13:40,4.5
SCH-030-LSN-0029,SCH-030,TCH-00396,nysc_corper,Basic Science,JSS1B,ROOM-JSS1B,1,Wednesday,13:00,13:40,1,13:00,4.5
SCH-030-LSN-0030,SCH-030,TCH-00396,nysc_corper,Basic Science,JSS2B,ROOM-JSS2B,1,Wednesday,13:40,14:20,1,13:40,4.5
SCH-030-LSN-0031,SCH-030,TCH-00397,overworked_generalist,Basic Technology,JSS1B,ROOM-JSS1B,0,Friday,8:00,11:20,5,8:00,1.45
SCH-030-LSN-0032,SCH-030,TCH-00397,overworked_generalist,Basic Technology,SS1A,ROOM-SS1A,0,Monday,8:00,11:20,5,8:00,1.28
SCH-030-LSN-0033,SCH-030,TCH-00397,overworked_generalist,PHE,SS3B,ROOM-SS3B,1,Thursday,10:00,13:40,5,10:00,1.45
SCH-030-LSN-0034,SCH-030,TCH-00397,overworked_generalist,PHE,SS1B,ROOM-SS1B,1,Wednesday,9:20,13:00,5,9:20,1.47
SCH-030-LSN-0035,SCH-030,TCH-00397,overworked_generalist,Basic Technology,JSS1B,ROOM-JSS1B,0,Tuesday,10:00,13:40,5,10:00,1.47
SCH-030-LSN-0036,SCH-030,TCH-00398,hustling_subject_specialist,Economics,SS1B,ROOM-SS1B,1,Monday,8:00,9:20,2,8:00,4
SCH-030-LSN-0037,SCH-030,TCH-00398,hustling_subject_specialist,Economics,SS2B,ROOM-SS2B,1,Tuesday,10:40,12:20,2,10:40,4
SCH-030-LSN-0038,SCH-030,TCH-00398,hustling_subject_specialist,Physics,SS1B,SCI-LAB-01,1,Monday,9:20,10:40,2,9:20,4
SCH-030-LSN-0039,SCH-030,TCH-00398,hustling_subject_specialist,Economics,SS1A,ROOM-SS1A,1,Wednesday,8:00,9:20,2,8:00,4
SCH-030-LSN-0040,SCH-030,TCH-00398,hustling_subject_specialist,Economics,SS1A,ROOM-SS1A,1,Wednesday,9:20,10:40,2,9:20,4
SCH-030-LSN-0041,SCH-030,TCH-00398,hustling_subject_specialist,Economics,SS2A,ROOM-SS2A,1,Monday,10:40,12:20,2,10:40,4
SCH-030-LSN-0042,SCH-030,TCH-00398,hustling_subject_specialist,Economics,SS3B,ROOM-SS3B,1,Tuesday,8:00,9:20,2,8:00,4
SCH-030-LSN-0043,SCH-030,TCH-00398,hustling_subject_specialist,Physics,SS2B,SCI-LAB-01,1,Wednesday,10:40,12:20,2,10:40,4
SCH-030-LSN-0044,SCH-030,TCH-00399,veteran_staff_room_boss,Chemistry,SS2A,SCI-LAB-01,1,Monday,8:40,9:20,1,8:40,4
SCH-030-LSN-0045,SCH-030,TCH-00399,veteran_staff_room_boss,Chemistry,SS2B,SCI-LAB-01,1,Thursday,8:40,9:20,1,8:40,4
SCH-030-LSN-0046,SCH-030,TCH-00399,veteran_staff_room_boss,Chemistry,SS2A,SCI-LAB-01,1,Tuesday,9:20,10:00,1,9:20,4
SCH-030-LSN-0047,SCH-030,TCH-00399,veteran_staff_room_boss,Chemistry,SS1B,SCI-LAB-01,1,Wednesday,8:40,9:20,1,8:40,4
SCH-030-LSN-0048,SCH-030,TCH-00400,overworked_generalist,Basic Technology,JSS2B,ROOM-JSS2B,0,Tuesday,8:40,10:40,3,8:40,1.47
SCH-030-LSN-0049,SCH-030,TCH-00400,overworked_generalist,Basic Technology,JSS3B,WORKSHOP-01,1,Thursday,12:20,14:20,3,12:20,1.45
SCH-030-LSN-0050,SCH-030,TCH-00400,overworked_generalist,CRS,SS2B,ROOM-SS2B,1,Friday,10:00,12:20,3,10:00,1.47
SCH-030-LSN-0051,SCH-030,TCH-00400,overworked_generalist,CRS,SS3A,ROOM-SS3A,1,Wednesday,9:20,11:20,3,9:20,1.4
SCH-030-LSN-0052,SCH-030,TCH-00400,overworked_generalist,CRS,SS3B,ROOM-SS3B,1,Thursday,8:00,10:00,3,8:00,1.42
SCH-030-LSN-0053,SCH-030,TCH-00400,overworked_generalist,CRS,JSS2B,ROOM-JSS2B,1,Monday,9:20,11:20,3,9:20,1.49
SCH-030-LSN-0054,SCH-030,TCH-00401,nysc_corper,Civic Education,JSS1B,ROOM-JSS1B,1,Monday,13:40,14:20,1,13:40,4.5
SCH-030-LSN-0055,SCH-030,TCH-00401,nysc_corper,Civic Education,JSS2B,ROOM-JSS2B,1,Tuesday,13:00,13:40,1,13:00,4.5
SCH-030-LSN-0056,SCH-030,TCH-00401,nysc_corper,Civic Education,JSS2B,ROOM-JSS2B,1,Wednesday,13:00,13:40,1,13:00,4.5
SCH-030-LSN-0057,SCH-030,TCH-00402,hustling_subject_specialist,Economics,SS1A,ROOM-SS1A,1,Wednesday,10:40,13:00,3,10:40,4
SCH-030-LSN-0058,SCH-030,TCH-00402,hustling_subject_specialist,Economics,SS3A,ROOM-SS3A,1,Thursday,8:00,10:00,3,8:00,4
SCH-030-LSN-0059,SCH-030,TCH-00402,hustling_subject_specialist,Economics,SS1A,ROOM-SS1A,1,Thursday,10:00,12:20,3,10:00,4
SCH-031-LSN-0001,SCH-031,TCH-00403,veteran_staff_room_boss,Physics,SS2A,SCI-LAB-01,1,Monday,8:40,10:00,2,8:40,4
SCH-031-LSN-0002,SCH-031,TCH-00403,veteran_staff_room_boss,Chemistry,SS3A,SCI-LAB-01,1,Monday,10:00,11:20,2,10:00,4
SCH-031-LSN-0003,SCH-031,TCH-00403,veteran_staff_room_boss,Chemistry,SS2A,SCI-LAB-01,1,Tuesday,8:40,10:00,2,8:40,4
SCH-031-LSN-0004,SCH-031,TCH-00403,veteran_staff_room_boss,Chemistry,SS3B,SCI-LAB-01,1,Tuesday,10:00,11:20,2,10:00,4
SCH-031-LSN-0005,SCH-031,TCH-00403,veteran_staff_room_boss,Chemistry,SS3A,SCI-LAB-01,1,Wednesday,8:40,10:00,2,8:40,4
SCH-031-LSN-0006,SCH-031,TCH-00403,veteran_staff_room_boss,Physics,SS1B,SCI-LAB-01,1,Wednesday,10:00,11:20,2,10:00,4
SCH-031-LSN-0007,SCH-031,TCH-00403,veteran_staff_room_boss,Chemistry,SS1B,SCI-LAB-01,1,Thursday,8:40,10:00,2,8:40,4
SCH-031-LSN-0008,SCH-031,TCH-00403,veteran_staff_room_boss,Chemistry,SS3B,SCI-LAB-01,1,Thursday,10:00,11:20,2,10:00,4
SCH-031-LSN-0009,SCH-031,TCH-00404,nysc_corper,Civic Education,JSS2A,ROOM-JSS2A,1,Monday,13:00,13:40,1,13:00,4.5
SCH-031-LSN-0010,SCH-031,TCH-00404,nysc_corper,Basic Science,JSS1B,ROOM-JSS1B,1,Monday,13:40,14:20,1,13:40,4.5
SCH-031-LSN-0011,SCH-031,TCH-00404,nysc_corper,Civic Education,JSS2B,ROOM-JSS2B,1,Wednesday,13:00,13:40,1,13:00,4.5
SCH-031-LSN-0012,SCH-031,TCH-00404,nysc_corper,Civic Education,JSS3B,ROOM-JSS3B,1,Wednesday,13:40,14:20,1,13:40,4.5
SCH-031-LSN-0013,SCH-031,TCH-00404,nysc_corper,Basic Science,JSS3A,ROOM-JSS3A,1,Thursday,13:00,13:40,1,13:00,4.5
SCH-031-LSN-0014,SCH-031,TCH-00404,nysc_corper,Civic Education,JSS1B,ROOM-JSS1B,1,Thursday,13:40,14:20,1,13:40,4.5
SCH-031-LSN-0015,SCH-031,TCH-00404,nysc_corper,Basic Science,JSS2A,ROOM-JSS2A,1,Monday,8:00,8:40,1,8:00,0
SCH-031-LSN-0016,SCH-031,TCH-00404,nysc_corper,Basic Science,JSS1A,ROOM-JSS1A,1,Monday,8:40,9:20,1,8:40,0
SCH-031-LSN-0017,SCH-031,TCH-00405,overworked_generalist,CRS,SS1B,ROOM-SS1B,1,Monday,10:40,14:20,5,10:40,1.41
SCH-031-LSN-0018,SCH-031,TCH-00405,overworked_generalist,Basic Technology,JSS1B,ROOM-JSS1B,0,Tuesday,10:40,14:20,5,10:40,1.49
SCH-031-LSN-0019,SCH-031,TCH-00405,overworked_generalist,Basic Technology,SS2A,ROOM-SS2A,0,Thursday,10:40,14:20,5,10:40,1.2
SCH-031-LSN-0020,SCH-031,TCH-00405,overworked_generalist,CRS,JSS1A,ROOM-JSS1A,1,Wednesday,8:40,12:20,5,8:40,1.16
SCH-031-LSN-0021,SCH-031,TCH-00406,nysc_corper,Civic Education,JSS3B,ROOM-JSS3B,1,Monday,13:00,13:40,1,13:00,4.5
SCH-031-LSN-0022,SCH-031,TCH-00406,nysc_corper,Civic Education,JSS2B,ROOM-JSS2B,1,Monday,13:40,14:20,1,13:40,4.5
SCH-031-LSN-0023,SCH-031,TCH-00406,nysc_corper,Civic Education,JSS2B,ROOM-JSS2B,1,Wednesday,13:40,14:20,1,13:40,4.5
SCH-031-LSN-0024,SCH-031,TCH-00407,hustling_subject_specialist,Further Mathematics,SS2B,ROOM-SS2B,1,Wednesday,8:00,10:00,3,8:00,4
SCH-031-LSN-0025,SCH-031,TCH-00407,hustling_subject_specialist,Further Mathematics,SS1B,ROOM-SS1B,1,Thursday,10:00,12:20,3,10:00,4
SCH-031-LSN-0026,SCH-031,TCH-00407,hustling_subject_specialist,Further Mathematics,SS2B,ROOM-SS2B,1,Wednesday,10:00,12:20,3,10:00,4
SCH-031-LSN-0027,SCH-031,TCH-00407,hustling_subject_specialist,Further Mathematics,SS3B,ROOM-SS3B,1,Thursday,8:00,10:00,3,8:00,4
SCH-031-LSN-0028,SCH-031,TCH-00408,nysc_corper,Civic Education,JSS3A,ROOM-JSS3A,1,Monday,13:00,13:40,1,13:00,4.5
SCH-031-LSN-0029,SCH-031,TCH-00408,nysc_corper,Basic Science,JSS2B,ROOM-JSS2B,1,Tuesday,13:00,13:40,1,13:00,4.5
SCH-031-LSN-0030,SCH-031,TCH-00408,nysc_corper,Basic Science,JSS2B,ROOM-JSS2B,1,Tuesday,13:40,14:20,1,13:40,4.5
SCH-031-LSN-0031,SCH-031,TCH-00408,nysc_corper,Civic Education,JSS3B,ROOM-JSS3B,1,Monday,13:40,14:20,1,13:40,4.5
SCH-031-LSN-0032,SCH-031,TCH-00409,nysc_corper,Basic Science,JSS2A,ROOM-JSS2A,1,Monday,13:40,14:20,1,13:40,4.5
SCH-031-LSN-0033,SCH-031,TCH-00409,nysc_corper,Basic Science,JSS3A,ROOM-JSS3A,1,Tuesday,13:00,13:40,1,13:00,4.5
SCH-031-LSN-0034,SCH-031,TCH-00409,nysc_corper,Basic Science,JSS3B,ROOM-JSS3B,1,Tuesday,13:40,14:20,1,13:40,4.5
SCH-031-LSN-0035,SCH-031,TCH-00409,nysc_corper,Basic Science,JSS3A,ROOM-JSS3A,1,Thursday,13:40,14:20,1,13:40,4.5
SCH-031-LSN-0036,SCH-031,TCH-00410,hustling_subject_specialist,Economics,SS2B,ROOM-SS2B,1,Monday,8:00,10:00,3,8:00,4
SCH-031-LSN-0037,SCH-031,TCH-00410,hustling_subject_specialist,Economics,SS2B,ROOM-SS2B,1,Monday,10:00,12:20,3,10:00,4
SCH-031-LSN-0038,SCH-031,TCH-00410,hustling_subject_specialist,Economics,SS2B,ROOM-SS2B,1,Tuesday,8:00,10:00,3,8:00,4
SCH-031-LSN-0039,SCH-031,TCH-00411,nysc_corper,Basic Science,JSS2B,ROOM-JSS2B,1,Monday,13:00,13:40,1,13:00,4.5
SCH-031-LSN-0040,SCH-031,TCH-00411,nysc_corper,Basic Science,JSS1A,ROOM-JSS1A,1,Monday,13:40,14:20,1,13:40,4.5
SCH-031-LSN-0041,SCH-031,TCH-00411,nysc_corper,Basic Science,JSS2A,ROOM-JSS2A,1,Wednesday,13:00,13:40,1,13:00,4.5
SCH-031-LSN-0042,SCH-031,TCH-00411,nysc_corper,Basic Science,JSS1B,ROOM-JSS1B,1,Wednesday,13:40,14:20,1,13:40,4.5
SCH-031-LSN-0043,SCH-031,TCH-00411,nysc_corper,Basic Science,JSS3B,ROOM-JSS3B,1,Thursday,13:00,13:40,1,13:00,4.5
SCH-031-LSN-0044,SCH-031,TCH-00411,nysc_corper,Basic Science,JSS1B,ROOM-JSS1B,1,Monday,8:00,8:40,1,8:00,0
SCH-031-LSN-0045,SCH-031,TCH-00411,nysc_corper,Basic Science,JSS1A,ROOM-JSS1A,1,Thursday,13:40,14:20,1,13:40,4.5
SCH-031-LSN-0046,SCH-031,TCH-00411,nysc_corper,Basic Science,JSS2B,ROOM-JSS2B,1,Monday,8:40,9:20,1,8:40,0
SCH-031-LSN-0047,SCH-031,TCH-00412,hustling_subject_specialist,Further Mathematics,SS2B,ROOM-SS2B,1,Thursday,8:00,9:20,2,8:00,4
SCH-031-LSN-0048,SCH-031,TCH-00412,hustling_subject_specialist,Further Mathematics,SS3A,ROOM-SS3A,1,Monday,8:00,9:20,2,8:00,4
SCH-031-LSN-0049,SCH-031,TCH-00412,hustling_subject_specialist,Further Mathematics,SS1B,ROOM-SS1B,1,Monday,9:20,10:40,2,9:20,4
SCH-031-LSN-0050,SCH-031,TCH-00412,hustling_subject_specialist,Further Mathematics,SS3B,ROOM-SS3B,1,Monday,10:40,12:20,2,10:40,4
SCH-031-LSN-0051,SCH-031,TCH-00412,hustling_subject_specialist,Economics,SS2B,ROOM-SS2B,1,Thursday,9:20,10:40,2,9:20,4
SCH-031-LSN-0052,SCH-031,TCH-00412,hustling_subject_specialist,Economics,SS3B,ROOM-SS3B,1,Wednesday,8:00,9:20,2,8:00,4
SCH-031-LSN-0053,SCH-031,TCH-00412,hustling_subject_specialist,Economics,SS3B,ROOM-SS3B,1,Wednesday,9:20,10:40,2,9:20,4
SCH-031-LSN-0054,SCH-031,TCH-00412,hustling_subject_specialist,Further Mathematics,SS3B,ROOM-SS3B,1,Wednesday,10:40,12:20,2,10:40,4
SCH-032-LSN-0001,SCH-032,TCH-00413,nysc_corper,Basic Science,JSS1A,ROOM-JSS1A,1,Monday,13:00,13:40,1,13:00,4.5
SCH-032-LSN-0002,SCH-032,TCH-00413,nysc_corper,Basic Science,JSS3A,ROOM-JSS3A,1,Monday,13:40,14:20,1,13:40,4.5
SCH-032-LSN-0003,SCH-032,TCH-00413,nysc_corper,Civic Education,JSS2A,ROOM-JSS2A,1,Tuesday,13:00,13:40,1,13:00,4.5
SCH-032-LSN-0004,SCH-032,TCH-00413,nysc_corper,Civic Education,JSS3A,ROOM-JSS3A,1,Tuesday,13:40,14:20,1,13:40,4.5
SCH-032-LSN-0005,SCH-032,TCH-00413,nysc_corper,Civic Education,JSS1B,ROOM-JSS1B,1,Wednesday,13:00,13:40,1,13:00,4.5
SCH-032-LSN-0006,SCH-032,TCH-00413,nysc_corper,Basic Science,JSS2A,ROOM-JSS2A,1,Wednesday,13:40,14:20,1,13:40,4.5
SCH-032-LSN-0007,SCH-032,TCH-00413,nysc_corper,Basic Science,JSS1B,ROOM-JSS1B,1,Monday,8:00,8:40,1,8:00,0
SCH-032-LSN-0008,SCH-032,TCH-00413,nysc_corper,Basic Science,JSS3A,ROOM-JSS3A,1,Monday,8:40,9:20,1,8:40,0
SCH-032-LSN-0009,SCH-032,TCH-00414,overworked_generalist,CRS,JSS1A,ROOM-JSS1A,1,Thursday,8:00,10:40,4,8:00,1.47
SCH-032-LSN-0010,SCH-032,TCH-00414,overworked_generalist,CRS,SS3B,ROOM-SS3B,1,Friday,8:00,10:40,4,8:00,1.43
SCH-032-LSN-0011,SCH-032,TCH-00414,overworked_generalist,PHE,SS1A,ROOM-SS1A,1,Monday,8:40,11:20,4,8:40,1.47
SCH-032-LSN-0012,SCH-032,TCH-00414,overworked_generalist,Basic Technology,SS3A,ROOM-SS3A,0,Tuesday,11:40,14:20,4,11:40,1.49
SCH-032-LSN-0013,SCH-032,TCH-00414,overworked_generalist,PHE,SS2B,ROOM-SS2B,1,Monday,11:40,14:20,4,11:40,1.39
SCH-032-LSN-0014,SCH-032,TCH-00414,overworked_generalist,CRS,SS2A,ROOM-SS2A,1,Wednesday,9:20,12:20,4,9:20,1.44
SCH-032-LSN-0015,SCH-032,TCH-00415,veteran_staff_room_boss,Biology,SS3B,SCI-LAB-01,1,Monday,8:40,10:00,2,8:40,4
SCH-032-LSN-0016,SCH-032,TCH-00415,veteran_staff_room_boss,Biology,SS3A,SCI-LAB-01,1,Monday,10:00,11:20,2,10:00,4
SCH-032-LSN-0017,SCH-032,TCH-00415,veteran_staff_room_boss,Biology,SS1B,SCI-LAB-01,1,Tuesday,8:40,10:00,2,8:40,4
SCH-032-LSN-0018,SCH-032,TCH-00416,overworked_generalist,CRS,SS2B,ROOM-SS2B,1,Thursday,11:40,14:20,4,11:40,1.49
SCH-032-LSN-0019,SCH-032,TCH-00416,overworked_generalist,Basic Technology,JSS1A,ROOM-JSS1A,0,Friday,8:00,10:40,4,8:00,1.5
SCH-032-LSN-0020,SCH-032,TCH-00416,overworked_generalist,CRS,JSS1A,ROOM-JSS1A,1,Tuesday,9:20,12:20,4,9:20,1.49
SCH-032-LSN-0021,SCH-032,TCH-00416,overworked_generalist,CRS,JSS2B,ROOM-JSS2B,1,Thursday,8:00,10:40,4,8:00,1.39
SCH-032-LSN-0022,SCH-032,TCH-00416,overworked_generalist,PHE,SS1A,ROOM-SS1A,1,Monday,11:40,14:20,4,11:40,1.39
SCH-032-LSN-0023,SCH-032,TCH-00416,overworked_generalist,CRS,JSS1A,ROOM-JSS1A,1,Wednesday,9:20,12:20,4,9:20,1.29
SCH-032-LSN-0024,SCH-032,TCH-00416,overworked_generalist,PHE,SS1B,ROOM-SS1B,1,Monday,8:00,10:40,4,8:00,1.28
SCH-032-LSN-0025,SCH-032,TCH-00417,overworked_generalist,CRS,SS2B,ROOM-SS2B,1,Tuesday,9:20,12:20,4,9:20,1.49
SCH-032-LSN-0026,SCH-032,TCH-00417,overworked_generalist,Basic Technology,SS1A,ROOM-SS1A,0,Thursday,10:00,13:00,4,10:00,1.47
SCH-032-LSN-0027,SCH-032,TCH-00417,overworked_generalist,CRS,SS1B,ROOM-SS1B,1,Wednesday,11:40,14:20,4,11:40,1.46
SCH-032-LSN-0028,SCH-032,TCH-00417,overworked_generalist,CRS,JSS2A,ROOM-JSS2A,1,Monday,8:00,10:40,4,8:00,1.24
SCH-032-LSN-0029,SCH-032,TCH-00417,overworked_generalist,Basic Technology,JSS2A,ROOM-JSS2A,0,Monday,11:40,14:20,4,11:40,1.41
SCH-032-LSN-0030,SCH-032,TCH-00417,overworked_generalist,Basic Technology,JSS3B,ROOM-JSS3B,0,Wednesday,8:00,10:40,4,8:00,1.19
SCH-032-LSN-0031,SCH-032,TCH-00417,overworked_generalist,CRS,SS1B,ROOM-SS1B,1,Friday,8:40,11:20,4,8:40,1.39
SCH-032-LSN-0032,SCH-032,TCH-00418,hustling_subject_specialist,Further Mathematics,SS1B,ROOM-SS1B,1,Monday,10:40,13:00,3,10:40,4
SCH-032-LSN-0033,SCH-032,TCH-00418,hustling_subject_specialist,Further Mathematics,SS2A,ROOM-SS2A,1,Monday,8:00,10:00,3,8:00,4
SCH-032-LSN-0034,SCH-032,TCH-00419,overworked_generalist,CRS,SS2A,ROOM-SS2A,1,Thursday,8:00,11:20,5,8:00,1.46
SCH-032-LSN-0035,SCH-032,TCH-00419,overworked_generalist,CRS,JSS1B,ROOM-JSS1B,1,Wednesday,9:20,13:00,5,9:20,1.49
SCH-032-LSN-0036,SCH-032,TCH-00419,overworked_generalist,CRS,SS3A,ROOM-SS3A,1,Friday,8:00,11:20,5,8:00,1.44
SCH-032-LSN-0037,SCH-032,TCH-00419,overworked_generalist,CRS,JSS2B,ROOM-JSS2B,1,Tuesday,9:20,13:00,5,9:20,1.38
SCH-032-LSN-0038,SCH-032,TCH-00419,overworked_generalist,PHE,JSS3A,ROOM-JSS3A,1,Monday,9:20,13:00,5,9:20,0.87
SCH-032-LSN-0039,SCH-032,TCH-00420,nysc_corper,Basic Science,JSS1B,ROOM-JSS1B,1,Monday,13:00,13:40,1,13:00,4.5
SCH-032-LSN-0040,SCH-032,TCH-00420,nysc_corper,Basic Science,JSS3A,ROOM-JSS3A,1,Tuesday,13:00,13:40,1,13:00,4.5
SCH-032-LSN-0041,SCH-032,TCH-00421,nysc_corper,Civic Education,JSS3A,ROOM-JSS3A,1,Monday,13:00,13:40,1,13:00,4.5
SCH-032-LSN-0042,SCH-032,TCH-00421,nysc_corper,Civic Education,JSS3B,ROOM-JSS3B,1,Monday,13:40,14:20,1,13:40,4.5
SCH-032-LSN-0043,SCH-032,TCH-00421,nysc_corper,Civic Education,JSS3B,ROOM-JSS3B,1,Tuesday,13:00,13:40,1,13:00,4.5
SCH-032-LSN-0044,SCH-032,TCH-00421,nysc_corper,Civic Education,JSS3B,ROOM-JSS3B,1,Tuesday,13:40,14:20,1,13:40,4.5
SCH-032-LSN-0045,SCH-032,TCH-00422,overworked_generalist,PHE,JSS1A,ROOM-JSS1A,1,Monday,8:00,10:40,4,8:00,1.31
SCH-032-LSN-0046,SCH-032,TCH-00422,overworked_generalist,PHE,JSS3B,ROOM-JSS3B,1,Thursday,8:00,10:40,4,8:00,1.48
SCH-032-LSN-0047,SCH-032,TCH-00422,overworked_generalist,Basic Technology,SS3B,WORKSHOP-01,1,Wednesday,10:40,13:40,4,10:40,1.49
SCH-032-LSN-0048,SCH-032,TCH-00422,overworked_generalist,CRS,SS1B,ROOM-SS1B,1,Tuesday,11:40,14:20,4,11:40,1.48
SCH-032-LSN-0049,SCH-032,TCH-00422,overworked_generalist,CRS,SS2B,ROOM-SS2B,1,Wednesday,8:00,10:40,4,8:00,1.44
SCH-032-LSN-0050,SCH-032,TCH-00422,overworked_generalist,Basic Technology,JSS2B,ROOM-JSS2B,0,Friday,8:00,10:40,4,8:00,1.25
SCH-032-LSN-0051,SCH-032,TCH-00422,overworked_generalist,PHE,JSS1B,ROOM-JSS1B,1,Thursday,11:40,14:20,4,11:40,1.03
SCH-032-LSN-0052,SCH-032,TCH-00422,overworked_generalist,CRS,JSS2B,ROOM-JSS2B,1,Monday,10:40,13:40,4,10:40,0.96
SCH-032-LSN-0053,SCH-032,TCH-00422,overworked_generalist,Basic Technology,SS3B,ROOM-SS3B,0,Tuesday,8:00,10:40,4,8:00,1.22
SCH-032-LSN-0054,SCH-032,TCH-00423,nysc_corper,Basic Science,JSS3A,ROOM-JSS3A,1,Thursday,13:00,13:40,1,13:00,4.5
SCH-032-LSN-0055,SCH-032,TCH-00423,nysc_corper,Basic Science,JSS3A,ROOM-JSS3A,1,Thursday,13:40,14:20,1,13:40,4.5
SCH-032-LSN-0056,SCH-032,TCH-00424,overworked_generalist,CRS,JSS2A,ROOM-JSS2A,1,Wednesday,11:40,13:40,3,11:40,1.5
SCH-032-LSN-0057,SCH-032,TCH-00424,overworked_generalist,PHE,SS3A,ROOM-SS3A,1,Thursday,12:20,14:20,3,12:20,1.38
SCH-032-LSN-0058,SCH-032,TCH-00424,overworked_generalist,PHE,JSS2A,ROOM-JSS2A,1,Thursday,9:20,11:20,3,9:20,1.47
SCH-032-LSN-0059,SCH-032,TCH-00424,overworked_generalist,CRS,JSS3B,ROOM-JSS3B,1,Tuesday,8:40,10:40,3,8:40,1.44
SCH-032-LSN-0060,SCH-032,TCH-00425,hustling_subject_specialist,Physics,SS1B,SCI-LAB-01,1,Wednesday,8:00,10:00,3,8:00,4
SCH-032-LSN-0061,SCH-032,TCH-00425,hustling_subject_specialist,Further Mathematics,SS1A,ROOM-SS1A,1,Tuesday,8:00,10:00,3,8:00,4
SCH-032-LSN-0062,SCH-032,TCH-00425,hustling_subject_specialist,Further Mathematics,SS2B,ROOM-SS2B,1,Monday,8:00,10:00,3,8:00,4
SCH-032-LSN-0063,SCH-032,TCH-00425,hustling_subject_specialist,Physics,SS3B,SCI-LAB-01,1,Tuesday,10:40,13:00,3,10:40,4
SCH-033-LSN-0001,SCH-033,TCH-00426,veteran_staff_room_boss,Biology,SS2B,SCI-LAB-01,1,Monday,8:40,10:00,2,8:40,4
SCH-033-LSN-0002,SCH-033,TCH-00426,veteran_staff_room_boss,Biology,SS3A,SCI-LAB-01,1,Monday,10:00,11:20,2,10:00,4
SCH-033-LSN-0003,SCH-033,TCH-00426,veteran_staff_room_boss,Physics,SS1A,SCI-LAB-01,1,Tuesday,8:40,10:00,2,8:40,4
SCH-033-LSN-0004,SCH-033,TCH-00426,veteran_staff_room_boss,Physics,SS2B,SCI-LAB-01,1,Tuesday,10:00,11:20,2,10:00,4
SCH-033-LSN-0005,SCH-033,TCH-00426,veteran_staff_room_boss,Biology,SS1A,SCI-LAB-01,1,Wednesday,8:40,10:00,2,8:40,4
SCH-033-LSN-0006,SCH-033,TCH-00426,veteran_staff_room_boss,Biology,SS2A,SCI-LAB-01,1,Wednesday,10:00,11:20,2,10:00,4
SCH-033-LSN-0007,SCH-033,TCH-00426,veteran_staff_room_boss,Biology,SS2B,SCI-LAB-01,1,Thursday,8:40,10:00,2,8:40,4
SCH-033-LSN-0008,SCH-033,TCH-00426,veteran_staff_room_boss,Physics,SS1A,SCI-LAB-01,1,Thursday,10:00,11:20,2,10:00,4
SCH-033-LSN-0009,SCH-033,TCH-00427,hustling_subject_specialist,Economics,SS1B,ROOM-SS1B,1,Tuesday,8:00,9:20,2,8:00,4
SCH-033-LSN-0010,SCH-033,TCH-00427,hustling_subject_specialist,Economics,SS2B,ROOM-SS2B,1,Wednesday,8:00,9:20,2,8:00,4
SCH-033-LSN-0011,SCH-033,TCH-00427,hustling_subject_specialist,Economics,SS3A,ROOM-SS3A,1,Tuesday,9:20,10:40,2,9:20,4
SCH-033-LSN-0012,SCH-033,TCH-00427,hustling_subject_specialist,Economics,SS2B,ROOM-SS2B,1,Wednesday,9:20,10:40,2,9:20,4
SCH-033-LSN-0013,SCH-033,TCH-00428,nysc_corper,Civic Education,JSS3B,ROOM-JSS3B,1,Monday,13:00,13:40,1,13:00,4.5
SCH-033-LSN-0014,SCH-033,TCH-00428,nysc_corper,Civic Education,JSS1A,ROOM-JSS1A,1,Monday,13:40,14:20,1,13:40,4.5
SCH-033-LSN-0015,SCH-033,TCH-00429,hustling_subject_specialist,Further Mathematics,SS1B,ROOM-SS1B,1,Monday,8:00,9:20,2,8:00,4
SCH-033-LSN-0016,SCH-033,TCH-00429,hustling_subject_specialist,Further Mathematics,SS1A,ROOM-SS1A,1,Monday,9:20,10:40,2,9:20,4
SCH-033-LSN-0017,SCH-033,TCH-00429,hustling_subject_specialist,Economics,SS1B,ROOM-SS1B,1,Monday,10:40,12:20,2,10:40,4
SCH-033-LSN-0018,SCH-033,TCH-00429,hustling_subject_specialist,Economics,SS1A,ROOM-SS1A,1,Tuesday,10:00,11:20,2,10:00,4
SCH-033-LSN-0019,SCH-033,TCH-00429,hustling_subject_specialist,Further Mathematics,SS3A,ROOM-SS3A,1,Tuesday,8:00,9:20,2,8:00,4
SCH-033-LSN-0020,SCH-033,TCH-00429,hustling_subject_specialist,Further Mathematics,SS3A,ROOM-SS3A,1,Thursday,8:00,9:20,2,8:00,4
SCH-033-LSN-0021,SCH-033,TCH-00429,hustling_subject_specialist,Further Mathematics,SS1A,ROOM-SS1A,1,Tuesday,11:40,13:00,2,11:40,0
SCH-033-LSN-0022,SCH-033,TCH-00429,hustling_subject_specialist,Economics,SS3A,ROOM-SS3A,1,Thursday,9:20,10:40,2,9:20,4
SCH-033-LSN-0023,SCH-033,TCH-00430,veteran_staff_room_boss,Chemistry,SS3B,SCI-LAB-01,1,Friday,8:40,10:00,2,8:40,4
SCH-033-LSN-0024,SCH-033,TCH-00430,veteran_staff_room_boss,Chemistry,SS3A,SCI-LAB-01,1,Friday,10:00,11:20,2,10:00,4
SCH-033-LSN-0025,SCH-033,TCH-00430,veteran_staff_room_boss,Chemistry,SS1A,SCI-LAB-01,1,Monday,11:40,13:00,2,11:40,0
SCH-033-LSN-0026,SCH-033,TCH-00430,veteran_staff_room_boss,Chemistry,SS3A,SCI-LAB-01,1,Tuesday,11:40,13:00,2,11:40,0
SCH-033-LSN-0027,SCH-033,TCH-00430,veteran_staff_room_boss,Chemistry,SS1A,SCI-LAB-01,1,Wednesday,11:40,13:00,2,11:40,0
SCH-033-LSN-0028,SCH-033,TCH-00430,veteran_staff_room_boss,Further Mathematics,SS2B,ROOM-SS2B,1,Tuesday,8:40,10:00,2,8:40,4
SCH-033-LSN-0029,SCH-033,TCH-00430,veteran_staff_room_boss,Chemistry,SS2B,SCI-LAB-01,1,Thursday,11:40,13:00,2,11:40,0
SCH-033-LSN-0030,SCH-033,TCH-00430,veteran_staff_room_boss,Further Mathematics,SS2A,ROOM-SS2A,1,Monday,8:40,10:00,2,8:40,4
SCH-033-LSN-0031,SCH-033,TCH-00431,hustling_subject_specialist,Physics,SS3B,ROOM-SS3B,0,Wednesday,8:40,10:40,3,8:40,4
SCH-033-LSN-0032,SCH-033,TCH-00431,hustling_subject_specialist,Physics,SS2A,ROOM-SS2A,0,Monday,10:00,12:20,3,10:00,4
SCH-033-LSN-0033,SCH-033,TCH-00432,nysc_corper,Basic Science,JSS2A,ROOM-JSS2A,1,Monday,13:00,13:40,1,13:00,4.5
SCH-033-LSN-0034,SCH-033,TCH-00432,nysc_corper,Basic Science,JSS2A,ROOM-JSS2A,1,Monday,13:40,14:20,1,13:40,4.5
SCH-033-LSN-0035,SCH-033,TCH-00432,nysc_corper,Civic Education,JSS2B,ROOM-JSS2B,1,Tuesday,13:00,13:40,1,13:00,4.5
SCH-033-LSN-0036,SCH-033,TCH-00432,nysc_corper,Civic Education,JSS2B,ROOM-JSS2B,1,Tuesday,13:40,14:20,1,13:40,4.5
SCH-033-LSN-0037,SCH-033,TCH-00433,hustling_subject_specialist,Economics,SS2A,ROOM-SS2A,1,Thursday,8:00,9:20,2,8:00,4
SCH-033-LSN-0038,SCH-033,TCH-00433,hustling_subject_specialist,Economics,SS3A,ROOM-SS3A,1,Monday,8:00,9:20,2,8:00,4
SCH-033-LSN-0039,SCH-033,TCH-00433,hustling_subject_specialist,Physics,SS3B,ROOM-SS3B,0,Thursday,10:00,11:20,2,10:00,4
SCH-033-LSN-0040,SCH-033,TCH-00433,hustling_subject_specialist,Physics,SS3A,SCI-LAB-01,1,Monday,13:00,14:20,2,13:00,-4
SCH-033-LSN-0041,SCH-033,TCH-00433,hustling_subject_specialist,Physics,SS1B,SCI-LAB-01,1,Thursday,13:00,14:20,2,13:00,-4
SCH-033-LSN-0042,SCH-033,TCH-00433,hustling_subject_specialist,Economics,SS3A,ROOM-SS3A,1,Monday,11:40,13:00,2,11:40,0
SCH-033-LSN-0043,SCH-033,TCH-00433,hustling_subject_specialist,Economics,SS2B,ROOM-SS2B,1,Monday,10:00,11:20,2,10:00,4
SCH-033-LSN-0044,SCH-033,TCH-00434,overworked_generalist,CRS,JSS3B,ROOM-JSS3B,1,Tuesday,11:40,13:40,3,11:40,1.43
SCH-033-LSN-0045,SCH-033,TCH-00434,overworked_generalist,CRS,JSS3B,ROOM-JSS3B,1,Thursday,10:40,13:00,3,10:40,1.3
SCH-033-LSN-0046,SCH-033,TCH-00434,overworked_generalist,PHE,SS1A,ROOM-SS1A,1,Friday,8:00,10:00,3,8:00,1.5
SCH-033-LSN-0047,SCH-033,TCH-00434,overworked_generalist,PHE,SS2B,ROOM-SS2B,1,Wednesday,10:40,13:00,3,10:40,1.34
SCH-033-LSN-0048,SCH-033,TCH-00434,overworked_generalist,CRS,JSS2A,ROOM-JSS2A,1,Monday,10:40,13:00,3,10:40,1.33
SCH-033-LSN-0049,SCH-033,TCH-00434,overworked_generalist,Basic Technology,JSS3B,ROOM-JSS3B,0,Thursday,8:00,10:00,3,8:00,1.38
SCH-033-LSN-0050,SCH-033,TCH-00435,nysc_corper,Basic Science,JSS1B,ROOM-JSS1B,1,Monday,13:00,13:40,1,13:00,4.5
SCH-033-LSN-0051,SCH-033,TCH-00435,nysc_corper,Civic Education,JSS2A,ROOM-JSS2A,1,Tuesday,13:00,13:40,1,13:00,4.5
SCH-033-LSN-0052,SCH-033,TCH-00435,nysc_corper,Civic Education,JSS3A,ROOM-JSS3A,1,Monday,13:40,14:20,1,13:40,4.5
SCH-033-LSN-0053,SCH-033,TCH-00435,nysc_corper,Civic Education,JSS3B,ROOM-JSS3B,1,Tuesday,13:40,14:20,1,13:40,4.5
SCH-033-LSN-0054,SCH-033,TCH-00436,veteran_staff_room_boss,Physics,SS1B,SCI-LAB-01,1,Tuesday,9:20,10:00,1,9:20,4
SCH-033-LSN-0055,SCH-033,TCH-00436,veteran_staff_room_boss,Physics,SS3B,SCI-LAB-01,1,Tuesday,10:00,10:40,1,10:00,4
SCH-033-LSN-0056,SCH-033,TCH-00436,veteran_staff_room_boss,Physics,SS2A,SCI-LAB-01,1,Thursday,10:00,10:40,1,10:00,4
SCH-033-LSN-0057,SCH-033,TCH-00436,veteran_staff_room_boss,Biology,SS2B,SCI-LAB-01,1,Monday,8:00,8:40,1,8:00,0
SCH-033-LSN-0058,SCH-033,TCH-00436,veteran_staff_room_boss,Physics,SS1B,SCI-LAB-01,1,Tuesday,10:40,11:20,1,10:40,0
SCH-033-LSN-0059,SCH-033,TCH-00436,veteran_staff_room_boss,Biology,SS3A,SCI-LAB-01,1,Monday,9:20,10:00,1,9:20,4
SCH-033-LSN-0060,SCH-033,TCH-00437,overworked_generalist,CRS,SS2A,ROOM-SS2A,1,Friday,9:20,12:20,4,9:20,1.38
SCH-033-LSN-0061,SCH-033,TCH-00437,overworked_generalist,Basic Technology,JSS1B,ROOM-JSS1B,0,Thursday,10:00,13:00,4,10:00,1.41
SCH-033-LSN-0062,SCH-033,TCH-00437,overworked_generalist,Basic Technology,SS3B,ROOM-SS3B,0,Monday,10:00,13:00,4,10:00,1.47
SCH-033-LSN-0063,SCH-033,TCH-00437,overworked_generalist,PHE,JSS3A,ROOM-JSS3A,1,Wednesday,9:20,12:20,4,9:20,1.44
SCH-033-LSN-0064,SCH-033,TCH-00437,overworked_generalist,CRS,SS2A,ROOM-SS2A,1,Tuesday,8:40,11:20,4,8:40,1.36
SCH-033-LSN-0065,SCH-033,TCH-00437,overworked_generalist,CRS,SS2A,ROOM-SS2A,1,Tuesday,11:40,14:20,4,11:40,1.12
SCH-033-LSN-0066,SCH-033,TCH-00438,veteran_staff_room_boss,Further Mathematics,SS1B,ROOM-SS1B,1,Monday,9:20,10:40,2,9:20,4
SCH-033-LSN-0067,SCH-033,TCH-00438,veteran_staff_room_boss,Further Mathematics,SS1B,ROOM-SS1B,1,Wednesday,8:40,10:00,2,8:40,4
SCH-033-LSN-0068,SCH-033,TCH-00438,veteran_staff_room_boss,Further Mathematics,SS1B,ROOM-SS1B,1,Wednesday,10:00,11:20,2,10:00,4
SCH-033-LSN-0069,SCH-033,TCH-00439,overworked_generalist,Basic Technology,JSS1B,WORKSHOP-01,1,Wednesday,10:00,13:00,4,10:00,1.38
SCH-033-LSN-0070,SCH-033,TCH-00439,overworked_generalist,Basic Technology,SS2A,ROOM-SS2A,0,Thursday,10:40,13:40,4,10:40,1.25
SCH-033-LSN-0071,SCH-033,TCH-00439,overworked_generalist,Basic Technology,JSS2B,ROOM-JSS2B,0,Friday,9:20,12:20,4,9:20,1.42
SCH-033-LSN-0072,SCH-033,TCH-00439,overworked_generalist,PHE,JSS2B,ROOM-JSS2B,1,Tuesday,10:00,13:00,4,10:00,1.4
SCH-033-LSN-0073,SCH-033,TCH-00439,overworked_generalist,Basic Technology,JSS2A,ROOM-JSS2A,0,Thursday,8:00,10:40,4,8:00,1.27
SCH-033-LSN-0074,SCH-033,TCH-00439,overworked_generalist,CRS,JSS3B,ROOM-JSS3B,1,Monday,10:00,13:00,4,10:00,1.42
SCH-034-LSN-0001,SCH-034,TCH-00440,hustling_subject_specialist,Further Mathematics,SS2A,ROOM-SS2A,1,Monday,8:00,9:20,2,8:00,4
SCH-034-LSN-0002,SCH-034,TCH-00440,hustling_subject_specialist,Further Mathematics,SS3A,ROOM-SS3A,1,Monday,9:20,10:40,2,9:20,4
SCH-034-LSN-0003,SCH-034,TCH-00440,hustling_subject_specialist,Physics,SS3A,SCI-LAB-01,1,Monday,10:40,12:20,2,10:40,4
SCH-034-LSN-0004,SCH-034,TCH-00440,hustling_subject_specialist,Physics,SS1A,SCI-LAB-01,1,Wednesday,8:00,9:20,2,8:00,4
SCH-034-LSN-0005,SCH-034,TCH-00440,hustling_subject_specialist,Further Mathematics,SS2A,ROOM-SS2A,1,Wednesday,9:20,10:40,2,9:20,4
SCH-034-LSN-0006,SCH-034,TCH-00440,hustling_subject_specialist,Further Mathematics,SS2B,ROOM-SS2B,1,Wednesday,10:40,12:20,2,10:40,4
SCH-034-LSN-0007,SCH-034,TCH-00441,veteran_staff_room_boss,Chemistry,SS3A,SCI-LAB-01,1,Monday,8:40,9:20,1,8:40,4
SCH-034-LSN-0008,SCH-034,TCH-00441,veteran_staff_room_boss,Chemistry,SS1A,SCI-LAB-01,1,Monday,9:20,10:00,1,9:20,4
SCH-034-LSN-0009,SCH-034,TCH-00441,veteran_staff_room_boss,Chemistry,SS3B,SCI-LAB-01,1,Monday,10:00,10:40,1,10:00,4
SCH-034-LSN-0010,SCH-034,TCH-00441,veteran_staff_room_boss,Chemistry,SS2A,SCI-LAB-01,1,Tuesday,8:40,9:20,1,8:40,4
SCH-034-LSN-0011,SCH-034,TCH-00441,veteran_staff_room_boss,Physics,SS2A,SCI-LAB-01,1,Tuesday,9:20,10:00,1,9:20,4
SCH-034-LSN-0012,SCH-034,TCH-00441,veteran_staff_room_boss,Chemistry,SS1A,SCI-LAB-01,1,Tuesday,10:00,10:40,1,10:00,4
SCH-034-LSN-0013,SCH-034,TCH-00441,veteran_staff_room_boss,Chemistry,SS2A,SCI-LAB-01,1,Thursday,8:40,9:20,1,8:40,4
SCH-034-LSN-0014,SCH-034,TCH-00441,veteran_staff_room_boss,Physics,SS1B,SCI-LAB-01,1,Wednesday,8:40,9:20,1,8:40,4
SCH-034-LSN-0015,SCH-034,TCH-00442,overworked_generalist,Basic Technology,SS3A,WORKSHOP-01,1,Friday,8:40,11:20,4,8:40,1.44
SCH-034-LSN-0016,SCH-034,TCH-00442,overworked_generalist,PHE,SS1A,ROOM-SS1A,1,Wednesday,11:40,14:20,4,11:40,1.4
SCH-034-LSN-0017,SCH-034,TCH-00442,overworked_generalist,CRS,JSS3A,ROOM-JSS3A,1,Wednesday,8:00,10:40,4,8:00,1.43
SCH-034-LSN-0018,SCH-034,TCH-00442,overworked_generalist,Basic Technology,SS3A,ROOM-SS3A,0,Tuesday,10:00,13:00,4,10:00,1.29
SCH-034-LSN-0019,SCH-034,TCH-00442,overworked_generalist,CRS,JSS1A,ROOM-JSS1A,1,Thursday,11:40,14:20,4,11:40,1.47
SCH-034-LSN-0020,SCH-034,TCH-00442,overworked_generalist,Basic Technology,JSS3A,ROOM-JSS3A,0,Monday,11:40,14:20,4,11:40,1.36
SCH-034-LSN-0021,SCH-034,TCH-00442,overworked_generalist,Basic Technology,JSS1B,ROOM-JSS1B,0,Thursday,8:40,11:20,4,8:40,1.31
SCH-034-LSN-0022,SCH-034,TCH-00443,overworked_generalist,PHE,JSS1A,ROOM-JSS1A,1,Tuesday,10:00,13:00,4,10:00,1.45
SCH-034-LSN-0023,SCH-034,TCH-00443,overworked_generalist,Basic Technology,JSS3A,ROOM-JSS3A,0,Monday,8:40,11:20,4,8:40,1.26
SCH-034-LSN-0024,SCH-034,TCH-00443,overworked_generalist,Basic Technology,JSS3B,ROOM-JSS3B,0,Wednesday,8:40,11:20,4,8:40,1.37
SCH-034-LSN-0025,SCH-034,TCH-00443,overworked_generalist,Basic Technology,SS3B,ROOM-SS3B,0,Wednesday,11:40,14:20,4,11:40,1.44
SCH-034-LSN-0026,SCH-034,TCH-00443,overworked_generalist,Basic Technology,JSS1B,ROOM-JSS1B,0,Friday,8:40,11:20,4,8:40,1.41
SCH-034-LSN-0027,SCH-034,TCH-00443,overworked_generalist,Basic Technology,SS2B,ROOM-SS2B,0,Thursday,9:20,12:20,4,9:20,1.48
SCH-034-LSN-0028,SCH-034,TCH-00444,nysc_corper,Civic Education,JSS1A,ROOM-JSS1A,1,Monday,13:00,13:40,1,13:00,4.5
SCH-034-LSN-0029,SCH-034,TCH-00444,nysc_corper,Civic Education,JSS1B,ROOM-JSS1B,1,Monday,13:40,14:20,1,13:40,4.5
SCH-034-LSN-0030,SCH-034,TCH-00444,nysc_corper,Basic Science,JSS1B,ROOM-JSS1B,1,Wednesday,13:00,13:40,1,13:00,4.5
SCH-034-LSN-0031,SCH-034,TCH-00444,nysc_corper,Basic Science,JSS3B,ROOM-JSS3B,1,Wednesday,13:40,14:20,1,13:40,4.5
SCH-034-LSN-0032,SCH-034,TCH-00445,overworked_generalist,CRS,SS1A,ROOM-SS1A,1,Friday,8:00,11:20,5,8:00,1.48
SCH-034-LSN-0033,SCH-034,TCH-00445,overworked_generalist,PHE,JSS2B,ROOM-JSS2B,1,Tuesday,10:40,14:20,5,10:40,1.43
SCH-034-LSN-0034,SCH-034,TCH-00445,overworked_generalist,CRS,JSS3B,ROOM-JSS3B,1,Monday,10:00,13:40,5,10:00,1.44
SCH-034-LSN-0035,SCH-034,TCH-00445,overworked_generalist,PHE,SS3A,ROOM-SS3A,1,Thursday,8:40,12:20,5,8:40,1.34
SCH-034-LSN-0036,SCH-034,TCH-00445,overworked_generalist,CRS,JSS2A,ROOM-JSS2A,1,Wednesday,10:40,14:20,5,10:40,0.93
SCH-034-LSN-0037,SCH-034,TCH-00446,overworked_generalist,PHE,SS3A,ROOM-SS3A,1,Monday,12:20,14:20,3,12:20,1.36
SCH-034-LSN-0038,SCH-034,TCH-00446,overworked_generalist,Basic Technology,JSS1A,ROOM-JSS1A,0,Monday,8:40,10:40,3,8:40,1.44
SCH-034-LSN-0039,SCH-034,TCH-00446,overworked_generalist,PHE,JSS2B,ROOM-JSS2B,1,Friday,9:20,11:20,3,9:20,1.37
SCH-034-LSN-0040,SCH-034,TCH-00446,overworked_generalist,PHE,JSS3A,ROOM-JSS3A,1,Thursday,12:20,14:20,3,12:20,1.4
SCH-034-LSN-0041,SCH-034,TCH-00447,overworked_generalist,CRS,JSS3B,ROOM-JSS3B,1,Thursday,8:40,12:20,5,8:40,1.5
SCH-034-LSN-0042,SCH-034,TCH-00447,overworked_generalist,PHE,SS2A,ROOM-SS2A,1,Friday,8:40,12:20,5,8:40,1.42
SCH-034-LSN-0043,SCH-034,TCH-00447,overworked_generalist,CRS,SS3B,ROOM-SS3B,1,Wednesday,8:00,11:20,5,8:00,1.04
SCH-034-LSN-0044,SCH-034,TCH-00447,overworked_generalist,Basic Technology,SS2B,WORKSHOP-01,1,Monday,8:40,12:20,5,8:40,1.5
SCH-034-LSN-0045,SCH-034,TCH-00447,overworked_generalist,Basic Technology,SS1B,WORKSHOP-01,1,Tuesday,9:20,13:00,5,9:20,1.42
SCH-034-LSN-0046,SCH-034,TCH-00448,overworked_generalist,PHE,JSS3A,ROOM-JSS3A,1,Thursday,8:40,12:20,5,8:40,1.49
SCH-034-LSN-0047,SCH-034,TCH-00448,overworked_generalist,CRS,JSS3B,ROOM-JSS3B,1,Friday,8:40,12:20,5,8:40,1.49
SCH-034-LSN-0048,SCH-034,TCH-00448,overworked_generalist,PHE,SS3B,ROOM-SS3B,1,Tuesday,9:20,13:00,5,9:20,1.46
SCH-034-LSN-0049,SCH-034,TCH-00448,overworked_generalist,PHE,SS1B,ROOM-SS1B,1,Monday,9:20,13:00,5,9:20,1.16
SCH-034-LSN-0050,SCH-034,TCH-00448,overworked_generalist,PHE,JSS2B,ROOM-JSS2B,1,Wednesday,8:40,12:20,5,8:40,1.06
SCH-034-LSN-0051,SCH-034,TCH-00449,overworked_generalist,CRS,JSS2B,ROOM-JSS2B,1,Monday,8:40,11:20,4,8:40,1.4
SCH-034-LSN-0052,SCH-034,TCH-00449,overworked_generalist,CRS,SS1B,ROOM-SS1B,1,Wednesday,11:40,14:20,4,11:40,1.43
SCH-034-LSN-0053,SCH-034,TCH-00449,overworked_generalist,PHE,SS1B,ROOM-SS1B,1,Thursday,8:00,10:40,4,8:00,1.48
SCH-034-LSN-0054,SCH-034,TCH-00449,overworked_generalist,CRS,JSS3B,ROOM-JSS3B,1,Tuesday,10:40,13:40,4,10:40,1.48
SCH-034-LSN-0055,SCH-034,TCH-00450,overworked_generalist,PHE,SS3B,ROOM-SS3B,1,Thursday,11:40,14:20,4,11:40,1.48
SCH-034-LSN-0056,SCH-034,TCH-00450,overworked_generalist,Basic Technology,JSS3B,ROOM-JSS3B,0,Tuesday,8:00,10:40,4,8:00,1.04
SCH-034-LSN-0057,SCH-034,TCH-00450,overworked_generalist,PHE,JSS3A,ROOM-JSS3A,1,Friday,8:40,11:20,4,8:40,1.49
SCH-034-LSN-0058,SCH-034,TCH-00450,overworked_generalist,Basic Technology,SS3B,ROOM-SS3B,0,Thursday,8:00,10:40,4,8:00,0.72
SCH-034-LSN-0059,SCH-034,TCH-00450,overworked_generalist,PHE,SS2B,ROOM-SS2B,1,Tuesday,11:40,14:20,4,11:40,1.04
SCH-034-LSN-0060,SCH-034,TCH-00450,overworked_generalist,Basic Technology,SS2B,ROOM-SS2B,0,Wednesday,8:00,10:40,4,8:00,1.16
SCH-034-LSN-0061,SCH-034,TCH-00450,overworked_generalist,Basic Technology,SS3B,WORKSHOP-01,1,Monday,11:40,14:20,4,11:40,1.37
SCH-034-LSN-0062,SCH-034,TCH-00450,overworked_generalist,PHE,SS3A,ROOM-SS3A,1,Wednesday,10:40,13:40,4,10:40,1.16
SCH-034-LSN-0063,SCH-034,TCH-00451,overworked_generalist,Basic Technology,JSS1B,WORKSHOP-01,1,Monday,9:20,13:00,5,9:20,1.5
SCH-034-LSN-0064,SCH-034,TCH-00451,overworked_generalist,Basic Technology,SS1B,ROOM-SS1B,0,Friday,8:40,12:20,5,8:40,1.43
SCH-034-LSN-0065,SCH-034,TCH-00451,overworked_generalist,Basic Technology,JSS1B,ROOM-JSS1B,0,Wednesday,9:20,13:00,5,9:20,1.5
SCH-034-LSN-0066,SCH-034,TCH-00451,overworked_generalist,Basic Technology,JSS2B,WORKSHOP-01,1,Thursday,8:00,11:20,5,8:00,1.29
SCH-034-LSN-0067,SCH-034,TCH-00452,hustling_subject_specialist,Economics,SS2A,ROOM-SS2A,1,Monday,9:20,10:40,2,9:20,4
SCH-034-LSN-0068,SCH-034,TCH-00452,hustling_subject_specialist,Economics,SS3A,ROOM-SS3A,1,Wednesday,8:00,9:20,2,8:00,4
SCH-034-LSN-0069,SCH-034,TCH-00452,hustling_subject_specialist,Economics,SS1A,ROOM-SS1A,1,Monday,8:00,9:20,2,8:00,4
SCH-034-LSN-0070,SCH-034,TCH-00452,hustling_subject_specialist,Economics,SS2A,ROOM-SS2A,1,Monday,10:40,12:20,2,10:40,4
SCH-034-LSN-0071,SCH-034,TCH-00452,hustling_subject_specialist,Further Mathematics,SS3A,ROOM-SS3A,1,Wednesday,9:20,10:40,2,9:20,4
SCH-034-LSN-0072,SCH-034,TCH-00452,hustling_subject_specialist,Economics,SS2A,ROOM-SS2A,1,Wednesday,10:40,12:20,2,10:40,4
SCH-034-LSN-0073,SCH-034,TCH-00453,veteran_staff_room_boss,Biology,SS2B,SCI-LAB-01,1,Friday,8:40,9:20,1,8:40,4
SCH-034-LSN-0074,SCH-034,TCH-00453,veteran_staff_room_boss,Biology,SS2A,SCI-LAB-01,1,Thursday,9:20,10:00,1,9:20,4
SCH-034-LSN-0075,SCH-034,TCH-00453,veteran_staff_room_boss,Biology,SS3B,SCI-LAB-01,1,Friday,9:20,10:00,1,9:20,4
SCH-034-LSN-0076,SCH-034,TCH-00453,veteran_staff_room_boss,Physics,SS3A,SCI-LAB-01,1,Tuesday,9:20,10:00,1,9:20,4
SCH-034-LSN-0077,SCH-034,TCH-00454,overworked_generalist,CRS,JSS2B,ROOM-JSS2B,1,Thursday,12:20,14:20,3,12:20,1.33
SCH-034-LSN-0078,SCH-034,TCH-00454,overworked_generalist,PHE,SS1A,ROOM-SS1A,1,Tuesday,11:40,13:40,3,11:40,1.45
SCH-034-LSN-0079,SCH-034,TCH-00454,overworked_generalist,CRS,JSS3B,ROOM-JSS3B,1,Wednesday,11:40,13:40,3,11:40,0.79
SCH-034-LSN-0080,SCH-034,TCH-00454,overworked_generalist,CRS,JSS2A,ROOM-JSS2A,1,Wednesday,8:40,10:40,3,8:40,1.45
SCH-034-LSN-0081,SCH-034,TCH-00454,overworked_generalist,Basic Technology,JSS3A,ROOM-JSS3A,0,Tuesday,8:00,10:00,3,8:00,1.34
SCH-034-LSN-0082,SCH-034,TCH-00454,overworked_generalist,CRS,JSS2B,ROOM-JSS2B,1,Monday,12:20,14:20,3,12:20,1.38
SCH-034-LSN-0083,SCH-034,TCH-00454,overworked_generalist,Basic Technology,SS1A,ROOM-SS1A,0,Thursday,10:00,12:20,3,10:00,1.14
SCH-034-LSN-0084,SCH-034,TCH-00454,overworked_generalist,PHE,SS1A,ROOM-SS1A,1,Thursday,8:00,10:00,3,8:00,0.86
SCH-034-LSN-0085,SCH-034,TCH-00454,overworked_generalist,PHE,JSS3B,ROOM-JSS3B,1,Monday,8:00,10:00,3,8:00,0.65
SCH-034-LSN-0086,SCH-034,TCH-00455,overworked_generalist,CRS,JSS1B,ROOM-JSS1B,1,Tuesday,9:20,12:20,4,9:20,1.33
SCH-034-LSN-0087,SCH-034,TCH-00455,overworked_generalist,Basic Technology,JSS1B,ROOM-JSS1B,0,Thursday,11:40,14:20,4,11:40,0.93
SCH-034-LSN-0088,SCH-034,TCH-00455,overworked_generalist,CRS,JSS3A,ROOM-JSS3A,1,Wednesday,11:40,14:20,4,11:40,1.29
SCH-034-LSN-0089,SCH-034,TCH-00455,overworked_generalist,CRS,JSS1A,ROOM-JSS1A,1,Wednesday,8:40,11:20,4,8:40,1.42
SCH-034-LSN-0090,SCH-034,TCH-00455,overworked_generalist,CRS,JSS2A,ROOM-JSS2A,1,Thursday,8:40,11:20,4,8:40,1.45
SCH-035-LSN-0001,SCH-035,TCH-00456,veteran_staff_room_boss,Chemistry,SS2B,SCI-LAB-01,1,Monday,8:40,9:20,1,8:40,4
SCH-035-LSN-0002,SCH-035,TCH-00456,veteran_staff_room_boss,Chemistry,SS2A,SCI-LAB-01,1,Monday,9:20,10:00,1,9:20,4
SCH-035-LSN-0003,SCH-035,TCH-00456,veteran_staff_room_boss,Chemistry,SS2A,SCI-LAB-01,1,Monday,10:00,10:40,1,10:00,4
SCH-035-LSN-0004,SCH-035,TCH-00456,veteran_staff_room_boss,Chemistry,SS1B,SCI-LAB-01,1,Tuesday,8:40,9:20,1,8:40,4
SCH-035-LSN-0005,SCH-035,TCH-00457,veteran_staff_room_boss,Chemistry,SS2B,SCI-LAB-01,1,Monday,9:20,10:00,1,9:20,4
SCH-035-LSN-0006,SCH-035,TCH-00457,veteran_staff_room_boss,Chemistry,SS1A,SCI-LAB-01,1,Monday,10:00,10:40,1,10:00,4
SCH-035-LSN-0007,SCH-035,TCH-00457,veteran_staff_room_boss,Chemistry,SS2A,SCI-LAB-01,1,Tuesday,8:40,9:20,1,8:40,4
SCH-035-LSN-0008,SCH-035,TCH-00458,overworked_generalist,CRS,SS2B,ROOM-SS2B,1,Thursday,10:00,13:00,4,10:00,1.49
SCH-035-LSN-0009,SCH-035,TCH-00458,overworked_generalist,PHE,SS1B,ROOM-SS1B,1,Monday,10:40,13:40,4,10:40,1.5
SCH-035-LSN-0010,SCH-035,TCH-00458,overworked_generalist,PHE,JSS3B,ROOM-JSS3B,1,Tuesday,9:20,12:20,4,9:20,1.46
SCH-035-LSN-0011,SCH-035,TCH-00458,overworked_generalist,PHE,SS1A,ROOM-SS1A,1,Friday,8:40,11:20,4,8:40,1.48
SCH-035-LSN-0012,SCH-035,TCH-00458,overworked_generalist,Basic Technology,SS2A,ROOM-SS2A,0,Wednesday,11:40,14:20,4,11:40,1.29
SCH-035-LSN-0013,SCH-035,TCH-00458,overworked_generalist,PHE,JSS1A,ROOM-JSS1A,1,Wednesday,8:00,10:40,4,8:00,1.45
SCH-035-LSN-0014,SCH-035,TCH-00458,overworked_generalist,PHE,JSS1A,ROOM-JSS1A,1,Monday,8:00,10:40,4,8:00,0.92
SCH-035-LSN-0015,SCH-035,TCH-00459,nysc_corper,Basic Science,JSS2A,ROOM-JSS2A,1,Monday,13:00,13:40,1,13:00,4.5
SCH-035-LSN-0016,SCH-035,TCH-00459,nysc_corper,Basic Science,JSS2B,ROOM-JSS2B,1,Monday,13:40,14:20,1,13:40,4.5
SCH-035-LSN-0017,SCH-035,TCH-00459,nysc_corper,Basic Science,JSS1A,ROOM-JSS1A,1,Tuesday,13:00,13:40,1,13:00,4.5
SCH-035-LSN-0018,SCH-035,TCH-00460,hustling_subject_specialist,Physics,SS1A,SCI-LAB-01,1,Monday,10:40,12:20,2,10:40,4
SCH-035-LSN-0019,SCH-035,TCH-00460,hustling_subject_specialist,Physics,SS2B,SCI-LAB-01,1,Wednesday,8:00,9:20,2,8:00,4
SCH-035-LSN-0020,SCH-035,TCH-00460,hustling_subject_specialist,Physics,SS2A,ROOM-SS2A,0,Monday,8:00,9:20,2,8:00,4
SCH-035-LSN-0021,SCH-035,TCH-00460,hustling_subject_specialist,Physics,SS2B,SCI-LAB-01,1,Wednesday,9:20,10:40,2,9:20,4
SCH-035-LSN-0022,SCH-035,TCH-00460,hustling_subject_specialist,Physics,SS2A,SCI-LAB-01,1,Monday,12:20,13:40,2,12:20,-4
SCH-035-LSN-0023,SCH-035,TCH-00460,hustling_subject_specialist,Physics,SS2B,SCI-LAB-01,1,Wednesday,10:40,12:20,2,10:40,4
SCH-035-LSN-0024,SCH-035,TCH-00460,hustling_subject_specialist,Physics,SS1A,ROOM-SS1A,0,Wednesday,12:20,13:40,2,12:20,-4
SCH-035-LSN-0025,SCH-035,TCH-00461,hustling_subject_specialist,Economics,SS1B,ROOM-SS1B,1,Monday,8:00,9:20,2,8:00,4
SCH-035-LSN-0026,SCH-035,TCH-00461,hustling_subject_specialist,Physics,SS2B,SCI-LAB-01,1,Monday,10:40,12:20,2,10:40,4
SCH-035-LSN-0027,SCH-035,TCH-00461,hustling_subject_specialist,Physics,SS1A,SCI-LAB-01,1,Thursday,8:00,9:20,2,8:00,4
SCH-035-LSN-0028,SCH-035,TCH-00461,hustling_subject_specialist,Economics,SS1A,ROOM-SS1A,1,Thursday,9:20,10:40,2,9:20,4
SCH-035-LSN-0029,SCH-035,TCH-00462,overworked_generalist,PHE,JSS1B,ROOM-JSS1B,1,Thursday,10:40,13:00,3,10:40,1.46
SCH-035-LSN-0030,SCH-035,TCH-00462,overworked_generalist,PHE,SS3A,ROOM-SS3A,1,Wednesday,12:20,14:20,3,12:20,1.5
SCH-035-LSN-0031,SCH-035,TCH-00462,overworked_generalist,PHE,JSS3B,ROOM-JSS3B,1,Friday,9:20,11:20,3,9:20,1.47
SCH-035-LSN-0032,SCH-035,TCH-00462,overworked_generalist,PHE,SS3A,ROOM-SS3A,1,Thursday,8:40,10:40,3,8:40,1.49
SCH-035-LSN-0033,SCH-035,TCH-00462,overworked_generalist,CRS,SS2A,ROOM-SS2A,1,Wednesday,8:00,10:00,3,8:00,1.46
SCH-035-LSN-0034,SCH-035,TCH-00462,overworked_generalist,CRS,SS3B,ROOM-SS3B,1,Monday,8:40,10:40,3,8:40,1.49
SCH-035-LSN-0035,SCH-035,TCH-00462,overworked_generalist,PHE,SS2B,ROOM-SS2B,1,Tuesday,10:40,13:00,3,10:40,1.42
SCH-035-LSN-0036,SCH-035,TCH-00462,overworked_generalist,CRS,SS1A,ROOM-SS1A,1,Monday,12:20,14:20,3,12:20,1.49
SCH-035-LSN-0037,SCH-035,TCH-00463,overworked_generalist,CRS,SS3B,ROOM-SS3B,1,Wednesday,8:00,10:40,4,8:00,1.16
SCH-035-LSN-0038,SCH-035,TCH-00463,overworked_generalist,PHE,SS3B,ROOM-SS3B,1,Tuesday,10:40,13:40,4,10:40,1.35
SCH-035-LSN-0039,SCH-035,TCH-00463,overworked_generalist,CRS,SS2B,ROOM-SS2B,1,Friday,8:00,10:40,4,8:00,1.49
SCH-035-LSN-0040,SCH-035,TCH-00463,overworked_generalist,PHE,SS3B,ROOM-SS3B,1,Thursday,10:00,13:00,4,10:00,1.43
SCH-035-LSN-0041,SCH-035,TCH-00463,overworked_generalist,PHE,JSS1A,ROOM-JSS1A,1,Monday,10:40,13:40,4,10:40,1.39
SCH-035-LSN-0042,SCH-035,TCH-00464,overworked_generalist,PHE,SS1A,ROOM-SS1A,1,Tuesday,9:20,11:20,3,9:20,1.47
SCH-035-LSN-0043,SCH-035,TCH-00464,overworked_generalist,PHE,SS2B,ROOM-SS2B,1,Wednesday,12:20,14:20,3,12:20,1.37
SCH-035-LSN-0044,SCH-035,TCH-00464,overworked_generalist,PHE,SS2A,ROOM-SS2A,1,Thursday,8:00,10:00,3,8:00,1.47
SCH-035-LSN-0045,SCH-035,TCH-00464,overworked_generalist,PHE,SS1A,ROOM-SS1A,1,Tuesday,11:40,13:40,3,11:40,1.35
SCH-035-LSN-0046,SCH-035,TCH-00464,overworked_generalist,Basic Technology,JSS1A,ROOM-JSS1A,0,Thursday,11:40,13:40,3,11:40,1.38
SCH-035-LSN-0047,SCH-035,TCH-00464,overworked_generalist,PHE,SS1B,ROOM-SS1B,1,Wednesday,8:40,10:40,3,8:40,1.47
SCH-035-LSN-0048,SCH-035,TCH-00465,nysc_corper,Civic Education,JSS3A,ROOM-JSS3A,1,Monday,13:00,13:40,1,13:00,4.5
SCH-035-LSN-0049,SCH-035,TCH-00465,nysc_corper,Basic Science,JSS1A,ROOM-JSS1A,1,Monday,13:40,14:20,1,13:40,4.5
SCH-035-LSN-0050,SCH-035,TCH-00465,nysc_corper,Civic Education,JSS1B,ROOM-JSS1B,1,Tuesday,13:00,13:40,1,13:00,4.5
SCH-035-LSN-0051,SCH-035,TCH-00465,nysc_corper,Civic Education,JSS3B,ROOM-JSS3B,1,Tuesday,13:40,14:20,1,13:40,4.5
SCH-035-LSN-0052,SCH-035,TCH-00465,nysc_corper,Basic Science,JSS3A,ROOM-JSS3A,1,Thursday,13:00,13:40,1,13:00,4.5
SCH-035-LSN-0053,SCH-035,TCH-00465,nysc_corper,Civic Education,JSS2B,ROOM-JSS2B,1,Thursday,13:40,14:20,1,13:40,4.5
SCH-035-LSN-0054,SCH-035,TCH-00465,nysc_corper,Civic Education,JSS3A,ROOM-JSS3A,1,Monday,8:00,8:40,1,8:00,0
SCH-035-LSN-0055,SCH-035,TCH-00465,nysc_corper,Civic Education,JSS2B,ROOM-JSS2B,1,Monday,8:40,9:20,1,8:40,0
SCH-035-LSN-0056,SCH-035,TCH-00466,overworked_generalist,CRS,SS1B,ROOM-SS1B,1,Friday,9:20,12:20,4,9:20,1.49
SCH-035-LSN-0057,SCH-035,TCH-00466,overworked_generalist,PHE,SS2B,ROOM-SS2B,1,Tuesday,8:00,10:40,4,8:00,1.22
SCH-035-LSN-0058,SCH-035,TCH-00466,overworked_generalist,PHE,JSS3A,ROOM-JSS3A,1,Wednesday,9:20,12:20,4,9:20,1.49
SCH-035-LSN-0059,SCH-035,TCH-00466,overworked_generalist,Basic Technology,SS3A,ROOM-SS3A,0,Monday,10:40,13:40,4,10:40,1.3
SCH-035-LSN-0060,SCH-035,TCH-00466,overworked_generalist,CRS,SS3A,ROOM-SS3A,1,Thursday,10:40,13:40,4,10:40,1.13
SCH-035-LSN-0061,SCH-035,TCH-00466,overworked_generalist,CRS,SS2A,ROOM-SS2A,1,Tuesday,10:40,13:40,4,10:40,1.03
SCH-035-LSN-0062,SCH-035,TCH-00466,overworked_generalist,Basic Technology,JSS2B,ROOM-JSS2B,0,Thursday,8:00,10:40,4,8:00,1.44
SCH-035-LSN-0063,SCH-035,TCH-00466,overworked_generalist,CRS,JSS2A,ROOM-JSS2A,1,Monday,8:00,10:40,4,8:00,1.27
SCH-035-LSN-0064,SCH-035,TCH-00467,overworked_generalist,CRS,JSS1B,ROOM-JSS1B,1,Tuesday,8:40,10:40,3,8:40,1.44
SCH-035-LSN-0065,SCH-035,TCH-00467,overworked_generalist,Basic Technology,JSS1A,ROOM-JSS1A,0,Wednesday,10:40,13:00,3,10:40,1.37
SCH-035-LSN-0066,SCH-035,TCH-00467,overworked_generalist,PHE,JSS1B,ROOM-JSS1B,1,Tuesday,10:40,13:00,3,10:40,1.43
SCH-035-LSN-0067,SCH-035,TCH-00467,overworked_generalist,PHE,SS3A,ROOM-SS3A,1,Wednesday,8:00,10:00,3,8:00,1.48
SCH-035-LSN-0068,SCH-035,TCH-00467,overworked_generalist,PHE,SS2B,ROOM-SS2B,1,Thursday,8:00,10:00,3,8:00,0.95
SCH-035-LSN-0069,SCH-035,TCH-00467,overworked_generalist,PHE,JSS3A,ROOM-JSS3A,1,Friday,8:00,10:00,3,8:00,1.25
SCH-035-LSN-0070,SCH-035,TCH-00467,overworked_generalist,Basic Technology,SS1A,ROOM-SS1A,0,Thursday,11:40,13:40,3,11:40,1.23
SCH-035-LSN-0071,SCH-035,TCH-00467,overworked_generalist,Basic Technology,SS2B,ROOM-SS2B,0,Monday,12:20,14:20,3,12:20,1.06
SCH-035-LSN-0072,SCH-035,TCH-00467,overworked_generalist,PHE,JSS3B,ROOM-JSS3B,1,Monday,9:20,11:20,3,9:20,1.47
SCH-035-LSN-0073,SCH-035,TCH-00468,overworked_generalist,Basic Technology,JSS3A,ROOM-JSS3A,0,Tuesday,9:20,12:20,4,9:20,1.48
SCH-035-LSN-0074,SCH-035,TCH-00468,overworked_generalist,PHE,JSS2B,ROOM-JSS2B,1,Monday,9:20,12:20,4,9:20,1.46
SCH-035-LSN-0075,SCH-035,TCH-00468,overworked_generalist,Basic Technology,JSS1B,ROOM-JSS1B,0,Wednesday,11:40,14:20,4,11:40,1.49
SCH-035-LSN-0076,SCH-035,TCH-00468,overworked_generalist,PHE,SS2A,ROOM-SS2A,1,Thursday,11:40,14:20,4,11:40,1.48
SCH-035-LSN-0077,SCH-035,TCH-00469,nysc_corper,Basic Science,JSS1A,ROOM-JSS1A,1,Tuesday,13:40,14:20,1,13:40,4.5
SCH-035-LSN-0078,SCH-035,TCH-00469,nysc_corper,Basic Science,JSS1A,ROOM-JSS1A,1,Wednesday,13:00,13:40,1,13:00,4.5
SCH-035-LSN-0079,SCH-035,TCH-00469,nysc_corper,Basic Science,JSS3A,ROOM-JSS3A,1,Tuesday,13:00,13:40,1,13:00,4.5
SCH-035-LSN-0080,SCH-035,TCH-00469,nysc_corper,Civic Education,JSS3A,ROOM-JSS3A,1,Wednesday,13:40,14:20,1,13:40,4.5
SCH-035-LSN-0081,SCH-035,TCH-00469,nysc_corper,Civic Education,JSS3B,ROOM-JSS3B,1,Thursday,13:00,13:40,1,13:00,4.5
SCH-035-LSN-0082,SCH-035,TCH-00469,nysc_corper,Basic Science,JSS2A,ROOM-JSS2A,1,Thursday,13:40,14:20,1,13:40,4.5
SCH-035-LSN-0083,SCH-035,TCH-00469,nysc_corper,Civic Education,JSS3A,ROOM-JSS3A,1,Tuesday,8:00,8:40,1,8:00,0
SCH-035-LSN-0084,SCH-035,TCH-00469,nysc_corper,Basic Science,JSS1A,ROOM-JSS1A,1,Tuesday,8:40,9:20,1,8:40,0
SCH-035-LSN-0085,SCH-035,TCH-00470,hustling_subject_specialist,Economics,SS3A,ROOM-SS3A,1,Monday,8:00,10:00,3,8:00,4
SCH-035-LSN-0086,SCH-035,TCH-00470,hustling_subject_specialist,Economics,SS1A,ROOM-SS1A,1,Wednesday,8:00,10:00,3,8:00,4
SCH-035-LSN-0087,SCH-035,TCH-00470,hustling_subject_specialist,Economics,SS3A,ROOM-SS3A,1,Wednesday,10:00,12:20,3,10:00,4
SCH-035-LSN-0088,SCH-035,TCH-00471,veteran_staff_room_boss,Chemistry,SS1B,SCI-LAB-01,1,Monday,9:20,10:40,2,9:20,4
SCH-035-LSN-0089,SCH-035,TCH-00471,veteran_staff_room_boss,Chemistry,SS3B,SCI-LAB-01,1,Tuesday,8:40,10:00,2,8:40,4
SCH-035-LSN-0090,SCH-035,TCH-00471,veteran_staff_room_boss,Biology,SS1B,SCI-LAB-01,1,Tuesday,10:00,11:20,2,10:00,4
SCH-035-LSN-0091,SCH-035,TCH-00471,veteran_staff_room_boss,Chemistry,SS3A,SCI-LAB-01,1,Friday,8:40,10:00,2,8:40,4
SCH-035-LSN-0092,SCH-035,TCH-00471,veteran_staff_room_boss,Biology,SS2A,SCI-LAB-01,1,Thursday,10:00,11:20,2,10:00,4
SCH-036-LSN-0001,SCH-036,TCH-00472,overworked_generalist,PHE,JSS2A,ROOM-JSS2A,1,Friday,8:00,10:00,3,8:00,1.36
SCH-036-LSN-0002,SCH-036,TCH-00472,overworked_generalist,CRS,SS2A,ROOM-SS2A,1,Tuesday,8:00,10:00,3,8:00,1.5
SCH-036-LSN-0003,SCH-036,TCH-00472,overworked_generalist,PHE,JSS2A,ROOM-JSS2A,1,Wednesday,11:40,13:40,3,11:40,1.48
SCH-036-LSN-0004,SCH-036,TCH-00472,overworked_generalist,CRS,JSS2B,ROOM-JSS2B,1,Monday,12:20,14:20,3,12:20,1.5
SCH-036-LSN-0005,SCH-036,TCH-00472,overworked_generalist,CRS,JSS2B,ROOM-JSS2B,1,Monday,8:00,10:00,3,8:00,1.47
SCH-036-LSN-0006,SCH-036,TCH-00472,overworked_generalist,PHE,SS3B,ROOM-SS3B,1,Wednesday,9:20,11:20,3,9:20,1.48
SCH-036-LSN-0007,SCH-036,TCH-00473,nysc_corper,Basic Science,JSS1B,ROOM-JSS1B,1,Tuesday,13:00,13:40,1,13:00,4.5
SCH-036-LSN-0008,SCH-036,TCH-00473,nysc_corper,Basic Science,JSS3B,ROOM-JSS3B,1,Tuesday,13:40,14:20,1,13:40,4.5
SCH-036-LSN-0009,SCH-036,TCH-00473,nysc_corper,Basic Science,JSS2A,ROOM-JSS2A,1,Wednesday,13:40,14:20,1,13:40,4.5
SCH-036-LSN-0010,SCH-036,TCH-00474,overworked_generalist,PHE,SS1B,ROOM-SS1B,1,Thursday,10:00,13:40,5,10:00,1.44
SCH-036-LSN-0011,SCH-036,TCH-00474,overworked_generalist,PHE,SS3A,ROOM-SS3A,1,Monday,10:40,14:20,5,10:40,1.43
SCH-036-LSN-0012,SCH-036,TCH-00474,overworked_generalist,PHE,SS2A,ROOM-SS2A,1,Wednesday,8:40,12:20,5,8:40,1.38
SCH-036-LSN-0013,SCH-036,TCH-00474,overworked_generalist,PHE,JSS1B,ROOM-JSS1B,1,Friday,8:40,12:20,5,8:40,1.09
SCH-036-LSN-0014,SCH-036,TCH-00474,overworked_generalist,PHE,JSS1B,ROOM-JSS1B,1,Tuesday,9:20,13:00,5,9:20,1.49
SCH-036-LSN-0015,SCH-036,TCH-00475,veteran_staff_room_boss,Chemistry,SS2A,SCI-LAB-01,1,Monday,8:40,9:20,1,8:40,4
SCH-036-LSN-0016,SCH-036,TCH-00475,veteran_staff_room_boss,Chemistry,SS2B,SCI-LAB-01,1,Monday,9:20,10:00,1,9:20,4
SCH-036-LSN-0017,SCH-036,TCH-00475,veteran_staff_room_boss,Chemistry,SS2B,SCI-LAB-01,1,Monday,10:00,10:40,1,10:00,4
SCH-036-LSN-0018,SCH-036,TCH-00476,overworked_generalist,Basic Technology,SS1A,ROOM-SS1A,0,Friday,8:40,12:20,5,8:40,1.46
SCH-036-LSN-0019,SCH-036,TCH-00476,overworked_generalist,CRS,JSS2A,ROOM-JSS2A,1,Thursday,10:00,13:40,5,10:00,1.5
SCH-036-LSN-0020,SCH-036,TCH-00476,overworked_generalist,Basic Technology,SS3B,ROOM-SS3B,0,Monday,8:40,12:20,5,8:40,1.31
SCH-036-LSN-0021,SCH-036,TCH-00476,overworked_generalist,Basic Technology,SS1A,ROOM-SS1A,0,Tuesday,9:20,13:00,5,9:20,1.44
SCH-036-LSN-0022,SCH-036,TCH-00476,overworked_generalist,CRS,JSS3B,ROOM-JSS3B,1,Wednesday,10:40,14:20,5,10:40,1.43
SCH-036-LSN-0023,SCH-036,TCH-00477,overworked_generalist,CRS,SS3A,ROOM-SS3A,1,Tuesday,8:40,10:40,3,8:40,1.43
SCH-036-LSN-0024,SCH-036,TCH-00477,overworked_generalist,CRS,SS2B,ROOM-SS2B,1,Tuesday,11:40,13:40,3,11:40,1.5
SCH-036-LSN-0025,SCH-036,TCH-00477,overworked_generalist,CRS,SS3B,ROOM-SS3B,1,Thursday,8:40,10:40,3,8:40,1.47
SCH-036-LSN-0026,SCH-036,TCH-00477,overworked_generalist,PHE,SS2A,ROOM-SS2A,1,Monday,12:20,14:20,3,12:20,1.48
SCH-036-LSN-0027,SCH-036,TCH-00477,overworked_generalist,PHE,JSS2B,ROOM-JSS2B,1,Wednesday,10:40,13:00,3,10:40,1.5
SCH-036-LSN-0028,SCH-036,TCH-00477,overworked_generalist,PHE,JSS2A,ROOM-JSS2A,1,Wednesday,8:40,10:40,3,8:40,0.87
SCH-036-LSN-0029,SCH-036,TCH-00478,nysc_corper,Basic Science,JSS2A,ROOM-JSS2A,1,Monday,13:00,13:40,1,13:00,4.5
SCH-036-LSN-0030,SCH-036,TCH-00478,nysc_corper,Civic Education,JSS2B,ROOM-JSS2B,1,Tuesday,13:00,13:40,1,13:00,4.5
SCH-036-LSN-0031,SCH-036,TCH-00478,nysc_corper,Basic Science,JSS2A,ROOM-JSS2A,1,Monday,13:40,14:20,1,13:40,4.5
SCH-036-LSN-0032,SCH-036,TCH-00478,nysc_corper,Basic Science,JSS2B,ROOM-JSS2B,1,Tuesday,13:40,14:20,1,13:40,4.5
SCH-036-LSN-0033,SCH-036,TCH-00479,overworked_generalist,PHE,JSS3B,ROOM-JSS3B,1,Thursday,10:40,13:40,4,10:40,1.46
SCH-036-LSN-0034,SCH-036,TCH-00479,overworked_generalist,PHE,JSS1B,ROOM-JSS1B,1,Wednesday,10:00,13:00,4,10:00,1.48
SCH-036-LSN-0035,SCH-036,TCH-00479,overworked_generalist,PHE,JSS3B,ROOM-JSS3B,1,Monday,9:20,12:20,4,9:20,1.4
SCH-036-LSN-0036,SCH-036,TCH-00479,overworked_generalist,Basic Technology,JSS3A,ROOM-JSS3A,0,Tuesday,8:00,10:40,4,8:00,1.46
SCH-036-LSN-0037,SCH-036,TCH-00479,overworked_generalist,Basic Technology,SS3B,ROOM-SS3B,0,Friday,8:00,10:40,4,8:00,1.11
SCH-036-LSN-0038,SCH-036,TCH-00479,overworked_generalist,PHE,JSS1A,ROOM-JSS1A,1,Tuesday,11:40,14:20,4,11:40,0.93
SCH-036-LSN-0039,SCH-036,TCH-00479,overworked_generalist,Basic Technology,JSS3B,ROOM-JSS3B,0,Thursday,8:00,10:40,4,8:00,0.58
SCH-036-LSN-0040,SCH-036,TCH-00480,hustling_subject_specialist,Economics,SS3A,ROOM-SS3A,1,Tuesday,10:40,12:20,2,10:40,4
SCH-036-LSN-0041,SCH-036,TCH-00480,hustling_subject_specialist,Economics,SS2A,ROOM-SS2A,1,Thursday,8:00,9:20,2,8:00,4
SCH-036-LSN-0042,SCH-036,TCH-00480,hustling_subject_specialist,Economics,SS1B,ROOM-SS1B,1,Tuesday,8:00,9:20,2,8:00,4
SCH-036-LSN-0043,SCH-036,TCH-00480,hustling_subject_specialist,Economics,SS3A,ROOM-SS3A,1,Wednesday,8:00,9:20,2,8:00,4
SCH-036-LSN-0044,SCH-036,TCH-00481,overworked_generalist,PHE,JSS3A,ROOM-JSS3A,1,Monday,10:00,13:00,4,10:00,1.49
SCH-036-LSN-0045,SCH-036,TCH-00481,overworked_generalist,CRS,SS1B,ROOM-SS1B,1,Wednesday,10:00,13:00,4,10:00,1.39
SCH-036-LSN-0046,SCH-036,TCH-00481,overworked_generalist,PHE,JSS2A,ROOM-JSS2A,1,Tuesday,11:40,14:20,4,11:40,1.37
SCH-036-LSN-0047,SCH-036,TCH-00481,overworked_generalist,PHE,SS3A,ROOM-SS3A,1,Friday,9:20,12:20,4,9:20,1.16
SCH-036-LSN-0048,SCH-036,TCH-00481,overworked_generalist,CRS,JSS3B,ROOM-JSS3B,1,Tuesday,8:40,11:20,4,8:40,1.46
SCH-036-LSN-0049,SCH-036,TCH-00482,veteran_staff_room_boss,Chemistry,SS1B,SCI-LAB-01,1,Monday,8:40,9:20,1,8:40,4
SCH-036-LSN-0050,SCH-036,TCH-00482,veteran_staff_room_boss,Further Mathematics,SS1A,ROOM-SS1A,1,Monday,9:20,10:00,1,9:20,4
SCH-036-LSN-0051,SCH-036,TCH-00482,veteran_staff_room_boss,Further Mathematics,SS3B,ROOM-SS3B,1,Tuesday,8:40,9:20,1,8:40,4
SCH-036-LSN-0052,SCH-036,TCH-00482,veteran_staff_room_boss,Chemistry,SS2A,SCI-LAB-01,1,Monday,10:00,10:40,1,10:00,4
SCH-036-LSN-0053,SCH-036,TCH-00482,veteran_staff_room_boss,Chemistry,SS3B,SCI-LAB-01,1,Tuesday,9:20,10:00,1,9:20,4
SCH-036-LSN-0054,SCH-036,TCH-00482,veteran_staff_room_boss,Further Mathematics,SS2A,ROOM-SS2A,1,Tuesday,10:00,10:40,1,10:00,4
SCH-036-LSN-0055,SCH-036,TCH-00482,veteran_staff_room_boss,Further Mathematics,SS3A,ROOM-SS3A,1,Wednesday,9:20,10:00,1,9:20,4
SCH-036-LSN-0056,SCH-036,TCH-00482,veteran_staff_room_boss,Chemistry,SS1B,SCI-LAB-01,1,Thursday,8:40,9:20,1,8:40,4
SCH-036-LSN-0057,SCH-036,TCH-00483,hustling_subject_specialist,Further Mathematics,SS1A,ROOM-SS1A,1,Monday,10:00,12:20,3,10:00,4
SCH-036-LSN-0058,SCH-036,TCH-00483,hustling_subject_specialist,Further Mathematics,SS2B,ROOM-SS2B,1,Tuesday,8:00,10:00,3,8:00,4
SCH-036-LSN-0059,SCH-036,TCH-00483,hustling_subject_specialist,Further Mathematics,SS1A,ROOM-SS1A,1,Monday,12:20,14:20,3,12:20,-4
SCH-036-LSN-0060,SCH-036,TCH-00483,hustling_subject_specialist,Further Mathematics,SS1B,ROOM-SS1B,1,Tuesday,10:00,12:20,3,10:00,4
SCH-036-LSN-0061,SCH-036,TCH-00484,hustling_subject_specialist,Further Mathematics,SS2B,ROOM-SS2B,1,Monday,8:00,9:20,2,8:00,4
SCH-036-LSN-0062,SCH-036,TCH-00484,hustling_subject_specialist,Further Mathematics,SS2B,ROOM-SS2B,1,Monday,10:40,12:20,2,10:40,4
SCH-036-LSN-0063,SCH-036,TCH-00484,hustling_subject_specialist,Further Mathematics,SS1B,ROOM-SS1B,1,Monday,9:20,10:40,2,9:20,4
SCH-036-LSN-0064,SCH-036,TCH-00484,hustling_subject_specialist,Further Mathematics,SS3B,ROOM-SS3B,1,Thursday,10:40,12:20,2,10:40,4
SCH-036-LSN-0065,SCH-036,TCH-00485,hustling_subject_specialist,Further Mathematics,SS3A,ROOM-SS3A,1,Monday,8:00,10:00,3,8:00,4
SCH-036-LSN-0066,SCH-036,TCH-00485,hustling_subject_specialist,Further Mathematics,SS1B,ROOM-SS1B,1,Monday,10:40,13:00,3,10:40,4
SCH-036-LSN-0067,SCH-036,TCH-00485,hustling_subject_specialist,Further Mathematics,SS1B,ROOM-SS1B,1,Tuesday,12:20,14:20,3,12:20,-4
SCH-036-LSN-0068,SCH-036,TCH-00485,hustling_subject_specialist,Further Mathematics,SS2A,ROOM-SS2A,1,Thursday,9:20,11:20,3,9:20,4
SCH-036-LSN-0069,SCH-036,TCH-00486,overworked_generalist,PHE,JSS3A,ROOM-JSS3A,1,Thursday,10:00,13:40,5,10:00,1.4
SCH-036-LSN-0070,SCH-036,TCH-00486,overworked_generalist,Basic Technology,SS2A,ROOM-SS2A,0,Friday,8:00,11:20,5,8:00,0.91
SCH-036-LSN-0071,SCH-036,TCH-00486,overworked_generalist,PHE,SS2B,ROOM-SS2B,1,Wednesday,8:40,12:20,5,8:40,1.41
SCH-036-LSN-0072,SCH-036,TCH-00486,overworked_generalist,PHE,JSS2A,ROOM-JSS2A,1,Tuesday,8:00,11:20,5,8:00,1
SCH-037-LSN-0001,SCH-037,TCH-00487,hustling_subject_specialist,Further Mathematics,SS3B,ROOM-SS3B,1,Wednesday,8:00,9:20,2,8:00,4
SCH-037-LSN-0002,SCH-037,TCH-00487,hustling_subject_specialist,Further Mathematics,SS1A,ROOM-SS1A,1,Wednesday,9:20,10:40,2,9:20,4
SCH-037-LSN-0003,SCH-037,TCH-00487,hustling_subject_specialist,Further Mathematics,SS2B,ROOM-SS2B,1,Wednesday,10:40,12:20,2,10:40,4
SCH-037-LSN-0004,SCH-037,TCH-00487,hustling_subject_specialist,Further Mathematics,SS3A,ROOM-SS3A,1,Thursday,8:00,9:20,2,8:00,4
SCH-037-LSN-0005,SCH-037,TCH-00488,hustling_subject_specialist,Further Mathematics,SS3B,ROOM-SS3B,1,Monday,8:00,9:20,2,8:00,4
SCH-037-LSN-0006,SCH-037,TCH-00488,hustling_subject_specialist,Physics,SS3B,SCI-LAB-01,1,Monday,9:20,10:40,2,9:20,4
SCH-037-LSN-0007,SCH-037,TCH-00488,hustling_subject_specialist,Further Mathematics,SS3A,ROOM-SS3A,1,Monday,10:40,12:20,2,10:40,4
SCH-037-LSN-0008,SCH-037,TCH-00488,hustling_subject_specialist,Physics,SS1B,SCI-LAB-01,1,Tuesday,8:00,9:20,2,8:00,4
SCH-037-LSN-0009,SCH-037,TCH-00488,hustling_subject_specialist,Physics,SS3B,SCI-LAB-01,1,Tuesday,9:20,10:40,2,9:20,4
SCH-037-LSN-0010,SCH-037,TCH-00488,hustling_subject_specialist,Physics,SS3A,SCI-LAB-01,1,Tuesday,10:40,12:20,2,10:40,4
SCH-037-LSN-0011,SCH-037,TCH-00488,hustling_subject_specialist,Physics,SS2B,SCI-LAB-01,1,Wednesday,8:00,9:20,2,8:00,4
SCH-037-LSN-0012,SCH-037,TCH-00488,hustling_subject_specialist,Physics,SS1B,SCI-LAB-01,1,Wednesday,9:20,10:40,2,9:20,4
SCH-037-LSN-0013,SCH-037,TCH-00489,nysc_corper,Civic Education,JSS1A,ROOM-JSS1A,1,Monday,13:00,13:40,1,13:00,4.5
SCH-037-LSN-0014,SCH-037,TCH-00489,nysc_corper,Civic Education,JSS3A,ROOM-JSS3A,1,Monday,13:40,14:20,1,13:40,4.5
SCH-037-LSN-0015,SCH-037,TCH-00489,nysc_corper,Civic Education,JSS1B,ROOM-JSS1B,1,Wednesday,13:00,13:40,1,13:00,4.5
SCH-037-LSN-0016,SCH-037,TCH-00489,nysc_corper,Basic Science,JSS1B,ROOM-JSS1B,1,Wednesday,13:40,14:20,1,13:40,4.5
SCH-037-LSN-0017,SCH-037,TCH-00490,overworked_generalist,CRS,SS1A,ROOM-SS1A,1,Tuesday,10:00,13:40,5,10:00,1.5
SCH-037-LSN-0018,SCH-037,TCH-00490,overworked_generalist,PHE,JSS2A,ROOM-JSS2A,1,Thursday,10:40,14:20,5,10:40,1.45
SCH-037-LSN-0019,SCH-037,TCH-00490,overworked_generalist,CRS,JSS3B,ROOM-JSS3B,1,Wednesday,8:40,12:20,5,8:40,1.44
SCH-037-LSN-0020,SCH-037,TCH-00490,overworked_generalist,CRS,SS1B,ROOM-SS1B,1,Monday,9:20,13:00,5,9:20,1.48
SCH-037-LSN-0021,SCH-037,TCH-00490,overworked_generalist,CRS,SS2A,ROOM-SS2A,1,Friday,8:40,12:20,5,8:40,1.4
SCH-037-LSN-0022,SCH-037,TCH-00491,overworked_generalist,CRS,JSS1B,ROOM-JSS1B,1,Tuesday,8:00,10:40,4,8:00,1.47
SCH-037-LSN-0023,SCH-037,TCH-00491,overworked_generalist,Basic Technology,JSS1B,ROOM-JSS1B,0,Thursday,10:40,13:40,4,10:40,1.48
SCH-037-LSN-0024,SCH-037,TCH-00491,overworked_generalist,CRS,SS2A,ROOM-SS2A,1,Tuesday,10:40,13:40,4,10:40,1.5
SCH-037-LSN-0025,SCH-037,TCH-00491,overworked_generalist,Basic Technology,JSS1A,WORKSHOP-01,1,Friday,8:00,10:40,4,8:00,1.38
SCH-037-LSN-0026,SCH-037,TCH-00492,veteran_staff_room_boss,Biology,SS1A,SCI-LAB-01,1,Thursday,8:40,10:00,2,8:40,4
SCH-037-LSN-0027,SCH-037,TCH-00492,veteran_staff_room_boss,Biology,SS2A,SCI-LAB-01,1,Thursday,10:00,11:20,2,10:00,4
SCH-037-LSN-0028,SCH-037,TCH-00492,veteran_staff_room_boss,Biology,SS2B,SCI-LAB-01,1,Friday,8:40,10:00,2,8:40,4
SCH-037-LSN-0029,SCH-037,TCH-00492,veteran_staff_room_boss,Chemistry,SS3A,SCI-LAB-01,1,Friday,10:00,11:20,2,10:00,4
SCH-037-LSN-0030,SCH-037,TCH-00493,overworked_generalist,PHE,SS2B,ROOM-SS2B,1,Thursday,8:40,11:20,4,8:40,1.44
SCH-037-LSN-0031,SCH-037,TCH-00493,overworked_generalist,Basic Technology,SS1A,ROOM-SS1A,0,Monday,9:20,12:20,4,9:20,1.3
SCH-037-LSN-0032,SCH-037,TCH-00493,overworked_generalist,Basic Technology,SS3B,ROOM-SS3B,0,Wednesday,11:40,14:20,4,11:40,1.21
SCH-037-LSN-0033,SCH-037,TCH-00493,overworked_generalist,PHE,SS2B,ROOM-SS2B,1,Tuesday,8:00,10:40,4,8:00,1.46
SCH-037-LSN-0034,SCH-037,TCH-00493,overworked_generalist,PHE,SS2B,ROOM-SS2B,1,Tuesday,10:40,13:40,4,10:40,1.48
SCH-037-LSN-0035,SCH-037,TCH-00493,overworked_generalist,PHE,JSS3A,ROOM-JSS3A,1,Thursday,11:40,14:20,4,11:40,1.35
SCH-037-LSN-0036,SCH-037,TCH-00494,overworked_generalist,PHE,JSS3A,ROOM-JSS3A,1,Monday,10:40,13:40,4,10:40,1.49
SCH-037-LSN-0037,SCH-037,TCH-00494,overworked_generalist,Basic Technology,SS1B,ROOM-SS1B,0,Tuesday,11:40,14:20,4,11:40,1.35
SCH-037-LSN-0038,SCH-037,TCH-00494,overworked_generalist,Basic Technology,SS3B,ROOM-SS3B,0,Thursday,9:20,12:20,4,9:20,1.21
SCH-037-LSN-0039,SCH-037,TCH-00494,overworked_generalist,PHE,SS3A,ROOM-SS3A,1,Wednesday,10:00,13:00,4,10:00,1.42
SCH-037-LSN-0040,SCH-037,TCH-00494,overworked_generalist,PHE,JSS3A,ROOM-JSS3A,1,Friday,8:40,11:20,4,8:40,1.43
SCH-037-LSN-0041,SCH-037,TCH-00494,overworked_generalist,PHE,JSS2A,ROOM-JSS2A,1,Tuesday,8:40,11:20,4,8:40,1.32
SCH-037-LSN-0042,SCH-037,TCH-00494,overworked_generalist,PHE,JSS3A,ROOM-JSS3A,1,Monday,8:00,10:40,4,8:00,1.16
SCH-037-LSN-0043,SCH-037,TCH-00495,overworked_generalist,PHE,SS1A,ROOM-SS1A,1,Friday,8:00,10:00,3,8:00,1.44
SCH-037-LSN-0044,SCH-037,TCH-00495,overworked_generalist,Basic Technology,SS1A,ROOM-SS1A,0,Thursday,11:40,13:40,3,11:40,1.49
SCH-037-LSN-0045,SCH-037,TCH-00495,overworked_generalist,CRS,JSS3A,ROOM-JSS3A,1,Tuesday,9:20,11:20,3,9:20,1.43
SCH-037-LSN-0046,SCH-037,TCH-00495,overworked_generalist,PHE,SS3A,ROOM-SS3A,1,Monday,12:20,14:20,3,12:20,1.18
SCH-037-LSN-0047,SCH-037,TCH-00495,overworked_generalist,Basic Technology,JSS2A,ROOM-JSS2A,0,Wednesday,8:40,10:40,3,8:40,1.45
SCH-037-LSN-0048,SCH-037,TCH-00495,overworked_generalist,Basic Technology,SS2B,WORKSHOP-01,1,Wednesday,12:20,14:20,3,12:20,1.5
SCH-037-LSN-0049,SCH-037,TCH-00495,overworked_generalist,PHE,SS3B,ROOM-SS3B,1,Tuesday,12:20,14:20,3,12:20,1.46
SCH-037-LSN-0050,SCH-037,TCH-00495,overworked_generalist,CRS,SS1A,ROOM-SS1A,1,Friday,10:00,12:20,3,10:00,0.53
SCH-037-LSN-0051,SCH-037,TCH-00495,overworked_generalist,Basic Technology,SS1B,ROOM-SS1B,0,Thursday,9:20,11:20,3,9:20,0.83
SCH-037-LSN-0052,SCH-037,TCH-00496,nysc_corper,Civic Education,JSS3B,ROOM-JSS3B,1,Monday,13:00,13:40,1,13:00,4.5
SCH-037-LSN-0053,SCH-037,TCH-00496,nysc_corper,Civic Education,JSS2A,ROOM-JSS2A,1,Monday,13:40,14:20,1,13:40,4.5
SCH-037-LSN-0054,SCH-037,TCH-00496,nysc_corper,Civic Education,JSS3A,ROOM-JSS3A,1,Tuesday,13:00,13:40,1,13:00,4.5
SCH-037-LSN-0055,SCH-037,TCH-00497,hustling_subject_specialist,Further Mathematics,SS1A,ROOM-SS1A,1,Tuesday,8:00,9:20,2,8:00,4
SCH-037-LSN-0056,SCH-037,TCH-00497,hustling_subject_specialist,Physics,SS2B,SCI-LAB-01,1,Wednesday,9:20,10:40,2,9:20,4
SCH-037-LSN-0057,SCH-037,TCH-00497,hustling_subject_specialist,Physics,SS1B,SCI-LAB-01,1,Tuesday,9:20,10:40,2,9:20,4
SCH-037-LSN-0058,SCH-037,TCH-00497,hustling_subject_specialist,Physics,SS2A,SCI-LAB-01,1,Wednesday,8:00,9:20,2,8:00,4
SCH-037-LSN-0059,SCH-037,TCH-00498,overworked_generalist,PHE,JSS2A,ROOM-JSS2A,1,Monday,9:20,13:00,5,9:20,1.37
SCH-037-LSN-0060,SCH-037,TCH-00498,overworked_generalist,CRS,SS3B,ROOM-SS3B,1,Friday,8:40,12:20,5,8:40,1.08
SCH-037-LSN-0061,SCH-037,TCH-00498,overworked_generalist,PHE,JSS1A,ROOM-JSS1A,1,Thursday,9:20,13:00,5,9:20,1.44
SCH-037-LSN-0062,SCH-037,TCH-00498,overworked_generalist,PHE,JSS3A,ROOM-JSS3A,1,Wednesday,10:40,14:20,5,10:40,1.35
SCH-037-LSN-0063,SCH-037,TCH-00499,overworked_generalist,Basic Technology,JSS1A,ROOM-JSS1A,0,Wednesday,11:40,13:40,3,11:40,1.5
SCH-037-LSN-0064,SCH-037,TCH-00499,overworked_generalist,Basic Technology,JSS1B,ROOM-JSS1B,0,Thursday,8:00,10:00,3,8:00,1.45
SCH-037-LSN-0065,SCH-037,TCH-00499,overworked_generalist,CRS,JSS1A,ROOM-JSS1A,1,Tuesday,10:40,13:00,3,10:40,1.36
SCH-037-LSN-0066,SCH-037,TCH-00499,overworked_generalist,CRS,SS1A,ROOM-SS1A,1,Monday,12:20,14:20,3,12:20,1.43
SCH-037-LSN-0067,SCH-037,TCH-00499,overworked_generalist,Basic Technology,SS1B,ROOM-SS1B,0,Thursday,12:20,14:20,3,12:20,1.49
SCH-037-LSN-0068,SCH-037,TCH-00499,overworked_generalist,Basic Technology,SS3A,WORKSHOP-01,1,Monday,8:40,10:40,3,8:40,1.47
SCH-037-LSN-0069,SCH-037,TCH-00500,nysc_corper,Basic Science,JSS3B,ROOM-JSS3B,1,Monday,13:40,14:20,1,13:40,4.5
SCH-037-LSN-0070,SCH-037,TCH-00500,nysc_corper,Basic Science,JSS1B,ROOM-JSS1B,1,Monday,13:00,13:40,1,13:00,4.5
SCH-037-LSN-0071,SCH-037,TCH-00500,nysc_corper,Basic Science,JSS3B,ROOM-JSS3B,1,Wednesday,13:00,13:40,1,13:00,4.5
SCH-037-LSN-0072,SCH-037,TCH-00500,nysc_corper,Basic Science,JSS1A,ROOM-JSS1A,1,Wednesday,13:40,14:20,1,13:40,4.5
SCH-037-LSN-0073,SCH-037,TCH-00500,nysc_corper,Civic Education,JSS3A,ROOM-JSS3A,1,Wednesday,8:00,8:40,1,8:00,0
SCH-037-LSN-0074,SCH-037,TCH-00500,nysc_corper,Basic Science,JSS3B,ROOM-JSS3B,1,Thursday,13:00,13:40,1,13:00,4.5
SCH-037-LSN-0075,SCH-037,TCH-00500,nysc_corper,Civic Education,JSS3B,ROOM-JSS3B,1,Thursday,13:40,14:20,1,13:40,4.5
SCH-037-LSN-0076,SCH-037,TCH-00500,nysc_corper,Basic Science,JSS3A,ROOM-JSS3A,1,Wednesday,8:40,9:20,1,8:40,0
SCH-037-LSN-0077,SCH-037,TCH-00501,hustling_subject_specialist,Economics,SS1A,ROOM-SS1A,1,Wednesday,10:40,13:00,3,10:40,4
SCH-037-LSN-0078,SCH-037,TCH-00501,hustling_subject_specialist,Physics,SS3A,SCI-LAB-01,1,Tuesday,8:00,10:00,3,8:00,4
SCH-038-LSN-0001,SCH-038,TCH-00502,nysc_corper,Basic Science,JSS2B,ROOM-JSS2B,1,Tuesday,13:00,13:40,1,13:00,4.5
SCH-038-LSN-0002,SCH-038,TCH-00502,nysc_corper,Basic Science,JSS1A,ROOM-JSS1A,1,Tuesday,13:40,14:20,1,13:40,4.5
SCH-038-LSN-0003,SCH-038,TCH-00503,veteran_staff_room_boss,Physics,SS1A,SCI-LAB-01,1,Monday,8:40,9:20,1,8:40,4
SCH-038-LSN-0004,SCH-038,TCH-00503,veteran_staff_room_boss,Further Mathematics,SS1A,ROOM-SS1A,1,Monday,9:20,10:00,1,9:20,4
SCH-038-LSN-0005,SCH-038,TCH-00503,veteran_staff_room_boss,Physics,SS3A,SCI-LAB-01,1,Monday,10:00,10:40,1,10:00,4
SCH-038-LSN-0006,SCH-038,TCH-00503,veteran_staff_room_boss,Further Mathematics,SS3A,ROOM-SS3A,1,Tuesday,8:40,9:20,1,8:40,4
SCH-038-LSN-0007,SCH-038,TCH-00504,nysc_corper,Basic Science,JSS2B,ROOM-JSS2B,1,Monday,13:00,13:40,1,13:00,4.5
SCH-038-LSN-0008,SCH-038,TCH-00504,nysc_corper,Basic Science,JSS3B,ROOM-JSS3B,1,Monday,13:40,14:20,1,13:40,4.5
SCH-038-LSN-0009,SCH-038,TCH-00504,nysc_corper,Basic Science,JSS1B,ROOM-JSS1B,1,Wednesday,13:00,13:40,1,13:00,4.5
SCH-038-LSN-0010,SCH-038,TCH-00505,nysc_corper,Civic Education,JSS2B,ROOM-JSS2B,1,Monday,13:40,14:20,1,13:40,4.5
SCH-038-LSN-0011,SCH-038,TCH-00505,nysc_corper,Civic Education,JSS2B,ROOM-JSS2B,1,Wednesday,13:00,13:40,1,13:00,4.5
SCH-038-LSN-0012,SCH-038,TCH-00506,veteran_staff_room_boss,Chemistry,SS3A,SCI-LAB-01,1,Tuesday,9:20,10:40,2,9:20,4
SCH-038-LSN-0013,SCH-038,TCH-00506,veteran_staff_room_boss,Chemistry,SS3A,SCI-LAB-01,1,Wednesday,8:40,10:00,2,8:40,4
SCH-038-LSN-0014,SCH-038,TCH-00506,veteran_staff_room_boss,Physics,SS3A,SCI-LAB-01,1,Monday,8:40,10:00,2,8:40,4
SCH-038-LSN-0015,SCH-038,TCH-00506,veteran_staff_room_boss,Physics,SS3A,SCI-LAB-01,1,Wednesday,10:00,11:20,2,10:00,4
SCH-038-LSN-0016,SCH-038,TCH-00506,veteran_staff_room_boss,Physics,SS2B,SCI-LAB-01,1,Monday,10:00,11:20,2,10:00,4
SCH-038-LSN-0017,SCH-038,TCH-00506,veteran_staff_room_boss,Chemistry,SS1B,SCI-LAB-01,1,Thursday,8:40,10:00,2,8:40,4
SCH-038-LSN-0018,SCH-038,TCH-00507,overworked_generalist,PHE,JSS3B,ROOM-JSS3B,1,Tuesday,8:00,11:20,5,8:00,1.47
SCH-038-LSN-0019,SCH-038,TCH-00507,overworked_generalist,PHE,SS2A,ROOM-SS2A,1,Monday,8:00,11:20,5,8:00,1.44
SCH-038-LSN-0020,SCH-038,TCH-00507,overworked_generalist,CRS,JSS1A,ROOM-JSS1A,1,Wednesday,8:00,11:20,5,8:00,1.4
SCH-038-LSN-0021,SCH-038,TCH-00507,overworked_generalist,PHE,SS3B,ROOM-SS3B,1,Thursday,8:00,11:20,5,8:00,1.21
SCH-038-LSN-0022,SCH-038,TCH-00507,overworked_generalist,Basic Technology,JSS3A,ROOM-JSS3A,0,Friday,8:40,12:20,5,8:40,1.11
SCH-038-LSN-0023,SCH-038,TCH-00508,overworked_generalist,PHE,JSS3B,ROOM-JSS3B,1,Thursday,8:40,10:40,3,8:40,1.5
SCH-038-LSN-0024,SCH-038,TCH-00508,overworked_generalist,PHE,JSS2A,ROOM-JSS2A,1,Monday,9:20,11:20,3,9:20,1.49
SCH-038-LSN-0025,SCH-038,TCH-00508,overworked_generalist,Basic Technology,JSS1B,ROOM-JSS1B,0,Thursday,10:40,13:00,3,10:40,1.46
SCH-038-LSN-0026,SCH-038,TCH-00508,overworked_generalist,PHE,JSS3A,ROOM-JSS3A,1,Tuesday,10:00,12:20,3,10:00,1.4
SCH-038-LSN-0027,SCH-038,TCH-00508,overworked_generalist,PHE,SS3B,ROOM-SS3B,1,Wednesday,12:20,14:20,3,12:20,1.39
SCH-038-LSN-0028,SCH-038,TCH-00508,overworked_generalist,PHE,JSS1B,ROOM-JSS1B,1,Monday,12:20,14:20,3,12:20,1.48
SCH-038-LSN-0029,SCH-038,TCH-00509,veteran_staff_room_boss,Biology,SS2B,SCI-LAB-01,1,Thursday,10:00,11:20,2,10:00,4
SCH-038-LSN-0030,SCH-038,TCH-00509,veteran_staff_room_boss,Biology,SS1A,SCI-LAB-01,1,Friday,8:40,10:00,2,8:40,4
SCH-038-LSN-0031,SCH-038,TCH-00509,veteran_staff_room_boss,Biology,SS1A,SCI-LAB-01,1,Friday,10:00,11:20,2,10:00,4
SCH-038-LSN-0032,SCH-038,TCH-00510,veteran_staff_room_boss,Biology,SS1A,SCI-LAB-01,1,Tuesday,8:40,9:20,1,8:40,4
SCH-038-LSN-0033,SCH-038,TCH-00510,veteran_staff_room_boss,Biology,SS1B,SCI-LAB-01,1,Thursday,10:00,10:40,1,10:00,4
SCH-038-LSN-0034,SCH-038,TCH-00511,nysc_corper,Civic Education,JSS1B,ROOM-JSS1B,1,Tuesday,13:00,13:40,1,13:00,4.5
SCH-038-LSN-0035,SCH-038,TCH-00511,nysc_corper,Civic Education,JSS1A,ROOM-JSS1A,1,Monday,13:00,13:40,1,13:00,4.5
SCH-038-LSN-0036,SCH-038,TCH-00511,nysc_corper,Civic Education,JSS1B,ROOM-JSS1B,1,Tuesday,13:40,14:20,1,13:40,4.5
SCH-038-LSN-0037,SCH-038,TCH-00512,nysc_corper,Basic Science,JSS3B,ROOM-JSS3B,1,Tuesday,13:00,13:40,1,13:00,4.5
SCH-038-LSN-0038,SCH-038,TCH-00512,nysc_corper,Basic Science,JSS3A,ROOM-JSS3A,1,Tuesday,13:40,14:20,1,13:40,4.5
SCH-038-LSN-0039,SCH-038,TCH-00512,nysc_corper,Basic Science,JSS2B,ROOM-JSS2B,1,Wednesday,13:40,14:20,1,13:40,4.5
SCH-038-LSN-0040,SCH-038,TCH-00512,nysc_corper,Civic Education,JSS2B,ROOM-JSS2B,1,Thursday,13:00,13:40,1,13:00,4.5
SCH-038-LSN-0041,SCH-038,TCH-00512,nysc_corper,Civic Education,JSS3A,ROOM-JSS3A,1,Wednesday,13:00,13:40,1,13:00,4.5
SCH-038-LSN-0042,SCH-038,TCH-00512,nysc_corper,Basic Science,JSS1B,ROOM-JSS1B,1,Thursday,13:40,14:20,1,13:40,4.5
SCH-038-LSN-0043,SCH-038,TCH-00512,nysc_corper,Civic Education,JSS1A,ROOM-JSS1A,1,Tuesday,8:00,8:40,1,8:00,0
SCH-038-LSN-0044,SCH-038,TCH-00512,nysc_corper,Civic Education,JSS1A,ROOM-JSS1A,1,Tuesday,8:40,9:20,1,8:40,0
SCH-038-LSN-0045,SCH-038,TCH-00513,hustling_subject_specialist,Further Mathematics,SS3B,ROOM-SS3B,1,Monday,8:00,9:20,2,8:00,4
SCH-038-LSN-0046,SCH-038,TCH-00513,hustling_subject_specialist,Further Mathematics,SS1A,ROOM-SS1A,1,Monday,10:00,11:20,2,10:00,4
SCH-038-LSN-0047,SCH-038,TCH-00513,hustling_subject_specialist,Further Mathematics,SS2B,ROOM-SS2B,1,Tuesday,8:00,9:20,2,8:00,4
SCH-038-LSN-0048,SCH-038,TCH-00514,veteran_staff_room_boss,Biology,SS3A,SCI-LAB-01,1,Thursday,10:00,11:20,2,10:00,4
SCH-038-LSN-0049,SCH-038,TCH-00514,veteran_staff_room_boss,Physics,SS2B,SCI-LAB-01,1,Monday,8:40,10:00,2,8:40,4
SCH-038-LSN-0050,SCH-038,TCH-00514,veteran_staff_room_boss,Biology,SS2A,SCI-LAB-01,1,Friday,8:40,10:00,2,8:40,4
SCH-038-LSN-0051,SCH-038,TCH-00514,veteran_staff_room_boss,Biology,SS2A,SCI-LAB-01,1,Friday,10:00,11:20,2,10:00,4
SCH-039-LSN-0001,SCH-039,TCH-00515,overworked_generalist,PHE,JSS2A,ROOM-JSS2A,1,Friday,9:20,11:20,3,9:20,1.5
SCH-039-LSN-0002,SCH-039,TCH-00515,overworked_generalist,CRS,SS1A,ROOM-SS1A,1,Tuesday,8:00,10:00,3,8:00,1.48
SCH-039-LSN-0003,SCH-039,TCH-00515,overworked_generalist,CRS,SS2A,ROOM-SS2A,1,Wednesday,10:40,13:00,3,10:40,1.49
SCH-039-LSN-0004,SCH-039,TCH-00515,overworked_generalist,PHE,JSS1B,ROOM-JSS1B,1,Thursday,11:40,13:40,3,11:40,1.49
SCH-039-LSN-0005,SCH-039,TCH-00515,overworked_generalist,PHE,SS2B,ROOM-SS2B,1,Thursday,9:20,11:20,3,9:20,1.49
SCH-039-LSN-0006,SCH-039,TCH-00515,overworked_generalist,PHE,JSS3A,ROOM-JSS3A,1,Monday,9:20,11:20,3,9:20,1.41
SCH-039-LSN-0007,SCH-039,TCH-00515,overworked_generalist,CRS,SS1A,ROOM-SS1A,1,Tuesday,10:40,13:00,3,10:40,1.36
SCH-039-LSN-0008,SCH-039,TCH-00515,overworked_generalist,CRS,SS3B,ROOM-SS3B,1,Monday,11:40,13:40,3,11:40,1.47
SCH-039-LSN-0009,SCH-039,TCH-00515,overworked_generalist,CRS,JSS3B,ROOM-JSS3B,1,Wednesday,8:40,10:40,3,8:40,1.3
SCH-039-LSN-0010,SCH-039,TCH-00516,hustling_subject_specialist,Further Mathematics,SS3A,ROOM-SS3A,1,Monday,8:00,9:20,2,8:00,4
SCH-039-LSN-0011,SCH-039,TCH-00516,hustling_subject_specialist,Physics,SS1A,SCI-LAB-01,1,Monday,9:20,10:40,2,9:20,4
SCH-039-LSN-0012,SCH-039,TCH-00516,hustling_subject_specialist,Physics,SS3A,SCI-LAB-01,1,Monday,10:40,12:20,2,10:40,4
SCH-039-LSN-0013,SCH-039,TCH-00516,hustling_subject_specialist,Further Mathematics,SS1A,ROOM-SS1A,1,Wednesday,8:00,9:20,2,8:00,4
SCH-039-LSN-0014,SCH-039,TCH-00517,overworked_generalist,Basic Technology,SS2B,ROOM-SS2B,0,Wednesday,10:00,13:40,5,10:00,1.44
SCH-039-LSN-0015,SCH-039,TCH-00517,overworked_generalist,Basic Technology,JSS3B,WORKSHOP-01,1,Thursday,10:00,13:40,5,10:00,1.41
SCH-039-LSN-0016,SCH-039,TCH-00517,overworked_generalist,Basic Technology,JSS1B,WORKSHOP-01,1,Tuesday,10:40,14:20,5,10:40,1.49
SCH-039-LSN-0017,SCH-039,TCH-00517,overworked_generalist,PHE,JSS2A,ROOM-JSS2A,1,Monday,8:00,11:20,5,8:00,1.36
SCH-039-LSN-0018,SCH-039,TCH-00517,overworked_generalist,PHE,JSS3A,ROOM-JSS3A,1,Friday,8:00,11:20,5,8:00,1.19
SCH-039-LSN-0019,SCH-039,TCH-00518,overworked_generalist,CRS,JSS2B,ROOM-JSS2B,1,Monday,12:20,14:20,3,12:20,1.45
SCH-039-LSN-0020,SCH-039,TCH-00518,overworked_generalist,PHE,JSS1B,ROOM-JSS1B,1,Thursday,9:20,11:20,3,9:20,1.49
SCH-039-LSN-0021,SCH-039,TCH-00518,overworked_generalist,Basic Technology,JSS1A,ROOM-JSS1A,0,Tuesday,10:00,12:20,3,10:00,1.48
SCH-039-LSN-0022,SCH-039,TCH-00518,overworked_generalist,CRS,SS3B,ROOM-SS3B,1,Wednesday,8:40,10:40,3,8:40,1.39
SCH-039-LSN-0023,SCH-039,TCH-00518,overworked_generalist,Basic Technology,JSS3A,ROOM-JSS3A,0,Tuesday,8:00,10:00,3,8:00,1.41
SCH-039-LSN-0024,SCH-039,TCH-00518,overworked_generalist,CRS,JSS1B,ROOM-JSS1B,1,Monday,8:00,10:00,3,8:00,1.39
SCH-039-LSN-0025,SCH-039,TCH-00518,overworked_generalist,Basic Technology,JSS2A,ROOM-JSS2A,0,Tuesday,12:20,14:20,3,12:20,1.24
SCH-039-LSN-0026,SCH-039,TCH-00518,overworked_generalist,CRS,JSS1B,ROOM-JSS1B,1,Wednesday,10:40,13:00,3,10:40,1.49
SCH-039-LSN-0027,SCH-039,TCH-00518,overworked_generalist,CRS,JSS2B,ROOM-JSS2B,1,Friday,8:40,10:40,3,8:40,1.41
SCH-039-LSN-0028,SCH-039,TCH-00518,overworked_generalist,PHE,SS2B,ROOM-SS2B,1,Thursday,11:40,13:40,3,11:40,1.31
SCH-039-LSN-0029,SCH-039,TCH-00518,overworked_generalist,Basic Technology,JSS3B,ROOM-JSS3B,0,Monday,10:00,12:20,3,10:00,1.17
SCH-039-LSN-0030,SCH-039,TCH-00519,overworked_generalist,PHE,SS3B,ROOM-SS3B,1,Thursday,10:00,12:20,3,10:00,1.46
SCH-039-LSN-0031,SCH-039,TCH-00519,overworked_generalist,PHE,SS3A,ROOM-SS3A,1,Wednesday,10:00,12:20,3,10:00,1.47
SCH-039-LSN-0032,SCH-039,TCH-00519,overworked_generalist,PHE,JSS1B,ROOM-JSS1B,1,Friday,9:20,11:20,3,9:20,1.24
SCH-039-LSN-0033,SCH-039,TCH-00519,overworked_generalist,CRS,SS1B,ROOM-SS1B,1,Tuesday,10:00,12:20,3,10:00,1.44
SCH-039-LSN-0034,SCH-039,TCH-00519,overworked_generalist,CRS,SS3B,ROOM-SS3B,1,Wednesday,12:20,14:20,3,12:20,1.49
SCH-039-LSN-0035,SCH-039,TCH-00519,overworked_generalist,PHE,SS3B,ROOM-SS3B,1,Thursday,12:20,14:20,3,12:20,1.49
SCH-039-LSN-0036,SCH-039,TCH-00520,overworked_generalist,CRS,JSS2B,ROOM-JSS2B,1,Tuesday,9:20,11:20,3,9:20,1.44
SCH-039-LSN-0037,SCH-039,TCH-00520,overworked_generalist,CRS,SS1A,ROOM-SS1A,1,Friday,8:40,10:40,3,8:40,1.46
SCH-039-LSN-0038,SCH-039,TCH-00520,overworked_generalist,PHE,JSS3A,ROOM-JSS3A,1,Thursday,8:00,10:00,3,8:00,1.49
SCH-039-LSN-0039,SCH-039,TCH-00520,overworked_generalist,CRS,SS1B,ROOM-SS1B,1,Monday,9:20,11:20,3,9:20,1.49
SCH-039-LSN-0040,SCH-039,TCH-00520,overworked_generalist,CRS,SS3A,ROOM-SS3A,1,Wednesday,8:00,10:00,3,8:00,1.47
SCH-039-LSN-0041,SCH-039,TCH-00520,overworked_generalist,PHE,JSS3B,ROOM-JSS3B,1,Wednesday,11:40,13:40,3,11:40,1.49
SCH-039-LSN-0042,SCH-039,TCH-00521,nysc_corper,Civic Education,JSS2B,ROOM-JSS2B,1,Tuesday,13:00,13:40,1,13:00,4.5
SCH-039-LSN-0043,SCH-039,TCH-00521,nysc_corper,Civic Education,JSS3A,ROOM-JSS3A,1,Monday,13:00,13:40,1,13:00,4.5
SCH-039-LSN-0044,SCH-039,TCH-00521,nysc_corper,Civic Education,JSS2B,ROOM-JSS2B,1,Tuesday,13:40,14:20,1,13:40,4.5
SCH-039-LSN-0045,SCH-039,TCH-00521,nysc_corper,Basic Science,JSS1A,ROOM-JSS1A,1,Monday,13:40,14:20,1,13:40,4.5
SCH-039-LSN-0046,SCH-039,TCH-00522,overworked_generalist,CRS,SS3A,ROOM-SS3A,1,Tuesday,9:20,13:00,5,9:20,1.37
SCH-039-LSN-0047,SCH-039,TCH-00522,overworked_generalist,CRS,SS3B,ROOM-SS3B,1,Monday,8:00,11:20,5,8:00,0.84
SCH-039-LSN-0048,SCH-039,TCH-00522,overworked_generalist,CRS,JSS3B,ROOM-JSS3B,1,Friday,8:40,12:20,5,8:40,1.17
SCH-039-LSN-0049,SCH-039,TCH-00522,overworked_generalist,CRS,JSS2B,ROOM-JSS2B,1,Thursday,8:00,11:20,5,8:00,1.26
SCH-039-LSN-0050,SCH-039,TCH-00522,overworked_generalist,CRS,SS1A,ROOM-SS1A,1,Wednesday,9:20,13:00,5,9:20,1.02
SCH-039-LSN-0051,SCH-039,TCH-00523,overworked_generalist,PHE,SS3A,ROOM-SS3A,1,Friday,8:40,12:20,5,8:40,1.22
SCH-039-LSN-0052,SCH-039,TCH-00523,overworked_generalist,PHE,SS1A,ROOM-SS1A,1,Thursday,8:40,12:20,5,8:40,1.04
SCH-039-LSN-0053,SCH-039,TCH-00523,overworked_generalist,CRS,SS1B,ROOM-SS1B,1,Wednesday,10:40,14:20,5,10:40,1.41
SCH-039-LSN-0054,SCH-039,TCH-00523,overworked_generalist,PHE,SS2B,ROOM-SS2B,1,Tuesday,8:00,11:20,5,8:00,1.39
SCH-039-LSN-0055,SCH-039,TCH-00523,overworked_generalist,PHE,JSS1A,ROOM-JSS1A,1,Monday,8:40,12:20,5,8:40,1.46
SCH-039-LSN-0056,SCH-039,TCH-00524,nysc_corper,Civic Education,JSS1A,ROOM-JSS1A,1,Monday,13:00,13:40,1,13:00,4.5
SCH-039-LSN-0057,SCH-039,TCH-00524,nysc_corper,Civic Education,JSS2A,ROOM-JSS2A,1,Monday,13:40,14:20,1,13:40,4.5
SCH-039-LSN-0058,SCH-039,TCH-00524,nysc_corper,Civic Education,JSS3A,ROOM-JSS3A,1,Tuesday,13:00,13:40,1,13:00,4.5
SCH-039-LSN-0059,SCH-039,TCH-00524,nysc_corper,Civic Education,JSS3A,ROOM-JSS3A,1,Tuesday,13:40,14:20,1,13:40,4.5
SCH-039-LSN-0060,SCH-039,TCH-00525,hustling_subject_specialist,Economics,SS2B,ROOM-SS2B,1,Wednesday,8:00,10:00,3,8:00,4
SCH-039-LSN-0061,SCH-039,TCH-00525,hustling_subject_specialist,Economics,SS3B,ROOM-SS3B,1,Tuesday,8:00,10:00,3,8:00,4
SCH-039-LSN-0062,SCH-039,TCH-00525,hustling_subject_specialist,Economics,SS1A,ROOM-SS1A,1,Thursday,12:20,14:20,3,12:20,-4
SCH-039-LSN-0063,SCH-039,TCH-00525,hustling_subject_specialist,Economics,SS3B,ROOM-SS3B,1,Tuesday,10:00,12:20,3,10:00,4
SCH-039-LSN-0064,SCH-039,TCH-00526,overworked_generalist,PHE,JSS3A,ROOM-JSS3A,1,Wednesday,10:40,13:40,4,10:40,1.49
SCH-039-LSN-0065,SCH-039,TCH-00526,overworked_generalist,PHE,JSS1A,ROOM-JSS1A,1,Thursday,8:40,11:20,4,8:40,1.38
SCH-039-LSN-0066,SCH-039,TCH-00526,overworked_generalist,PHE,JSS1A,ROOM-JSS1A,1,Friday,8:40,11:20,4,8:40,1.49
SCH-039-LSN-0067,SCH-039,TCH-00526,overworked_generalist,PHE,JSS2A,ROOM-JSS2A,1,Wednesday,8:00,10:40,4,8:00,1.22
SCH-039-LSN-0068,SCH-039,TCH-00527,hustling_subject_specialist,Further Mathematics,SS1B,ROOM-SS1B,1,Monday,8:00,9:20,2,8:00,4
SCH-039-LSN-0069,SCH-039,TCH-00527,hustling_subject_specialist,Further Mathematics,SS1B,ROOM-SS1B,1,Wednesday,8:00,9:20,2,8:00,4
SCH-039-LSN-0070,SCH-039,TCH-00527,hustling_subject_specialist,Further Mathematics,SS1B,ROOM-SS1B,1,Wednesday,9:20,10:40,2,9:20,4
SCH-039-LSN-0071,SCH-039,TCH-00527,hustling_subject_specialist,Further Mathematics,SS3B,ROOM-SS3B,1,Wednesday,10:40,12:20,2,10:40,4
SCH-040-LSN-0001,SCH-040,TCH-00528,veteran_staff_room_boss,Chemistry,SS1B,SCI-LAB-01,1,Monday,8:40,10:00,2,8:40,4
SCH-040-LSN-0002,SCH-040,TCH-00528,veteran_staff_room_boss,Physics,SS3B,SCI-LAB-01,1,Monday,10:00,11:20,2,10:00,4
SCH-040-LSN-0003,SCH-040,TCH-00528,veteran_staff_room_boss,Physics,SS1A,SCI-LAB-01,1,Tuesday,8:40,10:00,2,8:40,4
SCH-040-LSN-0004,SCH-040,TCH-00528,veteran_staff_room_boss,Chemistry,SS3B,SCI-LAB-01,1,Tuesday,10:00,11:20,2,10:00,4
SCH-040-LSN-0005,SCH-040,TCH-00528,veteran_staff_room_boss,Chemistry,SS1B,SCI-LAB-01,1,Wednesday,8:40,10:00,2,8:40,4
SCH-040-LSN-0006,SCH-040,TCH-00528,veteran_staff_room_boss,Chemistry,SS1B,SCI-LAB-01,1,Wednesday,10:00,11:20,2,10:00,4
SCH-040-LSN-0007,SCH-040,TCH-00528,veteran_staff_room_boss,Chemistry,SS2B,SCI-LAB-01,1,Thursday,8:40,10:00,2,8:40,4
SCH-040-LSN-0008,SCH-040,TCH-00528,veteran_staff_room_boss,Physics,SS1B,SCI-LAB-01,1,Thursday,10:00,11:20,2,10:00,4
SCH-040-LSN-0009,SCH-040,TCH-00529,nysc_corper,Basic Science,JSS1A,ROOM-JSS1A,1,Monday,13:00,13:40,1,13:00,4.5
SCH-040-LSN-0010,SCH-040,TCH-00529,nysc_corper,Civic Education,JSS3B,ROOM-JSS3B,1,Monday,13:40,14:20,1,13:40,4.5
SCH-040-LSN-0011,SCH-040,TCH-00529,nysc_corper,Basic Science,JSS3A,ROOM-JSS3A,1,Tuesday,13:00,13:40,1,13:00,4.5
SCH-040-LSN-0012,SCH-040,TCH-00529,nysc_corper,Civic Education,JSS1A,ROOM-JSS1A,1,Tuesday,13:40,14:20,1,13:40,4.5
SCH-040-LSN-0013,SCH-040,TCH-00529,nysc_corper,Basic Science,JSS1B,ROOM-JSS1B,1,Wednesday,13:00,13:40,1,13:00,4.5
SCH-040-LSN-0014,SCH-040,TCH-00529,nysc_corper,Basic Science,JSS2B,ROOM-JSS2B,1,Wednesday,13:40,14:20,1,13:40,4.5
SCH-040-LSN-0015,SCH-040,TCH-00529,nysc_corper,Basic Science,JSS1B,ROOM-JSS1B,1,Monday,8:00,8:40,1,8:00,0
SCH-040-LSN-0016,SCH-040,TCH-00529,nysc_corper,Basic Science,JSS2B,ROOM-JSS2B,1,Monday,8:40,9:20,1,8:40,0
SCH-040-LSN-0017,SCH-040,TCH-00530,hustling_subject_specialist,Further Mathematics,SS3A,ROOM-SS3A,1,Monday,8:00,9:20,2,8:00,4
SCH-040-LSN-0018,SCH-040,TCH-00530,hustling_subject_specialist,Further Mathematics,SS1B,ROOM-SS1B,1,Monday,10:00,11:20,2,10:00,4
SCH-040-LSN-0019,SCH-040,TCH-00531,overworked_generalist,PHE,SS3A,ROOM-SS3A,1,Thursday,10:40,13:00,3,10:40,1.45
SCH-040-LSN-0020,SCH-040,TCH-00531,overworked_generalist,CRS,SS3B,ROOM-SS3B,1,Tuesday,11:40,13:40,3,11:40,1.47
SCH-040-LSN-0021,SCH-040,TCH-00531,overworked_generalist,Basic Technology,JSS3A,ROOM-JSS3A,0,Monday,10:40,13:00,3,10:40,1.49
SCH-040-LSN-0022,SCH-040,TCH-00531,overworked_generalist,Basic Technology,JSS3A,WORKSHOP-01,1,Wednesday,8:40,10:40,3,8:40,1.45
SCH-040-LSN-0023,SCH-040,TCH-00531,overworked_generalist,Basic Technology,SS2B,ROOM-SS2B,0,Tuesday,8:40,10:40,3,8:40,1.45
SCH-040-LSN-0024,SCH-040,TCH-00531,overworked_generalist,PHE,JSS2A,ROOM-JSS2A,1,Friday,8:40,10:40,3,8:40,1.46
SCH-040-LSN-0025,SCH-040,TCH-00531,overworked_generalist,Basic Technology,SS2B,WORKSHOP-01,1,Wednesday,11:40,13:40,3,11:40,1.43
SCH-040-LSN-0026,SCH-040,TCH-00531,overworked_generalist,Basic Technology,SS1B,ROOM-SS1B,0,Thursday,8:00,10:00,3,8:00,1.14
SCH-040-LSN-0027,SCH-040,TCH-00532,overworked_generalist,PHE,SS1A,ROOM-SS1A,1,Friday,8:40,11:20,4,8:40,1.2
SCH-040-LSN-0028,SCH-040,TCH-00532,overworked_generalist,Basic Technology,JSS1A,ROOM-JSS1A,0,Tuesday,10:40,13:40,4,10:40,1.5
SCH-040-LSN-0029,SCH-040,TCH-00532,overworked_generalist,Basic Technology,SS3A,ROOM-SS3A,0,Wednesday,9:20,12:20,4,9:20,1.45
SCH-040-LSN-0030,SCH-040,TCH-00532,overworked_generalist,Basic Technology,SS1A,ROOM-SS1A,0,Thursday,10:00,13:00,4,10:00,1.34
SCH-040-LSN-0031,SCH-040,TCH-00532,overworked_generalist,CRS,JSS1B,ROOM-JSS1B,1,Monday,8:40,11:20,4,8:40,1.44
SCH-040-LSN-0032,SCH-040,TCH-00532,overworked_generalist,Basic Technology,SS3A,ROOM-SS3A,0,Tuesday,8:00,10:40,4,8:00,1.28
SCH-040-LSN-0033,SCH-040,TCH-00533,nysc_corper,Civic Education,JSS3B,ROOM-JSS3B,1,Monday,13:00,13:40,1,13:00,4.5
SCH-040-LSN-0034,SCH-040,TCH-00533,nysc_corper,Civic Education,JSS1A,ROOM-JSS1A,1,Monday,13:40,14:20,1,13:40,4.5
SCH-040-LSN-0035,SCH-040,TCH-00534,overworked_generalist,Basic Technology,SS2A,ROOM-SS2A,0,Wednesday,8:40,11:20,4,8:40,1.49
SCH-040-LSN-0036,SCH-040,TCH-00534,overworked_generalist,Basic Technology,JSS2A,ROOM-JSS2A,0,Thursday,9:20,12:20,4,9:20,1.5
SCH-040-LSN-0037,SCH-040,TCH-00534,overworked_generalist,CRS,SS3B,ROOM-SS3B,1,Friday,8:40,11:20,4,8:40,1.46
SCH-040-LSN-0038,SCH-040,TCH-00534,overworked_generalist,CRS,SS2A,ROOM-SS2A,1,Tuesday,10:00,13:00,4,10:00,1.48
SCH-040-LSN-0039,SCH-040,TCH-00534,overworked_generalist,CRS,SS2B,ROOM-SS2B,1,Monday,11:40,14:20,4,11:40,1.44
SCH-040-LSN-0040,SCH-040,TCH-00534,overworked_generalist,Basic Technology,JSS1A,ROOM-JSS1A,0,Wednesday,11:40,14:20,4,11:40,1.18
SCH-040-LSN-0041,SCH-040,TCH-00535,overworked_generalist,Basic Technology,SS3A,WORKSHOP-01,1,Tuesday,10:40,14:20,5,10:40,1.27
SCH-040-LSN-0042,SCH-040,TCH-00535,overworked_generalist,Basic Technology,JSS2B,WORKSHOP-01,1,Monday,10:40,14:20,5,10:40,1.46
SCH-040-LSN-0043,SCH-040,TCH-00535,overworked_generalist,Basic Technology,JSS1B,ROOM-JSS1B,0,Wednesday,8:40,12:20,5,8:40,1.5
SCH-040-LSN-0044,SCH-040,TCH-00535,overworked_generalist,PHE,SS2A,ROOM-SS2A,1,Friday,8:40,12:20,5,8:40,1.42
SCH-040-LSN-0045,SCH-040,TCH-00535,overworked_generalist,Basic Technology,JSS1B,ROOM-JSS1B,0,Thursday,8:40,12:20,5,8:40,0.82
SCH-040-LSN-0046,SCH-040,TCH-00536,veteran_staff_room_boss,Biology,SS2B,SCI-LAB-01,1,Friday,8:40,10:00,2,8:40,4
SCH-040-LSN-0047,SCH-040,TCH-00536,veteran_staff_room_boss,Biology,SS2B,SCI-LAB-01,1,Friday,10:00,11:20,2,10:00,4
SCH-040-LSN-0048,SCH-040,TCH-00537,hustling_subject_specialist,Physics,SS2A,SCI-LAB-01,1,Tuesday,8:00,10:00,3,8:00,4
SCH-040-LSN-0049,SCH-040,TCH-00537,hustling_subject_specialist,Physics,SS2B,SCI-LAB-01,1,Thursday,10:00,12:20,3,10:00,4
SCH-040-LSN-0050,SCH-040,TCH-00537,hustling_subject_specialist,Economics,SS2B,ROOM-SS2B,1,Tuesday,10:40,13:00,3,10:40,4
SCH-040-LSN-0051,SCH-040,TCH-00537,hustling_subject_specialist,Economics,SS2A,ROOM-SS2A,1,Thursday,8:00,10:00,3,8:00,4
SCH-040-LSN-0052,SCH-040,TCH-00537,hustling_subject_specialist,Physics,SS2A,SCI-LAB-01,1,Thursday,12:20,14:20,3,12:20,-4
SCH-040-LSN-0053,SCH-040,TCH-00538,overworked_generalist,PHE,SS3A,ROOM-SS3A,1,Monday,11:40,13:40,3,11:40,1.38
SCH-040-LSN-0054,SCH-040,TCH-00538,overworked_generalist,Basic Technology,SS2B,ROOM-SS2B,0,Monday,8:00,10:00,3,8:00,1.48
SCH-040-LSN-0055,SCH-040,TCH-00538,overworked_generalist,Basic Technology,SS3A,ROOM-SS3A,0,Thursday,8:40,10:40,3,8:40,1.33
SCH-040-LSN-0056,SCH-040,TCH-00538,overworked_generalist,PHE,JSS3A,ROOM-JSS3A,1,Tuesday,8:00,10:00,3,8:00,1.38
SCH-040-LSN-0057,SCH-040,TCH-00538,overworked_generalist,PHE,SS1A,ROOM-SS1A,1,Tuesday,10:40,13:00,3,10:40,1.3
SCH-040-LSN-0058,SCH-040,TCH-00538,overworked_generalist,PHE,SS3A,ROOM-SS3A,1,Friday,10:00,12:20,3,10:00,1.38
SCH-040-LSN-0059,SCH-040,TCH-00539,veteran_staff_room_boss,Physics,SS3B,SCI-LAB-01,1,Tuesday,8:40,9:20,1,8:40,4
SCH-040-LSN-0060,SCH-040,TCH-00539,veteran_staff_room_boss,Biology,SS1B,SCI-LAB-01,1,Friday,8:40,9:20,1,8:40,4
SCH-040-LSN-0061,SCH-040,TCH-00539,veteran_staff_room_boss,Biology,SS1B,SCI-LAB-01,1,Friday,9:20,10:00,1,9:20,4
SCH-040-LSN-0062,SCH-040,TCH-00539,veteran_staff_room_boss,Physics,SS2B,SCI-LAB-01,1,Monday,10:00,10:40,1,10:00,4
SCH-040-LSN-0063,SCH-040,TCH-00539,veteran_staff_room_boss,Biology,SS1B,SCI-LAB-01,1,Friday,10:00,10:40,1,10:00,4
SCH-040-LSN-0064,SCH-040,TCH-00539,veteran_staff_room_boss,Biology,SS1A,SCI-LAB-01,1,Monday,8:00,8:40,1,8:00,0
SCH-040-LSN-0065,SCH-040,TCH-00540,hustling_subject_specialist,Further Mathematics,SS1A,ROOM-SS1A,1,Monday,8:40,10:00,2,8:40,4
SCH-040-LSN-0066,SCH-040,TCH-00540,hustling_subject_specialist,Further Mathematics,SS3B,ROOM-SS3B,1,Wednesday,8:00,9:20,2,8:00,4
SCH-040-LSN-0067,SCH-040,TCH-00540,hustling_subject_specialist,Further Mathematics,SS1B,ROOM-SS1B,1,Tuesday,8:00,9:20,2,8:00,4
SCH-041-LSN-0001,SCH-041,TCH-00541,veteran_staff_room_boss,Biology,SS3A,SCI-LAB-01,1,Monday,8:40,9:20,1,8:40,4
SCH-041-LSN-0002,SCH-041,TCH-00541,veteran_staff_room_boss,Biology,SS2A,SCI-LAB-01,1,Monday,9:20,10:00,1,9:20,4
SCH-041-LSN-0003,SCH-041,TCH-00542,overworked_generalist,PHE,JSS3A,ROOM-JSS3A,1,Tuesday,9:20,13:00,5,9:20,1.48
SCH-041-LSN-0004,SCH-041,TCH-00542,overworked_generalist,CRS,JSS1A,ROOM-JSS1A,1,Friday,8:40,12:20,5,8:40,1.37
SCH-041-LSN-0005,SCH-041,TCH-00542,overworked_generalist,Basic Technology,JSS1B,ROOM-JSS1B,0,Thursday,10:00,13:40,5,10:00,1.39
SCH-041-LSN-0006,SCH-041,TCH-00542,overworked_generalist,CRS,JSS3B,ROOM-JSS3B,1,Monday,8:00,11:20,5,8:00,1.34
SCH-041-LSN-0007,SCH-041,TCH-00542,overworked_generalist,Basic Technology,SS2A,ROOM-SS2A,0,Wednesday,10:40,14:20,5,10:40,1.42
SCH-041-LSN-0008,SCH-041,TCH-00543,hustling_subject_specialist,Economics,SS2A,ROOM-SS2A,1,Wednesday,8:00,10:00,3,8:00,4
SCH-041-LSN-0009,SCH-041,TCH-00543,hustling_subject_specialist,Economics,SS3A,ROOM-SS3A,1,Wednesday,10:00,12:20,3,10:00,4
SCH-041-LSN-0010,SCH-041,TCH-00543,hustling_subject_specialist,Economics,SS2B,ROOM-SS2B,1,Thursday,8:00,10:00,3,8:00,4
SCH-041-LSN-0011,SCH-041,TCH-00543,hustling_subject_specialist,Further Mathematics,SS2B,ROOM-SS2B,1,Thursday,10:00,12:20,3,10:00,4
SCH-041-LSN-0012,SCH-041,TCH-00543,hustling_subject_specialist,Economics,SS3A,ROOM-SS3A,1,Wednesday,12:20,14:20,3,12:20,-4
SCH-041-LSN-0013,SCH-041,TCH-00543,hustling_subject_specialist,Economics,SS1A,ROOM-SS1A,1,Thursday,12:20,14:20,3,12:20,-4
SCH-041-LSN-0014,SCH-041,TCH-00544,hustling_subject_specialist,Further Mathematics,SS1A,ROOM-SS1A,1,Wednesday,8:00,9:20,2,8:00,4
SCH-041-LSN-0015,SCH-041,TCH-00544,hustling_subject_specialist,Further Mathematics,SS1A,ROOM-SS1A,1,Wednesday,9:20,10:40,2,9:20,4
SCH-041-LSN-0016,SCH-041,TCH-00544,hustling_subject_specialist,Economics,SS1B,ROOM-SS1B,1,Wednesday,10:40,12:20,2,10:40,4
SCH-041-LSN-0017,SCH-041,TCH-00544,hustling_subject_specialist,Economics,SS2A,ROOM-SS2A,1,Thursday,8:00,9:20,2,8:00,4
SCH-041-LSN-0018,SCH-041,TCH-00544,hustling_subject_specialist,Economics,SS2A,ROOM-SS2A,1,Thursday,9:20,10:40,2,9:20,4
SCH-041-LSN-0019,SCH-041,TCH-00544,hustling_subject_specialist,Economics,SS3B,ROOM-SS3B,1,Thursday,10:40,12:20,2,10:40,4
SCH-041-LSN-0020,SCH-041,TCH-00545,hustling_subject_specialist,Physics,SS1A,SCI-LAB-01,1,Monday,10:00,12:20,3,10:00,4
SCH-041-LSN-0021,SCH-041,TCH-00545,hustling_subject_specialist,Physics,SS3A,SCI-LAB-01,1,Thursday,8:00,10:00,3,8:00,4
SCH-041-LSN-0022,SCH-041,TCH-00546,veteran_staff_room_boss,Physics,SS3B,SCI-LAB-01,1,Monday,10:00,10:40,1,10:00,4
SCH-041-LSN-0023,SCH-041,TCH-00546,veteran_staff_room_boss,Physics,SS3B,SCI-LAB-01,1,Tuesday,8:40,9:20,1,8:40,4
SCH-041-LSN-0024,SCH-041,TCH-00547,nysc_corper,Basic Science,JSS2A,ROOM-JSS2A,1,Monday,13:00,13:40,1,13:00,4.5
SCH-041-LSN-0025,SCH-041,TCH-00547,nysc_corper,Basic Science,JSS3B,ROOM-JSS3B,1,Monday,13:40,14:20,1,13:40,4.5
SCH-041-LSN-0026,SCH-041,TCH-00547,nysc_corper,Basic Science,JSS2B,ROOM-JSS2B,1,Wednesday,13:00,13:40,1,13:00,4.5
SCH-041-LSN-0027,SCH-041,TCH-00547,nysc_corper,Civic Education,JSS3B,ROOM-JSS3B,1,Wednesday,13:40,14:20,1,13:40,4.5
SCH-041-LSN-0028,SCH-041,TCH-00547,nysc_corper,Basic Science,JSS1B,ROOM-JSS1B,1,Thursday,13:40,14:20,1,13:40,4.5
SCH-041-LSN-0029,SCH-041,TCH-00547,nysc_corper,Civic Education,JSS2B,ROOM-JSS2B,1,Thursday,13:00,13:40,1,13:00,4.5
SCH-041-LSN-0030,SCH-041,TCH-00548,veteran_staff_room_boss,Physics,SS3A,SCI-LAB-01,1,Monday,10:00,10:40,1,10:00,4
SCH-041-LSN-0031,SCH-041,TCH-00548,veteran_staff_room_boss,Physics,SS3A,SCI-LAB-01,1,Tuesday,8:40,9:20,1,8:40,4
SCH-041-LSN-0032,SCH-041,TCH-00548,veteran_staff_room_boss,Physics,SS2B,SCI-LAB-01,1,Tuesday,9:20,10:00,1,9:20,4
SCH-041-LSN-0033,SCH-041,TCH-00548,veteran_staff_room_boss,Physics,SS2B,SCI-LAB-01,1,Tuesday,10:00,10:40,1,10:00,4
SCH-041-LSN-0034,SCH-041,TCH-00548,veteran_staff_room_boss,Physics,SS3B,SCI-LAB-01,1,Wednesday,8:40,9:20,1,8:40,4
SCH-041-LSN-0035,SCH-041,TCH-00548,veteran_staff_room_boss,Biology,SS3A,SCI-LAB-01,1,Wednesday,9:20,10:00,1,9:20,4
SCH-041-LSN-0036,SCH-041,TCH-00548,veteran_staff_room_boss,Biology,SS1B,SCI-LAB-01,1,Wednesday,10:00,10:40,1,10:00,4
SCH-041-LSN-0037,SCH-041,TCH-00548,veteran_staff_room_boss,Biology,SS1B,SCI-LAB-01,1,Thursday,10:00,10:40,1,10:00,4
SCH-041-LSN-0038,SCH-041,TCH-00549,nysc_corper,Basic Science,JSS3B,ROOM-JSS3B,1,Monday,13:00,13:40,1,13:00,4.5
SCH-041-LSN-0039,SCH-041,TCH-00549,nysc_corper,Basic Science,JSS3A,ROOM-JSS3A,1,Monday,13:40,14:20,1,13:40,4.5
SCH-041-LSN-0040,SCH-041,TCH-00549,nysc_corper,Civic Education,JSS3A,ROOM-JSS3A,1,Tuesday,13:00,13:40,1,13:00,4.5
SCH-041-LSN-0041,SCH-041,TCH-00549,nysc_corper,Basic Science,JSS2A,ROOM-JSS2A,1,Tuesday,13:40,14:20,1,13:40,4.5
SCH-041-LSN-0042,SCH-041,TCH-00550,overworked_generalist,PHE,JSS1B,ROOM-JSS1B,1,Tuesday,10:00,12:20,3,10:00,1.48
SCH-041-LSN-0043,SCH-041,TCH-00550,overworked_generalist,CRS,SS1A,ROOM-SS1A,1,Wednesday,12:20,14:20,3,12:20,1.44
SCH-041-LSN-0044,SCH-041,TCH-00550,overworked_generalist,CRS,JSS1B,ROOM-JSS1B,1,Friday,8:00,10:00,3,8:00,1.48
SCH-041-LSN-0045,SCH-041,TCH-00550,overworked_generalist,CRS,SS3B,ROOM-SS3B,1,Wednesday,9:20,11:20,3,9:20,1.26
SCH-041-LSN-0046,SCH-041,TCH-00550,overworked_generalist,CRS,SS1B,ROOM-SS1B,1,Monday,8:40,10:40,3,8:40,1.5
SCH-041-LSN-0047,SCH-041,TCH-00550,overworked_generalist,CRS,JSS2B,ROOM-JSS2B,1,Monday,11:40,13:40,3,11:40,1.48
SCH-041-LSN-0048,SCH-041,TCH-00550,overworked_generalist,CRS,SS3A,ROOM-SS3A,1,Thursday,10:00,12:20,3,10:00,1.41
SCH-041-LSN-0049,SCH-041,TCH-00550,overworked_generalist,CRS,SS1B,ROOM-SS1B,1,Tuesday,12:20,14:20,3,12:20,1.4
SCH-041-LSN-0050,SCH-041,TCH-00550,overworked_generalist,Basic Technology,SS3A,ROOM-SS3A,0,Thursday,12:20,14:20,3,12:20,0.82
SCH-041-LSN-0051,SCH-041,TCH-00550,overworked_generalist,Basic Technology,JSS1B,ROOM-JSS1B,0,Tuesday,8:00,10:00,3,8:00,1.43
SCH-041-LSN-0052,SCH-041,TCH-00550,overworked_generalist,Basic Technology,JSS3A,ROOM-JSS3A,0,Friday,10:00,12:20,3,10:00,0.53
SCH-041-LSN-0053,SCH-041,TCH-00550,overworked_generalist,CRS,SS1A,ROOM-SS1A,1,Thursday,8:00,10:00,3,8:00,1.05
SCH-041-LSN-0054,SCH-041,TCH-00551,overworked_generalist,PHE,JSS3B,ROOM-JSS3B,1,Thursday,8:40,11:20,4,8:40,1.45
SCH-041-LSN-0055,SCH-041,TCH-00551,overworked_generalist,CRS,SS1A,ROOM-SS1A,1,Tuesday,9:20,12:20,4,9:20,1.29
SCH-041-LSN-0056,SCH-041,TCH-00551,overworked_generalist,CRS,JSS3B,ROOM-JSS3B,1,Friday,9:20,12:20,4,9:20,1.33
SCH-041-LSN-0057,SCH-041,TCH-00551,overworked_generalist,Basic Technology,JSS2B,ROOM-JSS2B,0,Wednesday,9:20,12:20,4,9:20,1.48
SCH-041-LSN-0058,SCH-041,TCH-00551,overworked_generalist,Basic Technology,SS1B,ROOM-SS1B,0,Monday,10:40,13:40,4,10:40,1.25
SCH-041-LSN-0059,SCH-041,TCH-00551,overworked_generalist,CRS,JSS1A,ROOM-JSS1A,1,Monday,8:00,10:40,4,8:00,1.42
SCH-041-LSN-0060,SCH-041,TCH-00552,veteran_staff_room_boss,Biology,SS2B,SCI-LAB-01,1,Monday,8:40,10:00,2,8:40,4
SCH-041-LSN-0061,SCH-041,TCH-00552,veteran_staff_room_boss,Biology,SS1A,SCI-LAB-01,1,Thursday,10:00,11:20,2,10:00,4
SCH-041-LSN-0062,SCH-041,TCH-00552,veteran_staff_room_boss,Biology,SS1B,SCI-LAB-01,1,Friday,8:40,10:00,2,8:40,4
SCH-041-LSN-0063,SCH-041,TCH-00552,veteran_staff_room_boss,Biology,SS1A,SCI-LAB-01,1,Friday,10:00,11:20,2,10:00,4
SCH-041-LSN-0064,SCH-041,TCH-00553,veteran_staff_room_boss,Physics,SS2A,SCI-LAB-01,1,Monday,10:00,10:40,1,10:00,4
SCH-041-LSN-0065,SCH-041,TCH-00553,veteran_staff_room_boss,Physics,SS1B,SCI-LAB-01,1,Tuesday,8:40,9:20,1,8:40,4
SCH-041-LSN-0066,SCH-041,TCH-00553,veteran_staff_room_boss,Biology,SS3A,SCI-LAB-01,1,Friday,8:40,9:20,1,8:40,4
SCH-041-LSN-0067,SCH-041,TCH-00553,veteran_staff_room_boss,Biology,SS2A,SCI-LAB-01,1,Wednesday,10:00,10:40,1,10:00,4
SCH-041-LSN-0068,SCH-041,TCH-00553,veteran_staff_room_boss,Biology,SS3A,SCI-LAB-01,1,Friday,9:20,10:00,1,9:20,4
SCH-041-LSN-0069,SCH-041,TCH-00553,veteran_staff_room_boss,Biology,SS1B,SCI-LAB-01,1,Friday,10:00,10:40,1,10:00,4
SCH-041-LSN-0070,SCH-041,TCH-00554,overworked_generalist,PHE,SS1B,ROOM-SS1B,1,Thursday,10:40,13:00,3,10:40,1.4
SCH-041-LSN-0071,SCH-041,TCH-00554,overworked_generalist,CRS,SS2A,ROOM-SS2A,1,Tuesday,10:00,12:20,3,10:00,1.24
SCH-041-LSN-0072,SCH-041,TCH-00554,overworked_generalist,PHE,JSS2A,ROOM-JSS2A,1,Wednesday,10:40,13:00,3,10:40,1.37
SCH-041-LSN-0073,SCH-041,TCH-00554,overworked_generalist,PHE,SS1A,ROOM-SS1A,1,Monday,8:00,10:00,3,8:00,1.26
SCH-041-LSN-0074,SCH-041,TCH-00555,veteran_staff_room_boss,Biology,SS3A,SCI-LAB-01,1,Friday,10:00,11:20,2,10:00,4
SCH-041-LSN-0075,SCH-041,TCH-00555,veteran_staff_room_boss,Further Mathematics,SS1A,ROOM-SS1A,1,Tuesday,8:00,9:20,2,8:00,0
SCH-041-LSN-0076,SCH-041,TCH-00555,veteran_staff_room_boss,Further Mathematics,SS1B,ROOM-SS1B,1,Tuesday,9:20,10:40,2,9:20,4
SCH-041-LSN-0077,SCH-041,TCH-00555,veteran_staff_room_boss,Biology,SS3A,SCI-LAB-01,1,Tuesday,10:40,12:20,2,10:40,0
SCH-041-LSN-0078,SCH-041,TCH-00555,veteran_staff_room_boss,Further Mathematics,SS2B,ROOM-SS2B,1,Monday,10:00,11:20,2,10:00,4
SCH-041-LSN-0079,SCH-041,TCH-00555,veteran_staff_room_boss,Further Mathematics,SS2B,ROOM-SS2B,1,Wednesday,8:40,10:00,2,8:40,4
SCH-041-LSN-0080,SCH-041,TCH-00556,hustling_subject_specialist,Economics,SS3B,ROOM-SS3B,1,Tuesday,9:20,11:20,3,9:20,4
SCH-041-LSN-0081,SCH-041,TCH-00556,hustling_subject_specialist,Economics,SS2A,ROOM-SS2A,1,Thursday,10:40,13:00,3,10:40,4
SCH-041-LSN-0082,SCH-041,TCH-00556,hustling_subject_specialist,Further Mathematics,SS3B,ROOM-SS3B,1,Thursday,8:00,10:00,3,8:00,4
SCH-041-LSN-0083,SCH-041,TCH-00556,hustling_subject_specialist,Further Mathematics,SS2A,ROOM-SS2A,1,Tuesday,12:20,14:20,3,12:20,-4
SCH-042-LSN-0001,SCH-042,TCH-00557,hustling_subject_specialist,Economics,SS2B,ROOM-SS2B,1,Monday,8:00,10:00,3,8:00,4
SCH-042-LSN-0002,SCH-042,TCH-00557,hustling_subject_specialist,Economics,SS2B,ROOM-SS2B,1,Monday,10:00,12:20,3,10:00,4
SCH-042-LSN-0003,SCH-042,TCH-00557,hustling_subject_specialist,Economics,SS1B,ROOM-SS1B,1,Thursday,8:00,10:00,3,8:00,4
SCH-042-LSN-0004,SCH-042,TCH-00558,hustling_subject_specialist,Economics,SS2B,ROOM-SS2B,1,Tuesday,8:00,9:20,2,8:00,4
SCH-042-LSN-0005,SCH-042,TCH-00558,hustling_subject_specialist,Economics,SS3B,ROOM-SS3B,1,Monday,8:00,9:20,2,8:00,4
SCH-042-LSN-0006,SCH-042,TCH-00558,hustling_subject_specialist,Physics,SS3B,SCI-LAB-01,1,Monday,9:20,10:40,2,9:20,4
SCH-042-LSN-0007,SCH-042,TCH-00558,hustling_subject_specialist,Physics,SS1A,SCI-LAB-01,1,Monday,10:40,12:20,2,10:40,4
SCH-042-LSN-0008,SCH-042,TCH-00558,hustling_subject_specialist,Economics,SS2B,ROOM-SS2B,1,Tuesday,9:20,10:40,2,9:20,4
SCH-042-LSN-0009,SCH-042,TCH-00558,hustling_subject_specialist,Physics,SS2A,SCI-LAB-01,1,Tuesday,10:40,12:20,2,10:40,4
SCH-042-LSN-0010,SCH-042,TCH-00558,hustling_subject_specialist,Economics,SS3A,ROOM-SS3A,1,Monday,12:20,13:40,2,12:20,-4
SCH-042-LSN-0011,SCH-042,TCH-00558,hustling_subject_specialist,Physics,SS2B,SCI-LAB-01,1,Tuesday,12:20,13:40,2,12:20,-4
SCH-042-LSN-0012,SCH-042,TCH-00559,hustling_subject_specialist,Physics,SS1B,SCI-LAB-01,1,Monday,8:00,9:20,2,8:00,4
SCH-042-LSN-0013,SCH-042,TCH-00559,hustling_subject_specialist,Physics,SS1A,SCI-LAB-01,1,Monday,9:20,10:40,2,9:20,4
SCH-042-LSN-0014,SCH-042,TCH-00559,hustling_subject_specialist,Economics,SS1B,ROOM-SS1B,1,Monday,10:40,12:20,2,10:40,4
SCH-042-LSN-0015,SCH-042,TCH-00559,hustling_subject_specialist,Economics,SS3A,ROOM-SS3A,1,Thursday,8:00,9:20,2,8:00,4
SCH-042-LSN-0016,SCH-042,TCH-00559,hustling_subject_specialist,Physics,SS2A,SCI-LAB-01,1,Thursday,9:20,10:40,2,9:20,4
SCH-042-LSN-0017,SCH-042,TCH-00559,hustling_subject_specialist,Economics,SS2B,ROOM-SS2B,1,Thursday,10:40,12:20,2,10:40,4
SCH-042-LSN-0018,SCH-042,TCH-00560,veteran_staff_room_boss,Biology,SS2B,SCI-LAB-01,1,Wednesday,8:40,9:20,1,8:40,4
SCH-042-LSN-0019,SCH-042,TCH-00560,veteran_staff_room_boss,Biology,SS1B,SCI-LAB-01,1,Tuesday,8:40,9:20,1,8:40,4
SCH-042-LSN-0020,SCH-042,TCH-00560,veteran_staff_room_boss,Physics,SS3A,SCI-LAB-01,1,Monday,8:40,9:20,1,8:40,4
SCH-042-LSN-0021,SCH-042,TCH-00560,veteran_staff_room_boss,Physics,SS1A,SCI-LAB-01,1,Tuesday,9:20,10:00,1,9:20,4
SCH-042-LSN-0022,SCH-042,TCH-00560,veteran_staff_room_boss,Physics,SS3A,SCI-LAB-01,1,Monday,9:20,10:00,1,9:20,4
SCH-042-LSN-0023,SCH-042,TCH-00560,veteran_staff_room_boss,Biology,SS3A,SCI-LAB-01,1,Tuesday,10:00,10:40,1,10:00,4
SCH-042-LSN-0024,SCH-042,TCH-00560,veteran_staff_room_boss,Physics,SS2A,SCI-LAB-01,1,Monday,10:00,10:40,1,10:00,4
SCH-042-LSN-0025,SCH-042,TCH-00560,veteran_staff_room_boss,Physics,SS3A,SCI-LAB-01,1,Wednesday,9:20,10:00,1,9:20,4
SCH-042-LSN-0026,SCH-042,TCH-00561,hustling_subject_specialist,Economics,SS1B,ROOM-SS1B,1,Tuesday,9:20,11:20,3,9:20,4
SCH-042-LSN-0027,SCH-042,TCH-00561,hustling_subject_specialist,Economics,SS1A,ROOM-SS1A,1,Wednesday,8:00,10:00,3,8:00,4
SCH-042-LSN-0028,SCH-042,TCH-00561,hustling_subject_specialist,Economics,SS2B,ROOM-SS2B,1,Wednesday,10:00,12:20,3,10:00,4
SCH-042-LSN-0029,SCH-042,TCH-00561,hustling_subject_specialist,Economics,SS1B,ROOM-SS1B,1,Tuesday,11:40,13:40,3,11:40,0
SCH-042-LSN-0030,SCH-042,TCH-00561,hustling_subject_specialist,Physics,SS3A,SCI-LAB-01,1,Wednesday,12:20,14:20,3,12:20,-4
SCH-042-LSN-0031,SCH-042,TCH-00562,nysc_corper,Civic Education,JSS1A,ROOM-JSS1A,1,Monday,13:00,13:40,1,13:00,4.5
SCH-042-LSN-0032,SCH-042,TCH-00562,nysc_corper,Civic Education,JSS2A,ROOM-JSS2A,1,Monday,13:40,14:20,1,13:40,4.5
SCH-042-LSN-0033,SCH-042,TCH-00563,nysc_corper,Basic Science,JSS2B,ROOM-JSS2B,1,Tuesday,13:00,13:40,1,13:00,4.5
SCH-042-LSN-0034,SCH-042,TCH-00563,nysc_corper,Basic Science,JSS3B,ROOM-JSS3B,1,Tuesday,13:40,14:20,1,13:40,4.5
SCH-042-LSN-0035,SCH-042,TCH-00563,nysc_corper,Basic Science,JSS3B,ROOM-JSS3B,1,Wednesday,13:00,13:40,1,13:00,4.5
SCH-042-LSN-0036,SCH-042,TCH-00563,nysc_corper,Basic Science,JSS3B,ROOM-JSS3B,1,Wednesday,13:40,14:20,1,13:40,4.5
SCH-042-LSN-0037,SCH-042,TCH-00564,veteran_staff_room_boss,Chemistry,SS1A,SCI-LAB-01,1,Wednesday,10:00,10:40,1,10:00,4
SCH-042-LSN-0038,SCH-042,TCH-00564,veteran_staff_room_boss,Biology,SS3B,SCI-LAB-01,1,Tuesday,8:40,9:20,1,8:40,4
SCH-042-LSN-0039,SCH-042,TCH-00564,veteran_staff_room_boss,Biology,SS3B,SCI-LAB-01,1,Tuesday,10:00,10:40,1,10:00,4
SCH-042-LSN-0040,SCH-042,TCH-00564,veteran_staff_room_boss,Chemistry,SS1B,SCI-LAB-01,1,Friday,8:40,9:20,1,8:40,4
SCH-042-LSN-0041,SCH-042,TCH-00564,veteran_staff_room_boss,Chemistry,SS3B,SCI-LAB-01,1,Thursday,8:40,9:20,1,8:40,4
SCH-042-LSN-0042,SCH-042,TCH-00564,veteran_staff_room_boss,Chemistry,SS2A,SCI-LAB-01,1,Friday,9:20,10:00,1,9:20,4
SCH-042-LSN-0043,SCH-042,TCH-00564,veteran_staff_room_boss,Biology,SS2B,SCI-LAB-01,1,Friday,10:00,10:40,1,10:00,4
SCH-042-LSN-0044,SCH-042,TCH-00564,veteran_staff_room_boss,Biology,SS3A,SCI-LAB-01,1,Wednesday,8:00,8:40,1,8:00,0
SCH-042-LSN-0045,SCH-042,TCH-00565,overworked_generalist,PHE,SS1B,ROOM-SS1B,1,Wednesday,8:00,10:40,4,8:00,1.43
SCH-042-LSN-0046,SCH-042,TCH-00565,overworked_generalist,Basic Technology,SS2B,WORKSHOP-01,1,Thursday,8:00,10:40,4,8:00,0.7
SCH-042-LSN-0047,SCH-042,TCH-00565,overworked_generalist,CRS,JSS3A,ROOM-JSS3A,1,Thursday,11:40,14:20,4,11:40,1.44
SCH-042-LSN-0048,SCH-042,TCH-00565,overworked_generalist,Basic Technology,JSS1B,ROOM-JSS1B,0,Tuesday,10:40,13:40,4,10:40,1.47
SCH-042-LSN-0049,SCH-042,TCH-00565,overworked_generalist,Basic Technology,SS3B,ROOM-SS3B,0,Monday,11:40,14:20,4,11:40,1.31
SCH-042-LSN-0050,SCH-042,TCH-00565,overworked_generalist,Basic Technology,JSS3B,ROOM-JSS3B,0,Friday,9:20,12:20,4,9:20,1.44
SCH-042-LSN-0051,SCH-042,TCH-00565,overworked_generalist,Basic Technology,JSS2B,ROOM-JSS2B,0,Wednesday,10:40,13:40,4,10:40,1.4
SCH-042-LSN-0052,SCH-042,TCH-00565,overworked_generalist,Basic Technology,JSS1A,ROOM-JSS1A,0,Monday,8:00,10:40,4,8:00,1.29
SCH-042-LSN-0053,SCH-042,TCH-00566,nysc_corper,Civic Education,JSS3B,ROOM-JSS3B,1,Tuesday,13:00,13:40,1,13:00,4.5
SCH-042-LSN-0054,SCH-042,TCH-00566,nysc_corper,Basic Science,JSS1B,ROOM-JSS1B,1,Tuesday,13:40,14:20,1,13:40,4.5
SCH-042-LSN-0055,SCH-042,TCH-00566,nysc_corper,Civic Education,JSS2B,ROOM-JSS2B,1,Wednesday,13:40,14:20,1,13:40,4.5
SCH-042-LSN-0056,SCH-042,TCH-00566,nysc_corper,Basic Science,JSS2B,ROOM-JSS2B,1,Thursday,13:00,13:40,1,13:00,4.5
SCH-042-LSN-0057,SCH-042,TCH-00566,nysc_corper,Basic Science,JSS1B,ROOM-JSS1B,1,Wednesday,13:00,13:40,1,13:00,4.5
SCH-042-LSN-0058,SCH-042,TCH-00566,nysc_corper,Basic Science,JSS2A,ROOM-JSS2A,1,Thursday,13:40,14:20,1,13:40,4.5
SCH-042-LSN-0059,SCH-042,TCH-00566,nysc_corper,Civic Education,JSS2B,ROOM-JSS2B,1,Tuesday,8:00,8:40,1,8:00,0
SCH-042-LSN-0060,SCH-042,TCH-00566,nysc_corper,Basic Science,JSS2B,ROOM-JSS2B,1,Tuesday,8:40,9:20,1,8:40,0
SCH-042-LSN-0061,SCH-042,TCH-00567,overworked_generalist,PHE,SS1A,ROOM-SS1A,1,Thursday,10:00,13:40,5,10:00,1.4
SCH-042-LSN-0062,SCH-042,TCH-00567,overworked_generalist,CRS,JSS1B,ROOM-JSS1B,1,Monday,9:20,13:00,5,9:20,1.15
SCH-042-LSN-0063,SCH-042,TCH-00567,overworked_generalist,PHE,JSS1B,ROOM-JSS1B,1,Wednesday,8:40,12:20,5,8:40,1.44
SCH-042-LSN-0064,SCH-042,TCH-00567,overworked_generalist,CRS,JSS3B,ROOM-JSS3B,1,Tuesday,8:40,12:20,5,8:40,1.3
SCH-042-LSN-0065,SCH-042,TCH-00567,overworked_generalist,Basic Technology,SS3B,ROOM-SS3B,0,Friday,8:00,11:20,5,8:00,0.78
SCH-042-LSN-0066,SCH-042,TCH-00568,overworked_generalist,CRS,SS1B,ROOM-SS1B,1,Thursday,10:40,14:20,5,10:40,1.39
SCH-042-LSN-0067,SCH-042,TCH-00568,overworked_generalist,CRS,JSS1B,ROOM-JSS1B,1,Friday,8:40,12:20,5,8:40,1.3
SCH-042-LSN-0068,SCH-042,TCH-00568,overworked_generalist,Basic Technology,JSS3A,ROOM-JSS3A,0,Wednesday,9:20,13:00,5,9:20,1.46
SCH-042-LSN-0069,SCH-042,TCH-00568,overworked_generalist,Basic Technology,JSS2B,ROOM-JSS2B,0,Monday,9:20,13:00,5,9:20,1.34
SCH-042-LSN-0070,SCH-042,TCH-00568,overworked_generalist,PHE,SS1A,ROOM-SS1A,1,Tuesday,10:00,13:40,5,10:00,0.96
SCH-042-LSN-0071,SCH-042,TCH-00569,hustling_subject_specialist,Further Mathematics,SS1A,ROOM-SS1A,1,Monday,8:00,9:20,2,8:00,4
SCH-042-LSN-0072,SCH-042,TCH-00569,hustling_subject_specialist,Physics,SS1B,SCI-LAB-01,1,Monday,9:20,10:40,2,9:20,4
SCH-042-LSN-0073,SCH-042,TCH-00569,hustling_subject_specialist,Further Mathematics,SS2B,ROOM-SS2B,1,Tuesday,10:40,12:20,2,10:40,4
SCH-042-LSN-0074,SCH-042,TCH-00569,hustling_subject_specialist,Further Mathematics,SS3B,ROOM-SS3B,1,Wednesday,8:00,9:20,2,8:00,4
SCH-042-LSN-0075,SCH-042,TCH-00569,hustling_subject_specialist,Physics,SS1B,SCI-LAB-01,1,Wednesday,10:40,12:20,2,10:40,4
SCH-042-LSN-0076,SCH-042,TCH-00569,hustling_subject_specialist,Further Mathematics,SS2A,ROOM-SS2A,1,Monday,10:40,12:20,2,10:40,4
SCH-042-LSN-0077,SCH-042,TCH-00570,veteran_staff_room_boss,Chemistry,SS2B,SCI-LAB-01,1,Friday,8:40,10:00,2,8:40,4
SCH-042-LSN-0078,SCH-042,TCH-00570,veteran_staff_room_boss,Further Mathematics,SS3B,ROOM-SS3B,1,Wednesday,9:20,10:40,2,9:20,4
SCH-042-LSN-0079,SCH-042,TCH-00570,veteran_staff_room_boss,Further Mathematics,SS3B,ROOM-SS3B,1,Thursday,9:20,10:40,2,9:20,4
SCH-042-LSN-0080,SCH-042,TCH-00570,veteran_staff_room_boss,Chemistry,SS1B,SCI-LAB-01,1,Friday,10:40,12:20,2,10:40,0
SCH-042-LSN-0081,SCH-042,TCH-00570,veteran_staff_room_boss,Chemistry,SS2B,SCI-LAB-01,1,Monday,12:20,13:40,2,12:20,-5
SCH-042-LSN-0082,SCH-042,TCH-00570,veteran_staff_room_boss,Chemistry,SS3A,SCI-LAB-01,1,Thursday,10:40,12:20,2,10:40,0
SCH-042-LSN-0083,SCH-042,TCH-00570,veteran_staff_room_boss,Chemistry,SS2B,SCI-LAB-01,1,Thursday,12:20,13:40,2,12:20,-5
SCH-042-LSN-0084,SCH-042,TCH-00571,hustling_subject_specialist,Physics,SS3A,SCI-LAB-01,1,Monday,10:00,12:20,3,10:00,4
SCH-042-LSN-0085,SCH-042,TCH-00571,hustling_subject_specialist,Physics,SS2B,SCI-LAB-01,1,Wednesday,12:20,14:20,3,12:20,-4
SCH-043-LSN-0001,SCH-043,TCH-00572,nysc_corper,Basic Science,JSS1B,ROOM-JSS1B,1,Tuesday,13:00,13:40,1,13:00,4.5
SCH-043-LSN-0002,SCH-043,TCH-00572,nysc_corper,Basic Science,JSS2B,ROOM-JSS2B,1,Tuesday,13:40,14:20,1,13:40,4.5
SCH-043-LSN-0003,SCH-043,TCH-00572,nysc_corper,Basic Science,JSS3B,ROOM-JSS3B,1,Wednesday,13:00,13:40,1,13:00,4.5
SCH-043-LSN-0004,SCH-043,TCH-00573,nysc_corper,Civic Education,JSS3A,ROOM-JSS3A,1,Monday,13:00,13:40,1,13:00,4.5
SCH-043-LSN-0005,SCH-043,TCH-00573,nysc_corper,Civic Education,JSS1A,ROOM-JSS1A,1,Monday,13:40,14:20,1,13:40,4.5
SCH-043-LSN-0006,SCH-043,TCH-00574,overworked_generalist,CRS,JSS2B,ROOM-JSS2B,1,Tuesday,8:00,11:20,5,8:00,1.49
SCH-043-LSN-0007,SCH-043,TCH-00574,overworked_generalist,CRS,JSS2B,ROOM-JSS2B,1,Thursday,10:00,13:40,5,10:00,1.41
SCH-043-LSN-0008,SCH-043,TCH-00574,overworked_generalist,PHE,JSS2A,ROOM-JSS2A,1,Friday,8:00,11:20,5,8:00,1.48
SCH-043-LSN-0009,SCH-043,TCH-00574,overworked_generalist,Basic Technology,JSS2B,ROOM-JSS2B,0,Monday,10:40,14:20,5,10:40,1.41
SCH-043-LSN-0010,SCH-043,TCH-00574,overworked_generalist,Basic Technology,SS1A,ROOM-SS1A,0,Wednesday,8:40,12:20,5,8:40,1.25
SCH-043-LSN-0011,SCH-043,TCH-00575,overworked_generalist,PHE,SS1A,ROOM-SS1A,1,Monday,10:40,13:00,3,10:40,1.49
SCH-043-LSN-0012,SCH-043,TCH-00575,overworked_generalist,PHE,JSS1B,ROOM-JSS1B,1,Wednesday,10:40,13:00,3,10:40,1.42
SCH-043-LSN-0013,SCH-043,TCH-00575,overworked_generalist,PHE,JSS3A,ROOM-JSS3A,1,Friday,9:20,11:20,3,9:20,1.5
SCH-043-LSN-0014,SCH-043,TCH-00575,overworked_generalist,PHE,SS1A,ROOM-SS1A,1,Tuesday,11:40,13:40,3,11:40,1.48
SCH-043-LSN-0015,SCH-043,TCH-00576,overworked_generalist,CRS,JSS3B,ROOM-JSS3B,1,Tuesday,10:40,14:20,5,10:40,1.49
SCH-043-LSN-0016,SCH-043,TCH-00576,overworked_generalist,Basic Technology,JSS3A,ROOM-JSS3A,0,Thursday,10:40,14:20,5,10:40,1.48
SCH-043-LSN-0017,SCH-043,TCH-00576,overworked_generalist,CRS,JSS1B,ROOM-JSS1B,1,Friday,8:40,12:20,5,8:40,1.48
SCH-043-LSN-0018,SCH-043,TCH-00576,overworked_generalist,CRS,JSS2A,ROOM-JSS2A,1,Wednesday,10:40,14:20,5,10:40,1.4
SCH-043-LSN-0019,SCH-043,TCH-00576,overworked_generalist,CRS,SS2B,ROOM-SS2B,1,Monday,9:20,13:00,5,9:20,1.36
SCH-043-LSN-0020,SCH-043,TCH-00577,nysc_corper,Civic Education,JSS1B,ROOM-JSS1B,1,Monday,13:00,13:40,1,13:00,4.5
SCH-043-LSN-0021,SCH-043,TCH-00577,nysc_corper,Civic Education,JSS2B,ROOM-JSS2B,1,Tuesday,13:00,13:40,1,13:00,4.5
SCH-043-LSN-0022,SCH-043,TCH-00578,nysc_corper,Basic Science,JSS1B,ROOM-JSS1B,1,Monday,13:40,14:20,1,13:40,4.5
SCH-043-LSN-0023,SCH-043,TCH-00578,nysc_corper,Civic Education,JSS3B,ROOM-JSS3B,1,Monday,13:00,13:40,1,13:00,4.5
SCH-043-LSN-0024,SCH-043,TCH-00578,nysc_corper,Civic Education,JSS2B,ROOM-JSS2B,1,Wednesday,13:00,13:40,1,13:00,4.5
SCH-043-LSN-0025,SCH-043,TCH-00578,nysc_corper,Basic Science,JSS1A,ROOM-JSS1A,1,Tuesday,13:00,13:40,1,13:00,4.5
SCH-043-LSN-0026,SCH-043,TCH-00578,nysc_corper,Civic Education,JSS1B,ROOM-JSS1B,1,Tuesday,13:40,14:20,1,13:40,4.5
SCH-043-LSN-0027,SCH-043,TCH-00578,nysc_corper,Civic Education,JSS3B,ROOM-JSS3B,1,Wednesday,13:40,14:20,1,13:40,4.5
SCH-043-LSN-0028,SCH-043,TCH-00578,nysc_corper,Basic Science,JSS1B,ROOM-JSS1B,1,Monday,8:00,8:40,1,8:00,0
SCH-043-LSN-0029,SCH-043,TCH-00578,nysc_corper,Civic Education,JSS1B,ROOM-JSS1B,1,Monday,8:40,9:20,1,8:40,0
SCH-043-LSN-0030,SCH-043,TCH-00579,hustling_subject_specialist,Economics,SS3B,ROOM-SS3B,1,Monday,8:00,9:20,2,8:00,4
SCH-043-LSN-0031,SCH-043,TCH-00579,hustling_subject_specialist,Economics,SS1B,ROOM-SS1B,1,Monday,9:20,10:40,2,9:20,4
SCH-043-LSN-0032,SCH-043,TCH-00579,hustling_subject_specialist,Economics,SS3B,ROOM-SS3B,1,Monday,10:40,12:20,2,10:40,4
SCH-043-LSN-0033,SCH-043,TCH-00579,hustling_subject_specialist,Economics,SS2A,ROOM-SS2A,1,Wednesday,8:00,9:20,2,8:00,4
SCH-043-LSN-0034,SCH-043,TCH-00580,nysc_corper,Basic Science,JSS1A,ROOM-JSS1A,1,Monday,13:00,13:40,1,13:00,4.5
SCH-043-LSN-0035,SCH-043,TCH-00580,nysc_corper,Basic Science,JSS1B,ROOM-JSS1B,1,Thursday,13:00,13:40,1,13:00,4.5
SCH-043-LSN-0036,SCH-043,TCH-00580,nysc_corper,Civic Education,JSS3B,ROOM-JSS3B,1,Monday,13:40,14:20,1,13:40,4.5
SCH-043-LSN-0037,SCH-043,TCH-00580,nysc_corper,Basic Science,JSS1A,ROOM-JSS1A,1,Tuesday,13:40,14:20,1,13:40,4.5
SCH-043-LSN-0038,SCH-043,TCH-00580,nysc_corper,Civic Education,JSS3B,ROOM-JSS3B,1,Thursday,13:40,14:20,1,13:40,4.5
SCH-043-LSN-0039,SCH-043,TCH-00580,nysc_corper,Basic Science,JSS2B,ROOM-JSS2B,1,Monday,8:00,8:40,1,8:00,0
SCH-043-LSN-0040,SCH-043,TCH-00580,nysc_corper,Basic Science,JSS3B,ROOM-JSS3B,1,Monday,8:40,9:20,1,8:40,0
SCH-043-LSN-0041,SCH-043,TCH-00580,nysc_corper,Civic Education,JSS3B,ROOM-JSS3B,1,Monday,9:20,10:00,1,9:20,0
SCH-043-LSN-0042,SCH-043,TCH-00581,nysc_corper,Civic Education,JSS3B,ROOM-JSS3B,1,Thursday,13:00,13:40,1,13:00,4.5
SCH-043-LSN-0043,SCH-043,TCH-00581,nysc_corper,Civic Education,JSS2A,ROOM-JSS2A,1,Monday,13:00,13:40,1,13:00,4.5
SCH-043-LSN-0044,SCH-043,TCH-00581,nysc_corper,Basic Science,JSS2B,ROOM-JSS2B,1,Thursday,13:40,14:20,1,13:40,4.5
SCH-043-LSN-0045,SCH-043,TCH-00581,nysc_corper,Basic Science,JSS3B,ROOM-JSS3B,1,Monday,8:00,8:40,1,8:00,0
SCH-043-LSN-0046,SCH-043,TCH-00581,nysc_corper,Civic Education,JSS3B,ROOM-JSS3B,1,Monday,10:00,10:40,1,10:00,0
SCH-043-LSN-0047,SCH-043,TCH-00581,nysc_corper,Basic Science,JSS2A,ROOM-JSS2A,1,Monday,13:40,14:20,1,13:40,4.5
SCH-043-LSN-0048,SCH-043,TCH-00582,overworked_generalist,CRS,JSS1B,ROOM-JSS1B,1,Thursday,9:20,11:20,3,9:20,1.49
SCH-043-LSN-0049,SCH-043,TCH-00582,overworked_generalist,CRS,SS1A,ROOM-SS1A,1,Monday,8:40,10:40,3,8:40,1.47
SCH-043-LSN-0050,SCH-043,TCH-00582,overworked_generalist,Basic Technology,SS3A,ROOM-SS3A,0,Friday,9:20,11:20,3,9:20,1.47
SCH-043-LSN-0051,SCH-043,TCH-00582,overworked_generalist,Basic Technology,JSS1A,WORKSHOP-01,1,Wednesday,11:40,13:40,3,11:40,1.47
SCH-043-LSN-0052,SCH-043,TCH-00582,overworked_generalist,Basic Technology,JSS2A,ROOM-JSS2A,0,Thursday,11:40,13:40,3,11:40,1.47
SCH-043-LSN-0053,SCH-043,TCH-00582,overworked_generalist,Basic Technology,JSS1B,ROOM-JSS1B,0,Monday,10:40,13:00,3,10:40,1.41
SCH-043-LSN-0054,SCH-043,TCH-00582,overworked_generalist,CRS,JSS2B,ROOM-JSS2B,1,Wednesday,8:00,10:00,3,8:00,1.23
SCH-043-LSN-0055,SCH-043,TCH-00582,overworked_generalist,Basic Technology,JSS3B,WORKSHOP-01,1,Tuesday,8:40,10:40,3,8:40,1.23
SCH-043-LSN-0056,SCH-043,TCH-00583,overworked_generalist,Basic Technology,JSS2A,ROOM-JSS2A,0,Monday,10:40,13:00,3,10:40,1.45
SCH-043-LSN-0057,SCH-043,TCH-00583,overworked_generalist,PHE,SS1B,ROOM-SS1B,1,Tuesday,11:40,13:40,3,11:40,1.48
SCH-043-LSN-0058,SCH-043,TCH-00583,overworked_generalist,CRS,JSS1B,ROOM-JSS1B,1,Tuesday,8:40,10:40,3,8:40,1.47
SCH-043-LSN-0059,SCH-043,TCH-00583,overworked_generalist,Basic Technology,JSS3B,ROOM-JSS3B,0,Wednesday,10:40,13:00,3,10:40,1.49
SCH-043-LSN-0060,SCH-043,TCH-00583,overworked_generalist,CRS,JSS3A,ROOM-JSS3A,1,Monday,8:00,10:00,3,8:00,1.3
SCH-043-LSN-0061,SCH-043,TCH-00583,overworked_generalist,PHE,JSS2B,ROOM-JSS2B,1,Friday,8:00,10:00,3,8:00,1.16
SCH-043-LSN-0062,SCH-043,TCH-00583,overworked_generalist,PHE,SS1A,ROOM-SS1A,1,Friday,10:00,12:20,3,10:00,1.49
SCH-043-LSN-0063,SCH-043,TCH-00583,overworked_generalist,CRS,SS1B,ROOM-SS1B,1,Thursday,8:00,10:00,3,8:00,1.37
SCH-043-LSN-0064,SCH-043,TCH-00583,overworked_generalist,PHE,JSS3B,ROOM-JSS3B,1,Thursday,10:00,12:20,3,10:00,1.35
SCH-043-LSN-0065,SCH-043,TCH-00583,overworked_generalist,PHE,SS3A,ROOM-SS3A,1,Wednesday,8:40,10:40,3,8:40,1
SCH-043-LSN-0066,SCH-043,TCH-00583,overworked_generalist,Basic Technology,SS1B,WORKSHOP-01,1,Thursday,12:20,14:20,3,12:20,0.87
SCH-043-LSN-0067,SCH-043,TCH-00584,hustling_subject_specialist,Economics,SS2B,ROOM-SS2B,1,Monday,8:00,9:20,2,8:00,4
SCH-043-LSN-0068,SCH-043,TCH-00584,hustling_subject_specialist,Physics,SS3B,SCI-LAB-01,1,Monday,9:20,10:40,2,9:20,4
SCH-043-LSN-0069,SCH-043,TCH-00584,hustling_subject_specialist,Economics,SS2A,ROOM-SS2A,1,Monday,10:40,12:20,2,10:40,4
SCH-043-LSN-0070,SCH-043,TCH-00584,hustling_subject_specialist,Economics,SS3B,ROOM-SS3B,1,Wednesday,8:00,9:20,2,8:00,4
SCH-043-LSN-0071,SCH-043,TCH-00584,hustling_subject_specialist,Economics,SS3B,ROOM-SS3B,1,Wednesday,9:20,10:40,2,9:20,4
SCH-043-LSN-0072,SCH-043,TCH-00584,hustling_subject_specialist,Economics,SS1A,ROOM-SS1A,1,Thursday,8:00,9:20,2,8:00,4
SCH-043-LSN-0073,SCH-043,TCH-00585,hustling_subject_specialist,Economics,SS3A,ROOM-SS3A,1,Monday,8:00,9:20,2,8:00,4
SCH-043-LSN-0074,SCH-043,TCH-00585,hustling_subject_specialist,Economics,SS1A,ROOM-SS1A,1,Tuesday,8:00,9:20,2,8:00,4
SCH-044-LSN-0001,SCH-044,TCH-00586,overworked_generalist,PHE,JSS1A,ROOM-JSS1A,1,Monday,11:40,14:20,4,11:40,1.48
SCH-044-LSN-0002,SCH-044,TCH-00586,overworked_generalist,CRS,SS1A,ROOM-SS1A,1,Thursday,10:40,13:40,4,10:40,1.49
SCH-044-LSN-0003,SCH-044,TCH-00586,overworked_generalist,Basic Technology,SS1B,WORKSHOP-01,1,Monday,8:40,11:20,4,8:40,1.47
SCH-044-LSN-0004,SCH-044,TCH-00586,overworked_generalist,Basic Technology,JSS2A,ROOM-JSS2A,0,Wednesday,8:40,11:20,4,8:40,1.34
SCH-044-LSN-0005,SCH-044,TCH-00586,overworked_generalist,CRS,JSS1A,ROOM-JSS1A,1,Wednesday,11:40,14:20,4,11:40,1.49
SCH-044-LSN-0006,SCH-044,TCH-00586,overworked_generalist,CRS,JSS3B,ROOM-JSS3B,1,Tuesday,8:00,10:40,4,8:00,1.45
SCH-044-LSN-0007,SCH-044,TCH-00587,overworked_generalist,CRS,JSS3B,ROOM-JSS3B,1,Friday,9:20,12:20,4,9:20,1.49
SCH-044-LSN-0008,SCH-044,TCH-00587,overworked_generalist,CRS,SS2A,ROOM-SS2A,1,Monday,8:00,10:40,4,8:00,1.5
SCH-044-LSN-0009,SCH-044,TCH-00587,overworked_generalist,PHE,SS1B,ROOM-SS1B,1,Tuesday,11:40,14:20,4,11:40,1.45
SCH-044-LSN-0010,SCH-044,TCH-00587,overworked_generalist,PHE,JSS2A,ROOM-JSS2A,1,Monday,11:40,14:20,4,11:40,1.17
SCH-044-LSN-0011,SCH-044,TCH-00587,overworked_generalist,PHE,SS2A,ROOM-SS2A,1,Wednesday,10:40,13:40,4,10:40,1.5
SCH-044-LSN-0012,SCH-044,TCH-00587,overworked_generalist,PHE,JSS3B,ROOM-JSS3B,1,Thursday,11:40,14:20,4,11:40,1.17
SCH-044-LSN-0013,SCH-044,TCH-00588,overworked_generalist,PHE,JSS1A,ROOM-JSS1A,1,Tuesday,8:00,11:20,5,8:00,1.48
SCH-044-LSN-0014,SCH-044,TCH-00588,overworked_generalist,CRS,SS3A,ROOM-SS3A,1,Wednesday,10:40,14:20,5,10:40,1.46
SCH-044-LSN-0015,SCH-044,TCH-00588,overworked_generalist,CRS,SS3B,ROOM-SS3B,1,Monday,8:40,12:20,5,8:40,1.43
SCH-044-LSN-0016,SCH-044,TCH-00588,overworked_generalist,PHE,JSS2B,ROOM-JSS2B,1,Thursday,10:40,14:20,5,10:40,1.44
SCH-044-LSN-0017,SCH-044,TCH-00589,hustling_subject_specialist,Physics,SS3B,ROOM-SS3B,0,Tuesday,8:00,10:00,3,8:00,4
SCH-044-LSN-0018,SCH-044,TCH-00589,hustling_subject_specialist,Physics,SS2A,SCI-LAB-01,1,Tuesday,10:00,12:20,3,10:00,4
SCH-044-LSN-0019,SCH-044,TCH-00589,hustling_subject_specialist,Physics,SS1B,SCI-LAB-01,1,Thursday,8:00,10:00,3,8:00,4
SCH-044-LSN-0020,SCH-044,TCH-00590,hustling_subject_specialist,Economics,SS3B,ROOM-SS3B,1,Tuesday,10:00,12:20,3,10:00,4
SCH-044-LSN-0021,SCH-044,TCH-00590,hustling_subject_specialist,Economics,SS1B,ROOM-SS1B,1,Tuesday,8:00,10:00,3,8:00,4
SCH-044-LSN-0022,SCH-044,TCH-00590,hustling_subject_specialist,Economics,SS1B,ROOM-SS1B,1,Wednesday,8:00,10:00,3,8:00,4
SCH-044-LSN-0023,SCH-044,TCH-00591,veteran_staff_room_boss,Further Mathematics,SS3A,ROOM-SS3A,1,Monday,8:40,9:20,1,8:40,4
SCH-044-LSN-0024,SCH-044,TCH-00591,veteran_staff_room_boss,Further Mathematics,SS2B,ROOM-SS2B,1,Monday,9:20,10:00,1,9:20,4
SCH-044-LSN-0025,SCH-044,TCH-00591,veteran_staff_room_boss,Further Mathematics,SS1A,ROOM-SS1A,1,Monday,10:00,10:40,1,10:00,4
SCH-044-LSN-0026,SCH-044,TCH-00592,nysc_corper,Basic Science,JSS1A,ROOM-JSS1A,1,Tuesday,13:00,13:40,1,13:00,4.5
SCH-044-LSN-0027,SCH-044,TCH-00592,nysc_corper,Civic Education,JSS2A,ROOM-JSS2A,1,Tuesday,13:40,14:20,1,13:40,4.5
SCH-044-LSN-0028,SCH-044,TCH-00592,nysc_corper,Civic Education,JSS2B,ROOM-JSS2B,1,Monday,13:00,13:40,1,13:00,4.5
SCH-044-LSN-0029,SCH-044,TCH-00592,nysc_corper,Basic Science,JSS2B,ROOM-JSS2B,1,Monday,13:40,14:20,1,13:40,4.5
SCH-044-LSN-0030,SCH-044,TCH-00593,hustling_subject_specialist,Economics,SS3B,ROOM-SS3B,1,Thursday,8:00,9:20,2,8:00,4
SCH-044-LSN-0031,SCH-044,TCH-00593,hustling_subject_specialist,Economics,SS3A,ROOM-SS3A,1,Tuesday,8:00,9:20,2,8:00,4
SCH-044-LSN-0032,SCH-044,TCH-00593,hustling_subject_specialist,Economics,SS1A,ROOM-SS1A,1,Tuesday,9:20,10:40,2,9:20,4
SCH-044-LSN-0033,SCH-044,TCH-00593,hustling_subject_specialist,Economics,SS1B,ROOM-SS1B,1,Thursday,10:00,11:20,2,10:00,4
SCH-044-LSN-0034,SCH-044,TCH-00593,hustling_subject_specialist,Physics,SS3B,SCI-LAB-01,1,Thursday,11:40,13:00,2,11:40,0
SCH-044-LSN-0035,SCH-044,TCH-00593,hustling_subject_specialist,Economics,SS1A,ROOM-SS1A,1,Tuesday,10:40,12:20,2,10:40,4
SCH-044-LSN-0036,SCH-044,TCH-00594,nysc_corper,Basic Science,JSS2B,ROOM-JSS2B,1,Wednesday,13:00,13:40,1,13:00,4.5
SCH-044-LSN-0037,SCH-044,TCH-00594,nysc_corper,Basic Science,JSS2B,ROOM-JSS2B,1,Wednesday,13:40,14:20,1,13:40,4.5
SCH-044-LSN-0038,SCH-044,TCH-00594,nysc_corper,Basic Science,JSS2A,ROOM-JSS2A,1,Thursday,13:00,13:40,1,13:00,4.5
SCH-044-LSN-0039,SCH-044,TCH-00595,overworked_generalist,CRS,JSS1B,ROOM-JSS1B,1,Thursday,8:40,12:20,5,8:40,1.48
SCH-044-LSN-0040,SCH-044,TCH-00595,overworked_generalist,CRS,SS1B,ROOM-SS1B,1,Wednesday,10:40,14:20,5,10:40,1.43
SCH-044-LSN-0041,SCH-044,TCH-00595,overworked_generalist,CRS,SS3B,ROOM-SS3B,1,Friday,8:40,12:20,5,8:40,1.46
SCH-044-LSN-0042,SCH-044,TCH-00595,overworked_generalist,Basic Technology,JSS3B,ROOM-JSS3B,0,Monday,10:40,14:20,5,10:40,1.17
SCH-044-LSN-0043,SCH-044,TCH-00595,overworked_generalist,Basic Technology,JSS1B,ROOM-JSS1B,0,Tuesday,9:20,13:00,5,9:20,1.4
SCH-044-LSN-0044,SCH-044,TCH-00596,veteran_staff_room_boss,Further Mathematics,SS3B,ROOM-SS3B,1,Wednesday,8:40,9:20,1,8:40,4
SCH-044-LSN-0045,SCH-044,TCH-00596,veteran_staff_room_boss,Further Mathematics,SS3B,ROOM-SS3B,1,Wednesday,9:20,10:00,1,9:20,4
SCH-044-LSN-0046,SCH-044,TCH-00596,veteran_staff_room_boss,Further Mathematics,SS2B,ROOM-SS2B,1,Monday,8:40,9:20,1,8:40,4
SCH-044-LSN-0047,SCH-044,TCH-00597,overworked_generalist,CRS,SS2B,ROOM-SS2B,1,Thursday,10:40,14:20,5,10:40,1.47
SCH-044-LSN-0048,SCH-044,TCH-00597,overworked_generalist,CRS,SS1A,ROOM-SS1A,1,Monday,10:40,14:20,5,10:40,1.43
SCH-044-LSN-0049,SCH-044,TCH-00597,overworked_generalist,CRS,JSS3A,ROOM-JSS3A,1,Wednesday,10:40,14:20,5,10:40,1.43
SCH-044-LSN-0050,SCH-044,TCH-00597,overworked_generalist,CRS,JSS2A,ROOM-JSS2A,1,Friday,8:00,11:20,5,8:00,1.38
SCH-044-LSN-0051,SCH-044,TCH-00597,overworked_generalist,CRS,JSS2A,ROOM-JSS2A,1,Tuesday,9:20,13:00,5,9:20,1.49
SCH-044-LSN-0052,SCH-044,TCH-00598,nysc_corper,Civic Education,JSS2A,ROOM-JSS2A,1,Tuesday,13:00,13:40,1,13:00,4.5
SCH-044-LSN-0053,SCH-044,TCH-00598,nysc_corper,Civic Education,JSS1A,ROOM-JSS1A,1,Tuesday,13:40,14:20,1,13:40,4.5
SCH-044-LSN-0054,SCH-044,TCH-00598,nysc_corper,Civic Education,JSS2B,ROOM-JSS2B,1,Tuesday,8:00,8:40,1,8:00,0
SCH-044-LSN-0055,SCH-044,TCH-00598,nysc_corper,Civic Education,JSS1A,ROOM-JSS1A,1,Thursday,13:00,13:40,1,13:00,4.5
SCH-044-LSN-0056,SCH-044,TCH-00599,veteran_staff_room_boss,Physics,SS2A,SCI-LAB-01,1,Tuesday,8:40,9:20,1,8:40,4
SCH-044-LSN-0057,SCH-044,TCH-00599,veteran_staff_room_boss,Chemistry,SS2A,SCI-LAB-01,1,Tuesday,9:20,10:00,1,9:20,4
SCH-044-LSN-0058,SCH-044,TCH-00599,veteran_staff_room_boss,Chemistry,SS3B,SCI-LAB-01,1,Wednesday,10:00,10:40,1,10:00,4
SCH-044-LSN-0059,SCH-044,TCH-00599,veteran_staff_room_boss,Chemistry,SS3B,SCI-LAB-01,1,Thursday,10:00,10:40,1,10:00,4
SCH-044-LSN-0060,SCH-044,TCH-00599,veteran_staff_room_boss,Physics,SS3A,SCI-LAB-01,1,Monday,9:20,10:00,1,9:20,4
SCH-044-LSN-0061,SCH-044,TCH-00599,veteran_staff_room_boss,Physics,SS3A,SCI-LAB-01,1,Monday,10:00,10:40,1,10:00,4
SCH-044-LSN-0062,SCH-044,TCH-00599,veteran_staff_room_boss,Physics,SS1A,SCI-LAB-01,1,Friday,8:40,9:20,1,8:40,4
SCH-044-LSN-0063,SCH-044,TCH-00599,veteran_staff_room_boss,Chemistry,SS2A,SCI-LAB-01,1,Friday,9:20,10:00,1,9:20,4
SCH-044-LSN-0064,SCH-044,TCH-00600,nysc_corper,Basic Science,JSS3A,ROOM-JSS3A,1,Monday,13:00,13:40,1,13:00,4.5
SCH-044-LSN-0065,SCH-044,TCH-00600,nysc_corper,Civic Education,JSS2A,ROOM-JSS2A,1,Thursday,13:40,14:20,1,13:40,4.5
SCH-044-LSN-0066,SCH-044,TCH-00600,nysc_corper,Basic Science,JSS3A,ROOM-JSS3A,1,Monday,13:40,14:20,1,13:40,4.5
SCH-044-LSN-0067,SCH-044,TCH-00600,nysc_corper,Basic Science,JSS3A,ROOM-JSS3A,1,Tuesday,13:00,13:40,1,13:00,4.5
SCH-044-LSN-0068,SCH-044,TCH-00600,nysc_corper,Basic Science,JSS3B,ROOM-JSS3B,1,Tuesday,13:40,14:20,1,13:40,4.5
SCH-044-LSN-0069,SCH-044,TCH-00600,nysc_corper,Basic Science,JSS2A,ROOM-JSS2A,1,Monday,8:00,8:40,1,8:00,0
SCH-044-LSN-0070,SCH-044,TCH-00601,overworked_generalist,Basic Technology,SS1A,ROOM-SS1A,0,Thursday,8:00,10:00,3,8:00,1.32
SCH-044-LSN-0071,SCH-044,TCH-00601,overworked_generalist,CRS,SS1A,ROOM-SS1A,1,Wednesday,12:20,14:20,3,12:20,1.49
SCH-044-LSN-0072,SCH-044,TCH-00601,overworked_generalist,Basic Technology,SS3B,ROOM-SS3B,0,Monday,12:20,14:20,3,12:20,1.46
SCH-044-LSN-0073,SCH-044,TCH-00601,overworked_generalist,Basic Technology,SS1B,ROOM-SS1B,0,Friday,9:20,11:20,3,9:20,1.46
SCH-044-LSN-0074,SCH-044,TCH-00601,overworked_generalist,CRS,JSS1A,ROOM-JSS1A,1,Monday,8:40,10:40,3,8:40,1.46
SCH-044-LSN-0075,SCH-044,TCH-00601,overworked_generalist,Basic Technology,JSS2B,ROOM-JSS2B,0,Tuesday,8:40,10:40,3,8:40,1.5
SCH-044-LSN-0076,SCH-044,TCH-00601,overworked_generalist,PHE,JSS3A,ROOM-JSS3A,1,Thursday,12:20,14:20,3,12:20,1.32
SCH-044-LSN-0077,SCH-044,TCH-00601,overworked_generalist,PHE,JSS2A,ROOM-JSS2A,1,Thursday,10:00,12:20,3,10:00,0.61
SCH-044-LSN-0078,SCH-044,TCH-00601,overworked_generalist,CRS,JSS3B,ROOM-JSS3B,1,Tuesday,11:40,13:40,3,11:40,1.47
SCH-045-LSN-0001,SCH-045,TCH-00602,overworked_generalist,Basic Technology,SS3A,ROOM-SS3A,0,Wednesday,9:20,12:20,4,9:20,1.43
SCH-045-LSN-0002,SCH-045,TCH-00602,overworked_generalist,CRS,SS2A,ROOM-SS2A,1,Thursday,10:00,13:00,4,10:00,1.49
SCH-045-LSN-0003,SCH-045,TCH-00602,overworked_generalist,CRS,SS2A,ROOM-SS2A,1,Tuesday,9:20,12:20,4,9:20,1.37
SCH-045-LSN-0004,SCH-045,TCH-00602,overworked_generalist,PHE,SS1B,ROOM-SS1B,1,Friday,8:00,10:40,4,8:00,1.46
SCH-045-LSN-0005,SCH-045,TCH-00602,overworked_generalist,CRS,JSS1B,ROOM-JSS1B,1,Monday,10:00,13:00,4,10:00,1.46
SCH-045-LSN-0006,SCH-045,TCH-00603,veteran_staff_room_boss,Chemistry,SS1B,SCI-LAB-01,1,Monday,8:40,10:00,2,8:40,4
SCH-045-LSN-0007,SCH-045,TCH-00603,veteran_staff_room_boss,Chemistry,SS2A,SCI-LAB-01,1,Monday,10:00,11:20,2,10:00,4
SCH-045-LSN-0008,SCH-045,TCH-00603,veteran_staff_room_boss,Chemistry,SS2A,SCI-LAB-01,1,Wednesday,8:40,10:00,2,8:40,4
SCH-045-LSN-0009,SCH-045,TCH-00604,overworked_generalist,Basic Technology,JSS3A,ROOM-JSS3A,0,Thursday,8:00,10:40,4,8:00,1.45
SCH-045-LSN-0010,SCH-045,TCH-00604,overworked_generalist,Basic Technology,JSS1B,ROOM-JSS1B,0,Wednesday,11:40,14:20,4,11:40,1.39
SCH-045-LSN-0011,SCH-045,TCH-00604,overworked_generalist,CRS,SS1A,ROOM-SS1A,1,Friday,9:20,12:20,4,9:20,1.47
SCH-045-LSN-0012,SCH-045,TCH-00604,overworked_generalist,CRS,JSS3B,ROOM-JSS3B,1,Thursday,11:40,14:20,4,11:40,1.35
SCH-045-LSN-0013,SCH-045,TCH-00604,overworked_generalist,Basic Technology,SS3B,ROOM-SS3B,0,Monday,10:40,13:40,4,10:40,1.49
SCH-045-LSN-0014,SCH-045,TCH-00604,overworked_generalist,Basic Technology,JSS1B,ROOM-JSS1B,0,Tuesday,10:00,13:00,4,10:00,1.28
SCH-045-LSN-0015,SCH-045,TCH-00605,nysc_corper,Basic Science,JSS3A,ROOM-JSS3A,1,Tuesday,13:00,13:40,1,13:00,4.5
SCH-045-LSN-0016,SCH-045,TCH-00605,nysc_corper,Basic Science,JSS2B,ROOM-JSS2B,1,Tuesday,13:40,14:20,1,13:40,4.5
SCH-045-LSN-0017,SCH-045,TCH-00605,nysc_corper,Basic Science,JSS1B,ROOM-JSS1B,1,Thursday,13:00,13:40,1,13:00,4.5
SCH-045-LSN-0018,SCH-045,TCH-00605,nysc_corper,Basic Science,JSS3B,ROOM-JSS3B,1,Wednesday,13:00,13:40,1,13:00,4.5
SCH-045-LSN-0019,SCH-045,TCH-00605,nysc_corper,Basic Science,JSS2A,ROOM-JSS2A,1,Wednesday,13:40,14:20,1,13:40,4.5
SCH-045-LSN-0020,SCH-045,TCH-00605,nysc_corper,Basic Science,JSS2B,ROOM-JSS2B,1,Thursday,13:40,14:20,1,13:40,4.5
SCH-045-LSN-0021,SCH-045,TCH-00605,nysc_corper,Civic Education,JSS1B,ROOM-JSS1B,1,Tuesday,8:00,8:40,1,8:00,0
SCH-045-LSN-0022,SCH-045,TCH-00605,nysc_corper,Basic Science,JSS2A,ROOM-JSS2A,1,Tuesday,8:40,9:20,1,8:40,0
SCH-045-LSN-0023,SCH-045,TCH-00606,veteran_staff_room_boss,Biology,SS1A,SCI-LAB-01,1,Tuesday,8:40,10:00,2,8:40,4
SCH-045-LSN-0024,SCH-045,TCH-00606,veteran_staff_room_boss,Biology,SS2B,SCI-LAB-01,1,Tuesday,10:00,11:20,2,10:00,4
SCH-045-LSN-0025,SCH-045,TCH-00606,veteran_staff_room_boss,Chemistry,SS2B,SCI-LAB-01,1,Monday,8:40,10:00,2,8:40,4
SCH-045-LSN-0026,SCH-045,TCH-00606,veteran_staff_room_boss,Biology,SS1A,SCI-LAB-01,1,Wednesday,10:00,11:20,2,10:00,4
SCH-045-LSN-0027,SCH-045,TCH-00607,veteran_staff_room_boss,Further Mathematics,SS2A,ROOM-SS2A,1,Monday,8:40,9:20,1,8:40,4
SCH-045-LSN-0028,SCH-045,TCH-00607,veteran_staff_room_boss,Further Mathematics,SS2B,ROOM-SS2B,1,Monday,10:00,10:40,1,10:00,4
SCH-045-LSN-0029,SCH-045,TCH-00607,veteran_staff_room_boss,Further Mathematics,SS3B,ROOM-SS3B,1,Tuesday,8:40,9:20,1,8:40,4
SCH-045-LSN-0030,SCH-045,TCH-00607,veteran_staff_room_boss,Further Mathematics,SS2B,ROOM-SS2B,1,Tuesday,9:20,10:00,1,9:20,4
SCH-045-LSN-0031,SCH-045,TCH-00607,veteran_staff_room_boss,Chemistry,SS3A,SCI-LAB-01,1,Wednesday,8:40,9:20,1,8:40,4
SCH-045-LSN-0032,SCH-045,TCH-00607,veteran_staff_room_boss,Further Mathematics,SS3B,ROOM-SS3B,1,Tuesday,10:00,10:40,1,10:00,4
SCH-045-LSN-0033,SCH-045,TCH-00608,overworked_generalist,Basic Technology,SS1A,ROOM-SS1A,0,Thursday,8:00,10:00,3,8:00,1.46
SCH-045-LSN-0034,SCH-045,TCH-00608,overworked_generalist,Basic Technology,SS1A,ROOM-SS1A,0,Thursday,10:40,13:00,3,10:40,1.42
SCH-045-LSN-0035,SCH-045,TCH-00608,overworked_generalist,CRS,JSS2A,ROOM-JSS2A,1,Friday,8:40,10:40,3,8:40,1.41
SCH-045-LSN-0036,SCH-045,TCH-00608,overworked_generalist,Basic Technology,SS2A,ROOM-SS2A,0,Monday,12:20,14:20,3,12:20,1.47
SCH-045-LSN-0037,SCH-045,TCH-00608,overworked_generalist,CRS,JSS1B,ROOM-JSS1B,1,Wednesday,8:40,10:40,3,8:40,1.39
SCH-045-LSN-0038,SCH-045,TCH-00608,overworked_generalist,CRS,JSS2A,ROOM-JSS2A,1,Wednesday,11:40,13:40,3,11:40,1.43
SCH-045-LSN-0039,SCH-045,TCH-00608,overworked_generalist,Basic Technology,SS3B,ROOM-SS3B,0,Tuesday,10:40,13:00,3,10:40,1.07
SCH-045-LSN-0040,SCH-045,TCH-00608,overworked_generalist,Basic Technology,JSS3B,ROOM-JSS3B,0,Tuesday,8:40,10:40,3,8:40,1
SCH-045-LSN-0041,SCH-045,TCH-00609,veteran_staff_room_boss,Physics,SS2B,SCI-LAB-01,1,Thursday,8:40,9:20,1,8:40,4
SCH-045-LSN-0042,SCH-045,TCH-00609,veteran_staff_room_boss,Physics,SS3B,SCI-LAB-01,1,Thursday,9:20,10:00,1,9:20,4
SCH-045-LSN-0043,SCH-045,TCH-00609,veteran_staff_room_boss,Physics,SS1B,SCI-LAB-01,1,Thursday,10:00,10:40,1,10:00,4
SCH-045-LSN-0044,SCH-045,TCH-00610,overworked_generalist,PHE,JSS1B,ROOM-JSS1B,1,Thursday,9:20,13:00,5,9:20,1.38
SCH-045-LSN-0045,SCH-045,TCH-00610,overworked_generalist,CRS,SS3A,ROOM-SS3A,1,Tuesday,9:20,13:00,5,9:20,1.3
SCH-045-LSN-0046,SCH-045,TCH-00610,overworked_generalist,CRS,SS1A,ROOM-SS1A,1,Monday,8:00,11:20,5,8:00,1.44
SCH-045-LSN-0047,SCH-045,TCH-00610,overworked_generalist,PHE,SS1B,ROOM-SS1B,1,Wednesday,8:00,11:20,5,8:00,1.38
SCH-045-LSN-0048,SCH-045,TCH-00611,overworked_generalist,Basic Technology,SS1B,ROOM-SS1B,0,Tuesday,10:40,13:40,4,10:40,1.47
SCH-045-LSN-0049,SCH-045,TCH-00611,overworked_generalist,PHE,SS3A,ROOM-SS3A,1,Monday,8:00,10:40,4,8:00,1.26
SCH-045-LSN-0050,SCH-045,TCH-00611,overworked_generalist,Basic Technology,JSS3A,ROOM-JSS3A,0,Wednesday,10:40,13:40,4,10:40,1.49
SCH-045-LSN-0051,SCH-045,TCH-00611,overworked_generalist,PHE,SS2A,ROOM-SS2A,1,Friday,8:40,11:20,4,8:40,1.12
SCH-045-LSN-0052,SCH-045,TCH-00612,nysc_corper,Civic Education,JSS3B,ROOM-JSS3B,1,Monday,13:00,13:40,1,13:00,4.5
SCH-045-LSN-0053,SCH-045,TCH-00612,nysc_corper,Civic Education,JSS3B,ROOM-JSS3B,1,Monday,13:40,14:20,1,13:40,4.5
SCH-045-LSN-0054,SCH-045,TCH-00612,nysc_corper,Civic Education,JSS3B,ROOM-JSS3B,1,Wednesday,13:40,14:20,1,13:40,4.5
SCH-045-LSN-0055,SCH-045,TCH-00612,nysc_corper,Civic Education,JSS2A,ROOM-JSS2A,1,Thursday,13:00,13:40,1,13:00,4.5
SCH-045-LSN-0056,SCH-045,TCH-00612,nysc_corper,Basic Science,JSS2B,ROOM-JSS2B,1,Wednesday,13:00,13:40,1,13:00,4.5
SCH-045-LSN-0057,SCH-045,TCH-00612,nysc_corper,Civic Education,JSS3A,ROOM-JSS3A,1,Thursday,13:40,14:20,1,13:40,4.5
SCH-045-LSN-0058,SCH-045,TCH-00612,nysc_corper,Basic Science,JSS1B,ROOM-JSS1B,1,Monday,8:00,8:40,1,8:00,0
SCH-045-LSN-0059,SCH-045,TCH-00612,nysc_corper,Civic Education,JSS2B,ROOM-JSS2B,1,Monday,8:40,9:20,1,8:40,0
SCH-045-LSN-0060,SCH-045,TCH-00613,nysc_corper,Civic Education,JSS3B,ROOM-JSS3B,1,Tuesday,13:00,13:40,1,13:00,4.5
SCH-045-LSN-0061,SCH-045,TCH-00613,nysc_corper,Civic Education,JSS3A,ROOM-JSS3A,1,Monday,13:00,13:40,1,13:00,4.5
SCH-045-LSN-0062,SCH-045,TCH-00613,nysc_corper,Civic Education,JSS2B,ROOM-JSS2B,1,Monday,13:40,14:20,1,13:40,4.5
SCH-045-LSN-0063,SCH-045,TCH-00614,nysc_corper,Civic Education,JSS1A,ROOM-JSS1A,1,Monday,13:00,13:40,1,13:00,4.5
SCH-045-LSN-0064,SCH-045,TCH-00614,nysc_corper,Civic Education,JSS2B,ROOM-JSS2B,1,Tuesday,13:00,13:40,1,13:00,4.5
SCH-045-LSN-0065,SCH-045,TCH-00615,nysc_corper,Basic Science,JSS2A,ROOM-JSS2A,1,Tuesday,13:00,13:40,1,13:00,4.5
SCH-045-LSN-0066,SCH-045,TCH-00615,nysc_corper,Basic Science,JSS3B,ROOM-JSS3B,1,Tuesday,13:40,14:20,1,13:40,4.5
SCH-045-LSN-0067,SCH-045,TCH-00615,nysc_corper,Civic Education,JSS1B,ROOM-JSS1B,1,Thursday,13:40,14:20,1,13:40,4.5
SCH-045-LSN-0068,SCH-045,TCH-00615,nysc_corper,Civic Education,JSS1B,ROOM-JSS1B,1,Tuesday,8:40,9:20,1,8:40,0
SCH-045-LSN-0069,SCH-045,TCH-00615,nysc_corper,Civic Education,JSS2A,ROOM-JSS2A,1,Tuesday,8:00,8:40,1,8:00,0
SCH-045-LSN-0070,SCH-045,TCH-00615,nysc_corper,Basic Science,JSS1B,ROOM-JSS1B,1,Tuesday,9:20,10:00,1,9:20,0
SCH-045-LSN-0071,SCH-045,TCH-00616,hustling_subject_specialist,Economics,SS3A,ROOM-SS3A,1,Monday,10:40,12:20,2,10:40,4
SCH-045-LSN-0072,SCH-045,TCH-00616,hustling_subject_specialist,Economics,SS2A,ROOM-SS2A,1,Tuesday,8:00,9:20,2,8:00,4
SCH-045-LSN-0073,SCH-045,TCH-00616,hustling_subject_specialist,Economics,SS1B,ROOM-SS1B,1,Tuesday,9:20,10:40,2,9:20,4
SCH-045-LSN-0074,SCH-045,TCH-00616,hustling_subject_specialist,Economics,SS2B,ROOM-SS2B,1,Tuesday,11:40,13:00,2,11:40,0
SCH-046-LSN-0001,SCH-046,TCH-00617,nysc_corper,Civic Education,JSS3A,ROOM-JSS3A,1,Monday,13:00,13:40,1,13:00,4.5
SCH-046-LSN-0002,SCH-046,TCH-00617,nysc_corper,Basic Science,JSS3B,ROOM-JSS3B,1,Monday,13:40,14:20,1,13:40,4.5
SCH-046-LSN-0003,SCH-046,TCH-00617,nysc_corper,Civic Education,JSS3B,ROOM-JSS3B,1,Tuesday,13:00,13:40,1,13:00,4.5
SCH-046-LSN-0004,SCH-046,TCH-00617,nysc_corper,Civic Education,JSS3B,ROOM-JSS3B,1,Tuesday,13:40,14:20,1,13:40,4.5
SCH-046-LSN-0005,SCH-046,TCH-00617,nysc_corper,Civic Education,JSS1B,ROOM-JSS1B,1,Wednesday,13:00,13:40,1,13:00,4.5
SCH-046-LSN-0006,SCH-046,TCH-00617,nysc_corper,Basic Science,JSS2B,ROOM-JSS2B,1,Wednesday,13:40,14:20,1,13:40,4.5
SCH-046-LSN-0007,SCH-046,TCH-00617,nysc_corper,Civic Education,JSS1A,ROOM-JSS1A,1,Monday,8:00,8:40,1,8:00,0
SCH-046-LSN-0008,SCH-046,TCH-00617,nysc_corper,Basic Science,JSS3A,ROOM-JSS3A,1,Monday,8:40,9:20,1,8:40,0
SCH-046-LSN-0009,SCH-046,TCH-00618,overworked_generalist,PHE,JSS2A,ROOM-JSS2A,1,Friday,8:40,12:20,5,8:40,1.48
SCH-046-LSN-0010,SCH-046,TCH-00618,overworked_generalist,CRS,SS1B,ROOM-SS1B,1,Thursday,8:00,11:20,5,8:00,1.47
SCH-046-LSN-0011,SCH-046,TCH-00618,overworked_generalist,CRS,JSS1A,ROOM-JSS1A,1,Tuesday,9:20,13:00,5,9:20,1.49
SCH-046-LSN-0012,SCH-046,TCH-00618,overworked_generalist,PHE,SS1B,ROOM-SS1B,1,Monday,10:40,14:20,5,10:40,1.45
SCH-046-LSN-0013,SCH-046,TCH-00618,overworked_generalist,CRS,JSS3B,ROOM-JSS3B,1,Wednesday,9:20,13:00,5,9:20,1.38
SCH-046-LSN-0014,SCH-046,TCH-00619,hustling_subject_specialist,Physics,SS2B,SCI-LAB-01,1,Monday,8:00,10:00,3,8:00,4
SCH-046-LSN-0015,SCH-046,TCH-00619,hustling_subject_specialist,Physics,SS2A,SCI-LAB-01,1,Monday,10:00,12:20,3,10:00,4
SCH-046-LSN-0016,SCH-046,TCH-00619,hustling_subject_specialist,Physics,SS3A,SCI-LAB-01,1,Wednesday,8:00,10:00,3,8:00,4
SCH-046-LSN-0017,SCH-046,TCH-00619,hustling_subject_specialist,Physics,SS1B,SCI-LAB-01,1,Wednesday,10:00,12:20,3,10:00,4
SCH-046-LSN-0018,SCH-046,TCH-00619,hustling_subject_specialist,Further Mathematics,SS1A,ROOM-SS1A,1,Thursday,8:00,10:00,3,8:00,4
SCH-046-LSN-0019,SCH-046,TCH-00619,hustling_subject_specialist,Further Mathematics,SS3A,ROOM-SS3A,1,Thursday,10:00,12:20,3,10:00,4
SCH-046-LSN-0020,SCH-046,TCH-00620,overworked_generalist,Basic Technology,JSS1B,ROOM-JSS1B,0,Thursday,10:40,14:20,5,10:40,1.46
SCH-046-LSN-0021,SCH-046,TCH-00620,overworked_generalist,Basic Technology,SS2B,ROOM-SS2B,0,Wednesday,8:40,12:20,5,8:40,1.18
SCH-046-LSN-0022,SCH-046,TCH-00620,overworked_generalist,Basic Technology,SS3A,ROOM-SS3A,0,Friday,8:40,12:20,5,8:40,1.38
SCH-046-LSN-0023,SCH-046,TCH-00620,overworked_generalist,Basic Technology,JSS2B,ROOM-JSS2B,0,Monday,10:00,13:40,5,10:00,1.5
SCH-046-LSN-0024,SCH-046,TCH-00620,overworked_generalist,PHE,SS1A,ROOM-SS1A,1,Tuesday,8:00,11:20,5,8:00,1.46
SCH-046-LSN-0025,SCH-046,TCH-00621,overworked_generalist,Basic Technology,SS3B,ROOM-SS3B,0,Wednesday,10:00,13:00,4,10:00,1.49
SCH-046-LSN-0026,SCH-046,TCH-00621,overworked_generalist,Basic Technology,JSS2B,WORKSHOP-01,1,Thursday,11:40,14:20,4,11:40,1.42
SCH-046-LSN-0027,SCH-046,TCH-00621,overworked_generalist,PHE,JSS2A,ROOM-JSS2A,1,Monday,8:40,11:20,4,8:40,1.49
SCH-046-LSN-0028,SCH-046,TCH-00621,overworked_generalist,PHE,SS2A,ROOM-SS2A,1,Tuesday,10:40,13:40,4,10:40,1.49
SCH-046-LSN-0029,SCH-046,TCH-00621,overworked_generalist,Basic Technology,JSS3A,ROOM-JSS3A,0,Thursday,8:40,11:20,4,8:40,1.45
SCH-046-LSN-0030,SCH-046,TCH-00621,overworked_generalist,PHE,JSS3B,ROOM-JSS3B,1,Friday,9:20,12:20,4,9:20,1.2
SCH-046-LSN-0031,SCH-046,TCH-00621,overworked_generalist,Basic Technology,JSS1A,ROOM-JSS1A,0,Monday,11:40,14:20,4,11:40,0.7
SCH-046-LSN-0032,SCH-046,TCH-00621,overworked_generalist,Basic Technology,SS2A,ROOM-SS2A,0,Tuesday,8:00,10:40,4,8:00,1.03
SCH-046-LSN-0033,SCH-046,TCH-00622,nysc_corper,Basic Science,JSS3B,ROOM-JSS3B,1,Wednesday,13:00,13:40,1,13:00,4.5
SCH-046-LSN-0034,SCH-046,TCH-00622,nysc_corper,Basic Science,JSS3B,ROOM-JSS3B,1,Wednesday,13:40,14:20,1,13:40,4.5
SCH-046-LSN-0035,SCH-046,TCH-00622,nysc_corper,Civic Education,JSS3A,ROOM-JSS3A,1,Tuesday,13:00,13:40,1,13:00,4.5
SCH-046-LSN-0036,SCH-046,TCH-00622,nysc_corper,Civic Education,JSS3B,ROOM-JSS3B,1,Thursday,13:00,13:40,1,13:00,4.5
SCH-046-LSN-0037,SCH-046,TCH-00623,overworked_generalist,Basic Technology,JSS3B,ROOM-JSS3B,0,Tuesday,10:00,12:20,3,10:00,1.44
SCH-046-LSN-0038,SCH-046,TCH-00623,overworked_generalist,Basic Technology,JSS2B,ROOM-JSS2B,0,Friday,10:00,12:20,3,10:00,1.41
SCH-046-LSN-0039,SCH-046,TCH-00623,overworked_generalist,Basic Technology,SS3A,ROOM-SS3A,0,Monday,10:00,12:20,3,10:00,1.5
SCH-046-LSN-0040,SCH-046,TCH-00623,overworked_generalist,Basic Technology,JSS2A,ROOM-JSS2A,0,Tuesday,12:20,14:20,3,12:20,1.45
SCH-046-LSN-0041,SCH-046,TCH-00624,overworked_generalist,Basic Technology,JSS3B,ROOM-JSS3B,0,Thursday,9:20,12:20,4,9:20,1.42
SCH-046-LSN-0042,SCH-046,TCH-00624,overworked_generalist,Basic Technology,JSS2A,ROOM-JSS2A,0,Tuesday,9:20,12:20,4,9:20,1.5
SCH-046-LSN-0043,SCH-046,TCH-00624,overworked_generalist,Basic Technology,JSS2A,ROOM-JSS2A,0,Wednesday,10:40,13:40,4,10:40,1.18
SCH-046-LSN-0044,SCH-046,TCH-00624,overworked_generalist,CRS,SS1A,ROOM-SS1A,1,Monday,11:40,14:20,4,11:40,1.48
SCH-046-LSN-0045,SCH-046,TCH-00624,overworked_generalist,Basic Technology,SS2A,WORKSHOP-01,1,Wednesday,8:00,10:40,4,8:00,1.49
SCH-046-LSN-0046,SCH-046,TCH-00624,overworked_generalist,PHE,JSS1B,ROOM-JSS1B,1,Friday,8:00,10:40,4,8:00,1.22
SCH-046-LSN-0047,SCH-046,TCH-00624,overworked_generalist,CRS,SS1A,ROOM-SS1A,1,Monday,8:00,10:40,4,8:00,1.43
SCH-046-LSN-0048,SCH-046,TCH-00625,overworked_generalist,PHE,JSS2A,ROOM-JSS2A,1,Thursday,10:40,13:00,3,10:40,1.47
SCH-046-LSN-0049,SCH-046,TCH-00625,overworked_generalist,PHE,JSS1B,ROOM-JSS1B,1,Tuesday,10:40,13:00,3,10:40,1.49
SCH-046-LSN-0050,SCH-046,TCH-00625,overworked_generalist,Basic Technology,JSS3A,ROOM-JSS3A,0,Friday,8:40,10:40,3,8:40,1.49
SCH-046-LSN-0051,SCH-046,TCH-00625,overworked_generalist,Basic Technology,SS1A,ROOM-SS1A,0,Wednesday,8:00,10:00,3,8:00,1.39
SCH-046-LSN-0052,SCH-046,TCH-00625,overworked_generalist,Basic Technology,SS3A,ROOM-SS3A,0,Wednesday,11:40,13:40,3,11:40,1.45
SCH-046-LSN-0053,SCH-046,TCH-00625,overworked_generalist,PHE,JSS1A,ROOM-JSS1A,1,Monday,8:40,10:40,3,8:40,1.27
SCH-046-LSN-0054,SCH-046,TCH-00625,overworked_generalist,CRS,JSS2A,ROOM-JSS2A,1,Thursday,8:00,10:00,3,8:00,1.48
SCH-046-LSN-0055,SCH-046,TCH-00625,overworked_generalist,PHE,SS3A,ROOM-SS3A,1,Tuesday,8:00,10:00,3,8:00,1.21
SCH-046-LSN-0056,SCH-046,TCH-00626,nysc_corper,Basic Science,JSS3A,ROOM-JSS3A,1,Monday,13:40,14:20,1,13:40,4.5
SCH-046-LSN-0057,SCH-046,TCH-00626,nysc_corper,Basic Science,JSS1B,ROOM-JSS1B,1,Monday,13:00,13:40,1,13:00,4.5
SCH-046-LSN-0058,SCH-046,TCH-00626,nysc_corper,Basic Science,JSS1A,ROOM-JSS1A,1,Wednesday,13:00,13:40,1,13:00,4.5
SCH-046-LSN-0059,SCH-046,TCH-00627,overworked_generalist,PHE,JSS2A,ROOM-JSS2A,1,Monday,12:20,14:20,3,12:20,1.25
SCH-046-LSN-0060,SCH-046,TCH-00627,overworked_generalist,PHE,JSS3A,ROOM-JSS3A,1,Tuesday,10:00,12:20,3,10:00,1.47
SCH-046-LSN-0061,SCH-046,TCH-00627,overworked_generalist,PHE,SS1B,ROOM-SS1B,1,Thursday,11:40,13:40,3,11:40,1.44
SCH-046-LSN-0062,SCH-046,TCH-00627,overworked_generalist,PHE,JSS3A,ROOM-JSS3A,1,Wednesday,11:40,13:40,3,11:40,1.38
SCH-046-LSN-0063,SCH-046,TCH-00627,overworked_generalist,Basic Technology,SS1B,ROOM-SS1B,0,Monday,8:40,10:40,3,8:40,1.28
SCH-046-LSN-0064,SCH-046,TCH-00627,overworked_generalist,Basic Technology,SS1B,ROOM-SS1B,0,Friday,10:00,12:20,3,10:00,1.21
SCH-046-LSN-0065,SCH-046,TCH-00628,nysc_corper,Basic Science,JSS1A,ROOM-JSS1A,1,Tuesday,13:00,13:40,1,13:00,4.5
SCH-046-LSN-0066,SCH-046,TCH-00628,nysc_corper,Civic Education,JSS3B,ROOM-JSS3B,1,Thursday,13:40,14:20,1,13:40,4.5
SCH-046-LSN-0067,SCH-046,TCH-00628,nysc_corper,Civic Education,JSS3A,ROOM-JSS3A,1,Tuesday,13:40,14:20,1,13:40,4.5
SCH-046-LSN-0068,SCH-046,TCH-00628,nysc_corper,Basic Science,JSS2B,ROOM-JSS2B,1,Wednesday,13:00,13:40,1,13:00,4.5
SCH-046-LSN-0069,SCH-046,TCH-00628,nysc_corper,Civic Education,JSS3B,ROOM-JSS3B,1,Tuesday,8:00,8:40,1,8:00,0
SCH-046-LSN-0070,SCH-046,TCH-00628,nysc_corper,Civic Education,JSS1B,ROOM-JSS1B,1,Wednesday,13:40,14:20,1,13:40,4.5
SCH-046-LSN-0071,SCH-046,TCH-00628,nysc_corper,Basic Science,JSS1A,ROOM-JSS1A,1,Thursday,13:00,13:40,1,13:00,4.5
SCH-046-LSN-0072,SCH-046,TCH-00628,nysc_corper,Civic Education,JSS2B,ROOM-JSS2B,1,Tuesday,8:40,9:20,1,8:40,0
SCH-046-LSN-0073,SCH-046,TCH-00629,veteran_staff_room_boss,Biology,SS1A,SCI-LAB-01,1,Thursday,10:00,10:40,1,10:00,4
SCH-046-LSN-0074,SCH-046,TCH-00629,veteran_staff_room_boss,Biology,SS3B,SCI-LAB-01,1,Tuesday,8:40,9:20,1,8:40,4
SCH-046-LSN-0075,SCH-046,TCH-00629,veteran_staff_room_boss,Biology,SS1B,SCI-LAB-01,1,Tuesday,9:20,10:00,1,9:20,4
SCH-046-LSN-0076,SCH-046,TCH-00630,veteran_staff_room_boss,Chemistry,SS1A,SCI-LAB-01,1,Friday,8:40,10:00,2,8:40,4
SCH-046-LSN-0077,SCH-046,TCH-00630,veteran_staff_room_boss,Chemistry,SS1A,SCI-LAB-01,1,Friday,10:00,11:20,2,10:00,4
SCH-046-LSN-0078,SCH-046,TCH-00630,veteran_staff_room_boss,Chemistry,SS1B,SCI-LAB-01,1,Tuesday,10:00,11:20,2,10:00,4
SCH-046-LSN-0079,SCH-046,TCH-00630,veteran_staff_room_boss,Further Mathematics,SS3A,ROOM-SS3A,1,Monday,8:40,10:00,2,8:40,4
SCH-046-LSN-0080,SCH-046,TCH-00631,hustling_subject_specialist,Economics,SS3B,ROOM-SS3B,1,Monday,8:00,9:20,2,8:00,4
SCH-046-LSN-0081,SCH-046,TCH-00631,hustling_subject_specialist,Economics,SS1B,ROOM-SS1B,1,Tuesday,8:00,9:20,2,8:00,4
SCH-046-LSN-0082,SCH-046,TCH-00631,hustling_subject_specialist,Economics,SS3B,ROOM-SS3B,1,Monday,9:20,10:40,2,9:20,4
SCH-047-LSN-0001,SCH-047,TCH-00632,overworked_generalist,PHE,JSS1A,ROOM-JSS1A,1,Tuesday,8:00,11:20,5,8:00,1.39
SCH-047-LSN-0002,SCH-047,TCH-00632,overworked_generalist,CRS,SS2B,ROOM-SS2B,1,Wednesday,8:40,12:20,5,8:40,1.49
SCH-047-LSN-0003,SCH-047,TCH-00632,overworked_generalist,PHE,SS1B,ROOM-SS1B,1,Monday,10:00,13:40,5,10:00,1.48
SCH-047-LSN-0004,SCH-047,TCH-00632,overworked_generalist,PHE,JSS3A,ROOM-JSS3A,1,Thursday,10:40,14:20,5,10:40,1.34
SCH-047-LSN-0005,SCH-047,TCH-00632,overworked_generalist,Basic Technology,SS2B,WORKSHOP-01,1,Friday,8:00,11:20,5,8:00,0.96
SCH-047-LSN-0006,SCH-047,TCH-00633,nysc_corper,Basic Science,JSS2A,ROOM-JSS2A,1,Monday,13:00,13:40,1,13:00,4.5
SCH-047-LSN-0007,SCH-047,TCH-00633,nysc_corper,Basic Science,JSS1B,ROOM-JSS1B,1,Monday,13:40,14:20,1,13:40,4.5
SCH-047-LSN-0008,SCH-047,TCH-00633,nysc_corper,Basic Science,JSS3A,ROOM-JSS3A,1,Tuesday,13:00,13:40,1,13:00,4.5
SCH-047-LSN-0009,SCH-047,TCH-00633,nysc_corper,Basic Science,JSS1A,ROOM-JSS1A,1,Tuesday,13:40,14:20,1,13:40,4.5
SCH-047-LSN-0010,SCH-047,TCH-00634,hustling_subject_specialist,Physics,SS2A,SCI-LAB-01,1,Wednesday,8:00,9:20,2,8:00,4
SCH-047-LSN-0011,SCH-047,TCH-00634,hustling_subject_specialist,Physics,SS3A,SCI-LAB-01,1,Wednesday,9:20,10:40,2,9:20,4
SCH-047-LSN-0012,SCH-047,TCH-00634,hustling_subject_specialist,Physics,SS1A,SCI-LAB-01,1,Wednesday,10:40,12:20,2,10:40,4
SCH-047-LSN-0013,SCH-047,TCH-00634,hustling_subject_specialist,Physics,SS3A,SCI-LAB-01,1,Thursday,8:00,9:20,2,8:00,4
SCH-047-LSN-0014,SCH-047,TCH-00635,hustling_subject_specialist,Further Mathematics,SS1A,ROOM-SS1A,1,Tuesday,8:00,10:00,3,8:00,4
SCH-047-LSN-0015,SCH-047,TCH-00635,hustling_subject_specialist,Economics,SS3B,ROOM-SS3B,1,Tuesday,10:00,12:20,3,10:00,4
SCH-047-LSN-0016,SCH-047,TCH-00635,hustling_subject_specialist,Economics,SS1B,ROOM-SS1B,1,Thursday,8:00,10:00,3,8:00,4
SCH-047-LSN-0017,SCH-047,TCH-00635,hustling_subject_specialist,Further Mathematics,SS2A,ROOM-SS2A,1,Thursday,10:00,12:20,3,10:00,4
SCH-047-LSN-0018,SCH-047,TCH-00635,hustling_subject_specialist,Further Mathematics,SS2A,ROOM-SS2A,1,Tuesday,12:20,14:20,3,12:20,-4
SCH-047-LSN-0019,SCH-047,TCH-00635,hustling_subject_specialist,Further Mathematics,SS3A,ROOM-SS3A,1,Thursday,12:20,14:20,3,12:20,-4
SCH-047-LSN-0020,SCH-047,TCH-00636,hustling_subject_specialist,Physics,SS1A,ROOM-SS1A,0,Tuesday,10:00,12:20,3,10:00,4
SCH-047-LSN-0021,SCH-047,TCH-00636,hustling_subject_specialist,Physics,SS2A,SCI-LAB-01,1,Tuesday,8:00,10:00,3,8:00,4
SCH-047-LSN-0022,SCH-047,TCH-00636,hustling_subject_specialist,Economics,SS2A,ROOM-SS2A,1,Wednesday,9:20,11:20,3,9:20,4
SCH-047-LSN-0023,SCH-047,TCH-00636,hustling_subject_specialist,Economics,SS2A,ROOM-SS2A,1,Wednesday,11:40,13:40,3,11:40,0
SCH-047-LSN-0024,SCH-047,TCH-00637,veteran_staff_room_boss,Further Mathematics,SS2B,ROOM-SS2B,1,Monday,8:40,9:20,1,8:40,4
SCH-047-LSN-0025,SCH-047,TCH-00637,veteran_staff_room_boss,Chemistry,SS1B,SCI-LAB-01,1,Monday,9:20,10:00,1,9:20,4
SCH-047-LSN-0026,SCH-047,TCH-00637,veteran_staff_room_boss,Further Mathematics,SS1B,ROOM-SS1B,1,Tuesday,8:40,9:20,1,8:40,4
SCH-047-LSN-0027,SCH-047,TCH-00637,veteran_staff_room_boss,Further Mathematics,SS1B,ROOM-SS1B,1,Tuesday,9:20,10:00,1,9:20,4
SCH-047-LSN-0028,SCH-047,TCH-00638,overworked_generalist,PHE,JSS2A,ROOM-JSS2A,1,Thursday,9:20,13:00,5,9:20,1.46
SCH-047-LSN-0029,SCH-047,TCH-00638,overworked_generalist,Basic Technology,JSS1A,ROOM-JSS1A,0,Friday,8:00,11:20,5,8:00,1.48
SCH-047-LSN-0030,SCH-047,TCH-00638,overworked_generalist,Basic Technology,JSS1B,WORKSHOP-01,1,Tuesday,10:40,14:20,5,10:40,1.44
SCH-047-LSN-0031,SCH-047,TCH-00638,overworked_generalist,Basic Technology,JSS3B,ROOM-JSS3B,0,Monday,9:20,13:00,5,9:20,1.41
SCH-047-LSN-0032,SCH-047,TCH-00638,overworked_generalist,CRS,JSS3A,ROOM-JSS3A,1,Wednesday,8:00,11:20,5,8:00,1.48
SCH-047-LSN-0033,SCH-047,TCH-00639,nysc_corper,Basic Science,JSS3B,ROOM-JSS3B,1,Monday,13:00,13:40,1,13:00,4.5
SCH-047-LSN-0034,SCH-047,TCH-00639,nysc_corper,Basic Science,JSS1A,ROOM-JSS1A,1,Monday,13:40,14:20,1,13:40,4.5
SCH-047-LSN-0035,SCH-047,TCH-00639,nysc_corper,Basic Science,JSS3A,ROOM-JSS3A,1,Tuesday,13:40,14:20,1,13:40,4.5
SCH-047-LSN-0036,SCH-047,TCH-00639,nysc_corper,Basic Science,JSS3B,ROOM-JSS3B,1,Tuesday,13:00,13:40,1,13:00,4.5
SCH-047-LSN-0037,SCH-047,TCH-00640,overworked_generalist,PHE,JSS1A,ROOM-JSS1A,1,Thursday,12:20,14:20,3,12:20,1.47
SCH-047-LSN-0038,SCH-047,TCH-00640,overworked_generalist,Basic Technology,JSS3A,ROOM-JSS3A,0,Tuesday,8:00,10:00,3,8:00,1.49
SCH-047-LSN-0039,SCH-047,TCH-00640,overworked_generalist,Basic Technology,JSS3A,ROOM-JSS3A,0,Friday,8:00,10:00,3,8:00,1.47
SCH-047-LSN-0040,SCH-047,TCH-00640,overworked_generalist,Basic Technology,SS3B,ROOM-SS3B,0,Monday,8:40,10:40,3,8:40,1.5
SCH-047-LSN-0041,SCH-047,TCH-00640,overworked_generalist,PHE,SS2B,ROOM-SS2B,1,Tuesday,12:20,14:20,3,12:20,1.47
SCH-047-LSN-0042,SCH-047,TCH-00640,overworked_generalist,Basic Technology,SS2A,ROOM-SS2A,0,Friday,10:00,12:20,3,10:00,1.36
SCH-047-LSN-0043,SCH-047,TCH-00640,overworked_generalist,Basic Technology,SS2A,ROOM-SS2A,0,Monday,10:40,13:00,3,10:40,1.5
SCH-047-LSN-0044,SCH-047,TCH-00640,overworked_generalist,PHE,SS3A,ROOM-SS3A,1,Wednesday,11:40,13:40,3,11:40,1.39
SCH-047-LSN-0045,SCH-047,TCH-00641,nysc_corper,Civic Education,JSS2A,ROOM-JSS2A,1,Monday,13:40,14:20,1,13:40,4.5
SCH-047-LSN-0046,SCH-047,TCH-00641,nysc_corper,Civic Education,JSS2A,ROOM-JSS2A,1,Tuesday,13:00,13:40,1,13:00,4.5
SCH-047-LSN-0047,SCH-047,TCH-00641,nysc_corper,Basic Science,JSS2A,ROOM-JSS2A,1,Tuesday,13:40,14:20,1,13:40,4.5
SCH-047-LSN-0048,SCH-047,TCH-00641,nysc_corper,Civic Education,JSS2B,ROOM-JSS2B,1,Monday,13:00,13:40,1,13:00,4.5
SCH-047-LSN-0049,SCH-047,TCH-00641,nysc_corper,Civic Education,JSS2A,ROOM-JSS2A,1,Wednesday,13:00,13:40,1,13:00,4.5
SCH-047-LSN-0050,SCH-047,TCH-00641,nysc_corper,Basic Science,JSS1B,ROOM-JSS1B,1,Wednesday,13:40,14:20,1,13:40,4.5
SCH-047-LSN-0051,SCH-047,TCH-00641,nysc_corper,Civic Education,JSS1B,ROOM-JSS1B,1,Thursday,13:00,13:40,1,13:00,4.5
SCH-047-LSN-0052,SCH-047,TCH-00641,nysc_corper,Basic Science,JSS2B,ROOM-JSS2B,1,Thursday,13:40,14:20,1,13:40,4.5
SCH-048-LSN-0001,SCH-048,TCH-00642,veteran_staff_room_boss,Chemistry,SS3B,SCI-LAB-01,1,Monday,8:40,10:00,2,8:40,4
SCH-048-LSN-0002,SCH-048,TCH-00642,veteran_staff_room_boss,Chemistry,SS2B,SCI-LAB-01,1,Monday,10:00,11:20,2,10:00,4
SCH-048-LSN-0003,SCH-048,TCH-00642,veteran_staff_room_boss,Chemistry,SS1B,SCI-LAB-01,1,Tuesday,8:40,10:00,2,8:40,4
SCH-048-LSN-0004,SCH-048,TCH-00642,veteran_staff_room_boss,Chemistry,SS3B,SCI-LAB-01,1,Tuesday,10:00,11:20,2,10:00,4
SCH-048-LSN-0005,SCH-048,TCH-00643,hustling_subject_specialist,Physics,SS2B,SCI-LAB-01,1,Thursday,8:00,9:20,2,8:00,4
SCH-048-LSN-0006,SCH-048,TCH-00643,hustling_subject_specialist,Physics,SS3A,SCI-LAB-01,1,Thursday,9:20,10:40,2,9:20,4
SCH-048-LSN-0007,SCH-048,TCH-00643,hustling_subject_specialist,Physics,SS3A,SCI-LAB-01,1,Thursday,10:40,12:20,2,10:40,4
SCH-048-LSN-0008,SCH-048,TCH-00643,hustling_subject_specialist,Physics,SS2A,ROOM-SS2A,0,Tuesday,11:40,13:00,2,11:40,0
SCH-048-LSN-0009,SCH-048,TCH-00644,veteran_staff_room_boss,Physics,SS1B,SCI-LAB-01,1,Wednesday,8:40,9:20,1,8:40,4
SCH-048-LSN-0010,SCH-048,TCH-00644,veteran_staff_room_boss,Physics,SS3A,SCI-LAB-01,1,Wednesday,9:20,10:00,1,9:20,4
SCH-048-LSN-0011,SCH-048,TCH-00644,veteran_staff_room_boss,Physics,SS3B,SCI-LAB-01,1,Wednesday,10:00,10:40,1,10:00,4
SCH-048-LSN-0012,SCH-048,TCH-00644,veteran_staff_room_boss,Physics,SS3B,SCI-LAB-01,1,Thursday,8:40,9:20,1,8:40,4
SCH-048-LSN-0013,SCH-048,TCH-00644,veteran_staff_room_boss,Physics,SS3B,SCI-LAB-01,1,Thursday,9:20,10:00,1,9:20,4
SCH-048-LSN-0014,SCH-048,TCH-00644,veteran_staff_room_boss,Biology,SS1B,SCI-LAB-01,1,Friday,8:40,9:20,1,8:40,4
SCH-048-LSN-0015,SCH-048,TCH-00644,veteran_staff_room_boss,Physics,SS2B,SCI-LAB-01,1,Thursday,10:00,10:40,1,10:00,4
SCH-048-LSN-0016,SCH-048,TCH-00644,veteran_staff_room_boss,Physics,SS1B,SCI-LAB-01,1,Friday,9:20,10:00,1,9:20,4
SCH-048-LSN-0017,SCH-048,TCH-00645,nysc_corper,Civic Education,JSS3B,ROOM-JSS3B,1,Tuesday,13:00,13:40,1,13:00,4.5
SCH-048-LSN-0018,SCH-048,TCH-00645,nysc_corper,Civic Education,JSS1A,ROOM-JSS1A,1,Tuesday,13:40,14:20,1,13:40,4.5
SCH-048-LSN-0019,SCH-048,TCH-00645,nysc_corper,Civic Education,JSS3B,ROOM-JSS3B,1,Wednesday,13:00,13:40,1,13:00,4.5
SCH-048-LSN-0020,SCH-048,TCH-00645,nysc_corper,Basic Science,JSS3B,ROOM-JSS3B,1,Wednesday,13:40,14:20,1,13:40,4.5
SCH-048-LSN-0021,SCH-048,TCH-00646,nysc_corper,Basic Science,JSS1B,ROOM-JSS1B,1,Monday,13:00,13:40,1,13:00,4.5
SCH-048-LSN-0022,SCH-048,TCH-00646,nysc_corper,Civic Education,JSS1A,ROOM-JSS1A,1,Monday,13:40,14:20,1,13:40,4.5
SCH-048-LSN-0023,SCH-048,TCH-00646,nysc_corper,Basic Science,JSS3A,ROOM-JSS3A,1,Wednesday,13:00,13:40,1,13:00,4.5
SCH-048-LSN-0024,SCH-048,TCH-00646,nysc_corper,Civic Education,JSS3A,ROOM-JSS3A,1,Wednesday,13:40,14:20,1,13:40,4.5
SCH-048-LSN-0025,SCH-048,TCH-00647,nysc_corper,Civic Education,JSS3A,ROOM-JSS3A,1,Monday,13:00,13:40,1,13:00,4.5
SCH-048-LSN-0026,SCH-048,TCH-00647,nysc_corper,Basic Science,JSS3A,ROOM-JSS3A,1,Monday,13:40,14:20,1,13:40,4.5
SCH-048-LSN-0027,SCH-048,TCH-00647,nysc_corper,Basic Science,JSS1A,ROOM-JSS1A,1,Tuesday,13:00,13:40,1,13:00,4.5
SCH-048-LSN-0028,SCH-048,TCH-00647,nysc_corper,Basic Science,JSS2B,ROOM-JSS2B,1,Tuesday,13:40,14:20,1,13:40,4.5
SCH-048-LSN-0029,SCH-048,TCH-00647,nysc_corper,Civic Education,JSS3A,ROOM-JSS3A,1,Thursday,13:00,13:40,1,13:00,4.5
SCH-048-LSN-0030,SCH-048,TCH-00647,nysc_corper,Civic Education,JSS2A,ROOM-JSS2A,1,Thursday,13:40,14:20,1,13:40,4.5
SCH-048-LSN-0031,SCH-048,TCH-00648,overworked_generalist,Basic Technology,SS1A,ROOM-SS1A,0,Wednesday,10:00,13:00,4,10:00,1.45
SCH-048-LSN-0032,SCH-048,TCH-00648,overworked_generalist,PHE,SS2B,ROOM-SS2B,1,Tuesday,10:40,13:40,4,10:40,1.32
SCH-048-LSN-0033,SCH-048,TCH-00648,overworked_generalist,PHE,SS3B,ROOM-SS3B,1,Thursday,11:40,14:20,4,11:40,1.05
SCH-048-LSN-0034,SCH-048,TCH-00648,overworked_generalist,PHE,JSS1A,ROOM-JSS1A,1,Friday,8:00,10:40,4,8:00,1.44
SCH-048-LSN-0035,SCH-048,TCH-00648,overworked_generalist,PHE,JSS2B,ROOM-JSS2B,1,Monday,11:40,14:20,4,11:40,1.31
SCH-048-LSN-0036,SCH-048,TCH-00648,overworked_generalist,Basic Technology,SS2B,ROOM-SS2B,0,Tuesday,8:00,10:40,4,8:00,1.43
SCH-048-LSN-0037,SCH-048,TCH-00648,overworked_generalist,Basic Technology,JSS2B,ROOM-JSS2B,0,Thursday,8:40,11:20,4,8:40,1.43
SCH-048-LSN-0038,SCH-048,TCH-00648,overworked_generalist,PHE,SS2A,ROOM-SS2A,1,Monday,8:40,11:20,4,8:40,1.22
SCH-048-LSN-0039,SCH-048,TCH-00649,veteran_staff_room_boss,Physics,SS1A,SCI-LAB-01,1,Wednesday,8:40,9:20,1,8:40,4
SCH-048-LSN-0040,SCH-048,TCH-00649,veteran_staff_room_boss,Physics,SS3B,SCI-LAB-01,1,Wednesday,9:20,10:00,1,9:20,4
SCH-048-LSN-0041,SCH-048,TCH-00649,veteran_staff_room_boss,Physics,SS2B,SCI-LAB-01,1,Wednesday,10:00,10:40,1,10:00,4
SCH-048-LSN-0042,SCH-048,TCH-00649,veteran_staff_room_boss,Physics,SS1A,SCI-LAB-01,1,Thursday,8:40,9:20,1,8:40,4
SCH-048-LSN-0043,SCH-048,TCH-00650,overworked_generalist,PHE,SS2B,ROOM-SS2B,1,Wednesday,10:40,14:20,5,10:40,1.46
SCH-048-LSN-0044,SCH-048,TCH-00650,overworked_generalist,Basic Technology,SS2B,ROOM-SS2B,0,Thursday,10:40,14:20,5,10:40,1.37
SCH-048-LSN-0045,SCH-048,TCH-00650,overworked_generalist,PHE,SS3A,ROOM-SS3A,1,Tuesday,9:20,13:00,5,9:20,1.44
SCH-048-LSN-0046,SCH-048,TCH-00650,overworked_generalist,Basic Technology,SS1B,ROOM-SS1B,0,Monday,9:20,13:00,5,9:20,1.44
SCH-048-LSN-0047,SCH-048,TCH-00651,overworked_generalist,Basic Technology,SS2B,ROOM-SS2B,0,Friday,8:00,11:20,5,8:00,1.47
SCH-048-LSN-0048,SCH-048,TCH-00651,overworked_generalist,PHE,JSS3B,ROOM-JSS3B,1,Monday,8:00,11:20,5,8:00,1.49
SCH-048-LSN-0049,SCH-048,TCH-00651,overworked_generalist,CRS,JSS1B,ROOM-JSS1B,1,Tuesday,9:20,13:00,5,9:20,1.38
SCH-048-LSN-0050,SCH-048,TCH-00651,overworked_generalist,CRS,SS1B,ROOM-SS1B,1,Wednesday,9:20,13:00,5,9:20,1.39
SCH-048-LSN-0051,SCH-048,TCH-00651,overworked_generalist,CRS,JSS1A,ROOM-JSS1A,1,Thursday,10:40,14:20,5,10:40,1.09
SCH-048-LSN-0052,SCH-048,TCH-00652,veteran_staff_room_boss,Further Mathematics,SS1B,ROOM-SS1B,1,Tuesday,10:00,11:20,2,10:00,4
SCH-048-LSN-0053,SCH-048,TCH-00652,veteran_staff_room_boss,Further Mathematics,SS1A,ROOM-SS1A,1,Monday,8:40,10:00,2,8:40,4
SCH-048-LSN-0054,SCH-048,TCH-00652,veteran_staff_room_boss,Physics,SS3B,SCI-LAB-01,1,Thursday,10:00,11:20,2,10:00,4
SCH-048-LSN-0055,SCH-048,TCH-00652,veteran_staff_room_boss,Physics,SS1B,SCI-LAB-01,1,Friday,10:00,11:20,2,10:00,4
SCH-048-LSN-0056,SCH-048,TCH-00652,veteran_staff_room_boss,Further Mathematics,SS1B,ROOM-SS1B,1,Tuesday,11:40,13:00,2,11:40,0
SCH-048-LSN-0057,SCH-048,TCH-00652,veteran_staff_room_boss,Further Mathematics,SS3A,ROOM-SS3A,1,Monday,10:00,11:20,2,10:00,4
SCH-048-LSN-0058,SCH-048,TCH-00653,overworked_generalist,PHE,SS2B,ROOM-SS2B,1,Monday,11:40,14:20,4,11:40,1.34
SCH-048-LSN-0059,SCH-048,TCH-00653,overworked_generalist,CRS,JSS3A,ROOM-JSS3A,1,Wednesday,8:40,11:20,4,8:40,1.49
SCH-048-LSN-0060,SCH-048,TCH-00653,overworked_generalist,PHE,SS3B,ROOM-SS3B,1,Friday,8:40,11:20,4,8:40,1.16
SCH-048-LSN-0061,SCH-048,TCH-00653,overworked_generalist,PHE,JSS3B,ROOM-JSS3B,1,Thursday,10:00,13:00,4,10:00,1.35
SCH-048-LSN-0062,SCH-048,TCH-00653,overworked_generalist,Basic Technology,JSS1B,ROOM-JSS1B,0,Monday,8:40,11:20,4,8:40,1.34
SCH-048-LSN-0063,SCH-048,TCH-00653,overworked_generalist,Basic Technology,SS1A,ROOM-SS1A,0,Tuesday,9:20,12:20,4,9:20,1.3
SCH-048-LSN-0064,SCH-048,TCH-00653,overworked_generalist,PHE,JSS2B,ROOM-JSS2B,1,Wednesday,11:40,14:20,4,11:40,0.79
SCH-048-LSN-0065,SCH-048,TCH-00654,hustling_subject_specialist,Physics,SS1A,SCI-LAB-01,1,Thursday,9:20,11:20,3,9:20,4
SCH-048-LSN-0066,SCH-048,TCH-00654,hustling_subject_specialist,Economics,SS1A,ROOM-SS1A,1,Monday,10:00,12:20,3,10:00,4
SCH-048-LSN-0067,SCH-048,TCH-00654,hustling_subject_specialist,Physics,SS3B,SCI-LAB-01,1,Wednesday,10:40,13:00,3,10:40,4
SCH-048-LSN-0068,SCH-048,TCH-00654,hustling_subject_specialist,Economics,SS1A,ROOM-SS1A,1,Thursday,11:40,13:40,3,11:40,0
SCH-048-LSN-0069,SCH-048,TCH-00654,hustling_subject_specialist,Physics,SS3A,ROOM-SS3A,0,Monday,8:00,10:00,3,8:00,4
SCH-048-LSN-0070,SCH-048,TCH-00654,hustling_subject_specialist,Physics,SS2B,SCI-LAB-01,1,Wednesday,8:00,10:00,3,8:00,4
SCH-048-LSN-0071,SCH-048,TCH-00654,hustling_subject_specialist,Physics,SS2A,SCI-LAB-01,1,Monday,12:20,14:20,3,12:20,-4
SCH-049-LSN-0001,SCH-049,TCH-00655,hustling_subject_specialist,Physics,SS1A,SCI-LAB-01,1,Monday,8:00,9:20,2,8:00,4
SCH-049-LSN-0002,SCH-049,TCH-00655,hustling_subject_specialist,Physics,SS2A,SCI-LAB-01,1,Monday,9:20,10:40,2,9:20,4
SCH-049-LSN-0003,SCH-049,TCH-00656,veteran_staff_room_boss,Chemistry,SS1B,SCI-LAB-01,1,Tuesday,8:40,10:00,2,8:40,4
SCH-049-LSN-0004,SCH-049,TCH-00656,veteran_staff_room_boss,Chemistry,SS3B,SCI-LAB-01,1,Tuesday,10:00,11:20,2,10:00,4
SCH-049-LSN-0005,SCH-049,TCH-00656,veteran_staff_room_boss,Chemistry,SS3A,SCI-LAB-01,1,Wednesday,8:40,10:00,2,8:40,4
SCH-049-LSN-0006,SCH-049,TCH-00656,veteran_staff_room_boss,Physics,SS1B,SCI-LAB-01,1,Monday,8:40,10:00,2,8:40,4
SCH-049-LSN-0007,SCH-049,TCH-00656,veteran_staff_room_boss,Chemistry,SS2A,SCI-LAB-01,1,Wednesday,10:00,11:20,2,10:00,4
SCH-049-LSN-0008,SCH-049,TCH-00656,veteran_staff_room_boss,Physics,SS2A,SCI-LAB-01,1,Thursday,8:40,10:00,2,8:40,4
SCH-049-LSN-0009,SCH-049,TCH-00657,overworked_generalist,CRS,JSS2A,ROOM-JSS2A,1,Thursday,8:40,11:20,4,8:40,1.36
SCH-049-LSN-0010,SCH-049,TCH-00657,overworked_generalist,Basic Technology,JSS3B,WORKSHOP-01,1,Monday,10:00,13:00,4,10:00,1.48
SCH-049-LSN-0011,SCH-049,TCH-00657,overworked_generalist,Basic Technology,JSS2B,ROOM-JSS2B,0,Wednesday,10:00,13:00,4,10:00,1.35
SCH-049-LSN-0012,SCH-049,TCH-00657,overworked_generalist,Basic Technology,SS1B,ROOM-SS1B,0,Tuesday,10:40,13:40,4,10:40,1.4
SCH-049-LSN-0013,SCH-049,TCH-00658,overworked_generalist,Basic Technology,JSS3A,ROOM-JSS3A,0,Thursday,10:40,14:20,5,10:40,1.48
SCH-049-LSN-0014,SCH-049,TCH-00658,overworked_generalist,Basic Technology,SS1A,WORKSHOP-01,1,Wednesday,8:40,12:20,5,8:40,1.38
SCH-049-LSN-0015,SCH-049,TCH-00658,overworked_generalist,CRS,SS3A,ROOM-SS3A,1,Tuesday,8:00,11:20,5,8:00,1.43
SCH-049-LSN-0016,SCH-049,TCH-00658,overworked_generalist,CRS,JSS1B,ROOM-JSS1B,1,Monday,10:00,13:40,5,10:00,1.5
SCH-049-LSN-0017,SCH-049,TCH-00658,overworked_generalist,CRS,JSS1B,ROOM-JSS1B,1,Friday,8:00,11:20,5,8:00,0.96
SCH-049-LSN-0018,SCH-049,TCH-00659,overworked_generalist,PHE,JSS2B,ROOM-JSS2B,1,Friday,9:20,12:20,4,9:20,1.47
SCH-049-LSN-0019,SCH-049,TCH-00659,overworked_generalist,PHE,SS2B,ROOM-SS2B,1,Tuesday,8:40,11:20,4,8:40,1.44
SCH-049-LSN-0020,SCH-049,TCH-00659,overworked_generalist,Basic Technology,SS3A,ROOM-SS3A,0,Thursday,9:20,12:20,4,9:20,1.48
SCH-049-LSN-0021,SCH-049,TCH-00659,overworked_generalist,PHE,JSS3A,ROOM-JSS3A,1,Wednesday,10:00,13:00,4,10:00,1.31
SCH-049-LSN-0022,SCH-049,TCH-00659,overworked_generalist,PHE,JSS3A,ROOM-JSS3A,1,Monday,10:00,13:00,4,10:00,1.18
SCH-049-LSN-0023,SCH-049,TCH-00659,overworked_generalist,Basic Technology,JSS1B,WORKSHOP-01,1,Tuesday,11:40,14:20,4,11:40,0.65
SCH-049-LSN-0024,SCH-049,TCH-00660,veteran_staff_room_boss,Chemistry,SS3A,SCI-LAB-01,1,Wednesday,10:00,11:20,2,10:00,4
SCH-049-LSN-0025,SCH-049,TCH-00660,veteran_staff_room_boss,Chemistry,SS2B,SCI-LAB-01,1,Thursday,10:00,11:20,2,10:00,4
SCH-049-LSN-0026,SCH-049,TCH-00660,veteran_staff_room_boss,Chemistry,SS1A,SCI-LAB-01,1,Tuesday,8:40,10:00,2,8:40,4
SCH-049-LSN-0027,SCH-049,TCH-00661,nysc_corper,Civic Education,JSS1A,ROOM-JSS1A,1,Monday,13:00,13:40,1,13:00,4.5
SCH-049-LSN-0028,SCH-049,TCH-00661,nysc_corper,Basic Science,JSS2A,ROOM-JSS2A,1,Monday,13:40,14:20,1,13:40,4.5
SCH-049-LSN-0029,SCH-049,TCH-00661,nysc_corper,Civic Education,JSS2A,ROOM-JSS2A,1,Tuesday,13:00,13:40,1,13:00,4.5
SCH-049-LSN-0030,SCH-049,TCH-00661,nysc_corper,Basic Science,JSS3A,ROOM-JSS3A,1,Tuesday,13:40,14:20,1,13:40,4.5
SCH-049-LSN-0031,SCH-049,TCH-00661,nysc_corper,Civic Education,JSS1B,ROOM-JSS1B,1,Wednesday,13:00,13:40,1,13:00,4.5
SCH-049-LSN-0032,SCH-049,TCH-00661,nysc_corper,Civic Education,JSS3B,ROOM-JSS3B,1,Wednesday,13:40,14:20,1,13:40,4.5
SCH-049-LSN-0033,SCH-049,TCH-00662,hustling_subject_specialist,Physics,SS2A,SCI-LAB-01,1,Tuesday,11:40,13:40,3,11:40,0
SCH-049-LSN-0034,SCH-049,TCH-00662,hustling_subject_specialist,Physics,SS2B,SCI-LAB-01,1,Thursday,8:00,10:00,3,8:00,4
SCH-049-LSN-0035,SCH-049,TCH-00662,hustling_subject_specialist,Physics,SS2A,SCI-LAB-01,1,Wednesday,11:40,13:40,3,11:40,0
SCH-049-LSN-0036,SCH-049,TCH-00662,hustling_subject_specialist,Physics,SS2A,ROOM-SS2A,0,Tuesday,9:20,11:20,3,9:20,4
SCH-049-LSN-0037,SCH-049,TCH-00663,overworked_generalist,CRS,JSS1A,ROOM-JSS1A,1,Monday,9:20,13:00,5,9:20,1.44
SCH-049-LSN-0038,SCH-049,TCH-00663,overworked_generalist,Basic Technology,JSS3A,ROOM-JSS3A,0,Tuesday,8:00,11:20,5,8:00,1.46
SCH-049-LSN-0039,SCH-049,TCH-00663,overworked_generalist,CRS,SS2B,ROOM-SS2B,1,Friday,8:00,11:20,5,8:00,1.35
SCH-049-LSN-0040,SCH-049,TCH-00663,overworked_generalist,CRS,SS2B,ROOM-SS2B,1,Wednesday,10:40,14:20,5,10:40,1.11
SCH-049-LSN-0041,SCH-049,TCH-00663,overworked_generalist,CRS,SS1B,ROOM-SS1B,1,Thursday,10:40,14:20,5,10:40,1.44
SCH-049-LSN-0042,SCH-049,TCH-00664,overworked_generalist,CRS,SS1A,ROOM-SS1A,1,Friday,8:00,11:20,5,8:00,1.19
SCH-049-LSN-0043,SCH-049,TCH-00664,overworked_generalist,Basic Technology,SS1B,ROOM-SS1B,0,Wednesday,8:40,12:20,5,8:40,1.31
SCH-049-LSN-0044,SCH-049,TCH-00664,overworked_generalist,Basic Technology,JSS2A,ROOM-JSS2A,0,Tuesday,8:40,12:20,5,8:40,1.47
SCH-049-LSN-0045,SCH-049,TCH-00664,overworked_generalist,Basic Technology,JSS1A,ROOM-JSS1A,0,Thursday,8:40,12:20,5,8:40,1.44
SCH-049-LSN-0046,SCH-049,TCH-00664,overworked_generalist,Basic Technology,JSS2B,ROOM-JSS2B,0,Monday,10:00,13:40,5,10:00,1.26
SCH-049-LSN-0047,SCH-049,TCH-00665,veteran_staff_room_boss,Biology,SS1A,SCI-LAB-01,1,Monday,10:40,12:20,2,10:40,0
SCH-049-LSN-0048,SCH-049,TCH-00665,veteran_staff_room_boss,Biology,SS1A,SCI-LAB-01,1,Thursday,11:40,13:00,2,11:40,0
SCH-049-LSN-0049,SCH-049,TCH-00666,nysc_corper,Civic Education,JSS2B,ROOM-JSS2B,1,Monday,13:40,14:20,1,13:40,4.5
SCH-049-LSN-0050,SCH-049,TCH-00666,nysc_corper,Basic Science,JSS1B,ROOM-JSS1B,1,Thursday,13:00,13:40,1,13:00,4.5
SCH-049-LSN-0051,SCH-049,TCH-00666,nysc_corper,Civic Education,JSS2B,ROOM-JSS2B,1,Tuesday,13:00,13:40,1,13:00,4.5
SCH-049-LSN-0052,SCH-049,TCH-00666,nysc_corper,Basic Science,JSS3A,ROOM-JSS3A,1,Monday,13:00,13:40,1,13:00,4.5
SCH-049-LSN-0053,SCH-049,TCH-00666,nysc_corper,Basic Science,JSS2B,ROOM-JSS2B,1,Tuesday,13:40,14:20,1,13:40,4.5
SCH-049-LSN-0054,SCH-049,TCH-00666,nysc_corper,Basic Science,JSS3A,ROOM-JSS3A,1,Monday,8:00,8:40,1,8:00,0
SCH-049-LSN-0055,SCH-049,TCH-00666,nysc_corper,Civic Education,JSS2B,ROOM-JSS2B,1,Thursday,13:40,14:20,1,13:40,4.5
SCH-049-LSN-0056,SCH-049,TCH-00666,nysc_corper,Basic Science,JSS2B,ROOM-JSS2B,1,Monday,8:40,9:20,1,8:40,0
SCH-049-LSN-0057,SCH-049,TCH-00667,nysc_corper,Basic Science,JSS2B,ROOM-JSS2B,1,Wednesday,13:00,13:40,1,13:00,4.5
SCH-049-LSN-0058,SCH-049,TCH-00667,nysc_corper,Basic Science,JSS2A,ROOM-JSS2A,1,Monday,13:00,13:40,1,13:00,4.5
SCH-049-LSN-0059,SCH-049,TCH-00667,nysc_corper,Basic Science,JSS1B,ROOM-JSS1B,1,Monday,13:40,14:20,1,13:40,4.5
SCH-049-LSN-0060,SCH-049,TCH-00667,nysc_corper,Basic Science,JSS1B,ROOM-JSS1B,1,Wednesday,13:40,14:20,1,13:40,4.5
SCH-049-LSN-0061,SCH-049,TCH-00668,overworked_generalist,PHE,SS2A,ROOM-SS2A,1,Thursday,12:20,14:20,3,12:20,1.34
SCH-049-LSN-0062,SCH-049,TCH-00668,overworked_generalist,Basic Technology,SS2B,ROOM-SS2B,0,Tuesday,11:40,13:40,3,11:40,1.44
SCH-049-LSN-0063,SCH-049,TCH-00668,overworked_generalist,Basic Technology,JSS3A,ROOM-JSS3A,0,Thursday,8:40,10:40,3,8:40,1.44
SCH-049-LSN-0064,SCH-049,TCH-00668,overworked_generalist,PHE,SS1A,ROOM-SS1A,1,Wednesday,12:20,14:20,3,12:20,1.39
SCH-049-LSN-0065,SCH-049,TCH-00668,overworked_generalist,PHE,JSS3A,ROOM-JSS3A,1,Friday,9:20,11:20,3,9:20,1.16
SCH-049-LSN-0066,SCH-049,TCH-00668,overworked_generalist,Basic Technology,JSS1A,ROOM-JSS1A,0,Wednesday,8:00,10:00,3,8:00,1.41
SCH-049-LSN-0067,SCH-049,TCH-00668,overworked_generalist,PHE,SS3A,ROOM-SS3A,1,Monday,9:20,11:20,3,9:20,1.47
SCH-049-LSN-0068,SCH-049,TCH-00668,overworked_generalist,PHE,JSS3B,ROOM-JSS3B,1,Tuesday,9:20,11:20,3,9:20,1.38
SCH-049-LSN-0069,SCH-049,TCH-00668,overworked_generalist,CRS,SS3B,ROOM-SS3B,1,Monday,11:40,13:40,3,11:40,0.82
SCH-049-LSN-0070,SCH-049,TCH-00669,hustling_subject_specialist,Further Mathematics,SS2A,ROOM-SS2A,1,Monday,8:00,9:20,2,8:00,4
SCH-049-LSN-0071,SCH-049,TCH-00669,hustling_subject_specialist,Further Mathematics,SS2A,ROOM-SS2A,1,Monday,10:40,12:20,2,10:40,4
SCH-049-LSN-0072,SCH-049,TCH-00669,hustling_subject_specialist,Further Mathematics,SS1B,ROOM-SS1B,1,Thursday,8:00,9:20,2,8:00,4
SCH-050-LSN-0001,SCH-050,TCH-00670,overworked_generalist,PHE,JSS1A,ROOM-JSS1A,1,Monday,11:40,14:20,4,11:40,1.49
SCH-050-LSN-0002,SCH-050,TCH-00670,overworked_generalist,Basic Technology,SS3B,ROOM-SS3B,0,Tuesday,10:40,13:40,4,10:40,1.5
SCH-050-LSN-0003,SCH-050,TCH-00670,overworked_generalist,PHE,JSS2B,ROOM-JSS2B,1,Wednesday,9:20,12:20,4,9:20,1.42
SCH-050-LSN-0004,SCH-050,TCH-00670,overworked_generalist,Basic Technology,JSS1B,ROOM-JSS1B,0,Thursday,11:40,14:20,4,11:40,1.49
SCH-050-LSN-0005,SCH-050,TCH-00670,overworked_generalist,PHE,SS2A,ROOM-SS2A,1,Friday,8:00,10:40,4,8:00,1.22
SCH-050-LSN-0006,SCH-050,TCH-00670,overworked_generalist,CRS,SS1B,ROOM-SS1B,1,Thursday,8:40,11:20,4,8:40,1.44
SCH-050-LSN-0007,SCH-050,TCH-00670,overworked_generalist,Basic Technology,SS2B,ROOM-SS2B,0,Tuesday,8:00,10:40,4,8:00,1.44
SCH-050-LSN-0008,SCH-050,TCH-00670,overworked_generalist,Basic Technology,SS3B,ROOM-SS3B,0,Monday,8:40,11:20,4,8:40,1.36
SCH-050-LSN-0009,SCH-050,TCH-00671,nysc_corper,Civic Education,JSS3B,ROOM-JSS3B,1,Tuesday,13:00,13:40,1,13:00,4.5
SCH-050-LSN-0010,SCH-050,TCH-00671,nysc_corper,Basic Science,JSS1B,ROOM-JSS1B,1,Tuesday,13:40,14:20,1,13:40,4.5
SCH-050-LSN-0011,SCH-050,TCH-00671,nysc_corper,Civic Education,JSS3A,ROOM-JSS3A,1,Wednesday,13:00,13:40,1,13:00,4.5
SCH-050-LSN-0012,SCH-050,TCH-00671,nysc_corper,Basic Science,JSS1A,ROOM-JSS1A,1,Wednesday,13:40,14:20,1,13:40,4.5
SCH-050-LSN-0013,SCH-050,TCH-00671,nysc_corper,Civic Education,JSS1B,ROOM-JSS1B,1,Tuesday,8:00,8:40,1,8:00,0
SCH-050-LSN-0014,SCH-050,TCH-00671,nysc_corper,Civic Education,JSS3A,ROOM-JSS3A,1,Thursday,13:00,13:40,1,13:00,4.5
SCH-050-LSN-0015,SCH-050,TCH-00671,nysc_corper,Basic Science,JSS2A,ROOM-JSS2A,1,Thursday,13:40,14:20,1,13:40,4.5
SCH-050-LSN-0016,SCH-050,TCH-00671,nysc_corper,Civic Education,JSS3A,ROOM-JSS3A,1,Tuesday,8:40,9:20,1,8:40,0
SCH-050-LSN-0017,SCH-050,TCH-00672,overworked_generalist,PHE,JSS3B,ROOM-JSS3B,1,Friday,8:40,10:40,3,8:40,1.47
SCH-050-LSN-0018,SCH-050,TCH-00672,overworked_generalist,PHE,JSS2A,ROOM-JSS2A,1,Tuesday,11:40,13:40,3,11:40,1.5
SCH-050-LSN-0019,SCH-050,TCH-00672,overworked_generalist,PHE,JSS3B,ROOM-JSS3B,1,Wednesday,9:20,11:20,3,9:20,1.47
SCH-050-LSN-0020,SCH-050,TCH-00672,overworked_generalist,Basic Technology,JSS1B,WORKSHOP-01,1,Monday,8:00,10:00,3,8:00,1.38
SCH-050-LSN-0021,SCH-050,TCH-00672,overworked_generalist,PHE,SS1A,ROOM-SS1A,1,Thursday,8:00,10:00,3,8:00,1.49
SCH-050-LSN-0022,SCH-050,TCH-00672,overworked_generalist,Basic Technology,SS2B,WORKSHOP-01,1,Thursday,11:40,13:40,3,11:40,1.43
SCH-050-LSN-0023,SCH-050,TCH-00673,overworked_generalist,PHE,JSS1A,ROOM-JSS1A,1,Friday,9:20,12:20,4,9:20,1.38
SCH-050-LSN-0024,SCH-050,TCH-00673,overworked_generalist,CRS,JSS3B,ROOM-JSS3B,1,Tuesday,10:00,13:00,4,10:00,1.43
SCH-050-LSN-0025,SCH-050,TCH-00673,overworked_generalist,PHE,JSS2B,ROOM-JSS2B,1,Monday,8:00,10:40,4,8:00,1.47
SCH-050-LSN-0026,SCH-050,TCH-00673,overworked_generalist,Basic Technology,SS1A,ROOM-SS1A,0,Monday,11:40,14:20,4,11:40,1.43
SCH-050-LSN-0027,SCH-050,TCH-00673,overworked_generalist,CRS,SS1B,ROOM-SS1B,1,Wednesday,10:40,13:40,4,10:40,1.47
SCH-050-LSN-0028,SCH-050,TCH-00673,overworked_generalist,Basic Technology,JSS2A,ROOM-JSS2A,0,Wednesday,8:00,10:40,4,8:00,1.46
SCH-050-LSN-0029,SCH-050,TCH-00673,overworked_generalist,Basic Technology,SS2A,ROOM-SS2A,0,Thursday,9:20,12:20,4,9:20,1.4
SCH-050-LSN-0030,SCH-050,TCH-00674,hustling_subject_specialist,Physics,SS1B,SCI-LAB-01,1,Wednesday,8:00,10:00,3,8:00,4
SCH-050-LSN-0031,SCH-050,TCH-00674,hustling_subject_specialist,Physics,SS1B,SCI-LAB-01,1,Thursday,11:40,13:40,3,11:40,0
SCH-050-LSN-0032,SCH-050,TCH-00675,nysc_corper,Basic Science,JSS3B,ROOM-JSS3B,1,Tuesday,13:40,14:20,1,13:40,4.5
SCH-050-LSN-0033,SCH-050,TCH-00675,nysc_corper,Civic Education,JSS2A,ROOM-JSS2A,1,Wednesday,13:00,13:40,1,13:00,4.5
SCH-050-LSN-0034,SCH-050,TCH-00675,nysc_corper,Basic Science,JSS1A,ROOM-JSS1A,1,Tuesday,13:00,13:40,1,13:00,4.5
SCH-050-LSN-0035,SCH-050,TCH-00675,nysc_corper,Basic Science,JSS1B,ROOM-JSS1B,1,Wednesday,13:40,14:20,1,13:40,4.5
SCH-050-LSN-0036,SCH-050,TCH-00676,hustling_subject_specialist,Further Mathematics,SS2A,ROOM-SS2A,1,Tuesday,8:00,10:00,3,8:00,4
SCH-050-LSN-0037,SCH-050,TCH-00676,hustling_subject_specialist,Further Mathematics,SS1B,ROOM-SS1B,1,Tuesday,10:00,12:20,3,10:00,4
SCH-050-LSN-0038,SCH-050,TCH-00677,hustling_subject_specialist,Further Mathematics,SS1A,ROOM-SS1A,1,Tuesday,8:00,10:00,3,8:00,4
SCH-050-LSN-0039,SCH-050,TCH-00677,hustling_subject_specialist,Further Mathematics,SS1A,ROOM-SS1A,1,Tuesday,10:00,12:20,3,10:00,4
SCH-050-LSN-0040,SCH-050,TCH-00677,hustling_subject_specialist,Economics,SS2B,ROOM-SS2B,1,Wednesday,8:00,10:00,3,8:00,4
SCH-050-LSN-0041,SCH-050,TCH-00677,hustling_subject_specialist,Further Mathematics,SS3A,ROOM-SS3A,1,Wednesday,10:00,12:20,3,10:00,4
SCH-050-LSN-0042,SCH-050,TCH-00678,veteran_staff_room_boss,Further Mathematics,SS2B,ROOM-SS2B,1,Monday,8:40,9:20,1,8:40,4
SCH-050-LSN-0043,SCH-050,TCH-00678,veteran_staff_room_boss,Further Mathematics,SS2A,ROOM-SS2A,1,Monday,9:20,10:00,1,9:20,4
SCH-050-LSN-0044,SCH-050,TCH-00679,nysc_corper,Civic Education,JSS3B,ROOM-JSS3B,1,Monday,13:00,13:40,1,13:00,4.5
SCH-050-LSN-0045,SCH-050,TCH-00679,nysc_corper,Civic Education,JSS1B,ROOM-JSS1B,1,Monday,13:40,14:20,1,13:40,4.5
SCH-050-LSN-0046,SCH-050,TCH-00680,veteran_staff_room_boss,Biology,SS3A,SCI-LAB-01,1,Monday,8:40,9:20,1,8:40,4
SCH-050-LSN-0047,SCH-050,TCH-00680,veteran_staff_room_boss,Biology,SS3A,SCI-LAB-01,1,Monday,9:20,10:00,1,9:20,4
SCH-050-LSN-0048,SCH-050,TCH-00680,veteran_staff_room_boss,Physics,SS2B,SCI-LAB-01,1,Monday,10:00,10:40,1,10:00,4
SCH-050-LSN-0049,SCH-050,TCH-00680,veteran_staff_room_boss,Physics,SS2A,SCI-LAB-01,1,Tuesday,10:00,10:40,1,10:00,4
SCH-050-LSN-0050,SCH-050,TCH-00681,overworked_generalist,PHE,JSS3B,ROOM-JSS3B,1,Thursday,8:40,12:20,5,8:40,1.49
SCH-050-LSN-0051,SCH-050,TCH-00681,overworked_generalist,Basic Technology,JSS1B,WORKSHOP-01,1,Wednesday,8:40,12:20,5,8:40,1.31
SCH-050-LSN-0052,SCH-050,TCH-00681,overworked_generalist,CRS,SS2B,ROOM-SS2B,1,Friday,8:40,12:20,5,8:40,1.03
SCH-050-LSN-0053,SCH-050,TCH-00681,overworked_generalist,PHE,JSS1B,ROOM-JSS1B,1,Tuesday,8:40,12:20,5,8:40,1.33
SCH-050-LSN-0054,SCH-050,TCH-00681,overworked_generalist,CRS,SS2A,ROOM-SS2A,1,Monday,10:40,14:20,5,10:40,1.22
SCH-050-LSN-0055,SCH-050,TCH-00682,veteran_staff_room_boss,Chemistry,SS2A,SCI-LAB-01,1,Wednesday,10:00,10:40,1,10:00,4
SCH-050-LSN-0056,SCH-050,TCH-00682,veteran_staff_room_boss,Chemistry,SS3B,SCI-LAB-01,1,Tuesday,8:40,9:20,1,8:40,4
SCH-050-LSN-0057,SCH-050,TCH-00682,veteran_staff_room_boss,Chemistry,SS2B,SCI-LAB-01,1,Thursday,8:40,9:20,1,8:40,4
SCH-050-LSN-0058,SCH-050,TCH-00683,overworked_generalist,CRS,JSS3B,ROOM-JSS3B,1,Thursday,12:20,14:20,3,12:20,1.47
SCH-050-LSN-0059,SCH-050,TCH-00683,overworked_generalist,Basic Technology,JSS2B,ROOM-JSS2B,0,Thursday,9:20,11:20,3,9:20,1.5
SCH-050-LSN-0060,SCH-050,TCH-00683,overworked_generalist,Basic Technology,SS2A,ROOM-SS2A,0,Wednesday,8:00,10:00,3,8:00,1.46
SCH-050-LSN-0061,SCH-050,TCH-00683,overworked_generalist,Basic Technology,JSS2A,ROOM-JSS2A,0,Monday,11:40,13:40,3,11:40,1.42
SCH-050-LSN-0062,SCH-050,TCH-00684,overworked_generalist,CRS,SS2A,ROOM-SS2A,1,Tuesday,10:40,13:40,4,10:40,1.22
SCH-050-LSN-0063,SCH-050,TCH-00684,overworked_generalist,Basic Technology,JSS2A,WORKSHOP-01,1,Thursday,9:20,12:20,4,9:20,1.36
SCH-050-LSN-0064,SCH-050,TCH-00684,overworked_generalist,CRS,SS2A,ROOM-SS2A,1,Wednesday,10:40,13:40,4,10:40,1.06
SCH-050-LSN-0065,SCH-050,TCH-00684,overworked_generalist,CRS,JSS3A,ROOM-JSS3A,1,Wednesday,8:00,10:40,4,8:00,1.47
SCH-050-LSN-0066,SCH-050,TCH-00684,overworked_generalist,Basic Technology,SS3A,ROOM-SS3A,0,Monday,10:40,13:40,4,10:40,1.41
SCH-050-LSN-0067,SCH-050,TCH-00684,overworked_generalist,Basic Technology,JSS3B,WORKSHOP-01,1,Monday,8:00,10:40,4,8:00,1.36
SCH-050-LSN-0068,SCH-050,TCH-00684,overworked_generalist,Basic Technology,SS3A,ROOM-SS3A,0,Friday,8:00,10:40,4,8:00,1.37
SCH-051-LSN-0001,SCH-051,TCH-00685,overworked_generalist,Basic Technology,SS1A,ROOM-SS1A,0,Monday,10:40,14:20,5,10:40,1.49
SCH-051-LSN-0002,SCH-051,TCH-00685,overworked_generalist,CRS,SS2B,ROOM-SS2B,1,Thursday,10:40,14:20,5,10:40,1.47
SCH-051-LSN-0003,SCH-051,TCH-00685,overworked_generalist,Basic Technology,SS3B,WORKSHOP-01,1,Wednesday,9:20,13:00,5,9:20,1.31
SCH-051-LSN-0004,SCH-051,TCH-00685,overworked_generalist,Basic Technology,JSS3A,ROOM-JSS3A,0,Tuesday,9:20,13:00,5,9:20,1.41
SCH-051-LSN-0005,SCH-051,TCH-00686,veteran_staff_room_boss,Biology,SS2B,SCI-LAB-01,1,Monday,8:40,9:20,1,8:40,4
SCH-051-LSN-0006,SCH-051,TCH-00686,veteran_staff_room_boss,Biology,SS3A,SCI-LAB-01,1,Monday,9:20,10:00,1,9:20,4
SCH-051-LSN-0007,SCH-051,TCH-00686,veteran_staff_room_boss,Further Mathematics,SS2A,ROOM-SS2A,1,Monday,10:00,10:40,1,10:00,4
SCH-051-LSN-0008,SCH-051,TCH-00686,veteran_staff_room_boss,Further Mathematics,SS2A,ROOM-SS2A,1,Tuesday,8:40,9:20,1,8:40,4
SCH-051-LSN-0009,SCH-051,TCH-00686,veteran_staff_room_boss,Further Mathematics,SS3B,ROOM-SS3B,1,Tuesday,9:20,10:00,1,9:20,4
SCH-051-LSN-0010,SCH-051,TCH-00686,veteran_staff_room_boss,Further Mathematics,SS1B,ROOM-SS1B,1,Tuesday,10:00,10:40,1,10:00,4
SCH-051-LSN-0011,SCH-051,TCH-00686,veteran_staff_room_boss,Biology,SS2A,SCI-LAB-01,1,Wednesday,8:40,9:20,1,8:40,4
SCH-051-LSN-0012,SCH-051,TCH-00686,veteran_staff_room_boss,Biology,SS2B,SCI-LAB-01,1,Wednesday,9:20,10:00,1,9:20,4
SCH-051-LSN-0013,SCH-051,TCH-00687,nysc_corper,Basic Science,JSS1A,ROOM-JSS1A,1,Monday,13:00,13:40,1,13:00,4.5
SCH-051-LSN-0014,SCH-051,TCH-00687,nysc_corper,Civic Education,JSS3A,ROOM-JSS3A,1,Monday,13:40,14:20,1,13:40,4.5
SCH-051-LSN-0015,SCH-051,TCH-00687,nysc_corper,Civic Education,JSS2B,ROOM-JSS2B,1,Tuesday,13:00,13:40,1,13:00,4.5
SCH-051-LSN-0016,SCH-051,TCH-00687,nysc_corper,Civic Education,JSS1B,ROOM-JSS1B,1,Tuesday,13:40,14:20,1,13:40,4.5
SCH-051-LSN-0017,SCH-051,TCH-00687,nysc_corper,Civic Education,JSS3A,ROOM-JSS3A,1,Wednesday,13:00,13:40,1,13:00,4.5
SCH-051-LSN-0018,SCH-051,TCH-00687,nysc_corper,Civic Education,JSS2A,ROOM-JSS2A,1,Wednesday,13:40,14:20,1,13:40,4.5
SCH-051-LSN-0019,SCH-051,TCH-00687,nysc_corper,Civic Education,JSS3A,ROOM-JSS3A,1,Monday,8:00,8:40,1,8:00,0
SCH-051-LSN-0020,SCH-051,TCH-00687,nysc_corper,Basic Science,JSS1A,ROOM-JSS1A,1,Monday,8:40,9:20,1,8:40,0
SCH-051-LSN-0021,SCH-051,TCH-00688,hustling_subject_specialist,Physics,SS2B,ROOM-SS2B,0,Tuesday,8:00,9:20,2,8:00,4
SCH-051-LSN-0022,SCH-051,TCH-00688,hustling_subject_specialist,Physics,SS3A,SCI-LAB-01,1,Tuesday,9:20,10:40,2,9:20,4
SCH-051-LSN-0023,SCH-051,TCH-00689,overworked_generalist,Basic Technology,JSS3A,WORKSHOP-01,1,Friday,9:20,12:20,4,9:20,1.45
SCH-051-LSN-0024,SCH-051,TCH-00689,overworked_generalist,CRS,JSS1A,ROOM-JSS1A,1,Wednesday,9:20,12:20,4,9:20,1.41
SCH-051-LSN-0025,SCH-051,TCH-00689,overworked_generalist,Basic Technology,SS2A,ROOM-SS2A,0,Tuesday,10:40,13:40,4,10:40,1.5
SCH-051-LSN-0026,SCH-051,TCH-00689,overworked_generalist,Basic Technology,JSS3B,ROOM-JSS3B,0,Monday,10:00,13:00,4,10:00,1.5
SCH-051-LSN-0027,SCH-051,TCH-00689,overworked_generalist,CRS,SS1B,ROOM-SS1B,1,Thursday,10:40,13:40,4,10:40,1.41
SCH-051-LSN-0028,SCH-051,TCH-00689,overworked_generalist,PHE,SS3A,ROOM-SS3A,1,Thursday,8:00,10:40,4,8:00,1.32
SCH-051-LSN-0029,SCH-051,TCH-00689,overworked_generalist,CRS,JSS1B,ROOM-JSS1B,1,Tuesday,8:00,10:40,4,8:00,0.82
SCH-051-LSN-0030,SCH-051,TCH-00690,veteran_staff_room_boss,Biology,SS2B,SCI-LAB-01,1,Monday,9:20,10:40,2,9:20,4
SCH-051-LSN-0031,SCH-051,TCH-00690,veteran_staff_room_boss,Biology,SS3A,SCI-LAB-01,1,Wednesday,8:40,10:00,2,8:40,4
SCH-051-LSN-0032,SCH-051,TCH-00690,veteran_staff_room_boss,Biology,SS1B,SCI-LAB-01,1,Wednesday,10:00,11:20,2,10:00,4
SCH-051-LSN-0033,SCH-051,TCH-00691,nysc_corper,Basic Science,JSS1B,ROOM-JSS1B,1,Monday,13:00,13:40,1,13:00,4.5
SCH-051-LSN-0034,SCH-051,TCH-00691,nysc_corper,Basic Science,JSS3B,ROOM-JSS3B,1,Monday,13:40,14:20,1,13:40,4.5
SCH-051-LSN-0035,SCH-051,TCH-00691,nysc_corper,Basic Science,JSS2A,ROOM-JSS2A,1,Wednesday,13:00,13:40,1,13:00,4.5
SCH-051-LSN-0036,SCH-051,TCH-00692,hustling_subject_specialist,Economics,SS3A,ROOM-SS3A,1,Monday,10:00,12:20,3,10:00,4
SCH-051-LSN-0037,SCH-051,TCH-00692,hustling_subject_specialist,Further Mathematics,SS1A,ROOM-SS1A,1,Monday,8:00,10:00,3,8:00,4
SCH-051-LSN-0038,SCH-051,TCH-00692,hustling_subject_specialist,Economics,SS2A,ROOM-SS2A,1,Thursday,8:00,10:00,3,8:00,4
SCH-051-LSN-0039,SCH-051,TCH-00692,hustling_subject_specialist,Economics,SS3A,ROOM-SS3A,1,Thursday,10:40,13:00,3,10:40,4
SCH-051-LSN-0040,SCH-051,TCH-00693,nysc_corper,Civic Education,JSS1B,ROOM-JSS1B,1,Monday,13:40,14:20,1,13:40,4.5
SCH-051-LSN-0041,SCH-051,TCH-00693,nysc_corper,Civic Education,JSS2A,ROOM-JSS2A,1,Monday,13:00,13:40,1,13:00,4.5
SCH-051-LSN-0042,SCH-051,TCH-00693,nysc_corper,Civic Education,JSS3A,ROOM-JSS3A,1,Tuesday,13:00,13:40,1,13:00,4.5
SCH-051-LSN-0043,SCH-051,TCH-00693,nysc_corper,Civic Education,JSS1A,ROOM-JSS1A,1,Tuesday,13:40,14:20,1,13:40,4.5
SCH-051-LSN-0044,SCH-051,TCH-00694,overworked_generalist,CRS,SS1A,ROOM-SS1A,1,Thursday,10:00,13:00,4,10:00,1.49
SCH-051-LSN-0045,SCH-051,TCH-00694,overworked_generalist,Basic Technology,SS1B,ROOM-SS1B,0,Tuesday,10:40,13:40,4,10:40,1.35
SCH-051-LSN-0046,SCH-051,TCH-00694,overworked_generalist,PHE,SS2B,ROOM-SS2B,1,Friday,8:00,10:40,4,8:00,1.24
SCH-051-LSN-0047,SCH-051,TCH-00694,overworked_generalist,Basic Technology,SS3B,ROOM-SS3B,0,Monday,8:40,11:20,4,8:40,1.18
SCH-051-LSN-0048,SCH-051,TCH-00694,overworked_generalist,PHE,JSS2B,ROOM-JSS2B,1,Wednesday,11:40,14:20,4,11:40,1.47
SCH-051-LSN-0049,SCH-051,TCH-00694,overworked_generalist,PHE,SS3B,ROOM-SS3B,1,Monday,11:40,14:20,4,11:40,0.86
SCH-051-LSN-0050,SCH-051,TCH-00695,nysc_corper,Civic Education,JSS2A,ROOM-JSS2A,1,Monday,13:40,14:20,1,13:40,4.5
SCH-051-LSN-0051,SCH-051,TCH-00695,nysc_corper,Basic Science,JSS2A,ROOM-JSS2A,1,Thursday,13:00,13:40,1,13:00,4.5
SCH-051-LSN-0052,SCH-051,TCH-00695,nysc_corper,Civic Education,JSS2B,ROOM-JSS2B,1,Monday,13:00,13:40,1,13:00,4.5
SCH-051-LSN-0053,SCH-051,TCH-00695,nysc_corper,Basic Science,JSS2B,ROOM-JSS2B,1,Thursday,13:40,14:20,1,13:40,4.5
SCH-051-LSN-0054,SCH-051,TCH-00695,nysc_corper,Basic Science,JSS1B,ROOM-JSS1B,1,Wednesday,13:00,13:40,1,13:00,4.5
SCH-051-LSN-0055,SCH-051,TCH-00695,nysc_corper,Basic Science,JSS1B,ROOM-JSS1B,1,Wednesday,13:40,14:20,1,13:40,4.5
SCH-051-LSN-0056,SCH-051,TCH-00695,nysc_corper,Basic Science,JSS1B,ROOM-JSS1B,1,Monday,8:00,8:40,1,8:00,0
SCH-051-LSN-0057,SCH-051,TCH-00695,nysc_corper,Basic Science,JSS3A,ROOM-JSS3A,1,Monday,8:40,9:20,1,8:40,0
SCH-051-LSN-0058,SCH-051,TCH-00696,nysc_corper,Civic Education,JSS3B,ROOM-JSS3B,1,Monday,13:00,13:40,1,13:00,4.5
SCH-051-LSN-0059,SCH-051,TCH-00696,nysc_corper,Basic Science,JSS1B,ROOM-JSS1B,1,Tuesday,13:00,13:40,1,13:00,4.5
SCH-051-LSN-0060,SCH-051,TCH-00696,nysc_corper,Civic Education,JSS1A,ROOM-JSS1A,1,Monday,13:40,14:20,1,13:40,4.5
SCH-051-LSN-0061,SCH-051,TCH-00696,nysc_corper,Civic Education,JSS3B,ROOM-JSS3B,1,Tuesday,13:40,14:20,1,13:40,4.5
SCH-051-LSN-0062,SCH-051,TCH-00697,nysc_corper,Basic Science,JSS1A,ROOM-JSS1A,1,Wednesday,13:00,13:40,1,13:00,4.5
SCH-051-LSN-0063,SCH-051,TCH-00697,nysc_corper,Basic Science,JSS2A,ROOM-JSS2A,1,Thursday,13:40,14:20,1,13:40,4.5
SCH-051-LSN-0064,SCH-051,TCH-00697,nysc_corper,Basic Science,JSS3A,ROOM-JSS3A,1,Monday,13:00,13:40,1,13:00,4.5
SCH-051-LSN-0065,SCH-051,TCH-00697,nysc_corper,Basic Science,JSS3B,ROOM-JSS3B,1,Wednesday,13:40,14:20,1,13:40,4.5
SCH-051-LSN-0066,SCH-051,TCH-00698,overworked_generalist,PHE,JSS3B,ROOM-JSS3B,1,Friday,8:00,11:20,5,8:00,1.43
SCH-051-LSN-0067,SCH-051,TCH-00698,overworked_generalist,Basic Technology,JSS2B,ROOM-JSS2B,0,Thursday,9:20,13:00,5,9:20,1.38
SCH-051-LSN-0068,SCH-051,TCH-00698,overworked_generalist,CRS,SS2A,ROOM-SS2A,1,Monday,10:40,14:20,5,10:40,1.36
SCH-051-LSN-0069,SCH-051,TCH-00698,overworked_generalist,Basic Technology,SS2A,ROOM-SS2A,0,Wednesday,9:20,13:00,5,9:20,1.13
SCH-051-LSN-0070,SCH-051,TCH-00698,overworked_generalist,CRS,SS2B,ROOM-SS2B,1,Tuesday,10:40,14:20,5,10:40,1.48
SCH-052-LSN-0001,SCH-052,TCH-00699,veteran_staff_room_boss,Biology,SS1A,SCI-LAB-01,1,Monday,8:40,9:20,1,8:40,4
SCH-052-LSN-0002,SCH-052,TCH-00699,veteran_staff_room_boss,Biology,SS2B,SCI-LAB-01,1,Monday,9:20,10:00,1,9:20,4
SCH-052-LSN-0003,SCH-052,TCH-00699,veteran_staff_room_boss,Biology,SS1B,SCI-LAB-01,1,Monday,10:00,10:40,1,10:00,4
SCH-052-LSN-0004,SCH-052,TCH-00699,veteran_staff_room_boss,Biology,SS1B,SCI-LAB-01,1,Tuesday,8:40,9:20,1,8:40,4
SCH-052-LSN-0005,SCH-052,TCH-00700,veteran_staff_room_boss,Physics,SS1B,SCI-LAB-01,1,Tuesday,9:20,10:40,2,9:20,4
SCH-052-LSN-0006,SCH-052,TCH-00700,veteran_staff_room_boss,Physics,SS1B,SCI-LAB-01,1,Wednesday,8:40,10:00,2,8:40,4
SCH-052-LSN-0007,SCH-052,TCH-00700,veteran_staff_room_boss,Physics,SS2B,SCI-LAB-01,1,Wednesday,10:00,11:20,2,10:00,4
SCH-052-LSN-0008,SCH-052,TCH-00701,nysc_corper,Civic Education,JSS2B,ROOM-JSS2B,1,Monday,13:00,13:40,1,13:00,4.5
SCH-052-LSN-0009,SCH-052,TCH-00701,nysc_corper,Basic Science,JSS2B,ROOM-JSS2B,1,Monday,13:40,14:20,1,13:40,4.5
SCH-052-LSN-0010,SCH-052,TCH-00701,nysc_corper,Basic Science,JSS3B,ROOM-JSS3B,1,Tuesday,13:00,13:40,1,13:00,4.5
SCH-052-LSN-0011,SCH-052,TCH-00701,nysc_corper,Basic Science,JSS2A,ROOM-JSS2A,1,Tuesday,13:40,14:20,1,13:40,4.5
SCH-052-LSN-0012,SCH-052,TCH-00701,nysc_corper,Basic Science,JSS1A,ROOM-JSS1A,1,Wednesday,13:00,13:40,1,13:00,4.5
SCH-052-LSN-0013,SCH-052,TCH-00701,nysc_corper,Civic Education,JSS1B,ROOM-JSS1B,1,Wednesday,13:40,14:20,1,13:40,4.5
SCH-052-LSN-0014,SCH-052,TCH-00701,nysc_corper,Basic Science,JSS3B,ROOM-JSS3B,1,Monday,8:00,8:40,1,8:00,0
SCH-052-LSN-0015,SCH-052,TCH-00701,nysc_corper,Basic Science,JSS3B,ROOM-JSS3B,1,Monday,8:40,9:20,1,8:40,0
SCH-052-LSN-0016,SCH-052,TCH-00702,overworked_generalist,CRS,SS1B,ROOM-SS1B,1,Tuesday,10:40,14:20,5,10:40,1.48
SCH-052-LSN-0017,SCH-052,TCH-00702,overworked_generalist,Basic Technology,SS2B,ROOM-SS2B,0,Thursday,8:40,12:20,5,8:40,1.38
SCH-052-LSN-0018,SCH-052,TCH-00702,overworked_generalist,CRS,SS3B,ROOM-SS3B,1,Wednesday,10:00,13:40,5,10:00,1.32
SCH-052-LSN-0019,SCH-052,TCH-00702,overworked_generalist,Basic Technology,SS3B,ROOM-SS3B,0,Monday,8:00,11:20,5,8:00,1.41
SCH-052-LSN-0020,SCH-052,TCH-00702,overworked_generalist,Basic Technology,JSS1B,ROOM-JSS1B,0,Friday,8:00,11:20,5,8:00,1.32
SCH-052-LSN-0021,SCH-052,TCH-00703,hustling_subject_specialist,Physics,SS2A,SCI-LAB-01,1,Tuesday,9:20,11:20,3,9:20,4
SCH-052-LSN-0022,SCH-052,TCH-00703,hustling_subject_specialist,Physics,SS1B,SCI-LAB-01,1,Thursday,8:00,10:00,3,8:00,4
SCH-052-LSN-0023,SCH-052,TCH-00703,hustling_subject_specialist,Physics,SS2B,SCI-LAB-01,1,Tuesday,11:40,13:40,3,11:40,0
SCH-052-LSN-0024,SCH-052,TCH-00703,hustling_subject_specialist,Physics,SS2A,SCI-LAB-01,1,Thursday,10:00,12:20,3,10:00,4
SCH-052-LSN-0025,SCH-052,TCH-00704,hustling_subject_specialist,Further Mathematics,SS3A,ROOM-SS3A,1,Monday,8:00,9:20,2,8:00,4
SCH-052-LSN-0026,SCH-052,TCH-00704,hustling_subject_specialist,Physics,SS3A,SCI-LAB-01,1,Monday,10:40,12:20,2,10:40,4
SCH-052-LSN-0027,SCH-052,TCH-00704,hustling_subject_specialist,Physics,SS1A,SCI-LAB-01,1,Wednesday,8:00,9:20,2,8:00,4
SCH-052-LSN-0028,SCH-052,TCH-00704,hustling_subject_specialist,Further Mathematics,SS1B,ROOM-SS1B,1,Wednesday,10:00,11:20,2,10:00,4
SCH-052-LSN-0029,SCH-052,TCH-00705,nysc_corper,Basic Science,JSS1B,ROOM-JSS1B,1,Monday,13:00,13:40,1,13:00,4.5
SCH-052-LSN-0030,SCH-052,TCH-00705,nysc_corper,Basic Science,JSS2B,ROOM-JSS2B,1,Tuesday,13:00,13:40,1,13:00,4.5
SCH-052-LSN-0031,SCH-052,TCH-00706,nysc_corper,Basic Science,JSS3A,ROOM-JSS3A,1,Monday,13:00,13:40,1,13:00,4.5
SCH-052-LSN-0032,SCH-052,TCH-00706,nysc_corper,Civic Education,JSS1B,ROOM-JSS1B,1,Monday,13:40,14:20,1,13:40,4.5
SCH-052-LSN-0033,SCH-052,TCH-00706,nysc_corper,Civic Education,JSS2B,ROOM-JSS2B,1,Wednesday,13:00,13:40,1,13:00,4.5
SCH-052-LSN-0034,SCH-052,TCH-00706,nysc_corper,Basic Science,JSS3A,ROOM-JSS3A,1,Wednesday,13:40,14:20,1,13:40,4.5
SCH-052-LSN-0035,SCH-052,TCH-00707,veteran_staff_room_boss,Physics,SS1B,SCI-LAB-01,1,Thursday,10:00,10:40,1,10:00,4
SCH-052-LSN-0036,SCH-052,TCH-00707,veteran_staff_room_boss,Physics,SS1B,SCI-LAB-01,1,Friday,8:40,9:20,1,8:40,4
SCH-052-LSN-0037,SCH-052,TCH-00707,veteran_staff_room_boss,Physics,SS3A,SCI-LAB-01,1,Tuesday,9:20,10:00,1,9:20,4
SCH-052-LSN-0038,SCH-052,TCH-00707,veteran_staff_room_boss,Biology,SS2A,SCI-LAB-01,1,Monday,8:40,9:20,1,8:40,4
SCH-052-LSN-0039,SCH-052,TCH-00707,veteran_staff_room_boss,Biology,SS3B,SCI-LAB-01,1,Friday,9:20,10:00,1,9:20,4
SCH-052-LSN-0040,SCH-052,TCH-00707,veteran_staff_room_boss,Biology,SS3A,SCI-LAB-01,1,Monday,9:20,10:00,1,9:20,4
SCH-052-LSN-0041,SCH-052,TCH-00707,veteran_staff_room_boss,Physics,SS1B,SCI-LAB-01,1,Friday,10:00,10:40,1,10:00,4
SCH-052-LSN-0042,SCH-052,TCH-00707,veteran_staff_room_boss,Biology,SS3A,SCI-LAB-01,1,Monday,10:00,10:40,1,10:00,4
SCH-052-LSN-0043,SCH-052,TCH-00708,hustling_subject_specialist,Physics,SS3A,SCI-LAB-01,1,Tuesday,10:00,11:20,2,10:00,4
SCH-052-LSN-0044,SCH-052,TCH-00708,hustling_subject_specialist,Physics,SS3A,SCI-LAB-01,1,Wednesday,8:00,9:20,2,8:00,4
SCH-052-LSN-0045,SCH-052,TCH-00708,hustling_subject_specialist,Physics,SS1A,SCI-LAB-01,1,Wednesday,9:20,10:40,2,9:20,4
SCH-052-LSN-0046,SCH-052,TCH-00709,hustling_subject_specialist,Economics,SS1A,ROOM-SS1A,1,Monday,9:20,10:40,2,9:20,4
SCH-052-LSN-0047,SCH-052,TCH-00709,hustling_subject_specialist,Economics,SS3B,ROOM-SS3B,1,Tuesday,8:00,9:20,2,8:00,4
SCH-052-LSN-0048,SCH-052,TCH-00709,hustling_subject_specialist,Economics,SS2A,ROOM-SS2A,1,Monday,10:40,12:20,2,10:40,4
SCH-053-LSN-0001,SCH-053,TCH-00710,overworked_generalist,CRS,SS3A,ROOM-SS3A,1,Thursday,10:00,13:40,5,10:00,1.4
SCH-053-LSN-0002,SCH-053,TCH-00710,overworked_generalist,CRS,JSS2B,ROOM-JSS2B,1,Tuesday,10:00,13:40,5,10:00,1.49
SCH-053-LSN-0003,SCH-053,TCH-00710,overworked_generalist,CRS,JSS2B,ROOM-JSS2B,1,Monday,10:00,13:40,5,10:00,1.45
SCH-053-LSN-0004,SCH-053,TCH-00710,overworked_generalist,CRS,SS3A,ROOM-SS3A,1,Friday,8:40,12:20,5,8:40,1.45
SCH-053-LSN-0005,SCH-053,TCH-00710,overworked_generalist,Basic Technology,SS1A,ROOM-SS1A,0,Wednesday,10:40,14:20,5,10:40,1.49
SCH-053-LSN-0006,SCH-053,TCH-00711,hustling_subject_specialist,Further Mathematics,SS2A,ROOM-SS2A,1,Tuesday,8:00,10:00,3,8:00,4
SCH-053-LSN-0007,SCH-053,TCH-00711,hustling_subject_specialist,Further Mathematics,SS1A,ROOM-SS1A,1,Tuesday,10:00,12:20,3,10:00,4
SCH-053-LSN-0008,SCH-053,TCH-00712,hustling_subject_specialist,Further Mathematics,SS2B,ROOM-SS2B,1,Monday,8:00,10:00,3,8:00,4
SCH-053-LSN-0009,SCH-053,TCH-00712,hustling_subject_specialist,Further Mathematics,SS1B,ROOM-SS1B,1,Monday,10:00,12:20,3,10:00,4
SCH-053-LSN-0010,SCH-053,TCH-00712,hustling_subject_specialist,Further Mathematics,SS2A,ROOM-SS2A,1,Wednesday,8:00,10:00,3,8:00,4
SCH-053-LSN-0011,SCH-053,TCH-00712,hustling_subject_specialist,Further Mathematics,SS1A,ROOM-SS1A,1,Monday,12:20,14:20,3,12:20,-4
SCH-053-LSN-0012,SCH-053,TCH-00713,overworked_generalist,Basic Technology,SS1B,ROOM-SS1B,0,Thursday,12:20,14:20,3,12:20,1.43
SCH-053-LSN-0013,SCH-053,TCH-00713,overworked_generalist,Basic Technology,JSS2A,WORKSHOP-01,1,Thursday,9:20,11:20,3,9:20,1.46
SCH-053-LSN-0014,SCH-053,TCH-00713,overworked_generalist,PHE,JSS1B,ROOM-JSS1B,1,Friday,8:40,10:40,3,8:40,1.47
SCH-053-LSN-0015,SCH-053,TCH-00713,overworked_generalist,PHE,SS1A,ROOM-SS1A,1,Monday,8:00,10:00,3,8:00,1.47
SCH-053-LSN-0016,SCH-053,TCH-00713,overworked_generalist,CRS,SS1B,ROOM-SS1B,1,Wednesday,9:20,11:20,3,9:20,1.32
SCH-053-LSN-0017,SCH-053,TCH-00713,overworked_generalist,Basic Technology,JSS3B,WORKSHOP-01,1,Tuesday,9:20,11:20,3,9:20,1.21
SCH-053-LSN-0018,SCH-053,TCH-00713,overworked_generalist,PHE,SS2A,ROOM-SS2A,1,Tuesday,11:40,13:40,3,11:40,1.45
SCH-053-LSN-0019,SCH-053,TCH-00713,overworked_generalist,CRS,SS1A,ROOM-SS1A,1,Monday,10:00,12:20,3,10:00,0.98
SCH-053-LSN-0020,SCH-053,TCH-00713,overworked_generalist,Basic Technology,JSS3A,WORKSHOP-01,1,Monday,12:20,14:20,3,12:20,1.16
SCH-053-LSN-0021,SCH-053,TCH-00713,overworked_generalist,CRS,SS3A,ROOM-SS3A,1,Wednesday,11:40,13:40,3,11:40,1.33
SCH-053-LSN-0022,SCH-053,TCH-00714,overworked_generalist,PHE,SS3A,ROOM-SS3A,1,Tuesday,8:40,11:20,4,8:40,1.34
SCH-053-LSN-0023,SCH-053,TCH-00714,overworked_generalist,PHE,SS2A,ROOM-SS2A,1,Thursday,8:00,10:40,4,8:00,1.5
SCH-053-LSN-0024,SCH-053,TCH-00714,overworked_generalist,CRS,JSS3B,ROOM-JSS3B,1,Monday,10:40,13:40,4,10:40,1.44
SCH-053-LSN-0025,SCH-053,TCH-00714,overworked_generalist,CRS,JSS2B,ROOM-JSS2B,1,Thursday,10:40,13:40,4,10:40,1.04
SCH-053-LSN-0026,SCH-053,TCH-00715,overworked_generalist,Basic Technology,SS2B,ROOM-SS2B,0,Thursday,8:00,10:40,4,8:00,1.42
SCH-053-LSN-0027,SCH-053,TCH-00715,overworked_generalist,CRS,JSS3B,ROOM-JSS3B,1,Tuesday,11:40,14:20,4,11:40,1.45
SCH-053-LSN-0028,SCH-053,TCH-00715,overworked_generalist,PHE,JSS1B,ROOM-JSS1B,1,Monday,8:40,11:20,4,8:40,1.43
SCH-053-LSN-0029,SCH-053,TCH-00715,overworked_generalist,Basic Technology,SS1A,ROOM-SS1A,0,Thursday,11:40,14:20,4,11:40,1.46
SCH-053-LSN-0030,SCH-053,TCH-00715,overworked_generalist,Basic Technology,SS2A,ROOM-SS2A,0,Friday,9:20,12:20,4,9:20,1.44
SCH-053-LSN-0031,SCH-053,TCH-00715,overworked_generalist,PHE,JSS3B,ROOM-JSS3B,1,Wednesday,11:40,14:20,4,11:40,1.47
SCH-053-LSN-0032,SCH-053,TCH-00716,hustling_subject_specialist,Further Mathematics,SS1B,ROOM-SS1B,1,Thursday,8:00,10:00,3,8:00,4
SCH-053-LSN-0033,SCH-053,TCH-00716,hustling_subject_specialist,Further Mathematics,SS3A,ROOM-SS3A,1,Wednesday,8:00,10:00,3,8:00,4
SCH-053-LSN-0034,SCH-053,TCH-00716,hustling_subject_specialist,Further Mathematics,SS2A,ROOM-SS2A,1,Wednesday,10:00,12:20,3,10:00,4
SCH-053-LSN-0035,SCH-053,TCH-00717,nysc_corper,Basic Science,JSS1B,ROOM-JSS1B,1,Tuesday,13:00,13:40,1,13:00,4.5
SCH-053-LSN-0036,SCH-053,TCH-00717,nysc_corper,Basic Science,JSS2A,ROOM-JSS2A,1,Tuesday,13:40,14:20,1,13:40,4.5
SCH-053-LSN-0037,SCH-053,TCH-00718,veteran_staff_room_boss,Further Mathematics,SS3B,ROOM-SS3B,1,Monday,8:40,9:20,1,8:40,4
SCH-053-LSN-0038,SCH-053,TCH-00718,veteran_staff_room_boss,Further Mathematics,SS1B,ROOM-SS1B,1,Monday,9:20,10:00,1,9:20,4
SCH-053-LSN-0039,SCH-053,TCH-00719,overworked_generalist,PHE,JSS1A,ROOM-JSS1A,1,Monday,10:00,12:20,3,10:00,1.43
SCH-053-LSN-0040,SCH-053,TCH-00719,overworked_generalist,PHE,SS1A,ROOM-SS1A,1,Tuesday,8:00,10:00,3,8:00,1.14
SCH-053-LSN-0041,SCH-053,TCH-00719,overworked_generalist,PHE,JSS3A,ROOM-JSS3A,1,Tuesday,10:00,12:20,3,10:00,1.48
SCH-053-LSN-0042,SCH-053,TCH-00719,overworked_generalist,PHE,SS1A,ROOM-SS1A,1,Friday,8:00,10:00,3,8:00,1.48
SCH-053-LSN-0043,SCH-053,TCH-00719,overworked_generalist,CRS,SS1A,ROOM-SS1A,1,Thursday,8:00,10:00,3,8:00,1.5
SCH-053-LSN-0044,SCH-053,TCH-00719,overworked_generalist,CRS,JSS1B,ROOM-JSS1B,1,Wednesday,12:20,14:20,3,12:20,1.48
SCH-053-LSN-0045,SCH-053,TCH-00720,nysc_corper,Civic Education,JSS2A,ROOM-JSS2A,1,Monday,13:00,13:40,1,13:00,4.5
SCH-053-LSN-0046,SCH-053,TCH-00720,nysc_corper,Civic Education,JSS3A,ROOM-JSS3A,1,Tuesday,13:00,13:40,1,13:00,4.5
SCH-053-LSN-0047,SCH-053,TCH-00721,hustling_subject_specialist,Physics,SS1B,SCI-LAB-01,1,Tuesday,8:00,9:20,2,8:00,4
SCH-053-LSN-0048,SCH-053,TCH-00721,hustling_subject_specialist,Physics,SS2A,SCI-LAB-01,1,Tuesday,10:00,11:20,2,10:00,4
SCH-053-LSN-0049,SCH-053,TCH-00722,veteran_staff_room_boss,Biology,SS3A,SCI-LAB-01,1,Monday,8:40,9:20,1,8:40,4
SCH-053-LSN-0050,SCH-053,TCH-00722,veteran_staff_room_boss,Biology,SS2A,SCI-LAB-01,1,Monday,9:20,10:00,1,9:20,4
SCH-053-LSN-0051,SCH-053,TCH-00722,veteran_staff_room_boss,Biology,SS2A,SCI-LAB-01,1,Monday,10:00,10:40,1,10:00,4
SCH-053-LSN-0052,SCH-053,TCH-00722,veteran_staff_room_boss,Biology,SS3B,SCI-LAB-01,1,Tuesday,9:20,10:00,1,9:20,4
SCH-053-LSN-0053,SCH-053,TCH-00723,overworked_generalist,PHE,JSS1B,ROOM-JSS1B,1,Tuesday,8:40,12:20,5,8:40,1.37
SCH-053-LSN-0054,SCH-053,TCH-00723,overworked_generalist,PHE,SS2A,ROOM-SS2A,1,Thursday,10:40,14:20,5,10:40,1.32
SCH-053-LSN-0055,SCH-053,TCH-00723,overworked_generalist,Basic Technology,JSS1A,ROOM-JSS1A,0,Friday,8:40,12:20,5,8:40,1.47
SCH-053-LSN-0056,SCH-053,TCH-00723,overworked_generalist,PHE,JSS2A,ROOM-JSS2A,1,Wednesday,9:20,13:00,5,9:20,1.4
SCH-053-LSN-0057,SCH-053,TCH-00723,overworked_generalist,Basic Technology,JSS3A,ROOM-JSS3A,0,Monday,8:00,11:20,5,8:00,1.4
SCH-053-LSN-0058,SCH-053,TCH-00724,hustling_subject_specialist,Physics,SS1B,ROOM-SS1B,0,Tuesday,9:20,10:40,2,9:20,4
SCH-053-LSN-0059,SCH-053,TCH-00724,hustling_subject_specialist,Physics,SS1A,SCI-LAB-01,1,Thursday,10:00,11:20,2,10:00,4
SCH-053-LSN-0060,SCH-053,TCH-00724,hustling_subject_specialist,Physics,SS1B,SCI-LAB-01,1,Tuesday,10:40,12:20,2,10:40,4
SCH-053-LSN-0061,SCH-053,TCH-00724,hustling_subject_specialist,Physics,SS1B,ROOM-SS1B,0,Tuesday,12:20,13:40,2,12:20,-4
SCH-054-LSN-0001,SCH-054,TCH-00725,overworked_generalist,PHE,JSS3B,ROOM-JSS3B,1,Tuesday,10:40,13:40,4,10:40,1.49
SCH-054-LSN-0002,SCH-054,TCH-00725,overworked_generalist,PHE,JSS2A,ROOM-JSS2A,1,Wednesday,10:00,13:00,4,10:00,1.47
SCH-054-LSN-0003,SCH-054,TCH-00725,overworked_generalist,PHE,SS3A,ROOM-SS3A,1,Thursday,10:00,13:00,4,10:00,1.49
SCH-054-LSN-0004,SCH-054,TCH-00725,overworked_generalist,PHE,JSS3B,ROOM-JSS3B,1,Monday,11:40,14:20,4,11:40,1.38
SCH-054-LSN-0005,SCH-054,TCH-00725,overworked_generalist,PHE,JSS2B,ROOM-JSS2B,1,Monday,8:00,10:40,4,8:00,1.43
SCH-054-LSN-0006,SCH-054,TCH-00725,overworked_generalist,CRS,JSS2A,ROOM-JSS2A,1,Friday,8:40,11:20,4,8:40,1.45
SCH-054-LSN-0007,SCH-054,TCH-00725,overworked_generalist,CRS,SS1A,ROOM-SS1A,1,Tuesday,8:00,10:40,4,8:00,0.76
SCH-054-LSN-0008,SCH-054,TCH-00726,overworked_generalist,Basic Technology,SS1A,ROOM-SS1A,0,Thursday,10:40,13:40,4,10:40,1.44
SCH-054-LSN-0009,SCH-054,TCH-00726,overworked_generalist,CRS,SS2A,ROOM-SS2A,1,Tuesday,8:40,11:20,4,8:40,1.49
SCH-054-LSN-0010,SCH-054,TCH-00726,overworked_generalist,PHE,SS2A,ROOM-SS2A,1,Wednesday,11:40,14:20,4,11:40,1.45
SCH-054-LSN-0011,SCH-054,TCH-00726,overworked_generalist,CRS,JSS3B,ROOM-JSS3B,1,Monday,8:40,11:20,4,8:40,1.45
SCH-054-LSN-0012,SCH-054,TCH-00726,overworked_generalist,PHE,JSS2B,ROOM-JSS2B,1,Thursday,8:00,10:40,4,8:00,1.26
SCH-054-LSN-0013,SCH-054,TCH-00726,overworked_generalist,Basic Technology,SS3A,ROOM-SS3A,0,Friday,8:00,10:40,4,8:00,1.45
SCH-054-LSN-0014,SCH-054,TCH-00727,overworked_generalist,CRS,JSS1A,ROOM-JSS1A,1,Monday,8:00,10:40,4,8:00,1.45
SCH-054-LSN-0015,SCH-054,TCH-00727,overworked_generalist,Basic Technology,JSS3A,ROOM-JSS3A,0,Thursday,8:40,11:20,4,8:40,1.48
SCH-054-LSN-0016,SCH-054,TCH-00727,overworked_generalist,CRS,JSS1A,ROOM-JSS1A,1,Friday,8:40,11:20,4,8:40,1.48
SCH-054-LSN-0017,SCH-054,TCH-00727,overworked_generalist,CRS,JSS2B,ROOM-JSS2B,1,Tuesday,11:40,14:20,4,11:40,1.49
SCH-054-LSN-0018,SCH-054,TCH-00727,overworked_generalist,PHE,JSS2A,ROOM-JSS2A,1,Monday,11:40,14:20,4,11:40,1.48
SCH-054-LSN-0019,SCH-054,TCH-00727,overworked_generalist,CRS,SS3A,ROOM-SS3A,1,Wednesday,9:20,12:20,4,9:20,1.43
SCH-054-LSN-0020,SCH-054,TCH-00727,overworked_generalist,Basic Technology,SS1B,ROOM-SS1B,0,Tuesday,8:40,11:20,4,8:40,1.1
SCH-054-LSN-0021,SCH-054,TCH-00727,overworked_generalist,PHE,SS1B,ROOM-SS1B,1,Thursday,11:40,14:20,4,11:40,1.39
SCH-054-LSN-0022,SCH-054,TCH-00728,overworked_generalist,CRS,JSS3A,ROOM-JSS3A,1,Wednesday,9:20,12:20,4,9:20,1.42
SCH-054-LSN-0023,SCH-054,TCH-00728,overworked_generalist,Basic Technology,SS3A,ROOM-SS3A,0,Tuesday,10:00,13:00,4,10:00,1.34
SCH-054-LSN-0024,SCH-054,TCH-00728,overworked_generalist,PHE,SS3B,ROOM-SS3B,1,Monday,9:20,12:20,4,9:20,1.39
SCH-054-LSN-0025,SCH-054,TCH-00728,overworked_generalist,PHE,JSS2B,ROOM-JSS2B,1,Friday,8:40,11:20,4,8:40,1.4
SCH-054-LSN-0026,SCH-054,TCH-00728,overworked_generalist,Basic Technology,SS3B,ROOM-SS3B,0,Thursday,9:20,12:20,4,9:20,1.46
SCH-054-LSN-0027,SCH-054,TCH-00729,overworked_generalist,Basic Technology,SS2A,ROOM-SS2A,0,Friday,9:20,11:20,3,9:20,1.43
SCH-054-LSN-0028,SCH-054,TCH-00729,overworked_generalist,Basic Technology,JSS1B,ROOM-JSS1B,0,Monday,12:20,14:20,3,12:20,1.44
SCH-054-LSN-0029,SCH-054,TCH-00729,overworked_generalist,CRS,JSS2B,ROOM-JSS2B,1,Wednesday,11:40,13:40,3,11:40,1.39
SCH-054-LSN-0030,SCH-054,TCH-00729,overworked_generalist,PHE,JSS1A,ROOM-JSS1A,1,Wednesday,8:40,10:40,3,8:40,1.48
SCH-054-LSN-0031,SCH-054,TCH-00729,overworked_generalist,PHE,SS2B,ROOM-SS2B,1,Thursday,9:20,11:20,3,9:20,1.5
SCH-054-LSN-0032,SCH-054,TCH-00729,overworked_generalist,CRS,JSS3B,ROOM-JSS3B,1,Thursday,11:40,13:40,3,11:40,1.27
SCH-054-LSN-0033,SCH-054,TCH-00729,overworked_generalist,CRS,SS3A,ROOM-SS3A,1,Monday,9:20,11:20,3,9:20,1.4
SCH-054-LSN-0034,SCH-054,TCH-00729,overworked_generalist,Basic Technology,SS1B,ROOM-SS1B,0,Tuesday,12:20,14:20,3,12:20,0.72
SCH-054-LSN-0035,SCH-054,TCH-00729,overworked_generalist,Basic Technology,SS3A,ROOM-SS3A,0,Tuesday,8:00,10:00,3,8:00,0.83
SCH-054-LSN-0036,SCH-054,TCH-00729,overworked_generalist,PHE,JSS1B,ROOM-JSS1B,1,Tuesday,10:00,12:20,3,10:00,1.49
SCH-054-LSN-0037,SCH-054,TCH-00730,overworked_generalist,CRS,JSS3A,ROOM-JSS3A,1,Thursday,12:20,14:20,3,12:20,1.45
SCH-054-LSN-0038,SCH-054,TCH-00730,overworked_generalist,PHE,JSS2B,ROOM-JSS2B,1,Monday,10:40,13:00,3,10:40,1.49
SCH-054-LSN-0039,SCH-054,TCH-00730,overworked_generalist,PHE,JSS1B,ROOM-JSS1B,1,Wednesday,11:40,13:40,3,11:40,1.46
SCH-054-LSN-0040,SCH-054,TCH-00730,overworked_generalist,PHE,SS1A,ROOM-SS1A,1,Monday,8:40,10:40,3,8:40,1.3
SCH-054-LSN-0041,SCH-054,TCH-00731,nysc_corper,Civic Education,JSS2B,ROOM-JSS2B,1,Monday,13:00,13:40,1,13:00,4.5
SCH-054-LSN-0042,SCH-054,TCH-00731,nysc_corper,Civic Education,JSS1B,ROOM-JSS1B,1,Tuesday,13:00,13:40,1,13:00,4.5
SCH-054-LSN-0043,SCH-054,TCH-00731,nysc_corper,Civic Education,JSS2A,ROOM-JSS2A,1,Tuesday,13:40,14:20,1,13:40,4.5
SCH-054-LSN-0044,SCH-054,TCH-00731,nysc_corper,Basic Science,JSS3A,ROOM-JSS3A,1,Monday,13:40,14:20,1,13:40,4.5
SCH-054-LSN-0045,SCH-054,TCH-00731,nysc_corper,Basic Science,JSS3B,ROOM-JSS3B,1,Wednesday,13:00,13:40,1,13:00,4.5
SCH-054-LSN-0046,SCH-054,TCH-00731,nysc_corper,Civic Education,JSS1B,ROOM-JSS1B,1,Wednesday,13:40,14:20,1,13:40,4.5
SCH-054-LSN-0047,SCH-054,TCH-00731,nysc_corper,Basic Science,JSS3B,ROOM-JSS3B,1,Monday,8:00,8:40,1,8:00,0
SCH-054-LSN-0048,SCH-054,TCH-00731,nysc_corper,Basic Science,JSS1A,ROOM-JSS1A,1,Monday,10:40,11:20,1,10:40,0
SCH-054-LSN-0049,SCH-054,TCH-00732,veteran_staff_room_boss,Biology,SS3B,SCI-LAB-01,1,Monday,8:40,9:20,1,8:40,4
SCH-054-LSN-0050,SCH-054,TCH-00732,veteran_staff_room_boss,Physics,SS2A,SCI-LAB-01,1,Monday,9:20,10:00,1,9:20,4
SCH-054-LSN-0051,SCH-054,TCH-00732,veteran_staff_room_boss,Biology,SS2B,SCI-LAB-01,1,Monday,10:00,10:40,1,10:00,4
SCH-054-LSN-0052,SCH-054,TCH-00732,veteran_staff_room_boss,Biology,SS2B,SCI-LAB-01,1,Tuesday,8:40,9:20,1,8:40,4
SCH-054-LSN-0053,SCH-054,TCH-00732,veteran_staff_room_boss,Physics,SS1A,SCI-LAB-01,1,Wednesday,8:40,9:20,1,8:40,4
SCH-054-LSN-0054,SCH-054,TCH-00732,veteran_staff_room_boss,Biology,SS2A,SCI-LAB-01,1,Wednesday,9:20,10:00,1,9:20,4
SCH-054-LSN-0055,SCH-054,TCH-00733,nysc_corper,Civic Education,JSS2B,ROOM-JSS2B,1,Monday,13:40,14:20,1,13:40,4.5
SCH-054-LSN-0056,SCH-054,TCH-00733,nysc_corper,Civic Education,JSS2B,ROOM-JSS2B,1,Wednesday,13:40,14:20,1,13:40,4.5
SCH-054-LSN-0057,SCH-054,TCH-00734,overworked_generalist,PHE,JSS2A,ROOM-JSS2A,1,Tuesday,10:40,13:40,4,10:40,1.42
SCH-054-LSN-0058,SCH-054,TCH-00734,overworked_generalist,CRS,JSS2A,ROOM-JSS2A,1,Thursday,10:00,13:00,4,10:00,1.39
SCH-054-LSN-0059,SCH-054,TCH-00734,overworked_generalist,Basic Technology,JSS1A,ROOM-JSS1A,0,Wednesday,11:40,14:20,4,11:40,0.88
SCH-054-LSN-0060,SCH-054,TCH-00734,overworked_generalist,CRS,SS1A,ROOM-SS1A,1,Friday,8:40,11:20,4,8:40,1.33
SCH-054-LSN-0061,SCH-054,TCH-00734,overworked_generalist,CRS,JSS1B,ROOM-JSS1B,1,Monday,8:00,10:40,4,8:00,1.06
SCH-054-LSN-0062,SCH-054,TCH-00734,overworked_generalist,CRS,JSS1A,ROOM-JSS1A,1,Monday,11:40,14:20,4,11:40,1.26
SCH-054-LSN-0063,SCH-054,TCH-00734,overworked_generalist,PHE,JSS1B,ROOM-JSS1B,1,Wednesday,8:00,10:40,4,8:00,1.48
SCH-054-LSN-0064,SCH-054,TCH-00734,overworked_generalist,Basic Technology,JSS2B,WORKSHOP-01,1,Tuesday,8:00,10:40,4,8:00,0.9
SCH-054-LSN-0065,SCH-054,TCH-00735,nysc_corper,Civic Education,JSS3B,ROOM-JSS3B,1,Tuesday,13:40,14:20,1,13:40,4.5
SCH-054-LSN-0066,SCH-054,TCH-00735,nysc_corper,Basic Science,JSS3B,ROOM-JSS3B,1,Wednesday,13:40,14:20,1,13:40,4.5
SCH-054-LSN-0067,SCH-054,TCH-00735,nysc_corper,Civic Education,JSS2B,ROOM-JSS2B,1,Thursday,13:00,13:40,1,13:00,4.5
SCH-054-LSN-0068,SCH-054,TCH-00735,nysc_corper,Civic Education,JSS2B,ROOM-JSS2B,1,Thursday,13:40,14:20,1,13:40,4.5
SCH-054-LSN-0069,SCH-054,TCH-00735,nysc_corper,Basic Science,JSS1A,ROOM-JSS1A,1,Tuesday,13:00,13:40,1,13:00,4.5
SCH-054-LSN-0070,SCH-054,TCH-00735,nysc_corper,Basic Science,JSS2B,ROOM-JSS2B,1,Tuesday,10:40,11:20,1,10:40,0
SCH-054-LSN-0071,SCH-054,TCH-00735,nysc_corper,Basic Science,JSS1B,ROOM-JSS1B,1,Tuesday,8:00,8:40,1,8:00,0
SCH-054-LSN-0072,SCH-054,TCH-00735,nysc_corper,Civic Education,JSS3A,ROOM-JSS3A,1,Wednesday,13:00,13:40,1,13:00,4.5
SCH-055-LSN-0001,SCH-055,TCH-00736,overworked_generalist,Basic Technology,SS2B,ROOM-SS2B,0,Monday,9:20,12:20,4,9:20,1.46
SCH-055-LSN-0002,SCH-055,TCH-00736,overworked_generalist,CRS,SS2B,ROOM-SS2B,1,Thursday,8:40,11:20,4,8:40,1.36
SCH-055-LSN-0003,SCH-055,TCH-00736,overworked_generalist,PHE,SS1B,ROOM-SS1B,1,Friday,8:40,11:20,4,8:40,1.42
SCH-055-LSN-0004,SCH-055,TCH-00736,overworked_generalist,PHE,JSS1A,ROOM-JSS1A,1,Tuesday,10:00,13:00,4,10:00,1.48
SCH-055-LSN-0005,SCH-055,TCH-00736,overworked_generalist,CRS,SS3B,ROOM-SS3B,1,Wednesday,8:40,11:20,4,8:40,1.17
SCH-055-LSN-0006,SCH-055,TCH-00736,overworked_generalist,PHE,JSS3B,ROOM-JSS3B,1,Thursday,11:40,14:20,4,11:40,1.33
SCH-055-LSN-0007,SCH-055,TCH-00736,overworked_generalist,Basic Technology,SS2A,ROOM-SS2A,0,Wednesday,11:40,14:20,4,11:40,1.27
SCH-055-LSN-0008,SCH-055,TCH-00737,overworked_generalist,CRS,JSS2A,ROOM-JSS2A,1,Wednesday,11:40,13:40,3,11:40,1.44
SCH-055-LSN-0009,SCH-055,TCH-00737,overworked_generalist,Basic Technology,SS3A,ROOM-SS3A,0,Thursday,8:40,10:40,3,8:40,1.47
SCH-055-LSN-0010,SCH-055,TCH-00737,overworked_generalist,Basic Technology,SS1B,ROOM-SS1B,0,Tuesday,11:40,13:40,3,11:40,1.43
SCH-055-LSN-0011,SCH-055,TCH-00737,overworked_generalist,Basic Technology,SS2B,ROOM-SS2B,0,Monday,12:20,14:20,3,12:20,1.33
SCH-055-LSN-0012,SCH-055,TCH-00737,overworked_generalist,PHE,SS1B,ROOM-SS1B,1,Tuesday,9:20,11:20,3,9:20,1.5
SCH-055-LSN-0013,SCH-055,TCH-00737,overworked_generalist,PHE,JSS2B,ROOM-JSS2B,1,Monday,10:00,12:20,3,10:00,1.44
SCH-055-LSN-0014,SCH-055,TCH-00737,overworked_generalist,CRS,SS1B,ROOM-SS1B,1,Wednesday,9:20,11:20,3,9:20,1.47
SCH-055-LSN-0015,SCH-055,TCH-00737,overworked_generalist,CRS,JSS2B,ROOM-JSS2B,1,Friday,8:40,10:40,3,8:40,1.45
SCH-055-LSN-0016,SCH-055,TCH-00737,overworked_generalist,CRS,SS3A,ROOM-SS3A,1,Thursday,11:40,13:40,3,11:40,1.4
SCH-055-LSN-0017,SCH-055,TCH-00738,overworked_generalist,CRS,JSS1A,ROOM-JSS1A,1,Wednesday,8:40,11:20,4,8:40,1.45
SCH-055-LSN-0018,SCH-055,TCH-00738,overworked_generalist,PHE,SS3A,ROOM-SS3A,1,Friday,8:40,11:20,4,8:40,1.49
SCH-055-LSN-0019,SCH-055,TCH-00738,overworked_generalist,Basic Technology,JSS1B,ROOM-JSS1B,0,Thursday,10:40,13:40,4,10:40,1.48
SCH-055-LSN-0020,SCH-055,TCH-00738,overworked_generalist,CRS,JSS1B,ROOM-JSS1B,1,Monday,10:40,13:40,4,10:40,1.37
SCH-055-LSN-0021,SCH-055,TCH-00738,overworked_generalist,PHE,SS3A,ROOM-SS3A,1,Tuesday,11:40,14:20,4,11:40,1.5
SCH-055-LSN-0022,SCH-055,TCH-00738,overworked_generalist,Basic Technology,JSS1A,ROOM-JSS1A,0,Thursday,8:00,10:40,4,8:00,1.38
SCH-055-LSN-0023,SCH-055,TCH-00739,veteran_staff_room_boss,Biology,SS1B,SCI-LAB-01,1,Monday,8:40,9:20,1,8:40,4
SCH-055-LSN-0024,SCH-055,TCH-00739,veteran_staff_room_boss,Biology,SS3B,SCI-LAB-01,1,Monday,9:20,10:00,1,9:20,4
SCH-055-LSN-0025,SCH-055,TCH-00739,veteran_staff_room_boss,Further Mathematics,SS1B,ROOM-SS1B,1,Monday,10:00,10:40,1,10:00,4
SCH-055-LSN-0026,SCH-055,TCH-00739,veteran_staff_room_boss,Further Mathematics,SS3B,ROOM-SS3B,1,Tuesday,8:40,9:20,1,8:40,4
SCH-055-LSN-0027,SCH-055,TCH-00739,veteran_staff_room_boss,Biology,SS2B,SCI-LAB-01,1,Tuesday,9:20,10:00,1,9:20,4
SCH-055-LSN-0028,SCH-055,TCH-00739,veteran_staff_room_boss,Biology,SS3A,SCI-LAB-01,1,Tuesday,10:00,10:40,1,10:00,4
SCH-055-LSN-0029,SCH-055,TCH-00739,veteran_staff_room_boss,Further Mathematics,SS2B,ROOM-SS2B,1,Wednesday,8:40,9:20,1,8:40,4
SCH-055-LSN-0030,SCH-055,TCH-00739,veteran_staff_room_boss,Further Mathematics,SS3B,ROOM-SS3B,1,Thursday,8:40,9:20,1,8:40,4
SCH-055-LSN-0031,SCH-055,TCH-00740,overworked_generalist,PHE,SS3B,ROOM-SS3B,1,Tuesday,11:40,14:20,4,11:40,1.46
SCH-055-LSN-0032,SCH-055,TCH-00740,overworked_generalist,CRS,JSS2A,ROOM-JSS2A,1,Monday,8:00,10:40,4,8:00,1.41
SCH-055-LSN-0033,SCH-055,TCH-00740,overworked_generalist,PHE,JSS2A,ROOM-JSS2A,1,Friday,8:40,11:20,4,8:40,1.46
SCH-055-LSN-0034,SCH-055,TCH-00740,overworked_generalist,Basic Technology,SS3B,ROOM-SS3B,0,Monday,11:40,14:20,4,11:40,1.41
SCH-055-LSN-0035,SCH-055,TCH-00740,overworked_generalist,CRS,JSS1B,ROOM-JSS1B,1,Wednesday,8:40,11:20,4,8:40,1.5
SCH-055-LSN-0036,SCH-055,TCH-00740,overworked_generalist,CRS,SS2B,ROOM-SS2B,1,Wednesday,11:40,14:20,4,11:40,1.19
SCH-055-LSN-0037,SCH-055,TCH-00740,overworked_generalist,CRS,JSS3B,ROOM-JSS3B,1,Thursday,8:00,10:40,4,8:00,1.25
SCH-055-LSN-0038,SCH-055,TCH-00740,overworked_generalist,CRS,JSS3A,ROOM-JSS3A,1,Tuesday,8:40,11:20,4,8:40,1.43
SCH-055-LSN-0039,SCH-055,TCH-00740,overworked_generalist,CRS,SS1A,ROOM-SS1A,1,Thursday,10:40,13:40,4,10:40,1.46
SCH-055-LSN-0040,SCH-055,TCH-00741,nysc_corper,Basic Science,JSS1B,ROOM-JSS1B,1,Monday,13:40,14:20,1,13:40,4.5
SCH-055-LSN-0041,SCH-055,TCH-00741,nysc_corper,Civic Education,JSS1A,ROOM-JSS1A,1,Monday,13:00,13:40,1,13:00,4.5
SCH-055-LSN-0042,SCH-055,TCH-00741,nysc_corper,Basic Science,JSS2A,ROOM-JSS2A,1,Wednesday,13:40,14:20,1,13:40,4.5
SCH-055-LSN-0043,SCH-055,TCH-00741,nysc_corper,Civic Education,JSS1A,ROOM-JSS1A,1,Wednesday,13:00,13:40,1,13:00,4.5
SCH-055-LSN-0044,SCH-055,TCH-00741,nysc_corper,Civic Education,JSS1B,ROOM-JSS1B,1,Thursday,13:40,14:20,1,13:40,4.5
SCH-055-LSN-0045,SCH-055,TCH-00741,nysc_corper,Civic Education,JSS1B,ROOM-JSS1B,1,Monday,8:00,8:40,1,8:00,0
SCH-055-LSN-0046,SCH-055,TCH-00741,nysc_corper,Civic Education,JSS1A,ROOM-JSS1A,1,Thursday,13:00,13:40,1,13:00,4.5
SCH-055-LSN-0047,SCH-055,TCH-00741,nysc_corper,Basic Science,JSS2A,ROOM-JSS2A,1,Monday,10:40,11:20,1,10:40,0
SCH-055-LSN-0048,SCH-055,TCH-00742,nysc_corper,Basic Science,JSS2B,ROOM-JSS2B,1,Monday,13:00,13:40,1,13:00,4.5
SCH-055-LSN-0049,SCH-055,TCH-00742,nysc_corper,Basic Science,JSS2B,ROOM-JSS2B,1,Monday,13:40,14:20,1,13:40,4.5
SCH-055-LSN-0050,SCH-055,TCH-00743,veteran_staff_room_boss,Further Mathematics,SS3B,ROOM-SS3B,1,Monday,8:40,9:20,1,8:40,4
SCH-055-LSN-0051,SCH-055,TCH-00743,veteran_staff_room_boss,Further Mathematics,SS1B,ROOM-SS1B,1,Monday,9:20,10:00,1,9:20,4
SCH-055-LSN-0052,SCH-055,TCH-00743,veteran_staff_room_boss,Further Mathematics,SS3B,ROOM-SS3B,1,Monday,10:00,10:40,1,10:00,4
SCH-055-LSN-0053,SCH-055,TCH-00743,veteran_staff_room_boss,Further Mathematics,SS3A,ROOM-SS3A,1,Tuesday,8:40,9:20,1,8:40,4
SCH-055-LSN-0054,SCH-055,TCH-00743,veteran_staff_room_boss,Further Mathematics,SS2A,ROOM-SS2A,1,Tuesday,9:20,10:00,1,9:20,4
SCH-055-LSN-0055,SCH-055,TCH-00743,veteran_staff_room_boss,Further Mathematics,SS1B,ROOM-SS1B,1,Wednesday,8:40,9:20,1,8:40,4
SCH-055-LSN-0056,SCH-055,TCH-00743,veteran_staff_room_boss,Further Mathematics,SS2B,ROOM-SS2B,1,Tuesday,10:00,10:40,1,10:00,4
SCH-055-LSN-0057,SCH-055,TCH-00743,veteran_staff_room_boss,Further Mathematics,SS3A,ROOM-SS3A,1,Wednesday,9:20,10:00,1,9:20,4
SCH-055-LSN-0058,SCH-055,TCH-00744,overworked_generalist,PHE,SS3A,ROOM-SS3A,1,Monday,11:40,14:20,4,11:40,1.41
SCH-055-LSN-0059,SCH-055,TCH-00744,overworked_generalist,CRS,JSS2A,ROOM-JSS2A,1,Thursday,10:40,13:40,4,10:40,1.46
SCH-055-LSN-0060,SCH-055,TCH-00744,overworked_generalist,CRS,SS3B,ROOM-SS3B,1,Friday,8:40,11:20,4,8:40,1.33
SCH-055-LSN-0061,SCH-055,TCH-00744,overworked_generalist,PHE,SS2B,ROOM-SS2B,1,Tuesday,11:40,14:20,4,11:40,0.71
SCH-055-LSN-0062,SCH-055,TCH-00744,overworked_generalist,PHE,SS3A,ROOM-SS3A,1,Monday,8:00,10:40,4,8:00,1.04
SCH-055-LSN-0063,SCH-055,TCH-00745,hustling_subject_specialist,Physics,SS3B,SCI-LAB-01,1,Wednesday,11:40,13:40,3,11:40,0
SCH-055-LSN-0064,SCH-055,TCH-00745,hustling_subject_specialist,Physics,SS2A,SCI-LAB-01,1,Tuesday,10:40,13:00,3,10:40,4
SCH-055-LSN-0065,SCH-055,TCH-00746,overworked_generalist,CRS,SS2A,ROOM-SS2A,1,Friday,8:00,11:20,5,8:00,1.5
SCH-055-LSN-0066,SCH-055,TCH-00746,overworked_generalist,PHE,JSS2B,ROOM-JSS2B,1,Tuesday,9:20,13:00,5,9:20,1.48
SCH-055-LSN-0067,SCH-055,TCH-00746,overworked_generalist,CRS,JSS3B,ROOM-JSS3B,1,Monday,10:40,14:20,5,10:40,1.37
SCH-055-LSN-0068,SCH-055,TCH-00746,overworked_generalist,PHE,SS3A,ROOM-SS3A,1,Wednesday,10:00,13:40,5,10:00,1.33
SCH-055-LSN-0069,SCH-055,TCH-00747,nysc_corper,Civic Education,JSS1B,ROOM-JSS1B,1,Tuesday,13:00,13:40,1,13:00,4.5
SCH-055-LSN-0070,SCH-055,TCH-00747,nysc_corper,Civic Education,JSS3A,ROOM-JSS3A,1,Monday,13:00,13:40,1,13:00,4.5
SCH-056-LSN-0001,SCH-056,TCH-00748,veteran_staff_room_boss,Chemistry,SS1A,SCI-LAB-01,1,Monday,8:40,10:00,2,8:40,4
SCH-056-LSN-0002,SCH-056,TCH-00748,veteran_staff_room_boss,Chemistry,SS3B,SCI-LAB-01,1,Monday,10:00,11:20,2,10:00,4
SCH-056-LSN-0003,SCH-056,TCH-00748,veteran_staff_room_boss,Chemistry,SS2B,SCI-LAB-01,1,Tuesday,8:40,10:00,2,8:40,4
SCH-056-LSN-0004,SCH-056,TCH-00748,veteran_staff_room_boss,Chemistry,SS1B,SCI-LAB-01,1,Tuesday,10:00,11:20,2,10:00,4
SCH-056-LSN-0005,SCH-056,TCH-00749,overworked_generalist,PHE,JSS1A,ROOM-JSS1A,1,Wednesday,10:40,13:00,3,10:40,1.49
SCH-056-LSN-0006,SCH-056,TCH-00749,overworked_generalist,Basic Technology,JSS1B,ROOM-JSS1B,0,Thursday,8:00,10:00,3,8:00,1.45
SCH-056-LSN-0007,SCH-056,TCH-00749,overworked_generalist,PHE,SS3B,ROOM-SS3B,1,Tuesday,12:20,14:20,3,12:20,1.44
SCH-056-LSN-0008,SCH-056,TCH-00749,overworked_generalist,Basic Technology,JSS1B,WORKSHOP-01,1,Tuesday,9:20,11:20,3,9:20,1.46
SCH-056-LSN-0009,SCH-056,TCH-00749,overworked_generalist,Basic Technology,SS2A,ROOM-SS2A,0,Monday,9:20,11:20,3,9:20,1.28
SCH-056-LSN-0010,SCH-056,TCH-00749,overworked_generalist,Basic Technology,JSS1A,ROOM-JSS1A,0,Friday,8:00,10:00,3,8:00,1.49
SCH-056-LSN-0011,SCH-056,TCH-00749,overworked_generalist,PHE,SS3B,ROOM-SS3B,1,Thursday,10:00,12:20,3,10:00,1.29
SCH-056-LSN-0012,SCH-056,TCH-00749,overworked_generalist,PHE,SS1A,ROOM-SS1A,1,Monday,12:20,14:20,3,12:20,1.41
SCH-056-LSN-0013,SCH-056,TCH-00750,hustling_subject_specialist,Further Mathematics,SS1B,ROOM-SS1B,1,Tuesday,8:00,10:00,3,8:00,4
SCH-056-LSN-0014,SCH-056,TCH-00750,hustling_subject_specialist,Physics,SS3B,SCI-LAB-01,1,Thursday,8:00,10:00,3,8:00,4
SCH-056-LSN-0015,SCH-056,TCH-00750,hustling_subject_specialist,Further Mathematics,SS2B,ROOM-SS2B,1,Tuesday,10:00,12:20,3,10:00,4
SCH-056-LSN-0016,SCH-056,TCH-00750,hustling_subject_specialist,Physics,SS3B,SCI-LAB-01,1,Thursday,12:20,14:20,3,12:20,-4
SCH-056-LSN-0017,SCH-056,TCH-00751,hustling_subject_specialist,Further Mathematics,SS2A,ROOM-SS2A,1,Wednesday,8:00,10:00,3,8:00,4
SCH-056-LSN-0018,SCH-056,TCH-00751,hustling_subject_specialist,Economics,SS1B,ROOM-SS1B,1,Monday,8:00,10:00,3,8:00,4
SCH-056-LSN-0019,SCH-056,TCH-00751,hustling_subject_specialist,Further Mathematics,SS2A,ROOM-SS2A,1,Wednesday,10:00,12:20,3,10:00,4
SCH-056-LSN-0020,SCH-056,TCH-00751,hustling_subject_specialist,Economics,SS1A,ROOM-SS1A,1,Monday,10:00,12:20,3,10:00,4
SCH-056-LSN-0021,SCH-056,TCH-00751,hustling_subject_specialist,Further Mathematics,SS1A,ROOM-SS1A,1,Thursday,8:00,10:00,3,8:00,4
SCH-056-LSN-0022,SCH-056,TCH-00751,hustling_subject_specialist,Further Mathematics,SS2A,ROOM-SS2A,1,Thursday,10:00,12:20,3,10:00,4
SCH-056-LSN-0023,SCH-056,TCH-00752,overworked_generalist,PHE,SS2B,ROOM-SS2B,1,Monday,9:20,12:20,4,9:20,1.48
SCH-056-LSN-0024,SCH-056,TCH-00752,overworked_generalist,Basic Technology,JSS1B,ROOM-JSS1B,0,Friday,9:20,12:20,4,9:20,1.46
SCH-056-LSN-0025,SCH-056,TCH-00752,overworked_generalist,Basic Technology,JSS3B,ROOM-JSS3B,0,Wednesday,11:40,14:20,4,11:40,1.47
SCH-056-LSN-0026,SCH-056,TCH-00752,overworked_generalist,Basic Technology,JSS2A,ROOM-JSS2A,0,Wednesday,8:40,11:20,4,8:40,1.5
SCH-056-LSN-0027,SCH-056,TCH-00752,overworked_generalist,Basic Technology,JSS2B,ROOM-JSS2B,0,Tuesday,10:40,13:40,4,10:40,1.47
SCH-056-LSN-0028,SCH-056,TCH-00752,overworked_generalist,Basic Technology,SS2B,ROOM-SS2B,0,Thursday,10:00,13:00,4,10:00,1.37
SCH-056-LSN-0029,SCH-056,TCH-00752,overworked_generalist,Basic Technology,JSS3B,ROOM-JSS3B,0,Tuesday,8:00,10:40,4,8:00,1.12
SCH-056-LSN-0030,SCH-056,TCH-00753,veteran_staff_room_boss,Chemistry,SS3B,SCI-LAB-01,1,Monday,8:40,9:20,1,8:40,4
SCH-056-LSN-0031,SCH-056,TCH-00753,veteran_staff_room_boss,Chemistry,SS1B,SCI-LAB-01,1,Monday,10:00,10:40,1,10:00,4
SCH-056-LSN-0032,SCH-056,TCH-00753,veteran_staff_room_boss,Biology,SS1B,SCI-LAB-01,1,Wednesday,8:40,9:20,1,8:40,4
SCH-056-LSN-0033,SCH-056,TCH-00753,veteran_staff_room_boss,Biology,SS3B,SCI-LAB-01,1,Wednesday,9:20,10:00,1,9:20,4
SCH-056-LSN-0034,SCH-056,TCH-00753,veteran_staff_room_boss,Biology,SS3A,SCI-LAB-01,1,Wednesday,10:00,10:40,1,10:00,4
SCH-056-LSN-0035,SCH-056,TCH-00753,veteran_staff_room_boss,Chemistry,SS3A,SCI-LAB-01,1,Tuesday,8:40,9:20,1,8:40,4
SCH-056-LSN-0036,SCH-056,TCH-00753,veteran_staff_room_boss,Chemistry,SS2B,SCI-LAB-01,1,Friday,8:40,9:20,1,8:40,4
SCH-056-LSN-0037,SCH-056,TCH-00753,veteran_staff_room_boss,Biology,SS1A,SCI-LAB-01,1,Thursday,10:00,10:40,1,10:00,4
SCH-056-LSN-0038,SCH-056,TCH-00754,nysc_corper,Basic Science,JSS1B,ROOM-JSS1B,1,Tuesday,13:00,13:40,1,13:00,4.5
SCH-056-LSN-0039,SCH-056,TCH-00754,nysc_corper,Basic Science,JSS1B,ROOM-JSS1B,1,Tuesday,13:40,14:20,1,13:40,4.5
SCH-056-LSN-0040,SCH-056,TCH-00755,overworked_generalist,PHE,SS1B,ROOM-SS1B,1,Thursday,9:20,12:20,4,9:20,1.38
SCH-056-LSN-0041,SCH-056,TCH-00755,overworked_generalist,PHE,JSS3B,ROOM-JSS3B,1,Tuesday,11:40,14:20,4,11:40,1.45
SCH-056-LSN-0042,SCH-056,TCH-00755,overworked_generalist,PHE,SS2A,ROOM-SS2A,1,Friday,8:40,11:20,4,8:40,1.11
SCH-056-LSN-0043,SCH-056,TCH-00755,overworked_generalist,PHE,JSS2A,ROOM-JSS2A,1,Monday,8:00,10:40,4,8:00,1.49
SCH-056-LSN-0044,SCH-056,TCH-00756,overworked_generalist,PHE,JSS1A,ROOM-JSS1A,1,Tuesday,8:00,11:20,5,8:00,1.5
SCH-056-LSN-0045,SCH-056,TCH-00756,overworked_generalist,CRS,JSS3B,ROOM-JSS3B,1,Monday,10:40,14:20,5,10:40,1.5
SCH-056-LSN-0046,SCH-056,TCH-00756,overworked_generalist,PHE,SS3A,ROOM-SS3A,1,Friday,8:40,12:20,5,8:40,1.32
SCH-056-LSN-0047,SCH-056,TCH-00756,overworked_generalist,Basic Technology,SS1A,ROOM-SS1A,0,Wednesday,9:20,13:00,5,9:20,1.44
SCH-056-LSN-0048,SCH-056,TCH-00756,overworked_generalist,PHE,SS1A,ROOM-SS1A,1,Thursday,10:40,14:20,5,10:40,1.46
SCH-056-LSN-0049,SCH-056,TCH-00757,overworked_generalist,CRS,SS1A,ROOM-SS1A,1,Tuesday,9:20,13:00,5,9:20,1.34
SCH-056-LSN-0050,SCH-056,TCH-00757,overworked_generalist,CRS,JSS3B,ROOM-JSS3B,1,Thursday,10:00,13:40,5,10:00,1.31
SCH-056-LSN-0051,SCH-056,TCH-00757,overworked_generalist,PHE,JSS2B,ROOM-JSS2B,1,Monday,10:00,13:40,5,10:00,1.48
SCH-056-LSN-0052,SCH-056,TCH-00757,overworked_generalist,PHE,JSS3B,ROOM-JSS3B,1,Friday,8:40,12:20,5,8:40,1.15
SCH-056-LSN-0053,SCH-056,TCH-00757,overworked_generalist,CRS,SS3A,ROOM-SS3A,1,Wednesday,10:40,14:20,5,10:40,0.62
SCH-056-LSN-0054,SCH-056,TCH-00758,overworked_generalist,CRS,JSS1A,ROOM-JSS1A,1,Tuesday,11:40,13:40,3,11:40,1.38
SCH-056-LSN-0055,SCH-056,TCH-00758,overworked_generalist,CRS,SS2A,ROOM-SS2A,1,Monday,12:20,14:20,3,12:20,1.39
SCH-056-LSN-0056,SCH-056,TCH-00758,overworked_generalist,CRS,SS3A,ROOM-SS3A,1,Monday,10:00,12:20,3,10:00,1.46
SCH-056-LSN-0057,SCH-056,TCH-00758,overworked_generalist,CRS,JSS2A,ROOM-JSS2A,1,Tuesday,8:40,10:40,3,8:40,1.48
SCH-056-LSN-0058,SCH-056,TCH-00758,overworked_generalist,PHE,JSS3B,ROOM-JSS3B,1,Wednesday,8:00,10:00,3,8:00,1.41
SCH-056-LSN-0059,SCH-056,TCH-00758,overworked_generalist,Basic Technology,SS1B,ROOM-SS1B,0,Wednesday,12:20,14:20,3,12:20,1.44
SCH-057-LSN-0001,SCH-057,TCH-00759,veteran_staff_room_boss,Biology,SS3B,SCI-LAB-01,1,Monday,8:40,9:20,1,8:40,4
SCH-057-LSN-0002,SCH-057,TCH-00759,veteran_staff_room_boss,Biology,SS2A,SCI-LAB-01,1,Monday,9:20,10:00,1,9:20,4
SCH-057-LSN-0003,SCH-057,TCH-00759,veteran_staff_room_boss,Further Mathematics,SS3A,ROOM-SS3A,1,Monday,10:00,10:40,1,10:00,4
SCH-057-LSN-0004,SCH-057,TCH-00759,veteran_staff_room_boss,Further Mathematics,SS2B,ROOM-SS2B,1,Tuesday,8:40,9:20,1,8:40,4
SCH-057-LSN-0005,SCH-057,TCH-00759,veteran_staff_room_boss,Biology,SS2A,SCI-LAB-01,1,Tuesday,9:20,10:00,1,9:20,4
SCH-057-LSN-0006,SCH-057,TCH-00759,veteran_staff_room_boss,Further Mathematics,SS3A,ROOM-SS3A,1,Tuesday,10:00,10:40,1,10:00,4
SCH-057-LSN-0007,SCH-057,TCH-00760,veteran_staff_room_boss,Biology,SS2A,SCI-LAB-01,1,Monday,8:40,9:20,1,8:40,4
SCH-057-LSN-0008,SCH-057,TCH-00760,veteran_staff_room_boss,Further Mathematics,SS3B,ROOM-SS3B,1,Monday,9:20,10:00,1,9:20,4
SCH-057-LSN-0009,SCH-057,TCH-00760,veteran_staff_room_boss,Further Mathematics,SS1B,ROOM-SS1B,1,Monday,10:00,10:40,1,10:00,4
SCH-057-LSN-0010,SCH-057,TCH-00760,veteran_staff_room_boss,Biology,SS1B,SCI-LAB-01,1,Tuesday,8:40,9:20,1,8:40,4
SCH-057-LSN-0011,SCH-057,TCH-00760,veteran_staff_room_boss,Biology,SS2B,SCI-LAB-01,1,Tuesday,9:20,10:00,1,9:20,4
SCH-057-LSN-0012,SCH-057,TCH-00760,veteran_staff_room_boss,Further Mathematics,SS3A,ROOM-SS3A,1,Wednesday,8:40,9:20,1,8:40,4
SCH-057-LSN-0013,SCH-057,TCH-00760,veteran_staff_room_boss,Biology,SS1A,SCI-LAB-01,1,Tuesday,10:00,10:40,1,10:00,4
SCH-057-LSN-0014,SCH-057,TCH-00760,veteran_staff_room_boss,Biology,SS3A,SCI-LAB-01,1,Wednesday,9:20,10:00,1,9:20,4
SCH-057-LSN-0015,SCH-057,TCH-00761,overworked_generalist,PHE,SS2B,ROOM-SS2B,1,Thursday,8:00,11:20,5,8:00,1.45
SCH-057-LSN-0016,SCH-057,TCH-00761,overworked_generalist,CRS,JSS2B,ROOM-JSS2B,1,Monday,8:00,11:20,5,8:00,1.4
SCH-057-LSN-0017,SCH-057,TCH-00761,overworked_generalist,PHE,JSS2B,ROOM-JSS2B,1,Friday,8:00,11:20,5,8:00,1.19
SCH-057-LSN-0018,SCH-057,TCH-00761,overworked_generalist,CRS,SS1A,ROOM-SS1A,1,Wednesday,10:40,14:20,5,10:40,1.32
SCH-057-LSN-0019,SCH-057,TCH-00761,overworked_generalist,CRS,JSS2A,ROOM-JSS2A,1,Tuesday,8:00,11:20,5,8:00,1.46
SCH-057-LSN-0020,SCH-057,TCH-00762,nysc_corper,Basic Science,JSS2A,ROOM-JSS2A,1,Monday,13:00,13:40,1,13:00,4.5
SCH-057-LSN-0021,SCH-057,TCH-00762,nysc_corper,Basic Science,JSS2B,ROOM-JSS2B,1,Monday,13:40,14:20,1,13:40,4.5
SCH-057-LSN-0022,SCH-057,TCH-00763,nysc_corper,Basic Science,JSS2B,ROOM-JSS2B,1,Monday,13:00,13:40,1,13:00,4.5
SCH-057-LSN-0023,SCH-057,TCH-00763,nysc_corper,Basic Science,JSS3B,ROOM-JSS3B,1,Monday,13:40,14:20,1,13:40,4.5
SCH-057-LSN-0024,SCH-057,TCH-00763,nysc_corper,Basic Science,JSS3B,ROOM-JSS3B,1,Tuesday,13:00,13:40,1,13:00,4.5
SCH-057-LSN-0025,SCH-057,TCH-00763,nysc_corper,Basic Science,JSS2B,ROOM-JSS2B,1,Tuesday,13:40,14:20,1,13:40,4.5
SCH-057-LSN-0026,SCH-057,TCH-00764,veteran_staff_room_boss,Further Mathematics,SS3A,ROOM-SS3A,1,Monday,8:40,10:00,2,8:40,4
SCH-057-LSN-0027,SCH-057,TCH-00764,veteran_staff_room_boss,Further Mathematics,SS1B,ROOM-SS1B,1,Tuesday,9:20,10:40,2,9:20,4
SCH-057-LSN-0028,SCH-057,TCH-00765,veteran_staff_room_boss,Further Mathematics,SS2B,ROOM-SS2B,1,Monday,8:40,9:20,1,8:40,4
SCH-057-LSN-0029,SCH-057,TCH-00765,veteran_staff_room_boss,Further Mathematics,SS3A,ROOM-SS3A,1,Tuesday,8:40,9:20,1,8:40,4
SCH-057-LSN-0030,SCH-057,TCH-00765,veteran_staff_room_boss,Further Mathematics,SS2B,ROOM-SS2B,1,Monday,9:20,10:00,1,9:20,4
SCH-057-LSN-0031,SCH-057,TCH-00766,nysc_corper,Civic Education,JSS1A,ROOM-JSS1A,1,Tuesday,13:00,13:40,1,13:00,4.5
SCH-057-LSN-0032,SCH-057,TCH-00766,nysc_corper,Civic Education,JSS1A,ROOM-JSS1A,1,Tuesday,13:40,14:20,1,13:40,4.5
SCH-057-LSN-0033,SCH-057,TCH-00767,overworked_generalist,CRS,SS3A,ROOM-SS3A,1,Thursday,10:40,14:20,5,10:40,1.45
SCH-057-LSN-0034,SCH-057,TCH-00767,overworked_generalist,Basic Technology,SS1B,ROOM-SS1B,0,Wednesday,10:40,14:20,5,10:40,1.46
SCH-057-LSN-0035,SCH-057,TCH-00767,overworked_generalist,CRS,JSS2B,ROOM-JSS2B,1,Tuesday,8:40,12:20,5,8:40,0.95
SCH-057-LSN-0036,SCH-057,TCH-00767,overworked_generalist,CRS,SS2A,ROOM-SS2A,1,Friday,8:00,11:20,5,8:00,1.38
SCH-057-LSN-0037,SCH-057,TCH-00767,overworked_generalist,Basic Technology,JSS1B,ROOM-JSS1B,0,Monday,8:00,11:20,5,8:00,1.36
SCH-057-LSN-0038,SCH-057,TCH-00768,hustling_subject_specialist,Economics,SS2B,ROOM-SS2B,1,Tuesday,10:00,11:20,2,10:00,4
SCH-057-LSN-0039,SCH-057,TCH-00768,hustling_subject_specialist,Economics,SS2A,ROOM-SS2A,1,Tuesday,8:00,9:20,2,8:00,4
SCH-057-LSN-0040,SCH-057,TCH-00768,hustling_subject_specialist,Further Mathematics,SS1B,ROOM-SS1B,1,Thursday,8:00,9:20,2,8:00,4
SCH-057-LSN-0041,SCH-057,TCH-00768,hustling_subject_specialist,Further Mathematics,SS3A,ROOM-SS3A,1,Thursday,9:20,10:40,2,9:20,4
SCH-057-LSN-0042,SCH-057,TCH-00769,nysc_corper,Civic Education,JSS3B,ROOM-JSS3B,1,Monday,13:00,13:40,1,13:00,4.5
SCH-057-LSN-0043,SCH-057,TCH-00769,nysc_corper,Civic Education,JSS2B,ROOM-JSS2B,1,Tuesday,13:00,13:40,1,13:00,4.5
SCH-057-LSN-0044,SCH-057,TCH-00769,nysc_corper,Civic Education,JSS1B,ROOM-JSS1B,1,Monday,13:40,14:20,1,13:40,4.5
SCH-057-LSN-0045,SCH-057,TCH-00769,nysc_corper,Basic Science,JSS2B,ROOM-JSS2B,1,Thursday,13:00,13:40,1,13:00,4.5
SCH-057-LSN-0046,SCH-057,TCH-00769,nysc_corper,Basic Science,JSS3A,ROOM-JSS3A,1,Tuesday,13:40,14:20,1,13:40,4.5
SCH-057-LSN-0047,SCH-057,TCH-00769,nysc_corper,Civic Education,JSS2A,ROOM-JSS2A,1,Thursday,13:40,14:20,1,13:40,4.5
SCH-057-LSN-0048,SCH-057,TCH-00769,nysc_corper,Civic Education,JSS3A,ROOM-JSS3A,1,Monday,8:00,8:40,1,8:00,0
SCH-057-LSN-0049,SCH-057,TCH-00769,nysc_corper,Basic Science,JSS2A,ROOM-JSS2A,1,Monday,8:40,9:20,1,8:40,0
SCH-057-LSN-0050,SCH-057,TCH-00770,nysc_corper,Civic Education,JSS1A,ROOM-JSS1A,1,Monday,13:00,13:40,1,13:00,4.5
SCH-057-LSN-0051,SCH-057,TCH-00770,nysc_corper,Civic Education,JSS3B,ROOM-JSS3B,1,Tuesday,13:40,14:20,1,13:40,4.5
SCH-057-LSN-0052,SCH-057,TCH-00770,nysc_corper,Civic Education,JSS3B,ROOM-JSS3B,1,Wednesday,13:00,13:40,1,13:00,4.5
SCH-057-LSN-0053,SCH-057,TCH-00771,nysc_corper,Civic Education,JSS2B,ROOM-JSS2B,1,Thursday,13:40,14:20,1,13:40,4.5
SCH-057-LSN-0054,SCH-057,TCH-00771,nysc_corper,Basic Science,JSS3A,ROOM-JSS3A,1,Monday,13:00,13:40,1,13:00,4.5
SCH-057-LSN-0055,SCH-057,TCH-00771,nysc_corper,Basic Science,JSS2B,ROOM-JSS2B,1,Monday,11:40,12:20,1,11:40,0
SCH-057-LSN-0056,SCH-057,TCH-00771,nysc_corper,Civic Education,JSS3B,ROOM-JSS3B,1,Thursday,13:00,13:40,1,13:00,4.5
SCH-057-LSN-0057,SCH-057,TCH-00771,nysc_corper,Basic Science,JSS2B,ROOM-JSS2B,1,Monday,12:20,13:00,1,12:20,0
SCH-057-LSN-0058,SCH-057,TCH-00771,nysc_corper,Civic Education,JSS1A,ROOM-JSS1A,1,Monday,13:40,14:20,1,13:40,4.5
SCH-057-LSN-0059,SCH-057,TCH-00771,nysc_corper,Civic Education,JSS2A,ROOM-JSS2A,1,Tuesday,13:00,13:40,1,13:00,4.5
SCH-057-LSN-0060,SCH-057,TCH-00771,nysc_corper,Civic Education,JSS3A,ROOM-JSS3A,1,Monday,8:40,9:20,1,8:40,0
SCH-058-LSN-0001,SCH-058,TCH-00772,overworked_generalist,CRS,SS2A,ROOM-SS2A,1,Wednesday,11:40,14:20,4,11:40,1.49
SCH-058-LSN-0002,SCH-058,TCH-00772,overworked_generalist,CRS,JSS3B,ROOM-JSS3B,1,Tuesday,10:00,13:00,4,10:00,1.49
SCH-058-LSN-0003,SCH-058,TCH-00772,overworked_generalist,PHE,SS3A,ROOM-SS3A,1,Thursday,8:00,10:40,4,8:00,1.49
SCH-058-LSN-0004,SCH-058,TCH-00772,overworked_generalist,PHE,SS1B,ROOM-SS1B,1,Thursday,10:40,13:40,4,10:40,1.47
SCH-058-LSN-0005,SCH-058,TCH-00773,hustling_subject_specialist,Economics,SS2A,ROOM-SS2A,1,Monday,8:00,10:00,3,8:00,4
SCH-058-LSN-0006,SCH-058,TCH-00773,hustling_subject_specialist,Economics,SS3B,ROOM-SS3B,1,Monday,10:00,12:20,3,10:00,4
SCH-058-LSN-0007,SCH-058,TCH-00773,hustling_subject_specialist,Economics,SS2A,ROOM-SS2A,1,Thursday,8:00,10:00,3,8:00,4
SCH-058-LSN-0008,SCH-058,TCH-00773,hustling_subject_specialist,Economics,SS1B,ROOM-SS1B,1,Monday,12:20,14:20,3,12:20,-4
SCH-058-LSN-0009,SCH-058,TCH-00774,overworked_generalist,PHE,JSS1B,ROOM-JSS1B,1,Thursday,8:40,12:20,5,8:40,1.41
SCH-058-LSN-0010,SCH-058,TCH-00774,overworked_generalist,CRS,SS2B,ROOM-SS2B,1,Monday,9:20,13:00,5,9:20,1.37
SCH-058-LSN-0011,SCH-058,TCH-00774,overworked_generalist,CRS,SS3A,ROOM-SS3A,1,Friday,8:40,12:20,5,8:40,1.48
SCH-058-LSN-0012,SCH-058,TCH-00774,overworked_generalist,PHE,JSS3A,ROOM-JSS3A,1,Wednesday,8:00,11:20,5,8:00,1.2
SCH-058-LSN-0013,SCH-058,TCH-00774,overworked_generalist,CRS,SS3A,ROOM-SS3A,1,Tuesday,9:20,13:00,5,9:20,1.44
SCH-058-LSN-0014,SCH-058,TCH-00775,nysc_corper,Basic Science,JSS3B,ROOM-JSS3B,1,Monday,13:00,13:40,1,13:00,4.5
SCH-058-LSN-0015,SCH-058,TCH-00775,nysc_corper,Civic Education,JSS1A,ROOM-JSS1A,1,Monday,13:40,14:20,1,13:40,4.5
SCH-058-LSN-0016,SCH-058,TCH-00775,nysc_corper,Basic Science,JSS2B,ROOM-JSS2B,1,Tuesday,13:00,13:40,1,13:00,4.5
SCH-058-LSN-0017,SCH-058,TCH-00775,nysc_corper,Basic Science,JSS2B,ROOM-JSS2B,1,Tuesday,13:40,14:20,1,13:40,4.5
SCH-058-LSN-0018,SCH-058,TCH-00776,hustling_subject_specialist,Economics,SS1B,ROOM-SS1B,1,Monday,8:00,9:20,2,8:00,4
SCH-058-LSN-0019,SCH-058,TCH-00776,hustling_subject_specialist,Economics,SS2A,ROOM-SS2A,1,Monday,10:00,11:20,2,10:00,4
SCH-058-LSN-0020,SCH-058,TCH-00777,hustling_subject_specialist,Physics,SS1A,ROOM-SS1A,0,Wednesday,8:00,9:20,2,8:00,4
SCH-058-LSN-0021,SCH-058,TCH-00777,hustling_subject_specialist,Physics,SS2B,SCI-LAB-01,1,Wednesday,9:20,10:40,2,9:20,4
SCH-058-LSN-0022,SCH-058,TCH-00778,nysc_corper,Basic Science,JSS1B,ROOM-JSS1B,1,Monday,13:00,13:40,1,13:00,4.5
SCH-058-LSN-0023,SCH-058,TCH-00778,nysc_corper,Civic Education,JSS2A,ROOM-JSS2A,1,Monday,13:40,14:20,1,13:40,4.5
SCH-058-LSN-0024,SCH-058,TCH-00778,nysc_corper,Basic Science,JSS2B,ROOM-JSS2B,1,Wednesday,13:00,13:40,1,13:00,4.5
SCH-058-LSN-0025,SCH-058,TCH-00778,nysc_corper,Civic Education,JSS3A,ROOM-JSS3A,1,Tuesday,13:00,13:40,1,13:00,4.5
SCH-058-LSN-0026,SCH-058,TCH-00779,nysc_corper,Civic Education,JSS2A,ROOM-JSS2A,1,Tuesday,13:00,13:40,1,13:00,4.5
SCH-058-LSN-0027,SCH-058,TCH-00779,nysc_corper,Civic Education,JSS3B,ROOM-JSS3B,1,Tuesday,13:40,14:20,1,13:40,4.5
SCH-058-LSN-0028,SCH-058,TCH-00779,nysc_corper,Civic Education,JSS1B,ROOM-JSS1B,1,Wednesday,13:00,13:40,1,13:00,4.5
SCH-058-LSN-0029,SCH-058,TCH-00779,nysc_corper,Civic Education,JSS1A,ROOM-JSS1A,1,Wednesday,13:40,14:20,1,13:40,4.5
SCH-058-LSN-0030,SCH-058,TCH-00779,nysc_corper,Basic Science,JSS1B,ROOM-JSS1B,1,Thursday,13:00,13:40,1,13:00,4.5
SCH-058-LSN-0031,SCH-058,TCH-00779,nysc_corper,Basic Science,JSS3A,ROOM-JSS3A,1,Thursday,13:40,14:20,1,13:40,4.5
SCH-058-LSN-0032,SCH-058,TCH-00780,nysc_corper,Basic Science,JSS2B,ROOM-JSS2B,1,Monday,13:00,13:40,1,13:00,4.5
SCH-058-LSN-0033,SCH-058,TCH-00780,nysc_corper,Basic Science,JSS1A,ROOM-JSS1A,1,Tuesday,13:00,13:40,1,13:00,4.5
SCH-058-LSN-0034,SCH-058,TCH-00780,nysc_corper,Basic Science,JSS2B,ROOM-JSS2B,1,Monday,13:40,14:20,1,13:40,4.5
SCH-058-LSN-0035,SCH-058,TCH-00780,nysc_corper,Basic Science,JSS1B,ROOM-JSS1B,1,Tuesday,13:40,14:20,1,13:40,4.5
SCH-058-LSN-0036,SCH-058,TCH-00781,nysc_corper,Basic Science,JSS3B,ROOM-JSS3B,1,Tuesday,13:00,13:40,1,13:00,4.5
SCH-058-LSN-0037,SCH-058,TCH-00781,nysc_corper,Civic Education,JSS3B,ROOM-JSS3B,1,Wednesday,13:00,13:40,1,13:00,4.5
SCH-058-LSN-0038,SCH-058,TCH-00781,nysc_corper,Civic Education,JSS3B,ROOM-JSS3B,1,Wednesday,13:40,14:20,1,13:40,4.5
SCH-058-LSN-0039,SCH-058,TCH-00781,nysc_corper,Basic Science,JSS1B,ROOM-JSS1B,1,Thursday,13:40,14:20,1,13:40,4.5
SCH-058-LSN-0040,SCH-058,TCH-00781,nysc_corper,Basic Science,JSS1B,ROOM-JSS1B,1,Tuesday,8:00,8:40,1,8:00,0
SCH-058-LSN-0041,SCH-058,TCH-00781,nysc_corper,Basic Science,JSS1B,ROOM-JSS1B,1,Tuesday,8:40,9:20,1,8:40,0
SCH-058-LSN-0042,SCH-058,TCH-00781,nysc_corper,Basic Science,JSS3B,ROOM-JSS3B,1,Thursday,13:00,13:40,1,13:00,4.5
SCH-058-LSN-0043,SCH-058,TCH-00781,nysc_corper,Basic Science,JSS2A,ROOM-JSS2A,1,Tuesday,13:40,14:20,1,13:40,4.5
SCH-058-LSN-0044,SCH-058,TCH-00782,hustling_subject_specialist,Further Mathematics,SS3A,ROOM-SS3A,1,Monday,8:00,10:00,3,8:00,4
SCH-058-LSN-0045,SCH-058,TCH-00782,hustling_subject_specialist,Physics,SS2B,SCI-LAB-01,1,Tuesday,8:00,10:00,3,8:00,4
SCH-058-LSN-0046,SCH-058,TCH-00782,hustling_subject_specialist,Further Mathematics,SS2A,ROOM-SS2A,1,Tuesday,10:00,12:20,3,10:00,4
SCH-058-LSN-0047,SCH-058,TCH-00782,hustling_subject_specialist,Further Mathematics,SS1B,ROOM-SS1B,1,Monday,10:00,12:20,3,10:00,4
SCH-059-LSN-0001,SCH-059,TCH-00783,overworked_generalist,PHE,SS1B,ROOM-SS1B,1,Wednesday,10:00,13:00,4,10:00,1.5
SCH-059-LSN-0002,SCH-059,TCH-00783,overworked_generalist,PHE,JSS3B,ROOM-JSS3B,1,Thursday,8:00,10:40,4,8:00,1.47
SCH-059-LSN-0003,SCH-059,TCH-00783,overworked_generalist,CRS,JSS1A,ROOM-JSS1A,1,Monday,8:40,11:20,4,8:40,1.43
SCH-059-LSN-0004,SCH-059,TCH-00783,overworked_generalist,CRS,SS1A,ROOM-SS1A,1,Thursday,11:40,14:20,4,11:40,1.44
SCH-059-LSN-0005,SCH-059,TCH-00783,overworked_generalist,PHE,SS1A,ROOM-SS1A,1,Tuesday,11:40,14:20,4,11:40,1.39
SCH-059-LSN-0006,SCH-059,TCH-00783,overworked_generalist,CRS,SS1B,ROOM-SS1B,1,Friday,8:40,11:20,4,8:40,1.46
SCH-059-LSN-0007,SCH-059,TCH-00783,overworked_generalist,PHE,SS3A,ROOM-SS3A,1,Tuesday,8:00,10:40,4,8:00,1.48
SCH-059-LSN-0008,SCH-059,TCH-00783,overworked_generalist,CRS,SS1B,ROOM-SS1B,1,Monday,11:40,14:20,4,11:40,0.63
SCH-059-LSN-0009,SCH-059,TCH-00784,overworked_generalist,CRS,JSS2B,ROOM-JSS2B,1,Tuesday,9:20,13:00,5,9:20,1.43
SCH-059-LSN-0010,SCH-059,TCH-00784,overworked_generalist,CRS,JSS2A,ROOM-JSS2A,1,Monday,10:00,13:40,5,10:00,1.39
SCH-059-LSN-0011,SCH-059,TCH-00784,overworked_generalist,CRS,SS1B,ROOM-SS1B,1,Thursday,10:40,14:20,5,10:40,1.48
SCH-059-LSN-0012,SCH-059,TCH-00784,overworked_generalist,PHE,SS1A,ROOM-SS1A,1,Wednesday,10:40,14:20,5,10:40,1.35
SCH-059-LSN-0013,SCH-059,TCH-00784,overworked_generalist,CRS,JSS2A,ROOM-JSS2A,1,Friday,8:00,11:20,5,8:00,1.26
SCH-059-LSN-0014,SCH-059,TCH-00785,hustling_subject_specialist,Physics,SS2A,SCI-LAB-01,1,Monday,8:00,10:00,3,8:00,4
SCH-059-LSN-0015,SCH-059,TCH-00785,hustling_subject_specialist,Physics,SS2A,SCI-LAB-01,1,Monday,10:00,12:20,3,10:00,4
SCH-059-LSN-0016,SCH-059,TCH-00786,nysc_corper,Basic Science,JSS3A,ROOM-JSS3A,1,Monday,13:00,13:40,1,13:00,4.5
SCH-059-LSN-0017,SCH-059,TCH-00786,nysc_corper,Basic Science,JSS2B,ROOM-JSS2B,1,Monday,13:40,14:20,1,13:40,4.5
SCH-059-LSN-0018,SCH-059,TCH-00786,nysc_corper,Basic Science,JSS1A,ROOM-JSS1A,1,Tuesday,13:00,13:40,1,13:00,4.5
SCH-059-LSN-0019,SCH-059,TCH-00787,overworked_generalist,Basic Technology,JSS2B,ROOM-JSS2B,0,Thursday,10:00,12:20,3,10:00,1.48
SCH-059-LSN-0020,SCH-059,TCH-00787,overworked_generalist,Basic Technology,JSS2B,ROOM-JSS2B,0,Wednesday,10:40,13:00,3,10:40,1.5
SCH-059-LSN-0021,SCH-059,TCH-00787,overworked_generalist,Basic Technology,SS3B,ROOM-SS3B,0,Monday,10:40,13:00,3,10:40,1.46
SCH-059-LSN-0022,SCH-059,TCH-00787,overworked_generalist,PHE,SS3B,ROOM-SS3B,1,Friday,8:00,10:00,3,8:00,1.48
SCH-059-LSN-0023,SCH-059,TCH-00787,overworked_generalist,PHE,SS2A,ROOM-SS2A,1,Tuesday,8:00,10:00,3,8:00,1.49
SCH-059-LSN-0024,SCH-059,TCH-00787,overworked_generalist,CRS,JSS3B,ROOM-JSS3B,1,Friday,10:00,12:20,3,10:00,1.25
SCH-059-LSN-0025,SCH-059,TCH-00787,overworked_generalist,Basic Technology,SS3B,ROOM-SS3B,0,Tuesday,10:00,12:20,3,10:00,1.47
SCH-059-LSN-0026,SCH-059,TCH-00787,overworked_generalist,CRS,SS1B,ROOM-SS1B,1,Monday,8:40,10:40,3,8:40,1.37
SCH-059-LSN-0027,SCH-059,TCH-00787,overworked_generalist,PHE,JSS2B,ROOM-JSS2B,1,Wednesday,8:40,10:40,3,8:40,1.48
SCH-059-LSN-0028,SCH-059,TCH-00787,overworked_generalist,PHE,SS3A,ROOM-SS3A,1,Thursday,8:00,10:00,3,8:00,1.48
SCH-059-LSN-0029,SCH-059,TCH-00787,overworked_generalist,CRS,SS1B,ROOM-SS1B,1,Tuesday,12:20,14:20,3,12:20,1.02
SCH-059-LSN-0030,SCH-059,TCH-00787,overworked_generalist,CRS,SS2A,ROOM-SS2A,1,Thursday,12:20,14:20,3,12:20,0.76
SCH-059-LSN-0031,SCH-059,TCH-00788,hustling_subject_specialist,Further Mathematics,SS2B,ROOM-SS2B,1,Tuesday,8:00,9:20,2,8:00,4
SCH-059-LSN-0032,SCH-059,TCH-00788,hustling_subject_specialist,Further Mathematics,SS2A,ROOM-SS2A,1,Tuesday,10:00,11:20,2,10:00,4
SCH-059-LSN-0033,SCH-059,TCH-00789,overworked_generalist,CRS,SS2B,ROOM-SS2B,1,Thursday,8:00,10:00,3,8:00,1.5
SCH-059-LSN-0034,SCH-059,TCH-00789,overworked_generalist,Basic Technology,JSS2B,ROOM-JSS2B,0,Monday,10:00,12:20,3,10:00,1.49
SCH-059-LSN-0035,SCH-059,TCH-00789,overworked_generalist,PHE,JSS2B,ROOM-JSS2B,1,Friday,8:00,10:00,3,8:00,1.41
SCH-059-LSN-0036,SCH-059,TCH-00789,overworked_generalist,CRS,JSS3A,ROOM-JSS3A,1,Wednesday,12:20,14:20,3,12:20,1.48
SCH-059-LSN-0037,SCH-059,TCH-00789,overworked_generalist,CRS,JSS2A,ROOM-JSS2A,1,Tuesday,11:40,13:40,3,11:40,1.47
SCH-059-LSN-0038,SCH-059,TCH-00789,overworked_generalist,PHE,SS3A,ROOM-SS3A,1,Thursday,12:20,14:20,3,12:20,1.26
SCH-059-LSN-0039,SCH-059,TCH-00789,overworked_generalist,Basic Technology,SS3A,WORKSHOP-01,1,Wednesday,10:00,12:20,3,10:00,1.47
SCH-059-LSN-0040,SCH-059,TCH-00789,overworked_generalist,Basic Technology,JSS3B,ROOM-JSS3B,0,Tuesday,9:20,11:20,3,9:20,1.34
SCH-059-LSN-0041,SCH-059,TCH-00789,overworked_generalist,CRS,SS2B,ROOM-SS2B,1,Wednesday,8:00,10:00,3,8:00,1.44
SCH-059-LSN-0042,SCH-059,TCH-00789,overworked_generalist,PHE,JSS2B,ROOM-JSS2B,1,Friday,10:00,12:20,3,10:00,1.09
SCH-059-LSN-0043,SCH-059,TCH-00789,overworked_generalist,CRS,JSS1B,ROOM-JSS1B,1,Thursday,10:00,12:20,3,10:00,0.75
SCH-059-LSN-0044,SCH-059,TCH-00789,overworked_generalist,PHE,JSS1B,ROOM-JSS1B,1,Monday,8:00,10:00,3,8:00,1.33
SCH-059-LSN-0045,SCH-059,TCH-00790,nysc_corper,Basic Science,JSS3B,ROOM-JSS3B,1,Tuesday,13:00,13:40,1,13:00,4.5
SCH-059-LSN-0046,SCH-059,TCH-00790,nysc_corper,Basic Science,JSS2A,ROOM-JSS2A,1,Tuesday,13:40,14:20,1,13:40,4.5
SCH-059-LSN-0047,SCH-059,TCH-00790,nysc_corper,Basic Science,JSS2A,ROOM-JSS2A,1,Wednesday,13:00,13:40,1,13:00,4.5
SCH-059-LSN-0048,SCH-059,TCH-00791,hustling_subject_specialist,Further Mathematics,SS3B,ROOM-SS3B,1,Monday,8:00,9:20,2,8:00,4
SCH-059-LSN-0049,SCH-059,TCH-00791,hustling_subject_specialist,Further Mathematics,SS1A,ROOM-SS1A,1,Monday,9:20,10:40,2,9:20,4
SCH-059-LSN-0050,SCH-059,TCH-00791,hustling_subject_specialist,Further Mathematics,SS3B,ROOM-SS3B,1,Tuesday,8:00,9:20,2,8:00,4
SCH-059-LSN-0051,SCH-059,TCH-00791,hustling_subject_specialist,Further Mathematics,SS3A,ROOM-SS3A,1,Monday,10:40,12:20,2,10:40,4
SCH-059-LSN-0052,SCH-059,TCH-00791,hustling_subject_specialist,Economics,SS3A,ROOM-SS3A,1,Tuesday,10:40,12:20,2,10:40,4
SCH-059-LSN-0053,SCH-059,TCH-00791,hustling_subject_specialist,Economics,SS1A,ROOM-SS1A,1,Tuesday,9:20,10:40,2,9:20,4
SCH-059-LSN-0054,SCH-059,TCH-00792,overworked_generalist,Basic Technology,SS1B,WORKSHOP-01,1,Tuesday,8:40,11:20,4,8:40,1.47
SCH-059-LSN-0055,SCH-059,TCH-00792,overworked_generalist,CRS,SS1B,ROOM-SS1B,1,Thursday,8:00,10:40,4,8:00,0.56
SCH-059-LSN-0056,SCH-059,TCH-00792,overworked_generalist,Basic Technology,JSS2A,ROOM-JSS2A,0,Wednesday,8:40,11:20,4,8:40,1.34
SCH-059-LSN-0057,SCH-059,TCH-00792,overworked_generalist,PHE,JSS1B,ROOM-JSS1B,1,Friday,9:20,12:20,4,9:20,1.43
SCH-059-LSN-0058,SCH-059,TCH-00792,overworked_generalist,CRS,SS1A,ROOM-SS1A,1,Monday,10:40,13:40,4,10:40,0.92
SCH-059-LSN-0059,SCH-059,TCH-00792,overworked_generalist,CRS,JSS2A,ROOM-JSS2A,1,Thursday,11:40,14:20,4,11:40,1.24
SCH-059-LSN-0060,SCH-059,TCH-00792,overworked_generalist,Basic Technology,SS2A,ROOM-SS2A,0,Tuesday,11:40,14:20,4,11:40,1.4
SCH-059-LSN-0061,SCH-059,TCH-00792,overworked_generalist,Basic Technology,SS3A,ROOM-SS3A,0,Monday,8:00,10:40,4,8:00,0.78
SCH-059-LSN-0062,SCH-059,TCH-00792,overworked_generalist,PHE,JSS1A,ROOM-JSS1A,1,Wednesday,11:40,14:20,4,11:40,1.31
SCH-060-LSN-0001,SCH-060,TCH-00793,nysc_corper,Civic Education,JSS2A,ROOM-JSS2A,1,Monday,13:00,13:40,1,13:00,4.5
SCH-060-LSN-0002,SCH-060,TCH-00793,nysc_corper,Civic Education,JSS2B,ROOM-JSS2B,1,Monday,13:40,14:20,1,13:40,4.5
SCH-060-LSN-0003,SCH-060,TCH-00793,nysc_corper,Civic Education,JSS3B,ROOM-JSS3B,1,Wednesday,13:00,13:40,1,13:00,4.5
SCH-060-LSN-0004,SCH-060,TCH-00794,overworked_generalist,PHE,SS1B,ROOM-SS1B,1,Tuesday,10:00,13:00,4,10:00,1.48
SCH-060-LSN-0005,SCH-060,TCH-00794,overworked_generalist,PHE,SS2A,ROOM-SS2A,1,Thursday,8:40,11:20,4,8:40,1.49
SCH-060-LSN-0006,SCH-060,TCH-00794,overworked_generalist,CRS,SS2B,ROOM-SS2B,1,Wednesday,10:00,13:00,4,10:00,1.28
SCH-060-LSN-0007,SCH-060,TCH-00794,overworked_generalist,Basic Technology,SS2A,ROOM-SS2A,0,Monday,11:40,14:20,4,11:40,1.46
SCH-060-LSN-0008,SCH-060,TCH-00794,overworked_generalist,PHE,JSS1B,ROOM-JSS1B,1,Monday,8:40,11:20,4,8:40,1.47
SCH-060-LSN-0009,SCH-060,TCH-00794,overworked_generalist,CRS,SS1A,ROOM-SS1A,1,Friday,8:00,10:40,4,8:00,1.42
SCH-060-LSN-0010,SCH-060,TCH-00795,veteran_staff_room_boss,Physics,SS3A,SCI-LAB-01,1,Monday,8:40,9:20,1,8:40,4
SCH-060-LSN-0011,SCH-060,TCH-00795,veteran_staff_room_boss,Further Mathematics,SS1A,ROOM-SS1A,1,Monday,9:20,10:00,1,9:20,4
SCH-060-LSN-0012,SCH-060,TCH-00795,veteran_staff_room_boss,Further Mathematics,SS3A,ROOM-SS3A,1,Monday,10:00,10:40,1,10:00,4
SCH-060-LSN-0013,SCH-060,TCH-00795,veteran_staff_room_boss,Physics,SS3B,SCI-LAB-01,1,Tuesday,8:40,9:20,1,8:40,4
SCH-060-LSN-0014,SCH-060,TCH-00796,hustling_subject_specialist,Economics,SS2B,ROOM-SS2B,1,Tuesday,8:00,10:00,3,8:00,4
SCH-060-LSN-0015,SCH-060,TCH-00796,hustling_subject_specialist,Economics,SS1B,ROOM-SS1B,1,Wednesday,8:00,10:00,3,8:00,4
SCH-060-LSN-0016,SCH-060,TCH-00796,hustling_subject_specialist,Economics,SS1B,ROOM-SS1B,1,Wednesday,10:00,12:20,3,10:00,4
SCH-060-LSN-0017,SCH-060,TCH-00796,hustling_subject_specialist,Economics,SS3B,ROOM-SS3B,1,Tuesday,10:00,12:20,3,10:00,4
SCH-060-LSN-0018,SCH-060,TCH-00796,hustling_subject_specialist,Economics,SS2B,ROOM-SS2B,1,Tuesday,12:20,14:20,3,12:20,-4
SCH-060-LSN-0019,SCH-060,TCH-00796,hustling_subject_specialist,Economics,SS3B,ROOM-SS3B,1,Wednesday,12:20,14:20,3,12:20,-4
SCH-060-LSN-0020,SCH-060,TCH-00797,nysc_corper,Civic Education,JSS3A,ROOM-JSS3A,1,Tuesday,13:00,13:40,1,13:00,4.5
SCH-060-LSN-0021,SCH-060,TCH-00797,nysc_corper,Civic Education,JSS3B,ROOM-JSS3B,1,Tuesday,13:40,14:20,1,13:40,4.5
SCH-060-LSN-0022,SCH-060,TCH-00797,nysc_corper,Civic Education,JSS3B,ROOM-JSS3B,1,Wednesday,13:40,14:20,1,13:40,4.5
SCH-060-LSN-0023,SCH-060,TCH-00797,nysc_corper,Civic Education,JSS2B,ROOM-JSS2B,1,Wednesday,13:00,13:40,1,13:00,4.5
SCH-060-LSN-0024,SCH-060,TCH-00798,nysc_corper,Basic Science,JSS1B,ROOM-JSS1B,1,Monday,13:00,13:40,1,13:00,4.5
SCH-060-LSN-0025,SCH-060,TCH-00798,nysc_corper,Civic Education,JSS1A,ROOM-JSS1A,1,Monday,13:40,14:20,1,13:40,4.5
SCH-060-LSN-0026,SCH-060,TCH-00798,nysc_corper,Basic Science,JSS3B,ROOM-JSS3B,1,Tuesday,13:00,13:40,1,13:00,4.5
SCH-060-LSN-0027,SCH-060,TCH-00798,nysc_corper,Civic Education,JSS1A,ROOM-JSS1A,1,Tuesday,13:40,14:20,1,13:40,4.5
SCH-060-LSN-0028,SCH-060,TCH-00798,nysc_corper,Civic Education,JSS3A,ROOM-JSS3A,1,Thursday,13:00,13:40,1,13:00,4.5
SCH-060-LSN-0029,SCH-060,TCH-00798,nysc_corper,Civic Education,JSS1A,ROOM-JSS1A,1,Thursday,13:40,14:20,1,13:40,4.5
SCH-060-LSN-0030,SCH-060,TCH-00798,nysc_corper,Civic Education,JSS3B,ROOM-JSS3B,1,Monday,8:00,8:40,1,8:00,0
SCH-060-LSN-0031,SCH-060,TCH-00798,nysc_corper,Basic Science,JSS2A,ROOM-JSS2A,1,Monday,8:40,9:20,1,8:40,0
SCH-060-LSN-0032,SCH-060,TCH-00799,veteran_staff_room_boss,Chemistry,SS3B,SCI-LAB-01,1,Monday,9:20,10:40,2,9:20,4
SCH-060-LSN-0033,SCH-060,TCH-00799,veteran_staff_room_boss,Chemistry,SS3A,SCI-LAB-01,1,Tuesday,9:20,10:40,2,9:20,4
SCH-060-LSN-0034,SCH-060,TCH-00799,veteran_staff_room_boss,Biology,SS2A,SCI-LAB-01,1,Wednesday,8:40,10:00,2,8:40,4
SCH-060-LSN-0035,SCH-060,TCH-00799,veteran_staff_room_boss,Chemistry,SS2A,SCI-LAB-01,1,Wednesday,10:00,11:20,2,10:00,4
SCH-060-LSN-0036,SCH-060,TCH-00800,hustling_subject_specialist,Economics,SS3B,ROOM-SS3B,1,Monday,8:00,9:20,2,8:00,4
SCH-060-LSN-0037,SCH-060,TCH-00800,hustling_subject_specialist,Further Mathematics,SS2B,ROOM-SS2B,1,Monday,9:20,10:40,2,9:20,4
SCH-060-LSN-0038,SCH-060,TCH-00800,hustling_subject_specialist,Further Mathematics,SS3A,ROOM-SS3A,1,Monday,10:40,12:20,2,10:40,4
SCH-060-LSN-0039,SCH-060,TCH-00800,hustling_subject_specialist,Economics,SS1B,ROOM-SS1B,1,Tuesday,8:00,9:20,2,8:00,4
SCH-060-LSN-0040,SCH-060,TCH-00800,hustling_subject_specialist,Further Mathematics,SS1B,ROOM-SS1B,1,Monday,12:20,13:40,2,12:20,-4
SCH-060-LSN-0041,SCH-060,TCH-00800,hustling_subject_specialist,Further Mathematics,SS1A,ROOM-SS1A,1,Tuesday,9:20,10:40,2,9:20,4
SCH-060-LSN-0042,SCH-060,TCH-00800,hustling_subject_specialist,Further Mathematics,SS3B,ROOM-SS3B,1,Wednesday,8:00,9:20,2,8:00,4
SCH-060-LSN-0043,SCH-060,TCH-00800,hustling_subject_specialist,Further Mathematics,SS2B,ROOM-SS2B,1,Tuesday,10:40,12:20,2,10:40,4
SCH-060-LSN-0044,SCH-060,TCH-00801,overworked_generalist,Basic Technology,JSS1A,ROOM-JSS1A,0,Wednesday,10:00,12:20,3,10:00,1.49
SCH-060-LSN-0045,SCH-060,TCH-00801,overworked_generalist,PHE,JSS3B,ROOM-JSS3B,1,Tuesday,8:00,10:00,3,8:00,1.48
SCH-060-LSN-0046,SCH-060,TCH-00801,overworked_generalist,PHE,JSS2B,ROOM-JSS2B,1,Monday,10:40,13:00,3,10:40,1.48
SCH-060-LSN-0047,SCH-060,TCH-00801,overworked_generalist,Basic Technology,SS3B,ROOM-SS3B,0,Thursday,9:20,11:20,3,9:20,1.48
SCH-060-LSN-0048,SCH-060,TCH-00801,overworked_generalist,PHE,JSS2A,ROOM-JSS2A,1,Thursday,11:40,13:40,3,11:40,1.46
SCH-060-LSN-0049,SCH-060,TCH-00801,overworked_generalist,Basic Technology,JSS3B,WORKSHOP-01,1,Friday,8:40,10:40,3,8:40,1.49
SCH-060-LSN-0050,SCH-060,TCH-00802,hustling_subject_specialist,Further Mathematics,SS2A,ROOM-SS2A,1,Monday,8:00,10:00,3,8:00,4
SCH-060-LSN-0051,SCH-060,TCH-00802,hustling_subject_specialist,Economics,SS2B,ROOM-SS2B,1,Monday,10:40,13:00,3,10:40,4
SCH-060-LSN-0052,SCH-060,TCH-00802,hustling_subject_specialist,Further Mathematics,SS1A,ROOM-SS1A,1,Thursday,8:00,10:00,3,8:00,4
SCH-060-LSN-0053,SCH-060,TCH-00802,hustling_subject_specialist,Further Mathematics,SS1B,ROOM-SS1B,1,Thursday,10:00,12:20,3,10:00,4
SCH-060-LSN-0054,SCH-060,TCH-00802,hustling_subject_specialist,Economics,SS3B,ROOM-SS3B,1,Thursday,12:20,14:20,3,12:20,-4
SCH-060-LSN-0055,SCH-060,TCH-00803,nysc_corper,Civic Education,JSS3A,ROOM-JSS3A,1,Tuesday,13:40,14:20,1,13:40,4.5
SCH-060-LSN-0056,SCH-060,TCH-00803,nysc_corper,Civic Education,JSS3A,ROOM-JSS3A,1,Wednesday,13:00,13:40,1,13:00,4.5
SCH-060-LSN-0057,SCH-060,TCH-00803,nysc_corper,Civic Education,JSS1B,ROOM-JSS1B,1,Tuesday,13:00,13:40,1,13:00,4.5
SCH-060-LSN-0058,SCH-060,TCH-00803,nysc_corper,Civic Education,JSS3A,ROOM-JSS3A,1,Wednesday,13:40,14:20,1,13:40,4.5
SCH-060-LSN-0059,SCH-060,TCH-00804,veteran_staff_room_boss,Physics,SS3B,SCI-LAB-01,1,Friday,8:40,10:00,2,8:40,4
SCH-060-LSN-0060,SCH-060,TCH-00804,veteran_staff_room_boss,Physics,SS1A,SCI-LAB-01,1,Thursday,10:00,11:20,2,10:00,4
SCH-060-LSN-0061,SCH-060,TCH-00804,veteran_staff_room_boss,Physics,SS3A,SCI-LAB-01,1,Friday,10:00,11:20,2,10:00,4
SCH-060-LSN-0062,SCH-060,TCH-00805,overworked_generalist,PHE,SS3A,ROOM-SS3A,1,Wednesday,9:20,13:00,5,9:20,1.45
SCH-060-LSN-0063,SCH-060,TCH-00805,overworked_generalist,PHE,JSS1A,ROOM-JSS1A,1,Friday,8:00,11:20,5,8:00,1.45
SCH-060-LSN-0064,SCH-060,TCH-00805,overworked_generalist,Basic Technology,SS1A,ROOM-SS1A,0,Monday,10:00,13:40,5,10:00,1.43
SCH-061-LSN-0001,SCH-061,TCH-00806,overworked_generalist,PHE,SS3A,ROOM-SS3A,1,Thursday,8:40,10:40,3,8:40,1.48
SCH-061-LSN-0002,SCH-061,TCH-00806,overworked_generalist,PHE,JSS1B,ROOM-JSS1B,1,Tuesday,12:20,14:20,3,12:20,1.42
SCH-061-LSN-0003,SCH-061,TCH-00806,overworked_generalist,CRS,SS3A,ROOM-SS3A,1,Monday,9:20,11:20,3,9:20,1.49
SCH-061-LSN-0004,SCH-061,TCH-00806,overworked_generalist,PHE,JSS2B,ROOM-JSS2B,1,Thursday,11:40,13:40,3,11:40,1.45
SCH-061-LSN-0005,SCH-061,TCH-00806,overworked_generalist,CRS,JSS2A,ROOM-JSS2A,1,Tuesday,8:40,10:40,3,8:40,1.5
SCH-061-LSN-0006,SCH-061,TCH-00806,overworked_generalist,PHE,SS3B,ROOM-SS3B,1,Wednesday,11:40,13:40,3,11:40,1.47
SCH-061-LSN-0007,SCH-061,TCH-00807,nysc_corper,Civic Education,JSS3A,ROOM-JSS3A,1,Monday,13:00,13:40,1,13:00,4.5
SCH-061-LSN-0008,SCH-061,TCH-00807,nysc_corper,Civic Education,JSS1B,ROOM-JSS1B,1,Monday,13:40,14:20,1,13:40,4.5
SCH-061-LSN-0009,SCH-061,TCH-00807,nysc_corper,Civic Education,JSS3B,ROOM-JSS3B,1,Tuesday,13:00,13:40,1,13:00,4.5
SCH-061-LSN-0010,SCH-061,TCH-00807,nysc_corper,Civic Education,JSS3B,ROOM-JSS3B,1,Tuesday,13:40,14:20,1,13:40,4.5
SCH-061-LSN-0011,SCH-061,TCH-00808,hustling_subject_specialist,Physics,SS2A,SCI-LAB-01,1,Tuesday,8:00,9:20,2,8:00,4
SCH-061-LSN-0012,SCH-061,TCH-00808,hustling_subject_specialist,Physics,SS1B,SCI-LAB-01,1,Tuesday,9:20,10:40,2,9:20,4
SCH-061-LSN-0013,SCH-061,TCH-00808,hustling_subject_specialist,Further Mathematics,SS3A,ROOM-SS3A,1,Tuesday,10:40,12:20,2,10:40,4
SCH-061-LSN-0014,SCH-061,TCH-00808,hustling_subject_specialist,Physics,SS3B,SCI-LAB-01,1,Wednesday,8:00,9:20,2,8:00,4
SCH-061-LSN-0015,SCH-061,TCH-00808,hustling_subject_specialist,Physics,SS1B,SCI-LAB-01,1,Wednesday,9:20,10:40,2,9:20,4
SCH-061-LSN-0016,SCH-061,TCH-00808,hustling_subject_specialist,Physics,SS3A,SCI-LAB-01,1,Wednesday,10:40,12:20,2,10:40,4
SCH-061-LSN-0017,SCH-061,TCH-00808,hustling_subject_specialist,Further Mathematics,SS2A,ROOM-SS2A,1,Thursday,8:00,9:20,2,8:00,4
SCH-061-LSN-0018,SCH-061,TCH-00808,hustling_subject_specialist,Physics,SS2B,SCI-LAB-01,1,Thursday,9:20,10:40,2,9:20,4
SCH-061-LSN-0019,SCH-061,TCH-00809,overworked_generalist,CRS,SS3B,ROOM-SS3B,1,Thursday,8:00,10:00,3,8:00,1.37
SCH-061-LSN-0020,SCH-061,TCH-00809,overworked_generalist,Basic Technology,SS2B,ROOM-SS2B,0,Wednesday,10:40,13:00,3,10:40,1.43
SCH-061-LSN-0021,SCH-061,TCH-00809,overworked_generalist,Basic Technology,SS2A,ROOM-SS2A,0,Tuesday,10:40,13:00,3,10:40,1.48
SCH-061-LSN-0022,SCH-061,TCH-00809,overworked_generalist,Basic Technology,SS1A,ROOM-SS1A,0,Monday,11:40,13:40,3,11:40,1.46
SCH-061-LSN-0023,SCH-061,TCH-00809,overworked_generalist,CRS,SS1A,ROOM-SS1A,1,Friday,10:00,12:20,3,10:00,1.49
SCH-061-LSN-0024,SCH-061,TCH-00809,overworked_generalist,Basic Technology,JSS2B,ROOM-JSS2B,0,Tuesday,8:00,10:00,3,8:00,1.25
SCH-061-LSN-0025,SCH-061,TCH-00809,overworked_generalist,Basic Technology,JSS2A,ROOM-JSS2A,0,Thursday,12:20,14:20,3,12:20,1.45
SCH-061-LSN-0026,SCH-061,TCH-00809,overworked_generalist,Basic Technology,JSS3B,ROOM-JSS3B,0,Wednesday,8:40,10:40,3,8:40,1.46
SCH-061-LSN-0027,SCH-061,TCH-00810,veteran_staff_room_boss,Physics,SS2A,SCI-LAB-01,1,Monday,8:40,9:20,1,8:40,4
SCH-061-LSN-0028,SCH-061,TCH-00810,veteran_staff_room_boss,Physics,SS3A,SCI-LAB-01,1,Tuesday,8:40,9:20,1,8:40,4
SCH-061-LSN-0029,SCH-061,TCH-00810,veteran_staff_room_boss,Physics,SS3A,SCI-LAB-01,1,Tuesday,9:20,10:00,1,9:20,4
SCH-061-LSN-0030,SCH-061,TCH-00810,veteran_staff_room_boss,Further Mathematics,SS1B,ROOM-SS1B,1,Monday,9:20,10:00,1,9:20,4
SCH-061-LSN-0031,SCH-061,TCH-00810,veteran_staff_room_boss,Physics,SS2A,SCI-LAB-01,1,Monday,10:00,10:40,1,10:00,4
SCH-061-LSN-0032,SCH-061,TCH-00810,veteran_staff_room_boss,Physics,SS2B,SCI-LAB-01,1,Tuesday,10:00,10:40,1,10:00,4
SCH-061-LSN-0033,SCH-061,TCH-00811,overworked_generalist,PHE,SS3B,ROOM-SS3B,1,Wednesday,9:20,11:20,3,9:20,1.48
SCH-061-LSN-0034,SCH-061,TCH-00811,overworked_generalist,Basic Technology,SS2A,ROOM-SS2A,0,Friday,8:00,10:00,3,8:00,1.3
SCH-061-LSN-0035,SCH-061,TCH-00811,overworked_generalist,CRS,SS2B,ROOM-SS2B,1,Monday,9:20,11:20,3,9:20,1.3
SCH-061-LSN-0036,SCH-061,TCH-00811,overworked_generalist,PHE,SS2A,ROOM-SS2A,1,Monday,11:40,13:40,3,11:40,1.45
SCH-061-LSN-0037,SCH-061,TCH-00811,overworked_generalist,CRS,JSS2B,ROOM-JSS2B,1,Tuesday,12:20,14:20,3,12:20,1.43
SCH-061-LSN-0038,SCH-061,TCH-00811,overworked_generalist,Basic Technology,SS3A,ROOM-SS3A,0,Thursday,11:40,13:40,3,11:40,1.41
SCH-061-LSN-0039,SCH-061,TCH-00811,overworked_generalist,Basic Technology,SS3B,WORKSHOP-01,1,Tuesday,8:40,10:40,3,8:40,1.42
SCH-061-LSN-0040,SCH-061,TCH-00811,overworked_generalist,CRS,JSS1B,ROOM-JSS1B,1,Friday,10:00,12:20,3,10:00,1.37
SCH-061-LSN-0041,SCH-061,TCH-00811,overworked_generalist,PHE,JSS2A,ROOM-JSS2A,1,Thursday,8:40,10:40,3,8:40,1.23
SCH-061-LSN-0042,SCH-061,TCH-00812,overworked_generalist,PHE,JSS3B,ROOM-JSS3B,1,Tuesday,10:40,13:00,3,10:40,1.41
SCH-061-LSN-0043,SCH-061,TCH-00812,overworked_generalist,PHE,SS2A,ROOM-SS2A,1,Thursday,10:40,13:00,3,10:40,1.48
SCH-061-LSN-0044,SCH-061,TCH-00812,overworked_generalist,PHE,SS3B,ROOM-SS3B,1,Monday,8:00,10:00,3,8:00,1.47
SCH-061-LSN-0045,SCH-061,TCH-00812,overworked_generalist,CRS,SS1A,ROOM-SS1A,1,Wednesday,8:00,10:00,3,8:00,1.4
SCH-061-LSN-0046,SCH-061,TCH-00813,nysc_corper,Civic Education,JSS2B,ROOM-JSS2B,1,Monday,13:00,13:40,1,13:00,4.5
SCH-061-LSN-0047,SCH-061,TCH-00813,nysc_corper,Civic Education,JSS1B,ROOM-JSS1B,1,Wednesday,13:00,13:40,1,13:00,4.5
SCH-061-LSN-0048,SCH-061,TCH-00814,nysc_corper,Civic Education,JSS3B,ROOM-JSS3B,1,Monday,13:00,13:40,1,13:00,4.5
SCH-061-LSN-0049,SCH-061,TCH-00814,nysc_corper,Basic Science,JSS2A,ROOM-JSS2A,1,Monday,13:40,14:20,1,13:40,4.5
SCH-061-LSN-0050,SCH-061,TCH-00814,nysc_corper,Basic Science,JSS2B,ROOM-JSS2B,1,Thursday,13:40,14:20,1,13:40,4.5
SCH-061-LSN-0051,SCH-061,TCH-00814,nysc_corper,Basic Science,JSS3B,ROOM-JSS3B,1,Thursday,13:00,13:40,1,13:00,4.5
SCH-061-LSN-0052,SCH-061,TCH-00815,nysc_corper,Basic Science,JSS2A,ROOM-JSS2A,1,Tuesday,13:00,13:40,1,13:00,4.5
SCH-061-LSN-0053,SCH-061,TCH-00815,nysc_corper,Basic Science,JSS1A,ROOM-JSS1A,1,Tuesday,13:40,14:20,1,13:40,4.5
SCH-061-LSN-0054,SCH-061,TCH-00815,nysc_corper,Basic Science,JSS1B,ROOM-JSS1B,1,Wednesday,13:40,14:20,1,13:40,4.5
SCH-061-LSN-0055,SCH-061,TCH-00815,nysc_corper,Basic Science,JSS1B,ROOM-JSS1B,1,Thursday,13:00,13:40,1,13:00,4.5
SCH-061-LSN-0056,SCH-061,TCH-00816,hustling_subject_specialist,Physics,SS3A,SCI-LAB-01,1,Wednesday,8:00,9:20,2,8:00,4
SCH-061-LSN-0057,SCH-061,TCH-00816,hustling_subject_specialist,Physics,SS2A,SCI-LAB-01,1,Wednesday,9:20,10:40,2,9:20,4
SCH-061-LSN-0058,SCH-061,TCH-00816,hustling_subject_specialist,Physics,SS3A,SCI-LAB-01,1,Wednesday,12:20,13:40,2,12:20,-4
SCH-061-LSN-0059,SCH-061,TCH-00816,hustling_subject_specialist,Physics,SS2B,SCI-LAB-01,1,Thursday,8:00,9:20,2,8:00,4
SCH-061-LSN-0060,SCH-061,TCH-00817,veteran_staff_room_boss,Further Mathematics,SS1B,ROOM-SS1B,1,Monday,8:40,9:20,1,8:40,4
SCH-061-LSN-0061,SCH-061,TCH-00817,veteran_staff_room_boss,Further Mathematics,SS3B,ROOM-SS3B,1,Monday,10:00,10:40,1,10:00,4
SCH-061-LSN-0062,SCH-061,TCH-00817,veteran_staff_room_boss,Further Mathematics,SS3A,ROOM-SS3A,1,Tuesday,10:00,10:40,1,10:00,4
SCH-061-LSN-0063,SCH-061,TCH-00817,veteran_staff_room_boss,Further Mathematics,SS2B,ROOM-SS2B,1,Wednesday,8:40,9:20,1,8:40,4
SCH-061-LSN-0064,SCH-061,TCH-00818,nysc_corper,Civic Education,JSS1A,ROOM-JSS1A,1,Monday,13:00,13:40,1,13:00,4.5
SCH-061-LSN-0065,SCH-061,TCH-00818,nysc_corper,Civic Education,JSS2A,ROOM-JSS2A,1,Tuesday,13:40,14:20,1,13:40,4.5
SCH-061-LSN-0066,SCH-061,TCH-00818,nysc_corper,Civic Education,JSS1B,ROOM-JSS1B,1,Thursday,13:40,14:20,1,13:40,4.5
SCH-061-LSN-0067,SCH-061,TCH-00818,nysc_corper,Civic Education,JSS2A,ROOM-JSS2A,1,Wednesday,13:00,13:40,1,13:00,4.5
SCH-061-LSN-0068,SCH-061,TCH-00819,overworked_generalist,Basic Technology,SS2A,ROOM-SS2A,0,Wednesday,10:40,13:40,4,10:40,1.13
SCH-061-LSN-0069,SCH-061,TCH-00819,overworked_generalist,PHE,SS2B,ROOM-SS2B,1,Thursday,11:40,14:20,4,11:40,1.35
SCH-061-LSN-0070,SCH-061,TCH-00819,overworked_generalist,PHE,JSS2B,ROOM-JSS2B,1,Monday,9:20,12:20,4,9:20,1.45
SCH-061-LSN-0071,SCH-061,TCH-00819,overworked_generalist,PHE,JSS1A,ROOM-JSS1A,1,Tuesday,8:40,11:20,4,8:40,1.44
SCH-061-LSN-0072,SCH-061,TCH-00820,hustling_subject_specialist,Physics,SS3A,SCI-LAB-01,1,Monday,11:40,13:40,3,11:40,0
SCH-062-LSN-0001,SCH-062,TCH-00821,overworked_generalist,PHE,JSS2B,ROOM-JSS2B,1,Thursday,12:20,14:20,3,12:20,1.5
SCH-062-LSN-0002,SCH-062,TCH-00821,overworked_generalist,Basic Technology,JSS1B,ROOM-JSS1B,0,Wednesday,8:00,10:00,3,8:00,1.42
SCH-062-LSN-0003,SCH-062,TCH-00821,overworked_generalist,Basic Technology,JSS1A,ROOM-JSS1A,0,Tuesday,11:40,13:40,3,11:40,1.5
SCH-062-LSN-0004,SCH-062,TCH-00821,overworked_generalist,CRS,JSS2A,ROOM-JSS2A,1,Monday,10:40,13:00,3,10:40,1.48
SCH-062-LSN-0005,SCH-062,TCH-00821,overworked_generalist,CRS,JSS3A,ROOM-JSS3A,1,Friday,8:00,10:00,3,8:00,1.44
SCH-062-LSN-0006,SCH-062,TCH-00821,overworked_generalist,Basic Technology,SS3B,ROOM-SS3B,0,Thursday,9:20,11:20,3,9:20,1.49
SCH-062-LSN-0007,SCH-062,TCH-00822,nysc_corper,Civic Education,JSS3B,ROOM-JSS3B,1,Monday,13:00,13:40,1,13:00,4.5
SCH-062-LSN-0008,SCH-062,TCH-00822,nysc_corper,Civic Education,JSS2A,ROOM-JSS2A,1,Monday,13:40,14:20,1,13:40,4.5
SCH-062-LSN-0009,SCH-062,TCH-00822,nysc_corper,Basic Science,JSS1B,ROOM-JSS1B,1,Tuesday,13:00,13:40,1,13:00,4.5
SCH-062-LSN-0010,SCH-062,TCH-00822,nysc_corper,Basic Science,JSS3B,ROOM-JSS3B,1,Tuesday,13:40,14:20,1,13:40,4.5
SCH-062-LSN-0011,SCH-062,TCH-00822,nysc_corper,Civic Education,JSS3B,ROOM-JSS3B,1,Wednesday,13:00,13:40,1,13:00,4.5
SCH-062-LSN-0012,SCH-062,TCH-00822,nysc_corper,Basic Science,JSS3B,ROOM-JSS3B,1,Wednesday,13:40,14:20,1,13:40,4.5
SCH-062-LSN-0013,SCH-062,TCH-00822,nysc_corper,Basic Science,JSS2A,ROOM-JSS2A,1,Monday,8:00,8:40,1,8:00,0
SCH-062-LSN-0014,SCH-062,TCH-00822,nysc_corper,Basic Science,JSS3A,ROOM-JSS3A,1,Monday,8:40,9:20,1,8:40,0
SCH-062-LSN-0015,SCH-062,TCH-00823,veteran_staff_room_boss,Chemistry,SS2A,SCI-LAB-01,1,Monday,8:40,10:00,2,8:40,4
SCH-062-LSN-0016,SCH-062,TCH-00823,veteran_staff_room_boss,Chemistry,SS1A,SCI-LAB-01,1,Monday,10:00,11:20,2,10:00,4
SCH-062-LSN-0017,SCH-062,TCH-00823,veteran_staff_room_boss,Further Mathematics,SS3B,ROOM-SS3B,1,Tuesday,8:40,10:00,2,8:40,4
SCH-062-LSN-0018,SCH-062,TCH-00823,veteran_staff_room_boss,Chemistry,SS2A,SCI-LAB-01,1,Tuesday,10:00,11:20,2,10:00,4
SCH-062-LSN-0019,SCH-062,TCH-00823,veteran_staff_room_boss,Chemistry,SS1B,SCI-LAB-01,1,Wednesday,8:40,10:00,2,8:40,4
SCH-062-LSN-0020,SCH-062,TCH-00823,veteran_staff_room_boss,Chemistry,SS2A,SCI-LAB-01,1,Wednesday,10:00,11:20,2,10:00,4
SCH-062-LSN-0021,SCH-062,TCH-00823,veteran_staff_room_boss,Further Mathematics,SS2B,ROOM-SS2B,1,Thursday,8:40,10:00,2,8:40,4
SCH-062-LSN-0022,SCH-062,TCH-00823,veteran_staff_room_boss,Chemistry,SS1A,SCI-LAB-01,1,Thursday,10:00,11:20,2,10:00,4
SCH-062-LSN-0023,SCH-062,TCH-00824,nysc_corper,Civic Education,JSS2B,ROOM-JSS2B,1,Monday,13:00,13:40,1,13:00,4.5
SCH-062-LSN-0024,SCH-062,TCH-00824,nysc_corper,Civic Education,JSS2A,ROOM-JSS2A,1,Tuesday,13:00,13:40,1,13:00,4.5
SCH-062-LSN-0025,SCH-062,TCH-00824,nysc_corper,Civic Education,JSS2B,ROOM-JSS2B,1,Monday,13:40,14:20,1,13:40,4.5
SCH-062-LSN-0026,SCH-062,TCH-00824,nysc_corper,Civic Education,JSS2A,ROOM-JSS2A,1,Tuesday,13:40,14:20,1,13:40,4.5
SCH-062-LSN-0027,SCH-062,TCH-00825,nysc_corper,Basic Science,JSS3B,ROOM-JSS3B,1,Monday,13:40,14:20,1,13:40,4.5
SCH-062-LSN-0028,SCH-062,TCH-00825,nysc_corper,Basic Science,JSS1A,ROOM-JSS1A,1,Monday,13:00,13:40,1,13:00,4.5
SCH-062-LSN-0029,SCH-062,TCH-00825,nysc_corper,Basic Science,JSS1A,ROOM-JSS1A,1,Tuesday,13:40,14:20,1,13:40,4.5
SCH-062-LSN-0030,SCH-062,TCH-00826,overworked_generalist,Basic Technology,JSS2A,ROOM-JSS2A,0,Thursday,11:40,14:20,4,11:40,1.39
SCH-062-LSN-0031,SCH-062,TCH-00826,overworked_generalist,Basic Technology,JSS3A,WORKSHOP-01,1,Wednesday,8:00,10:40,4,8:00,1.38
SCH-062-LSN-0032,SCH-062,TCH-00826,overworked_generalist,PHE,JSS1A,ROOM-JSS1A,1,Friday,8:40,11:20,4,8:40,1.44
SCH-062-LSN-0033,SCH-062,TCH-00826,overworked_generalist,Basic Technology,JSS1A,ROOM-JSS1A,0,Monday,9:20,12:20,4,9:20,1.46
SCH-062-LSN-0034,SCH-062,TCH-00826,overworked_generalist,Basic Technology,SS1B,WORKSHOP-01,1,Thursday,8:00,10:40,4,8:00,1.49
SCH-062-LSN-0035,SCH-062,TCH-00826,overworked_generalist,PHE,SS1A,ROOM-SS1A,1,Tuesday,11:40,14:20,4,11:40,1.27
SCH-062-LSN-0036,SCH-062,TCH-00826,overworked_generalist,CRS,SS1A,ROOM-SS1A,1,Wednesday,11:40,14:20,4,11:40,1.43
SCH-062-LSN-0037,SCH-062,TCH-00826,overworked_generalist,Basic Technology,SS1B,ROOM-SS1B,0,Tuesday,8:00,10:40,4,8:00,1.17
SCH-062-LSN-0038,SCH-062,TCH-00827,hustling_subject_specialist,Physics,SS2B,ROOM-SS2B,0,Monday,8:40,10:00,2,8:40,4
SCH-062-LSN-0039,SCH-062,TCH-00827,hustling_subject_specialist,Further Mathematics,SS1A,ROOM-SS1A,1,Thursday,8:00,9:20,2,8:00,4
SCH-062-LSN-0040,SCH-062,TCH-00827,hustling_subject_specialist,Physics,SS2A,ROOM-SS2A,0,Thursday,10:40,12:20,2,10:40,4
SCH-062-LSN-0041,SCH-062,TCH-00827,hustling_subject_specialist,Further Mathematics,SS3B,ROOM-SS3B,1,Monday,10:00,11:20,2,10:00,4
SCH-062-LSN-0042,SCH-062,TCH-00828,hustling_subject_specialist,Physics,SS1B,SCI-LAB-01,1,Monday,11:40,13:00,2,11:40,0
SCH-062-LSN-0043,SCH-062,TCH-00828,hustling_subject_specialist,Physics,SS2B,SCI-LAB-01,1,Tuesday,8:00,9:20,2,8:00,4
SCH-062-LSN-0044,SCH-062,TCH-00828,hustling_subject_specialist,Physics,SS3B,ROOM-SS3B,0,Monday,8:00,9:20,2,8:00,4
SCH-062-LSN-0045,SCH-062,TCH-00829,veteran_staff_room_boss,Physics,SS3A,SCI-LAB-01,1,Tuesday,8:40,9:20,1,8:40,4
SCH-062-LSN-0046,SCH-062,TCH-00829,veteran_staff_room_boss,Chemistry,SS2A,SCI-LAB-01,1,Monday,10:00,10:40,1,10:00,4
SCH-062-LSN-0047,SCH-062,TCH-00829,veteran_staff_room_boss,Chemistry,SS1A,SCI-LAB-01,1,Tuesday,9:20,10:00,1,9:20,4
SCH-062-LSN-0048,SCH-062,TCH-00829,veteran_staff_room_boss,Chemistry,SS2B,SCI-LAB-01,1,Tuesday,10:00,10:40,1,10:00,4
SCH-062-LSN-0049,SCH-062,TCH-00830,veteran_staff_room_boss,Chemistry,SS1B,SCI-LAB-01,1,Monday,8:40,9:20,1,8:40,4
SCH-062-LSN-0050,SCH-062,TCH-00830,veteran_staff_room_boss,Biology,SS3B,SCI-LAB-01,1,Thursday,8:40,9:20,1,8:40,4
SCH-062-LSN-0051,SCH-062,TCH-00830,veteran_staff_room_boss,Biology,SS3A,SCI-LAB-01,1,Thursday,9:20,10:00,1,9:20,4
SCH-062-LSN-0052,SCH-062,TCH-00830,veteran_staff_room_boss,Chemistry,SS2B,SCI-LAB-01,1,Monday,10:00,10:40,1,10:00,4
SCH-062-LSN-0053,SCH-062,TCH-00831,veteran_staff_room_boss,Biology,SS3B,SCI-LAB-01,1,Friday,8:40,9:20,1,8:40,4
SCH-062-LSN-0054,SCH-062,TCH-00831,veteran_staff_room_boss,Biology,SS1B,SCI-LAB-01,1,Friday,9:20,10:00,1,9:20,4
SCH-062-LSN-0055,SCH-062,TCH-00831,veteran_staff_room_boss,Biology,SS1A,SCI-LAB-01,1,Thursday,9:20,10:00,1,9:20,4
SCH-062-LSN-0056,SCH-062,TCH-00831,veteran_staff_room_boss,Biology,SS1B,SCI-LAB-01,1,Friday,10:00,10:40,1,10:00,4
SCH-063-LSN-0001,SCH-063,TCH-00832,nysc_corper,Civic Education,JSS3A,ROOM-JSS3A,1,Monday,13:00,13:40,1,13:00,4.5
SCH-063-LSN-0002,SCH-063,TCH-00832,nysc_corper,Civic Education,JSS2B,ROOM-JSS2B,1,Monday,13:40,14:20,1,13:40,4.5
SCH-063-LSN-0003,SCH-063,TCH-00832,nysc_corper,Civic Education,JSS3A,ROOM-JSS3A,1,Tuesday,13:00,13:40,1,13:00,4.5
SCH-063-LSN-0004,SCH-063,TCH-00833,nysc_corper,Civic Education,JSS2B,ROOM-JSS2B,1,Monday,13:00,13:40,1,13:00,4.5
SCH-063-LSN-0005,SCH-063,TCH-00833,nysc_corper,Civic Education,JSS1B,ROOM-JSS1B,1,Monday,13:40,14:20,1,13:40,4.5
SCH-063-LSN-0006,SCH-063,TCH-00833,nysc_corper,Civic Education,JSS3B,ROOM-JSS3B,1,Tuesday,13:00,13:40,1,13:00,4.5
SCH-063-LSN-0007,SCH-063,TCH-00833,nysc_corper,Civic Education,JSS1B,ROOM-JSS1B,1,Tuesday,13:40,14:20,1,13:40,4.5
SCH-063-LSN-0008,SCH-063,TCH-00834,overworked_generalist,Basic Technology,SS2A,ROOM-SS2A,0,Tuesday,8:00,10:40,4,8:00,1.45
SCH-063-LSN-0009,SCH-063,TCH-00834,overworked_generalist,CRS,JSS1B,ROOM-JSS1B,1,Monday,8:40,11:20,4,8:40,1.46
SCH-063-LSN-0010,SCH-063,TCH-00834,overworked_generalist,PHE,JSS2B,ROOM-JSS2B,1,Thursday,11:40,14:20,4,11:40,1.44
SCH-063-LSN-0011,SCH-063,TCH-00834,overworked_generalist,PHE,SS3A,ROOM-SS3A,1,Wednesday,10:00,13:00,4,10:00,1.4
SCH-063-LSN-0012,SCH-063,TCH-00834,overworked_generalist,PHE,SS2A,ROOM-SS2A,1,Tuesday,11:40,14:20,4,11:40,1.27
SCH-063-LSN-0013,SCH-063,TCH-00834,overworked_generalist,PHE,JSS1A,ROOM-JSS1A,1,Thursday,8:00,10:40,4,8:00,1.34
SCH-063-LSN-0014,SCH-063,TCH-00834,overworked_generalist,CRS,SS2A,ROOM-SS2A,1,Friday,8:40,11:20,4,8:40,1.13
SCH-063-LSN-0015,SCH-063,TCH-00834,overworked_generalist,Basic Technology,SS1A,ROOM-SS1A,0,Monday,11:40,14:20,4,11:40,1.08
SCH-063-LSN-0016,SCH-063,TCH-00835,nysc_corper,Civic Education,JSS1B,ROOM-JSS1B,1,Monday,13:00,13:40,1,13:00,4.5
SCH-063-LSN-0017,SCH-063,TCH-00835,nysc_corper,Civic Education,JSS1B,ROOM-JSS1B,1,Tuesday,13:00,13:40,1,13:00,4.5
SCH-063-LSN-0018,SCH-063,TCH-00835,nysc_corper,Basic Science,JSS2A,ROOM-JSS2A,1,Monday,13:40,14:20,1,13:40,4.5
SCH-063-LSN-0019,SCH-063,TCH-00835,nysc_corper,Civic Education,JSS2B,ROOM-JSS2B,1,Tuesday,13:40,14:20,1,13:40,4.5
SCH-063-LSN-0020,SCH-063,TCH-00835,nysc_corper,Civic Education,JSS3B,ROOM-JSS3B,1,Wednesday,13:00,13:40,1,13:00,4.5
SCH-063-LSN-0021,SCH-063,TCH-00835,nysc_corper,Basic Science,JSS2A,ROOM-JSS2A,1,Wednesday,13:40,14:20,1,13:40,4.5
SCH-063-LSN-0022,SCH-063,TCH-00835,nysc_corper,Civic Education,JSS1A,ROOM-JSS1A,1,Monday,8:00,8:40,1,8:00,0
SCH-063-LSN-0023,SCH-063,TCH-00835,nysc_corper,Civic Education,JSS2A,ROOM-JSS2A,1,Monday,8:40,9:20,1,8:40,0
SCH-063-LSN-0024,SCH-063,TCH-00836,nysc_corper,Basic Science,JSS1B,ROOM-JSS1B,1,Wednesday,13:00,13:40,1,13:00,4.5
SCH-063-LSN-0025,SCH-063,TCH-00836,nysc_corper,Basic Science,JSS1A,ROOM-JSS1A,1,Monday,13:00,13:40,1,13:00,4.5
SCH-063-LSN-0026,SCH-063,TCH-00836,nysc_corper,Civic Education,JSS3B,ROOM-JSS3B,1,Monday,13:40,14:20,1,13:40,4.5
SCH-063-LSN-0027,SCH-063,TCH-00836,nysc_corper,Basic Science,JSS3B,ROOM-JSS3B,1,Tuesday,13:40,14:20,1,13:40,4.5
SCH-063-LSN-0028,SCH-063,TCH-00837,nysc_corper,Basic Science,JSS2B,ROOM-JSS2B,1,Tuesday,13:00,13:40,1,13:00,4.5
SCH-063-LSN-0029,SCH-063,TCH-00837,nysc_corper,Civic Education,JSS2A,ROOM-JSS2A,1,Monday,13:00,13:40,1,13:00,4.5
SCH-063-LSN-0030,SCH-063,TCH-00837,nysc_corper,Basic Science,JSS3B,ROOM-JSS3B,1,Wednesday,13:40,14:20,1,13:40,4.5
SCH-063-LSN-0031,SCH-063,TCH-00837,nysc_corper,Basic Science,JSS3B,ROOM-JSS3B,1,Thursday,13:00,13:40,1,13:00,4.5
SCH-063-LSN-0032,SCH-063,TCH-00837,nysc_corper,Basic Science,JSS2B,ROOM-JSS2B,1,Wednesday,13:00,13:40,1,13:00,4.5
SCH-063-LSN-0033,SCH-063,TCH-00837,nysc_corper,Civic Education,JSS1A,ROOM-JSS1A,1,Monday,13:40,14:20,1,13:40,4.5
SCH-063-LSN-0034,SCH-063,TCH-00838,veteran_staff_room_boss,Further Mathematics,SS2A,ROOM-SS2A,1,Monday,8:40,9:20,1,8:40,4
SCH-063-LSN-0035,SCH-063,TCH-00838,veteran_staff_room_boss,Chemistry,SS3A,SCI-LAB-01,1,Monday,9:20,10:00,1,9:20,4
SCH-063-LSN-0036,SCH-063,TCH-00838,veteran_staff_room_boss,Chemistry,SS1A,SCI-LAB-01,1,Monday,10:00,10:40,1,10:00,4
SCH-063-LSN-0037,SCH-063,TCH-00838,veteran_staff_room_boss,Chemistry,SS1A,SCI-LAB-01,1,Tuesday,8:40,9:20,1,8:40,4
SCH-063-LSN-0038,SCH-063,TCH-00838,veteran_staff_room_boss,Further Mathematics,SS2A,ROOM-SS2A,1,Wednesday,8:40,9:20,1,8:40,4
SCH-063-LSN-0039,SCH-063,TCH-00838,veteran_staff_room_boss,Further Mathematics,SS3B,ROOM-SS3B,1,Tuesday,9:20,10:00,1,9:20,4
SCH-063-LSN-0040,SCH-063,TCH-00839,veteran_staff_room_boss,Chemistry,SS3A,SCI-LAB-01,1,Monday,10:00,11:20,2,10:00,4
SCH-063-LSN-0041,SCH-063,TCH-00839,veteran_staff_room_boss,Chemistry,SS1B,SCI-LAB-01,1,Tuesday,8:40,10:00,2,8:40,4
SCH-063-LSN-0042,SCH-063,TCH-00839,veteran_staff_room_boss,Chemistry,SS1A,SCI-LAB-01,1,Tuesday,10:00,11:20,2,10:00,4
SCH-063-LSN-0043,SCH-063,TCH-00839,veteran_staff_room_boss,Chemistry,SS1B,SCI-LAB-01,1,Wednesday,8:40,10:00,2,8:40,4
SCH-063-LSN-0044,SCH-063,TCH-00840,veteran_staff_room_boss,Chemistry,SS2B,SCI-LAB-01,1,Monday,8:40,9:20,1,8:40,4
SCH-063-LSN-0045,SCH-063,TCH-00840,veteran_staff_room_boss,Physics,SS3A,SCI-LAB-01,1,Thursday,8:40,9:20,1,8:40,4
SCH-063-LSN-0046,SCH-063,TCH-00840,veteran_staff_room_boss,Chemistry,SS3B,SCI-LAB-01,1,Monday,9:20,10:00,1,9:20,4
SCH-063-LSN-0047,SCH-063,TCH-00840,veteran_staff_room_boss,Physics,SS1A,SCI-LAB-01,1,Wednesday,10:00,10:40,1,10:00,4
SCH-063-LSN-0048,SCH-063,TCH-00840,veteran_staff_room_boss,Physics,SS1B,SCI-LAB-01,1,Thursday,9:20,10:00,1,9:20,4
SCH-063-LSN-0049,SCH-063,TCH-00840,veteran_staff_room_boss,Chemistry,SS3A,SCI-LAB-01,1,Tuesday,8:40,9:20,1,8:40,4
SCH-063-LSN-0050,SCH-063,TCH-00840,veteran_staff_room_boss,Chemistry,SS2A,SCI-LAB-01,1,Monday,10:00,10:40,1,10:00,4
SCH-063-LSN-0051,SCH-063,TCH-00840,veteran_staff_room_boss,Chemistry,SS2B,SCI-LAB-01,1,Tuesday,9:20,10:00,1,9:20,4
SCH-063-LSN-0052,SCH-063,TCH-00841,nysc_corper,Basic Science,JSS3B,ROOM-JSS3B,1,Monday,13:00,13:40,1,13:00,4.5
SCH-063-LSN-0053,SCH-063,TCH-00841,nysc_corper,Basic Science,JSS3B,ROOM-JSS3B,1,Thursday,13:40,14:20,1,13:40,4.5
SCH-063-LSN-0054,SCH-063,TCH-00841,nysc_corper,Civic Education,JSS3B,ROOM-JSS3B,1,Monday,8:00,8:40,1,8:00,0
SCH-063-LSN-0055,SCH-063,TCH-00841,nysc_corper,Basic Science,JSS1A,ROOM-JSS1A,1,Wednesday,13:00,13:40,1,13:00,4.5
SCH-063-LSN-0056,SCH-063,TCH-00841,nysc_corper,Civic Education,JSS2A,ROOM-JSS2A,1,Thursday,13:00,13:40,1,13:00,4.5
SCH-063-LSN-0057,SCH-063,TCH-00841,nysc_corper,Basic Science,JSS1B,ROOM-JSS1B,1,Wednesday,13:40,14:20,1,13:40,4.5
SCH-063-LSN-0058,SCH-063,TCH-00842,hustling_subject_specialist,Further Mathematics,SS1B,ROOM-SS1B,1,Wednesday,10:00,12:20,3,10:00,4
SCH-063-LSN-0059,SCH-063,TCH-00842,hustling_subject_specialist,Further Mathematics,SS1A,ROOM-SS1A,1,Wednesday,8:00,10:00,3,8:00,4
SCH-063-LSN-0060,SCH-063,TCH-00842,hustling_subject_specialist,Further Mathematics,SS1A,ROOM-SS1A,1,Thursday,8:00,10:00,3,8:00,4
SCH-063-LSN-0061,SCH-063,TCH-00843,nysc_corper,Basic Science,JSS2A,ROOM-JSS2A,1,Tuesday,13:00,13:40,1,13:00,4.5
SCH-063-LSN-0062,SCH-063,TCH-00843,nysc_corper,Basic Science,JSS3B,ROOM-JSS3B,1,Monday,8:40,9:20,1,8:40,0
SCH-063-LSN-0063,SCH-063,TCH-00843,nysc_corper,Basic Science,JSS3B,ROOM-JSS3B,1,Monday,9:20,10:00,1,9:20,0
SCH-064-LSN-0001,SCH-064,TCH-00844,hustling_subject_specialist,Physics,SS3B,SCI-LAB-01,1,Tuesday,8:00,9:20,2,8:00,4
SCH-064-LSN-0002,SCH-064,TCH-00844,hustling_subject_specialist,Further Mathematics,SS2A,ROOM-SS2A,1,Tuesday,9:20,10:40,2,9:20,4
SCH-064-LSN-0003,SCH-064,TCH-00844,hustling_subject_specialist,Physics,SS1B,SCI-LAB-01,1,Tuesday,10:40,12:20,2,10:40,4
SCH-064-LSN-0004,SCH-064,TCH-00844,hustling_subject_specialist,Further Mathematics,SS3A,ROOM-SS3A,1,Wednesday,8:00,9:20,2,8:00,4
SCH-064-LSN-0005,SCH-064,TCH-00845,nysc_corper,Civic Education,JSS1A,ROOM-JSS1A,1,Monday,13:00,13:40,1,13:00,4.5
SCH-064-LSN-0006,SCH-064,TCH-00845,nysc_corper,Civic Education,JSS2A,ROOM-JSS2A,1,Monday,13:40,14:20,1,13:40,4.5
SCH-064-LSN-0007,SCH-064,TCH-00846,hustling_subject_specialist,Further Mathematics,SS1B,ROOM-SS1B,1,Monday,8:00,10:00,3,8:00,4
SCH-064-LSN-0008,SCH-064,TCH-00846,hustling_subject_specialist,Further Mathematics,SS2A,ROOM-SS2A,1,Monday,10:00,12:20,3,10:00,4
SCH-064-LSN-0009,SCH-064,TCH-00846,hustling_subject_specialist,Further Mathematics,SS3B,ROOM-SS3B,1,Wednesday,8:00,10:00,3,8:00,4
SCH-064-LSN-0010,SCH-064,TCH-00847,overworked_generalist,PHE,SS2B,ROOM-SS2B,1,Thursday,10:00,13:00,4,10:00,1.45
SCH-064-LSN-0011,SCH-064,TCH-00847,overworked_generalist,PHE,SS2B,ROOM-SS2B,1,Tuesday,10:40,13:40,4,10:40,1.49
SCH-064-LSN-0012,SCH-064,TCH-00847,overworked_generalist,PHE,SS1B,ROOM-SS1B,1,Friday,9:20,12:20,4,9:20,1.5
SCH-064-LSN-0013,SCH-064,TCH-00847,overworked_generalist,Basic Technology,JSS2A,ROOM-JSS2A,0,Wednesday,10:00,13:00,4,10:00,1.47
SCH-064-LSN-0014,SCH-064,TCH-00848,overworked_generalist,Basic Technology,JSS3A,ROOM-JSS3A,0,Thursday,11:40,14:20,4,11:40,1.5
SCH-064-LSN-0015,SCH-064,TCH-00848,overworked_generalist,PHE,SS1B,ROOM-SS1B,1,Tuesday,8:00,10:40,4,8:00,1.43
SCH-064-LSN-0016,SCH-064,TCH-00848,overworked_generalist,Basic Technology,JSS3B,ROOM-JSS3B,0,Tuesday,10:40,13:40,4,10:40,1.49
SCH-064-LSN-0017,SCH-064,TCH-00848,overworked_generalist,Basic Technology,JSS1A,ROOM-JSS1A,0,Monday,10:00,13:00,4,10:00,1.34
SCH-064-LSN-0018,SCH-064,TCH-00848,overworked_generalist,PHE,JSS3A,ROOM-JSS3A,1,Friday,8:40,11:20,4,8:40,1.28
SCH-064-LSN-0019,SCH-064,TCH-00848,overworked_generalist,Basic Technology,JSS2B,ROOM-JSS2B,0,Wednesday,9:20,12:20,4,9:20,1.35
SCH-064-LSN-0020,SCH-064,TCH-00849,hustling_subject_specialist,Physics,SS2B,SCI-LAB-01,1,Monday,8:00,9:20,2,8:00,4
SCH-064-LSN-0021,SCH-064,TCH-00849,hustling_subject_specialist,Physics,SS1A,ROOM-SS1A,0,Monday,9:20,10:40,2,9:20,4
SCH-064-LSN-0022,SCH-064,TCH-00849,hustling_subject_specialist,Economics,SS1B,ROOM-SS1B,1,Monday,10:40,12:20,2,10:40,4
SCH-064-LSN-0023,SCH-064,TCH-00849,hustling_subject_specialist,Physics,SS3A,SCI-LAB-01,1,Thursday,8:00,9:20,2,8:00,4
SCH-064-LSN-0024,SCH-064,TCH-00849,hustling_subject_specialist,Physics,SS3B,SCI-LAB-01,1,Thursday,9:20,10:40,2,9:20,4
SCH-064-LSN-0025,SCH-064,TCH-00849,hustling_subject_specialist,Physics,SS3B,SCI-LAB-01,1,Thursday,10:40,12:20,2,10:40,4
SCH-064-LSN-0026,SCH-064,TCH-00850,overworked_generalist,CRS,JSS1B,ROOM-JSS1B,1,Tuesday,10:00,13:40,5,10:00,1.46
SCH-064-LSN-0027,SCH-064,TCH-00850,overworked_generalist,Basic Technology,JSS1B,ROOM-JSS1B,0,Monday,10:00,13:40,5,10:00,1.47
SCH-064-LSN-0028,SCH-064,TCH-00850,overworked_generalist,CRS,SS2B,ROOM-SS2B,1,Wednesday,10:40,14:20,5,10:40,1.3
SCH-064-LSN-0029,SCH-064,TCH-00850,overworked_generalist,Basic Technology,JSS1B,WORKSHOP-01,1,Thursday,10:40,14:20,5,10:40,1.43
SCH-064-LSN-0030,SCH-064,TCH-00851,overworked_generalist,Basic Technology,SS1A,WORKSHOP-01,1,Friday,8:40,11:20,4,8:40,1.48
SCH-064-LSN-0031,SCH-064,TCH-00851,overworked_generalist,PHE,JSS3B,ROOM-JSS3B,1,Thursday,9:20,12:20,4,9:20,1.47
SCH-064-LSN-0032,SCH-064,TCH-00851,overworked_generalist,CRS,JSS1B,ROOM-JSS1B,1,Wednesday,9:20,12:20,4,9:20,1.12
SCH-064-LSN-0033,SCH-064,TCH-00851,overworked_generalist,CRS,JSS3B,ROOM-JSS3B,1,Monday,10:00,13:00,4,10:00,1.33
SCH-064-LSN-0034,SCH-064,TCH-00851,overworked_generalist,CRS,JSS2A,ROOM-JSS2A,1,Tuesday,10:40,13:40,4,10:40,1.37
SCH-064-LSN-0035,SCH-064,TCH-00851,overworked_generalist,Basic Technology,SS2B,ROOM-SS2B,0,Tuesday,8:00,10:40,4,8:00,0.9
SCH-064-LSN-0036,SCH-064,TCH-00852,nysc_corper,Basic Science,JSS2A,ROOM-JSS2A,1,Monday,13:00,13:40,1,13:00,4.5
SCH-064-LSN-0037,SCH-064,TCH-00852,nysc_corper,Civic Education,JSS2B,ROOM-JSS2B,1,Monday,13:40,14:20,1,13:40,4.5
SCH-064-LSN-0038,SCH-064,TCH-00852,nysc_corper,Basic Science,JSS1B,ROOM-JSS1B,1,Tuesday,13:40,14:20,1,13:40,4.5
SCH-064-LSN-0039,SCH-064,TCH-00852,nysc_corper,Civic Education,JSS2A,ROOM-JSS2A,1,Wednesday,13:00,13:40,1,13:00,4.5
SCH-064-LSN-0040,SCH-064,TCH-00853,nysc_corper,Civic Education,JSS2A,ROOM-JSS2A,1,Tuesday,13:40,14:20,1,13:40,4.5
SCH-064-LSN-0041,SCH-064,TCH-00853,nysc_corper,Basic Science,JSS2B,ROOM-JSS2B,1,Tuesday,13:00,13:40,1,13:00,4.5
SCH-064-LSN-0042,SCH-064,TCH-00853,nysc_corper,Civic Education,JSS1A,ROOM-JSS1A,1,Wednesday,13:00,13:40,1,13:00,4.5
SCH-064-LSN-0043,SCH-064,TCH-00853,nysc_corper,Civic Education,JSS1A,ROOM-JSS1A,1,Wednesday,13:40,14:20,1,13:40,4.5
SCH-064-LSN-0044,SCH-064,TCH-00854,overworked_generalist,PHE,SS2A,ROOM-SS2A,1,Thursday,8:00,11:20,5,8:00,1.49
SCH-064-LSN-0045,SCH-064,TCH-00854,overworked_generalist,PHE,SS1B,ROOM-SS1B,1,Wednesday,10:00,13:40,5,10:00,1.29
SCH-064-LSN-0046,SCH-064,TCH-00854,overworked_generalist,PHE,JSS2A,ROOM-JSS2A,1,Monday,8:40,12:20,5,8:40,1.03
SCH-064-LSN-0047,SCH-064,TCH-00854,overworked_generalist,CRS,JSS1A,ROOM-JSS1A,1,Tuesday,8:40,12:20,5,8:40,1.21
SCH-064-LSN-0048,SCH-064,TCH-00854,overworked_generalist,CRS,SS3A,ROOM-SS3A,1,Friday,8:40,12:20,5,8:40,1.37
SCH-064-LSN-0049,SCH-064,TCH-00855,hustling_subject_specialist,Further Mathematics,SS1B,ROOM-SS1B,1,Thursday,8:00,9:20,2,8:00,4
SCH-064-LSN-0050,SCH-064,TCH-00855,hustling_subject_specialist,Further Mathematics,SS1A,ROOM-SS1A,1,Monday,8:00,9:20,2,8:00,4
SCH-064-LSN-0051,SCH-064,TCH-00855,hustling_subject_specialist,Further Mathematics,SS3A,ROOM-SS3A,1,Monday,9:20,10:40,2,9:20,4
SCH-064-LSN-0052,SCH-064,TCH-00855,hustling_subject_specialist,Further Mathematics,SS3B,ROOM-SS3B,1,Monday,10:40,12:20,2,10:40,4
SCH-064-LSN-0053,SCH-064,TCH-00856,nysc_corper,Civic Education,JSS3B,ROOM-JSS3B,1,Monday,13:00,13:40,1,13:00,4.5
SCH-064-LSN-0054,SCH-064,TCH-00856,nysc_corper,Basic Science,JSS3A,ROOM-JSS3A,1,Monday,13:40,14:20,1,13:40,4.5
SCH-064-LSN-0055,SCH-064,TCH-00856,nysc_corper,Civic Education,JSS1A,ROOM-JSS1A,1,Thursday,13:00,13:40,1,13:00,4.5
SCH-064-LSN-0056,SCH-064,TCH-00856,nysc_corper,Civic Education,JSS1A,ROOM-JSS1A,1,Thursday,13:40,14:20,1,13:40,4.5
SCH-064-LSN-0057,SCH-064,TCH-00856,nysc_corper,Basic Science,JSS2B,ROOM-JSS2B,1,Wednesday,13:00,13:40,1,13:00,4.5
SCH-064-LSN-0058,SCH-064,TCH-00856,nysc_corper,Basic Science,JSS3A,ROOM-JSS3A,1,Wednesday,13:40,14:20,1,13:40,4.5
SCH-064-LSN-0059,SCH-064,TCH-00856,nysc_corper,Basic Science,JSS3A,ROOM-JSS3A,1,Monday,8:00,8:40,1,8:00,0
SCH-064-LSN-0060,SCH-064,TCH-00856,nysc_corper,Basic Science,JSS2A,ROOM-JSS2A,1,Monday,12:20,13:00,1,12:20,0
SCH-064-LSN-0061,SCH-064,TCH-00857,veteran_staff_room_boss,Physics,SS1A,SCI-LAB-01,1,Tuesday,8:40,10:00,2,8:40,4
SCH-064-LSN-0062,SCH-064,TCH-00857,veteran_staff_room_boss,Further Mathematics,SS1B,ROOM-SS1B,1,Wednesday,8:40,10:00,2,8:40,4
SCH-064-LSN-0063,SCH-064,TCH-00857,veteran_staff_room_boss,Physics,SS3A,SCI-LAB-01,1,Tuesday,10:00,11:20,2,10:00,4
SCH-064-LSN-0064,SCH-064,TCH-00857,veteran_staff_room_boss,Further Mathematics,SS2B,ROOM-SS2B,1,Monday,9:20,10:40,2,9:20,4
SCH-064-LSN-0065,SCH-064,TCH-00857,veteran_staff_room_boss,Physics,SS3A,SCI-LAB-01,1,Wednesday,10:00,11:20,2,10:00,4
SCH-064-LSN-0066,SCH-064,TCH-00857,veteran_staff_room_boss,Further Mathematics,SS1B,ROOM-SS1B,1,Thursday,9:20,10:40,2,9:20,4
SCH-064-LSN-0067,SCH-064,TCH-00857,veteran_staff_room_boss,Physics,SS3B,SCI-LAB-01,1,Friday,8:40,10:00,2,8:40,4
SCH-064-LSN-0068,SCH-064,TCH-00857,veteran_staff_room_boss,Further Mathematics,SS2A,ROOM-SS2A,1,Friday,10:00,11:20,2,10:00,4
SCH-064-LSN-0069,SCH-064,TCH-00858,nysc_corper,Civic Education,JSS2A,ROOM-JSS2A,1,Wednesday,13:40,14:20,1,13:40,4.5
SCH-064-LSN-0070,SCH-064,TCH-00858,nysc_corper,Civic Education,JSS3B,ROOM-JSS3B,1,Tuesday,13:40,14:20,1,13:40,4.5
SCH-064-LSN-0071,SCH-064,TCH-00858,nysc_corper,Civic Education,JSS1B,ROOM-JSS1B,1,Wednesday,13:00,13:40,1,13:00,4.5
SCH-064-LSN-0072,SCH-064,TCH-00858,nysc_corper,Civic Education,JSS3B,ROOM-JSS3B,1,Thursday,13:00,13:40,1,13:00,4.5
SCH-065-LSN-0001,SCH-065,TCH-00859,nysc_corper,Civic Education,JSS3B,ROOM-JSS3B,1,Monday,13:00,13:40,1,13:00,4.5
SCH-065-LSN-0002,SCH-065,TCH-00859,nysc_corper,Civic Education,JSS3B,ROOM-JSS3B,1,Monday,13:40,14:20,1,13:40,4.5
SCH-065-LSN-0003,SCH-065,TCH-00859,nysc_corper,Basic Science,JSS2B,ROOM-JSS2B,1,Tuesday,13:00,13:40,1,13:00,4.5
SCH-065-LSN-0004,SCH-065,TCH-00859,nysc_corper,Civic Education,JSS3B,ROOM-JSS3B,1,Tuesday,13:40,14:20,1,13:40,4.5
SCH-065-LSN-0005,SCH-065,TCH-00859,nysc_corper,Civic Education,JSS3B,ROOM-JSS3B,1,Thursday,13:00,13:40,1,13:00,4.5
SCH-065-LSN-0006,SCH-065,TCH-00859,nysc_corper,Civic Education,JSS2A,ROOM-JSS2A,1,Thursday,13:40,14:20,1,13:40,4.5
SCH-065-LSN-0007,SCH-065,TCH-00859,nysc_corper,Civic Education,JSS3B,ROOM-JSS3B,1,Monday,8:00,8:40,1,8:00,0
SCH-065-LSN-0008,SCH-065,TCH-00859,nysc_corper,Basic Science,JSS2A,ROOM-JSS2A,1,Monday,8:40,9:20,1,8:40,0
SCH-065-LSN-0009,SCH-065,TCH-00860,hustling_subject_specialist,Economics,SS2A,ROOM-SS2A,1,Wednesday,8:00,10:00,3,8:00,4
SCH-065-LSN-0010,SCH-065,TCH-00860,hustling_subject_specialist,Economics,SS1B,ROOM-SS1B,1,Wednesday,10:00,12:20,3,10:00,4
SCH-065-LSN-0011,SCH-065,TCH-00860,hustling_subject_specialist,Economics,SS1A,ROOM-SS1A,1,Thursday,8:00,10:00,3,8:00,4
SCH-065-LSN-0012,SCH-065,TCH-00860,hustling_subject_specialist,Economics,SS2B,ROOM-SS2B,1,Thursday,10:00,12:20,3,10:00,4
SCH-065-LSN-0013,SCH-065,TCH-00861,overworked_generalist,CRS,SS1A,ROOM-SS1A,1,Monday,12:20,14:20,3,12:20,1.42
SCH-065-LSN-0014,SCH-065,TCH-00861,overworked_generalist,CRS,SS2B,ROOM-SS2B,1,Monday,8:40,10:40,3,8:40,1.43
SCH-065-LSN-0015,SCH-065,TCH-00861,overworked_generalist,Basic Technology,JSS2A,ROOM-JSS2A,0,Thursday,10:00,12:20,3,10:00,1.47
SCH-065-LSN-0016,SCH-065,TCH-00861,overworked_generalist,CRS,JSS1A,ROOM-JSS1A,1,Tuesday,12:20,14:20,3,12:20,1.48
SCH-065-LSN-0017,SCH-065,TCH-00861,overworked_generalist,Basic Technology,JSS1B,ROOM-JSS1B,0,Friday,9:20,11:20,3,9:20,1.44
SCH-065-LSN-0018,SCH-065,TCH-00861,overworked_generalist,CRS,SS1A,ROOM-SS1A,1,Tuesday,10:00,12:20,3,10:00,1.5
SCH-065-LSN-0019,SCH-065,TCH-00862,veteran_staff_room_boss,Chemistry,SS3B,SCI-LAB-01,1,Monday,8:40,9:20,1,8:40,4
SCH-065-LSN-0020,SCH-065,TCH-00862,veteran_staff_room_boss,Chemistry,SS2A,SCI-LAB-01,1,Monday,9:20,10:00,1,9:20,4
SCH-065-LSN-0021,SCH-065,TCH-00863,nysc_corper,Civic Education,JSS3B,ROOM-JSS3B,1,Tuesday,13:00,13:40,1,13:00,4.5
SCH-065-LSN-0022,SCH-065,TCH-00863,nysc_corper,Civic Education,JSS3B,ROOM-JSS3B,1,Wednesday,13:00,13:40,1,13:00,4.5
SCH-065-LSN-0023,SCH-065,TCH-00863,nysc_corper,Civic Education,JSS2A,ROOM-JSS2A,1,Monday,13:00,13:40,1,13:00,4.5
SCH-065-LSN-0024,SCH-065,TCH-00864,nysc_corper,Basic Science,JSS3B,ROOM-JSS3B,1,Wednesday,13:40,14:20,1,13:40,4.5
SCH-065-LSN-0025,SCH-065,TCH-00864,nysc_corper,Basic Science,JSS2B,ROOM-JSS2B,1,Tuesday,13:40,14:20,1,13:40,4.5
SCH-065-LSN-0026,SCH-065,TCH-00864,nysc_corper,Basic Science,JSS2B,ROOM-JSS2B,1,Wednesday,13:00,13:40,1,13:00,4.5
SCH-065-LSN-0027,SCH-065,TCH-00864,nysc_corper,Basic Science,JSS3A,ROOM-JSS3A,1,Tuesday,13:00,13:40,1,13:00,4.5
SCH-065-LSN-0028,SCH-065,TCH-00865,overworked_generalist,Basic Technology,JSS1A,WORKSHOP-01,1,Tuesday,10:00,12:20,3,10:00,1.47
SCH-065-LSN-0029,SCH-065,TCH-00865,overworked_generalist,Basic Technology,SS2A,ROOM-SS2A,0,Wednesday,10:40,13:00,3,10:40,1.43
SCH-065-LSN-0030,SCH-065,TCH-00865,overworked_generalist,PHE,JSS3A,ROOM-JSS3A,1,Friday,10:00,12:20,3,10:00,1.5
SCH-065-LSN-0031,SCH-065,TCH-00865,overworked_generalist,PHE,SS2A,ROOM-SS2A,1,Thursday,8:00,10:00,3,8:00,1.45
SCH-065-LSN-0032,SCH-065,TCH-00866,nysc_corper,Civic Education,JSS2B,ROOM-JSS2B,1,Monday,13:00,13:40,1,13:00,4.5
SCH-065-LSN-0033,SCH-065,TCH-00866,nysc_corper,Basic Science,JSS2A,ROOM-JSS2A,1,Monday,13:40,14:20,1,13:40,4.5
SCH-065-LSN-0034,SCH-065,TCH-00866,nysc_corper,Civic Education,JSS1A,ROOM-JSS1A,1,Wednesday,13:00,13:40,1,13:00,4.5
SCH-065-LSN-0035,SCH-065,TCH-00866,nysc_corper,Civic Education,JSS1A,ROOM-JSS1A,1,Wednesday,13:40,14:20,1,13:40,4.5
SCH-065-LSN-0036,SCH-065,TCH-00866,nysc_corper,Basic Science,JSS1B,ROOM-JSS1B,1,Thursday,13:00,13:40,1,13:00,4.5
SCH-065-LSN-0037,SCH-065,TCH-00866,nysc_corper,Civic Education,JSS2B,ROOM-JSS2B,1,Thursday,13:40,14:20,1,13:40,4.5
SCH-065-LSN-0038,SCH-065,TCH-00866,nysc_corper,Civic Education,JSS1A,ROOM-JSS1A,1,Monday,8:00,8:40,1,8:00,0
SCH-065-LSN-0039,SCH-065,TCH-00866,nysc_corper,Basic Science,JSS3A,ROOM-JSS3A,1,Monday,8:40,9:20,1,8:40,0
SCH-065-LSN-0040,SCH-065,TCH-00867,overworked_generalist,PHE,SS1A,ROOM-SS1A,1,Wednesday,10:00,13:00,4,10:00,1.18
SCH-065-LSN-0041,SCH-065,TCH-00867,overworked_generalist,PHE,JSS3A,ROOM-JSS3A,1,Thursday,8:00,10:40,4,8:00,1.47
SCH-065-LSN-0042,SCH-065,TCH-00867,overworked_generalist,Basic Technology,JSS1A,ROOM-JSS1A,0,Monday,10:00,13:00,4,10:00,1.39
SCH-065-LSN-0043,SCH-065,TCH-00867,overworked_generalist,Basic Technology,JSS1A,ROOM-JSS1A,0,Friday,8:40,11:20,4,8:40,1.34
SCH-065-LSN-0044,SCH-065,TCH-00867,overworked_generalist,PHE,JSS3B,ROOM-JSS3B,1,Tuesday,8:40,11:20,4,8:40,1.15
SCH-065-LSN-0045,SCH-065,TCH-00867,overworked_generalist,CRS,SS2B,ROOM-SS2B,1,Tuesday,11:40,14:20,4,11:40,1.06
SCH-065-LSN-0046,SCH-065,TCH-00868,overworked_generalist,PHE,JSS2A,ROOM-JSS2A,1,Tuesday,10:00,13:40,5,10:00,1.42
SCH-065-LSN-0047,SCH-065,TCH-00868,overworked_generalist,PHE,JSS1B,ROOM-JSS1B,1,Wednesday,8:00,11:20,5,8:00,1.48
SCH-065-LSN-0048,SCH-065,TCH-00868,overworked_generalist,PHE,JSS3A,ROOM-JSS3A,1,Monday,10:00,13:40,5,10:00,0.86
SCH-065-LSN-0049,SCH-065,TCH-00868,overworked_generalist,Basic Technology,JSS2B,WORKSHOP-01,1,Thursday,9:20,13:00,5,9:20,1.47
SCH-065-LSN-0050,SCH-065,TCH-00868,overworked_generalist,Basic Technology,JSS2B,ROOM-JSS2B,0,Friday,8:00,11:20,5,8:00,1
SCH-065-LSN-0051,SCH-065,TCH-00869,overworked_generalist,PHE,SS2B,ROOM-SS2B,1,Tuesday,8:00,11:20,5,8:00,1.48
SCH-065-LSN-0052,SCH-065,TCH-00869,overworked_generalist,PHE,JSS3A,ROOM-JSS3A,1,Wednesday,10:00,13:40,5,10:00,1.39
SCH-065-LSN-0053,SCH-065,TCH-00869,overworked_generalist,PHE,SS2A,ROOM-SS2A,1,Monday,10:40,14:20,5,10:40,1.29
SCH-065-LSN-0054,SCH-065,TCH-00869,overworked_generalist,PHE,SS2A,ROOM-SS2A,1,Thursday,10:00,13:40,5,10:00,1
SCH-065-LSN-0055,SCH-065,TCH-00869,overworked_generalist,Basic Technology,SS3A,WORKSHOP-01,1,Friday,8:00,11:20,5,8:00,1.46
SCH-065-LSN-0056,SCH-065,TCH-00870,overworked_generalist,CRS,JSS3B,ROOM-JSS3B,1,Monday,10:00,12:20,3,10:00,1.48
SCH-065-LSN-0057,SCH-065,TCH-00870,overworked_generalist,CRS,SS1A,ROOM-SS1A,1,Friday,8:40,10:40,3,8:40,1.27
SCH-065-LSN-0058,SCH-065,TCH-00870,overworked_generalist,PHE,JSS2B,ROOM-JSS2B,1,Wednesday,8:00,10:00,3,8:00,1.48
SCH-065-LSN-0059,SCH-065,TCH-00870,overworked_generalist,CRS,JSS3B,ROOM-JSS3B,1,Wednesday,10:00,12:20,3,10:00,1.28
SCH-065-LSN-0060,SCH-065,TCH-00870,overworked_generalist,CRS,JSS1A,ROOM-JSS1A,1,Thursday,12:20,14:20,3,12:20,1.4
SCH-065-LSN-0061,SCH-065,TCH-00870,overworked_generalist,PHE,JSS1B,ROOM-JSS1B,1,Thursday,8:40,10:40,3,8:40,1.5
SCH-065-LSN-0062,SCH-065,TCH-00870,overworked_generalist,Basic Technology,SS3B,WORKSHOP-01,1,Tuesday,12:20,14:20,3,12:20,1.41
SCH-065-LSN-0063,SCH-065,TCH-00870,overworked_generalist,CRS,JSS2A,ROOM-JSS2A,1,Wednesday,12:20,14:20,3,12:20,1.23
SCH-065-LSN-0064,SCH-065,TCH-00870,overworked_generalist,Basic Technology,JSS1A,ROOM-JSS1A,0,Tuesday,8:00,10:00,3,8:00,0.82
SCH-065-LSN-0065,SCH-065,TCH-00870,overworked_generalist,CRS,SS3A,ROOM-SS3A,1,Tuesday,10:00,12:20,3,10:00,1.27
SCH-065-LSN-0066,SCH-065,TCH-00870,overworked_generalist,Basic Technology,JSS2B,ROOM-JSS2B,0,Monday,8:00,10:00,3,8:00,0.69
SCH-065-LSN-0067,SCH-065,TCH-00870,overworked_generalist,CRS,SS2B,ROOM-SS2B,1,Monday,12:20,14:20,3,12:20,1.12
SCH-066-LSN-0001,SCH-066,TCH-00871,nysc_corper,Basic Science,JSS1A,ROOM-JSS1A,1,Tuesday,13:00,13:40,1,13:00,4.5
SCH-066-LSN-0002,SCH-066,TCH-00871,nysc_corper,Civic Education,JSS1A,ROOM-JSS1A,1,Tuesday,13:40,14:20,1,13:40,4.5
SCH-066-LSN-0003,SCH-066,TCH-00871,nysc_corper,Civic Education,JSS3A,ROOM-JSS3A,1,Wednesday,13:00,13:40,1,13:00,4.5
SCH-066-LSN-0004,SCH-066,TCH-00871,nysc_corper,Basic Science,JSS2A,ROOM-JSS2A,1,Wednesday,13:40,14:20,1,13:40,4.5
SCH-066-LSN-0005,SCH-066,TCH-00871,nysc_corper,Civic Education,JSS1B,ROOM-JSS1B,1,Thursday,13:00,13:40,1,13:00,4.5
SCH-066-LSN-0006,SCH-066,TCH-00871,nysc_corper,Civic Education,JSS3A,ROOM-JSS3A,1,Thursday,13:40,14:20,1,13:40,4.5
SCH-066-LSN-0007,SCH-066,TCH-00872,veteran_staff_room_boss,Further Mathematics,SS2A,ROOM-SS2A,1,Monday,8:40,10:00,2,8:40,4
SCH-066-LSN-0008,SCH-066,TCH-00872,veteran_staff_room_boss,Further Mathematics,SS3A,ROOM-SS3A,1,Monday,10:00,11:20,2,10:00,4
SCH-066-LSN-0009,SCH-066,TCH-00873,overworked_generalist,CRS,SS1A,ROOM-SS1A,1,Monday,9:20,13:00,5,9:20,1.5
SCH-066-LSN-0010,SCH-066,TCH-00873,overworked_generalist,Basic Technology,SS2B,ROOM-SS2B,0,Thursday,9:20,13:00,5,9:20,1.5
SCH-066-LSN-0011,SCH-066,TCH-00873,overworked_generalist,Basic Technology,JSS2B,ROOM-JSS2B,0,Wednesday,8:00,11:20,5,8:00,1.13
SCH-066-LSN-0012,SCH-066,TCH-00873,overworked_generalist,CRS,JSS1A,ROOM-JSS1A,1,Tuesday,9:20,13:00,5,9:20,1.48
SCH-066-LSN-0013,SCH-066,TCH-00873,overworked_generalist,CRS,SS1B,ROOM-SS1B,1,Friday,8:00,11:20,5,8:00,0.98
SCH-066-LSN-0014,SCH-066,TCH-00874,nysc_corper,Civic Education,JSS2A,ROOM-JSS2A,1,Tuesday,13:00,13:40,1,13:00,4.5
SCH-066-LSN-0015,SCH-066,TCH-00874,nysc_corper,Basic Science,JSS2B,ROOM-JSS2B,1,Tuesday,13:40,14:20,1,13:40,4.5
SCH-066-LSN-0016,SCH-066,TCH-00874,nysc_corper,Basic Science,JSS3A,ROOM-JSS3A,1,Wednesday,13:40,14:20,1,13:40,4.5
SCH-066-LSN-0017,SCH-066,TCH-00874,nysc_corper,Civic Education,JSS1A,ROOM-JSS1A,1,Wednesday,13:00,13:40,1,13:00,4.5
SCH-066-LSN-0018,SCH-066,TCH-00874,nysc_corper,Civic Education,JSS1A,ROOM-JSS1A,1,Thursday,13:00,13:40,1,13:00,4.5
SCH-066-LSN-0019,SCH-066,TCH-00874,nysc_corper,Civic Education,JSS1A,ROOM-JSS1A,1,Thursday,13:40,14:20,1,13:40,4.5
SCH-066-LSN-0020,SCH-066,TCH-00875,nysc_corper,Civic Education,JSS3A,ROOM-JSS3A,1,Monday,13:00,13:40,1,13:00,4.5
SCH-066-LSN-0021,SCH-066,TCH-00875,nysc_corper,Basic Science,JSS1B,ROOM-JSS1B,1,Monday,13:40,14:20,1,13:40,4.5
SCH-066-LSN-0022,SCH-066,TCH-00875,nysc_corper,Basic Science,JSS2B,ROOM-JSS2B,1,Tuesday,13:00,13:40,1,13:00,4.5
SCH-066-LSN-0023,SCH-066,TCH-00875,nysc_corper,Civic Education,JSS2B,ROOM-JSS2B,1,Wednesday,13:00,13:40,1,13:00,4.5
SCH-066-LSN-0024,SCH-066,TCH-00875,nysc_corper,Basic Science,JSS2A,ROOM-JSS2A,1,Tuesday,13:40,14:20,1,13:40,4.5
SCH-066-LSN-0025,SCH-066,TCH-00875,nysc_corper,Basic Science,JSS3B,ROOM-JSS3B,1,Wednesday,13:40,14:20,1,13:40,4.5
SCH-066-LSN-0026,SCH-066,TCH-00876,overworked_generalist,Basic Technology,JSS1B,ROOM-JSS1B,0,Friday,8:40,11:20,4,8:40,1.49
SCH-066-LSN-0027,SCH-066,TCH-00876,overworked_generalist,Basic Technology,SS1A,ROOM-SS1A,0,Thursday,10:00,13:00,4,10:00,1.4
SCH-066-LSN-0028,SCH-066,TCH-00876,overworked_generalist,Basic Technology,JSS2A,ROOM-JSS2A,0,Tuesday,9:20,12:20,4,9:20,1.38
SCH-066-LSN-0029,SCH-066,TCH-00876,overworked_generalist,PHE,JSS1B,ROOM-JSS1B,1,Wednesday,10:40,13:40,4,10:40,1.38
SCH-066-LSN-0030,SCH-066,TCH-00876,overworked_generalist,Basic Technology,JSS3B,ROOM-JSS3B,0,Monday,10:00,13:00,4,10:00,1.44
SCH-066-LSN-0031,SCH-066,TCH-00876,overworked_generalist,CRS,SS3A,ROOM-SS3A,1,Wednesday,8:00,10:40,4,8:00,0.78
SCH-066-LSN-0032,SCH-066,TCH-00877,nysc_corper,Basic Science,JSS1A,ROOM-JSS1A,1,Monday,13:00,13:40,1,13:00,4.5
SCH-066-LSN-0033,SCH-066,TCH-00877,nysc_corper,Basic Science,JSS1A,ROOM-JSS1A,1,Monday,13:40,14:20,1,13:40,4.5
SCH-066-LSN-0034,SCH-066,TCH-00877,nysc_corper,Basic Science,JSS3A,ROOM-JSS3A,1,Tuesday,13:00,13:40,1,13:00,4.5
SCH-066-LSN-0035,SCH-066,TCH-00877,nysc_corper,Civic Education,JSS3A,ROOM-JSS3A,1,Tuesday,13:40,14:20,1,13:40,4.5
SCH-066-LSN-0036,SCH-066,TCH-00877,nysc_corper,Basic Science,JSS2A,ROOM-JSS2A,1,Wednesday,13:00,13:40,1,13:00,4.5
SCH-066-LSN-0037,SCH-066,TCH-00877,nysc_corper,Civic Education,JSS3A,ROOM-JSS3A,1,Thursday,13:00,13:40,1,13:00,4.5
SCH-066-LSN-0038,SCH-066,TCH-00877,nysc_corper,Civic Education,JSS1B,ROOM-JSS1B,1,Wednesday,13:40,14:20,1,13:40,4.5
SCH-066-LSN-0039,SCH-066,TCH-00877,nysc_corper,Basic Science,JSS1B,ROOM-JSS1B,1,Thursday,13:40,14:20,1,13:40,4.5
SCH-066-LSN-0040,SCH-066,TCH-00878,nysc_corper,Basic Science,JSS1A,ROOM-JSS1A,1,Wednesday,13:40,14:20,1,13:40,4.5
SCH-066-LSN-0041,SCH-066,TCH-00878,nysc_corper,Basic Science,JSS3A,ROOM-JSS3A,1,Monday,13:40,14:20,1,13:40,4.5
SCH-066-LSN-0042,SCH-066,TCH-00878,nysc_corper,Civic Education,JSS1A,ROOM-JSS1A,1,Monday,8:00,8:40,1,8:00,0
SCH-066-LSN-0043,SCH-066,TCH-00878,nysc_corper,Civic Education,JSS1B,ROOM-JSS1B,1,Monday,13:00,13:40,1,13:00,4.5
SCH-066-LSN-0044,SCH-066,TCH-00878,nysc_corper,Civic Education,JSS2A,ROOM-JSS2A,1,Monday,8:40,9:20,1,8:40,0
SCH-066-LSN-0045,SCH-066,TCH-00878,nysc_corper,Civic Education,JSS2A,ROOM-JSS2A,1,Monday,9:20,10:00,1,9:20,0
SCH-066-LSN-0046,SCH-066,TCH-00879,overworked_generalist,PHE,JSS2A,ROOM-JSS2A,1,Wednesday,9:20,12:20,4,9:20,1.5
SCH-066-LSN-0047,SCH-066,TCH-00879,overworked_generalist,PHE,JSS3B,ROOM-JSS3B,1,Tuesday,11:40,14:20,4,11:40,1.22
SCH-066-LSN-0048,SCH-066,TCH-00879,overworked_generalist,Basic Technology,SS1A,ROOM-SS1A,0,Friday,8:40,11:20,4,8:40,1.4
SCH-066-LSN-0049,SCH-066,TCH-00879,overworked_generalist,PHE,SS2A,ROOM-SS2A,1,Monday,10:40,13:40,4,10:40,1.4
SCH-066-LSN-0050,SCH-066,TCH-00879,overworked_generalist,PHE,SS1A,ROOM-SS1A,1,Tuesday,8:40,11:20,4,8:40,1.29
SCH-066-LSN-0051,SCH-066,TCH-00879,overworked_generalist,PHE,SS3A,ROOM-SS3A,1,Thursday,10:40,13:40,4,10:40,1.46
SCH-066-LSN-0052,SCH-066,TCH-00879,overworked_generalist,PHE,SS2A,ROOM-SS2A,1,Thursday,8:00,10:40,4,8:00,0.88
SCH-066-LSN-0053,SCH-066,TCH-00879,overworked_generalist,Basic Technology,SS2B,ROOM-SS2B,0,Monday,8:00,10:40,4,8:00,0.58
SCH-066-LSN-0054,SCH-066,TCH-00880,overworked_generalist,Basic Technology,JSS1A,ROOM-JSS1A,0,Wednesday,8:00,10:40,4,8:00,1.49
SCH-066-LSN-0055,SCH-066,TCH-00880,overworked_generalist,Basic Technology,JSS1A,WORKSHOP-01,1,Friday,9:20,12:20,4,9:20,1.38
SCH-066-LSN-0056,SCH-066,TCH-00880,overworked_generalist,PHE,SS2B,ROOM-SS2B,1,Tuesday,10:00,13:00,4,10:00,1.48
SCH-066-LSN-0057,SCH-066,TCH-00880,overworked_generalist,PHE,JSS3B,ROOM-JSS3B,1,Thursday,8:40,11:20,4,8:40,1.48
SCH-066-LSN-0058,SCH-066,TCH-00880,overworked_generalist,PHE,SS3B,ROOM-SS3B,1,Wednesday,11:40,14:20,4,11:40,1.37
SCH-066-LSN-0059,SCH-066,TCH-00880,overworked_generalist,Basic Technology,JSS3A,ROOM-JSS3A,0,Monday,10:00,13:00,4,10:00,1.26
SCH-067-LSN-0001,SCH-067,TCH-00881,nysc_corper,Civic Education,JSS1A,ROOM-JSS1A,1,Monday,13:00,13:40,1,13:00,4.5
SCH-067-LSN-0002,SCH-067,TCH-00881,nysc_corper,Civic Education,JSS1B,ROOM-JSS1B,1,Monday,13:40,14:20,1,13:40,4.5
SCH-067-LSN-0003,SCH-067,TCH-00881,nysc_corper,Civic Education,JSS1B,ROOM-JSS1B,1,Tuesday,13:00,13:40,1,13:00,4.5
SCH-067-LSN-0004,SCH-067,TCH-00881,nysc_corper,Civic Education,JSS3B,ROOM-JSS3B,1,Tuesday,13:40,14:20,1,13:40,4.5
SCH-067-LSN-0005,SCH-067,TCH-00882,nysc_corper,Basic Science,JSS1A,ROOM-JSS1A,1,Monday,13:40,14:20,1,13:40,4.5
SCH-067-LSN-0006,SCH-067,TCH-00882,nysc_corper,Basic Science,JSS1B,ROOM-JSS1B,1,Monday,13:00,13:40,1,13:00,4.5
SCH-067-LSN-0007,SCH-067,TCH-00882,nysc_corper,Basic Science,JSS2A,ROOM-JSS2A,1,Wednesday,13:00,13:40,1,13:00,4.5
SCH-067-LSN-0008,SCH-067,TCH-00882,nysc_corper,Basic Science,JSS2A,ROOM-JSS2A,1,Wednesday,13:40,14:20,1,13:40,4.5
SCH-067-LSN-0009,SCH-067,TCH-00883,nysc_corper,Civic Education,JSS1A,ROOM-JSS1A,1,Tuesday,13:00,13:40,1,13:00,4.5
SCH-067-LSN-0010,SCH-067,TCH-00883,nysc_corper,Civic Education,JSS2B,ROOM-JSS2B,1,Monday,13:00,13:40,1,13:00,4.5
SCH-067-LSN-0011,SCH-067,TCH-00884,overworked_generalist,Basic Technology,SS1B,ROOM-SS1B,0,Thursday,10:40,13:40,4,10:40,1.49
SCH-067-LSN-0012,SCH-067,TCH-00884,overworked_generalist,Basic Technology,SS1B,ROOM-SS1B,0,Tuesday,8:00,10:40,4,8:00,1.43
SCH-067-LSN-0013,SCH-067,TCH-00884,overworked_generalist,CRS,JSS1B,ROOM-JSS1B,1,Friday,8:40,11:20,4,8:40,1.5
SCH-067-LSN-0014,SCH-067,TCH-00884,overworked_generalist,Basic Technology,JSS2A,ROOM-JSS2A,0,Monday,9:20,12:20,4,9:20,1.36
SCH-067-LSN-0015,SCH-067,TCH-00884,overworked_generalist,CRS,SS2A,ROOM-SS2A,1,Wednesday,9:20,12:20,4,9:20,1.48
SCH-067-LSN-0016,SCH-067,TCH-00884,overworked_generalist,CRS,SS3A,ROOM-SS3A,1,Tuesday,10:40,13:40,4,10:40,1.19
SCH-067-LSN-0017,SCH-067,TCH-00884,overworked_generalist,Basic Technology,SS1A,ROOM-SS1A,0,Thursday,8:00,10:40,4,8:00,0.5
SCH-067-LSN-0018,SCH-067,TCH-00885,overworked_generalist,PHE,JSS3A,ROOM-JSS3A,1,Tuesday,8:00,10:40,4,8:00,1.47
SCH-067-LSN-0019,SCH-067,TCH-00885,overworked_generalist,PHE,JSS1A,ROOM-JSS1A,1,Monday,8:40,11:20,4,8:40,1.47
SCH-067-LSN-0020,SCH-067,TCH-00885,overworked_generalist,PHE,JSS2B,ROOM-JSS2B,1,Wednesday,9:20,12:20,4,9:20,1.48
SCH-067-LSN-0021,SCH-067,TCH-00885,overworked_generalist,PHE,JSS3A,ROOM-JSS3A,1,Thursday,8:40,11:20,4,8:40,1.41
SCH-067-LSN-0022,SCH-067,TCH-00886,nysc_corper,Civic Education,JSS1B,ROOM-JSS1B,1,Tuesday,13:40,14:20,1,13:40,4.5
SCH-067-LSN-0023,SCH-067,TCH-00886,nysc_corper,Civic Education,JSS3A,ROOM-JSS3A,1,Monday,13:00,13:40,1,13:00,4.5
SCH-067-LSN-0024,SCH-067,TCH-00886,nysc_corper,Basic Science,JSS3B,ROOM-JSS3B,1,Monday,13:40,14:20,1,13:40,4.5
SCH-067-LSN-0025,SCH-067,TCH-00886,nysc_corper,Civic Education,JSS1A,ROOM-JSS1A,1,Wednesday,13:00,13:40,1,13:00,4.5
SCH-067-LSN-0026,SCH-067,TCH-00886,nysc_corper,Civic Education,JSS3B,ROOM-JSS3B,1,Tuesday,13:00,13:40,1,13:00,4.5
SCH-067-LSN-0027,SCH-067,TCH-00886,nysc_corper,Civic Education,JSS1B,ROOM-JSS1B,1,Wednesday,13:40,14:20,1,13:40,4.5
SCH-067-LSN-0028,SCH-067,TCH-00887,nysc_corper,Basic Science,JSS2A,ROOM-JSS2A,1,Monday,13:00,13:40,1,13:00,4.5
SCH-067-LSN-0029,SCH-067,TCH-00887,nysc_corper,Civic Education,JSS2B,ROOM-JSS2B,1,Monday,13:40,14:20,1,13:40,4.5
SCH-067-LSN-0030,SCH-067,TCH-00887,nysc_corper,Basic Science,JSS2A,ROOM-JSS2A,1,Tuesday,13:00,13:40,1,13:00,4.5
SCH-067-LSN-0031,SCH-067,TCH-00887,nysc_corper,Civic Education,JSS1A,ROOM-JSS1A,1,Tuesday,13:40,14:20,1,13:40,4.5
SCH-067-LSN-0032,SCH-067,TCH-00887,nysc_corper,Civic Education,JSS2B,ROOM-JSS2B,1,Wednesday,13:00,13:40,1,13:00,4.5
SCH-067-LSN-0033,SCH-067,TCH-00887,nysc_corper,Basic Science,JSS3B,ROOM-JSS3B,1,Wednesday,13:40,14:20,1,13:40,4.5
SCH-067-LSN-0034,SCH-067,TCH-00888,veteran_staff_room_boss,Physics,SS1A,SCI-LAB-01,1,Monday,8:40,10:00,2,8:40,4
SCH-067-LSN-0035,SCH-067,TCH-00888,veteran_staff_room_boss,Chemistry,SS1B,SCI-LAB-01,1,Monday,10:00,11:20,2,10:00,4
SCH-067-LSN-0036,SCH-067,TCH-00888,veteran_staff_room_boss,Physics,SS1B,SCI-LAB-01,1,Wednesday,8:40,10:00,2,8:40,4
SCH-067-LSN-0037,SCH-067,TCH-00888,veteran_staff_room_boss,Chemistry,SS2B,SCI-LAB-01,1,Tuesday,8:40,10:00,2,8:40,4
SCH-067-LSN-0038,SCH-067,TCH-00888,veteran_staff_room_boss,Chemistry,SS3B,SCI-LAB-01,1,Tuesday,10:00,11:20,2,10:00,4
SCH-067-LSN-0039,SCH-067,TCH-00888,veteran_staff_room_boss,Chemistry,SS2A,SCI-LAB-01,1,Thursday,8:40,10:00,2,8:40,4
SCH-067-LSN-0040,SCH-067,TCH-00889,overworked_generalist,Basic Technology,SS2B,ROOM-SS2B,0,Wednesday,10:00,13:00,4,10:00,1.49
SCH-067-LSN-0041,SCH-067,TCH-00889,overworked_generalist,PHE,SS1A,ROOM-SS1A,1,Monday,11:40,14:20,4,11:40,1.41
SCH-067-LSN-0042,SCH-067,TCH-00889,overworked_generalist,Basic Technology,JSS1B,ROOM-JSS1B,0,Monday,8:00,10:40,4,8:00,1.38
SCH-067-LSN-0043,SCH-067,TCH-00889,overworked_generalist,PHE,JSS2A,ROOM-JSS2A,1,Friday,8:00,10:40,4,8:00,1.42
SCH-067-LSN-0044,SCH-067,TCH-00890,overworked_generalist,Basic Technology,SS3A,ROOM-SS3A,0,Thursday,9:20,13:00,5,9:20,1.49
SCH-067-LSN-0045,SCH-067,TCH-00890,overworked_generalist,Basic Technology,SS3B,WORKSHOP-01,1,Friday,8:40,12:20,5,8:40,1.19
SCH-067-LSN-0046,SCH-067,TCH-00890,overworked_generalist,CRS,JSS3B,ROOM-JSS3B,1,Wednesday,9:20,13:00,5,9:20,1.48
SCH-067-LSN-0047,SCH-067,TCH-00890,overworked_generalist,CRS,SS1A,ROOM-SS1A,1,Tuesday,10:00,13:40,5,10:00,1.31
SCH-067-LSN-0048,SCH-067,TCH-00890,overworked_generalist,CRS,JSS3A,ROOM-JSS3A,1,Monday,8:00,11:20,5,8:00,1.42
SCH-067-LSN-0049,SCH-067,TCH-00891,hustling_subject_specialist,Economics,SS3B,ROOM-SS3B,1,Monday,8:00,10:00,3,8:00,4
SCH-067-LSN-0050,SCH-067,TCH-00891,hustling_subject_specialist,Economics,SS1B,ROOM-SS1B,1,Thursday,8:00,10:00,3,8:00,4
SCH-067-LSN-0051,SCH-067,TCH-00891,hustling_subject_specialist,Economics,SS3A,ROOM-SS3A,1,Monday,10:00,12:20,3,10:00,4
SCH-067-LSN-0052,SCH-067,TCH-00891,hustling_subject_specialist,Economics,SS1A,ROOM-SS1A,1,Thursday,10:40,13:00,3,10:40,4
SCH-067-LSN-0053,SCH-067,TCH-00892,overworked_generalist,CRS,JSS2B,ROOM-JSS2B,1,Thursday,10:40,13:40,4,10:40,1.49
SCH-067-LSN-0054,SCH-067,TCH-00892,overworked_generalist,Basic Technology,JSS2A,ROOM-JSS2A,0,Tuesday,9:20,12:20,4,9:20,1.46
SCH-067-LSN-0055,SCH-067,TCH-00892,overworked_generalist,CRS,JSS1B,ROOM-JSS1B,1,Wednesday,9:20,12:20,4,9:20,1.4
SCH-067-LSN-0056,SCH-067,TCH-00892,overworked_generalist,Basic Technology,SS3B,WORKSHOP-01,1,Monday,11:40,14:20,4,11:40,1.06
SCH-067-LSN-0057,SCH-067,TCH-00893,nysc_corper,Civic Education,JSS3B,ROOM-JSS3B,1,Monday,13:00,13:40,1,13:00,4.5
SCH-067-LSN-0058,SCH-067,TCH-00893,nysc_corper,Civic Education,JSS2A,ROOM-JSS2A,1,Monday,13:40,14:20,1,13:40,4.5
SCH-067-LSN-0059,SCH-067,TCH-00893,nysc_corper,Basic Science,JSS2B,ROOM-JSS2B,1,Tuesday,13:00,13:40,1,13:00,4.5
SCH-067-LSN-0060,SCH-067,TCH-00893,nysc_corper,Basic Science,JSS1A,ROOM-JSS1A,1,Wednesday,13:40,14:20,1,13:40,4.5
SCH-067-LSN-0061,SCH-067,TCH-00893,nysc_corper,Civic Education,JSS1A,ROOM-JSS1A,1,Monday,8:00,8:40,1,8:00,0
SCH-067-LSN-0062,SCH-067,TCH-00893,nysc_corper,Civic Education,JSS1B,ROOM-JSS1B,1,Wednesday,13:00,13:40,1,13:00,4.5
SCH-067-LSN-0063,SCH-067,TCH-00893,nysc_corper,Civic Education,JSS3B,ROOM-JSS3B,1,Monday,8:40,9:20,1,8:40,0
SCH-067-LSN-0064,SCH-067,TCH-00893,nysc_corper,Civic Education,JSS1A,ROOM-JSS1A,1,Monday,11:40,12:20,1,11:40,0
SCH-067-LSN-0065,SCH-067,TCH-00894,veteran_staff_room_boss,Biology,SS2B,SCI-LAB-01,1,Thursday,10:00,11:20,2,10:00,4
SCH-067-LSN-0066,SCH-067,TCH-00894,veteran_staff_room_boss,Biology,SS1B,SCI-LAB-01,1,Wednesday,10:00,11:20,2,10:00,4
SCH-067-LSN-0067,SCH-067,TCH-00894,veteran_staff_room_boss,Chemistry,SS3A,SCI-LAB-01,1,Tuesday,8:40,10:00,2,8:40,4
SCH-067-LSN-0068,SCH-067,TCH-00894,veteran_staff_room_boss,Biology,SS1B,SCI-LAB-01,1,Friday,8:40,10:00,2,8:40,4
SCH-067-LSN-0069,SCH-067,TCH-00895,overworked_generalist,Basic Technology,SS2B,ROOM-SS2B,0,Monday,10:40,13:00,3,10:40,1.44
SCH-067-LSN-0070,SCH-067,TCH-00895,overworked_generalist,Basic Technology,JSS2A,ROOM-JSS2A,0,Thursday,8:00,10:00,3,8:00,1.44
SCH-067-LSN-0071,SCH-067,TCH-00895,overworked_generalist,Basic Technology,JSS3B,ROOM-JSS3B,0,Friday,9:20,11:20,3,9:20,1.48
SCH-067-LSN-0072,SCH-067,TCH-00895,overworked_generalist,PHE,JSS2A,ROOM-JSS2A,1,Wednesday,8:40,10:40,3,8:40,1.39
SCH-067-LSN-0073,SCH-067,TCH-00895,overworked_generalist,PHE,JSS1B,ROOM-JSS1B,1,Tuesday,10:40,13:00,3,10:40,1.37
SCH-067-LSN-0074,SCH-067,TCH-00895,overworked_generalist,PHE,JSS1B,ROOM-JSS1B,1,Thursday,12:20,14:20,3,12:20,1.5
SCH-067-LSN-0075,SCH-067,TCH-00895,overworked_generalist,Basic Technology,SS2B,ROOM-SS2B,0,Monday,8:40,10:40,3,8:40,1.11
SCH-067-LSN-0076,SCH-067,TCH-00895,overworked_generalist,PHE,SS3A,ROOM-SS3A,1,Wednesday,11:40,13:40,3,11:40,1.34
SCH-068-LSN-0001,SCH-068,TCH-00896,veteran_staff_room_boss,Biology,SS1B,SCI-LAB-01,1,Monday,8:40,10:00,2,8:40,4
SCH-068-LSN-0002,SCH-068,TCH-00896,veteran_staff_room_boss,Further Mathematics,SS1B,ROOM-SS1B,1,Monday,10:00,11:20,2,10:00,4
SCH-068-LSN-0003,SCH-068,TCH-00896,veteran_staff_room_boss,Biology,SS1B,SCI-LAB-01,1,Tuesday,8:40,10:00,2,8:40,4
SCH-068-LSN-0004,SCH-068,TCH-00896,veteran_staff_room_boss,Biology,SS1B,SCI-LAB-01,1,Tuesday,10:00,11:20,2,10:00,4
SCH-068-LSN-0005,SCH-068,TCH-00896,veteran_staff_room_boss,Further Mathematics,SS1B,ROOM-SS1B,1,Wednesday,8:40,10:00,2,8:40,4
SCH-068-LSN-0006,SCH-068,TCH-00896,veteran_staff_room_boss,Further Mathematics,SS1A,ROOM-SS1A,1,Wednesday,10:00,11:20,2,10:00,4
SCH-068-LSN-0007,SCH-068,TCH-00897,overworked_generalist,Basic Technology,SS2B,WORKSHOP-01,1,Wednesday,8:40,11:20,4,8:40,1.42
SCH-068-LSN-0008,SCH-068,TCH-00897,overworked_generalist,Basic Technology,SS2B,ROOM-SS2B,0,Friday,8:40,11:20,4,8:40,1.45
SCH-068-LSN-0009,SCH-068,TCH-00897,overworked_generalist,PHE,JSS2B,ROOM-JSS2B,1,Thursday,11:40,14:20,4,11:40,1.49
SCH-068-LSN-0010,SCH-068,TCH-00897,overworked_generalist,PHE,JSS2B,ROOM-JSS2B,1,Thursday,8:40,11:20,4,8:40,1.39
SCH-068-LSN-0011,SCH-068,TCH-00897,overworked_generalist,PHE,JSS2B,ROOM-JSS2B,1,Monday,11:40,14:20,4,11:40,1.35
SCH-068-LSN-0012,SCH-068,TCH-00897,overworked_generalist,CRS,SS2B,ROOM-SS2B,1,Wednesday,11:40,14:20,4,11:40,1.36
SCH-068-LSN-0013,SCH-068,TCH-00898,veteran_staff_room_boss,Physics,SS2B,SCI-LAB-01,1,Monday,10:00,10:40,1,10:00,4
SCH-068-LSN-0014,SCH-068,TCH-00898,veteran_staff_room_boss,Physics,SS2B,SCI-LAB-01,1,Thursday,8:40,9:20,1,8:40,4
SCH-068-LSN-0015,SCH-068,TCH-00898,veteran_staff_room_boss,Physics,SS3B,SCI-LAB-01,1,Wednesday,8:40,9:20,1,8:40,4
SCH-068-LSN-0016,SCH-068,TCH-00899,nysc_corper,Civic Education,JSS1A,ROOM-JSS1A,1,Monday,13:00,13:40,1,13:00,4.5
SCH-068-LSN-0017,SCH-068,TCH-00899,nysc_corper,Basic Science,JSS3A,ROOM-JSS3A,1,Monday,13:40,14:20,1,13:40,4.5
SCH-068-LSN-0018,SCH-068,TCH-00899,nysc_corper,Civic Education,JSS3A,ROOM-JSS3A,1,Wednesday,13:00,13:40,1,13:00,4.5
SCH-068-LSN-0019,SCH-068,TCH-00899,nysc_corper,Civic Education,JSS1A,ROOM-JSS1A,1,Wednesday,13:40,14:20,1,13:40,4.5
SCH-068-LSN-0020,SCH-068,TCH-00899,nysc_corper,Civic Education,JSS2B,ROOM-JSS2B,1,Monday,8:00,8:40,1,8:00,0
SCH-068-LSN-0021,SCH-068,TCH-00899,nysc_corper,Basic Science,JSS1B,ROOM-JSS1B,1,Thursday,13:00,13:40,1,13:00,4.5
SCH-068-LSN-0022,SCH-068,TCH-00899,nysc_corper,Civic Education,JSS1A,ROOM-JSS1A,1,Thursday,13:40,14:20,1,13:40,4.5
SCH-068-LSN-0023,SCH-068,TCH-00899,nysc_corper,Civic Education,JSS1B,ROOM-JSS1B,1,Monday,8:40,9:20,1,8:40,0
SCH-068-LSN-0024,SCH-068,TCH-00900,overworked_generalist,PHE,SS1B,ROOM-SS1B,1,Wednesday,10:40,14:20,5,10:40,1.46
SCH-068-LSN-0025,SCH-068,TCH-00900,overworked_generalist,CRS,JSS3A,ROOM-JSS3A,1,Monday,10:00,13:40,5,10:00,1.41
SCH-068-LSN-0026,SCH-068,TCH-00900,overworked_generalist,Basic Technology,JSS2B,ROOM-JSS2B,0,Tuesday,10:00,13:40,5,10:00,1.34
SCH-068-LSN-0027,SCH-068,TCH-00900,overworked_generalist,Basic Technology,SS1A,ROOM-SS1A,0,Thursday,9:20,13:00,5,9:20,1.46
SCH-068-LSN-0028,SCH-068,TCH-00900,overworked_generalist,PHE,JSS2A,ROOM-JSS2A,1,Friday,8:40,12:20,5,8:40,1.25
SCH-068-LSN-0029,SCH-068,TCH-00901,nysc_corper,Civic Education,JSS3A,ROOM-JSS3A,1,Tuesday,13:00,13:40,1,13:00,4.5
SCH-068-LSN-0030,SCH-068,TCH-00901,nysc_corper,Civic Education,JSS3B,ROOM-JSS3B,1,Monday,13:00,13:40,1,13:00,4.5
SCH-068-LSN-0031,SCH-068,TCH-00901,nysc_corper,Civic Education,JSS2B,ROOM-JSS2B,1,Tuesday,13:40,14:20,1,13:40,4.5
SCH-068-LSN-0032,SCH-068,TCH-00901,nysc_corper,Basic Science,JSS3A,ROOM-JSS3A,1,Wednesday,13:40,14:20,1,13:40,4.5
SCH-068-LSN-0033,SCH-068,TCH-00902,hustling_subject_specialist,Further Mathematics,SS1B,ROOM-SS1B,1,Thursday,8:00,10:00,3,8:00,4
SCH-068-LSN-0034,SCH-068,TCH-00902,hustling_subject_specialist,Further Mathematics,SS1B,ROOM-SS1B,1,Thursday,10:00,12:20,3,10:00,4
SCH-068-LSN-0035,SCH-068,TCH-00902,hustling_subject_specialist,Further Mathematics,SS3B,ROOM-SS3B,1,Tuesday,8:00,10:00,3,8:00,4
SCH-068-LSN-0036,SCH-068,TCH-00903,nysc_corper,Basic Science,JSS3B,ROOM-JSS3B,1,Monday,13:40,14:20,1,13:40,4.5
SCH-068-LSN-0037,SCH-068,TCH-00903,nysc_corper,Basic Science,JSS3A,ROOM-JSS3A,1,Tuesday,13:40,14:20,1,13:40,4.5
SCH-068-LSN-0038,SCH-068,TCH-00904,veteran_staff_room_boss,Chemistry,SS3B,SCI-LAB-01,1,Wednesday,9:20,10:00,1,9:20,4
SCH-068-LSN-0039,SCH-068,TCH-00904,veteran_staff_room_boss,Chemistry,SS3B,SCI-LAB-01,1,Wednesday,10:00,10:40,1,10:00,4
SCH-068-LSN-0040,SCH-068,TCH-00904,veteran_staff_room_boss,Chemistry,SS2A,SCI-LAB-01,1,Thursday,9:20,10:00,1,9:20,4
SCH-068-LSN-0041,SCH-068,TCH-00904,veteran_staff_room_boss,Chemistry,SS2B,SCI-LAB-01,1,Thursday,10:00,10:40,1,10:00,4
SCH-068-LSN-0042,SCH-068,TCH-00904,veteran_staff_room_boss,Biology,SS3B,SCI-LAB-01,1,Monday,8:40,9:20,1,8:40,4
SCH-068-LSN-0043,SCH-068,TCH-00904,veteran_staff_room_boss,Biology,SS3A,SCI-LAB-01,1,Monday,9:20,10:00,1,9:20,4
SCH-068-LSN-0044,SCH-068,TCH-00905,hustling_subject_specialist,Further Mathematics,SS3B,ROOM-SS3B,1,Tuesday,10:00,12:20,3,10:00,4
SCH-068-LSN-0045,SCH-068,TCH-00905,hustling_subject_specialist,Further Mathematics,SS2A,ROOM-SS2A,1,Tuesday,8:00,10:00,3,8:00,4
SCH-068-LSN-0046,SCH-068,TCH-00905,hustling_subject_specialist,Further Mathematics,SS3B,ROOM-SS3B,1,Wednesday,10:40,13:00,3,10:40,4
SCH-068-LSN-0047,SCH-068,TCH-00905,hustling_subject_specialist,Further Mathematics,SS3B,ROOM-SS3B,1,Tuesday,12:20,14:20,3,12:20,-4
SCH-068-LSN-0048,SCH-068,TCH-00905,hustling_subject_specialist,Further Mathematics,SS1A,ROOM-SS1A,1,Wednesday,8:00,10:00,3,8:00,4
SCH-068-LSN-0049,SCH-068,TCH-00906,veteran_staff_room_boss,Biology,SS2A,SCI-LAB-01,1,Monday,8:40,9:20,1,8:40,4
SCH-068-LSN-0050,SCH-068,TCH-00906,veteran_staff_room_boss,Physics,SS2A,SCI-LAB-01,1,Monday,10:00,10:40,1,10:00,4
SCH-068-LSN-0051,SCH-068,TCH-00906,veteran_staff_room_boss,Biology,SS1B,SCI-LAB-01,1,Friday,8:40,9:20,1,8:40,4
SCH-068-LSN-0052,SCH-068,TCH-00906,veteran_staff_room_boss,Biology,SS2B,SCI-LAB-01,1,Tuesday,8:40,9:20,1,8:40,4
SCH-068-LSN-0053,SCH-068,TCH-00906,veteran_staff_room_boss,Physics,SS2A,SCI-LAB-01,1,Wednesday,8:40,9:20,1,8:40,4
SCH-068-LSN-0054,SCH-068,TCH-00906,veteran_staff_room_boss,Biology,SS1B,SCI-LAB-01,1,Friday,9:20,10:00,1,9:20,4
SCH-068-LSN-0055,SCH-068,TCH-00906,veteran_staff_room_boss,Biology,SS2B,SCI-LAB-01,1,Tuesday,9:20,10:00,1,9:20,4
SCH-068-LSN-0056,SCH-068,TCH-00906,veteran_staff_room_boss,Biology,SS2B,SCI-LAB-01,1,Tuesday,10:00,10:40,1,10:00,4
SCH-068-LSN-0057,SCH-068,TCH-00907,overworked_generalist,CRS,SS3B,ROOM-SS3B,1,Monday,10:40,13:00,3,10:40,1.49
SCH-068-LSN-0058,SCH-068,TCH-00907,overworked_generalist,Basic Technology,SS3A,ROOM-SS3A,0,Wednesday,10:40,13:00,3,10:40,1.47
SCH-068-LSN-0059,SCH-068,TCH-00907,overworked_generalist,Basic Technology,JSS3B,ROOM-JSS3B,0,Thursday,10:40,13:00,3,10:40,1.49
SCH-068-LSN-0060,SCH-068,TCH-00907,overworked_generalist,Basic Technology,JSS2A,ROOM-JSS2A,0,Monday,8:00,10:00,3,8:00,1.43
SCH-068-LSN-0061,SCH-068,TCH-00908,overworked_generalist,CRS,SS1A,ROOM-SS1A,1,Tuesday,10:40,13:40,4,10:40,1.42
SCH-068-LSN-0062,SCH-068,TCH-00908,overworked_generalist,CRS,SS1A,ROOM-SS1A,1,Wednesday,11:40,14:20,4,11:40,1.48
SCH-068-LSN-0063,SCH-068,TCH-00908,overworked_generalist,PHE,JSS2A,ROOM-JSS2A,1,Thursday,10:40,13:40,4,10:40,1.27
SCH-068-LSN-0064,SCH-068,TCH-00908,overworked_generalist,PHE,JSS2B,ROOM-JSS2B,1,Friday,8:00,10:40,4,8:00,1.49
SCH-068-LSN-0065,SCH-068,TCH-00908,overworked_generalist,CRS,SS3A,ROOM-SS3A,1,Thursday,8:00,10:40,4,8:00,1.46
SCH-068-LSN-0066,SCH-068,TCH-00908,overworked_generalist,Basic Technology,JSS3B,ROOM-JSS3B,0,Monday,9:20,12:20,4,9:20,1.32
SCH-068-LSN-0067,SCH-068,TCH-00908,overworked_generalist,CRS,JSS3A,ROOM-JSS3A,1,Tuesday,8:00,10:40,4,8:00,0.93
SCH-068-LSN-0068,SCH-068,TCH-00909,overworked_generalist,Basic Technology,JSS2B,ROOM-JSS2B,0,Wednesday,10:00,13:40,5,10:00,1.34
SCH-068-LSN-0069,SCH-068,TCH-00909,overworked_generalist,PHE,SS2A,ROOM-SS2A,1,Thursday,10:00,13:40,5,10:00,1.23
SCH-068-LSN-0070,SCH-068,TCH-00909,overworked_generalist,PHE,SS2B,ROOM-SS2B,1,Monday,10:40,14:20,5,10:40,0.97
SCH-068-LSN-0071,SCH-068,TCH-00909,overworked_generalist,CRS,SS2B,ROOM-SS2B,1,Tuesday,10:40,14:20,5,10:40,0.51
SCH-068-LSN-0072,SCH-068,TCH-00909,overworked_generalist,Basic Technology,JSS3B,WORKSHOP-01,1,Friday,8:00,11:20,5,8:00,1.13
SCH-068-LSN-0073,SCH-068,TCH-00910,nysc_corper,Civic Education,JSS1B,ROOM-JSS1B,1,Monday,13:00,13:40,1,13:00,4.5
SCH-068-LSN-0074,SCH-068,TCH-00910,nysc_corper,Civic Education,JSS1B,ROOM-JSS1B,1,Monday,13:40,14:20,1,13:40,4.5
SCH-068-LSN-0075,SCH-068,TCH-00910,nysc_corper,Civic Education,JSS3A,ROOM-JSS3A,1,Monday,8:00,8:40,1,8:00,0
SCH-068-LSN-0076,SCH-068,TCH-00910,nysc_corper,Civic Education,JSS3A,ROOM-JSS3A,1,Monday,8:40,9:20,1,8:40,0
SCH-068-LSN-0077,SCH-068,TCH-00911,nysc_corper,Civic Education,JSS2A,ROOM-JSS2A,1,Tuesday,13:00,13:40,1,13:00,4.5
SCH-068-LSN-0078,SCH-068,TCH-00911,nysc_corper,Civic Education,JSS3A,ROOM-JSS3A,1,Thursday,13:00,13:40,1,13:00,4.5
SCH-068-LSN-0079,SCH-068,TCH-00911,nysc_corper,Civic Education,JSS3A,ROOM-JSS3A,1,Thursday,13:40,14:20,1,13:40,4.5
SCH-069-LSN-0001,SCH-069,TCH-00912,overworked_generalist,CRS,JSS2A,ROOM-JSS2A,1,Wednesday,8:40,12:20,5,8:40,1.5
SCH-069-LSN-0002,SCH-069,TCH-00912,overworked_generalist,Basic Technology,JSS3A,ROOM-JSS3A,0,Tuesday,10:40,14:20,5,10:40,1.49
SCH-069-LSN-0003,SCH-069,TCH-00912,overworked_generalist,CRS,JSS3A,ROOM-JSS3A,1,Monday,8:00,11:20,5,8:00,1.47
SCH-069-LSN-0004,SCH-069,TCH-00912,overworked_generalist,Basic Technology,SS2A,ROOM-SS2A,0,Thursday,8:40,12:20,5,8:40,1.21
SCH-069-LSN-0005,SCH-069,TCH-00912,overworked_generalist,CRS,JSS1B,ROOM-JSS1B,1,Friday,8:40,12:20,5,8:40,1.12
SCH-069-LSN-0006,SCH-069,TCH-00913,nysc_corper,Basic Science,JSS1A,ROOM-JSS1A,1,Monday,13:00,13:40,1,13:00,4.5
SCH-069-LSN-0007,SCH-069,TCH-00913,nysc_corper,Basic Science,JSS3B,ROOM-JSS3B,1,Monday,13:40,14:20,1,13:40,4.5
SCH-069-LSN-0008,SCH-069,TCH-00914,nysc_corper,Civic Education,JSS2A,ROOM-JSS2A,1,Monday,13:00,13:40,1,13:00,4.5
SCH-069-LSN-0009,SCH-069,TCH-00914,nysc_corper,Basic Science,JSS3A,ROOM-JSS3A,1,Monday,13:40,14:20,1,13:40,4.5
SCH-069-LSN-0010,SCH-069,TCH-00914,nysc_corper,Basic Science,JSS2B,ROOM-JSS2B,1,Tuesday,13:00,13:40,1,13:00,4.5
SCH-069-LSN-0011,SCH-069,TCH-00914,nysc_corper,Basic Science,JSS1A,ROOM-JSS1A,1,Tuesday,13:40,14:20,1,13:40,4.5
SCH-069-LSN-0012,SCH-069,TCH-00914,nysc_corper,Civic Education,JSS1A,ROOM-JSS1A,1,Wednesday,13:00,13:40,1,13:00,4.5
SCH-069-LSN-0013,SCH-069,TCH-00914,nysc_corper,Basic Science,JSS1B,ROOM-JSS1B,1,Wednesday,13:40,14:20,1,13:40,4.5
SCH-069-LSN-0014,SCH-069,TCH-00914,nysc_corper,Civic Education,JSS1A,ROOM-JSS1A,1,Thursday,13:00,13:40,1,13:00,4.5
SCH-069-LSN-0015,SCH-069,TCH-00914,nysc_corper,Basic Science,JSS1A,ROOM-JSS1A,1,Thursday,13:40,14:20,1,13:40,4.5
SCH-069-LSN-0016,SCH-069,TCH-00915,hustling_subject_specialist,Further Mathematics,SS2A,ROOM-SS2A,1,Monday,8:00,9:20,2,8:00,4
SCH-069-LSN-0017,SCH-069,TCH-00915,hustling_subject_specialist,Further Mathematics,SS1A,ROOM-SS1A,1,Monday,9:20,10:40,2,9:20,4
SCH-069-LSN-0018,SCH-069,TCH-00915,hustling_subject_specialist,Further Mathematics,SS2A,ROOM-SS2A,1,Monday,10:40,12:20,2,10:40,4
SCH-069-LSN-0019,SCH-069,TCH-00916,overworked_generalist,Basic Technology,JSS1B,ROOM-JSS1B,0,Monday,10:00,13:00,4,10:00,1.5
SCH-069-LSN-0020,SCH-069,TCH-00916,overworked_generalist,Basic Technology,JSS3B,ROOM-JSS3B,0,Thursday,8:40,11:20,4,8:40,1.49
SCH-069-LSN-0021,SCH-069,TCH-00916,overworked_generalist,CRS,JSS3A,ROOM-JSS3A,1,Tuesday,8:00,10:40,4,8:00,1.48
SCH-069-LSN-0022,SCH-069,TCH-00916,overworked_generalist,Basic Technology,JSS1B,ROOM-JSS1B,0,Wednesday,10:40,13:40,4,10:40,1.42
SCH-069-LSN-0023,SCH-069,TCH-00917,nysc_corper,Basic Science,JSS2B,ROOM-JSS2B,1,Tuesday,13:40,14:20,1,13:40,4.5
SCH-069-LSN-0024,SCH-069,TCH-00917,nysc_corper,Basic Science,JSS1B,ROOM-JSS1B,1,Tuesday,13:00,13:40,1,13:00,4.5
SCH-069-LSN-0025,SCH-069,TCH-00917,nysc_corper,Basic Science,JSS3A,ROOM-JSS3A,1,Wednesday,13:00,13:40,1,13:00,4.5
SCH-069-LSN-0026,SCH-069,TCH-00917,nysc_corper,Basic Science,JSS1B,ROOM-JSS1B,1,Thursday,13:00,13:40,1,13:00,4.5
SCH-069-LSN-0027,SCH-069,TCH-00918,veteran_staff_room_boss,Physics,SS3B,SCI-LAB-01,1,Monday,8:40,9:20,1,8:40,4
SCH-069-LSN-0028,SCH-069,TCH-00918,veteran_staff_room_boss,Chemistry,SS1A,SCI-LAB-01,1,Tuesday,8:40,9:20,1,8:40,4
SCH-069-LSN-0029,SCH-069,TCH-00918,veteran_staff_room_boss,Physics,SS3A,SCI-LAB-01,1,Monday,9:20,10:00,1,9:20,4
SCH-069-LSN-0030,SCH-069,TCH-00918,veteran_staff_room_boss,Physics,SS2A,SCI-LAB-01,1,Monday,10:00,10:40,1,10:00,4
SCH-069-LSN-0031,SCH-069,TCH-00918,veteran_staff_room_boss,Chemistry,SS1A,SCI-LAB-01,1,Tuesday,9:20,10:00,1,9:20,4
SCH-069-LSN-0032,SCH-069,TCH-00918,veteran_staff_room_boss,Chemistry,SS2B,SCI-LAB-01,1,Tuesday,10:00,10:40,1,10:00,4
SCH-069-LSN-0033,SCH-069,TCH-00919,overworked_generalist,PHE,SS2B,ROOM-SS2B,1,Wednesday,10:40,14:20,5,10:40,1.49
SCH-069-LSN-0034,SCH-069,TCH-00919,overworked_generalist,CRS,JSS1A,ROOM-JSS1A,1,Thursday,8:00,11:20,5,8:00,1.4
SCH-069-LSN-0035,SCH-069,TCH-00919,overworked_generalist,CRS,SS3B,ROOM-SS3B,1,Friday,8:40,12:20,5,8:40,1.5
SCH-069-LSN-0036,SCH-069,TCH-00919,overworked_generalist,CRS,JSS3B,ROOM-JSS3B,1,Tuesday,10:00,13:40,5,10:00,1.46
SCH-069-LSN-0037,SCH-069,TCH-00920,veteran_staff_room_boss,Physics,SS1A,SCI-LAB-01,1,Monday,8:40,9:20,1,8:40,4
SCH-069-LSN-0038,SCH-069,TCH-00920,veteran_staff_room_boss,Biology,SS1A,SCI-LAB-01,1,Wednesday,8:40,9:20,1,8:40,4
SCH-069-LSN-0039,SCH-069,TCH-00920,veteran_staff_room_boss,Physics,SS3A,SCI-LAB-01,1,Monday,10:00,10:40,1,10:00,4
SCH-069-LSN-0040,SCH-069,TCH-00920,veteran_staff_room_boss,Biology,SS1B,SCI-LAB-01,1,Wednesday,9:20,10:00,1,9:20,4
SCH-069-LSN-0041,SCH-069,TCH-00920,veteran_staff_room_boss,Biology,SS2A,SCI-LAB-01,1,Wednesday,10:00,10:40,1,10:00,4
SCH-069-LSN-0042,SCH-069,TCH-00920,veteran_staff_room_boss,Physics,SS3B,SCI-LAB-01,1,Thursday,8:40,9:20,1,8:40,4
SCH-069-LSN-0043,SCH-069,TCH-00921,hustling_subject_specialist,Economics,SS3A,ROOM-SS3A,1,Wednesday,8:00,9:20,2,8:00,4
SCH-069-LSN-0044,SCH-069,TCH-00921,hustling_subject_specialist,Economics,SS2B,ROOM-SS2B,1,Wednesday,9:20,10:40,2,9:20,4
SCH-069-LSN-0045,SCH-069,TCH-00921,hustling_subject_specialist,Economics,SS3B,ROOM-SS3B,1,Wednesday,10:40,12:20,2,10:40,4
SCH-069-LSN-0046,SCH-069,TCH-00921,hustling_subject_specialist,Economics,SS3A,ROOM-SS3A,1,Thursday,8:00,9:20,2,8:00,4
SCH-069-LSN-0047,SCH-069,TCH-00922,overworked_generalist,PHE,SS2A,ROOM-SS2A,1,Tuesday,10:40,13:40,4,10:40,1.45
SCH-069-LSN-0048,SCH-069,TCH-00922,overworked_generalist,PHE,JSS1A,ROOM-JSS1A,1,Wednesday,8:40,11:20,4,8:40,1.49
SCH-069-LSN-0049,SCH-069,TCH-00922,overworked_generalist,Basic Technology,SS2B,ROOM-SS2B,0,Monday,8:00,10:40,4,8:00,1.39
SCH-069-LSN-0050,SCH-069,TCH-00922,overworked_generalist,PHE,SS2B,ROOM-SS2B,1,Thursday,10:40,13:40,4,10:40,1.49
SCH-069-LSN-0051,SCH-069,TCH-00923,hustling_subject_specialist,Economics,SS3A,ROOM-SS3A,1,Monday,8:00,9:20,2,8:00,4
SCH-069-LSN-0052,SCH-069,TCH-00923,hustling_subject_specialist,Economics,SS1A,ROOM-SS1A,1,Monday,10:40,12:20,2,10:40,4
SCH-069-LSN-0053,SCH-069,TCH-00923,hustling_subject_specialist,Economics,SS1B,ROOM-SS1B,1,Monday,9:20,10:40,2,9:20,4
SCH-069-LSN-0054,SCH-069,TCH-00923,hustling_subject_specialist,Economics,SS1A,ROOM-SS1A,1,Wednesday,9:20,10:40,2,9:20,4
SCH-069-LSN-0055,SCH-069,TCH-00924,hustling_subject_specialist,Economics,SS1A,ROOM-SS1A,1,Tuesday,10:00,11:20,2,10:00,4
SCH-069-LSN-0056,SCH-069,TCH-00924,hustling_subject_specialist,Economics,SS1A,ROOM-SS1A,1,Wednesday,10:40,12:20,2,10:40,4
SCH-069-LSN-0057,SCH-069,TCH-00924,hustling_subject_specialist,Economics,SS2A,ROOM-SS2A,1,Tuesday,8:00,9:20,2,8:00,4
SCH-069-LSN-0058,SCH-069,TCH-00924,hustling_subject_specialist,Economics,SS3B,ROOM-SS3B,1,Wednesday,8:00,9:20,2,8:00,4
SCH-070-LSN-0001,SCH-070,TCH-00925,overworked_generalist,PHE,JSS1A,ROOM-JSS1A,1,Thursday,10:00,13:40,5,10:00,1.49
SCH-070-LSN-0002,SCH-070,TCH-00925,overworked_generalist,PHE,JSS3A,ROOM-JSS3A,1,Wednesday,8:40,12:20,5,8:40,1.47
SCH-070-LSN-0003,SCH-070,TCH-00925,overworked_generalist,PHE,SS1B,ROOM-SS1B,1,Tuesday,10:40,14:20,5,10:40,1.41
SCH-070-LSN-0004,SCH-070,TCH-00925,overworked_generalist,Basic Technology,JSS1B,ROOM-JSS1B,0,Monday,10:00,13:40,5,10:00,1.43
SCH-070-LSN-0005,SCH-070,TCH-00925,overworked_generalist,Basic Technology,JSS2B,ROOM-JSS2B,0,Friday,8:00,11:20,5,8:00,0.94
SCH-070-LSN-0006,SCH-070,TCH-00926,overworked_generalist,Basic Technology,JSS3A,ROOM-JSS3A,0,Thursday,10:40,13:40,4,10:40,1.45
SCH-070-LSN-0007,SCH-070,TCH-00926,overworked_generalist,PHE,SS3B,ROOM-SS3B,1,Monday,11:40,14:20,4,11:40,1.49
SCH-070-LSN-0008,SCH-070,TCH-00926,overworked_generalist,CRS,JSS2A,ROOM-JSS2A,1,Friday,8:00,10:40,4,8:00,1.33
SCH-070-LSN-0009,SCH-070,TCH-00926,overworked_generalist,Basic Technology,JSS3A,WORKSHOP-01,1,Monday,8:00,10:40,4,8:00,1.34
SCH-070-LSN-0010,SCH-070,TCH-00926,overworked_generalist,Basic Technology,JSS2B,ROOM-JSS2B,0,Tuesday,10:40,13:40,4,10:40,1.37
SCH-070-LSN-0011,SCH-070,TCH-00926,overworked_generalist,CRS,JSS1B,ROOM-JSS1B,1,Wednesday,9:20,12:20,4,9:20,1.22
SCH-070-LSN-0012,SCH-070,TCH-00926,overworked_generalist,CRS,SS2A,ROOM-SS2A,1,Thursday,8:00,10:40,4,8:00,1.03
SCH-070-LSN-0013,SCH-070,TCH-00926,overworked_generalist,Basic Technology,SS1B,ROOM-SS1B,0,Tuesday,8:00,10:40,4,8:00,1.39
SCH-070-LSN-0014,SCH-070,TCH-00927,veteran_staff_room_boss,Biology,SS2B,SCI-LAB-01,1,Monday,8:40,10:00,2,8:40,4
SCH-070-LSN-0015,SCH-070,TCH-00927,veteran_staff_room_boss,Chemistry,SS3B,SCI-LAB-01,1,Monday,10:00,11:20,2,10:00,4
SCH-070-LSN-0016,SCH-070,TCH-00927,veteran_staff_room_boss,Chemistry,SS1A,SCI-LAB-01,1,Tuesday,8:40,10:00,2,8:40,4
SCH-070-LSN-0017,SCH-070,TCH-00927,veteran_staff_room_boss,Biology,SS3B,SCI-LAB-01,1,Tuesday,10:00,11:20,2,10:00,4
SCH-070-LSN-0018,SCH-070,TCH-00928,overworked_generalist,Basic Technology,JSS2A,WORKSHOP-01,1,Monday,10:00,12:20,3,10:00,1.49
SCH-070-LSN-0019,SCH-070,TCH-00928,overworked_generalist,PHE,SS2A,ROOM-SS2A,1,Friday,9:20,11:20,3,9:20,1.47
SCH-070-LSN-0020,SCH-070,TCH-00928,overworked_generalist,CRS,SS3B,ROOM-SS3B,1,Thursday,11:40,13:40,3,11:40,1.45
SCH-070-LSN-0021,SCH-070,TCH-00928,overworked_generalist,PHE,SS1A,ROOM-SS1A,1,Monday,8:00,10:00,3,8:00,1.4
SCH-070-LSN-0022,SCH-070,TCH-00928,overworked_generalist,CRS,SS1A,ROOM-SS1A,1,Wednesday,11:40,13:40,3,11:40,1.42
SCH-070-LSN-0023,SCH-070,TCH-00928,overworked_generalist,PHE,SS2B,ROOM-SS2B,1,Tuesday,12:20,14:20,3,12:20,1.48
SCH-070-LSN-0024,SCH-070,TCH-00928,overworked_generalist,PHE,SS1B,ROOM-SS1B,1,Wednesday,8:40,10:40,3,8:40,1.23
SCH-070-LSN-0025,SCH-070,TCH-00928,overworked_generalist,CRS,SS2A,ROOM-SS2A,1,Monday,12:20,14:20,3,12:20,1.32
SCH-070-LSN-0026,SCH-070,TCH-00928,overworked_generalist,Basic Technology,JSS3A,ROOM-JSS3A,0,Tuesday,10:00,12:20,3,10:00,1.45
SCH-070-LSN-0027,SCH-070,TCH-00928,overworked_generalist,PHE,JSS2A,ROOM-JSS2A,1,Thursday,9:20,11:20,3,9:20,0.92
SCH-070-LSN-0028,SCH-070,TCH-00928,overworked_generalist,CRS,JSS1A,ROOM-JSS1A,1,Tuesday,8:00,10:00,3,8:00,0.99
SCH-070-LSN-0029,SCH-070,TCH-00929,nysc_corper,Basic Science,JSS1B,ROOM-JSS1B,1,Monday,13:40,14:20,1,13:40,4.5
SCH-070-LSN-0030,SCH-070,TCH-00929,nysc_corper,Basic Science,JSS2B,ROOM-JSS2B,1,Monday,13:00,13:40,1,13:00,4.5
SCH-070-LSN-0031,SCH-070,TCH-00929,nysc_corper,Basic Science,JSS1A,ROOM-JSS1A,1,Tuesday,13:00,13:40,1,13:00,4.5
SCH-070-LSN-0032,SCH-070,TCH-00929,nysc_corper,Civic Education,JSS1B,ROOM-JSS1B,1,Tuesday,13:40,14:20,1,13:40,4.5
SCH-070-LSN-0033,SCH-070,TCH-00930,nysc_corper,Civic Education,JSS2A,ROOM-JSS2A,1,Monday,13:00,13:40,1,13:00,4.5
SCH-070-LSN-0034,SCH-070,TCH-00930,nysc_corper,Civic Education,JSS2B,ROOM-JSS2B,1,Monday,13:40,14:20,1,13:40,4.5
SCH-070-LSN-0035,SCH-070,TCH-00930,nysc_corper,Civic Education,JSS1B,ROOM-JSS1B,1,Tuesday,13:00,13:40,1,13:00,4.5
SCH-070-LSN-0036,SCH-070,TCH-00930,nysc_corper,Civic Education,JSS3B,ROOM-JSS3B,1,Tuesday,13:40,14:20,1,13:40,4.5
SCH-070-LSN-0037,SCH-070,TCH-00931,hustling_subject_specialist,Economics,SS3A,ROOM-SS3A,1,Wednesday,8:00,10:00,3,8:00,4
SCH-070-LSN-0038,SCH-070,TCH-00931,hustling_subject_specialist,Economics,SS3B,ROOM-SS3B,1,Wednesday,10:00,12:20,3,10:00,4
SCH-070-LSN-0039,SCH-070,TCH-00931,hustling_subject_specialist,Economics,SS2A,ROOM-SS2A,1,Thursday,10:40,13:00,3,10:40,4
SCH-070-LSN-0040,SCH-070,TCH-00931,hustling_subject_specialist,Physics,SS2A,SCI-LAB-01,1,Wednesday,12:20,14:20,3,12:20,-4
SCH-070-LSN-0041,SCH-070,TCH-00931,hustling_subject_specialist,Economics,SS3A,ROOM-SS3A,1,Thursday,8:00,10:00,3,8:00,4
SCH-070-LSN-0042,SCH-070,TCH-00932,overworked_generalist,CRS,SS2A,ROOM-SS2A,1,Tuesday,8:40,12:20,5,8:40,1.45
SCH-070-LSN-0043,SCH-070,TCH-00932,overworked_generalist,CRS,JSS2B,ROOM-JSS2B,1,Wednesday,8:00,11:20,5,8:00,1.5
SCH-070-LSN-0044,SCH-070,TCH-00932,overworked_generalist,CRS,SS3A,ROOM-SS3A,1,Thursday,10:40,14:20,5,10:40,1.48
SCH-070-LSN-0045,SCH-070,TCH-00932,overworked_generalist,CRS,SS1B,ROOM-SS1B,1,Monday,10:00,13:40,5,10:00,1.47
SCH-070-LSN-0046,SCH-070,TCH-00932,overworked_generalist,CRS,JSS3A,ROOM-JSS3A,1,Friday,8:00,11:20,5,8:00,1.16
SCH-070-LSN-0047,SCH-070,TCH-00933,overworked_generalist,Basic Technology,JSS3B,ROOM-JSS3B,0,Tuesday,10:00,12:20,3,10:00,1.41
SCH-070-LSN-0048,SCH-070,TCH-00933,overworked_generalist,Basic Technology,SS2A,ROOM-SS2A,0,Monday,10:00,12:20,3,10:00,1.36
SCH-070-LSN-0049,SCH-070,TCH-00933,overworked_generalist,CRS,JSS1A,ROOM-JSS1A,1,Friday,8:00,10:00,3,8:00,1.46
SCH-070-LSN-0050,SCH-070,TCH-00933,overworked_generalist,PHE,SS1A,ROOM-SS1A,1,Friday,10:00,12:20,3,10:00,1.36
SCH-070-LSN-0051,SCH-070,TCH-00933,overworked_generalist,PHE,SS3B,ROOM-SS3B,1,Wednesday,8:00,10:00,3,8:00,1.48
SCH-070-LSN-0052,SCH-070,TCH-00933,overworked_generalist,PHE,JSS2B,ROOM-JSS2B,1,Monday,8:00,10:00,3,8:00,1.47
SCH-070-LSN-0053,SCH-070,TCH-00934,hustling_subject_specialist,Physics,SS3A,SCI-LAB-01,1,Wednesday,10:00,11:20,2,10:00,4
SCH-070-LSN-0054,SCH-070,TCH-00934,hustling_subject_specialist,Physics,SS3A,SCI-LAB-01,1,Monday,11:40,13:00,2,11:40,0
SCH-070-LSN-0055,SCH-070,TCH-00935,veteran_staff_room_boss,Physics,SS1B,SCI-LAB-01,1,Thursday,8:40,9:20,1,8:40,4
SCH-070-LSN-0056,SCH-070,TCH-00935,veteran_staff_room_boss,Physics,SS1B,SCI-LAB-01,1,Thursday,9:20,10:00,1,9:20,4
SCH-070-LSN-0057,SCH-070,TCH-00935,veteran_staff_room_boss,Physics,SS3A,SCI-LAB-01,1,Thursday,10:00,10:40,1,10:00,4
SCH-070-LSN-0058,SCH-070,TCH-00935,veteran_staff_room_boss,Physics,SS3A,SCI-LAB-01,1,Friday,8:40,9:20,1,8:40,4
SCH-071-LSN-0001,SCH-071,TCH-00936,hustling_subject_specialist,Physics,SS3A,SCI-LAB-01,1,Monday,8:00,9:20,2,8:00,4
SCH-071-LSN-0002,SCH-071,TCH-00936,hustling_subject_specialist,Physics,SS3A,SCI-LAB-01,1,Monday,9:20,10:40,2,9:20,4
SCH-071-LSN-0003,SCH-071,TCH-00936,hustling_subject_specialist,Physics,SS1A,SCI-LAB-01,1,Monday,10:40,12:20,2,10:40,4
SCH-071-LSN-0004,SCH-071,TCH-00937,overworked_generalist,PHE,SS1B,ROOM-SS1B,1,Wednesday,10:40,14:20,5,10:40,1.42
SCH-071-LSN-0005,SCH-071,TCH-00937,overworked_generalist,CRS,JSS2B,ROOM-JSS2B,1,Thursday,9:20,13:00,5,9:20,1.45
SCH-071-LSN-0006,SCH-071,TCH-00937,overworked_generalist,PHE,SS3A,ROOM-SS3A,1,Tuesday,8:40,12:20,5,8:40,1.38
SCH-071-LSN-0007,SCH-071,TCH-00937,overworked_generalist,CRS,JSS1A,ROOM-JSS1A,1,Friday,8:40,12:20,5,8:40,1.48
SCH-071-LSN-0008,SCH-071,TCH-00938,overworked_generalist,PHE,SS2A,ROOM-SS2A,1,Wednesday,8:40,10:40,3,8:40,1.43
SCH-071-LSN-0009,SCH-071,TCH-00938,overworked_generalist,CRS,JSS2B,ROOM-JSS2B,1,Monday,8:40,10:40,3,8:40,1.48
SCH-071-LSN-0010,SCH-071,TCH-00938,overworked_generalist,Basic Technology,SS3A,ROOM-SS3A,0,Thursday,8:00,10:00,3,8:00,1.31
SCH-071-LSN-0011,SCH-071,TCH-00938,overworked_generalist,CRS,JSS1B,ROOM-JSS1B,1,Tuesday,11:40,13:40,3,11:40,1.44
SCH-071-LSN-0012,SCH-071,TCH-00938,overworked_generalist,CRS,SS3B,ROOM-SS3B,1,Thursday,12:20,14:20,3,12:20,1.45
SCH-071-LSN-0013,SCH-071,TCH-00938,overworked_generalist,CRS,SS3B,ROOM-SS3B,1,Tuesday,8:00,10:00,3,8:00,1.47
SCH-071-LSN-0014,SCH-071,TCH-00939,overworked_generalist,Basic Technology,JSS2B,ROOM-JSS2B,0,Tuesday,9:20,12:20,4,9:20,1.47
SCH-071-LSN-0015,SCH-071,TCH-00939,overworked_generalist,Basic Technology,SS1A,ROOM-SS1A,0,Wednesday,8:00,10:40,4,8:00,1.5
SCH-071-LSN-0016,SCH-071,TCH-00939,overworked_generalist,Basic Technology,SS3A,ROOM-SS3A,0,Wednesday,11:40,14:20,4,11:40,1.24
SCH-071-LSN-0017,SCH-071,TCH-00939,overworked_generalist,CRS,SS1A,ROOM-SS1A,1,Thursday,11:40,14:20,4,11:40,1.46
SCH-071-LSN-0018,SCH-071,TCH-00939,overworked_generalist,Basic Technology,SS1A,ROOM-SS1A,0,Monday,8:00,10:40,4,8:00,1.15
SCH-071-LSN-0019,SCH-071,TCH-00939,overworked_generalist,CRS,SS2B,ROOM-SS2B,1,Thursday,8:00,10:40,4,8:00,1.08
SCH-071-LSN-0020,SCH-071,TCH-00939,overworked_generalist,CRS,JSS2A,ROOM-JSS2A,1,Monday,10:40,13:40,4,10:40,1.48
SCH-071-LSN-0021,SCH-071,TCH-00939,overworked_generalist,Basic Technology,SS2A,ROOM-SS2A,0,Friday,9:20,12:20,4,9:20,1.37
SCH-071-LSN-0022,SCH-071,TCH-00940,veteran_staff_room_boss,Further Mathematics,SS1B,ROOM-SS1B,1,Monday,8:40,10:00,2,8:40,4
SCH-071-LSN-0023,SCH-071,TCH-00940,veteran_staff_room_boss,Biology,SS3A,SCI-LAB-01,1,Wednesday,8:40,10:00,2,8:40,4
SCH-071-LSN-0024,SCH-071,TCH-00940,veteran_staff_room_boss,Biology,SS3A,SCI-LAB-01,1,Wednesday,10:00,11:20,2,10:00,4
SCH-071-LSN-0025,SCH-071,TCH-00940,veteran_staff_room_boss,Further Mathematics,SS3A,ROOM-SS3A,1,Thursday,10:00,11:20,2,10:00,4
SCH-071-LSN-0026,SCH-071,TCH-00940,veteran_staff_room_boss,Further Mathematics,SS2A,ROOM-SS2A,1,Monday,10:00,11:20,2,10:00,4
SCH-071-LSN-0027,SCH-071,TCH-00940,veteran_staff_room_boss,Biology,SS1B,SCI-LAB-01,1,Tuesday,8:40,10:00,2,8:40,4
SCH-071-LSN-0028,SCH-071,TCH-00940,veteran_staff_room_boss,Further Mathematics,SS2A,ROOM-SS2A,1,Tuesday,10:00,11:20,2,10:00,4
SCH-071-LSN-0029,SCH-071,TCH-00940,veteran_staff_room_boss,Biology,SS1A,SCI-LAB-01,1,Friday,8:40,10:00,2,8:40,4
SCH-071-LSN-0030,SCH-071,TCH-00941,hustling_subject_specialist,Physics,SS3B,SCI-LAB-01,1,Monday,8:00,9:20,2,8:00,4
SCH-071-LSN-0031,SCH-071,TCH-00941,hustling_subject_specialist,Physics,SS1A,SCI-LAB-01,1,Tuesday,10:00,11:20,2,10:00,4
SCH-071-LSN-0032,SCH-071,TCH-00942,nysc_corper,Civic Education,JSS3A,ROOM-JSS3A,1,Monday,13:00,13:40,1,13:00,4.5
SCH-071-LSN-0033,SCH-071,TCH-00942,nysc_corper,Basic Science,JSS3A,ROOM-JSS3A,1,Monday,13:40,14:20,1,13:40,4.5
SCH-071-LSN-0034,SCH-071,TCH-00942,nysc_corper,Basic Science,JSS2A,ROOM-JSS2A,1,Tuesday,13:00,13:40,1,13:00,4.5
SCH-071-LSN-0035,SCH-071,TCH-00942,nysc_corper,Civic Education,JSS1A,ROOM-JSS1A,1,Tuesday,13:40,14:20,1,13:40,4.5
SCH-071-LSN-0036,SCH-071,TCH-00943,hustling_subject_specialist,Physics,SS2B,SCI-LAB-01,1,Tuesday,10:00,11:20,2,10:00,4
SCH-071-LSN-0037,SCH-071,TCH-00943,hustling_subject_specialist,Economics,SS2A,ROOM-SS2A,1,Tuesday,8:00,9:20,2,8:00,4
SCH-071-LSN-0038,SCH-071,TCH-00943,hustling_subject_specialist,Economics,SS3A,ROOM-SS3A,1,Thursday,11:40,13:00,2,11:40,0
SCH-071-LSN-0039,SCH-071,TCH-00943,hustling_subject_specialist,Physics,SS1A,SCI-LAB-01,1,Thursday,8:00,9:20,2,8:00,4
SCH-071-LSN-0040,SCH-071,TCH-00943,hustling_subject_specialist,Physics,SS2A,SCI-LAB-01,1,Thursday,9:20,10:40,2,9:20,4
SCH-071-LSN-0041,SCH-071,TCH-00943,hustling_subject_specialist,Physics,SS2A,SCI-LAB-01,1,Tuesday,11:40,13:00,2,11:40,0
SCH-071-LSN-0042,SCH-071,TCH-00944,overworked_generalist,CRS,JSS2A,ROOM-JSS2A,1,Wednesday,10:00,13:40,5,10:00,1.49
SCH-071-LSN-0043,SCH-071,TCH-00944,overworked_generalist,Basic Technology,SS2B,ROOM-SS2B,0,Friday,8:40,12:20,5,8:40,1.45
SCH-071-LSN-0044,SCH-071,TCH-00944,overworked_generalist,Basic Technology,JSS1B,ROOM-JSS1B,0,Thursday,8:00,11:20,5,8:00,1.42
SCH-071-LSN-0045,SCH-071,TCH-00944,overworked_generalist,Basic Technology,JSS1A,ROOM-JSS1A,0,Monday,10:00,13:40,5,10:00,1.33
SCH-071-LSN-0046,SCH-071,TCH-00944,overworked_generalist,CRS,JSS1A,ROOM-JSS1A,1,Tuesday,8:00,11:20,5,8:00,1.39
SCH-071-LSN-0047,SCH-071,TCH-00945,overworked_generalist,PHE,SS3A,ROOM-SS3A,1,Friday,8:00,10:00,3,8:00,1.4
SCH-071-LSN-0048,SCH-071,TCH-00945,overworked_generalist,PHE,SS2B,ROOM-SS2B,1,Tuesday,11:40,13:40,3,11:40,1.47
SCH-071-LSN-0049,SCH-071,TCH-00945,overworked_generalist,CRS,SS2A,ROOM-SS2A,1,Thursday,11:40,13:40,3,11:40,1.45
SCH-071-LSN-0050,SCH-071,TCH-00945,overworked_generalist,PHE,JSS1B,ROOM-JSS1B,1,Monday,10:40,13:00,3,10:40,1.44
SCH-071-LSN-0051,SCH-071,TCH-00945,overworked_generalist,PHE,SS2A,ROOM-SS2A,1,Monday,8:00,10:00,3,8:00,1.42
SCH-071-LSN-0052,SCH-071,TCH-00945,overworked_generalist,PHE,JSS2A,ROOM-JSS2A,1,Thursday,8:00,10:00,3,8:00,1.42
SCH-071-LSN-0053,SCH-071,TCH-00945,overworked_generalist,PHE,JSS3B,ROOM-JSS3B,1,Wednesday,11:40,13:40,3,11:40,1.49
SCH-071-LSN-0054,SCH-071,TCH-00945,overworked_generalist,PHE,SS1B,ROOM-SS1B,1,Wednesday,8:40,10:40,3,8:40,0.99
SCH-071-LSN-0055,SCH-071,TCH-00946,nysc_corper,Civic Education,JSS2B,ROOM-JSS2B,1,Monday,13:00,13:40,1,13:00,4.5
SCH-071-LSN-0056,SCH-071,TCH-00946,nysc_corper,Basic Science,JSS3A,ROOM-JSS3A,1,Tuesday,13:00,13:40,1,13:00,4.5
SCH-071-LSN-0057,SCH-071,TCH-00946,nysc_corper,Civic Education,JSS1A,ROOM-JSS1A,1,Monday,13:40,14:20,1,13:40,4.5
SCH-071-LSN-0058,SCH-071,TCH-00946,nysc_corper,Civic Education,JSS2A,ROOM-JSS2A,1,Tuesday,13:40,14:20,1,13:40,4.5
SCH-071-LSN-0059,SCH-071,TCH-00946,nysc_corper,Civic Education,JSS1A,ROOM-JSS1A,1,Wednesday,13:00,13:40,1,13:00,4.5
SCH-071-LSN-0060,SCH-071,TCH-00946,nysc_corper,Civic Education,JSS3A,ROOM-JSS3A,1,Wednesday,13:40,14:20,1,13:40,4.5
SCH-071-LSN-0061,SCH-071,TCH-00946,nysc_corper,Civic Education,JSS3B,ROOM-JSS3B,1,Monday,8:00,8:40,1,8:00,0
SCH-071-LSN-0062,SCH-071,TCH-00946,nysc_corper,Basic Science,JSS3B,ROOM-JSS3B,1,Monday,8:40,9:20,1,8:40,0
SCH-071-LSN-0063,SCH-071,TCH-00947,nysc_corper,Civic Education,JSS1A,ROOM-JSS1A,1,Tuesday,13:00,13:40,1,13:00,4.5
SCH-071-LSN-0064,SCH-071,TCH-00947,nysc_corper,Civic Education,JSS1A,ROOM-JSS1A,1,Thursday,13:00,13:40,1,13:00,4.5
SCH-071-LSN-0065,SCH-071,TCH-00947,nysc_corper,Civic Education,JSS3A,ROOM-JSS3A,1,Tuesday,13:40,14:20,1,13:40,4.5
SCH-071-LSN-0066,SCH-071,TCH-00948,overworked_generalist,CRS,SS1A,ROOM-SS1A,1,Wednesday,10:40,14:20,5,10:40,0.56
SCH-071-LSN-0067,SCH-071,TCH-00948,overworked_generalist,PHE,JSS3B,ROOM-JSS3B,1,Tuesday,10:00,13:40,5,10:00,1.44
SCH-071-LSN-0068,SCH-071,TCH-00948,overworked_generalist,PHE,JSS1B,ROOM-JSS1B,1,Friday,8:40,12:20,5,8:40,1.19
SCH-071-LSN-0069,SCH-071,TCH-00948,overworked_generalist,Basic Technology,JSS3A,WORKSHOP-01,1,Thursday,10:40,14:20,5,10:40,1.41
SCH-071-LSN-0070,SCH-071,TCH-00948,overworked_generalist,Basic Technology,SS3B,ROOM-SS3B,0,Monday,10:00,13:40,5,10:00,1.5
SCH-071-LSN-0071,SCH-071,TCH-00949,nysc_corper,Civic Education,JSS3A,ROOM-JSS3A,1,Wednesday,13:00,13:40,1,13:00,4.5
SCH-071-LSN-0072,SCH-071,TCH-00949,nysc_corper,Basic Science,JSS3B,ROOM-JSS3B,1,Monday,13:00,13:40,1,13:00,4.5
SCH-071-LSN-0073,SCH-071,TCH-00949,nysc_corper,Basic Science,JSS2A,ROOM-JSS2A,1,Monday,13:40,14:20,1,13:40,4.5
SCH-071-LSN-0074,SCH-071,TCH-00949,nysc_corper,Basic Science,JSS1B,ROOM-JSS1B,1,Tuesday,13:40,14:20,1,13:40,4.5
SCH-071-LSN-0075,SCH-071,TCH-00950,veteran_staff_room_boss,Further Mathematics,SS1A,ROOM-SS1A,1,Tuesday,8:40,9:20,1,8:40,4
SCH-071-LSN-0076,SCH-071,TCH-00950,veteran_staff_room_boss,Chemistry,SS1B,SCI-LAB-01,1,Friday,10:00,10:40,1,10:00,4
SCH-071-LSN-0077,SCH-071,TCH-00950,veteran_staff_room_boss,Further Mathematics,SS2A,ROOM-SS2A,1,Tuesday,9:20,10:00,1,9:20,4
SCH-071-LSN-0078,SCH-071,TCH-00950,veteran_staff_room_boss,Chemistry,SS1B,SCI-LAB-01,1,Wednesday,8:00,8:40,1,8:00,0
SCH-071-LSN-0079,SCH-071,TCH-00950,veteran_staff_room_boss,Chemistry,SS1B,SCI-LAB-01,1,Thursday,10:40,11:20,1,10:40,0
SCH-071-LSN-0080,SCH-071,TCH-00950,veteran_staff_room_boss,Further Mathematics,SS1A,ROOM-SS1A,1,Tuesday,11:40,12:20,1,11:40,0
SCH-072-LSN-0001,SCH-072,TCH-00951,overworked_generalist,CRS,SS1A,ROOM-SS1A,1,Tuesday,11:40,13:40,3,11:40,1.48
SCH-072-LSN-0002,SCH-072,TCH-00951,overworked_generalist,PHE,SS2B,ROOM-SS2B,1,Thursday,8:40,10:40,3,8:40,1.5
SCH-072-LSN-0003,SCH-072,TCH-00951,overworked_generalist,CRS,JSS1B,ROOM-JSS1B,1,Wednesday,12:20,14:20,3,12:20,1.5
SCH-072-LSN-0004,SCH-072,TCH-00951,overworked_generalist,PHE,JSS3B,ROOM-JSS3B,1,Monday,11:40,13:40,3,11:40,1.44
SCH-072-LSN-0005,SCH-072,TCH-00952,overworked_generalist,PHE,JSS2A,ROOM-JSS2A,1,Thursday,10:00,13:40,5,10:00,1.47
SCH-072-LSN-0006,SCH-072,TCH-00952,overworked_generalist,CRS,JSS1B,ROOM-JSS1B,1,Tuesday,10:40,14:20,5,10:40,1.41
SCH-072-LSN-0007,SCH-072,TCH-00952,overworked_generalist,PHE,JSS1B,ROOM-JSS1B,1,Wednesday,8:00,11:20,5,8:00,1.16
SCH-072-LSN-0008,SCH-072,TCH-00952,overworked_generalist,Basic Technology,JSS1B,ROOM-JSS1B,0,Friday,8:00,11:20,5,8:00,1.44
SCH-072-LSN-0009,SCH-072,TCH-00952,overworked_generalist,CRS,JSS1A,ROOM-JSS1A,1,Monday,9:20,13:00,5,9:20,1.18
SCH-072-LSN-0010,SCH-072,TCH-00953,nysc_corper,Basic Science,JSS2B,ROOM-JSS2B,1,Tuesday,13:00,13:40,1,13:00,4.5
SCH-072-LSN-0011,SCH-072,TCH-00953,nysc_corper,Basic Science,JSS2B,ROOM-JSS2B,1,Tuesday,13:40,14:20,1,13:40,4.5
SCH-072-LSN-0012,SCH-072,TCH-00953,nysc_corper,Basic Science,JSS1A,ROOM-JSS1A,1,Wednesday,13:00,13:40,1,13:00,4.5
SCH-072-LSN-0013,SCH-072,TCH-00954,nysc_corper,Basic Science,JSS2A,ROOM-JSS2A,1,Monday,13:00,13:40,1,13:00,4.5
SCH-072-LSN-0014,SCH-072,TCH-00954,nysc_corper,Basic Science,JSS2A,ROOM-JSS2A,1,Monday,13:40,14:20,1,13:40,4.5
SCH-072-LSN-0015,SCH-072,TCH-00954,nysc_corper,Basic Science,JSS3B,ROOM-JSS3B,1,Tuesday,13:00,13:40,1,13:00,4.5
SCH-072-LSN-0016,SCH-072,TCH-00954,nysc_corper,Basic Science,JSS1A,ROOM-JSS1A,1,Tuesday,13:40,14:20,1,13:40,4.5
SCH-072-LSN-0017,SCH-072,TCH-00955,nysc_corper,Civic Education,JSS2B,ROOM-JSS2B,1,Monday,13:00,13:40,1,13:00,4.5
SCH-072-LSN-0018,SCH-072,TCH-00955,nysc_corper,Basic Science,JSS2B,ROOM-JSS2B,1,Monday,13:40,14:20,1,13:40,4.5
SCH-072-LSN-0019,SCH-072,TCH-00955,nysc_corper,Civic Education,JSS3A,ROOM-JSS3A,1,Wednesday,13:00,13:40,1,13:00,4.5
SCH-072-LSN-0020,SCH-072,TCH-00955,nysc_corper,Basic Science,JSS2A,ROOM-JSS2A,1,Wednesday,13:40,14:20,1,13:40,4.5
SCH-072-LSN-0021,SCH-072,TCH-00955,nysc_corper,Basic Science,JSS2B,ROOM-JSS2B,1,Thursday,13:00,13:40,1,13:00,4.5
SCH-072-LSN-0022,SCH-072,TCH-00955,nysc_corper,Basic Science,JSS3B,ROOM-JSS3B,1,Thursday,13:40,14:20,1,13:40,4.5
SCH-072-LSN-0023,SCH-072,TCH-00955,nysc_corper,Civic Education,JSS3A,ROOM-JSS3A,1,Monday,8:00,8:40,1,8:00,0
SCH-072-LSN-0024,SCH-072,TCH-00955,nysc_corper,Civic Education,JSS2A,ROOM-JSS2A,1,Monday,8:40,9:20,1,8:40,0
SCH-072-LSN-0025,SCH-072,TCH-00956,overworked_generalist,PHE,JSS2A,ROOM-JSS2A,1,Friday,8:40,10:40,3,8:40,1.49
SCH-072-LSN-0026,SCH-072,TCH-00956,overworked_generalist,Basic Technology,JSS2A,WORKSHOP-01,1,Monday,9:20,11:20,3,9:20,1.44
SCH-072-LSN-0027,SCH-072,TCH-00956,overworked_generalist,Basic Technology,SS2A,ROOM-SS2A,0,Thursday,9:20,11:20,3,9:20,1.5
SCH-072-LSN-0028,SCH-072,TCH-00956,overworked_generalist,PHE,SS3B,ROOM-SS3B,1,Tuesday,8:40,10:40,3,8:40,1.46
SCH-072-LSN-0029,SCH-072,TCH-00956,overworked_generalist,CRS,SS2B,ROOM-SS2B,1,Tuesday,10:40,13:00,3,10:40,1.44
SCH-072-LSN-0030,SCH-072,TCH-00956,overworked_generalist,PHE,JSS1B,ROOM-JSS1B,1,Monday,12:20,14:20,3,12:20,1.18
SCH-072-LSN-0031,SCH-072,TCH-00956,overworked_generalist,Basic Technology,SS1B,ROOM-SS1B,0,Wednesday,12:20,14:20,3,12:20,1.45
SCH-072-LSN-0032,SCH-072,TCH-00956,overworked_generalist,CRS,JSS2A,ROOM-JSS2A,1,Wednesday,8:00,10:00,3,8:00,1.09
SCH-072-LSN-0033,SCH-072,TCH-00956,overworked_generalist,PHE,JSS2B,ROOM-JSS2B,1,Wednesday,10:00,12:20,3,10:00,1.38
SCH-072-LSN-0034,SCH-072,TCH-00956,overworked_generalist,Basic Technology,SS1B,ROOM-SS1B,0,Thursday,12:20,14:20,3,12:20,1.29
SCH-072-LSN-0035,SCH-072,TCH-00957,overworked_generalist,CRS,JSS1B,ROOM-JSS1B,1,Thursday,10:00,13:40,5,10:00,1.22
SCH-072-LSN-0036,SCH-072,TCH-00957,overworked_generalist,CRS,JSS1A,ROOM-JSS1A,1,Tuesday,8:00,11:20,5,8:00,1.25
SCH-072-LSN-0037,SCH-072,TCH-00957,overworked_generalist,PHE,SS2A,ROOM-SS2A,1,Monday,9:20,13:00,5,9:20,1.38
SCH-072-LSN-0038,SCH-072,TCH-00957,overworked_generalist,CRS,SS2B,ROOM-SS2B,1,Friday,8:00,11:20,5,8:00,1.23
SCH-072-LSN-0039,SCH-072,TCH-00957,overworked_generalist,PHE,JSS3B,ROOM-JSS3B,1,Wednesday,8:40,12:20,5,8:40,1.15
SCH-072-LSN-0040,SCH-072,TCH-00958,overworked_generalist,Basic Technology,JSS1A,WORKSHOP-01,1,Wednesday,8:40,12:20,5,8:40,1.44
SCH-072-LSN-0041,SCH-072,TCH-00958,overworked_generalist,CRS,SS1A,ROOM-SS1A,1,Friday,8:40,12:20,5,8:40,1.43
SCH-072-LSN-0042,SCH-072,TCH-00958,overworked_generalist,CRS,JSS3A,ROOM-JSS3A,1,Monday,9:20,13:00,5,9:20,1.47
SCH-072-LSN-0043,SCH-072,TCH-00958,overworked_generalist,PHE,JSS3A,ROOM-JSS3A,1,Thursday,8:40,12:20,5,8:40,1.4
SCH-072-LSN-0044,SCH-072,TCH-00958,overworked_generalist,PHE,JSS2A,ROOM-JSS2A,1,Tuesday,8:40,12:20,5,8:40,1.47
SCH-072-LSN-0045,SCH-072,TCH-00959,nysc_corper,Civic Education,JSS3B,ROOM-JSS3B,1,Monday,13:40,14:20,1,13:40,4.5
SCH-072-LSN-0046,SCH-072,TCH-00959,nysc_corper,Civic Education,JSS2A,ROOM-JSS2A,1,Tuesday,13:00,13:40,1,13:00,4.5
SCH-072-LSN-0047,SCH-072,TCH-00959,nysc_corper,Civic Education,JSS1A,ROOM-JSS1A,1,Monday,13:00,13:40,1,13:00,4.5
SCH-072-LSN-0048,SCH-072,TCH-00959,nysc_corper,Civic Education,JSS2B,ROOM-JSS2B,1,Wednesday,13:00,13:40,1,13:00,4.5
SCH-072-LSN-0049,SCH-072,TCH-00960,hustling_subject_specialist,Further Mathematics,SS1A,ROOM-SS1A,1,Tuesday,8:00,10:00,3,8:00,4
SCH-072-LSN-0050,SCH-072,TCH-00960,hustling_subject_specialist,Further Mathematics,SS1B,ROOM-SS1B,1,Tuesday,10:00,12:20,3,10:00,4
SCH-072-LSN-0051,SCH-072,TCH-00961,veteran_staff_room_boss,Physics,SS3B,SCI-LAB-01,1,Monday,8:40,10:00,2,8:40,4
SCH-072-LSN-0052,SCH-072,TCH-00961,veteran_staff_room_boss,Physics,SS1B,SCI-LAB-01,1,Monday,10:00,11:20,2,10:00,4
SCH-072-LSN-0053,SCH-072,TCH-00961,veteran_staff_room_boss,Physics,SS3B,SCI-LAB-01,1,Wednesday,8:40,10:00,2,8:40,4
SCH-072-LSN-0054,SCH-072,TCH-00961,veteran_staff_room_boss,Chemistry,SS3B,SCI-LAB-01,1,Wednesday,10:00,11:20,2,10:00,4
SCH-072-LSN-0055,SCH-072,TCH-00961,veteran_staff_room_boss,Chemistry,SS3A,SCI-LAB-01,1,Tuesday,8:40,10:00,2,8:40,4
SCH-072-LSN-0056,SCH-072,TCH-00961,veteran_staff_room_boss,Physics,SS1A,SCI-LAB-01,1,Tuesday,10:00,11:20,2,10:00,4
SCH-072-LSN-0057,SCH-072,TCH-00962,nysc_corper,Basic Science,JSS2A,ROOM-JSS2A,1,Tuesday,13:40,14:20,1,13:40,4.5
SCH-072-LSN-0058,SCH-072,TCH-00962,nysc_corper,Basic Science,JSS3A,ROOM-JSS3A,1,Monday,13:00,13:40,1,13:00,4.5
SCH-072-LSN-0059,SCH-072,TCH-00963,overworked_generalist,PHE,JSS1A,ROOM-JSS1A,1,Friday,8:00,10:40,4,8:00,1.34
SCH-072-LSN-0060,SCH-072,TCH-00963,overworked_generalist,CRS,SS3A,ROOM-SS3A,1,Thursday,11:40,14:20,4,11:40,1.44
SCH-072-LSN-0061,SCH-072,TCH-00963,overworked_generalist,PHE,JSS3B,ROOM-JSS3B,1,Thursday,8:40,11:20,4,8:40,1.35
SCH-072-LSN-0062,SCH-072,TCH-00963,overworked_generalist,PHE,JSS3A,ROOM-JSS3A,1,Wednesday,8:40,11:20,4,8:40,1.33
SCH-072-LSN-0063,SCH-072,TCH-00964,nysc_corper,Basic Science,JSS3B,ROOM-JSS3B,1,Tuesday,13:40,14:20,1,13:40,4.5
SCH-072-LSN-0064,SCH-072,TCH-00964,nysc_corper,Basic Science,JSS3A,ROOM-JSS3A,1,Tuesday,13:00,13:40,1,13:00,4.5
SCH-072-LSN-0065,SCH-072,TCH-00964,nysc_corper,Basic Science,JSS2B,ROOM-JSS2B,1,Wednesday,13:40,14:20,1,13:40,4.5
SCH-072-LSN-0066,SCH-072,TCH-00964,nysc_corper,Civic Education,JSS2B,ROOM-JSS2B,1,Thursday,13:40,14:20,1,13:40,4.5
SCH-072-LSN-0067,SCH-072,TCH-00964,nysc_corper,Basic Science,JSS3B,ROOM-JSS3B,1,Wednesday,13:00,13:40,1,13:00,4.5
SCH-072-LSN-0068,SCH-072,TCH-00964,nysc_corper,Civic Education,JSS2B,ROOM-JSS2B,1,Tuesday,8:00,8:40,1,8:00,0
SCH-072-LSN-0069,SCH-072,TCH-00964,nysc_corper,Civic Education,JSS3B,ROOM-JSS3B,1,Thursday,13:00,13:40,1,13:00,4.5
SCH-072-LSN-0070,SCH-072,TCH-00964,nysc_corper,Civic Education,JSS3A,ROOM-JSS3A,1,Tuesday,8:40,9:20,1,8:40,0
SCH-072-LSN-0071,SCH-072,TCH-00965,nysc_corper,Civic Education,JSS3A,ROOM-JSS3A,1,Monday,13:40,14:20,1,13:40,4.5
SCH-072-LSN-0072,SCH-072,TCH-00965,nysc_corper,Basic Science,JSS2A,ROOM-JSS2A,1,Wednesday,13:00,13:40,1,13:00,4.5
SCH-072-LSN-0073,SCH-072,TCH-00965,nysc_corper,Civic Education,JSS2A,ROOM-JSS2A,1,Thursday,13:40,14:20,1,13:40,4.5
SCH-072-LSN-0074,SCH-072,TCH-00965,nysc_corper,Basic Science,JSS2B,ROOM-JSS2B,1,Monday,8:00,8:40,1,8:00,0
SCH-073-LSN-0001,SCH-073,TCH-00966,overworked_generalist,Basic Technology,SS3A,ROOM-SS3A,0,Tuesday,10:40,14:20,5,10:40,1.5
SCH-073-LSN-0002,SCH-073,TCH-00966,overworked_generalist,Basic Technology,SS1A,WORKSHOP-01,1,Thursday,8:40,12:20,5,8:40,1.49
SCH-073-LSN-0003,SCH-073,TCH-00966,overworked_generalist,Basic Technology,JSS2B,ROOM-JSS2B,0,Monday,8:00,11:20,5,8:00,1.43
SCH-073-LSN-0004,SCH-073,TCH-00966,overworked_generalist,Basic Technology,SS1A,WORKSHOP-01,1,Wednesday,8:40,12:20,5,8:40,1.41
SCH-073-LSN-0005,SCH-073,TCH-00967,nysc_corper,Basic Science,JSS3B,ROOM-JSS3B,1,Monday,13:00,13:40,1,13:00,4.5
SCH-073-LSN-0006,SCH-073,TCH-00967,nysc_corper,Basic Science,JSS3B,ROOM-JSS3B,1,Monday,13:40,14:20,1,13:40,4.5
SCH-073-LSN-0007,SCH-073,TCH-00968,nysc_corper,Basic Science,JSS2B,ROOM-JSS2B,1,Monday,13:00,13:40,1,13:00,4.5
SCH-073-LSN-0008,SCH-073,TCH-00968,nysc_corper,Civic Education,JSS1B,ROOM-JSS1B,1,Monday,13:40,14:20,1,13:40,4.5
SCH-073-LSN-0009,SCH-073,TCH-00968,nysc_corper,Civic Education,JSS3B,ROOM-JSS3B,1,Tuesday,13:00,13:40,1,13:00,4.5
SCH-073-LSN-0010,SCH-073,TCH-00968,nysc_corper,Basic Science,JSS2B,ROOM-JSS2B,1,Tuesday,13:40,14:20,1,13:40,4.5
SCH-073-LSN-0011,SCH-073,TCH-00969,hustling_subject_specialist,Physics,SS3B,SCI-LAB-01,1,Tuesday,8:00,9:20,2,8:00,4
SCH-073-LSN-0012,SCH-073,TCH-00969,hustling_subject_specialist,Physics,SS1B,SCI-LAB-01,1,Tuesday,9:20,10:40,2,9:20,4
SCH-073-LSN-0013,SCH-073,TCH-00969,hustling_subject_specialist,Physics,SS1A,SCI-LAB-01,1,Tuesday,10:40,12:20,2,10:40,4
SCH-073-LSN-0014,SCH-073,TCH-00969,hustling_subject_specialist,Physics,SS1B,SCI-LAB-01,1,Thursday,8:00,9:20,2,8:00,4
SCH-073-LSN-0015,SCH-073,TCH-00970,overworked_generalist,PHE,SS3A,ROOM-SS3A,1,Wednesday,10:00,13:40,5,10:00,1.34
SCH-073-LSN-0016,SCH-073,TCH-00970,overworked_generalist,PHE,JSS2B,ROOM-JSS2B,1,Thursday,8:00,11:20,5,8:00,1.49
SCH-073-LSN-0017,SCH-073,TCH-00970,overworked_generalist,PHE,JSS2A,ROOM-JSS2A,1,Monday,8:00,11:20,5,8:00,1.25
SCH-073-LSN-0018,SCH-073,TCH-00970,overworked_generalist,PHE,JSS2A,ROOM-JSS2A,1,Tuesday,8:00,11:20,5,8:00,1.5
SCH-073-LSN-0019,SCH-073,TCH-00970,overworked_generalist,PHE,JSS1A,ROOM-JSS1A,1,Friday,8:40,12:20,5,8:40,0.98
SCH-073-LSN-0020,SCH-073,TCH-00971,overworked_generalist,Basic Technology,SS1A,ROOM-SS1A,0,Monday,9:20,13:00,5,9:20,1.21
SCH-073-LSN-0021,SCH-073,TCH-00971,overworked_generalist,Basic Technology,SS2A,WORKSHOP-01,1,Thursday,9:20,13:00,5,9:20,1.41
SCH-073-LSN-0022,SCH-073,TCH-00971,overworked_generalist,CRS,JSS3A,ROOM-JSS3A,1,Wednesday,8:00,11:20,5,8:00,1.44
SCH-073-LSN-0023,SCH-073,TCH-00971,overworked_generalist,CRS,JSS2B,ROOM-JSS2B,1,Tuesday,10:00,13:40,5,10:00,1.48
SCH-073-LSN-0024,SCH-073,TCH-00971,overworked_generalist,Basic Technology,SS2A,ROOM-SS2A,0,Friday,8:00,11:20,5,8:00,0.94
SCH-073-LSN-0025,SCH-073,TCH-00972,nysc_corper,Basic Science,JSS2B,ROOM-JSS2B,1,Wednesday,13:00,13:40,1,13:00,4.5
SCH-073-LSN-0026,SCH-073,TCH-00972,nysc_corper,Basic Science,JSS3A,ROOM-JSS3A,1,Tuesday,13:00,13:40,1,13:00,4.5
SCH-073-LSN-0027,SCH-073,TCH-00973,overworked_generalist,PHE,SS2A,ROOM-SS2A,1,Monday,9:20,13:00,5,9:20,1.45
SCH-073-LSN-0028,SCH-073,TCH-00973,overworked_generalist,PHE,JSS1B,ROOM-JSS1B,1,Wednesday,10:40,14:20,5,10:40,1.39
SCH-073-LSN-0029,SCH-073,TCH-00973,overworked_generalist,CRS,SS2A,ROOM-SS2A,1,Tuesday,10:00,13:40,5,10:00,1.16
SCH-073-LSN-0030,SCH-073,TCH-00973,overworked_generalist,PHE,JSS3A,ROOM-JSS3A,1,Friday,8:00,11:20,5,8:00,1.47
SCH-073-LSN-0031,SCH-073,TCH-00974,veteran_staff_room_boss,Biology,SS3A,SCI-LAB-01,1,Monday,8:40,10:00,2,8:40,4
SCH-073-LSN-0032,SCH-073,TCH-00974,veteran_staff_room_boss,Biology,SS2B,SCI-LAB-01,1,Monday,10:00,11:20,2,10:00,4
SCH-073-LSN-0033,SCH-073,TCH-00974,veteran_staff_room_boss,Biology,SS2B,SCI-LAB-01,1,Wednesday,8:40,10:00,2,8:40,4
SCH-073-LSN-0034,SCH-073,TCH-00974,veteran_staff_room_boss,Physics,SS3B,SCI-LAB-01,1,Tuesday,9:20,10:40,2,9:20,4
SCH-073-LSN-0035,SCH-073,TCH-00974,veteran_staff_room_boss,Biology,SS2B,SCI-LAB-01,1,Wednesday,10:00,11:20,2,10:00,4
SCH-073-LSN-0036,SCH-073,TCH-00974,veteran_staff_room_boss,Biology,SS1B,SCI-LAB-01,1,Thursday,9:20,10:40,2,9:20,4
SCH-073-LSN-0037,SCH-073,TCH-00974,veteran_staff_room_boss,Physics,SS3B,SCI-LAB-01,1,Friday,8:40,10:00,2,8:40,4
SCH-073-LSN-0038,SCH-073,TCH-00974,veteran_staff_room_boss,Physics,SS2A,SCI-LAB-01,1,Wednesday,11:40,13:00,2,11:40,0
SCH-073-LSN-0039,SCH-073,TCH-00975,veteran_staff_room_boss,Chemistry,SS1A,SCI-LAB-01,1,Friday,10:00,11:20,2,10:00,4
SCH-073-LSN-0040,SCH-073,TCH-00975,veteran_staff_room_boss,Chemistry,SS1B,SCI-LAB-01,1,Monday,11:40,13:00,2,11:40,0
SCH-073-LSN-0041,SCH-073,TCH-00975,veteran_staff_room_boss,Chemistry,SS1A,SCI-LAB-01,1,Monday,13:00,14:20,2,13:00,-5
SCH-073-LSN-0042,SCH-073,TCH-00976,overworked_generalist,Basic Technology,JSS3B,ROOM-JSS3B,0,Thursday,11:40,13:40,3,11:40,1.46
SCH-073-LSN-0043,SCH-073,TCH-00976,overworked_generalist,Basic Technology,JSS1B,ROOM-JSS1B,0,Tuesday,10:40,13:00,3,10:40,1.45
SCH-073-LSN-0044,SCH-073,TCH-00976,overworked_generalist,PHE,JSS3A,ROOM-JSS3A,1,Monday,10:00,12:20,3,10:00,1.38
SCH-073-LSN-0045,SCH-073,TCH-00976,overworked_generalist,PHE,SS3A,ROOM-SS3A,1,Tuesday,8:40,10:40,3,8:40,1.46
SCH-074-LSN-0001,SCH-074,TCH-00977,hustling_subject_specialist,Economics,SS1A,ROOM-SS1A,1,Monday,8:00,9:20,2,8:00,4
SCH-074-LSN-0002,SCH-074,TCH-00977,hustling_subject_specialist,Economics,SS3A,ROOM-SS3A,1,Monday,9:20,10:40,2,9:20,4
SCH-074-LSN-0003,SCH-074,TCH-00978,veteran_staff_room_boss,Physics,SS3B,SCI-LAB-01,1,Monday,8:40,9:20,1,8:40,4
SCH-074-LSN-0004,SCH-074,TCH-00978,veteran_staff_room_boss,Further Mathematics,SS3B,ROOM-SS3B,1,Monday,9:20,10:00,1,9:20,4
SCH-074-LSN-0005,SCH-074,TCH-00978,veteran_staff_room_boss,Further Mathematics,SS3B,ROOM-SS3B,1,Monday,10:00,10:40,1,10:00,4
SCH-074-LSN-0006,SCH-074,TCH-00978,veteran_staff_room_boss,Further Mathematics,SS2A,ROOM-SS2A,1,Tuesday,8:40,9:20,1,8:40,4
SCH-074-LSN-0007,SCH-074,TCH-00979,overworked_generalist,CRS,SS1A,ROOM-SS1A,1,Thursday,9:20,11:20,3,9:20,1.48
SCH-074-LSN-0008,SCH-074,TCH-00979,overworked_generalist,CRS,JSS3B,ROOM-JSS3B,1,Monday,10:40,13:00,3,10:40,1.45
SCH-074-LSN-0009,SCH-074,TCH-00979,overworked_generalist,Basic Technology,JSS1A,ROOM-JSS1A,0,Friday,9:20,11:20,3,9:20,1.48
SCH-074-LSN-0010,SCH-074,TCH-00979,overworked_generalist,CRS,SS2A,ROOM-SS2A,1,Wednesday,10:00,12:20,3,10:00,1.49
SCH-074-LSN-0011,SCH-074,TCH-00980,nysc_corper,Basic Science,JSS2A,ROOM-JSS2A,1,Monday,13:00,13:40,1,13:00,4.5
SCH-074-LSN-0012,SCH-074,TCH-00980,nysc_corper,Basic Science,JSS3B,ROOM-JSS3B,1,Monday,13:40,14:20,1,13:40,4.5
SCH-074-LSN-0013,SCH-074,TCH-00981,overworked_generalist,CRS,SS1A,ROOM-SS1A,1,Tuesday,10:40,14:20,5,10:40,1.45
SCH-074-LSN-0014,SCH-074,TCH-00981,overworked_generalist,CRS,SS2A,ROOM-SS2A,1,Thursday,8:00,11:20,5,8:00,1.5
SCH-074-LSN-0015,SCH-074,TCH-00981,overworked_generalist,CRS,SS2B,ROOM-SS2B,1,Friday,8:00,11:20,5,8:00,1.37
SCH-074-LSN-0016,SCH-074,TCH-00981,overworked_generalist,Basic Technology,SS3A,ROOM-SS3A,0,Monday,10:40,14:20,5,10:40,1.41
SCH-074-LSN-0017,SCH-074,TCH-00981,overworked_generalist,Basic Technology,JSS3A,ROOM-JSS3A,0,Wednesday,10:00,13:40,5,10:00,1.5
SCH-074-LSN-0018,SCH-074,TCH-00982,overworked_generalist,Basic Technology,JSS2A,WORKSHOP-01,1,Thursday,10:40,13:00,3,10:40,1.45
SCH-074-LSN-0019,SCH-074,TCH-00982,overworked_generalist,CRS,JSS1B,ROOM-JSS1B,1,Wednesday,10:40,13:00,3,10:40,1.38
SCH-074-LSN-0020,SCH-074,TCH-00982,overworked_generalist,PHE,SS1B,ROOM-SS1B,1,Thursday,8:00,10:00,3,8:00,1.3
SCH-074-LSN-0021,SCH-074,TCH-00982,overworked_generalist,Basic Technology,JSS3A,ROOM-JSS3A,0,Tuesday,9:20,11:20,3,9:20,1.49
SCH-074-LSN-0022,SCH-074,TCH-00982,overworked_generalist,Basic Technology,SS1B,ROOM-SS1B,0,Monday,11:40,13:40,3,11:40,1.5
SCH-074-LSN-0023,SCH-074,TCH-00982,overworked_generalist,Basic Technology,SS1B,ROOM-SS1B,0,Wednesday,8:40,10:40,3,8:40,1.48
SCH-074-LSN-0024,SCH-074,TCH-00982,overworked_generalist,PHE,SS3B,ROOM-SS3B,1,Friday,8:40,10:40,3,8:40,1.37
SCH-074-LSN-0025,SCH-074,TCH-00982,overworked_generalist,PHE,JSS1B,ROOM-JSS1B,1,Monday,8:00,10:00,3,8:00,1.14
SCH-074-LSN-0026,SCH-074,TCH-00982,overworked_generalist,PHE,JSS1A,ROOM-JSS1A,1,Tuesday,11:40,13:40,3,11:40,1.03
SCH-074-LSN-0027,SCH-074,TCH-00983,overworked_generalist,CRS,SS2A,ROOM-SS2A,1,Monday,10:40,13:40,4,10:40,1.46
SCH-074-LSN-0028,SCH-074,TCH-00983,overworked_generalist,Basic Technology,SS3B,ROOM-SS3B,0,Wednesday,8:40,11:20,4,8:40,1.3
SCH-074-LSN-0029,SCH-074,TCH-00983,overworked_generalist,Basic Technology,SS1B,WORKSHOP-01,1,Friday,8:00,10:40,4,8:00,1.29
SCH-074-LSN-0030,SCH-074,TCH-00983,overworked_generalist,PHE,JSS2B,ROOM-JSS2B,1,Thursday,8:40,11:20,4,8:40,1.47
SCH-074-LSN-0031,SCH-074,TCH-00983,overworked_generalist,Basic Technology,JSS3B,ROOM-JSS3B,0,Tuesday,8:00,10:40,4,8:00,1.23
SCH-074-LSN-0032,SCH-074,TCH-00983,overworked_generalist,Basic Technology,SS3B,ROOM-SS3B,0,Wednesday,11:40,14:20,4,11:40,1.1
SCH-074-LSN-0033,SCH-074,TCH-00983,overworked_generalist,PHE,JSS1A,ROOM-JSS1A,1,Monday,8:00,10:40,4,8:00,0.97
SCH-074-LSN-0034,SCH-074,TCH-00983,overworked_generalist,CRS,JSS3B,ROOM-JSS3B,1,Tuesday,11:40,14:20,4,11:40,0.7
SCH-074-LSN-0035,SCH-074,TCH-00983,overworked_generalist,CRS,SS1A,ROOM-SS1A,1,Thursday,11:40,14:20,4,11:40,0.69
SCH-074-LSN-0036,SCH-074,TCH-00984,veteran_staff_room_boss,Biology,SS2B,SCI-LAB-01,1,Monday,9:20,10:00,1,9:20,4
SCH-074-LSN-0037,SCH-074,TCH-00984,veteran_staff_room_boss,Biology,SS2B,SCI-LAB-01,1,Monday,10:00,10:40,1,10:00,4
SCH-074-LSN-0038,SCH-074,TCH-00984,veteran_staff_room_boss,Physics,SS1A,SCI-LAB-01,1,Tuesday,8:40,9:20,1,8:40,4
SCH-074-LSN-0039,SCH-074,TCH-00984,veteran_staff_room_boss,Physics,SS3B,SCI-LAB-01,1,Tuesday,9:20,10:00,1,9:20,4
SCH-074-LSN-0040,SCH-074,TCH-00985,hustling_subject_specialist,Economics,SS3A,ROOM-SS3A,1,Thursday,8:00,10:00,3,8:00,4
SCH-074-LSN-0041,SCH-074,TCH-00985,hustling_subject_specialist,Economics,SS1B,ROOM-SS1B,1,Monday,8:00,10:00,3,8:00,4
SCH-074-LSN-0042,SCH-074,TCH-00985,hustling_subject_specialist,Economics,SS2B,ROOM-SS2B,1,Monday,10:40,13:00,3,10:40,4
SCH-074-LSN-0043,SCH-074,TCH-00986,hustling_subject_specialist,Further Mathematics,SS3B,ROOM-SS3B,1,Thursday,8:00,10:00,3,8:00,4
SCH-074-LSN-0044,SCH-074,TCH-00986,hustling_subject_specialist,Further Mathematics,SS1A,ROOM-SS1A,1,Wednesday,8:00,10:00,3,8:00,4
SCH-074-LSN-0045,SCH-074,TCH-00986,hustling_subject_specialist,Physics,SS1A,SCI-LAB-01,1,Wednesday,10:00,12:20,3,10:00,4
SCH-074-LSN-0046,SCH-074,TCH-00986,hustling_subject_specialist,Further Mathematics,SS3B,ROOM-SS3B,1,Thursday,10:00,12:20,3,10:00,4
SCH-074-LSN-0047,SCH-074,TCH-00987,hustling_subject_specialist,Economics,SS3A,ROOM-SS3A,1,Wednesday,8:00,10:00,3,8:00,4
SCH-074-LSN-0048,SCH-074,TCH-00987,hustling_subject_specialist,Economics,SS1A,ROOM-SS1A,1,Wednesday,12:20,14:20,3,12:20,-4
SCH-074-LSN-0049,SCH-074,TCH-00987,hustling_subject_specialist,Economics,SS2B,ROOM-SS2B,1,Wednesday,10:00,12:20,3,10:00,4
SCH-075-LSN-0001,SCH-075,TCH-00988,hustling_subject_specialist,Economics,SS3A,ROOM-SS3A,1,Monday,8:00,10:00,3,8:00,4
SCH-075-LSN-0002,SCH-075,TCH-00988,hustling_subject_specialist,Economics,SS1A,ROOM-SS1A,1,Monday,10:00,12:20,3,10:00,4
SCH-075-LSN-0003,SCH-075,TCH-00988,hustling_subject_specialist,Further Mathematics,SS2B,ROOM-SS2B,1,Tuesday,8:00,10:00,3,8:00,4
SCH-075-LSN-0004,SCH-075,TCH-00988,hustling_subject_specialist,Economics,SS1B,ROOM-SS1B,1,Tuesday,10:00,12:20,3,10:00,4
SCH-075-LSN-0005,SCH-075,TCH-00988,hustling_subject_specialist,Economics,SS1A,ROOM-SS1A,1,Monday,12:20,14:20,3,12:20,-4
SCH-075-LSN-0006,SCH-075,TCH-00988,hustling_subject_specialist,Further Mathematics,SS2B,ROOM-SS2B,1,Tuesday,12:20,14:20,3,12:20,-4
SCH-075-LSN-0007,SCH-075,TCH-00989,nysc_corper,Civic Education,JSS3A,ROOM-JSS3A,1,Monday,13:00,13:40,1,13:00,4.5
SCH-075-LSN-0008,SCH-075,TCH-00989,nysc_corper,Civic Education,JSS1A,ROOM-JSS1A,1,Monday,13:40,14:20,1,13:40,4.5
SCH-075-LSN-0009,SCH-075,TCH-00989,nysc_corper,Civic Education,JSS1A,ROOM-JSS1A,1,Wednesday,13:00,13:40,1,13:00,4.5
SCH-075-LSN-0010,SCH-075,TCH-00989,nysc_corper,Civic Education,JSS2B,ROOM-JSS2B,1,Wednesday,13:40,14:20,1,13:40,4.5
SCH-075-LSN-0011,SCH-075,TCH-00990,hustling_subject_specialist,Economics,SS3A,ROOM-SS3A,1,Monday,10:00,12:20,3,10:00,4
SCH-075-LSN-0012,SCH-075,TCH-00990,hustling_subject_specialist,Economics,SS1A,ROOM-SS1A,1,Monday,8:00,10:00,3,8:00,4
SCH-075-LSN-0013,SCH-075,TCH-00991,veteran_staff_room_boss,Physics,SS3A,SCI-LAB-01,1,Tuesday,8:40,10:00,2,8:40,4
SCH-075-LSN-0014,SCH-075,TCH-00991,veteran_staff_room_boss,Physics,SS2A,SCI-LAB-01,1,Monday,8:40,10:00,2,8:40,4
SCH-075-LSN-0015,SCH-075,TCH-00991,veteran_staff_room_boss,Physics,SS2B,SCI-LAB-01,1,Monday,10:00,11:20,2,10:00,4
SCH-075-LSN-0016,SCH-075,TCH-00991,veteran_staff_room_boss,Chemistry,SS1A,SCI-LAB-01,1,Tuesday,10:00,11:20,2,10:00,4
SCH-075-LSN-0017,SCH-075,TCH-00991,veteran_staff_room_boss,Physics,SS1B,SCI-LAB-01,1,Wednesday,8:40,10:00,2,8:40,4
SCH-075-LSN-0018,SCH-075,TCH-00991,veteran_staff_room_boss,Chemistry,SS2A,SCI-LAB-01,1,Wednesday,10:00,11:20,2,10:00,4
SCH-075-LSN-0019,SCH-075,TCH-00991,veteran_staff_room_boss,Physics,SS1B,SCI-LAB-01,1,Thursday,8:40,10:00,2,8:40,4
SCH-075-LSN-0020,SCH-075,TCH-00991,veteran_staff_room_boss,Physics,SS2A,SCI-LAB-01,1,Thursday,10:00,11:20,2,10:00,4
SCH-075-LSN-0021,SCH-075,TCH-00992,nysc_corper,Basic Science,JSS1A,ROOM-JSS1A,1,Monday,13:00,13:40,1,13:00,4.5
SCH-075-LSN-0022,SCH-075,TCH-00992,nysc_corper,Basic Science,JSS3A,ROOM-JSS3A,1,Monday,13:40,14:20,1,13:40,4.5
SCH-075-LSN-0023,SCH-075,TCH-00992,nysc_corper,Basic Science,JSS1A,ROOM-JSS1A,1,Wednesday,13:40,14:20,1,13:40,4.5
SCH-075-LSN-0024,SCH-075,TCH-00992,nysc_corper,Basic Science,JSS1B,ROOM-JSS1B,1,Wednesday,13:00,13:40,1,13:00,4.5
SCH-075-LSN-0025,SCH-075,TCH-00993,overworked_generalist,CRS,JSS1B,ROOM-JSS1B,1,Wednesday,8:00,10:00,3,8:00,1.47
SCH-075-LSN-0026,SCH-075,TCH-00993,overworked_generalist,PHE,SS1B,ROOM-SS1B,1,Tuesday,12:20,14:20,3,12:20,1.41
SCH-075-LSN-0027,SCH-075,TCH-00993,overworked_generalist,PHE,SS3A,ROOM-SS3A,1,Thursday,9:20,11:20,3,9:20,1.49
SCH-075-LSN-0028,SCH-075,TCH-00993,overworked_generalist,CRS,JSS3A,ROOM-JSS3A,1,Wednesday,11:40,13:40,3,11:40,1.44
SCH-075-LSN-0029,SCH-075,TCH-00994,veteran_staff_room_boss,Chemistry,SS3A,SCI-LAB-01,1,Tuesday,10:00,10:40,1,10:00,4
SCH-075-LSN-0030,SCH-075,TCH-00994,veteran_staff_room_boss,Further Mathematics,SS3B,ROOM-SS3B,1,Monday,8:40,9:20,1,8:40,4
SCH-075-LSN-0031,SCH-075,TCH-00994,veteran_staff_room_boss,Further Mathematics,SS1B,ROOM-SS1B,1,Monday,9:20,10:00,1,9:20,4
SCH-075-LSN-0032,SCH-075,TCH-00994,veteran_staff_room_boss,Further Mathematics,SS2B,ROOM-SS2B,1,Wednesday,8:40,9:20,1,8:40,4
SCH-075-LSN-0033,SCH-075,TCH-00995,hustling_subject_specialist,Further Mathematics,SS1B,ROOM-SS1B,1,Monday,10:00,12:20,3,10:00,4
SCH-075-LSN-0034,SCH-075,TCH-00995,hustling_subject_specialist,Physics,SS1B,SCI-LAB-01,1,Thursday,10:00,12:20,3,10:00,4
SCH-075-LSN-0035,SCH-075,TCH-00995,hustling_subject_specialist,Further Mathematics,SS1A,ROOM-SS1A,1,Thursday,8:00,10:00,3,8:00,4
SCH-075-LSN-0036,SCH-075,TCH-00995,hustling_subject_specialist,Physics,SS1A,SCI-LAB-01,1,Thursday,12:20,14:20,3,12:20,-4
SCH-075-LSN-0037,SCH-075,TCH-00995,hustling_subject_specialist,Further Mathematics,SS2B,ROOM-SS2B,1,Monday,8:00,10:00,3,8:00,4
SCH-075-LSN-0038,SCH-075,TCH-00996,nysc_corper,Basic Science,JSS3B,ROOM-JSS3B,1,Monday,13:00,13:40,1,13:00,4.5
SCH-075-LSN-0039,SCH-075,TCH-00996,nysc_corper,Basic Science,JSS1A,ROOM-JSS1A,1,Tuesday,13:00,13:40,1,13:00,4.5
SCH-075-LSN-0040,SCH-075,TCH-00996,nysc_corper,Basic Science,JSS2B,ROOM-JSS2B,1,Monday,13:40,14:20,1,13:40,4.5
SCH-075-LSN-0041,SCH-075,TCH-00997,veteran_staff_room_boss,Biology,SS2B,SCI-LAB-01,1,Friday,8:40,9:20,1,8:40,4
SCH-075-LSN-0042,SCH-075,TCH-00997,veteran_staff_room_boss,Biology,SS2B,SCI-LAB-01,1,Friday,9:20,10:00,1,9:20,4
SCH-075-LSN-0043,SCH-075,TCH-00998,veteran_staff_room_boss,Chemistry,SS3B,SCI-LAB-01,1,Tuesday,10:00,11:20,2,10:00,4
SCH-075-LSN-0044,SCH-075,TCH-00998,veteran_staff_room_boss,Chemistry,SS2A,SCI-LAB-01,1,Friday,10:00,11:20,2,10:00,4
SCH-075-LSN-0045,SCH-075,TCH-00998,veteran_staff_room_boss,Chemistry,SS3A,SCI-LAB-01,1,Wednesday,10:00,11:20,2,10:00,4
SCH-075-LSN-0046,SCH-075,TCH-00998,veteran_staff_room_boss,Chemistry,SS1A,SCI-LAB-01,1,Tuesday,11:40,13:00,2,11:40,0
SCH-075-LSN-0047,SCH-075,TCH-00999,nysc_corper,Basic Science,JSS1A,ROOM-JSS1A,1,Tuesday,13:40,14:20,1,13:40,4.5
SCH-075-LSN-0048,SCH-075,TCH-00999,nysc_corper,Basic Science,JSS2A,ROOM-JSS2A,1,Monday,13:00,13:40,1,13:00,4.5
SCH-075-LSN-0049,SCH-075,TCH-00999,nysc_corper,Basic Science,JSS1A,ROOM-JSS1A,1,Monday,8:00,8:40,1,8:00,0
SCH-075-LSN-0050,SCH-075,TCH-00999,nysc_corper,Civic Education,JSS2B,ROOM-JSS2B,1,Tuesday,13:00,13:40,1,13:00,4.5
SCH-075-LSN-0051,SCH-075,TCH-01000,overworked_generalist,CRS,JSS2B,ROOM-JSS2B,1,Wednesday,8:00,10:40,4,8:00,1.43
SCH-075-LSN-0052,SCH-075,TCH-01000,overworked_generalist,Basic Technology,JSS2A,ROOM-JSS2A,0,Thursday,11:40,14:20,4,11:40,1.4
SCH-075-LSN-0053,SCH-075,TCH-01000,overworked_generalist,CRS,JSS3A,ROOM-JSS3A,1,Thursday,8:00,10:40,4,8:00,1.44
SCH-075-LSN-0054,SCH-075,TCH-01000,overworked_generalist,Basic Technology,SS1B,ROOM-SS1B,0,Wednesday,11:40,14:20,4,11:40,1.46
SCH-075-LSN-0055,SCH-075,TCH-01000,overworked_generalist,PHE,JSS2B,ROOM-JSS2B,1,Tuesday,8:40,11:20,4,8:40,1.48
SCH-075-LSN-0056,SCH-075,TCH-01000,overworked_generalist,Basic Technology,JSS3A,ROOM-JSS3A,0,Friday,8:00,10:40,4,8:00,1.4
SCH-075-LSN-0057,SCH-075,TCH-01000,overworked_generalist,PHE,JSS2B,ROOM-JSS2B,1,Monday,8:00,10:40,4,8:00,1.45
SCH-075-LSN-0058,SCH-075,TCH-01000,overworked_generalist,PHE,SS3A,ROOM-SS3A,1,Tuesday,11:40,14:20,4,11:40,0.98
SCH-075-LSN-0059,SCH-075,TCH-01000,overworked_generalist,Basic Technology,SS3B,ROOM-SS3B,0,Monday,11:40,14:20,4,11:40,0.83
SCH-076-LSN-0001,SCH-076,TCH-01001,overworked_generalist,Basic Technology,JSS3B,WORKSHOP-01,1,Thursday,10:40,13:00,3,10:40,1.47
SCH-076-LSN-0002,SCH-076,TCH-01001,overworked_generalist,CRS,JSS3A,ROOM-JSS3A,1,Thursday,8:40,10:40,3,8:40,1.5
SCH-076-LSN-0003,SCH-076,TCH-01001,overworked_generalist,Basic Technology,SS1A,ROOM-SS1A,0,Tuesday,9:20,11:20,3,9:20,1.48
SCH-076-LSN-0004,SCH-076,TCH-01001,overworked_generalist,CRS,SS1B,ROOM-SS1B,1,Wednesday,10:40,13:00,3,10:40,1.49
SCH-076-LSN-0005,SCH-076,TCH-01001,overworked_generalist,Basic Technology,SS3B,ROOM-SS3B,0,Monday,10:40,13:00,3,10:40,1.45
SCH-076-LSN-0006,SCH-076,TCH-01001,overworked_generalist,PHE,JSS1B,ROOM-JSS1B,1,Tuesday,11:40,13:40,3,11:40,1.45
SCH-076-LSN-0007,SCH-076,TCH-01001,overworked_generalist,CRS,JSS1A,ROOM-JSS1A,1,Friday,8:40,10:40,3,8:40,1.42
SCH-076-LSN-0008,SCH-076,TCH-01001,overworked_generalist,Basic Technology,JSS2B,ROOM-JSS2B,0,Wednesday,8:00,10:00,3,8:00,1.31
SCH-076-LSN-0009,SCH-076,TCH-01001,overworked_generalist,Basic Technology,JSS1B,ROOM-JSS1B,0,Monday,8:00,10:00,3,8:00,0.9
SCH-076-LSN-0010,SCH-076,TCH-01002,overworked_generalist,PHE,JSS1B,ROOM-JSS1B,1,Wednesday,8:00,11:20,5,8:00,1.29
SCH-076-LSN-0011,SCH-076,TCH-01002,overworked_generalist,PHE,JSS2A,ROOM-JSS2A,1,Tuesday,9:20,13:00,5,9:20,1.45
SCH-076-LSN-0012,SCH-076,TCH-01002,overworked_generalist,CRS,SS3B,ROOM-SS3B,1,Thursday,10:40,14:20,5,10:40,1.35
SCH-076-LSN-0013,SCH-076,TCH-01002,overworked_generalist,PHE,SS2A,ROOM-SS2A,1,Monday,9:20,13:00,5,9:20,1.5
SCH-076-LSN-0014,SCH-076,TCH-01002,overworked_generalist,PHE,SS2B,ROOM-SS2B,1,Friday,8:40,12:20,5,8:40,1.16
SCH-076-LSN-0015,SCH-076,TCH-01003,overworked_generalist,Basic Technology,SS3B,ROOM-SS3B,0,Wednesday,8:00,11:20,5,8:00,1.48
SCH-076-LSN-0016,SCH-076,TCH-01003,overworked_generalist,Basic Technology,SS1A,ROOM-SS1A,0,Friday,8:00,11:20,5,8:00,1.29
SCH-076-LSN-0017,SCH-076,TCH-01003,overworked_generalist,Basic Technology,JSS2A,ROOM-JSS2A,0,Monday,10:40,14:20,5,10:40,1.33
SCH-076-LSN-0018,SCH-076,TCH-01003,overworked_generalist,Basic Technology,JSS2B,ROOM-JSS2B,0,Tuesday,10:00,13:40,5,10:00,1.43
SCH-076-LSN-0019,SCH-076,TCH-01004,overworked_generalist,PHE,SS1B,ROOM-SS1B,1,Thursday,8:00,11:20,5,8:00,1.42
SCH-076-LSN-0020,SCH-076,TCH-01004,overworked_generalist,PHE,JSS1B,ROOM-JSS1B,1,Friday,8:00,11:20,5,8:00,1.26
SCH-076-LSN-0021,SCH-076,TCH-01004,overworked_generalist,CRS,JSS3A,ROOM-JSS3A,1,Tuesday,8:00,11:20,5,8:00,1.38
SCH-076-LSN-0022,SCH-076,TCH-01004,overworked_generalist,PHE,JSS3A,ROOM-JSS3A,1,Monday,10:40,14:20,5,10:40,1.49
SCH-076-LSN-0023,SCH-076,TCH-01005,hustling_subject_specialist,Economics,SS1B,ROOM-SS1B,1,Wednesday,8:00,10:00,3,8:00,4
SCH-076-LSN-0024,SCH-076,TCH-01005,hustling_subject_specialist,Economics,SS2A,ROOM-SS2A,1,Wednesday,10:00,12:20,3,10:00,4
SCH-076-LSN-0025,SCH-076,TCH-01005,hustling_subject_specialist,Economics,SS1A,ROOM-SS1A,1,Thursday,8:00,10:00,3,8:00,4
SCH-076-LSN-0026,SCH-076,TCH-01006,nysc_corper,Basic Science,JSS1A,ROOM-JSS1A,1,Monday,13:00,13:40,1,13:00,4.5
SCH-076-LSN-0027,SCH-076,TCH-01006,nysc_corper,Basic Science,JSS1B,ROOM-JSS1B,1,Monday,13:40,14:20,1,13:40,4.5
SCH-076-LSN-0028,SCH-076,TCH-01007,overworked_generalist,CRS,SS3B,ROOM-SS3B,1,Friday,8:00,10:40,4,8:00,1.36
SCH-076-LSN-0029,SCH-076,TCH-01007,overworked_generalist,CRS,JSS3A,ROOM-JSS3A,1,Thursday,10:40,13:40,4,10:40,1.49
SCH-076-LSN-0030,SCH-076,TCH-01007,overworked_generalist,CRS,SS2B,ROOM-SS2B,1,Thursday,8:00,10:40,4,8:00,1.42
SCH-076-LSN-0031,SCH-076,TCH-01007,overworked_generalist,CRS,SS3A,ROOM-SS3A,1,Tuesday,11:40,14:20,4,11:40,1.35
SCH-076-LSN-0032,SCH-076,TCH-01008,hustling_subject_specialist,Economics,SS2A,ROOM-SS2A,1,Monday,8:00,9:20,2,8:00,4
SCH-076-LSN-0033,SCH-076,TCH-01008,hustling_subject_specialist,Further Mathematics,SS1B,ROOM-SS1B,1,Monday,9:20,10:40,2,9:20,4
SCH-076-LSN-0034,SCH-076,TCH-01008,hustling_subject_specialist,Economics,SS2B,ROOM-SS2B,1,Monday,10:40,12:20,2,10:40,4
SCH-076-LSN-0035,SCH-076,TCH-01008,hustling_subject_specialist,Economics,SS3B,ROOM-SS3B,1,Thursday,8:00,9:20,2,8:00,4
SCH-076-LSN-0036,SCH-076,TCH-01008,hustling_subject_specialist,Further Mathematics,SS2A,ROOM-SS2A,1,Thursday,9:20,10:40,2,9:20,4
SCH-076-LSN-0037,SCH-076,TCH-01008,hustling_subject_specialist,Economics,SS3B,ROOM-SS3B,1,Monday,13:00,14:20,2,13:00,-4
SCH-076-LSN-0038,SCH-076,TCH-01008,hustling_subject_specialist,Economics,SS2A,ROOM-SS2A,1,Thursday,10:40,12:20,2,10:40,4
SCH-076-LSN-0039,SCH-076,TCH-01009,veteran_staff_room_boss,Chemistry,SS2A,SCI-LAB-01,1,Tuesday,8:40,10:00,2,8:40,4
SCH-076-LSN-0040,SCH-076,TCH-01009,veteran_staff_room_boss,Chemistry,SS3B,SCI-LAB-01,1,Monday,8:40,10:00,2,8:40,4
SCH-076-LSN-0041,SCH-076,TCH-01010,overworked_generalist,Basic Technology,SS2A,WORKSHOP-01,1,Friday,8:00,11:20,5,8:00,1.18
SCH-076-LSN-0042,SCH-076,TCH-01010,overworked_generalist,PHE,JSS3A,ROOM-JSS3A,1,Wednesday,9:20,13:00,5,9:20,1.34
SCH-076-LSN-0043,SCH-076,TCH-01010,overworked_generalist,PHE,JSS1A,ROOM-JSS1A,1,Tuesday,9:20,13:00,5,9:20,1.41
SCH-076-LSN-0044,SCH-076,TCH-01010,overworked_generalist,CRS,JSS1B,ROOM-JSS1B,1,Thursday,8:00,11:20,5,8:00,1.45
SCH-076-LSN-0045,SCH-076,TCH-01010,overworked_generalist,CRS,JSS2B,ROOM-JSS2B,1,Monday,10:00,13:40,5,10:00,1.25
SCH-077-LSN-0001,SCH-077,TCH-01011,hustling_subject_specialist,Physics,SS2B,SCI-LAB-01,1,Tuesday,8:00,9:20,2,8:00,4
SCH-077-LSN-0002,SCH-077,TCH-01011,hustling_subject_specialist,Economics,SS2B,ROOM-SS2B,1,Tuesday,9:20,10:40,2,9:20,4
SCH-077-LSN-0003,SCH-077,TCH-01011,hustling_subject_specialist,Economics,SS3A,ROOM-SS3A,1,Tuesday,10:40,12:20,2,10:40,4
SCH-077-LSN-0004,SCH-077,TCH-01011,hustling_subject_specialist,Physics,SS1A,SCI-LAB-01,1,Wednesday,8:00,9:20,2,8:00,4
SCH-077-LSN-0005,SCH-077,TCH-01011,hustling_subject_specialist,Economics,SS3B,ROOM-SS3B,1,Wednesday,9:20,10:40,2,9:20,4
SCH-077-LSN-0006,SCH-077,TCH-01011,hustling_subject_specialist,Economics,SS2B,ROOM-SS2B,1,Wednesday,10:40,12:20,2,10:40,4
SCH-077-LSN-0007,SCH-077,TCH-01012,hustling_subject_specialist,Further Mathematics,SS1B,ROOM-SS1B,1,Monday,8:00,9:20,2,8:00,4
SCH-077-LSN-0008,SCH-077,TCH-01012,hustling_subject_specialist,Further Mathematics,SS2B,ROOM-SS2B,1,Monday,9:20,10:40,2,9:20,4
SCH-077-LSN-0009,SCH-077,TCH-01012,hustling_subject_specialist,Further Mathematics,SS3A,ROOM-SS3A,1,Monday,10:40,12:20,2,10:40,4
SCH-077-LSN-0010,SCH-077,TCH-01012,hustling_subject_specialist,Further Mathematics,SS2B,ROOM-SS2B,1,Tuesday,10:40,12:20,2,10:40,4
SCH-077-LSN-0011,SCH-077,TCH-01013,overworked_generalist,Basic Technology,SS2A,ROOM-SS2A,0,Tuesday,11:40,14:20,4,11:40,1.49
SCH-077-LSN-0012,SCH-077,TCH-01013,overworked_generalist,PHE,SS3B,ROOM-SS3B,1,Monday,8:00,10:40,4,8:00,1.49
SCH-077-LSN-0013,SCH-077,TCH-01013,overworked_generalist,PHE,SS2A,ROOM-SS2A,1,Monday,10:40,13:40,4,10:40,1.49
SCH-077-LSN-0014,SCH-077,TCH-01013,overworked_generalist,Basic Technology,JSS1B,ROOM-JSS1B,0,Thursday,8:00,10:40,4,8:00,1.35
SCH-077-LSN-0015,SCH-077,TCH-01013,overworked_generalist,Basic Technology,SS2B,ROOM-SS2B,0,Friday,8:00,10:40,4,8:00,1.24
SCH-077-LSN-0016,SCH-077,TCH-01013,overworked_generalist,PHE,JSS3B,ROOM-JSS3B,1,Wednesday,11:40,14:20,4,11:40,1.31
SCH-077-LSN-0017,SCH-077,TCH-01014,hustling_subject_specialist,Economics,SS3A,ROOM-SS3A,1,Monday,8:00,9:20,2,8:00,4
SCH-077-LSN-0018,SCH-077,TCH-01014,hustling_subject_specialist,Economics,SS3A,ROOM-SS3A,1,Monday,9:20,10:40,2,9:20,4
SCH-077-LSN-0019,SCH-077,TCH-01014,hustling_subject_specialist,Economics,SS2B,ROOM-SS2B,1,Monday,10:40,12:20,2,10:40,4
SCH-077-LSN-0020,SCH-077,TCH-01015,hustling_subject_specialist,Further Mathematics,SS2A,ROOM-SS2A,1,Tuesday,8:00,10:00,3,8:00,4
SCH-077-LSN-0021,SCH-077,TCH-01015,hustling_subject_specialist,Further Mathematics,SS3A,ROOM-SS3A,1,Thursday,8:00,10:00,3,8:00,4
SCH-077-LSN-0022,SCH-077,TCH-01015,hustling_subject_specialist,Further Mathematics,SS3B,ROOM-SS3B,1,Tuesday,10:00,12:20,3,10:00,4
SCH-077-LSN-0023,SCH-077,TCH-01015,hustling_subject_specialist,Further Mathematics,SS1B,ROOM-SS1B,1,Thursday,10:00,12:20,3,10:00,4
SCH-077-LSN-0024,SCH-077,TCH-01016,overworked_generalist,PHE,SS3B,ROOM-SS3B,1,Monday,10:40,13:00,3,10:40,1.31
SCH-077-LSN-0025,SCH-077,TCH-01016,overworked_generalist,PHE,SS1B,ROOM-SS1B,1,Wednesday,8:40,10:40,3,8:40,1.47
SCH-077-LSN-0026,SCH-077,TCH-01016,overworked_generalist,PHE,SS3B,ROOM-SS3B,1,Friday,8:40,10:40,3,8:40,1.46
SCH-077-LSN-0027,SCH-077,TCH-01016,overworked_generalist,CRS,SS1B,ROOM-SS1B,1,Tuesday,12:20,14:20,3,12:20,1.41
SCH-077-LSN-0028,SCH-077,TCH-01016,overworked_generalist,PHE,SS3B,ROOM-SS3B,1,Tuesday,8:00,10:00,3,8:00,1.49
SCH-077-LSN-0029,SCH-077,TCH-01016,overworked_generalist,CRS,SS3B,ROOM-SS3B,1,Wednesday,10:40,13:00,3,10:40,1.49
SCH-077-LSN-0030,SCH-077,TCH-01017,overworked_generalist,PHE,SS1A,ROOM-SS1A,1,Friday,8:00,11:20,5,8:00,1.43
SCH-077-LSN-0031,SCH-077,TCH-01017,overworked_generalist,Basic Technology,SS1B,ROOM-SS1B,0,Tuesday,8:40,12:20,5,8:40,1.34
SCH-077-LSN-0032,SCH-077,TCH-01017,overworked_generalist,Basic Technology,JSS2B,ROOM-JSS2B,0,Thursday,8:40,12:20,5,8:40,1.46
SCH-077-LSN-0033,SCH-077,TCH-01017,overworked_generalist,PHE,SS1B,ROOM-SS1B,1,Monday,9:20,13:00,5,9:20,1.05
SCH-077-LSN-0034,SCH-077,TCH-01017,overworked_generalist,Basic Technology,JSS1B,ROOM-JSS1B,0,Wednesday,8:00,11:20,5,8:00,1.29
SCH-077-LSN-0035,SCH-077,TCH-01018,overworked_generalist,PHE,SS1A,ROOM-SS1A,1,Thursday,8:00,10:00,3,8:00,1.48
SCH-077-LSN-0036,SCH-077,TCH-01018,overworked_generalist,CRS,JSS2A,ROOM-JSS2A,1,Monday,8:40,10:40,3,8:40,1.48
SCH-077-LSN-0037,SCH-077,TCH-01018,overworked_generalist,PHE,SS2B,ROOM-SS2B,1,Tuesday,12:20,14:20,3,12:20,1.41
SCH-077-LSN-0038,SCH-077,TCH-01018,overworked_generalist,PHE,SS2A,ROOM-SS2A,1,Thursday,11:40,13:40,3,11:40,1.37
SCH-077-LSN-0039,SCH-077,TCH-01018,overworked_generalist,Basic Technology,JSS3A,ROOM-JSS3A,0,Wednesday,10:40,13:00,3,10:40,1.49
SCH-077-LSN-0040,SCH-077,TCH-01018,overworked_generalist,Basic Technology,SS1A,ROOM-SS1A,0,Tuesday,10:00,12:20,3,10:00,1.39
SCH-077-LSN-0041,SCH-077,TCH-01018,overworked_generalist,PHE,SS1B,ROOM-SS1B,1,Friday,10:00,12:20,3,10:00,1.39
SCH-077-LSN-0042,SCH-077,TCH-01018,overworked_generalist,PHE,SS1A,ROOM-SS1A,1,Monday,10:40,13:00,3,10:40,1.46
SCH-077-LSN-0043,SCH-077,TCH-01019,hustling_subject_specialist,Physics,SS2A,SCI-LAB-01,1,Monday,8:00,9:20,2,8:00,4
SCH-077-LSN-0044,SCH-077,TCH-01019,hustling_subject_specialist,Physics,SS2A,SCI-LAB-01,1,Monday,9:20,10:40,2,9:20,4
SCH-077-LSN-0045,SCH-077,TCH-01019,hustling_subject_specialist,Physics,SS2B,SCI-LAB-01,1,Thursday,8:00,9:20,2,8:00,4
SCH-077-LSN-0046,SCH-077,TCH-01019,hustling_subject_specialist,Physics,SS2A,SCI-LAB-01,1,Thursday,9:20,10:40,2,9:20,4
SCH-077-LSN-0047,SCH-077,TCH-01020,nysc_corper,Basic Science,JSS1B,ROOM-JSS1B,1,Monday,13:00,13:40,1,13:00,4.5
SCH-077-LSN-0048,SCH-077,TCH-01020,nysc_corper,Basic Science,JSS3B,ROOM-JSS3B,1,Monday,13:40,14:20,1,13:40,4.5
SCH-077-LSN-0049,SCH-077,TCH-01021,overworked_generalist,PHE,JSS2B,ROOM-JSS2B,1,Wednesday,8:00,10:00,3,8:00,1.47
SCH-077-LSN-0050,SCH-077,TCH-01021,overworked_generalist,PHE,JSS2B,ROOM-JSS2B,1,Monday,9:20,11:20,3,9:20,1.49
SCH-077-LSN-0051,SCH-077,TCH-01021,overworked_generalist,PHE,JSS3A,ROOM-JSS3A,1,Thursday,10:00,12:20,3,10:00,1.36
SCH-077-LSN-0052,SCH-077,TCH-01021,overworked_generalist,CRS,JSS1B,ROOM-JSS1B,1,Thursday,12:20,14:20,3,12:20,1.16
SCH-077-LSN-0053,SCH-077,TCH-01021,overworked_generalist,CRS,SS3A,ROOM-SS3A,1,Tuesday,8:40,10:40,3,8:40,1.44
SCH-077-LSN-0054,SCH-077,TCH-01021,overworked_generalist,PHE,SS3A,ROOM-SS3A,1,Friday,10:00,12:20,3,10:00,1.47
SCH-077-LSN-0055,SCH-077,TCH-01021,overworked_generalist,CRS,SS2B,ROOM-SS2B,1,Wednesday,12:20,14:20,3,12:20,1.05
SCH-077-LSN-0056,SCH-077,TCH-01021,overworked_generalist,CRS,SS1A,ROOM-SS1A,1,Wednesday,10:00,12:20,3,10:00,1.45
SCH-077-LSN-0057,SCH-077,TCH-01022,nysc_corper,Basic Science,JSS1A,ROOM-JSS1A,1,Tuesday,13:00,13:40,1,13:00,4.5
SCH-077-LSN-0058,SCH-077,TCH-01022,nysc_corper,Basic Science,JSS3A,ROOM-JSS3A,1,Tuesday,13:40,14:20,1,13:40,4.5
SCH-077-LSN-0059,SCH-077,TCH-01022,nysc_corper,Civic Education,JSS1A,ROOM-JSS1A,1,Wednesday,13:00,13:40,1,13:00,4.5
SCH-077-LSN-0060,SCH-077,TCH-01022,nysc_corper,Basic Science,JSS3A,ROOM-JSS3A,1,Wednesday,13:40,14:20,1,13:40,4.5
SCH-077-LSN-0061,SCH-077,TCH-01022,nysc_corper,Civic Education,JSS1B,ROOM-JSS1B,1,Tuesday,8:00,8:40,1,8:00,0
SCH-077-LSN-0062,SCH-077,TCH-01022,nysc_corper,Civic Education,JSS3B,ROOM-JSS3B,1,Thursday,13:00,13:40,1,13:00,4.5
SCH-077-LSN-0063,SCH-077,TCH-01023,overworked_generalist,Basic Technology,JSS1B,ROOM-JSS1B,0,Monday,8:40,12:20,5,8:40,1.43
SCH-077-LSN-0064,SCH-077,TCH-01023,overworked_generalist,PHE,SS1B,ROOM-SS1B,1,Wednesday,10:40,14:20,5,10:40,0.77
SCH-077-LSN-0065,SCH-077,TCH-01023,overworked_generalist,CRS,SS3A,ROOM-SS3A,1,Thursday,10:00,13:40,5,10:00,0.79
SCH-077-LSN-0066,SCH-077,TCH-01023,overworked_generalist,CRS,JSS2A,ROOM-JSS2A,1,Tuesday,8:40,12:20,5,8:40,1.28
SCH-077-LSN-0067,SCH-077,TCH-01023,overworked_generalist,Basic Technology,JSS3A,ROOM-JSS3A,0,Friday,8:40,12:20,5,8:40,0.64
SCH-077-LSN-0068,SCH-077,TCH-01024,nysc_corper,Civic Education,JSS2B,ROOM-JSS2B,1,Monday,13:00,13:40,1,13:00,4.5
SCH-077-LSN-0069,SCH-077,TCH-01024,nysc_corper,Civic Education,JSS1A,ROOM-JSS1A,1,Monday,13:40,14:20,1,13:40,4.5
SCH-077-LSN-0070,SCH-077,TCH-01024,nysc_corper,Civic Education,JSS2B,ROOM-JSS2B,1,Tuesday,13:00,13:40,1,13:00,4.5
SCH-077-LSN-0071,SCH-077,TCH-01024,nysc_corper,Civic Education,JSS1B,ROOM-JSS1B,1,Tuesday,13:40,14:20,1,13:40,4.5
SCH-078-LSN-0001,SCH-078,TCH-01025,overworked_generalist,PHE,SS3B,ROOM-SS3B,1,Wednesday,10:00,12:20,3,10:00,1.49
SCH-078-LSN-0002,SCH-078,TCH-01025,overworked_generalist,CRS,JSS2B,ROOM-JSS2B,1,Thursday,9:20,11:20,3,9:20,1.5
SCH-078-LSN-0003,SCH-078,TCH-01025,overworked_generalist,PHE,SS1B,ROOM-SS1B,1,Monday,8:40,10:40,3,8:40,1.45
SCH-078-LSN-0004,SCH-078,TCH-01025,overworked_generalist,PHE,SS2A,ROOM-SS2A,1,Tuesday,9:20,11:20,3,9:20,1.47
SCH-078-LSN-0005,SCH-078,TCH-01025,overworked_generalist,PHE,SS1A,ROOM-SS1A,1,Friday,9:20,11:20,3,9:20,1.39
SCH-078-LSN-0006,SCH-078,TCH-01025,overworked_generalist,PHE,SS1B,ROOM-SS1B,1,Monday,11:40,13:40,3,11:40,1.46
SCH-078-LSN-0007,SCH-078,TCH-01026,veteran_staff_room_boss,Further Mathematics,SS1A,ROOM-SS1A,1,Monday,8:40,9:20,1,8:40,4
SCH-078-LSN-0008,SCH-078,TCH-01026,veteran_staff_room_boss,Further Mathematics,SS1B,ROOM-SS1B,1,Tuesday,8:40,9:20,1,8:40,4
SCH-078-LSN-0009,SCH-078,TCH-01027,hustling_subject_specialist,Physics,SS1A,SCI-LAB-01,1,Wednesday,8:00,9:20,2,8:00,4
SCH-078-LSN-0010,SCH-078,TCH-01027,hustling_subject_specialist,Physics,SS1B,SCI-LAB-01,1,Wednesday,9:20,10:40,2,9:20,4
SCH-078-LSN-0011,SCH-078,TCH-01027,hustling_subject_specialist,Further Mathematics,SS1A,ROOM-SS1A,1,Wednesday,10:40,12:20,2,10:40,4
SCH-078-LSN-0012,SCH-078,TCH-01027,hustling_subject_specialist,Further Mathematics,SS1A,ROOM-SS1A,1,Thursday,8:00,9:20,2,8:00,4
SCH-078-LSN-0013,SCH-078,TCH-01027,hustling_subject_specialist,Further Mathematics,SS2A,ROOM-SS2A,1,Thursday,9:20,10:40,2,9:20,4
SCH-078-LSN-0014,SCH-078,TCH-01027,hustling_subject_specialist,Physics,SS2B,SCI-LAB-01,1,Thursday,10:40,12:20,2,10:40,4
SCH-078-LSN-0015,SCH-078,TCH-01027,hustling_subject_specialist,Physics,SS3B,SCI-LAB-01,1,Wednesday,12:20,13:40,2,12:20,-4
SCH-078-LSN-0016,SCH-078,TCH-01027,hustling_subject_specialist,Further Mathematics,SS3B,ROOM-SS3B,1,Thursday,12:20,13:40,2,12:20,-4
SCH-078-LSN-0017,SCH-078,TCH-01028,veteran_staff_room_boss,Biology,SS3B,SCI-LAB-01,1,Monday,8:40,9:20,1,8:40,4
SCH-078-LSN-0018,SCH-078,TCH-01028,veteran_staff_room_boss,Biology,SS2B,SCI-LAB-01,1,Monday,9:20,10:00,1,9:20,4
SCH-078-LSN-0019,SCH-078,TCH-01029,veteran_staff_room_boss,Physics,SS1A,SCI-LAB-01,1,Monday,10:00,10:40,1,10:00,4
SCH-078-LSN-0020,SCH-078,TCH-01029,veteran_staff_room_boss,Physics,SS2B,SCI-LAB-01,1,Tuesday,8:40,9:20,1,8:40,4
SCH-078-LSN-0021,SCH-078,TCH-01029,veteran_staff_room_boss,Physics,SS2B,SCI-LAB-01,1,Tuesday,9:20,10:00,1,9:20,4
SCH-078-LSN-0022,SCH-078,TCH-01029,veteran_staff_room_boss,Physics,SS3A,SCI-LAB-01,1,Tuesday,10:00,10:40,1,10:00,4
SCH-078-LSN-0023,SCH-078,TCH-01030,nysc_corper,Basic Science,JSS1A,ROOM-JSS1A,1,Monday,13:00,13:40,1,13:00,4.5
SCH-078-LSN-0024,SCH-078,TCH-01030,nysc_corper,Basic Science,JSS3B,ROOM-JSS3B,1,Monday,13:40,14:20,1,13:40,4.5
SCH-078-LSN-0025,SCH-078,TCH-01031,overworked_generalist,CRS,SS1A,ROOM-SS1A,1,Thursday,10:00,12:20,3,10:00,1.48
SCH-078-LSN-0026,SCH-078,TCH-01031,overworked_generalist,Basic Technology,SS3B,WORKSHOP-01,1,Monday,11:40,13:40,3,11:40,1.36
SCH-078-LSN-0027,SCH-078,TCH-01031,overworked_generalist,Basic Technology,SS3B,ROOM-SS3B,0,Tuesday,12:20,14:20,3,12:20,1.49
SCH-078-LSN-0028,SCH-078,TCH-01031,overworked_generalist,CRS,SS2B,ROOM-SS2B,1,Friday,8:40,10:40,3,8:40,1.48
SCH-078-LSN-0029,SCH-078,TCH-01032,veteran_staff_room_boss,Chemistry,SS2B,SCI-LAB-01,1,Thursday,8:40,10:00,2,8:40,4
SCH-078-LSN-0030,SCH-078,TCH-01032,veteran_staff_room_boss,Physics,SS2A,SCI-LAB-01,1,Monday,10:00,11:20,2,10:00,4
SCH-078-LSN-0031,SCH-078,TCH-01032,veteran_staff_room_boss,Physics,SS1A,SCI-LAB-01,1,Tuesday,8:40,10:00,2,8:40,4
SCH-078-LSN-0032,SCH-078,TCH-01032,veteran_staff_room_boss,Chemistry,SS2B,SCI-LAB-01,1,Monday,11:40,13:00,2,11:40,0
SCH-078-LSN-0033,SCH-078,TCH-01033,nysc_corper,Basic Science,JSS2B,ROOM-JSS2B,1,Tuesday,13:00,13:40,1,13:00,4.5
SCH-078-LSN-0034,SCH-078,TCH-01033,nysc_corper,Basic Science,JSS3A,ROOM-JSS3A,1,Tuesday,13:40,14:20,1,13:40,4.5
SCH-078-LSN-0035,SCH-078,TCH-01033,nysc_corper,Civic Education,JSS3A,ROOM-JSS3A,1,Wednesday,13:00,13:40,1,13:00,4.5
SCH-078-LSN-0036,SCH-078,TCH-01033,nysc_corper,Basic Science,JSS1B,ROOM-JSS1B,1,Wednesday,13:40,14:20,1,13:40,4.5
SCH-078-LSN-0037,SCH-078,TCH-01034,overworked_generalist,CRS,SS1B,ROOM-SS1B,1,Tuesday,11:40,14:20,4,11:40,1.44
SCH-078-LSN-0038,SCH-078,TCH-01034,overworked_generalist,CRS,JSS2A,ROOM-JSS2A,1,Monday,11:40,14:20,4,11:40,1.36
SCH-078-LSN-0039,SCH-078,TCH-01034,overworked_generalist,CRS,JSS2A,ROOM-JSS2A,1,Thursday,8:40,11:20,4,8:40,1.46
SCH-078-LSN-0040,SCH-078,TCH-01034,overworked_generalist,CRS,SS1B,ROOM-SS1B,1,Thursday,11:40,14:20,4,11:40,1.35
SCH-078-LSN-0041,SCH-078,TCH-01034,overworked_generalist,PHE,JSS2A,ROOM-JSS2A,1,Wednesday,8:00,10:40,4,8:00,1.42
SCH-078-LSN-0042,SCH-078,TCH-01035,overworked_generalist,PHE,JSS1B,ROOM-JSS1B,1,Wednesday,11:40,13:40,3,11:40,1.45
SCH-078-LSN-0043,SCH-078,TCH-01035,overworked_generalist,PHE,JSS3B,ROOM-JSS3B,1,Tuesday,10:00,12:20,3,10:00,1.48
SCH-078-LSN-0044,SCH-078,TCH-01035,overworked_generalist,Basic Technology,JSS1A,ROOM-JSS1A,0,Friday,8:40,10:40,3,8:40,1.43
SCH-078-LSN-0045,SCH-078,TCH-01035,overworked_generalist,PHE,JSS3A,ROOM-JSS3A,1,Thursday,9:20,11:20,3,9:20,1.46
SCH-078-LSN-0046,SCH-078,TCH-01035,overworked_generalist,Basic Technology,SS2A,ROOM-SS2A,0,Thursday,12:20,14:20,3,12:20,1.49
SCH-078-LSN-0047,SCH-078,TCH-01035,overworked_generalist,PHE,JSS3B,ROOM-JSS3B,1,Tuesday,12:20,14:20,3,12:20,1.44
SCH-078-LSN-0048,SCH-078,TCH-01035,overworked_generalist,PHE,SS2B,ROOM-SS2B,1,Wednesday,8:00,10:00,3,8:00,1.24
SCH-078-LSN-0049,SCH-078,TCH-01035,overworked_generalist,CRS,SS3A,ROOM-SS3A,1,Monday,9:20,11:20,3,9:20,1.49
SCH-079-LSN-0001,SCH-079,TCH-01036,overworked_generalist,CRS,SS1B,ROOM-SS1B,1,Wednesday,8:40,12:20,5,8:40,1.41
SCH-079-LSN-0002,SCH-079,TCH-01036,overworked_generalist,CRS,SS1A,ROOM-SS1A,1,Thursday,8:40,12:20,5,8:40,1.46
SCH-079-LSN-0003,SCH-079,TCH-01036,overworked_generalist,PHE,JSS1B,ROOM-JSS1B,1,Monday,8:40,12:20,5,8:40,1.28
SCH-079-LSN-0004,SCH-079,TCH-01036,overworked_generalist,CRS,JSS1B,ROOM-JSS1B,1,Friday,8:00,11:20,5,8:00,1.4
SCH-079-LSN-0005,SCH-079,TCH-01037,nysc_corper,Basic Science,JSS1A,ROOM-JSS1A,1,Monday,13:00,13:40,1,13:00,4.5
SCH-079-LSN-0006,SCH-079,TCH-01037,nysc_corper,Basic Science,JSS2B,ROOM-JSS2B,1,Monday,13:40,14:20,1,13:40,4.5
SCH-079-LSN-0007,SCH-079,TCH-01037,nysc_corper,Civic Education,JSS2B,ROOM-JSS2B,1,Tuesday,13:00,13:40,1,13:00,4.5
SCH-079-LSN-0008,SCH-079,TCH-01037,nysc_corper,Civic Education,JSS3A,ROOM-JSS3A,1,Tuesday,13:40,14:20,1,13:40,4.5
SCH-079-LSN-0009,SCH-079,TCH-01037,nysc_corper,Civic Education,JSS1A,ROOM-JSS1A,1,Thursday,13:00,13:40,1,13:00,4.5
SCH-079-LSN-0010,SCH-079,TCH-01037,nysc_corper,Civic Education,JSS3B,ROOM-JSS3B,1,Thursday,13:40,14:20,1,13:40,4.5
SCH-079-LSN-0011,SCH-079,TCH-01037,nysc_corper,Civic Education,JSS2B,ROOM-JSS2B,1,Monday,8:00,8:40,1,8:00,0
SCH-079-LSN-0012,SCH-079,TCH-01037,nysc_corper,Civic Education,JSS3A,ROOM-JSS3A,1,Monday,8:40,9:20,1,8:40,0
SCH-079-LSN-0013,SCH-079,TCH-01038,nysc_corper,Civic Education,JSS1B,ROOM-JSS1B,1,Tuesday,13:00,13:40,1,13:00,4.5
SCH-079-LSN-0014,SCH-079,TCH-01038,nysc_corper,Basic Science,JSS3B,ROOM-JSS3B,1,Tuesday,13:40,14:20,1,13:40,4.5
SCH-079-LSN-0015,SCH-079,TCH-01038,nysc_corper,Basic Science,JSS3A,ROOM-JSS3A,1,Wednesday,13:00,13:40,1,13:00,4.5
SCH-079-LSN-0016,SCH-079,TCH-01038,nysc_corper,Basic Science,JSS1A,ROOM-JSS1A,1,Wednesday,13:40,14:20,1,13:40,4.5
SCH-079-LSN-0017,SCH-079,TCH-01038,nysc_corper,Civic Education,JSS3A,ROOM-JSS3A,1,Thursday,13:00,13:40,1,13:00,4.5
SCH-079-LSN-0018,SCH-079,TCH-01038,nysc_corper,Civic Education,JSS2A,ROOM-JSS2A,1,Thursday,13:40,14:20,1,13:40,4.5
SCH-079-LSN-0019,SCH-079,TCH-01038,nysc_corper,Basic Science,JSS3B,ROOM-JSS3B,1,Tuesday,8:00,8:40,1,8:00,0
SCH-079-LSN-0020,SCH-079,TCH-01038,nysc_corper,Civic Education,JSS3A,ROOM-JSS3A,1,Tuesday,8:40,9:20,1,8:40,0
SCH-079-LSN-0021,SCH-079,TCH-01039,veteran_staff_room_boss,Chemistry,SS1A,SCI-LAB-01,1,Monday,8:40,9:20,1,8:40,4
SCH-079-LSN-0022,SCH-079,TCH-01039,veteran_staff_room_boss,Further Mathematics,SS2A,ROOM-SS2A,1,Monday,9:20,10:00,1,9:20,4
SCH-079-LSN-0023,SCH-079,TCH-01039,veteran_staff_room_boss,Further Mathematics,SS2B,ROOM-SS2B,1,Monday,10:00,10:40,1,10:00,4
SCH-079-LSN-0024,SCH-079,TCH-01039,veteran_staff_room_boss,Further Mathematics,SS3A,ROOM-SS3A,1,Tuesday,8:40,9:20,1,8:40,4
SCH-079-LSN-0025,SCH-079,TCH-01039,veteran_staff_room_boss,Further Mathematics,SS1A,ROOM-SS1A,1,Tuesday,9:20,10:00,1,9:20,4
SCH-079-LSN-0026,SCH-079,TCH-01039,veteran_staff_room_boss,Chemistry,SS2B,SCI-LAB-01,1,Tuesday,10:00,10:40,1,10:00,4
SCH-079-LSN-0027,SCH-079,TCH-01040,nysc_corper,Basic Science,JSS2B,ROOM-JSS2B,1,Monday,13:00,13:40,1,13:00,4.5
SCH-079-LSN-0028,SCH-079,TCH-01040,nysc_corper,Basic Science,JSS1A,ROOM-JSS1A,1,Monday,13:40,14:20,1,13:40,4.5
SCH-079-LSN-0029,SCH-079,TCH-01040,nysc_corper,Basic Science,JSS2B,ROOM-JSS2B,1,Tuesday,13:40,14:20,1,13:40,4.5
SCH-079-LSN-0030,SCH-079,TCH-01041,veteran_staff_room_boss,Chemistry,SS3A,SCI-LAB-01,1,Monday,8:40,10:00,2,8:40,4
SCH-079-LSN-0031,SCH-079,TCH-01041,veteran_staff_room_boss,Further Mathematics,SS1A,ROOM-SS1A,1,Monday,10:00,11:20,2,10:00,4
SCH-079-LSN-0032,SCH-079,TCH-01041,veteran_staff_room_boss,Chemistry,SS1B,SCI-LAB-01,1,Tuesday,8:40,10:00,2,8:40,4
SCH-079-LSN-0033,SCH-079,TCH-01041,veteran_staff_room_boss,Further Mathematics,SS1A,ROOM-SS1A,1,Tuesday,10:00,11:20,2,10:00,4
SCH-079-LSN-0034,SCH-079,TCH-01041,veteran_staff_room_boss,Chemistry,SS2B,SCI-LAB-01,1,Wednesday,8:40,10:00,2,8:40,4
SCH-079-LSN-0035,SCH-079,TCH-01041,veteran_staff_room_boss,Chemistry,SS2B,SCI-LAB-01,1,Wednesday,10:00,11:20,2,10:00,4
SCH-079-LSN-0036,SCH-079,TCH-01041,veteran_staff_room_boss,Further Mathematics,SS1B,ROOM-SS1B,1,Thursday,8:40,10:00,2,8:40,4
SCH-079-LSN-0037,SCH-079,TCH-01041,veteran_staff_room_boss,Further Mathematics,SS3A,ROOM-SS3A,1,Thursday,10:00,11:20,2,10:00,4
SCH-079-LSN-0038,SCH-079,TCH-01042,overworked_generalist,CRS,SS2A,ROOM-SS2A,1,Friday,9:20,12:20,4,9:20,1.37
SCH-079-LSN-0039,SCH-079,TCH-01042,overworked_generalist,CRS,JSS2B,ROOM-JSS2B,1,Wednesday,10:40,13:40,4,10:40,1.46
SCH-079-LSN-0040,SCH-079,TCH-01042,overworked_generalist,CRS,SS1B,ROOM-SS1B,1,Monday,11:40,14:20,4,11:40,1.48
SCH-079-LSN-0041,SCH-079,TCH-01042,overworked_generalist,PHE,JSS1B,ROOM-JSS1B,1,Thursday,8:00,10:40,4,8:00,1.47
SCH-079-LSN-0042,SCH-079,TCH-01042,overworked_generalist,PHE,SS1A,ROOM-SS1A,1,Wednesday,8:00,10:40,4,8:00,0.65
SCH-079-LSN-0043,SCH-079,TCH-01042,overworked_generalist,PHE,JSS2A,ROOM-JSS2A,1,Tuesday,8:40,11:20,4,8:40,1.47
SCH-079-LSN-0044,SCH-079,TCH-01042,overworked_generalist,PHE,JSS2A,ROOM-JSS2A,1,Tuesday,11:40,14:20,4,11:40,1.41
SCH-079-LSN-0045,SCH-079,TCH-01042,overworked_generalist,CRS,SS3A,ROOM-SS3A,1,Thursday,11:40,14:20,4,11:40,0.58
SCH-079-LSN-0046,SCH-079,TCH-01043,veteran_staff_room_boss,Further Mathematics,SS1B,ROOM-SS1B,1,Monday,8:40,9:20,1,8:40,4
SCH-079-LSN-0047,SCH-079,TCH-01043,veteran_staff_room_boss,Physics,SS1A,SCI-LAB-01,1,Friday,8:40,9:20,1,8:40,4
SCH-079-LSN-0048,SCH-079,TCH-01043,veteran_staff_room_boss,Physics,SS3A,SCI-LAB-01,1,Monday,10:00,10:40,1,10:00,4
SCH-079-LSN-0049,SCH-079,TCH-01043,veteran_staff_room_boss,Physics,SS3B,SCI-LAB-01,1,Thursday,8:40,9:20,1,8:40,4
SCH-079-LSN-0050,SCH-079,TCH-01043,veteran_staff_room_boss,Physics,SS3B,SCI-LAB-01,1,Thursday,9:20,10:00,1,9:20,4
SCH-079-LSN-0051,SCH-079,TCH-01043,veteran_staff_room_boss,Physics,SS1B,SCI-LAB-01,1,Thursday,10:00,10:40,1,10:00,4
SCH-079-LSN-0052,SCH-079,TCH-01044,overworked_generalist,PHE,SS1B,ROOM-SS1B,1,Tuesday,10:00,13:00,4,10:00,1.46
SCH-079-LSN-0053,SCH-079,TCH-01044,overworked_generalist,PHE,JSS2B,ROOM-JSS2B,1,Thursday,9:20,12:20,4,9:20,1.44
SCH-079-LSN-0054,SCH-079,TCH-01044,overworked_generalist,CRS,SS2A,ROOM-SS2A,1,Wednesday,10:40,13:40,4,10:40,1.44
SCH-079-LSN-0055,SCH-079,TCH-01044,overworked_generalist,CRS,JSS3A,ROOM-JSS3A,1,Monday,10:40,13:40,4,10:40,1.46
SCH-079-LSN-0056,SCH-079,TCH-01044,overworked_generalist,CRS,SS3B,ROOM-SS3B,1,Friday,8:00,10:40,4,8:00,1.24
SCH-079-LSN-0057,SCH-079,TCH-01044,overworked_generalist,CRS,SS2A,ROOM-SS2A,1,Wednesday,8:00,10:40,4,8:00,1.43
SCH-079-LSN-0058,SCH-079,TCH-01045,overworked_generalist,CRS,SS3B,ROOM-SS3B,1,Wednesday,9:20,12:20,4,9:20,1.49
SCH-079-LSN-0059,SCH-079,TCH-01045,overworked_generalist,Basic Technology,JSS1B,WORKSHOP-01,1,Tuesday,9:20,12:20,4,9:20,1.44
SCH-079-LSN-0060,SCH-079,TCH-01045,overworked_generalist,Basic Technology,JSS2B,ROOM-JSS2B,0,Friday,9:20,12:20,4,9:20,1.45
SCH-079-LSN-0061,SCH-079,TCH-01045,overworked_generalist,PHE,JSS1B,ROOM-JSS1B,1,Thursday,11:40,14:20,4,11:40,1.31
SCH-079-LSN-0062,SCH-079,TCH-01045,overworked_generalist,Basic Technology,JSS3B,WORKSHOP-01,1,Monday,11:40,14:20,4,11:40,1.44
SCH-079-LSN-0063,SCH-079,TCH-01045,overworked_generalist,PHE,SS2B,ROOM-SS2B,1,Thursday,8:40,11:20,4,8:40,1
SCH-079-LSN-0064,SCH-079,TCH-01045,overworked_generalist,CRS,JSS2B,ROOM-JSS2B,1,Monday,8:40,11:20,4,8:40,1.11
SCH-080-LSN-0001,SCH-080,TCH-01046,overworked_generalist,PHE,JSS3A,ROOM-JSS3A,1,Thursday,8:40,11:20,4,8:40,1.44
SCH-080-LSN-0002,SCH-080,TCH-01046,overworked_generalist,PHE,SS3A,ROOM-SS3A,1,Monday,11:40,14:20,4,11:40,1.36
SCH-080-LSN-0003,SCH-080,TCH-01046,overworked_generalist,PHE,JSS1B,ROOM-JSS1B,1,Wednesday,10:40,13:40,4,10:40,1.49
SCH-080-LSN-0004,SCH-080,TCH-01046,overworked_generalist,PHE,SS2B,ROOM-SS2B,1,Friday,8:00,10:40,4,8:00,1.45
SCH-080-LSN-0005,SCH-080,TCH-01046,overworked_generalist,PHE,SS1B,ROOM-SS1B,1,Tuesday,11:40,14:20,4,11:40,1.35
SCH-080-LSN-0006,SCH-080,TCH-01046,overworked_generalist,Basic Technology,JSS1A,ROOM-JSS1A,0,Thursday,11:40,14:20,4,11:40,1.39
SCH-080-LSN-0007,SCH-080,TCH-01046,overworked_generalist,Basic Technology,JSS2B,ROOM-JSS2B,0,Monday,8:00,10:40,4,8:00,1.36
SCH-080-LSN-0008,SCH-080,TCH-01046,overworked_generalist,Basic Technology,JSS3B,ROOM-JSS3B,0,Tuesday,8:40,11:20,4,8:40,1.41
SCH-080-LSN-0009,SCH-080,TCH-01047,nysc_corper,Basic Science,JSS3B,ROOM-JSS3B,1,Monday,13:00,13:40,1,13:00,4.5
SCH-080-LSN-0010,SCH-080,TCH-01047,nysc_corper,Basic Science,JSS1B,ROOM-JSS1B,1,Monday,13:40,14:20,1,13:40,4.5
SCH-080-LSN-0011,SCH-080,TCH-01047,nysc_corper,Basic Science,JSS3B,ROOM-JSS3B,1,Tuesday,13:00,13:40,1,13:00,4.5
SCH-080-LSN-0012,SCH-080,TCH-01048,veteran_staff_room_boss,Further Mathematics,SS3B,ROOM-SS3B,1,Monday,8:40,10:00,2,8:40,4
SCH-080-LSN-0013,SCH-080,TCH-01048,veteran_staff_room_boss,Further Mathematics,SS3B,ROOM-SS3B,1,Monday,10:00,11:20,2,10:00,4
SCH-080-LSN-0014,SCH-080,TCH-01048,veteran_staff_room_boss,Physics,SS1B,SCI-LAB-01,1,Tuesday,8:40,10:00,2,8:40,4
SCH-080-LSN-0015,SCH-080,TCH-01048,veteran_staff_room_boss,Physics,SS3B,SCI-LAB-01,1,Tuesday,10:00,11:20,2,10:00,4
SCH-080-LSN-0016,SCH-080,TCH-01048,veteran_staff_room_boss,Physics,SS2B,SCI-LAB-01,1,Wednesday,8:40,10:00,2,8:40,4
SCH-080-LSN-0017,SCH-080,TCH-01048,veteran_staff_room_boss,Further Mathematics,SS3B,ROOM-SS3B,1,Wednesday,10:00,11:20,2,10:00,4
SCH-080-LSN-0018,SCH-080,TCH-01049,overworked_generalist,Basic Technology,SS1B,WORKSHOP-01,1,Wednesday,9:20,13:00,5,9:20,1.32
SCH-080-LSN-0019,SCH-080,TCH-01049,overworked_generalist,CRS,JSS2A,ROOM-JSS2A,1,Friday,8:40,12:20,5,8:40,1.43
SCH-080-LSN-0020,SCH-080,TCH-01049,overworked_generalist,CRS,SS1B,ROOM-SS1B,1,Thursday,8:40,12:20,5,8:40,1.48
SCH-080-LSN-0021,SCH-080,TCH-01049,overworked_generalist,CRS,SS1B,ROOM-SS1B,1,Monday,9:20,13:00,5,9:20,1.32
SCH-080-LSN-0022,SCH-080,TCH-01049,overworked_generalist,Basic Technology,JSS2A,ROOM-JSS2A,0,Tuesday,9:20,13:00,5,9:20,1.46
SCH-080-LSN-0023,SCH-080,TCH-01050,veteran_staff_room_boss,Biology,SS3A,SCI-LAB-01,1,Monday,8:40,10:00,2,8:40,4
SCH-080-LSN-0024,SCH-080,TCH-01050,veteran_staff_room_boss,Further Mathematics,SS2A,ROOM-SS2A,1,Monday,10:00,11:20,2,10:00,4
SCH-080-LSN-0025,SCH-080,TCH-01050,veteran_staff_room_boss,Biology,SS2A,SCI-LAB-01,1,Wednesday,10:00,11:20,2,10:00,4
SCH-080-LSN-0026,SCH-080,TCH-01050,veteran_staff_room_boss,Biology,SS2A,SCI-LAB-01,1,Thursday,8:40,10:00,2,8:40,4
SCH-080-LSN-0027,SCH-080,TCH-01051,overworked_generalist,CRS,SS3B,ROOM-SS3B,1,Thursday,8:00,11:20,5,8:00,1.49
SCH-080-LSN-0028,SCH-080,TCH-01051,overworked_generalist,Basic Technology,JSS3A,ROOM-JSS3A,0,Wednesday,8:40,12:20,5,8:40,1.29
SCH-080-LSN-0029,SCH-080,TCH-01051,overworked_generalist,CRS,JSS2A,ROOM-JSS2A,1,Monday,8:40,12:20,5,8:40,1.44
SCH-080-LSN-0030,SCH-080,TCH-01051,overworked_generalist,CRS,JSS1A,ROOM-JSS1A,1,Tuesday,10:00,13:40,5,10:00,1.31
SCH-080-LSN-0031,SCH-080,TCH-01052,overworked_generalist,Basic Technology,SS3B,ROOM-SS3B,0,Monday,11:40,14:20,4,11:40,1.22
SCH-080-LSN-0032,SCH-080,TCH-01052,overworked_generalist,Basic Technology,SS3B,ROOM-SS3B,0,Friday,8:00,10:40,4,8:00,1.48
SCH-080-LSN-0033,SCH-080,TCH-01052,overworked_generalist,Basic Technology,JSS3A,WORKSHOP-01,1,Tuesday,9:20,12:20,4,9:20,1.18
SCH-080-LSN-0034,SCH-080,TCH-01052,overworked_generalist,PHE,JSS2B,ROOM-JSS2B,1,Thursday,9:20,12:20,4,9:20,1.27
SCH-080-LSN-0035,SCH-080,TCH-01053,overworked_generalist,CRS,JSS2B,ROOM-JSS2B,1,Tuesday,8:40,12:20,5,8:40,1.44
SCH-080-LSN-0036,SCH-080,TCH-01053,overworked_generalist,PHE,SS2A,ROOM-SS2A,1,Friday,8:00,11:20,5,8:00,1.42
SCH-080-LSN-0037,SCH-080,TCH-01053,overworked_generalist,PHE,JSS2B,ROOM-JSS2B,1,Wednesday,10:40,14:20,5,10:40,1.38
SCH-080-LSN-0038,SCH-080,TCH-01053,overworked_generalist,PHE,SS1A,ROOM-SS1A,1,Monday,10:00,13:40,5,10:00,1.45
SCH-080-LSN-0039,SCH-080,TCH-01053,overworked_generalist,PHE,SS1A,ROOM-SS1A,1,Thursday,10:00,13:40,5,10:00,1.07
SCH-080-LSN-0040,SCH-080,TCH-01054,overworked_generalist,Basic Technology,SS3A,WORKSHOP-01,1,Thursday,8:00,11:20,5,8:00,1.42
SCH-080-LSN-0041,SCH-080,TCH-01054,overworked_generalist,PHE,SS3A,ROOM-SS3A,1,Tuesday,8:40,12:20,5,8:40,1.17
SCH-080-LSN-0042,SCH-080,TCH-01054,overworked_generalist,PHE,JSS2A,ROOM-JSS2A,1,Wednesday,10:40,14:20,5,10:40,0.96
SCH-080-LSN-0043,SCH-080,TCH-01054,overworked_generalist,CRS,SS1B,ROOM-SS1B,1,Friday,8:00,11:20,5,8:00,1.12
SCH-080-LSN-0044,SCH-080,TCH-01055,overworked_generalist,CRS,JSS1B,ROOM-JSS1B,1,Friday,10:00,12:20,3,10:00,1.41
SCH-080-LSN-0045,SCH-080,TCH-01055,overworked_generalist,Basic Technology,SS2A,ROOM-SS2A,0,Thursday,10:40,13:00,3,10:40,1.46
SCH-080-LSN-0046,SCH-080,TCH-01055,overworked_generalist,Basic Technology,SS3B,WORKSHOP-01,1,Wednesday,12:20,14:20,3,12:20,1.42
SCH-080-LSN-0047,SCH-080,TCH-01055,overworked_generalist,PHE,JSS2B,ROOM-JSS2B,1,Friday,8:00,10:00,3,8:00,1.3
SCH-080-LSN-0048,SCH-080,TCH-01055,overworked_generalist,PHE,SS3B,ROOM-SS3B,1,Tuesday,11:40,13:40,3,11:40,1.14
SCH-080-LSN-0049,SCH-080,TCH-01055,overworked_generalist,Basic Technology,SS3A,ROOM-SS3A,0,Wednesday,10:00,12:20,3,10:00,0.88
SCH-080-LSN-0050,SCH-080,TCH-01055,overworked_generalist,Basic Technology,SS2A,ROOM-SS2A,0,Wednesday,8:00,10:00,3,8:00,1.49
SCH-080-LSN-0051,SCH-080,TCH-01055,overworked_generalist,Basic Technology,SS2B,ROOM-SS2B,0,Monday,8:40,10:40,3,8:40,1.4
SCH-080-LSN-0052,SCH-080,TCH-01055,overworked_generalist,CRS,JSS1B,ROOM-JSS1B,1,Tuesday,8:40,10:40,3,8:40,1.48
SCH-080-LSN-0053,SCH-080,TCH-01056,nysc_corper,Civic Education,JSS3B,ROOM-JSS3B,1,Monday,13:40,14:20,1,13:40,4.5
SCH-080-LSN-0054,SCH-080,TCH-01056,nysc_corper,Civic Education,JSS2A,ROOM-JSS2A,1,Monday,13:00,13:40,1,13:00,4.5
SCH-080-LSN-0055,SCH-080,TCH-01056,nysc_corper,Civic Education,JSS2B,ROOM-JSS2B,1,Thursday,13:00,13:40,1,13:00,4.5
SCH-080-LSN-0056,SCH-080,TCH-01056,nysc_corper,Basic Science,JSS1B,ROOM-JSS1B,1,Wednesday,13:40,14:20,1,13:40,4.5
SCH-081-LSN-0001,SCH-081,TCH-01057,overworked_generalist,Basic Technology,SS1A,WORKSHOP-01,1,Thursday,10:40,14:20,5,10:40,1.43
SCH-081-LSN-0002,SCH-081,TCH-01057,overworked_generalist,Basic Technology,JSS1A,ROOM-JSS1A,0,Tuesday,10:00,13:40,5,10:00,1.3
SCH-081-LSN-0003,SCH-081,TCH-01057,overworked_generalist,Basic Technology,JSS2A,ROOM-JSS2A,0,Wednesday,8:40,12:20,5,8:40,1.35
SCH-081-LSN-0004,SCH-081,TCH-01057,overworked_generalist,Basic Technology,JSS1A,WORKSHOP-01,1,Monday,8:00,11:20,5,8:00,1.42
SCH-081-LSN-0005,SCH-081,TCH-01057,overworked_generalist,PHE,SS3B,ROOM-SS3B,1,Friday,8:00,11:20,5,8:00,1.15
SCH-081-LSN-0006,SCH-081,TCH-01058,overworked_generalist,PHE,JSS1A,ROOM-JSS1A,1,Thursday,8:40,11:20,4,8:40,1.48
SCH-081-LSN-0007,SCH-081,TCH-01058,overworked_generalist,PHE,SS3B,ROOM-SS3B,1,Monday,10:40,13:40,4,10:40,1.39
SCH-081-LSN-0008,SCH-081,TCH-01058,overworked_generalist,PHE,SS1A,ROOM-SS1A,1,Friday,8:40,11:20,4,8:40,1.48
SCH-081-LSN-0009,SCH-081,TCH-01058,overworked_generalist,PHE,JSS2A,ROOM-JSS2A,1,Tuesday,10:00,13:00,4,10:00,1.48
SCH-081-LSN-0010,SCH-081,TCH-01058,overworked_generalist,PHE,JSS1A,ROOM-JSS1A,1,Wednesday,11:40,14:20,4,11:40,1.49
SCH-081-LSN-0011,SCH-081,TCH-01058,overworked_generalist,PHE,SS2B,ROOM-SS2B,1,Monday,8:00,10:40,4,8:00,1.44
SCH-081-LSN-0012,SCH-081,TCH-01059,hustling_subject_specialist,Economics,SS3A,ROOM-SS3A,1,Tuesday,8:00,9:20,2,8:00,4
SCH-081-LSN-0013,SCH-081,TCH-01059,hustling_subject_specialist,Economics,SS3A,ROOM-SS3A,1,Tuesday,9:20,10:40,2,9:20,4
SCH-081-LSN-0014,SCH-081,TCH-01059,hustling_subject_specialist,Economics,SS3B,ROOM-SS3B,1,Tuesday,10:40,12:20,2,10:40,4
SCH-081-LSN-0015,SCH-081,TCH-01060,veteran_staff_room_boss,Biology,SS1A,SCI-LAB-01,1,Monday,8:40,9:20,1,8:40,4
SCH-081-LSN-0016,SCH-081,TCH-01060,veteran_staff_room_boss,Biology,SS1A,SCI-LAB-01,1,Monday,9:20,10:00,1,9:20,4
SCH-081-LSN-0017,SCH-081,TCH-01060,veteran_staff_room_boss,Further Mathematics,SS1A,ROOM-SS1A,1,Monday,10:00,10:40,1,10:00,4
SCH-081-LSN-0018,SCH-081,TCH-01060,veteran_staff_room_boss,Further Mathematics,SS1B,ROOM-SS1B,1,Tuesday,8:40,9:20,1,8:40,4
SCH-081-LSN-0019,SCH-081,TCH-01060,veteran_staff_room_boss,Biology,SS3A,SCI-LAB-01,1,Wednesday,8:40,9:20,1,8:40,4
SCH-081-LSN-0020,SCH-081,TCH-01060,veteran_staff_room_boss,Biology,SS3B,SCI-LAB-01,1,Tuesday,9:20,10:00,1,9:20,4
SCH-081-LSN-0021,SCH-081,TCH-01060,veteran_staff_room_boss,Biology,SS2A,SCI-LAB-01,1,Tuesday,10:00,10:40,1,10:00,4
SCH-081-LSN-0022,SCH-081,TCH-01060,veteran_staff_room_boss,Further Mathematics,SS3A,ROOM-SS3A,1,Wednesday,9:20,10:00,1,9:20,4
SCH-081-LSN-0023,SCH-081,TCH-01061,overworked_generalist,PHE,SS2B,ROOM-SS2B,1,Tuesday,9:20,13:00,5,9:20,1.49
SCH-081-LSN-0024,SCH-081,TCH-01061,overworked_generalist,CRS,SS3A,ROOM-SS3A,1,Thursday,8:40,12:20,5,8:40,1.49
SCH-081-LSN-0025,SCH-081,TCH-01061,overworked_generalist,CRS,SS1B,ROOM-SS1B,1,Wednesday,9:20,13:00,5,9:20,1.4
SCH-081-LSN-0026,SCH-081,TCH-01061,overworked_generalist,PHE,SS2B,ROOM-SS2B,1,Monday,10:40,14:20,5,10:40,1
SCH-081-LSN-0027,SCH-081,TCH-01062,overworked_generalist,CRS,JSS1A,ROOM-JSS1A,1,Friday,9:20,12:20,4,9:20,1.27
SCH-081-LSN-0028,SCH-081,TCH-01062,overworked_generalist,PHE,JSS2A,ROOM-JSS2A,1,Monday,10:40,13:40,4,10:40,1.46
SCH-081-LSN-0029,SCH-081,TCH-01062,overworked_generalist,CRS,SS3B,ROOM-SS3B,1,Wednesday,10:40,13:40,4,10:40,1.45
SCH-081-LSN-0030,SCH-081,TCH-01062,overworked_generalist,CRS,JSS1A,ROOM-JSS1A,1,Thursday,11:40,14:20,4,11:40,0.82
SCH-081-LSN-0031,SCH-081,TCH-01062,overworked_generalist,Basic Technology,SS2A,WORKSHOP-01,1,Thursday,8:00,10:40,4,8:00,1.47
SCH-081-LSN-0032,SCH-081,TCH-01062,overworked_generalist,CRS,JSS1A,ROOM-JSS1A,1,Wednesday,8:00,10:40,4,8:00,1.46
SCH-081-LSN-0033,SCH-081,TCH-01062,overworked_generalist,Basic Technology,JSS2A,ROOM-JSS2A,0,Monday,8:00,10:40,4,8:00,1.46
SCH-081-LSN-0034,SCH-081,TCH-01062,overworked_generalist,PHE,SS1A,ROOM-SS1A,1,Tuesday,8:00,10:40,4,8:00,0.94
SCH-081-LSN-0035,SCH-081,TCH-01063,hustling_subject_specialist,Further Mathematics,SS2B,ROOM-SS2B,1,Wednesday,8:00,10:00,3,8:00,4
SCH-081-LSN-0036,SCH-081,TCH-01063,hustling_subject_specialist,Further Mathematics,SS2B,ROOM-SS2B,1,Wednesday,10:00,12:20,3,10:00,4
SCH-081-LSN-0037,SCH-081,TCH-01063,hustling_subject_specialist,Further Mathematics,SS2B,ROOM-SS2B,1,Thursday,8:00,10:00,3,8:00,4
SCH-081-LSN-0038,SCH-081,TCH-01064,overworked_generalist,CRS,SS1A,ROOM-SS1A,1,Monday,10:40,14:20,5,10:40,1.46
SCH-081-LSN-0039,SCH-081,TCH-01064,overworked_generalist,PHE,SS3A,ROOM-SS3A,1,Wednesday,10:00,13:40,5,10:00,1.36
SCH-081-LSN-0040,SCH-081,TCH-01064,overworked_generalist,CRS,SS2B,ROOM-SS2B,1,Friday,8:00,11:20,5,8:00,1.32
SCH-081-LSN-0041,SCH-081,TCH-01064,overworked_generalist,Basic Technology,SS1B,ROOM-SS1B,0,Tuesday,10:00,13:40,5,10:00,1.44
SCH-081-LSN-0042,SCH-081,TCH-01064,overworked_generalist,Basic Technology,JSS1B,ROOM-JSS1B,0,Thursday,10:00,13:40,5,10:00,1.33
SCH-081-LSN-0043,SCH-081,TCH-01065,nysc_corper,Basic Science,JSS3B,ROOM-JSS3B,1,Monday,13:00,13:40,1,13:00,4.5
SCH-081-LSN-0044,SCH-081,TCH-01065,nysc_corper,Civic Education,JSS3B,ROOM-JSS3B,1,Monday,13:40,14:20,1,13:40,4.5
SCH-081-LSN-0045,SCH-081,TCH-01065,nysc_corper,Civic Education,JSS3A,ROOM-JSS3A,1,Tuesday,13:00,13:40,1,13:00,4.5
SCH-081-LSN-0046,SCH-081,TCH-01065,nysc_corper,Civic Education,JSS3A,ROOM-JSS3A,1,Tuesday,13:40,14:20,1,13:40,4.5
SCH-081-LSN-0047,SCH-081,TCH-01066,overworked_generalist,Basic Technology,JSS3A,ROOM-JSS3A,0,Wednesday,8:40,12:20,5,8:40,1.5
SCH-081-LSN-0048,SCH-081,TCH-01066,overworked_generalist,Basic Technology,SS1A,ROOM-SS1A,0,Tuesday,10:40,14:20,5,10:40,1.23
SCH-081-LSN-0049,SCH-081,TCH-01066,overworked_generalist,CRS,SS3B,ROOM-SS3B,1,Thursday,9:20,13:00,5,9:20,1.45
SCH-081-LSN-0050,SCH-081,TCH-01066,overworked_generalist,CRS,JSS3A,ROOM-JSS3A,1,Monday,10:40,14:20,5,10:40,1.35
SCH-081-LSN-0051,SCH-081,TCH-01066,overworked_generalist,CRS,JSS1B,ROOM-JSS1B,1,Friday,8:00,11:20,5,8:00,1.14
SCH-081-LSN-0052,SCH-081,TCH-01067,nysc_corper,Civic Education,JSS2B,ROOM-JSS2B,1,Monday,13:00,13:40,1,13:00,4.5
SCH-081-LSN-0053,SCH-081,TCH-01067,nysc_corper,Civic Education,JSS2B,ROOM-JSS2B,1,Monday,13:40,14:20,1,13:40,4.5
SCH-081-LSN-0054,SCH-081,TCH-01067,nysc_corper,Civic Education,JSS2A,ROOM-JSS2A,1,Wednesday,13:00,13:40,1,13:00,4.5
SCH-082-LSN-0001,SCH-082,TCH-01068,hustling_subject_specialist,Economics,SS2B,ROOM-SS2B,1,Monday,8:00,10:00,3,8:00,4
SCH-082-LSN-0002,SCH-082,TCH-01068,hustling_subject_specialist,Economics,SS3B,ROOM-SS3B,1,Monday,10:00,12:20,3,10:00,4
SCH-082-LSN-0003,SCH-082,TCH-01069,overworked_generalist,CRS,JSS1A,ROOM-JSS1A,1,Tuesday,8:00,10:40,4,8:00,1.49
SCH-082-LSN-0004,SCH-082,TCH-01069,overworked_generalist,Basic Technology,SS3B,ROOM-SS3B,0,Tuesday,10:40,13:40,4,10:40,1.49
SCH-082-LSN-0005,SCH-082,TCH-01069,overworked_generalist,Basic Technology,JSS3A,ROOM-JSS3A,0,Friday,8:00,10:40,4,8:00,1.44
SCH-082-LSN-0006,SCH-082,TCH-01069,overworked_generalist,CRS,JSS3A,ROOM-JSS3A,1,Wednesday,9:20,12:20,4,9:20,1.49
SCH-082-LSN-0007,SCH-082,TCH-01070,hustling_subject_specialist,Economics,SS3B,ROOM-SS3B,1,Tuesday,8:00,9:20,2,8:00,4
SCH-082-LSN-0008,SCH-082,TCH-01070,hustling_subject_specialist,Economics,SS2B,ROOM-SS2B,1,Tuesday,9:20,10:40,2,9:20,4
SCH-082-LSN-0009,SCH-082,TCH-01070,hustling_subject_specialist,Economics,SS3A,ROOM-SS3A,1,Tuesday,10:40,12:20,2,10:40,4
SCH-082-LSN-0010,SCH-082,TCH-01070,hustling_subject_specialist,Economics,SS1B,ROOM-SS1B,1,Thursday,8:00,9:20,2,8:00,4
SCH-082-LSN-0011,SCH-082,TCH-01071,hustling_subject_specialist,Physics,SS3B,SCI-LAB-01,1,Monday,8:00,9:20,2,8:00,4
SCH-082-LSN-0012,SCH-082,TCH-01071,hustling_subject_specialist,Physics,SS1B,SCI-LAB-01,1,Monday,9:20,10:40,2,9:20,4
SCH-082-LSN-0013,SCH-082,TCH-01072,overworked_generalist,CRS,SS2B,ROOM-SS2B,1,Wednesday,9:20,13:00,5,9:20,1.43
SCH-082-LSN-0014,SCH-082,TCH-01072,overworked_generalist,Basic Technology,JSS2B,ROOM-JSS2B,0,Thursday,8:40,12:20,5,8:40,1.45
SCH-082-LSN-0015,SCH-082,TCH-01072,overworked_generalist,CRS,SS3B,ROOM-SS3B,1,Friday,8:40,12:20,5,8:40,1.33
SCH-082-LSN-0016,SCH-082,TCH-01072,overworked_generalist,Basic Technology,JSS1A,ROOM-JSS1A,0,Tuesday,10:40,14:20,5,10:40,1.32
SCH-082-LSN-0017,SCH-082,TCH-01072,overworked_generalist,CRS,JSS2B,ROOM-JSS2B,1,Monday,10:00,13:40,5,10:00,1.28
SCH-082-LSN-0018,SCH-082,TCH-01073,nysc_corper,Civic Education,JSS3B,ROOM-JSS3B,1,Monday,13:00,13:40,1,13:00,4.5
SCH-082-LSN-0019,SCH-082,TCH-01073,nysc_corper,Civic Education,JSS3B,ROOM-JSS3B,1,Monday,13:40,14:20,1,13:40,4.5
SCH-082-LSN-0020,SCH-082,TCH-01073,nysc_corper,Civic Education,JSS2A,ROOM-JSS2A,1,Wednesday,13:00,13:40,1,13:00,4.5
SCH-082-LSN-0021,SCH-082,TCH-01073,nysc_corper,Civic Education,JSS1B,ROOM-JSS1B,1,Wednesday,13:40,14:20,1,13:40,4.5
SCH-082-LSN-0022,SCH-082,TCH-01073,nysc_corper,Basic Science,JSS1B,ROOM-JSS1B,1,Thursday,13:00,13:40,1,13:00,4.5
SCH-082-LSN-0023,SCH-082,TCH-01073,nysc_corper,Civic Education,JSS1B,ROOM-JSS1B,1,Thursday,13:40,14:20,1,13:40,4.5
SCH-082-LSN-0024,SCH-082,TCH-01073,nysc_corper,Civic Education,JSS2B,ROOM-JSS2B,1,Monday,8:00,8:40,1,8:00,0
SCH-082-LSN-0025,SCH-082,TCH-01073,nysc_corper,Civic Education,JSS3A,ROOM-JSS3A,1,Monday,8:40,9:20,1,8:40,0
SCH-082-LSN-0026,SCH-082,TCH-01074,overworked_generalist,CRS,JSS1A,ROOM-JSS1A,1,Thursday,10:00,12:20,3,10:00,1.49
SCH-082-LSN-0027,SCH-082,TCH-01074,overworked_generalist,CRS,JSS2B,ROOM-JSS2B,1,Friday,10:00,12:20,3,10:00,1.5
SCH-082-LSN-0028,SCH-082,TCH-01074,overworked_generalist,Basic Technology,SS1B,WORKSHOP-01,1,Tuesday,8:00,10:00,3,8:00,1.5
SCH-082-LSN-0029,SCH-082,TCH-01074,overworked_generalist,Basic Technology,JSS1B,WORKSHOP-01,1,Tuesday,12:20,14:20,3,12:20,1.42
SCH-082-LSN-0030,SCH-082,TCH-01074,overworked_generalist,Basic Technology,SS3B,ROOM-SS3B,0,Wednesday,9:20,11:20,3,9:20,1.47
SCH-082-LSN-0031,SCH-082,TCH-01074,overworked_generalist,CRS,JSS2B,ROOM-JSS2B,1,Wednesday,11:40,13:40,3,11:40,1.1
SCH-082-LSN-0032,SCH-082,TCH-01075,nysc_corper,Basic Science,JSS2A,ROOM-JSS2A,1,Tuesday,13:00,13:40,1,13:00,4.5
SCH-082-LSN-0033,SCH-082,TCH-01075,nysc_corper,Basic Science,JSS1A,ROOM-JSS1A,1,Wednesday,13:00,13:40,1,13:00,4.5
SCH-082-LSN-0034,SCH-082,TCH-01075,nysc_corper,Basic Science,JSS1B,ROOM-JSS1B,1,Tuesday,8:00,8:40,1,8:00,0
SCH-082-LSN-0035,SCH-082,TCH-01075,nysc_corper,Civic Education,JSS1B,ROOM-JSS1B,1,Tuesday,8:40,9:20,1,8:40,0
SCH-082-LSN-0036,SCH-082,TCH-01075,nysc_corper,Civic Education,JSS3B,ROOM-JSS3B,1,Tuesday,13:40,14:20,1,13:40,4.5
SCH-082-LSN-0037,SCH-082,TCH-01075,nysc_corper,Basic Science,JSS3B,ROOM-JSS3B,1,Wednesday,13:40,14:20,1,13:40,4.5
SCH-082-LSN-0038,SCH-082,TCH-01076,overworked_generalist,CRS,SS2B,ROOM-SS2B,1,Monday,10:40,13:40,4,10:40,1.45
SCH-082-LSN-0039,SCH-082,TCH-01076,overworked_generalist,Basic Technology,SS2A,ROOM-SS2A,0,Wednesday,8:40,11:20,4,8:40,1.46
SCH-082-LSN-0040,SCH-082,TCH-01076,overworked_generalist,Basic Technology,JSS1B,ROOM-JSS1B,0,Tuesday,9:20,12:20,4,9:20,1.47
SCH-082-LSN-0041,SCH-082,TCH-01076,overworked_generalist,PHE,SS3A,ROOM-SS3A,1,Thursday,11:40,14:20,4,11:40,1.48
SCH-082-LSN-0042,SCH-082,TCH-01076,overworked_generalist,CRS,SS2A,ROOM-SS2A,1,Friday,8:00,10:40,4,8:00,1.43
SCH-082-LSN-0043,SCH-082,TCH-01076,overworked_generalist,Basic Technology,JSS2A,WORKSHOP-01,1,Thursday,8:40,11:20,4,8:40,1.41
SCH-082-LSN-0044,SCH-082,TCH-01076,overworked_generalist,PHE,JSS3B,ROOM-JSS3B,1,Monday,8:00,10:40,4,8:00,1.1
SCH-082-LSN-0045,SCH-082,TCH-01077,veteran_staff_room_boss,Chemistry,SS1B,SCI-LAB-01,1,Tuesday,10:00,10:40,1,10:00,4
SCH-082-LSN-0046,SCH-082,TCH-01077,veteran_staff_room_boss,Chemistry,SS3B,SCI-LAB-01,1,Wednesday,8:40,9:20,1,8:40,4
SCH-082-LSN-0047,SCH-082,TCH-01077,veteran_staff_room_boss,Chemistry,SS2A,SCI-LAB-01,1,Thursday,8:40,9:20,1,8:40,4
SCH-082-LSN-0048,SCH-082,TCH-01077,veteran_staff_room_boss,Chemistry,SS2A,SCI-LAB-01,1,Thursday,9:20,10:00,1,9:20,4
SCH-083-LSN-0001,SCH-083,TCH-01078,overworked_generalist,PHE,SS1B,ROOM-SS1B,1,Thursday,9:20,11:20,3,9:20,1.5
SCH-083-LSN-0002,SCH-083,TCH-01078,overworked_generalist,Basic Technology,SS1B,WORKSHOP-01,1,Thursday,11:40,13:40,3,11:40,1.49
SCH-083-LSN-0003,SCH-083,TCH-01078,overworked_generalist,PHE,SS2A,ROOM-SS2A,1,Friday,10:00,12:20,3,10:00,1.48
SCH-083-LSN-0004,SCH-083,TCH-01078,overworked_generalist,PHE,JSS3B,ROOM-JSS3B,1,Tuesday,11:40,13:40,3,11:40,1.48
SCH-083-LSN-0005,SCH-083,TCH-01078,overworked_generalist,PHE,SS3B,ROOM-SS3B,1,Monday,11:40,13:40,3,11:40,1.5
SCH-083-LSN-0006,SCH-083,TCH-01078,overworked_generalist,Basic Technology,SS1B,ROOM-SS1B,0,Tuesday,9:20,11:20,3,9:20,1.38
SCH-083-LSN-0007,SCH-083,TCH-01079,nysc_corper,Civic Education,JSS1A,ROOM-JSS1A,1,Monday,13:00,13:40,1,13:00,4.5
SCH-083-LSN-0008,SCH-083,TCH-01079,nysc_corper,Civic Education,JSS3A,ROOM-JSS3A,1,Monday,13:40,14:20,1,13:40,4.5
SCH-083-LSN-0009,SCH-083,TCH-01080,overworked_generalist,PHE,SS3A,ROOM-SS3A,1,Friday,8:00,11:20,5,8:00,1.46
SCH-083-LSN-0010,SCH-083,TCH-01080,overworked_generalist,PHE,SS1B,ROOM-SS1B,1,Wednesday,8:40,12:20,5,8:40,1.4
SCH-083-LSN-0011,SCH-083,TCH-01080,overworked_generalist,PHE,SS2B,ROOM-SS2B,1,Monday,9:20,13:00,5,9:20,1.47
SCH-083-LSN-0012,SCH-083,TCH-01080,overworked_generalist,CRS,SS3A,ROOM-SS3A,1,Tuesday,8:40,12:20,5,8:40,1.39
SCH-083-LSN-0013,SCH-083,TCH-01081,nysc_corper,Basic Science,JSS3B,ROOM-JSS3B,1,Monday,13:00,13:40,1,13:00,4.5
SCH-083-LSN-0014,SCH-083,TCH-01081,nysc_corper,Basic Science,JSS1A,ROOM-JSS1A,1,Monday,13:40,14:20,1,13:40,4.5
SCH-083-LSN-0015,SCH-083,TCH-01081,nysc_corper,Basic Science,JSS1A,ROOM-JSS1A,1,Wednesday,13:00,13:40,1,13:00,4.5
SCH-083-LSN-0016,SCH-083,TCH-01081,nysc_corper,Basic Science,JSS2A,ROOM-JSS2A,1,Wednesday,13:40,14:20,1,13:40,4.5
SCH-083-LSN-0017,SCH-083,TCH-01082,hustling_subject_specialist,Further Mathematics,SS2A,ROOM-SS2A,1,Tuesday,8:00,9:20,2,8:00,4
SCH-083-LSN-0018,SCH-083,TCH-01082,hustling_subject_specialist,Further Mathematics,SS2B,ROOM-SS2B,1,Tuesday,9:20,10:40,2,9:20,4
SCH-083-LSN-0019,SCH-083,TCH-01083,hustling_subject_specialist,Physics,SS2A,SCI-LAB-01,1,Monday,8:00,10:00,3,8:00,4
SCH-083-LSN-0020,SCH-083,TCH-01083,hustling_subject_specialist,Physics,SS2B,SCI-LAB-01,1,Tuesday,10:40,13:00,3,10:40,4
SCH-083-LSN-0021,SCH-083,TCH-01083,hustling_subject_specialist,Physics,SS3B,SCI-LAB-01,1,Tuesday,8:00,10:00,3,8:00,4
SCH-083-LSN-0022,SCH-083,TCH-01084,overworked_generalist,PHE,JSS2B,ROOM-JSS2B,1,Wednesday,10:40,14:20,5,10:40,1.44
SCH-083-LSN-0023,SCH-083,TCH-01084,overworked_generalist,PHE,SS2B,ROOM-SS2B,1,Friday,8:40,12:20,5,8:40,1.42
SCH-083-LSN-0024,SCH-083,TCH-01084,overworked_generalist,CRS,SS1B,ROOM-SS1B,1,Monday,8:00,11:20,5,8:00,1.35
SCH-083-LSN-0025,SCH-083,TCH-01084,overworked_generalist,PHE,JSS2B,ROOM-JSS2B,1,Thursday,10:00,13:40,5,10:00,1.45
SCH-083-LSN-0026,SCH-083,TCH-01084,overworked_generalist,CRS,JSS2A,ROOM-JSS2A,1,Tuesday,9:20,13:00,5,9:20,1.29
SCH-083-LSN-0027,SCH-083,TCH-01085,overworked_generalist,Basic Technology,SS3B,WORKSHOP-01,1,Friday,8:40,10:40,3,8:40,1.49
SCH-083-LSN-0028,SCH-083,TCH-01085,overworked_generalist,CRS,JSS1A,ROOM-JSS1A,1,Tuesday,9:20,11:20,3,9:20,1.5
SCH-083-LSN-0029,SCH-083,TCH-01085,overworked_generalist,Basic Technology,JSS2A,ROOM-JSS2A,0,Monday,12:20,14:20,3,12:20,1.48
SCH-083-LSN-0030,SCH-083,TCH-01085,overworked_generalist,Basic Technology,SS1B,ROOM-SS1B,0,Tuesday,11:40,13:40,3,11:40,1.11
SCH-083-LSN-0031,SCH-083,TCH-01086,nysc_corper,Basic Science,JSS1A,ROOM-JSS1A,1,Tuesday,13:00,13:40,1,13:00,4.5
SCH-083-LSN-0032,SCH-083,TCH-01086,nysc_corper,Basic Science,JSS3A,ROOM-JSS3A,1,Monday,13:00,13:40,1,13:00,4.5
SCH-083-LSN-0033,SCH-083,TCH-01087,hustling_subject_specialist,Economics,SS2B,ROOM-SS2B,1,Wednesday,8:00,9:20,2,8:00,4
SCH-083-LSN-0034,SCH-083,TCH-01087,hustling_subject_specialist,Economics,SS2B,ROOM-SS2B,1,Wednesday,9:20,10:40,2,9:20,4
SCH-083-LSN-0035,SCH-083,TCH-01087,hustling_subject_specialist,Economics,SS3A,ROOM-SS3A,1,Wednesday,10:40,12:20,2,10:40,4
SCH-083-LSN-0036,SCH-083,TCH-01087,hustling_subject_specialist,Economics,SS2A,ROOM-SS2A,1,Thursday,8:00,9:20,2,8:00,4
SCH-083-LSN-0037,SCH-083,TCH-01088,nysc_corper,Civic Education,JSS2A,ROOM-JSS2A,1,Tuesday,13:00,13:40,1,13:00,4.5
SCH-083-LSN-0038,SCH-083,TCH-01088,nysc_corper,Civic Education,JSS2B,ROOM-JSS2B,1,Monday,13:00,13:40,1,13:00,4.5
SCH-083-LSN-0039,SCH-083,TCH-01088,nysc_corper,Civic Education,JSS2A,ROOM-JSS2A,1,Tuesday,13:40,14:20,1,13:40,4.5
SCH-083-LSN-0040,SCH-083,TCH-01088,nysc_corper,Basic Science,JSS3A,ROOM-JSS3A,1,Thursday,13:00,13:40,1,13:00,4.5
SCH-083-LSN-0041,SCH-083,TCH-01088,nysc_corper,Civic Education,JSS3A,ROOM-JSS3A,1,Thursday,13:40,14:20,1,13:40,4.5
SCH-083-LSN-0042,SCH-083,TCH-01088,nysc_corper,Basic Science,JSS1B,ROOM-JSS1B,1,Monday,13:40,14:20,1,13:40,4.5
SCH-083-LSN-0043,SCH-083,TCH-01088,nysc_corper,Civic Education,JSS3B,ROOM-JSS3B,1,Monday,8:00,8:40,1,8:00,0
SCH-083-LSN-0044,SCH-083,TCH-01088,nysc_corper,Civic Education,JSS1B,ROOM-JSS1B,1,Monday,8:40,9:20,1,8:40,0
SCH-084-LSN-0001,SCH-084,TCH-01089,hustling_subject_specialist,Further Mathematics,SS3B,ROOM-SS3B,1,Monday,8:00,9:20,2,8:00,4
SCH-084-LSN-0002,SCH-084,TCH-01089,hustling_subject_specialist,Further Mathematics,SS2A,ROOM-SS2A,1,Monday,9:20,10:40,2,9:20,4
SCH-084-LSN-0003,SCH-084,TCH-01090,veteran_staff_room_boss,Further Mathematics,SS1A,ROOM-SS1A,1,Monday,8:40,9:20,1,8:40,4
SCH-084-LSN-0004,SCH-084,TCH-01090,veteran_staff_room_boss,Chemistry,SS3A,SCI-LAB-01,1,Monday,9:20,10:00,1,9:20,4
SCH-084-LSN-0005,SCH-084,TCH-01090,veteran_staff_room_boss,Chemistry,SS3B,SCI-LAB-01,1,Monday,10:00,10:40,1,10:00,4
SCH-084-LSN-0006,SCH-084,TCH-01090,veteran_staff_room_boss,Further Mathematics,SS2B,ROOM-SS2B,1,Tuesday,8:40,9:20,1,8:40,4
SCH-084-LSN-0007,SCH-084,TCH-01091,nysc_corper,Civic Education,JSS1A,ROOM-JSS1A,1,Tuesday,13:00,13:40,1,13:00,4.5
SCH-084-LSN-0008,SCH-084,TCH-01091,nysc_corper,Civic Education,JSS3B,ROOM-JSS3B,1,Tuesday,13:40,14:20,1,13:40,4.5
SCH-084-LSN-0009,SCH-084,TCH-01091,nysc_corper,Civic Education,JSS1B,ROOM-JSS1B,1,Wednesday,13:00,13:40,1,13:00,4.5
SCH-084-LSN-0010,SCH-084,TCH-01091,nysc_corper,Civic Education,JSS1A,ROOM-JSS1A,1,Wednesday,13:40,14:20,1,13:40,4.5
SCH-084-LSN-0011,SCH-084,TCH-01092,overworked_generalist,PHE,SS1B,ROOM-SS1B,1,Friday,10:00,12:20,3,10:00,1.45
SCH-084-LSN-0012,SCH-084,TCH-01092,overworked_generalist,Basic Technology,JSS1B,ROOM-JSS1B,0,Friday,8:00,10:00,3,8:00,1.5
SCH-084-LSN-0013,SCH-084,TCH-01092,overworked_generalist,PHE,JSS1A,ROOM-JSS1A,1,Thursday,11:40,13:40,3,11:40,1.46
SCH-084-LSN-0014,SCH-084,TCH-01092,overworked_generalist,Basic Technology,SS3A,WORKSHOP-01,1,Monday,12:20,14:20,3,12:20,1.49
SCH-084-LSN-0015,SCH-084,TCH-01093,overworked_generalist,PHE,JSS1B,ROOM-JSS1B,1,Tuesday,9:20,11:20,3,9:20,1.46
SCH-084-LSN-0016,SCH-084,TCH-01093,overworked_generalist,PHE,SS3A,ROOM-SS3A,1,Wednesday,8:00,10:00,3,8:00,1.47
SCH-084-LSN-0017,SCH-084,TCH-01093,overworked_generalist,Basic Technology,JSS1A,ROOM-JSS1A,0,Monday,10:00,12:20,3,10:00,1.37
SCH-084-LSN-0018,SCH-084,TCH-01093,overworked_generalist,PHE,JSS1A,ROOM-JSS1A,1,Wednesday,10:40,13:00,3,10:40,1.49
SCH-084-LSN-0019,SCH-084,TCH-01094,overworked_generalist,Basic Technology,SS3B,ROOM-SS3B,0,Tuesday,10:00,13:40,5,10:00,1.39
SCH-084-LSN-0020,SCH-084,TCH-01094,overworked_generalist,PHE,JSS2B,ROOM-JSS2B,1,Thursday,10:00,13:40,5,10:00,1.46
SCH-084-LSN-0021,SCH-084,TCH-01094,overworked_generalist,CRS,JSS3A,ROOM-JSS3A,1,Monday,8:00,11:20,5,8:00,1.46
SCH-084-LSN-0022,SCH-084,TCH-01094,overworked_generalist,CRS,JSS2B,ROOM-JSS2B,1,Friday,8:40,12:20,5,8:40,1.41
SCH-084-LSN-0023,SCH-084,TCH-01094,overworked_generalist,Basic Technology,JSS3B,ROOM-JSS3B,0,Wednesday,10:40,14:20,5,10:40,1.39
SCH-084-LSN-0024,SCH-084,TCH-01095,overworked_generalist,Basic Technology,JSS3B,ROOM-JSS3B,0,Tuesday,10:40,13:40,4,10:40,1.48
SCH-084-LSN-0025,SCH-084,TCH-01095,overworked_generalist,CRS,SS3A,ROOM-SS3A,1,Wednesday,11:40,14:20,4,11:40,1.44
SCH-084-LSN-0026,SCH-084,TCH-01095,overworked_generalist,CRS,JSS2B,ROOM-JSS2B,1,Tuesday,8:00,10:40,4,8:00,1.35
SCH-084-LSN-0027,SCH-084,TCH-01095,overworked_generalist,Basic Technology,JSS1A,WORKSHOP-01,1,Wednesday,8:00,10:40,4,8:00,1.13
SCH-084-LSN-0028,SCH-084,TCH-01095,overworked_generalist,CRS,SS3B,ROOM-SS3B,1,Friday,8:00,10:40,4,8:00,1.47
SCH-084-LSN-0029,SCH-084,TCH-01095,overworked_generalist,CRS,JSS2B,ROOM-JSS2B,1,Monday,9:20,12:20,4,9:20,1.48
SCH-084-LSN-0030,SCH-084,TCH-01095,overworked_generalist,Basic Technology,SS1A,WORKSHOP-01,1,Thursday,11:40,14:20,4,11:40,1.43
SCH-084-LSN-0031,SCH-084,TCH-01095,overworked_generalist,Basic Technology,SS3A,ROOM-SS3A,0,Thursday,8:00,10:40,4,8:00,1.48
SCH-084-LSN-0032,SCH-084,TCH-01096,overworked_generalist,PHE,JSS2A,ROOM-JSS2A,1,Thursday,8:40,10:40,3,8:40,1.5
SCH-084-LSN-0033,SCH-084,TCH-01096,overworked_generalist,PHE,SS1B,ROOM-SS1B,1,Monday,10:40,13:00,3,10:40,1.42
SCH-084-LSN-0034,SCH-084,TCH-01096,overworked_generalist,PHE,JSS1A,ROOM-JSS1A,1,Tuesday,8:00,10:00,3,8:00,1.49
SCH-084-LSN-0035,SCH-084,TCH-01096,overworked_generalist,PHE,SS3B,ROOM-SS3B,1,Wednesday,10:40,13:00,3,10:40,1.44
SCH-084-LSN-0036,SCH-084,TCH-01096,overworked_generalist,CRS,SS2A,ROOM-SS2A,1,Friday,10:00,12:20,3,10:00,1.49
SCH-084-LSN-0037,SCH-084,TCH-01096,overworked_generalist,PHE,SS1A,ROOM-SS1A,1,Tuesday,12:20,14:20,3,12:20,1.41
SCH-084-LSN-0038,SCH-084,TCH-01096,overworked_generalist,PHE,SS1A,ROOM-SS1A,1,Wednesday,8:00,10:00,3,8:00,1.47
SCH-084-LSN-0039,SCH-084,TCH-01096,overworked_generalist,CRS,SS1B,ROOM-SS1B,1,Thursday,10:40,13:00,3,10:40,1.47
SCH-084-LSN-0040,SCH-084,TCH-01097,hustling_subject_specialist,Physics,SS1A,SCI-LAB-01,1,Monday,10:40,12:20,2,10:40,4
SCH-084-LSN-0041,SCH-084,TCH-01097,hustling_subject_specialist,Economics,SS3B,ROOM-SS3B,1,Wednesday,8:00,9:20,2,8:00,4
SCH-084-LSN-0042,SCH-084,TCH-01097,hustling_subject_specialist,Economics,SS1A,ROOM-SS1A,1,Monday,9:20,10:40,2,9:20,4
SCH-084-LSN-0043,SCH-084,TCH-01097,hustling_subject_specialist,Physics,SS2B,SCI-LAB-01,1,Monday,8:00,9:20,2,8:00,4
SCH-084-LSN-0044,SCH-084,TCH-01097,hustling_subject_specialist,Physics,SS3A,SCI-LAB-01,1,Wednesday,10:00,11:20,2,10:00,4
SCH-084-LSN-0045,SCH-084,TCH-01097,hustling_subject_specialist,Economics,SS3B,ROOM-SS3B,1,Monday,12:20,13:40,2,12:20,-4
SCH-084-LSN-0046,SCH-084,TCH-01098,overworked_generalist,PHE,JSS2B,ROOM-JSS2B,1,Wednesday,10:00,13:40,5,10:00,1.49
SCH-084-LSN-0047,SCH-084,TCH-01098,overworked_generalist,PHE,SS2A,ROOM-SS2A,1,Tuesday,10:00,13:40,5,10:00,1.25
SCH-084-LSN-0048,SCH-084,TCH-01098,overworked_generalist,PHE,JSS1A,ROOM-JSS1A,1,Friday,8:40,12:20,5,8:40,1.25
SCH-084-LSN-0049,SCH-084,TCH-01098,overworked_generalist,CRS,JSS1A,ROOM-JSS1A,1,Thursday,8:00,11:20,5,8:00,0.77
SCH-084-LSN-0050,SCH-084,TCH-01098,overworked_generalist,CRS,JSS2A,ROOM-JSS2A,1,Monday,8:00,11:20,5,8:00,1.38
SCH-084-LSN-0051,SCH-084,TCH-01099,overworked_generalist,Basic Technology,JSS3A,ROOM-JSS3A,0,Tuesday,10:40,13:00,3,10:40,1.3
SCH-084-LSN-0052,SCH-084,TCH-01099,overworked_generalist,Basic Technology,JSS3A,ROOM-JSS3A,0,Thursday,8:40,10:40,3,8:40,1.48
SCH-084-LSN-0053,SCH-084,TCH-01099,overworked_generalist,Basic Technology,SS3B,WORKSHOP-01,1,Tuesday,8:00,10:00,3,8:00,1.49
SCH-084-LSN-0054,SCH-084,TCH-01099,overworked_generalist,CRS,SS1A,ROOM-SS1A,1,Wednesday,11:40,13:40,3,11:40,1.39
SCH-085-LSN-0001,SCH-085,TCH-01100,overworked_generalist,PHE,SS2B,ROOM-SS2B,1,Wednesday,10:00,13:00,4,10:00,1.49
SCH-085-LSN-0002,SCH-085,TCH-01100,overworked_generalist,CRS,SS2A,ROOM-SS2A,1,Tuesday,11:40,14:20,4,11:40,1.45
SCH-085-LSN-0003,SCH-085,TCH-01100,overworked_generalist,PHE,SS2A,ROOM-SS2A,1,Monday,10:40,13:40,4,10:40,1.42
SCH-085-LSN-0004,SCH-085,TCH-01100,overworked_generalist,Basic Technology,SS1A,WORKSHOP-01,1,Tuesday,8:00,10:40,4,8:00,1.49
SCH-085-LSN-0005,SCH-085,TCH-01100,overworked_generalist,CRS,JSS3A,ROOM-JSS3A,1,Thursday,8:40,11:20,4,8:40,1.43
SCH-085-LSN-0006,SCH-085,TCH-01100,overworked_generalist,Basic Technology,JSS2A,WORKSHOP-01,1,Thursday,11:40,14:20,4,11:40,1.3
SCH-085-LSN-0007,SCH-085,TCH-01100,overworked_generalist,CRS,JSS2B,ROOM-JSS2B,1,Friday,8:40,11:20,4,8:40,1.44
SCH-085-LSN-0008,SCH-085,TCH-01100,overworked_generalist,PHE,SS1B,ROOM-SS1B,1,Monday,8:00,10:40,4,8:00,1.4
SCH-085-LSN-0009,SCH-085,TCH-01101,overworked_generalist,CRS,SS1A,ROOM-SS1A,1,Monday,10:40,14:20,5,10:40,1.48
SCH-085-LSN-0010,SCH-085,TCH-01101,overworked_generalist,Basic Technology,SS3B,ROOM-SS3B,0,Wednesday,10:00,13:40,5,10:00,1.49
SCH-085-LSN-0011,SCH-085,TCH-01101,overworked_generalist,Basic Technology,JSS3A,ROOM-JSS3A,0,Tuesday,8:40,12:20,5,8:40,1.36
SCH-085-LSN-0012,SCH-085,TCH-01101,overworked_generalist,CRS,JSS2A,ROOM-JSS2A,1,Thursday,8:00,11:20,5,8:00,1.12
SCH-085-LSN-0013,SCH-085,TCH-01101,overworked_generalist,Basic Technology,JSS3A,ROOM-JSS3A,0,Friday,8:00,11:20,5,8:00,1.49
SCH-085-LSN-0014,SCH-085,TCH-01102,hustling_subject_specialist,Economics,SS3A,ROOM-SS3A,1,Monday,8:00,9:20,2,8:00,4
SCH-085-LSN-0015,SCH-085,TCH-01102,hustling_subject_specialist,Economics,SS3A,ROOM-SS3A,1,Monday,9:20,10:40,2,9:20,4
SCH-085-LSN-0016,SCH-085,TCH-01102,hustling_subject_specialist,Economics,SS2A,ROOM-SS2A,1,Tuesday,8:00,9:20,2,8:00,4
SCH-085-LSN-0017,SCH-085,TCH-01102,hustling_subject_specialist,Economics,SS3A,ROOM-SS3A,1,Monday,10:40,12:20,2,10:40,4
SCH-085-LSN-0018,SCH-085,TCH-01103,overworked_generalist,Basic Technology,JSS2B,WORKSHOP-01,1,Tuesday,10:40,13:40,4,10:40,1.47
SCH-085-LSN-0019,SCH-085,TCH-01103,overworked_generalist,PHE,SS2B,ROOM-SS2B,1,Thursday,10:00,13:00,4,10:00,1.44
SCH-085-LSN-0020,SCH-085,TCH-01103,overworked_generalist,PHE,SS3A,ROOM-SS3A,1,Friday,9:20,12:20,4,9:20,1.44
SCH-085-LSN-0021,SCH-085,TCH-01103,overworked_generalist,Basic Technology,SS3B,ROOM-SS3B,0,Monday,10:40,13:40,4,10:40,1.45
SCH-085-LSN-0022,SCH-085,TCH-01103,overworked_generalist,Basic Technology,SS3B,WORKSHOP-01,1,Monday,8:00,10:40,4,8:00,1.43
SCH-085-LSN-0023,SCH-085,TCH-01103,overworked_generalist,Basic Technology,JSS1A,ROOM-JSS1A,0,Wednesday,10:40,13:40,4,10:40,1.14
SCH-085-LSN-0024,SCH-085,TCH-01103,overworked_generalist,PHE,JSS1A,ROOM-JSS1A,1,Wednesday,8:00,10:40,4,8:00,1.09
SCH-085-LSN-0025,SCH-085,TCH-01103,overworked_generalist,Basic Technology,JSS2B,WORKSHOP-01,1,Tuesday,8:00,10:40,4,8:00,1.41
SCH-085-LSN-0026,SCH-085,TCH-01104,overworked_generalist,Basic Technology,SS3A,ROOM-SS3A,0,Thursday,11:40,13:40,3,11:40,1.32
SCH-085-LSN-0027,SCH-085,TCH-01104,overworked_generalist,PHE,SS1B,ROOM-SS1B,1,Friday,8:00,10:00,3,8:00,1.5
SCH-085-LSN-0028,SCH-085,TCH-01104,overworked_generalist,Basic Technology,SS2B,ROOM-SS2B,0,Tuesday,9:20,11:20,3,9:20,1.47
SCH-085-LSN-0029,SCH-085,TCH-01104,overworked_generalist,CRS,SS1A,ROOM-SS1A,1,Thursday,8:40,10:40,3,8:40,1.5
SCH-085-LSN-0030,SCH-085,TCH-01104,overworked_generalist,CRS,SS1B,ROOM-SS1B,1,Tuesday,11:40,13:40,3,11:40,1.35
SCH-085-LSN-0031,SCH-085,TCH-01104,overworked_generalist,CRS,JSS2A,ROOM-JSS2A,1,Monday,11:40,13:40,3,11:40,1.48
SCH-085-LSN-0032,SCH-085,TCH-01104,overworked_generalist,Basic Technology,JSS3B,ROOM-JSS3B,0,Friday,10:00,12:20,3,10:00,1.35
SCH-085-LSN-0033,SCH-085,TCH-01104,overworked_generalist,Basic Technology,JSS1B,ROOM-JSS1B,0,Wednesday,8:00,10:00,3,8:00,1.31
SCH-085-LSN-0034,SCH-085,TCH-01104,overworked_generalist,Basic Technology,JSS2B,ROOM-JSS2B,0,Wednesday,10:40,13:00,3,10:40,1.41
SCH-085-LSN-0035,SCH-085,TCH-01104,overworked_generalist,Basic Technology,SS1A,ROOM-SS1A,0,Monday,8:00,10:00,3,8:00,1.38
SCH-085-LSN-0036,SCH-085,TCH-01105,overworked_generalist,CRS,JSS3A,ROOM-JSS3A,1,Thursday,11:40,13:40,3,11:40,1.42
SCH-085-LSN-0037,SCH-085,TCH-01105,overworked_generalist,CRS,SS2A,ROOM-SS2A,1,Wednesday,12:20,14:20,3,12:20,1.49
SCH-085-LSN-0038,SCH-085,TCH-01105,overworked_generalist,Basic Technology,SS1A,ROOM-SS1A,0,Wednesday,10:00,12:20,3,10:00,1.48
SCH-085-LSN-0039,SCH-085,TCH-01105,overworked_generalist,Basic Technology,SS2B,ROOM-SS2B,0,Friday,9:20,11:20,3,9:20,1.35
SCH-085-LSN-0040,SCH-085,TCH-01105,overworked_generalist,PHE,SS1A,ROOM-SS1A,1,Wednesday,8:00,10:00,3,8:00,1.27
SCH-085-LSN-0041,SCH-085,TCH-01105,overworked_generalist,Basic Technology,JSS1B,ROOM-JSS1B,0,Tuesday,9:20,11:20,3,9:20,1.49
SCH-085-LSN-0042,SCH-085,TCH-01105,overworked_generalist,CRS,SS1B,ROOM-SS1B,1,Thursday,8:40,10:40,3,8:40,1.45
SCH-085-LSN-0043,SCH-085,TCH-01105,overworked_generalist,PHE,JSS3B,ROOM-JSS3B,1,Tuesday,12:20,14:20,3,12:20,1.44
SCH-085-LSN-0044,SCH-085,TCH-01106,overworked_generalist,PHE,SS2A,ROOM-SS2A,1,Thursday,8:00,10:00,3,8:00,1.34
SCH-085-LSN-0045,SCH-085,TCH-01106,overworked_generalist,PHE,JSS2A,ROOM-JSS2A,1,Tuesday,9:20,11:20,3,9:20,1.43
SCH-085-LSN-0046,SCH-085,TCH-01106,overworked_generalist,Basic Technology,JSS1A,WORKSHOP-01,1,Thursday,10:40,13:00,3,10:40,1.48
SCH-085-LSN-0047,SCH-085,TCH-01106,overworked_generalist,PHE,SS1A,ROOM-SS1A,1,Wednesday,12:20,14:20,3,12:20,1.02
SCH-085-LSN-0048,SCH-085,TCH-01106,overworked_generalist,Basic Technology,SS1A,ROOM-SS1A,0,Tuesday,12:20,14:20,3,12:20,1.34
SCH-085-LSN-0049,SCH-085,TCH-01106,overworked_generalist,Basic Technology,SS1B,ROOM-SS1B,0,Wednesday,9:20,11:20,3,9:20,1.33
SCH-085-LSN-0050,SCH-085,TCH-01106,overworked_generalist,PHE,SS1B,ROOM-SS1B,1,Friday,10:00,12:20,3,10:00,1.37
SCH-085-LSN-0051,SCH-085,TCH-01106,overworked_generalist,PHE,JSS1A,ROOM-JSS1A,1,Monday,8:00,10:00,3,8:00,1.48
SCH-085-LSN-0052,SCH-085,TCH-01107,nysc_corper,Civic Education,JSS2A,ROOM-JSS2A,1,Monday,13:40,14:20,1,13:40,4.5
SCH-085-LSN-0053,SCH-085,TCH-01107,nysc_corper,Civic Education,JSS1A,ROOM-JSS1A,1,Monday,13:00,13:40,1,13:00,4.5
SCH-085-LSN-0054,SCH-085,TCH-01108,hustling_subject_specialist,Further Mathematics,SS1B,ROOM-SS1B,1,Monday,10:40,13:00,3,10:40,4
SCH-085-LSN-0055,SCH-085,TCH-01108,hustling_subject_specialist,Physics,SS3B,SCI-LAB-01,1,Wednesday,8:00,10:00,3,8:00,4
SCH-085-LSN-0056,SCH-085,TCH-01108,hustling_subject_specialist,Further Mathematics,SS1B,ROOM-SS1B,1,Wednesday,11:40,13:40,3,11:40,0
SCH-085-LSN-0057,SCH-085,TCH-01109,nysc_corper,Civic Education,JSS2B,ROOM-JSS2B,1,Monday,13:00,13:40,1,13:00,4.5
SCH-085-LSN-0058,SCH-085,TCH-01109,nysc_corper,Civic Education,JSS1B,ROOM-JSS1B,1,Monday,13:40,14:20,1,13:40,4.5
SCH-085-LSN-0059,SCH-085,TCH-01109,nysc_corper,Civic Education,JSS1A,ROOM-JSS1A,1,Tuesday,13:00,13:40,1,13:00,4.5
SCH-085-LSN-0060,SCH-085,TCH-01110,overworked_generalist,CRS,SS1A,ROOM-SS1A,1,Friday,10:00,12:20,3,10:00,1.19
SCH-085-LSN-0061,SCH-085,TCH-01110,overworked_generalist,Basic Technology,SS2B,ROOM-SS2B,0,Monday,11:40,13:40,3,11:40,1.49
SCH-085-LSN-0062,SCH-085,TCH-01110,overworked_generalist,Basic Technology,JSS2B,ROOM-JSS2B,0,Thursday,10:00,12:20,3,10:00,1.47
SCH-085-LSN-0063,SCH-085,TCH-01110,overworked_generalist,Basic Technology,SS3B,ROOM-SS3B,0,Tuesday,11:40,13:40,3,11:40,1.45
SCH-085-LSN-0064,SCH-085,TCH-01111,nysc_corper,Basic Science,JSS3B,ROOM-JSS3B,1,Wednesday,13:00,13:40,1,13:00,4.5
SCH-085-LSN-0065,SCH-085,TCH-01111,nysc_corper,Basic Science,JSS3B,ROOM-JSS3B,1,Wednesday,13:40,14:20,1,13:40,4.5
SCH-085-LSN-0066,SCH-085,TCH-01112,veteran_staff_room_boss,Chemistry,SS2A,SCI-LAB-01,1,Monday,8:40,9:20,1,8:40,4
SCH-085-LSN-0067,SCH-085,TCH-01112,veteran_staff_room_boss,Chemistry,SS2A,SCI-LAB-01,1,Monday,9:20,10:00,1,9:20,4
SCH-085-LSN-0068,SCH-085,TCH-01112,veteran_staff_room_boss,Chemistry,SS3A,SCI-LAB-01,1,Tuesday,8:40,9:20,1,8:40,4
SCH-085-LSN-0069,SCH-085,TCH-01112,veteran_staff_room_boss,Chemistry,SS3A,SCI-LAB-01,1,Tuesday,9:20,10:00,1,9:20,4
SCH-085-LSN-0070,SCH-085,TCH-01113,overworked_generalist,PHE,JSS3A,ROOM-JSS3A,1,Monday,8:40,10:40,3,8:40,1.43
SCH-085-LSN-0071,SCH-085,TCH-01113,overworked_generalist,Basic Technology,JSS3A,ROOM-JSS3A,0,Wednesday,11:40,13:40,3,11:40,1.48
SCH-085-LSN-0072,SCH-085,TCH-01113,overworked_generalist,Basic Technology,JSS3B,WORKSHOP-01,1,Thursday,8:40,10:40,3,8:40,1.5
SCH-085-LSN-0073,SCH-085,TCH-01113,overworked_generalist,CRS,JSS1A,ROOM-JSS1A,1,Tuesday,10:00,12:20,3,10:00,1.5
SCH-085-LSN-0074,SCH-085,TCH-01113,overworked_generalist,PHE,SS2B,ROOM-SS2B,1,Wednesday,8:00,10:00,3,8:00,1.11
SCH-085-LSN-0075,SCH-085,TCH-01113,overworked_generalist,PHE,JSS3B,ROOM-JSS3B,1,Monday,11:40,13:40,3,11:40,1.24
SCH-085-LSN-0076,SCH-085,TCH-01113,overworked_generalist,PHE,SS1A,ROOM-SS1A,1,Thursday,11:40,13:40,3,11:40,1.44
SCH-085-LSN-0077,SCH-085,TCH-01113,overworked_generalist,Basic Technology,SS2A,ROOM-SS2A,0,Friday,10:00,12:20,3,10:00,1.2
SCH-085-LSN-0078,SCH-085,TCH-01113,overworked_generalist,Basic Technology,JSS1A,ROOM-JSS1A,0,Tuesday,8:00,10:00,3,8:00,1.33
SCH-085-LSN-0079,SCH-085,TCH-01113,overworked_generalist,Basic Technology,SS2B,WORKSHOP-01,1,Tuesday,12:20,14:20,3,12:20,1.09
SCH-085-LSN-0080,SCH-085,TCH-01113,overworked_generalist,PHE,JSS2A,ROOM-JSS2A,1,Friday,8:00,10:00,3,8:00,0.64
SCH-085-LSN-0081,SCH-085,TCH-01114,overworked_generalist,CRS,JSS3A,ROOM-JSS3A,1,Wednesday,8:00,10:40,4,8:00,1.41
SCH-085-LSN-0082,SCH-085,TCH-01114,overworked_generalist,Basic Technology,SS2B,WORKSHOP-01,1,Monday,8:40,11:20,4,8:40,1.27
SCH-085-LSN-0083,SCH-085,TCH-01114,overworked_generalist,CRS,JSS1A,ROOM-JSS1A,1,Friday,9:20,12:20,4,9:20,1.33
SCH-085-LSN-0084,SCH-085,TCH-01114,overworked_generalist,CRS,JSS1B,ROOM-JSS1B,1,Thursday,10:00,13:00,4,10:00,1.42
SCH-085-LSN-0085,SCH-085,TCH-01114,overworked_generalist,CRS,JSS2A,ROOM-JSS2A,1,Wednesday,11:40,14:20,4,11:40,0.97
SCH-085-LSN-0086,SCH-085,TCH-01114,overworked_generalist,CRS,JSS3B,ROOM-JSS3B,1,Tuesday,9:20,12:20,4,9:20,1.48
SCH-085-LSN-0087,SCH-085,TCH-01115,nysc_corper,Basic Science,JSS1A,ROOM-JSS1A,1,Monday,13:40,14:20,1,13:40,4.5
SCH-085-LSN-0088,SCH-085,TCH-01115,nysc_corper,Civic Education,JSS3A,ROOM-JSS3A,1,Monday,13:00,13:40,1,13:00,4.5
SCH-085-LSN-0089,SCH-085,TCH-01115,nysc_corper,Civic Education,JSS2B,ROOM-JSS2B,1,Tuesday,13:40,14:20,1,13:40,4.5
SCH-085-LSN-0090,SCH-085,TCH-01115,nysc_corper,Basic Science,JSS3B,ROOM-JSS3B,1,Monday,8:00,8:40,1,8:00,0
SCH-086-LSN-0001,SCH-086,TCH-01116,overworked_generalist,PHE,SS2B,ROOM-SS2B,1,Wednesday,10:40,13:40,4,10:40,1.42
SCH-086-LSN-0002,SCH-086,TCH-01116,overworked_generalist,Basic Technology,JSS2A,ROOM-JSS2A,0,Thursday,9:20,12:20,4,9:20,1.4
SCH-086-LSN-0003,SCH-086,TCH-01116,overworked_generalist,PHE,SS1B,ROOM-SS1B,1,Tuesday,8:40,11:20,4,8:40,1.38
SCH-086-LSN-0004,SCH-086,TCH-01116,overworked_generalist,PHE,SS3A,ROOM-SS3A,1,Monday,8:40,11:20,4,8:40,1.38
SCH-086-LSN-0005,SCH-086,TCH-01116,overworked_generalist,CRS,SS3B,ROOM-SS3B,1,Tuesday,11:40,14:20,4,11:40,1.4
SCH-086-LSN-0006,SCH-086,TCH-01116,overworked_generalist,CRS,SS1B,ROOM-SS1B,1,Friday,8:00,10:40,4,8:00,1.35
SCH-086-LSN-0007,SCH-086,TCH-01116,overworked_generalist,Basic Technology,JSS2A,ROOM-JSS2A,0,Monday,11:40,14:20,4,11:40,0.88
SCH-086-LSN-0008,SCH-086,TCH-01116,overworked_generalist,PHE,JSS2B,ROOM-JSS2B,1,Wednesday,8:00,10:40,4,8:00,0.86
SCH-086-LSN-0009,SCH-086,TCH-01117,overworked_generalist,CRS,JSS3B,ROOM-JSS3B,1,Wednesday,9:20,11:20,3,9:20,1.48
SCH-086-LSN-0010,SCH-086,TCH-01117,overworked_generalist,PHE,JSS1B,ROOM-JSS1B,1,Friday,8:40,10:40,3,8:40,1.47
SCH-086-LSN-0011,SCH-086,TCH-01117,overworked_generalist,CRS,JSS3B,ROOM-JSS3B,1,Tuesday,10:40,13:00,3,10:40,1.49
SCH-086-LSN-0012,SCH-086,TCH-01117,overworked_generalist,Basic Technology,JSS3B,WORKSHOP-01,1,Wednesday,12:20,14:20,3,12:20,1.49
SCH-086-LSN-0013,SCH-086,TCH-01117,overworked_generalist,PHE,JSS2B,ROOM-JSS2B,1,Monday,9:20,11:20,3,9:20,1.41
SCH-086-LSN-0014,SCH-086,TCH-01117,overworked_generalist,CRS,SS3A,ROOM-SS3A,1,Tuesday,8:40,10:40,3,8:40,1.46
SCH-086-LSN-0015,SCH-086,TCH-01117,overworked_generalist,CRS,JSS1A,ROOM-JSS1A,1,Monday,11:40,13:40,3,11:40,1.19
SCH-086-LSN-0016,SCH-086,TCH-01117,overworked_generalist,PHE,JSS3A,ROOM-JSS3A,1,Thursday,12:20,14:20,3,12:20,1.26
SCH-086-LSN-0017,SCH-086,TCH-01117,overworked_generalist,Basic Technology,JSS1B,ROOM-JSS1B,0,Thursday,8:40,10:40,3,8:40,1.5
SCH-086-LSN-0018,SCH-086,TCH-01118,overworked_generalist,CRS,SS2B,ROOM-SS2B,1,Thursday,10:00,13:40,5,10:00,1.48
SCH-086-LSN-0019,SCH-086,TCH-01118,overworked_generalist,CRS,JSS2B,ROOM-JSS2B,1,Tuesday,8:40,12:20,5,8:40,1.42
SCH-086-LSN-0020,SCH-086,TCH-01118,overworked_generalist,Basic Technology,JSS1B,ROOM-JSS1B,0,Monday,8:00,11:20,5,8:00,1.43
SCH-086-LSN-0021,SCH-086,TCH-01118,overworked_generalist,PHE,JSS2B,ROOM-JSS2B,1,Wednesday,10:40,14:20,5,10:40,0.76
SCH-086-LSN-0022,SCH-086,TCH-01118,overworked_generalist,CRS,SS3B,ROOM-SS3B,1,Friday,8:00,11:20,5,8:00,0.95
SCH-086-LSN-0023,SCH-086,TCH-01119,overworked_generalist,Basic Technology,JSS1B,WORKSHOP-01,1,Wednesday,8:00,10:40,4,8:00,1.43
SCH-086-LSN-0024,SCH-086,TCH-01119,overworked_generalist,Basic Technology,SS3B,ROOM-SS3B,0,Wednesday,11:40,14:20,4,11:40,1.4
SCH-086-LSN-0025,SCH-086,TCH-01119,overworked_generalist,CRS,JSS3A,ROOM-JSS3A,1,Tuesday,11:40,14:20,4,11:40,1.49
SCH-086-LSN-0026,SCH-086,TCH-01119,overworked_generalist,Basic Technology,JSS2A,ROOM-JSS2A,0,Monday,8:40,11:20,4,8:40,1.23
SCH-086-LSN-0027,SCH-086,TCH-01119,overworked_generalist,CRS,SS2B,ROOM-SS2B,1,Friday,9:20,12:20,4,9:20,1.32
SCH-086-LSN-0028,SCH-086,TCH-01119,overworked_generalist,CRS,JSS1B,ROOM-JSS1B,1,Tuesday,8:00,10:40,4,8:00,1.47
SCH-086-LSN-0029,SCH-086,TCH-01119,overworked_generalist,PHE,JSS2B,ROOM-JSS2B,1,Monday,11:40,14:20,4,11:40,1.45
SCH-086-LSN-0030,SCH-086,TCH-01119,overworked_generalist,Basic Technology,JSS1A,ROOM-JSS1A,0,Thursday,10:40,13:40,4,10:40,1.49
SCH-086-LSN-0031,SCH-086,TCH-01119,overworked_generalist,CRS,SS1A,ROOM-SS1A,1,Thursday,8:00,10:40,4,8:00,1.24
SCH-086-LSN-0032,SCH-086,TCH-01120,veteran_staff_room_boss,Biology,SS1A,SCI-LAB-01,1,Monday,8:40,10:00,2,8:40,4
SCH-086-LSN-0033,SCH-086,TCH-01120,veteran_staff_room_boss,Physics,SS1B,SCI-LAB-01,1,Monday,10:00,11:20,2,10:00,4
SCH-086-LSN-0034,SCH-086,TCH-01120,veteran_staff_room_boss,Physics,SS1A,SCI-LAB-01,1,Tuesday,8:40,10:00,2,8:40,4
SCH-086-LSN-0035,SCH-086,TCH-01120,veteran_staff_room_boss,Physics,SS2B,SCI-LAB-01,1,Tuesday,10:00,11:20,2,10:00,4
SCH-086-LSN-0036,SCH-086,TCH-01120,veteran_staff_room_boss,Biology,SS3A,SCI-LAB-01,1,Wednesday,8:40,10:00,2,8:40,4
SCH-086-LSN-0037,SCH-086,TCH-01120,veteran_staff_room_boss,Biology,SS1B,SCI-LAB-01,1,Wednesday,10:00,11:20,2,10:00,4
SCH-086-LSN-0038,SCH-086,TCH-01121,nysc_corper,Civic Education,JSS2A,ROOM-JSS2A,1,Wednesday,13:00,13:40,1,13:00,4.5
SCH-086-LSN-0039,SCH-086,TCH-01121,nysc_corper,Civic Education,JSS3B,ROOM-JSS3B,1,Monday,13:00,13:40,1,13:00,4.5
SCH-086-LSN-0040,SCH-086,TCH-01121,nysc_corper,Civic Education,JSS2A,ROOM-JSS2A,1,Wednesday,13:40,14:20,1,13:40,4.5
SCH-086-LSN-0041,SCH-086,TCH-01122,overworked_generalist,PHE,JSS2B,ROOM-JSS2B,1,Friday,8:00,10:00,3,8:00,1.46
SCH-086-LSN-0042,SCH-086,TCH-01122,overworked_generalist,PHE,SS1B,ROOM-SS1B,1,Monday,8:00,10:00,3,8:00,1.38
SCH-086-LSN-0043,SCH-086,TCH-01122,overworked_generalist,Basic Technology,SS3B,ROOM-SS3B,0,Thursday,10:40,13:00,3,10:40,1.34
SCH-086-LSN-0044,SCH-086,TCH-01122,overworked_generalist,CRS,SS1A,ROOM-SS1A,1,Wednesday,12:20,14:20,3,12:20,1.43
SCH-086-LSN-0045,SCH-086,TCH-01122,overworked_generalist,Basic Technology,SS2A,ROOM-SS2A,0,Tuesday,12:20,14:20,3,12:20,1.45
SCH-086-LSN-0046,SCH-086,TCH-01122,overworked_generalist,Basic Technology,SS1B,ROOM-SS1B,0,Monday,12:20,14:20,3,12:20,1.26
SCH-086-LSN-0047,SCH-086,TCH-01123,overworked_generalist,CRS,JSS1B,ROOM-JSS1B,1,Thursday,10:40,14:20,5,10:40,1.42
SCH-086-LSN-0048,SCH-086,TCH-01123,overworked_generalist,CRS,JSS3A,ROOM-JSS3A,1,Monday,9:20,13:00,5,9:20,1.46
SCH-086-LSN-0049,SCH-086,TCH-01123,overworked_generalist,PHE,SS1A,ROOM-SS1A,1,Friday,8:40,12:20,5,8:40,1.45
SCH-086-LSN-0050,SCH-086,TCH-01123,overworked_generalist,PHE,JSS1A,ROOM-JSS1A,1,Wednesday,10:40,14:20,5,10:40,1.22
SCH-086-LSN-0051,SCH-086,TCH-01123,overworked_generalist,CRS,SS2A,ROOM-SS2A,1,Tuesday,8:00,11:20,5,8:00,1.14
SCH-086-LSN-0052,SCH-086,TCH-01124,nysc_corper,Civic Education,JSS1A,ROOM-JSS1A,1,Monday,13:40,14:20,1,13:40,4.5
SCH-086-LSN-0053,SCH-086,TCH-01124,nysc_corper,Civic Education,JSS2B,ROOM-JSS2B,1,Thursday,13:00,13:40,1,13:00,4.5
SCH-086-LSN-0054,SCH-086,TCH-01125,veteran_staff_room_boss,Physics,SS3A,SCI-LAB-01,1,Thursday,8:40,9:20,1,8:40,4
SCH-086-LSN-0055,SCH-086,TCH-01125,veteran_staff_room_boss,Further Mathematics,SS3A,ROOM-SS3A,1,Wednesday,10:00,10:40,1,10:00,4
SCH-086-LSN-0056,SCH-086,TCH-01125,veteran_staff_room_boss,Further Mathematics,SS1A,ROOM-SS1A,1,Monday,10:00,10:40,1,10:00,4
SCH-086-LSN-0057,SCH-086,TCH-01125,veteran_staff_room_boss,Physics,SS1A,SCI-LAB-01,1,Tuesday,10:00,10:40,1,10:00,4
SCH-086-LSN-0058,SCH-086,TCH-01125,veteran_staff_room_boss,Physics,SS3B,SCI-LAB-01,1,Thursday,9:20,10:00,1,9:20,4
SCH-086-LSN-0059,SCH-086,TCH-01125,veteran_staff_room_boss,Physics,SS2A,SCI-LAB-01,1,Thursday,10:00,10:40,1,10:00,4
SCH-086-LSN-0060,SCH-086,TCH-01125,veteran_staff_room_boss,Further Mathematics,SS1B,ROOM-SS1B,1,Monday,11:40,12:20,1,11:40,0
SCH-086-LSN-0061,SCH-086,TCH-01125,veteran_staff_room_boss,Further Mathematics,SS3A,ROOM-SS3A,1,Friday,8:40,9:20,1,8:40,4
SCH-087-LSN-0001,SCH-087,TCH-01126,nysc_corper,Civic Education,JSS3B,ROOM-JSS3B,1,Monday,13:00,13:40,1,13:00,4.5
SCH-087-LSN-0002,SCH-087,TCH-01126,nysc_corper,Civic Education,JSS3B,ROOM-JSS3B,1,Monday,13:40,14:20,1,13:40,4.5
SCH-087-LSN-0003,SCH-087,TCH-01126,nysc_corper,Basic Science,JSS3A,ROOM-JSS3A,1,Tuesday,13:00,13:40,1,13:00,4.5
SCH-087-LSN-0004,SCH-087,TCH-01126,nysc_corper,Civic Education,JSS1B,ROOM-JSS1B,1,Tuesday,13:40,14:20,1,13:40,4.5
SCH-087-LSN-0005,SCH-087,TCH-01126,nysc_corper,Civic Education,JSS2B,ROOM-JSS2B,1,Thursday,13:00,13:40,1,13:00,4.5
SCH-087-LSN-0006,SCH-087,TCH-01126,nysc_corper,Basic Science,JSS3B,ROOM-JSS3B,1,Thursday,13:40,14:20,1,13:40,4.5
SCH-087-LSN-0007,SCH-087,TCH-01126,nysc_corper,Civic Education,JSS3A,ROOM-JSS3A,1,Monday,8:00,8:40,1,8:00,0
SCH-087-LSN-0008,SCH-087,TCH-01126,nysc_corper,Civic Education,JSS1B,ROOM-JSS1B,1,Monday,8:40,9:20,1,8:40,0
SCH-087-LSN-0009,SCH-087,TCH-01127,nysc_corper,Civic Education,JSS3A,ROOM-JSS3A,1,Monday,13:00,13:40,1,13:00,4.5
SCH-087-LSN-0010,SCH-087,TCH-01127,nysc_corper,Civic Education,JSS2A,ROOM-JSS2A,1,Monday,13:40,14:20,1,13:40,4.5
SCH-087-LSN-0011,SCH-087,TCH-01127,nysc_corper,Basic Science,JSS3B,ROOM-JSS3B,1,Tuesday,13:00,13:40,1,13:00,4.5
SCH-087-LSN-0012,SCH-087,TCH-01127,nysc_corper,Basic Science,JSS3A,ROOM-JSS3A,1,Tuesday,13:40,14:20,1,13:40,4.5
SCH-087-LSN-0013,SCH-087,TCH-01128,hustling_subject_specialist,Physics,SS1B,SCI-LAB-01,1,Tuesday,8:00,10:00,3,8:00,4
SCH-087-LSN-0014,SCH-087,TCH-01128,hustling_subject_specialist,Economics,SS1A,ROOM-SS1A,1,Tuesday,10:00,12:20,3,10:00,4
SCH-087-LSN-0015,SCH-087,TCH-01128,hustling_subject_specialist,Physics,SS1A,SCI-LAB-01,1,Wednesday,8:00,10:00,3,8:00,4
SCH-087-LSN-0016,SCH-087,TCH-01128,hustling_subject_specialist,Economics,SS1A,ROOM-SS1A,1,Wednesday,10:00,12:20,3,10:00,4
SCH-087-LSN-0017,SCH-087,TCH-01128,hustling_subject_specialist,Economics,SS2B,ROOM-SS2B,1,Tuesday,12:20,14:20,3,12:20,-4
SCH-087-LSN-0018,SCH-087,TCH-01128,hustling_subject_specialist,Physics,SS2B,SCI-LAB-01,1,Wednesday,12:20,14:20,3,12:20,-4
SCH-087-LSN-0019,SCH-087,TCH-01129,hustling_subject_specialist,Further Mathematics,SS1A,ROOM-SS1A,1,Thursday,8:00,10:00,3,8:00,4
SCH-087-LSN-0020,SCH-087,TCH-01129,hustling_subject_specialist,Further Mathematics,SS3A,ROOM-SS3A,1,Wednesday,8:00,10:00,3,8:00,4
SCH-087-LSN-0021,SCH-087,TCH-01129,hustling_subject_specialist,Further Mathematics,SS3A,ROOM-SS3A,1,Wednesday,10:00,12:20,3,10:00,4
SCH-087-LSN-0022,SCH-087,TCH-01129,hustling_subject_specialist,Further Mathematics,SS3A,ROOM-SS3A,1,Thursday,10:00,12:20,3,10:00,4
SCH-087-LSN-0023,SCH-087,TCH-01130,overworked_generalist,CRS,JSS1A,ROOM-JSS1A,1,Wednesday,8:40,10:40,3,8:40,1.43
SCH-087-LSN-0024,SCH-087,TCH-01130,overworked_generalist,PHE,JSS1A,ROOM-JSS1A,1,Tuesday,10:00,12:20,3,10:00,1.5
SCH-087-LSN-0025,SCH-087,TCH-01130,overworked_generalist,CRS,JSS3A,ROOM-JSS3A,1,Thursday,12:20,14:20,3,12:20,1.5
SCH-087-LSN-0026,SCH-087,TCH-01130,overworked_generalist,CRS,JSS2B,ROOM-JSS2B,1,Friday,9:20,11:20,3,9:20,1.4
SCH-087-LSN-0027,SCH-087,TCH-01130,overworked_generalist,CRS,SS1A,ROOM-SS1A,1,Monday,9:20,11:20,3,9:20,1.48
SCH-087-LSN-0028,SCH-087,TCH-01130,overworked_generalist,PHE,SS1B,ROOM-SS1B,1,Wednesday,12:20,14:20,3,12:20,1.38
SCH-087-LSN-0029,SCH-087,TCH-01130,overworked_generalist,CRS,JSS2A,ROOM-JSS2A,1,Thursday,9:20,11:20,3,9:20,1.31
SCH-087-LSN-0030,SCH-087,TCH-01130,overworked_generalist,PHE,JSS1B,ROOM-JSS1B,1,Monday,11:40,13:40,3,11:40,1.28
SCH-087-LSN-0031,SCH-087,TCH-01131,overworked_generalist,Basic Technology,SS3A,ROOM-SS3A,0,Tuesday,9:20,12:20,4,9:20,1.34
SCH-087-LSN-0032,SCH-087,TCH-01131,overworked_generalist,Basic Technology,SS1A,ROOM-SS1A,0,Friday,8:40,11:20,4,8:40,1.44
SCH-087-LSN-0033,SCH-087,TCH-01131,overworked_generalist,Basic Technology,SS3A,ROOM-SS3A,0,Monday,10:00,13:00,4,10:00,1.5
SCH-087-LSN-0034,SCH-087,TCH-01131,overworked_generalist,Basic Technology,JSS1B,ROOM-JSS1B,0,Wednesday,8:00,10:40,4,8:00,1.44
SCH-087-LSN-0035,SCH-087,TCH-01131,overworked_generalist,Basic Technology,JSS3A,ROOM-JSS3A,0,Wednesday,11:40,14:20,4,11:40,1.49
SCH-087-LSN-0036,SCH-087,TCH-01131,overworked_generalist,Basic Technology,JSS3A,ROOM-JSS3A,0,Thursday,8:40,11:20,4,8:40,1.44
SCH-087-LSN-0037,SCH-087,TCH-01132,hustling_subject_specialist,Economics,SS3B,ROOM-SS3B,1,Monday,8:00,9:20,2,8:00,4
SCH-087-LSN-0038,SCH-087,TCH-01132,hustling_subject_specialist,Physics,SS2B,SCI-LAB-01,1,Monday,9:20,10:40,2,9:20,4
SCH-087-LSN-0039,SCH-087,TCH-01132,hustling_subject_specialist,Physics,SS2B,SCI-LAB-01,1,Monday,10:40,12:20,2,10:40,4
SCH-087-LSN-0040,SCH-087,TCH-01132,hustling_subject_specialist,Physics,SS1A,SCI-LAB-01,1,Tuesday,8:00,9:20,2,8:00,4
SCH-087-LSN-0041,SCH-087,TCH-01132,hustling_subject_specialist,Economics,SS1A,ROOM-SS1A,1,Monday,12:20,13:40,2,12:20,-4
SCH-087-LSN-0042,SCH-087,TCH-01132,hustling_subject_specialist,Physics,SS2B,SCI-LAB-01,1,Tuesday,9:20,10:40,2,9:20,4
SCH-087-LSN-0043,SCH-087,TCH-01133,hustling_subject_specialist,Economics,SS2A,ROOM-SS2A,1,Monday,8:00,9:20,2,8:00,4
SCH-087-LSN-0044,SCH-087,TCH-01133,hustling_subject_specialist,Economics,SS2A,ROOM-SS2A,1,Monday,9:20,10:40,2,9:20,4
SCH-087-LSN-0045,SCH-087,TCH-01133,hustling_subject_specialist,Further Mathematics,SS2B,ROOM-SS2B,1,Tuesday,8:00,9:20,2,8:00,4
SCH-087-LSN-0046,SCH-087,TCH-01133,hustling_subject_specialist,Further Mathematics,SS1A,ROOM-SS1A,1,Thursday,10:00,11:20,2,10:00,4
SCH-087-LSN-0047,SCH-087,TCH-01133,hustling_subject_specialist,Economics,SS1A,ROOM-SS1A,1,Thursday,11:40,13:00,2,11:40,0
SCH-087-LSN-0048,SCH-087,TCH-01133,hustling_subject_specialist,Economics,SS2A,ROOM-SS2A,1,Monday,10:40,12:20,2,10:40,4
SCH-087-LSN-0049,SCH-087,TCH-01133,hustling_subject_specialist,Economics,SS3A,ROOM-SS3A,1,Thursday,8:00,9:20,2,8:00,4
SCH-087-LSN-0050,SCH-087,TCH-01133,hustling_subject_specialist,Further Mathematics,SS2A,ROOM-SS2A,1,Tuesday,9:20,10:40,2,9:20,4
SCH-087-LSN-0051,SCH-087,TCH-01134,overworked_generalist,CRS,SS3A,ROOM-SS3A,1,Friday,9:20,11:20,3,9:20,1.3
SCH-087-LSN-0052,SCH-087,TCH-01134,overworked_generalist,Basic Technology,SS2A,ROOM-SS2A,0,Thursday,8:00,10:00,3,8:00,1.47
SCH-087-LSN-0053,SCH-087,TCH-01134,overworked_generalist,Basic Technology,JSS3A,ROOM-JSS3A,0,Tuesday,8:40,10:40,3,8:40,1.47
SCH-087-LSN-0054,SCH-087,TCH-01134,overworked_generalist,Basic Technology,SS2A,ROOM-SS2A,0,Wednesday,10:40,13:00,3,10:40,1.32
SCH-087-LSN-0055,SCH-087,TCH-01134,overworked_generalist,Basic Technology,JSS1B,ROOM-JSS1B,0,Tuesday,11:40,13:40,3,11:40,1.48
SCH-087-LSN-0056,SCH-087,TCH-01134,overworked_generalist,Basic Technology,JSS2A,ROOM-JSS2A,0,Wednesday,8:40,10:40,3,8:40,1.49
SCH-087-LSN-0057,SCH-087,TCH-01134,overworked_generalist,CRS,SS2B,ROOM-SS2B,1,Monday,12:20,14:20,3,12:20,1.37
SCH-087-LSN-0058,SCH-087,TCH-01134,overworked_generalist,CRS,JSS3A,ROOM-JSS3A,1,Monday,8:40,10:40,3,8:40,1.44
SCH-087-LSN-0059,SCH-087,TCH-01135,overworked_generalist,CRS,JSS3B,ROOM-JSS3B,1,Wednesday,10:00,13:00,4,10:00,1.49
SCH-087-LSN-0060,SCH-087,TCH-01135,overworked_generalist,CRS,JSS3B,ROOM-JSS3B,1,Monday,8:40,11:20,4,8:40,1.43
SCH-087-LSN-0061,SCH-087,TCH-01135,overworked_generalist,PHE,JSS3B,ROOM-JSS3B,1,Friday,8:00,10:40,4,8:00,1.44
SCH-087-LSN-0062,SCH-087,TCH-01135,overworked_generalist,PHE,SS3B,ROOM-SS3B,1,Tuesday,8:00,10:40,4,8:00,1.36
SCH-087-LSN-0063,SCH-087,TCH-01135,overworked_generalist,PHE,SS3B,ROOM-SS3B,1,Thursday,9:20,12:20,4,9:20,1.48
SCH-087-LSN-0064,SCH-087,TCH-01135,overworked_generalist,Basic Technology,JSS2B,ROOM-JSS2B,0,Tuesday,11:40,14:20,4,11:40,1.32
SCH-087-LSN-0065,SCH-087,TCH-01135,overworked_generalist,PHE,SS1B,ROOM-SS1B,1,Monday,11:40,14:20,4,11:40,1.34
SCH-087-LSN-0066,SCH-087,TCH-01136,nysc_corper,Civic Education,JSS3A,ROOM-JSS3A,1,Monday,13:40,14:20,1,13:40,4.5
SCH-087-LSN-0067,SCH-087,TCH-01136,nysc_corper,Basic Science,JSS3A,ROOM-JSS3A,1,Monday,10:40,11:20,1,10:40,0
SCH-087-LSN-0068,SCH-087,TCH-01136,nysc_corper,Basic Science,JSS3B,ROOM-JSS3B,1,Tuesday,13:40,14:20,1,13:40,4.5
SCH-087-LSN-0069,SCH-087,TCH-01136,nysc_corper,Basic Science,JSS1A,ROOM-JSS1A,1,Monday,13:00,13:40,1,13:00,4.5
SCH-087-LSN-0070,SCH-087,TCH-01136,nysc_corper,Civic Education,JSS1B,ROOM-JSS1B,1,Wednesday,13:00,13:40,1,13:00,4.5
SCH-087-LSN-0071,SCH-087,TCH-01136,nysc_corper,Basic Science,JSS1B,ROOM-JSS1B,1,Wednesday,13:40,14:20,1,13:40,4.5
SCH-087-LSN-0072,SCH-087,TCH-01136,nysc_corper,Civic Education,JSS3A,ROOM-JSS3A,1,Monday,11:40,12:20,1,11:40,0
SCH-087-LSN-0073,SCH-087,TCH-01136,nysc_corper,Basic Science,JSS3A,ROOM-JSS3A,1,Monday,12:20,13:00,1,12:20,0
SCH-087-LSN-0074,SCH-087,TCH-01137,veteran_staff_room_boss,Further Mathematics,SS1A,ROOM-SS1A,1,Monday,8:00,9:20,2,8:00,0
SCH-087-LSN-0075,SCH-087,TCH-01137,veteran_staff_room_boss,Physics,SS2A,SCI-LAB-01,1,Wednesday,8:40,10:00,2,8:40,4
SCH-087-LSN-0076,SCH-087,TCH-01137,veteran_staff_room_boss,Further Mathematics,SS1A,ROOM-SS1A,1,Tuesday,12:20,13:40,2,12:20,-5
SCH-087-LSN-0077,SCH-087,TCH-01137,veteran_staff_room_boss,Further Mathematics,SS1B,ROOM-SS1B,1,Monday,9:20,10:40,2,9:20,4
SCH-087-LSN-0078,SCH-087,TCH-01138,veteran_staff_room_boss,Physics,SS2A,SCI-LAB-01,1,Thursday,10:00,11:20,2,10:00,4
SCH-087-LSN-0079,SCH-087,TCH-01138,veteran_staff_room_boss,Physics,SS1A,SCI-LAB-01,1,Wednesday,12:20,13:40,2,12:20,-5
SCH-087-LSN-0080,SCH-087,TCH-01138,veteran_staff_room_boss,Physics,SS2A,SCI-LAB-01,1,Friday,8:40,10:00,2,8:40,4
SCH-088-LSN-0001,SCH-088,TCH-01139,nysc_corper,Civic Education,JSS2B,ROOM-JSS2B,1,Tuesday,13:00,13:40,1,13:00,4.5
SCH-088-LSN-0002,SCH-088,TCH-01139,nysc_corper,Civic Education,JSS3B,ROOM-JSS3B,1,Tuesday,13:40,14:20,1,13:40,4.5
SCH-088-LSN-0003,SCH-088,TCH-01139,nysc_corper,Civic Education,JSS2B,ROOM-JSS2B,1,Wednesday,13:00,13:40,1,13:00,4.5
SCH-088-LSN-0004,SCH-088,TCH-01140,veteran_staff_room_boss,Physics,SS3A,SCI-LAB-01,1,Monday,8:40,9:20,1,8:40,4
SCH-088-LSN-0005,SCH-088,TCH-01140,veteran_staff_room_boss,Physics,SS3B,SCI-LAB-01,1,Monday,9:20,10:00,1,9:20,4
SCH-088-LSN-0006,SCH-088,TCH-01140,veteran_staff_room_boss,Biology,SS3B,SCI-LAB-01,1,Monday,10:00,10:40,1,10:00,4
SCH-088-LSN-0007,SCH-088,TCH-01140,veteran_staff_room_boss,Biology,SS1A,SCI-LAB-01,1,Tuesday,8:40,9:20,1,8:40,4
SCH-088-LSN-0008,SCH-088,TCH-01140,veteran_staff_room_boss,Biology,SS2A,SCI-LAB-01,1,Tuesday,9:20,10:00,1,9:20,4
SCH-088-LSN-0009,SCH-088,TCH-01140,veteran_staff_room_boss,Biology,SS2B,SCI-LAB-01,1,Tuesday,10:00,10:40,1,10:00,4
SCH-088-LSN-0010,SCH-088,TCH-01141,overworked_generalist,CRS,JSS2B,ROOM-JSS2B,1,Wednesday,9:20,11:20,3,9:20,1.37
SCH-088-LSN-0011,SCH-088,TCH-01141,overworked_generalist,PHE,JSS3A,ROOM-JSS3A,1,Tuesday,11:40,13:40,3,11:40,1.49
SCH-088-LSN-0012,SCH-088,TCH-01141,overworked_generalist,PHE,SS3A,ROOM-SS3A,1,Wednesday,12:20,14:20,3,12:20,1.45
SCH-088-LSN-0013,SCH-088,TCH-01141,overworked_generalist,PHE,SS1A,ROOM-SS1A,1,Monday,8:00,10:00,3,8:00,1.49
SCH-088-LSN-0014,SCH-088,TCH-01142,overworked_generalist,Basic Technology,JSS2A,ROOM-JSS2A,0,Tuesday,10:00,13:00,4,10:00,1.49
SCH-088-LSN-0015,SCH-088,TCH-01142,overworked_generalist,Basic Technology,JSS1B,ROOM-JSS1B,0,Monday,9:20,12:20,4,9:20,1.43
SCH-088-LSN-0016,SCH-088,TCH-01142,overworked_generalist,Basic Technology,JSS3B,WORKSHOP-01,1,Thursday,10:00,13:00,4,10:00,1.48
SCH-088-LSN-0017,SCH-088,TCH-01142,overworked_generalist,Basic Technology,SS3B,WORKSHOP-01,1,Wednesday,10:00,13:00,4,10:00,1.43
SCH-088-LSN-0018,SCH-088,TCH-01142,overworked_generalist,CRS,SS2A,ROOM-SS2A,1,Friday,9:20,12:20,4,9:20,1.48
SCH-088-LSN-0019,SCH-088,TCH-01143,nysc_corper,Civic Education,JSS2B,ROOM-JSS2B,1,Monday,13:00,13:40,1,13:00,4.5
SCH-088-LSN-0020,SCH-088,TCH-01143,nysc_corper,Basic Science,JSS3B,ROOM-JSS3B,1,Monday,13:40,14:20,1,13:40,4.5
SCH-088-LSN-0021,SCH-088,TCH-01143,nysc_corper,Civic Education,JSS3B,ROOM-JSS3B,1,Tuesday,13:00,13:40,1,13:00,4.5
SCH-088-LSN-0022,SCH-088,TCH-01143,nysc_corper,Civic Education,JSS2A,ROOM-JSS2A,1,Tuesday,13:40,14:20,1,13:40,4.5
SCH-088-LSN-0023,SCH-088,TCH-01144,veteran_staff_room_boss,Biology,SS3B,SCI-LAB-01,1,Tuesday,8:40,10:00,2,8:40,4
SCH-088-LSN-0024,SCH-088,TCH-01144,veteran_staff_room_boss,Biology,SS1A,SCI-LAB-01,1,Monday,10:00,11:20,2,10:00,4
SCH-088-LSN-0025,SCH-088,TCH-01144,veteran_staff_room_boss,Further Mathematics,SS1A,ROOM-SS1A,1,Tuesday,10:00,11:20,2,10:00,4
SCH-088-LSN-0026,SCH-088,TCH-01144,veteran_staff_room_boss,Biology,SS3A,SCI-LAB-01,1,Wednesday,8:40,10:00,2,8:40,4
SCH-088-LSN-0027,SCH-088,TCH-01144,veteran_staff_room_boss,Biology,SS1B,SCI-LAB-01,1,Wednesday,10:00,11:20,2,10:00,4
SCH-088-LSN-0028,SCH-088,TCH-01144,veteran_staff_room_boss,Biology,SS2A,SCI-LAB-01,1,Thursday,8:40,10:00,2,8:40,4
SCH-088-LSN-0029,SCH-088,TCH-01145,overworked_generalist,Basic Technology,SS2A,ROOM-SS2A,0,Thursday,10:40,13:40,4,10:40,1.45
SCH-088-LSN-0030,SCH-088,TCH-01145,overworked_generalist,Basic Technology,JSS3A,WORKSHOP-01,1,Wednesday,8:00,10:40,4,8:00,1.39
SCH-088-LSN-0031,SCH-088,TCH-01145,overworked_generalist,Basic Technology,SS2A,ROOM-SS2A,0,Tuesday,10:40,13:40,4,10:40,1.43
SCH-088-LSN-0032,SCH-088,TCH-01145,overworked_generalist,Basic Technology,JSS3B,ROOM-JSS3B,0,Wednesday,10:40,13:40,4,10:40,1.45
SCH-088-LSN-0033,SCH-088,TCH-01145,overworked_generalist,Basic Technology,SS1B,WORKSHOP-01,1,Friday,8:00,10:40,4,8:00,1.48
SCH-088-LSN-0034,SCH-088,TCH-01145,overworked_generalist,CRS,JSS3A,ROOM-JSS3A,1,Tuesday,8:00,10:40,4,8:00,1.47
SCH-088-LSN-0035,SCH-088,TCH-01146,veteran_staff_room_boss,Physics,SS2A,SCI-LAB-01,1,Monday,8:40,10:00,2,8:40,4
SCH-088-LSN-0036,SCH-088,TCH-01146,veteran_staff_room_boss,Physics,SS1A,SCI-LAB-01,1,Thursday,10:00,11:20,2,10:00,4
SCH-088-LSN-0037,SCH-088,TCH-01146,veteran_staff_room_boss,Physics,SS2A,SCI-LAB-01,1,Monday,11:40,13:00,2,11:40,0
SCH-088-LSN-0038,SCH-088,TCH-01146,veteran_staff_room_boss,Physics,SS2B,SCI-LAB-01,1,Friday,8:40,10:00,2,8:40,4
SCH-088-LSN-0039,SCH-088,TCH-01147,veteran_staff_room_boss,Further Mathematics,SS3A,ROOM-SS3A,1,Monday,9:20,10:00,1,9:20,4
SCH-088-LSN-0040,SCH-088,TCH-01147,veteran_staff_room_boss,Further Mathematics,SS1B,ROOM-SS1B,1,Monday,10:00,10:40,1,10:00,4
SCH-088-LSN-0041,SCH-088,TCH-01148,hustling_subject_specialist,Economics,SS2A,ROOM-SS2A,1,Wednesday,8:00,10:00,3,8:00,4
SCH-088-LSN-0042,SCH-088,TCH-01148,hustling_subject_specialist,Economics,SS1B,ROOM-SS1B,1,Monday,8:00,10:00,3,8:00,4
SCH-088-LSN-0043,SCH-088,TCH-01148,hustling_subject_specialist,Economics,SS3A,ROOM-SS3A,1,Monday,10:00,12:20,3,10:00,4
SCH-088-LSN-0044,SCH-088,TCH-01149,veteran_staff_room_boss,Chemistry,SS2B,SCI-LAB-01,1,Friday,10:00,10:40,1,10:00,4
SCH-088-LSN-0045,SCH-088,TCH-01149,veteran_staff_room_boss,Further Mathematics,SS3B,ROOM-SS3B,1,Monday,8:40,9:20,1,8:40,4
SCH-088-LSN-0046,SCH-088,TCH-01149,veteran_staff_room_boss,Further Mathematics,SS1A,ROOM-SS1A,1,Tuesday,9:20,10:00,1,9:20,4
SCH-088-LSN-0047,SCH-088,TCH-01149,veteran_staff_room_boss,Chemistry,SS3B,SCI-LAB-01,1,Tuesday,10:40,11:20,1,10:40,0
SCH-088-LSN-0048,SCH-088,TCH-01149,veteran_staff_room_boss,Further Mathematics,SS1A,ROOM-SS1A,1,Wednesday,8:40,9:20,1,8:40,4
SCH-088-LSN-0049,SCH-088,TCH-01149,veteran_staff_room_boss,Further Mathematics,SS2A,ROOM-SS2A,1,Monday,10:00,10:40,1,10:00,4
SCH-088-LSN-0050,SCH-088,TCH-01149,veteran_staff_room_boss,Chemistry,SS1A,SCI-LAB-01,1,Tuesday,11:40,12:20,1,11:40,0
SCH-088-LSN-0051,SCH-088,TCH-01149,veteran_staff_room_boss,Chemistry,SS2A,SCI-LAB-01,1,Wednesday,11:40,12:20,1,11:40,0
SCH-088-LSN-0052,SCH-088,TCH-01150,overworked_generalist,PHE,JSS3A,ROOM-JSS3A,1,Friday,8:40,12:20,5,8:40,1.41
SCH-088-LSN-0053,SCH-088,TCH-01150,overworked_generalist,PHE,JSS2B,ROOM-JSS2B,1,Tuesday,8:00,11:20,5,8:00,1.41
SCH-088-LSN-0054,SCH-088,TCH-01150,overworked_generalist,Basic Technology,SS1A,ROOM-SS1A,0,Wednesday,10:40,14:20,5,10:40,1.28
SCH-088-LSN-0055,SCH-088,TCH-01150,overworked_generalist,Basic Technology,JSS3B,ROOM-JSS3B,0,Monday,10:00,13:40,5,10:00,1.04
SCH-088-LSN-0056,SCH-088,TCH-01150,overworked_generalist,PHE,JSS1B,ROOM-JSS1B,1,Thursday,8:40,12:20,5,8:40,1.18
SCH-088-LSN-0057,SCH-088,TCH-01151,veteran_staff_room_boss,Physics,SS2A,SCI-LAB-01,1,Thursday,10:00,10:40,1,10:00,4
SCH-088-LSN-0058,SCH-088,TCH-01151,veteran_staff_room_boss,Physics,SS1B,SCI-LAB-01,1,Monday,11:40,12:20,1,11:40,0
SCH-088-LSN-0059,SCH-088,TCH-01151,veteran_staff_room_boss,Chemistry,SS1A,SCI-LAB-01,1,Friday,10:00,10:40,1,10:00,4
SCH-088-LSN-0060,SCH-088,TCH-01151,veteran_staff_room_boss,Chemistry,SS1A,SCI-LAB-01,1,Tuesday,8:00,8:40,1,8:00,0
SCH-088-LSN-0061,SCH-088,TCH-01151,veteran_staff_room_boss,Physics,SS1A,SCI-LAB-01,1,Wednesday,8:00,8:40,1,8:00,0
SCH-088-LSN-0062,SCH-088,TCH-01151,veteran_staff_room_boss,Chemistry,SS1B,SCI-LAB-01,1,Tuesday,10:40,11:20,1,10:40,0
SCH-088-LSN-0063,SCH-088,TCH-01151,veteran_staff_room_boss,Physics,SS1B,SCI-LAB-01,1,Thursday,8:00,8:40,1,8:00,0
SCH-088-LSN-0064,SCH-088,TCH-01151,veteran_staff_room_boss,Physics,SS1B,SCI-LAB-01,1,Thursday,10:40,11:20,1,10:40,0
SCH-088-LSN-0065,SCH-088,TCH-01152,nysc_corper,Civic Education,JSS3B,ROOM-JSS3B,1,Wednesday,13:40,14:20,1,13:40,4.5
SCH-088-LSN-0066,SCH-088,TCH-01152,nysc_corper,Civic Education,JSS1A,ROOM-JSS1A,1,Tuesday,13:00,13:40,1,13:00,4.5
SCH-088-LSN-0067,SCH-088,TCH-01152,nysc_corper,Civic Education,JSS3B,ROOM-JSS3B,1,Thursday,13:00,13:40,1,13:00,4.5
SCH-088-LSN-0068,SCH-088,TCH-01153,nysc_corper,Basic Science,JSS1B,ROOM-JSS1B,1,Monday,13:00,13:40,1,13:00,4.5
SCH-088-LSN-0069,SCH-088,TCH-01153,nysc_corper,Basic Science,JSS2B,ROOM-JSS2B,1,Monday,13:40,14:20,1,13:40,4.5
SCH-088-LSN-0070,SCH-088,TCH-01153,nysc_corper,Basic Science,JSS3B,ROOM-JSS3B,1,Thursday,13:40,14:20,1,13:40,4.5
SCH-088-LSN-0071,SCH-088,TCH-01153,nysc_corper,Basic Science,JSS1A,ROOM-JSS1A,1,Tuesday,13:40,14:20,1,13:40,4.5
SCH-088-LSN-0072,SCH-088,TCH-01154,nysc_corper,Basic Science,JSS1B,ROOM-JSS1B,1,Monday,13:40,14:20,1,13:40,4.5
SCH-088-LSN-0073,SCH-088,TCH-01154,nysc_corper,Basic Science,JSS3A,ROOM-JSS3A,1,Monday,13:00,13:40,1,13:00,4.5
SCH-088-LSN-0074,SCH-088,TCH-01154,nysc_corper,Civic Education,JSS3B,ROOM-JSS3B,1,Monday,8:00,8:40,1,8:00,0
SCH-088-LSN-0075,SCH-088,TCH-01154,nysc_corper,Basic Science,JSS3A,ROOM-JSS3A,1,Tuesday,13:40,14:20,1,13:40,4.5
SCH-088-LSN-0076,SCH-088,TCH-01154,nysc_corper,Civic Education,JSS1A,ROOM-JSS1A,1,Wednesday,13:00,13:40,1,13:00,4.5
SCH-088-LSN-0077,SCH-088,TCH-01154,nysc_corper,Basic Science,JSS3A,ROOM-JSS3A,1,Wednesday,13:40,14:20,1,13:40,4.5
SCH-089-LSN-0001,SCH-089,TCH-01155,overworked_generalist,Basic Technology,SS3A,WORKSHOP-01,1,Friday,9:20,11:20,3,9:20,1.5
SCH-089-LSN-0002,SCH-089,TCH-01155,overworked_generalist,Basic Technology,JSS2A,ROOM-JSS2A,0,Monday,11:40,13:40,3,11:40,1.43
SCH-089-LSN-0003,SCH-089,TCH-01155,overworked_generalist,CRS,SS3B,ROOM-SS3B,1,Tuesday,10:40,13:00,3,10:40,1.44
SCH-089-LSN-0004,SCH-089,TCH-01155,overworked_generalist,CRS,JSS1B,ROOM-JSS1B,1,Wednesday,8:00,10:00,3,8:00,1.5
SCH-089-LSN-0005,SCH-089,TCH-01155,overworked_generalist,PHE,JSS2B,ROOM-JSS2B,1,Thursday,9:20,11:20,3,9:20,1.45
SCH-089-LSN-0006,SCH-089,TCH-01155,overworked_generalist,Basic Technology,SS3B,ROOM-SS3B,0,Wednesday,10:40,13:00,3,10:40,1.43
SCH-089-LSN-0007,SCH-089,TCH-01156,overworked_generalist,PHE,JSS3B,ROOM-JSS3B,1,Wednesday,10:00,13:40,5,10:00,1.49
SCH-089-LSN-0008,SCH-089,TCH-01156,overworked_generalist,CRS,JSS2B,ROOM-JSS2B,1,Tuesday,9:20,13:00,5,9:20,1.41
SCH-089-LSN-0009,SCH-089,TCH-01156,overworked_generalist,CRS,JSS2B,ROOM-JSS2B,1,Monday,10:40,14:20,5,10:40,1.49
SCH-089-LSN-0010,SCH-089,TCH-01156,overworked_generalist,Basic Technology,JSS3A,ROOM-JSS3A,0,Friday,8:00,11:20,5,8:00,1.49
SCH-089-LSN-0011,SCH-089,TCH-01156,overworked_generalist,PHE,SS3B,ROOM-SS3B,1,Thursday,8:40,12:20,5,8:40,1.3
SCH-089-LSN-0012,SCH-089,TCH-01157,veteran_staff_room_boss,Physics,SS2A,SCI-LAB-01,1,Monday,8:40,10:00,2,8:40,4
SCH-089-LSN-0013,SCH-089,TCH-01157,veteran_staff_room_boss,Physics,SS2A,SCI-LAB-01,1,Monday,10:00,11:20,2,10:00,4
SCH-089-LSN-0014,SCH-089,TCH-01158,overworked_generalist,Basic Technology,SS1B,ROOM-SS1B,0,Monday,8:00,10:40,4,8:00,1.46
SCH-089-LSN-0015,SCH-089,TCH-01158,overworked_generalist,CRS,JSS1B,ROOM-JSS1B,1,Tuesday,11:40,14:20,4,11:40,1.48
SCH-089-LSN-0016,SCH-089,TCH-01158,overworked_generalist,Basic Technology,SS3B,WORKSHOP-01,1,Friday,8:40,11:20,4,8:40,1.38
SCH-089-LSN-0017,SCH-089,TCH-01158,overworked_generalist,CRS,SS1B,ROOM-SS1B,1,Wednesday,8:00,10:40,4,8:00,1.42
SCH-089-LSN-0018,SCH-089,TCH-01158,overworked_generalist,CRS,JSS3B,ROOM-JSS3B,1,Thursday,8:00,10:40,4,8:00,1.42
SCH-089-LSN-0019,SCH-089,TCH-01158,overworked_generalist,Basic Technology,SS1A,ROOM-SS1A,0,Thursday,10:40,13:40,4,10:40,1.5
SCH-089-LSN-0020,SCH-089,TCH-01158,overworked_generalist,CRS,SS3A,ROOM-SS3A,1,Wednesday,11:40,14:20,4,11:40,1.36
SCH-089-LSN-0021,SCH-089,TCH-01158,overworked_generalist,CRS,JSS3A,ROOM-JSS3A,1,Tuesday,8:00,10:40,4,8:00,1.5
SCH-089-LSN-0022,SCH-089,TCH-01159,hustling_subject_specialist,Economics,SS3A,ROOM-SS3A,1,Monday,8:00,9:20,2,8:00,4
SCH-089-LSN-0023,SCH-089,TCH-01159,hustling_subject_specialist,Economics,SS3B,ROOM-SS3B,1,Monday,9:20,10:40,2,9:20,4
SCH-089-LSN-0024,SCH-089,TCH-01160,overworked_generalist,PHE,JSS1A,ROOM-JSS1A,1,Tuesday,10:40,14:20,5,10:40,1.48
SCH-089-LSN-0025,SCH-089,TCH-01160,overworked_generalist,PHE,SS1A,ROOM-SS1A,1,Wednesday,8:00,11:20,5,8:00,1.43
SCH-089-LSN-0026,SCH-089,TCH-01160,overworked_generalist,CRS,JSS1B,ROOM-JSS1B,1,Friday,8:40,12:20,5,8:40,1.27
SCH-089-LSN-0027,SCH-089,TCH-01160,overworked_generalist,CRS,JSS2A,ROOM-JSS2A,1,Thursday,10:40,14:20,5,10:40,1.37
SCH-089-LSN-0028,SCH-089,TCH-01160,overworked_generalist,Basic Technology,JSS3A,ROOM-JSS3A,0,Monday,9:20,13:00,5,9:20,1.41
SCH-089-LSN-0029,SCH-089,TCH-01161,overworked_generalist,PHE,SS1A,ROOM-SS1A,1,Tuesday,8:00,11:20,5,8:00,1.49
SCH-089-LSN-0030,SCH-089,TCH-01161,overworked_generalist,Basic Technology,JSS1A,ROOM-JSS1A,0,Thursday,10:00,13:40,5,10:00,1.5
SCH-089-LSN-0031,SCH-089,TCH-01161,overworked_generalist,CRS,SS1A,ROOM-SS1A,1,Monday,10:40,14:20,5,10:40,1.48
SCH-089-LSN-0032,SCH-089,TCH-01161,overworked_generalist,PHE,SS3A,ROOM-SS3A,1,Wednesday,8:00,11:20,5,8:00,0.69
SCH-089-LSN-0033,SCH-089,TCH-01161,overworked_generalist,Basic Technology,JSS2B,ROOM-JSS2B,0,Friday,8:40,12:20,5,8:40,0.98
SCH-089-LSN-0034,SCH-089,TCH-01162,veteran_staff_room_boss,Physics,SS1B,SCI-LAB-01,1,Tuesday,8:40,10:00,2,8:40,4
SCH-089-LSN-0035,SCH-089,TCH-01162,veteran_staff_room_boss,Physics,SS1A,SCI-LAB-01,1,Monday,8:40,10:00,2,8:40,4
SCH-089-LSN-0036,SCH-089,TCH-01162,veteran_staff_room_boss,Physics,SS3B,SCI-LAB-01,1,Wednesday,8:40,10:00,2,8:40,4
SCH-089-LSN-0037,SCH-089,TCH-01162,veteran_staff_room_boss,Physics,SS1B,SCI-LAB-01,1,Tuesday,10:00,11:20,2,10:00,4
SCH-089-LSN-0038,SCH-089,TCH-01162,veteran_staff_room_boss,Further Mathematics,SS1B,ROOM-SS1B,1,Thursday,8:40,10:00,2,8:40,4
SCH-089-LSN-0039,SCH-089,TCH-01162,veteran_staff_room_boss,Further Mathematics,SS1A,ROOM-SS1A,1,Friday,8:40,10:00,2,8:40,4
SCH-089-LSN-0040,SCH-089,TCH-01162,veteran_staff_room_boss,Further Mathematics,SS3A,ROOM-SS3A,1,Monday,10:00,11:20,2,10:00,4
SCH-089-LSN-0041,SCH-089,TCH-01162,veteran_staff_room_boss,Physics,SS1B,SCI-LAB-01,1,Thursday,10:00,11:20,2,10:00,4
SCH-089-LSN-0042,SCH-089,TCH-01163,veteran_staff_room_boss,Biology,SS2A,SCI-LAB-01,1,Wednesday,10:00,11:20,2,10:00,4
SCH-089-LSN-0043,SCH-089,TCH-01163,veteran_staff_room_boss,Biology,SS2A,SCI-LAB-01,1,Thursday,8:40,10:00,2,8:40,4
SCH-089-LSN-0044,SCH-089,TCH-01163,veteran_staff_room_boss,Biology,SS2A,SCI-LAB-01,1,Friday,8:40,10:00,2,8:40,4
SCH-089-LSN-0045,SCH-089,TCH-01163,veteran_staff_room_boss,Further Mathematics,SS2B,ROOM-SS2B,1,Monday,8:40,10:00,2,8:40,4
SCH-089-LSN-0046,SCH-089,TCH-01163,veteran_staff_room_boss,Further Mathematics,SS3A,ROOM-SS3A,1,Tuesday,8:40,10:00,2,8:40,4
SCH-089-LSN-0047,SCH-089,TCH-01163,veteran_staff_room_boss,Further Mathematics,SS1B,ROOM-SS1B,1,Friday,10:00,11:20,2,10:00,4
SCH-089-LSN-0048,SCH-089,TCH-01164,overworked_generalist,PHE,JSS2B,ROOM-JSS2B,1,Monday,8:00,10:40,4,8:00,1.41
SCH-089-LSN-0049,SCH-089,TCH-01164,overworked_generalist,CRS,SS1A,ROOM-SS1A,1,Thursday,8:00,10:40,4,8:00,1.06
SCH-089-LSN-0050,SCH-089,TCH-01164,overworked_generalist,PHE,SS3A,ROOM-SS3A,1,Thursday,11:40,14:20,4,11:40,1.42
SCH-089-LSN-0051,SCH-089,TCH-01164,overworked_generalist,PHE,JSS1B,ROOM-JSS1B,1,Wednesday,10:00,13:00,4,10:00,1.23
SCH-089-LSN-0052,SCH-089,TCH-01164,overworked_generalist,CRS,JSS2A,ROOM-JSS2A,1,Tuesday,10:40,13:40,4,10:40,1.37
SCH-089-LSN-0053,SCH-089,TCH-01164,overworked_generalist,CRS,SS2A,ROOM-SS2A,1,Tuesday,8:00,10:40,4,8:00,0.87
SCH-089-LSN-0054,SCH-089,TCH-01164,overworked_generalist,PHE,JSS1B,ROOM-JSS1B,1,Monday,11:40,14:20,4,11:40,0.89
SCH-089-LSN-0055,SCH-089,TCH-01164,overworked_generalist,Basic Technology,JSS3B,ROOM-JSS3B,0,Friday,8:00,10:40,4,8:00,1.47
SCH-089-LSN-0056,SCH-089,TCH-01165,overworked_generalist,PHE,SS2B,ROOM-SS2B,1,Thursday,10:40,13:00,3,10:40,1.46
SCH-089-LSN-0057,SCH-089,TCH-01165,overworked_generalist,Basic Technology,JSS3B,WORKSHOP-01,1,Monday,8:00,10:00,3,8:00,1.49
SCH-089-LSN-0058,SCH-089,TCH-01165,overworked_generalist,CRS,JSS2A,ROOM-JSS2A,1,Wednesday,10:00,12:20,3,10:00,1.45
SCH-089-LSN-0059,SCH-089,TCH-01165,overworked_generalist,Basic Technology,SS2A,ROOM-SS2A,0,Monday,11:40,13:40,3,11:40,1.46
SCH-089-LSN-0060,SCH-089,TCH-01165,overworked_generalist,CRS,JSS3A,ROOM-JSS3A,1,Thursday,8:00,10:00,3,8:00,1.37
SCH-089-LSN-0061,SCH-089,TCH-01165,overworked_generalist,CRS,SS3A,ROOM-SS3A,1,Tuesday,10:00,12:20,3,10:00,1.45
SCH-089-LSN-0062,SCH-089,TCH-01165,overworked_generalist,CRS,SS1A,ROOM-SS1A,1,Tuesday,12:20,14:20,3,12:20,1.38
SCH-089-LSN-0063,SCH-089,TCH-01165,overworked_generalist,Basic Technology,SS2A,WORKSHOP-01,1,Wednesday,12:20,14:20,3,12:20,1.37
SCH-089-LSN-0064,SCH-089,TCH-01165,overworked_generalist,PHE,JSS1B,ROOM-JSS1B,1,Tuesday,8:00,10:00,3,8:00,1.42
SCH-089-LSN-0065,SCH-089,TCH-01165,overworked_generalist,PHE,JSS3B,ROOM-JSS3B,1,Wednesday,8:00,10:00,3,8:00,1
SCH-089-LSN-0066,SCH-089,TCH-01166,nysc_corper,Civic Education,JSS1B,ROOM-JSS1B,1,Thursday,13:00,13:40,1,13:00,4.5
SCH-089-LSN-0067,SCH-089,TCH-01166,nysc_corper,Civic Education,JSS2A,ROOM-JSS2A,1,Monday,13:40,14:20,1,13:40,4.5
SCH-089-LSN-0068,SCH-089,TCH-01166,nysc_corper,Civic Education,JSS2B,ROOM-JSS2B,1,Tuesday,13:00,13:40,1,13:00,4.5
SCH-089-LSN-0069,SCH-089,TCH-01166,nysc_corper,Civic Education,JSS1B,ROOM-JSS1B,1,Thursday,13:40,14:20,1,13:40,4.5
SCH-089-LSN-0070,SCH-089,TCH-01167,overworked_generalist,PHE,JSS2A,ROOM-JSS2A,1,Friday,8:00,10:40,4,8:00,1.33
SCH-089-LSN-0071,SCH-089,TCH-01167,overworked_generalist,PHE,SS3B,ROOM-SS3B,1,Tuesday,8:00,10:40,4,8:00,0.95
SCH-089-LSN-0072,SCH-089,TCH-01167,overworked_generalist,PHE,JSS2B,ROOM-JSS2B,1,Wednesday,8:40,11:20,4,8:40,1.4
SCH-089-LSN-0073,SCH-089,TCH-01167,overworked_generalist,Basic Technology,SS1B,ROOM-SS1B,0,Monday,11:40,14:20,4,11:40,1.41
SCH-089-LSN-0074,SCH-089,TCH-01167,overworked_generalist,PHE,SS1A,ROOM-SS1A,1,Wednesday,11:40,14:20,4,11:40,0.85
SCH-089-LSN-0075,SCH-089,TCH-01167,overworked_generalist,PHE,JSS3B,ROOM-JSS3B,1,Thursday,11:40,14:20,4,11:40,1.3
SCH-089-LSN-0076,SCH-089,TCH-01167,overworked_generalist,Basic Technology,JSS3B,ROOM-JSS3B,0,Tuesday,11:40,14:20,4,11:40,1.09
SCH-089-LSN-0077,SCH-089,TCH-01168,nysc_corper,Civic Education,JSS3A,ROOM-JSS3A,1,Monday,13:00,13:40,1,13:00,4.5
SCH-089-LSN-0078,SCH-089,TCH-01168,nysc_corper,Civic Education,JSS1A,ROOM-JSS1A,1,Monday,13:40,14:20,1,13:40,4.5
SCH-089-LSN-0079,SCH-089,TCH-01168,nysc_corper,Basic Science,JSS1B,ROOM-JSS1B,1,Wednesday,13:00,13:40,1,13:00,4.5
SCH-089-LSN-0080,SCH-089,TCH-01168,nysc_corper,Basic Science,JSS3B,ROOM-JSS3B,1,Wednesday,13:40,14:20,1,13:40,4.5
SCH-089-LSN-0081,SCH-089,TCH-01168,nysc_corper,Civic Education,JSS2B,ROOM-JSS2B,1,Thursday,13:00,13:40,1,13:00,4.5
SCH-089-LSN-0082,SCH-089,TCH-01168,nysc_corper,Basic Science,JSS1A,ROOM-JSS1A,1,Thursday,13:40,14:20,1,13:40,4.5
SCH-090-LSN-0001,SCH-090,TCH-01169,hustling_subject_specialist,Physics,SS2B,SCI-LAB-01,1,Monday,8:00,10:00,3,8:00,4
SCH-090-LSN-0002,SCH-090,TCH-01169,hustling_subject_specialist,Physics,SS1A,SCI-LAB-01,1,Monday,10:00,12:20,3,10:00,4
SCH-090-LSN-0003,SCH-090,TCH-01169,hustling_subject_specialist,Physics,SS2A,SCI-LAB-01,1,Wednesday,8:00,10:00,3,8:00,4
SCH-090-LSN-0004,SCH-090,TCH-01169,hustling_subject_specialist,Economics,SS2B,ROOM-SS2B,1,Wednesday,10:00,12:20,3,10:00,4
SCH-090-LSN-0005,SCH-090,TCH-01169,hustling_subject_specialist,Economics,SS3B,ROOM-SS3B,1,Monday,12:20,14:20,3,12:20,-4
SCH-090-LSN-0006,SCH-090,TCH-01169,hustling_subject_specialist,Physics,SS3B,SCI-LAB-01,1,Wednesday,12:20,14:20,3,12:20,-4
SCH-090-LSN-0007,SCH-090,TCH-01170,overworked_generalist,Basic Technology,JSS2A,ROOM-JSS2A,0,Monday,8:40,12:20,5,8:40,1.47
SCH-090-LSN-0008,SCH-090,TCH-01170,overworked_generalist,CRS,SS2B,ROOM-SS2B,1,Friday,8:40,12:20,5,8:40,1.41
SCH-090-LSN-0009,SCH-090,TCH-01170,overworked_generalist,Basic Technology,SS3A,ROOM-SS3A,0,Thursday,9:20,13:00,5,9:20,1.5
SCH-090-LSN-0010,SCH-090,TCH-01170,overworked_generalist,CRS,SS3A,ROOM-SS3A,1,Wednesday,8:00,11:20,5,8:00,1.43
SCH-090-LSN-0011,SCH-090,TCH-01171,veteran_staff_room_boss,Further Mathematics,SS2B,ROOM-SS2B,1,Monday,10:00,11:20,2,10:00,4
SCH-090-LSN-0012,SCH-090,TCH-01171,veteran_staff_room_boss,Biology,SS3B,SCI-LAB-01,1,Tuesday,8:40,10:00,2,8:40,4
SCH-090-LSN-0013,SCH-090,TCH-01171,veteran_staff_room_boss,Biology,SS2B,SCI-LAB-01,1,Tuesday,10:00,11:20,2,10:00,4
SCH-090-LSN-0014,SCH-090,TCH-01171,veteran_staff_room_boss,Further Mathematics,SS1B,ROOM-SS1B,1,Wednesday,8:40,10:00,2,8:40,4
SCH-090-LSN-0015,SCH-090,TCH-01172,hustling_subject_specialist,Further Mathematics,SS1B,ROOM-SS1B,1,Monday,8:00,10:00,3,8:00,4
SCH-090-LSN-0016,SCH-090,TCH-01172,hustling_subject_specialist,Economics,SS2A,ROOM-SS2A,1,Monday,10:00,12:20,3,10:00,4
SCH-090-LSN-0017,SCH-090,TCH-01172,hustling_subject_specialist,Further Mathematics,SS2A,ROOM-SS2A,1,Tuesday,8:00,10:00,3,8:00,4
SCH-090-LSN-0018,SCH-090,TCH-01172,hustling_subject_specialist,Further Mathematics,SS3A,ROOM-SS3A,1,Tuesday,10:00,12:20,3,10:00,4
SCH-090-LSN-0019,SCH-090,TCH-01173,overworked_generalist,PHE,JSS2B,ROOM-JSS2B,1,Tuesday,8:40,10:40,3,8:40,1.5
SCH-090-LSN-0020,SCH-090,TCH-01173,overworked_generalist,CRS,SS3A,ROOM-SS3A,1,Monday,9:20,11:20,3,9:20,1.49
SCH-090-LSN-0021,SCH-090,TCH-01173,overworked_generalist,PHE,JSS1A,ROOM-JSS1A,1,Wednesday,12:20,14:20,3,12:20,1.5
SCH-090-LSN-0022,SCH-090,TCH-01173,overworked_generalist,PHE,SS1B,ROOM-SS1B,1,Tuesday,12:20,14:20,3,12:20,1.49
SCH-090-LSN-0023,SCH-090,TCH-01173,overworked_generalist,CRS,JSS1B,ROOM-JSS1B,1,Thursday,10:00,12:20,3,10:00,1.41
SCH-090-LSN-0024,SCH-090,TCH-01173,overworked_generalist,CRS,SS2A,ROOM-SS2A,1,Thursday,8:00,10:00,3,8:00,1.4
SCH-090-LSN-0025,SCH-090,TCH-01173,overworked_generalist,CRS,SS3A,ROOM-SS3A,1,Friday,9:20,11:20,3,9:20,1.41
SCH-090-LSN-0026,SCH-090,TCH-01173,overworked_generalist,CRS,SS2A,ROOM-SS2A,1,Thursday,12:20,14:20,3,12:20,1.38
SCH-090-LSN-0027,SCH-090,TCH-01174,nysc_corper,Basic Science,JSS3B,ROOM-JSS3B,1,Monday,13:00,13:40,1,13:00,4.5
SCH-090-LSN-0028,SCH-090,TCH-01174,nysc_corper,Civic Education,JSS2A,ROOM-JSS2A,1,Monday,13:40,14:20,1,13:40,4.5
SCH-090-LSN-0029,SCH-090,TCH-01174,nysc_corper,Basic Science,JSS3A,ROOM-JSS3A,1,Tuesday,13:00,13:40,1,13:00,4.5
SCH-090-LSN-0030,SCH-090,TCH-01174,nysc_corper,Civic Education,JSS1B,ROOM-JSS1B,1,Tuesday,13:40,14:20,1,13:40,4.5
SCH-090-LSN-0031,SCH-090,TCH-01174,nysc_corper,Basic Science,JSS2B,ROOM-JSS2B,1,Thursday,13:00,13:40,1,13:00,4.5
SCH-090-LSN-0032,SCH-090,TCH-01174,nysc_corper,Basic Science,JSS1B,ROOM-JSS1B,1,Thursday,13:40,14:20,1,13:40,4.5
SCH-090-LSN-0033,SCH-090,TCH-01174,nysc_corper,Basic Science,JSS1B,ROOM-JSS1B,1,Monday,8:00,8:40,1,8:00,0
SCH-090-LSN-0034,SCH-090,TCH-01174,nysc_corper,Civic Education,JSS3A,ROOM-JSS3A,1,Monday,8:40,9:20,1,8:40,0
SCH-090-LSN-0035,SCH-090,TCH-01175,veteran_staff_room_boss,Chemistry,SS1A,SCI-LAB-01,1,Wednesday,10:00,11:20,2,10:00,4
SCH-090-LSN-0036,SCH-090,TCH-01175,veteran_staff_room_boss,Physics,SS2B,SCI-LAB-01,1,Thursday,8:40,10:00,2,8:40,4
SCH-090-LSN-0037,SCH-090,TCH-01175,veteran_staff_room_boss,Physics,SS2A,SCI-LAB-01,1,Monday,8:40,10:00,2,8:40,4
SCH-090-LSN-0038,SCH-090,TCH-01175,veteran_staff_room_boss,Physics,SS3B,SCI-LAB-01,1,Monday,10:00,11:20,2,10:00,4
SCH-090-LSN-0039,SCH-090,TCH-01175,veteran_staff_room_boss,Chemistry,SS1B,SCI-LAB-01,1,Thursday,10:00,11:20,2,10:00,4
SCH-090-LSN-0040,SCH-090,TCH-01175,veteran_staff_room_boss,Physics,SS2B,SCI-LAB-01,1,Monday,11:40,13:00,2,11:40,0
SCH-090-LSN-0041,SCH-090,TCH-01176,overworked_generalist,PHE,JSS2A,ROOM-JSS2A,1,Friday,9:20,11:20,3,9:20,1.45
SCH-090-LSN-0042,SCH-090,TCH-01176,overworked_generalist,PHE,SS2B,ROOM-SS2B,1,Wednesday,12:20,14:20,3,12:20,1.49
SCH-090-LSN-0043,SCH-090,TCH-01176,overworked_generalist,CRS,JSS1A,ROOM-JSS1A,1,Thursday,12:20,14:20,3,12:20,1.48
SCH-090-LSN-0044,SCH-090,TCH-01176,overworked_generalist,PHE,SS3B,ROOM-SS3B,1,Tuesday,11:40,13:40,3,11:40,1.49
SCH-090-LSN-0045,SCH-090,TCH-01176,overworked_generalist,PHE,JSS3A,ROOM-JSS3A,1,Wednesday,10:00,12:20,3,10:00,1.43
SCH-090-LSN-0046,SCH-090,TCH-01176,overworked_generalist,CRS,JSS3A,ROOM-JSS3A,1,Monday,9:20,11:20,3,9:20,1.42
SCH-090-LSN-0047,SCH-090,TCH-01176,overworked_generalist,CRS,JSS1A,ROOM-JSS1A,1,Monday,11:40,13:40,3,11:40,1.36
SCH-090-LSN-0048,SCH-090,TCH-01176,overworked_generalist,PHE,SS3B,ROOM-SS3B,1,Wednesday,8:00,10:00,3,8:00,1.09
SCH-090-LSN-0049,SCH-090,TCH-01177,overworked_generalist,PHE,JSS2A,ROOM-JSS2A,1,Tuesday,10:00,13:40,5,10:00,1.49
SCH-090-LSN-0050,SCH-090,TCH-01177,overworked_generalist,CRS,JSS2B,ROOM-JSS2B,1,Wednesday,8:00,11:20,5,8:00,1.49
SCH-090-LSN-0051,SCH-090,TCH-01177,overworked_generalist,PHE,JSS3A,ROOM-JSS3A,1,Thursday,9:20,13:00,5,9:20,1.35
SCH-090-LSN-0052,SCH-090,TCH-01177,overworked_generalist,CRS,JSS1A,ROOM-JSS1A,1,Friday,8:00,11:20,5,8:00,1.47
SCH-090-LSN-0053,SCH-090,TCH-01178,veteran_staff_room_boss,Further Mathematics,SS2B,ROOM-SS2B,1,Tuesday,8:40,10:00,2,8:40,4
SCH-090-LSN-0054,SCH-090,TCH-01178,veteran_staff_room_boss,Further Mathematics,SS3A,ROOM-SS3A,1,Monday,8:00,9:20,2,8:00,0
SCH-090-LSN-0055,SCH-090,TCH-01178,veteran_staff_room_boss,Further Mathematics,SS2B,ROOM-SS2B,1,Wednesday,8:40,10:00,2,8:40,4
SCH-090-LSN-0056,SCH-090,TCH-01179,hustling_subject_specialist,Further Mathematics,SS3A,ROOM-SS3A,1,Tuesday,8:00,9:20,2,8:00,4
SCH-090-LSN-0057,SCH-090,TCH-01179,hustling_subject_specialist,Further Mathematics,SS1A,ROOM-SS1A,1,Monday,8:00,9:20,2,8:00,4
SCH-090-LSN-0058,SCH-090,TCH-01179,hustling_subject_specialist,Further Mathematics,SS2B,ROOM-SS2B,1,Tuesday,11:40,13:00,2,11:40,0
SCH-091-LSN-0001,SCH-091,TCH-01180,hustling_subject_specialist,Physics,SS2A,SCI-LAB-01,1,Tuesday,8:00,9:20,2,8:00,4
SCH-091-LSN-0002,SCH-091,TCH-01180,hustling_subject_specialist,Physics,SS2A,SCI-LAB-01,1,Tuesday,9:20,10:40,2,9:20,4
SCH-091-LSN-0003,SCH-091,TCH-01180,hustling_subject_specialist,Economics,SS1A,ROOM-SS1A,1,Tuesday,10:40,12:20,2,10:40,4
SCH-091-LSN-0004,SCH-091,TCH-01180,hustling_subject_specialist,Economics,SS3B,ROOM-SS3B,1,Wednesday,8:00,9:20,2,8:00,4
SCH-091-LSN-0005,SCH-091,TCH-01181,veteran_staff_room_boss,Biology,SS3B,SCI-LAB-01,1,Monday,8:40,10:00,2,8:40,4
SCH-091-LSN-0006,SCH-091,TCH-01181,veteran_staff_room_boss,Biology,SS3B,SCI-LAB-01,1,Monday,10:00,11:20,2,10:00,4
SCH-091-LSN-0007,SCH-091,TCH-01181,veteran_staff_room_boss,Biology,SS1B,SCI-LAB-01,1,Wednesday,8:40,10:00,2,8:40,4
SCH-091-LSN-0008,SCH-091,TCH-01182,nysc_corper,Civic Education,JSS3B,ROOM-JSS3B,1,Tuesday,13:00,13:40,1,13:00,4.5
SCH-091-LSN-0009,SCH-091,TCH-01182,nysc_corper,Basic Science,JSS3A,ROOM-JSS3A,1,Tuesday,13:40,14:20,1,13:40,4.5
SCH-091-LSN-0010,SCH-091,TCH-01182,nysc_corper,Basic Science,JSS2A,ROOM-JSS2A,1,Wednesday,13:00,13:40,1,13:00,4.5
SCH-091-LSN-0011,SCH-091,TCH-01182,nysc_corper,Civic Education,JSS1B,ROOM-JSS1B,1,Wednesday,13:40,14:20,1,13:40,4.5
SCH-091-LSN-0012,SCH-091,TCH-01182,nysc_corper,Basic Science,JSS2B,ROOM-JSS2B,1,Thursday,13:00,13:40,1,13:00,4.5
SCH-091-LSN-0013,SCH-091,TCH-01182,nysc_corper,Civic Education,JSS2B,ROOM-JSS2B,1,Thursday,13:40,14:20,1,13:40,4.5
SCH-091-LSN-0014,SCH-091,TCH-01183,nysc_corper,Civic Education,JSS1A,ROOM-JSS1A,1,Tuesday,13:00,13:40,1,13:00,4.5
SCH-091-LSN-0015,SCH-091,TCH-01183,nysc_corper,Civic Education,JSS1B,ROOM-JSS1B,1,Tuesday,13:40,14:20,1,13:40,4.5
SCH-091-LSN-0016,SCH-091,TCH-01183,nysc_corper,Civic Education,JSS2B,ROOM-JSS2B,1,Wednesday,13:00,13:40,1,13:00,4.5
SCH-091-LSN-0017,SCH-091,TCH-01184,hustling_subject_specialist,Physics,SS3A,SCI-LAB-01,1,Wednesday,10:00,12:20,3,10:00,4
SCH-091-LSN-0018,SCH-091,TCH-01184,hustling_subject_specialist,Physics,SS2A,SCI-LAB-01,1,Monday,11:40,13:40,3,11:40,0
SCH-091-LSN-0019,SCH-091,TCH-01185,veteran_staff_room_boss,Further Mathematics,SS3A,ROOM-SS3A,1,Monday,8:40,9:20,1,8:40,4
SCH-091-LSN-0020,SCH-091,TCH-01185,veteran_staff_room_boss,Further Mathematics,SS3B,ROOM-SS3B,1,Tuesday,8:40,9:20,1,8:40,4
SCH-091-LSN-0021,SCH-091,TCH-01185,veteran_staff_room_boss,Further Mathematics,SS1B,ROOM-SS1B,1,Monday,9:20,10:00,1,9:20,4
SCH-091-LSN-0022,SCH-091,TCH-01185,veteran_staff_room_boss,Further Mathematics,SS1A,ROOM-SS1A,1,Monday,10:00,10:40,1,10:00,4
SCH-091-LSN-0023,SCH-091,TCH-01185,veteran_staff_room_boss,Further Mathematics,SS2A,ROOM-SS2A,1,Wednesday,8:40,9:20,1,8:40,4
SCH-091-LSN-0024,SCH-091,TCH-01185,veteran_staff_room_boss,Further Mathematics,SS1A,ROOM-SS1A,1,Tuesday,9:20,10:00,1,9:20,4
SCH-091-LSN-0025,SCH-091,TCH-01185,veteran_staff_room_boss,Further Mathematics,SS1B,ROOM-SS1B,1,Tuesday,10:00,10:40,1,10:00,4
SCH-091-LSN-0026,SCH-091,TCH-01185,veteran_staff_room_boss,Chemistry,SS2A,SCI-LAB-01,1,Thursday,8:40,9:20,1,8:40,4
SCH-091-LSN-0027,SCH-091,TCH-01186,overworked_generalist,CRS,JSS1A,ROOM-JSS1A,1,Thursday,8:40,12:20,5,8:40,1.42
SCH-091-LSN-0028,SCH-091,TCH-01186,overworked_generalist,PHE,JSS1B,ROOM-JSS1B,1,Friday,8:40,12:20,5,8:40,1.41
SCH-091-LSN-0029,SCH-091,TCH-01186,overworked_generalist,PHE,JSS3B,ROOM-JSS3B,1,Tuesday,8:40,12:20,5,8:40,1.42
SCH-091-LSN-0030,SCH-091,TCH-01186,overworked_generalist,Basic Technology,SS2B,WORKSHOP-01,1,Monday,9:20,13:00,5,9:20,1.45
SCH-091-LSN-0031,SCH-091,TCH-01186,overworked_generalist,CRS,SS2B,ROOM-SS2B,1,Wednesday,10:00,13:40,5,10:00,1.45
SCH-091-LSN-0032,SCH-091,TCH-01187,veteran_staff_room_boss,Further Mathematics,SS2A,ROOM-SS2A,1,Monday,8:40,10:00,2,8:40,4
SCH-091-LSN-0033,SCH-091,TCH-01187,veteran_staff_room_boss,Physics,SS2B,SCI-LAB-01,1,Tuesday,8:40,10:00,2,8:40,4
SCH-091-LSN-0034,SCH-091,TCH-01187,veteran_staff_room_boss,Physics,SS2B,SCI-LAB-01,1,Tuesday,10:00,11:20,2,10:00,4
SCH-091-LSN-0035,SCH-091,TCH-01187,veteran_staff_room_boss,Physics,SS2B,SCI-LAB-01,1,Thursday,9:20,10:40,2,9:20,4
SCH-091-LSN-0036,SCH-091,TCH-01187,veteran_staff_room_boss,Further Mathematics,SS1B,ROOM-SS1B,1,Monday,10:00,11:20,2,10:00,4
SCH-091-LSN-0037,SCH-091,TCH-01187,veteran_staff_room_boss,Further Mathematics,SS3B,ROOM-SS3B,1,Wednesday,9:20,10:40,2,9:20,4
SCH-091-LSN-0038,SCH-091,TCH-01187,veteran_staff_room_boss,Physics,SS1B,SCI-LAB-01,1,Friday,8:40,10:00,2,8:40,4
SCH-091-LSN-0039,SCH-091,TCH-01187,veteran_staff_room_boss,Further Mathematics,SS2A,ROOM-SS2A,1,Friday,10:00,11:20,2,10:00,4
SCH-091-LSN-0040,SCH-091,TCH-01188,hustling_subject_specialist,Economics,SS3B,ROOM-SS3B,1,Tuesday,9:20,10:40,2,9:20,4
SCH-091-LSN-0041,SCH-091,TCH-01188,hustling_subject_specialist,Further Mathematics,SS1A,ROOM-SS1A,1,Monday,8:00,9:20,2,8:00,4
SCH-091-LSN-0042,SCH-091,TCH-01188,hustling_subject_specialist,Economics,SS1A,ROOM-SS1A,1,Monday,10:40,12:20,2,10:40,4
SCH-091-LSN-0043,SCH-091,TCH-01188,hustling_subject_specialist,Further Mathematics,SS2A,ROOM-SS2A,1,Tuesday,10:40,12:20,2,10:40,4
SCH-091-LSN-0044,SCH-091,TCH-01188,hustling_subject_specialist,Further Mathematics,SS1B,ROOM-SS1B,1,Tuesday,8:00,9:20,2,8:00,4
SCH-091-LSN-0045,SCH-091,TCH-01188,hustling_subject_specialist,Further Mathematics,SS2B,ROOM-SS2B,1,Wednesday,8:00,9:20,2,8:00,4
SCH-091-LSN-0046,SCH-091,TCH-01188,hustling_subject_specialist,Further Mathematics,SS2B,ROOM-SS2B,1,Monday,13:00,14:20,2,13:00,-4
SCH-091-LSN-0047,SCH-091,TCH-01188,hustling_subject_specialist,Economics,SS2B,ROOM-SS2B,1,Tuesday,12:20,13:40,2,12:20,-4
SCH-091-LSN-0048,SCH-091,TCH-01189,nysc_corper,Civic Education,JSS2A,ROOM-JSS2A,1,Monday,13:00,13:40,1,13:00,4.5
SCH-091-LSN-0049,SCH-091,TCH-01189,nysc_corper,Civic Education,JSS1B,ROOM-JSS1B,1,Monday,13:40,14:20,1,13:40,4.5
SCH-091-LSN-0050,SCH-091,TCH-01189,nysc_corper,Basic Science,JSS2A,ROOM-JSS2A,1,Tuesday,13:00,13:40,1,13:00,4.5
SCH-091-LSN-0051,SCH-091,TCH-01189,nysc_corper,Civic Education,JSS1A,ROOM-JSS1A,1,Tuesday,13:40,14:20,1,13:40,4.5
SCH-091-LSN-0052,SCH-091,TCH-01190,veteran_staff_room_boss,Further Mathematics,SS3A,ROOM-SS3A,1,Monday,9:20,10:40,2,9:20,4
SCH-091-LSN-0053,SCH-091,TCH-01190,veteran_staff_room_boss,Further Mathematics,SS1B,ROOM-SS1B,1,Wednesday,10:00,11:20,2,10:00,4
SCH-091-LSN-0054,SCH-091,TCH-01190,veteran_staff_room_boss,Further Mathematics,SS1A,ROOM-SS1A,1,Thursday,8:40,10:00,2,8:40,4
SCH-092-LSN-0001,SCH-092,TCH-01191,overworked_generalist,PHE,JSS1A,ROOM-JSS1A,1,Wednesday,10:40,14:20,5,10:40,1.5
SCH-092-LSN-0002,SCH-092,TCH-01191,overworked_generalist,PHE,JSS1A,ROOM-JSS1A,1,Monday,10:00,13:40,5,10:00,1.5
SCH-092-LSN-0003,SCH-092,TCH-01191,overworked_generalist,CRS,SS2A,ROOM-SS2A,1,Tuesday,8:40,12:20,5,8:40,1.41
SCH-092-LSN-0004,SCH-092,TCH-01191,overworked_generalist,PHE,JSS2B,ROOM-JSS2B,1,Thursday,10:00,13:40,5,10:00,1.24
SCH-092-LSN-0005,SCH-092,TCH-01191,overworked_generalist,PHE,JSS3A,ROOM-JSS3A,1,Friday,8:00,11:20,5,8:00,1.26
SCH-092-LSN-0006,SCH-092,TCH-01192,hustling_subject_specialist,Economics,SS3A,ROOM-SS3A,1,Monday,8:00,10:00,3,8:00,4
SCH-092-LSN-0007,SCH-092,TCH-01192,hustling_subject_specialist,Economics,SS3B,ROOM-SS3B,1,Monday,10:00,12:20,3,10:00,4
SCH-092-LSN-0008,SCH-092,TCH-01193,overworked_generalist,CRS,SS2A,ROOM-SS2A,1,Friday,8:40,12:20,5,8:40,1.49
SCH-092-LSN-0009,SCH-092,TCH-01193,overworked_generalist,CRS,SS1A,ROOM-SS1A,1,Tuesday,8:40,12:20,5,8:40,1.35
SCH-092-LSN-0010,SCH-092,TCH-01193,overworked_generalist,PHE,SS1A,ROOM-SS1A,1,Thursday,10:00,13:40,5,10:00,1.43
SCH-092-LSN-0011,SCH-092,TCH-01193,overworked_generalist,CRS,SS3B,ROOM-SS3B,1,Wednesday,8:00,11:20,5,8:00,1.19
SCH-092-LSN-0012,SCH-092,TCH-01194,overworked_generalist,Basic Technology,JSS2B,ROOM-JSS2B,0,Friday,10:00,12:20,3,10:00,1.49
SCH-092-LSN-0013,SCH-092,TCH-01194,overworked_generalist,PHE,SS1B,ROOM-SS1B,1,Thursday,9:20,11:20,3,9:20,1.48
SCH-092-LSN-0014,SCH-092,TCH-01194,overworked_generalist,Basic Technology,SS3A,ROOM-SS3A,0,Monday,11:40,13:40,3,11:40,1.42
SCH-092-LSN-0015,SCH-092,TCH-01194,overworked_generalist,CRS,JSS3B,ROOM-JSS3B,1,Wednesday,12:20,14:20,3,12:20,1.44
SCH-092-LSN-0016,SCH-092,TCH-01194,overworked_generalist,PHE,JSS1A,ROOM-JSS1A,1,Monday,8:00,10:00,3,8:00,1.41
SCH-092-LSN-0017,SCH-092,TCH-01194,overworked_generalist,PHE,JSS3B,ROOM-JSS3B,1,Thursday,12:20,14:20,3,12:20,1.46
SCH-092-LSN-0018,SCH-092,TCH-01194,overworked_generalist,Basic Technology,JSS1A,ROOM-JSS1A,0,Wednesday,8:00,10:00,3,8:00,1.32
SCH-092-LSN-0019,SCH-092,TCH-01194,overworked_generalist,PHE,SS1B,ROOM-SS1B,1,Tuesday,8:40,10:40,3,8:40,1.28
SCH-092-LSN-0020,SCH-092,TCH-01194,overworked_generalist,CRS,JSS1A,ROOM-JSS1A,1,Friday,8:00,10:00,3,8:00,1.46
SCH-092-LSN-0021,SCH-092,TCH-01195,hustling_subject_specialist,Physics,SS3B,SCI-LAB-01,1,Thursday,8:00,9:20,2,8:00,4
SCH-092-LSN-0022,SCH-092,TCH-01195,hustling_subject_specialist,Physics,SS2B,ROOM-SS2B,0,Wednesday,8:00,9:20,2,8:00,4
SCH-092-LSN-0023,SCH-092,TCH-01195,hustling_subject_specialist,Physics,SS1B,SCI-LAB-01,1,Wednesday,9:20,10:40,2,9:20,4
SCH-092-LSN-0024,SCH-092,TCH-01196,veteran_staff_room_boss,Physics,SS1A,SCI-LAB-01,1,Monday,8:40,10:00,2,8:40,4
SCH-092-LSN-0025,SCH-092,TCH-01196,veteran_staff_room_boss,Chemistry,SS3B,SCI-LAB-01,1,Tuesday,8:40,10:00,2,8:40,4
SCH-092-LSN-0026,SCH-092,TCH-01196,veteran_staff_room_boss,Physics,SS3B,SCI-LAB-01,1,Tuesday,10:00,11:20,2,10:00,4
SCH-092-LSN-0027,SCH-092,TCH-01196,veteran_staff_room_boss,Physics,SS1A,SCI-LAB-01,1,Monday,10:00,11:20,2,10:00,4
SCH-092-LSN-0028,SCH-092,TCH-01197,veteran_staff_room_boss,Chemistry,SS1B,SCI-LAB-01,1,Wednesday,8:40,9:20,1,8:40,4
SCH-092-LSN-0029,SCH-092,TCH-01197,veteran_staff_room_boss,Chemistry,SS2A,SCI-LAB-01,1,Thursday,9:20,10:00,1,9:20,4
SCH-092-LSN-0030,SCH-092,TCH-01198,nysc_corper,Basic Science,JSS1B,ROOM-JSS1B,1,Monday,13:00,13:40,1,13:00,4.5
SCH-092-LSN-0031,SCH-092,TCH-01198,nysc_corper,Basic Science,JSS3B,ROOM-JSS3B,1,Monday,13:40,14:20,1,13:40,4.5
SCH-092-LSN-0032,SCH-092,TCH-01198,nysc_corper,Civic Education,JSS3A,ROOM-JSS3A,1,Tuesday,13:00,13:40,1,13:00,4.5
SCH-092-LSN-0033,SCH-092,TCH-01198,nysc_corper,Civic Education,JSS2B,ROOM-JSS2B,1,Tuesday,13:40,14:20,1,13:40,4.5
SCH-092-LSN-0034,SCH-092,TCH-01199,hustling_subject_specialist,Further Mathematics,SS2B,ROOM-SS2B,1,Tuesday,8:00,10:00,3,8:00,4
SCH-092-LSN-0035,SCH-092,TCH-01199,hustling_subject_specialist,Physics,SS3B,SCI-LAB-01,1,Thursday,10:00,12:20,3,10:00,4
SCH-092-LSN-0036,SCH-092,TCH-01199,hustling_subject_specialist,Further Mathematics,SS1A,ROOM-SS1A,1,Wednesday,8:00,10:00,3,8:00,4
SCH-092-LSN-0037,SCH-092,TCH-01199,hustling_subject_specialist,Further Mathematics,SS1B,ROOM-SS1B,1,Tuesday,10:40,13:00,3,10:40,4
SCH-092-LSN-0038,SCH-092,TCH-01199,hustling_subject_specialist,Further Mathematics,SS2A,ROOM-SS2A,1,Wednesday,10:00,12:20,3,10:00,4
SCH-092-LSN-0039,SCH-092,TCH-01199,hustling_subject_specialist,Further Mathematics,SS2A,ROOM-SS2A,1,Wednesday,12:20,14:20,3,12:20,-4
SCH-092-LSN-0040,SCH-092,TCH-01199,hustling_subject_specialist,Physics,SS1B,SCI-LAB-01,1,Thursday,12:20,14:20,3,12:20,-4
SCH-092-LSN-0041,SCH-092,TCH-01199,hustling_subject_specialist,Further Mathematics,SS2B,ROOM-SS2B,1,Thursday,8:00,10:00,3,8:00,4
SCH-092-LSN-0042,SCH-092,TCH-01200,nysc_corper,Basic Science,JSS2A,ROOM-JSS2A,1,Monday,13:00,13:40,1,13:00,4.5
SCH-092-LSN-0043,SCH-092,TCH-01200,nysc_corper,Basic Science,JSS1B,ROOM-JSS1B,1,Monday,13:40,14:20,1,13:40,4.5
SCH-092-LSN-0044,SCH-092,TCH-01200,nysc_corper,Civic Education,JSS1B,ROOM-JSS1B,1,Tuesday,13:00,13:40,1,13:00,4.5
SCH-092-LSN-0045,SCH-092,TCH-01200,nysc_corper,Basic Science,JSS3A,ROOM-JSS3A,1,Tuesday,13:40,14:20,1,13:40,4.5
SCH-092-LSN-0046,SCH-092,TCH-01200,nysc_corper,Civic Education,JSS1A,ROOM-JSS1A,1,Thursday,13:00,13:40,1,13:00,4.5
SCH-092-LSN-0047,SCH-092,TCH-01200,nysc_corper,Civic Education,JSS1B,ROOM-JSS1B,1,Wednesday,13:00,13:40,1,13:00,4.5
SCH-092-LSN-0048,SCH-092,TCH-01200,nysc_corper,Basic Science,JSS3B,ROOM-JSS3B,1,Monday,8:00,8:40,1,8:00,0
SCH-092-LSN-0049,SCH-092,TCH-01200,nysc_corper,Basic Science,JSS2B,ROOM-JSS2B,1,Wednesday,13:40,14:20,1,13:40,4.5
SCH-092-LSN-0050,SCH-092,TCH-01201,overworked_generalist,CRS,SS3B,ROOM-SS3B,1,Friday,8:00,10:40,4,8:00,1.47
SCH-092-LSN-0051,SCH-092,TCH-01201,overworked_generalist,CRS,JSS3A,ROOM-JSS3A,1,Monday,10:00,13:00,4,10:00,1.4
SCH-092-LSN-0052,SCH-092,TCH-01201,overworked_generalist,PHE,JSS1B,ROOM-JSS1B,1,Thursday,11:40,14:20,4,11:40,1.28
SCH-092-LSN-0053,SCH-092,TCH-01201,overworked_generalist,Basic Technology,SS1B,ROOM-SS1B,0,Wednesday,11:40,14:20,4,11:40,1.4
SCH-092-LSN-0054,SCH-092,TCH-01201,overworked_generalist,Basic Technology,JSS1A,ROOM-JSS1A,0,Tuesday,10:00,13:00,4,10:00,1.23
SCH-092-LSN-0055,SCH-092,TCH-01201,overworked_generalist,Basic Technology,SS3A,WORKSHOP-01,1,Wednesday,8:00,10:40,4,8:00,1.36
SCH-092-LSN-0056,SCH-092,TCH-01201,overworked_generalist,Basic Technology,SS3A,ROOM-SS3A,0,Thursday,8:00,10:40,4,8:00,0.72
SCH-092-LSN-0057,SCH-092,TCH-01202,overworked_generalist,CRS,JSS3A,ROOM-JSS3A,1,Wednesday,9:20,11:20,3,9:20,1.47
SCH-092-LSN-0058,SCH-092,TCH-01202,overworked_generalist,PHE,SS1B,ROOM-SS1B,1,Friday,10:00,12:20,3,10:00,1.45
SCH-092-LSN-0059,SCH-092,TCH-01202,overworked_generalist,CRS,SS2B,ROOM-SS2B,1,Tuesday,11:40,13:40,3,11:40,1.49
SCH-092-LSN-0060,SCH-092,TCH-01202,overworked_generalist,CRS,SS1B,ROOM-SS1B,1,Monday,9:20,11:20,3,9:20,1.27
SCH-093-LSN-0001,SCH-093,TCH-01203,hustling_subject_specialist,Economics,SS1B,ROOM-SS1B,1,Tuesday,8:00,10:00,3,8:00,4
SCH-093-LSN-0002,SCH-093,TCH-01203,hustling_subject_specialist,Economics,SS2A,ROOM-SS2A,1,Tuesday,10:00,12:20,3,10:00,4
SCH-093-LSN-0003,SCH-093,TCH-01203,hustling_subject_specialist,Further Mathematics,SS2B,ROOM-SS2B,1,Wednesday,8:00,10:00,3,8:00,4
SCH-093-LSN-0004,SCH-093,TCH-01203,hustling_subject_specialist,Further Mathematics,SS2B,ROOM-SS2B,1,Wednesday,10:00,12:20,3,10:00,4
SCH-093-LSN-0005,SCH-093,TCH-01203,hustling_subject_specialist,Economics,SS3A,ROOM-SS3A,1,Tuesday,12:20,14:20,3,12:20,-4
SCH-093-LSN-0006,SCH-093,TCH-01203,hustling_subject_specialist,Further Mathematics,SS2A,ROOM-SS2A,1,Wednesday,12:20,14:20,3,12:20,-4
SCH-093-LSN-0007,SCH-093,TCH-01204,overworked_generalist,PHE,JSS1A,ROOM-JSS1A,1,Thursday,12:20,14:20,3,12:20,1.47
SCH-093-LSN-0008,SCH-093,TCH-01204,overworked_generalist,PHE,SS3A,ROOM-SS3A,1,Wednesday,12:20,14:20,3,12:20,1.25
SCH-093-LSN-0009,SCH-093,TCH-01204,overworked_generalist,CRS,JSS2B,ROOM-JSS2B,1,Tuesday,8:40,10:40,3,8:40,1.41
SCH-093-LSN-0010,SCH-093,TCH-01204,overworked_generalist,Basic Technology,SS1B,ROOM-SS1B,0,Thursday,9:20,11:20,3,9:20,1.5
SCH-093-LSN-0011,SCH-093,TCH-01204,overworked_generalist,Basic Technology,SS1B,ROOM-SS1B,0,Monday,9:20,11:20,3,9:20,1.49
SCH-093-LSN-0012,SCH-093,TCH-01204,overworked_generalist,PHE,SS3B,ROOM-SS3B,1,Monday,12:20,14:20,3,12:20,1.47
SCH-093-LSN-0013,SCH-093,TCH-01204,overworked_generalist,Basic Technology,SS1B,WORKSHOP-01,1,Tuesday,11:40,13:40,3,11:40,1.4
SCH-093-LSN-0014,SCH-093,TCH-01204,overworked_generalist,PHE,SS3B,ROOM-SS3B,1,Friday,9:20,11:20,3,9:20,1.48
SCH-093-LSN-0015,SCH-093,TCH-01204,overworked_generalist,CRS,SS1B,ROOM-SS1B,1,Wednesday,9:20,11:20,3,9:20,1.47
SCH-093-LSN-0016,SCH-093,TCH-01205,overworked_generalist,PHE,JSS3B,ROOM-JSS3B,1,Thursday,10:40,14:20,5,10:40,1.47
SCH-093-LSN-0017,SCH-093,TCH-01205,overworked_generalist,CRS,JSS2B,ROOM-JSS2B,1,Friday,8:00,11:20,5,8:00,1.39
SCH-093-LSN-0018,SCH-093,TCH-01205,overworked_generalist,CRS,SS3A,ROOM-SS3A,1,Monday,9:20,13:00,5,9:20,1.44
SCH-093-LSN-0019,SCH-093,TCH-01205,overworked_generalist,CRS,JSS3A,ROOM-JSS3A,1,Tuesday,8:00,11:20,5,8:00,1.42
SCH-093-LSN-0020,SCH-093,TCH-01205,overworked_generalist,CRS,SS3B,ROOM-SS3B,1,Wednesday,10:40,14:20,5,10:40,1.41
SCH-093-LSN-0021,SCH-093,TCH-01206,hustling_subject_specialist,Physics,SS3B,SCI-LAB-01,1,Monday,8:00,10:00,3,8:00,4
SCH-093-LSN-0022,SCH-093,TCH-01206,hustling_subject_specialist,Economics,SS1A,ROOM-SS1A,1,Monday,10:00,12:20,3,10:00,4
SCH-093-LSN-0023,SCH-093,TCH-01206,hustling_subject_specialist,Physics,SS1A,SCI-LAB-01,1,Wednesday,8:00,10:00,3,8:00,4
SCH-093-LSN-0024,SCH-093,TCH-01206,hustling_subject_specialist,Physics,SS2A,SCI-LAB-01,1,Wednesday,10:00,12:20,3,10:00,4
SCH-093-LSN-0025,SCH-093,TCH-01206,hustling_subject_specialist,Economics,SS1A,ROOM-SS1A,1,Thursday,8:00,10:00,3,8:00,4
SCH-093-LSN-0026,SCH-093,TCH-01206,hustling_subject_specialist,Physics,SS2A,SCI-LAB-01,1,Thursday,10:00,12:20,3,10:00,4
SCH-093-LSN-0027,SCH-093,TCH-01207,veteran_staff_room_boss,Physics,SS3A,SCI-LAB-01,1,Tuesday,8:40,10:00,2,8:40,4
SCH-093-LSN-0028,SCH-093,TCH-01207,veteran_staff_room_boss,Physics,SS3B,SCI-LAB-01,1,Monday,10:00,11:20,2,10:00,4
SCH-093-LSN-0029,SCH-093,TCH-01207,veteran_staff_room_boss,Physics,SS3B,SCI-LAB-01,1,Tuesday,10:00,11:20,2,10:00,4
SCH-093-LSN-0030,SCH-093,TCH-01208,overworked_generalist,CRS,SS3A,ROOM-SS3A,1,Wednesday,8:00,10:40,4,8:00,1.31
SCH-093-LSN-0031,SCH-093,TCH-01208,overworked_generalist,Basic Technology,SS3A,ROOM-SS3A,0,Thursday,9:20,12:20,4,9:20,1.46
SCH-093-LSN-0032,SCH-093,TCH-01208,overworked_generalist,Basic Technology,JSS3A,WORKSHOP-01,1,Monday,11:40,14:20,4,11:40,1.47
SCH-093-LSN-0033,SCH-093,TCH-01208,overworked_generalist,Basic Technology,JSS1A,ROOM-JSS1A,0,Wednesday,11:40,14:20,4,11:40,1.46
SCH-093-LSN-0034,SCH-093,TCH-01208,overworked_generalist,Basic Technology,JSS1A,ROOM-JSS1A,0,Tuesday,11:40,14:20,4,11:40,1.48
SCH-093-LSN-0035,SCH-093,TCH-01208,overworked_generalist,Basic Technology,JSS3A,ROOM-JSS3A,0,Friday,8:00,10:40,4,8:00,1.33
SCH-093-LSN-0036,SCH-093,TCH-01209,nysc_corper,Basic Science,JSS1B,ROOM-JSS1B,1,Monday,13:00,13:40,1,13:00,4.5
SCH-093-LSN-0037,SCH-093,TCH-01209,nysc_corper,Civic Education,JSS2A,ROOM-JSS2A,1,Monday,13:40,14:20,1,13:40,4.5
SCH-093-LSN-0038,SCH-093,TCH-01209,nysc_corper,Civic Education,JSS3A,ROOM-JSS3A,1,Tuesday,13:00,13:40,1,13:00,4.5
SCH-093-LSN-0039,SCH-093,TCH-01209,nysc_corper,Civic Education,JSS3A,ROOM-JSS3A,1,Tuesday,13:40,14:20,1,13:40,4.5
SCH-093-LSN-0040,SCH-093,TCH-01209,nysc_corper,Civic Education,JSS1B,ROOM-JSS1B,1,Wednesday,13:00,13:40,1,13:00,4.5
SCH-093-LSN-0041,SCH-093,TCH-01209,nysc_corper,Basic Science,JSS2A,ROOM-JSS2A,1,Wednesday,13:40,14:20,1,13:40,4.5
SCH-093-LSN-0042,SCH-093,TCH-01210,veteran_staff_room_boss,Chemistry,SS1B,SCI-LAB-01,1,Friday,8:40,10:00,2,8:40,4
SCH-093-LSN-0043,SCH-093,TCH-01210,veteran_staff_room_boss,Further Mathematics,SS3B,ROOM-SS3B,1,Tuesday,8:40,10:00,2,8:40,4
SCH-093-LSN-0044,SCH-093,TCH-01210,veteran_staff_room_boss,Chemistry,SS3A,SCI-LAB-01,1,Friday,10:00,11:20,2,10:00,4
SCH-093-LSN-0045,SCH-093,TCH-01210,veteran_staff_room_boss,Further Mathematics,SS3B,ROOM-SS3B,1,Wednesday,8:40,10:00,2,8:40,4
SCH-093-LSN-0046,SCH-093,TCH-01210,veteran_staff_room_boss,Further Mathematics,SS1A,ROOM-SS1A,1,Monday,8:40,10:00,2,8:40,4
SCH-093-LSN-0047,SCH-093,TCH-01210,veteran_staff_room_boss,Further Mathematics,SS3B,ROOM-SS3B,1,Thursday,8:40,10:00,2,8:40,4
SCH-093-LSN-0048,SCH-093,TCH-01211,overworked_generalist,PHE,JSS3B,ROOM-JSS3B,1,Tuesday,10:40,13:00,3,10:40,1.44
SCH-093-LSN-0049,SCH-093,TCH-01211,overworked_generalist,PHE,JSS3B,ROOM-JSS3B,1,Wednesday,11:40,13:40,3,11:40,1.23
SCH-093-LSN-0050,SCH-093,TCH-01211,overworked_generalist,Basic Technology,SS1B,ROOM-SS1B,0,Monday,12:20,14:20,3,12:20,1.47
SCH-093-LSN-0051,SCH-093,TCH-01211,overworked_generalist,Basic Technology,JSS3A,ROOM-JSS3A,0,Thursday,9:20,11:20,3,9:20,1.38
SCH-093-LSN-0052,SCH-093,TCH-01211,overworked_generalist,CRS,SS3B,ROOM-SS3B,1,Thursday,12:20,14:20,3,12:20,1.41
SCH-093-LSN-0053,SCH-093,TCH-01211,overworked_generalist,CRS,SS2A,ROOM-SS2A,1,Wednesday,8:00,10:00,3,8:00,1.44
SCH-093-LSN-0054,SCH-093,TCH-01211,overworked_generalist,Basic Technology,JSS2B,ROOM-JSS2B,0,Monday,10:00,12:20,3,10:00,1.28
SCH-093-LSN-0055,SCH-093,TCH-01211,overworked_generalist,PHE,SS2B,ROOM-SS2B,1,Friday,8:00,10:00,3,8:00,1.49
SCH-093-LSN-0056,SCH-093,TCH-01212,overworked_generalist,Basic Technology,SS1A,ROOM-SS1A,0,Friday,8:00,11:20,5,8:00,1.49
SCH-093-LSN-0057,SCH-093,TCH-01212,overworked_generalist,PHE,SS2B,ROOM-SS2B,1,Tuesday,9:20,13:00,5,9:20,1.46
SCH-093-LSN-0058,SCH-093,TCH-01212,overworked_generalist,CRS,JSS2A,ROOM-JSS2A,1,Wednesday,8:00,11:20,5,8:00,1.49
SCH-093-LSN-0059,SCH-093,TCH-01212,overworked_generalist,CRS,JSS3B,ROOM-JSS3B,1,Monday,8:40,12:20,5,8:40,1.24
SCH-093-LSN-0060,SCH-093,TCH-01213,veteran_staff_room_boss,Further Mathematics,SS2A,ROOM-SS2A,1,Monday,8:40,10:00,2,8:40,4
SCH-093-LSN-0061,SCH-093,TCH-01213,veteran_staff_room_boss,Further Mathematics,SS3A,ROOM-SS3A,1,Tuesday,10:00,11:20,2,10:00,4
SCH-093-LSN-0062,SCH-093,TCH-01214,hustling_subject_specialist,Further Mathematics,SS2A,ROOM-SS2A,1,Tuesday,8:00,10:00,3,8:00,4
SCH-093-LSN-0063,SCH-093,TCH-01214,hustling_subject_specialist,Further Mathematics,SS1A,ROOM-SS1A,1,Tuesday,10:00,12:20,3,10:00,4
SCH-093-LSN-0064,SCH-093,TCH-01214,hustling_subject_specialist,Further Mathematics,SS3A,ROOM-SS3A,1,Thursday,12:20,14:20,3,12:20,-4
SCH-093-LSN-0065,SCH-093,TCH-01214,hustling_subject_specialist,Economics,SS1A,ROOM-SS1A,1,Thursday,10:00,12:20,3,10:00,4
SCH-093-LSN-0066,SCH-093,TCH-01214,hustling_subject_specialist,Economics,SS2B,ROOM-SS2B,1,Thursday,8:00,10:00,3,8:00,4
SCH-093-LSN-0067,SCH-093,TCH-01215,nysc_corper,Basic Science,JSS3A,ROOM-JSS3A,1,Wednesday,13:00,13:40,1,13:00,4.5
SCH-093-LSN-0068,SCH-093,TCH-01215,nysc_corper,Basic Science,JSS3A,ROOM-JSS3A,1,Wednesday,13:40,14:20,1,13:40,4.5
SCH-093-LSN-0069,SCH-093,TCH-01215,nysc_corper,Basic Science,JSS2B,ROOM-JSS2B,1,Monday,13:00,13:40,1,13:00,4.5
SCH-094-LSN-0001,SCH-094,TCH-01216,overworked_generalist,CRS,SS2B,ROOM-SS2B,1,Monday,10:40,13:00,3,10:40,1.44
SCH-094-LSN-0002,SCH-094,TCH-01216,overworked_generalist,CRS,SS1B,ROOM-SS1B,1,Thursday,8:40,10:40,3,8:40,1.49
SCH-094-LSN-0003,SCH-094,TCH-01216,overworked_generalist,CRS,SS1A,ROOM-SS1A,1,Friday,8:40,10:40,3,8:40,1.48
SCH-094-LSN-0004,SCH-094,TCH-01216,overworked_generalist,Basic Technology,JSS2A,ROOM-JSS2A,0,Tuesday,11:40,13:40,3,11:40,1.49
SCH-094-LSN-0005,SCH-094,TCH-01216,overworked_generalist,Basic Technology,SS1A,ROOM-SS1A,0,Monday,8:40,10:40,3,8:40,1.43
SCH-094-LSN-0006,SCH-094,TCH-01216,overworked_generalist,Basic Technology,SS1B,ROOM-SS1B,0,Thursday,11:40,13:40,3,11:40,1.43
SCH-094-LSN-0007,SCH-094,TCH-01217,nysc_corper,Civic Education,JSS1A,ROOM-JSS1A,1,Tuesday,13:00,13:40,1,13:00,4.5
SCH-094-LSN-0008,SCH-094,TCH-01217,nysc_corper,Civic Education,JSS3A,ROOM-JSS3A,1,Tuesday,13:40,14:20,1,13:40,4.5
SCH-094-LSN-0009,SCH-094,TCH-01217,nysc_corper,Basic Science,JSS1A,ROOM-JSS1A,1,Wednesday,13:00,13:40,1,13:00,4.5
SCH-094-LSN-0010,SCH-094,TCH-01217,nysc_corper,Basic Science,JSS1B,ROOM-JSS1B,1,Wednesday,13:40,14:20,1,13:40,4.5
SCH-094-LSN-0011,SCH-094,TCH-01218,hustling_subject_specialist,Further Mathematics,SS2A,ROOM-SS2A,1,Monday,8:00,9:20,2,8:00,4
SCH-094-LSN-0012,SCH-094,TCH-01218,hustling_subject_specialist,Economics,SS1B,ROOM-SS1B,1,Monday,9:20,10:40,2,9:20,4
SCH-094-LSN-0013,SCH-094,TCH-01218,hustling_subject_specialist,Economics,SS2A,ROOM-SS2A,1,Monday,10:40,12:20,2,10:40,4
SCH-094-LSN-0014,SCH-094,TCH-01218,hustling_subject_specialist,Further Mathematics,SS3B,ROOM-SS3B,1,Tuesday,8:00,9:20,2,8:00,4
SCH-094-LSN-0015,SCH-094,TCH-01218,hustling_subject_specialist,Economics,SS1B,ROOM-SS1B,1,Tuesday,9:20,10:40,2,9:20,4
SCH-094-LSN-0016,SCH-094,TCH-01218,hustling_subject_specialist,Economics,SS1B,ROOM-SS1B,1,Tuesday,10:40,12:20,2,10:40,4
SCH-094-LSN-0017,SCH-094,TCH-01218,hustling_subject_specialist,Economics,SS2B,ROOM-SS2B,1,Thursday,8:00,9:20,2,8:00,4
SCH-094-LSN-0018,SCH-094,TCH-01218,hustling_subject_specialist,Economics,SS1A,ROOM-SS1A,1,Thursday,9:20,10:40,2,9:20,4
SCH-094-LSN-0019,SCH-094,TCH-01219,nysc_corper,Civic Education,JSS1A,ROOM-JSS1A,1,Tuesday,13:40,14:20,1,13:40,4.5
SCH-094-LSN-0020,SCH-094,TCH-01219,nysc_corper,Civic Education,JSS1A,ROOM-JSS1A,1,Wednesday,13:40,14:20,1,13:40,4.5
SCH-094-LSN-0021,SCH-094,TCH-01219,nysc_corper,Civic Education,JSS3B,ROOM-JSS3B,1,Tuesday,13:00,13:40,1,13:00,4.5
SCH-094-LSN-0022,SCH-094,TCH-01219,nysc_corper,Basic Science,JSS2A,ROOM-JSS2A,1,Wednesday,13:00,13:40,1,13:00,4.5
SCH-094-LSN-0023,SCH-094,TCH-01219,nysc_corper,Civic Education,JSS1B,ROOM-JSS1B,1,Thursday,13:00,13:40,1,13:00,4.5
SCH-094-LSN-0024,SCH-094,TCH-01219,nysc_corper,Civic Education,JSS1B,ROOM-JSS1B,1,Thursday,13:40,14:20,1,13:40,4.5
SCH-094-LSN-0025,SCH-094,TCH-01219,nysc_corper,Basic Science,JSS2B,ROOM-JSS2B,1,Tuesday,8:00,8:40,1,8:00,0
SCH-094-LSN-0026,SCH-094,TCH-01219,nysc_corper,Basic Science,JSS3A,ROOM-JSS3A,1,Tuesday,8:40,9:20,1,8:40,0
SCH-094-LSN-0027,SCH-094,TCH-01220,veteran_staff_room_boss,Biology,SS3A,SCI-LAB-01,1,Monday,8:40,10:00,2,8:40,4
SCH-094-LSN-0028,SCH-094,TCH-01220,veteran_staff_room_boss,Biology,SS1A,SCI-LAB-01,1,Tuesday,8:40,10:00,2,8:40,4
SCH-094-LSN-0029,SCH-094,TCH-01220,veteran_staff_room_boss,Further Mathematics,SS3A,ROOM-SS3A,1,Monday,10:00,11:20,2,10:00,4
SCH-094-LSN-0030,SCH-094,TCH-01220,veteran_staff_room_boss,Further Mathematics,SS2B,ROOM-SS2B,1,Tuesday,10:00,11:20,2,10:00,4
SCH-094-LSN-0031,SCH-094,TCH-01220,veteran_staff_room_boss,Biology,SS3A,SCI-LAB-01,1,Wednesday,8:40,10:00,2,8:40,4
SCH-094-LSN-0032,SCH-094,TCH-01220,veteran_staff_room_boss,Biology,SS2B,SCI-LAB-01,1,Wednesday,10:00,11:20,2,10:00,4
SCH-094-LSN-0033,SCH-094,TCH-01220,veteran_staff_room_boss,Biology,SS3A,SCI-LAB-01,1,Thursday,8:40,10:00,2,8:40,4
SCH-094-LSN-0034,SCH-094,TCH-01220,veteran_staff_room_boss,Biology,SS2B,SCI-LAB-01,1,Thursday,10:00,11:20,2,10:00,4
SCH-094-LSN-0035,SCH-094,TCH-01221,veteran_staff_room_boss,Biology,SS1B,SCI-LAB-01,1,Monday,8:40,9:20,1,8:40,4
SCH-094-LSN-0036,SCH-094,TCH-01221,veteran_staff_room_boss,Chemistry,SS2B,SCI-LAB-01,1,Monday,10:00,10:40,1,10:00,4
SCH-094-LSN-0037,SCH-094,TCH-01221,veteran_staff_room_boss,Chemistry,SS2B,SCI-LAB-01,1,Friday,8:40,9:20,1,8:40,4
SCH-094-LSN-0038,SCH-094,TCH-01221,veteran_staff_room_boss,Chemistry,SS3B,SCI-LAB-01,1,Tuesday,10:00,10:40,1,10:00,4
SCH-094-LSN-0039,SCH-094,TCH-01221,veteran_staff_room_boss,Chemistry,SS2A,SCI-LAB-01,1,Friday,9:20,10:00,1,9:20,4
SCH-094-LSN-0040,SCH-094,TCH-01221,veteran_staff_room_boss,Biology,SS2B,SCI-LAB-01,1,Wednesday,8:40,9:20,1,8:40,4
SCH-094-LSN-0041,SCH-094,TCH-01222,overworked_generalist,Basic Technology,JSS1B,ROOM-JSS1B,0,Tuesday,10:00,12:20,3,10:00,1.44
SCH-094-LSN-0042,SCH-094,TCH-01222,overworked_generalist,Basic Technology,SS1B,ROOM-SS1B,0,Monday,10:40,13:00,3,10:40,1.42
SCH-094-LSN-0043,SCH-094,TCH-01222,overworked_generalist,CRS,JSS2B,ROOM-JSS2B,1,Thursday,8:00,10:00,3,8:00,1.49
SCH-094-LSN-0044,SCH-094,TCH-01222,overworked_generalist,CRS,JSS2A,ROOM-JSS2A,1,Wednesday,10:00,12:20,3,10:00,1.48
SCH-094-LSN-0045,SCH-094,TCH-01222,overworked_generalist,CRS,SS3B,ROOM-SS3B,1,Monday,8:40,10:40,3,8:40,1.37
SCH-094-LSN-0046,SCH-094,TCH-01222,overworked_generalist,Basic Technology,SS2B,ROOM-SS2B,0,Thursday,11:40,13:40,3,11:40,1.24
SCH-094-LSN-0047,SCH-094,TCH-01222,overworked_generalist,Basic Technology,SS1A,ROOM-SS1A,0,Wednesday,12:20,14:20,3,12:20,1.27
SCH-094-LSN-0048,SCH-094,TCH-01222,overworked_generalist,Basic Technology,SS3A,ROOM-SS3A,0,Tuesday,8:00,10:00,3,8:00,1.44
SCH-094-LSN-0049,SCH-094,TCH-01223,overworked_generalist,PHE,SS1B,ROOM-SS1B,1,Wednesday,10:40,14:20,5,10:40,1.4
SCH-094-LSN-0050,SCH-094,TCH-01223,overworked_generalist,Basic Technology,JSS3A,ROOM-JSS3A,0,Thursday,10:00,13:40,5,10:00,1.31
SCH-094-LSN-0051,SCH-094,TCH-01223,overworked_generalist,Basic Technology,SS3A,ROOM-SS3A,0,Friday,8:00,11:20,5,8:00,1.24
SCH-094-LSN-0052,SCH-094,TCH-01223,overworked_generalist,Basic Technology,JSS3B,ROOM-JSS3B,0,Monday,9:20,13:00,5,9:20,1.49
SCH-094-LSN-0053,SCH-094,TCH-01223,overworked_generalist,Basic Technology,JSS2A,WORKSHOP-01,1,Tuesday,8:00,11:20,5,8:00,0.65
SCH-094-LSN-0054,SCH-094,TCH-01224,hustling_subject_specialist,Further Mathematics,SS1A,ROOM-SS1A,1,Wednesday,8:00,9:20,2,8:00,4
SCH-094-LSN-0055,SCH-094,TCH-01224,hustling_subject_specialist,Further Mathematics,SS2A,ROOM-SS2A,1,Wednesday,9:20,10:40,2,9:20,4
SCH-094-LSN-0056,SCH-094,TCH-01224,hustling_subject_specialist,Further Mathematics,SS3A,ROOM-SS3A,1,Wednesday,10:40,12:20,2,10:40,4
SCH-094-LSN-0057,SCH-094,TCH-01224,hustling_subject_specialist,Further Mathematics,SS2B,ROOM-SS2B,1,Wednesday,12:20,13:40,2,12:20,-4
SCH-094-LSN-0058,SCH-094,TCH-01224,hustling_subject_specialist,Further Mathematics,SS2A,ROOM-SS2A,1,Thursday,8:00,9:20,2,8:00,4
SCH-094-LSN-0059,SCH-094,TCH-01224,hustling_subject_specialist,Economics,SS2A,ROOM-SS2A,1,Thursday,9:20,10:40,2,9:20,4
SCH-094-LSN-0060,SCH-094,TCH-01225,veteran_staff_room_boss,Chemistry,SS2A,SCI-LAB-01,1,Monday,10:00,10:40,1,10:00,4
SCH-094-LSN-0061,SCH-094,TCH-01225,veteran_staff_room_boss,Further Mathematics,SS1B,ROOM-SS1B,1,Tuesday,8:40,9:20,1,8:40,4
SCH-094-LSN-0062,SCH-094,TCH-01225,veteran_staff_room_boss,Chemistry,SS1A,SCI-LAB-01,1,Tuesday,10:00,10:40,1,10:00,4
SCH-094-LSN-0063,SCH-094,TCH-01225,veteran_staff_room_boss,Further Mathematics,SS1A,ROOM-SS1A,1,Wednesday,9:20,10:00,1,9:20,4
SCH-094-LSN-0064,SCH-094,TCH-01225,veteran_staff_room_boss,Chemistry,SS2A,SCI-LAB-01,1,Friday,8:40,9:20,1,8:40,4
SCH-094-LSN-0065,SCH-094,TCH-01225,veteran_staff_room_boss,Further Mathematics,SS2A,ROOM-SS2A,1,Friday,10:00,10:40,1,10:00,4
SCH-094-LSN-0066,SCH-094,TCH-01226,nysc_corper,Basic Science,JSS1A,ROOM-JSS1A,1,Thursday,13:00,13:40,1,13:00,4.5
SCH-094-LSN-0067,SCH-094,TCH-01226,nysc_corper,Basic Science,JSS2A,ROOM-JSS2A,1,Tuesday,13:40,14:20,1,13:40,4.5
SCH-094-LSN-0068,SCH-094,TCH-01226,nysc_corper,Basic Science,JSS2B,ROOM-JSS2B,1,Tuesday,13:00,13:40,1,13:00,4.5
SCH-094-LSN-0069,SCH-094,TCH-01226,nysc_corper,Civic Education,JSS2B,ROOM-JSS2B,1,Wednesday,13:00,13:40,1,13:00,4.5
SCH-094-LSN-0070,SCH-094,TCH-01226,nysc_corper,Civic Education,JSS2A,ROOM-JSS2A,1,Wednesday,13:40,14:20,1,13:40,4.5
SCH-094-LSN-0071,SCH-094,TCH-01226,nysc_corper,Basic Science,JSS1A,ROOM-JSS1A,1,Thursday,13:40,14:20,1,13:40,4.5
SCH-094-LSN-0072,SCH-094,TCH-01227,hustling_subject_specialist,Economics,SS1A,ROOM-SS1A,1,Monday,10:40,12:20,2,10:40,4
SCH-094-LSN-0073,SCH-094,TCH-01227,hustling_subject_specialist,Economics,SS2A,ROOM-SS2A,1,Thursday,10:40,12:20,2,10:40,4
SCH-094-LSN-0074,SCH-094,TCH-01227,hustling_subject_specialist,Economics,SS1B,ROOM-SS1B,1,Monday,13:00,14:20,2,13:00,-4
SCH-094-LSN-0075,SCH-094,TCH-01227,hustling_subject_specialist,Economics,SS1A,ROOM-SS1A,1,Thursday,8:00,9:20,2,8:00,4
SCH-094-LSN-0076,SCH-094,TCH-01228,hustling_subject_specialist,Further Mathematics,SS2B,ROOM-SS2B,1,Monday,8:00,10:00,3,8:00,4
SCH-094-LSN-0077,SCH-094,TCH-01228,hustling_subject_specialist,Further Mathematics,SS2A,ROOM-SS2A,1,Monday,12:20,14:20,3,12:20,-4
SCH-094-LSN-0078,SCH-094,TCH-01228,hustling_subject_specialist,Further Mathematics,SS3A,ROOM-SS3A,1,Thursday,10:00,12:20,3,10:00,4
SCH-095-LSN-0001,SCH-095,TCH-01229,overworked_generalist,PHE,JSS3B,ROOM-JSS3B,1,Friday,8:00,10:40,4,8:00,1.46
SCH-095-LSN-0002,SCH-095,TCH-01229,overworked_generalist,CRS,SS1A,ROOM-SS1A,1,Thursday,8:40,11:20,4,8:40,1.49
SCH-095-LSN-0003,SCH-095,TCH-01229,overworked_generalist,CRS,SS2B,ROOM-SS2B,1,Monday,10:00,13:00,4,10:00,1.41
SCH-095-LSN-0004,SCH-095,TCH-01229,overworked_generalist,CRS,JSS2A,ROOM-JSS2A,1,Wednesday,8:00,10:40,4,8:00,1.48
SCH-095-LSN-0005,SCH-095,TCH-01229,overworked_generalist,CRS,SS1B,ROOM-SS1B,1,Wednesday,10:40,13:40,4,10:40,1.37
SCH-095-LSN-0006,SCH-095,TCH-01229,overworked_generalist,CRS,JSS2A,ROOM-JSS2A,1,Thursday,11:40,14:20,4,11:40,1.32
SCH-095-LSN-0007,SCH-095,TCH-01229,overworked_generalist,CRS,JSS1A,ROOM-JSS1A,1,Tuesday,8:40,11:20,4,8:40,1.34
SCH-095-LSN-0008,SCH-095,TCH-01229,overworked_generalist,CRS,SS2B,ROOM-SS2B,1,Tuesday,11:40,14:20,4,11:40,0.85
SCH-095-LSN-0009,SCH-095,TCH-01230,nysc_corper,Basic Science,JSS3B,ROOM-JSS3B,1,Tuesday,13:00,13:40,1,13:00,4.5
SCH-095-LSN-0010,SCH-095,TCH-01230,nysc_corper,Basic Science,JSS2B,ROOM-JSS2B,1,Tuesday,13:40,14:20,1,13:40,4.5
SCH-095-LSN-0011,SCH-095,TCH-01231,nysc_corper,Basic Science,JSS3A,ROOM-JSS3A,1,Monday,13:00,13:40,1,13:00,4.5
SCH-095-LSN-0012,SCH-095,TCH-01231,nysc_corper,Civic Education,JSS1A,ROOM-JSS1A,1,Monday,13:40,14:20,1,13:40,4.5
SCH-095-LSN-0013,SCH-095,TCH-01231,nysc_corper,Basic Science,JSS1B,ROOM-JSS1B,1,Tuesday,13:00,13:40,1,13:00,4.5
SCH-095-LSN-0014,SCH-095,TCH-01231,nysc_corper,Civic Education,JSS1B,ROOM-JSS1B,1,Tuesday,13:40,14:20,1,13:40,4.5
SCH-095-LSN-0015,SCH-095,TCH-01231,nysc_corper,Civic Education,JSS3B,ROOM-JSS3B,1,Wednesday,13:00,13:40,1,13:00,4.5
SCH-095-LSN-0016,SCH-095,TCH-01231,nysc_corper,Basic Science,JSS3B,ROOM-JSS3B,1,Wednesday,13:40,14:20,1,13:40,4.5
SCH-095-LSN-0017,SCH-095,TCH-01232,overworked_generalist,Basic Technology,JSS3B,ROOM-JSS3B,0,Thursday,9:20,13:00,5,9:20,1.45
SCH-095-LSN-0018,SCH-095,TCH-01232,overworked_generalist,CRS,SS1A,ROOM-SS1A,1,Wednesday,10:00,13:40,5,10:00,1.47
SCH-095-LSN-0019,SCH-095,TCH-01232,overworked_generalist,CRS,JSS1A,ROOM-JSS1A,1,Friday,8:00,11:20,5,8:00,1.44
SCH-095-LSN-0020,SCH-095,TCH-01232,overworked_generalist,PHE,SS2B,ROOM-SS2B,1,Tuesday,8:00,11:20,5,8:00,0.83
SCH-095-LSN-0021,SCH-095,TCH-01232,overworked_generalist,CRS,JSS2B,ROOM-JSS2B,1,Monday,8:00,11:20,5,8:00,1.24
SCH-095-LSN-0022,SCH-095,TCH-01233,veteran_staff_room_boss,Chemistry,SS1A,SCI-LAB-01,1,Monday,8:40,9:20,1,8:40,4
SCH-095-LSN-0023,SCH-095,TCH-01233,veteran_staff_room_boss,Chemistry,SS3A,SCI-LAB-01,1,Monday,9:20,10:00,1,9:20,4
SCH-095-LSN-0024,SCH-095,TCH-01233,veteran_staff_room_boss,Chemistry,SS1B,SCI-LAB-01,1,Monday,10:00,10:40,1,10:00,4
SCH-095-LSN-0025,SCH-095,TCH-01233,veteran_staff_room_boss,Chemistry,SS2A,SCI-LAB-01,1,Tuesday,8:40,9:20,1,8:40,4
SCH-095-LSN-0026,SCH-095,TCH-01234,overworked_generalist,CRS,JSS1B,ROOM-JSS1B,1,Thursday,8:40,11:20,4,8:40,1.48
SCH-095-LSN-0027,SCH-095,TCH-01234,overworked_generalist,PHE,JSS2A,ROOM-JSS2A,1,Monday,11:40,14:20,4,11:40,1.43
SCH-095-LSN-0028,SCH-095,TCH-01234,overworked_generalist,Basic Technology,JSS3B,WORKSHOP-01,1,Tuesday,8:00,10:40,4,8:00,1.31
SCH-095-LSN-0029,SCH-095,TCH-01234,overworked_generalist,PHE,JSS3A,ROOM-JSS3A,1,Friday,8:40,11:20,4,8:40,1.34
SCH-095-LSN-0030,SCH-095,TCH-01234,overworked_generalist,PHE,SS1A,ROOM-SS1A,1,Thursday,11:40,14:20,4,11:40,1.2
SCH-095-LSN-0031,SCH-095,TCH-01234,overworked_generalist,CRS,JSS2A,ROOM-JSS2A,1,Wednesday,11:40,14:20,4,11:40,1.41
SCH-095-LSN-0032,SCH-095,TCH-01235,veteran_staff_room_boss,Physics,SS3A,SCI-LAB-01,1,Tuesday,9:20,10:40,2,9:20,4
SCH-095-LSN-0033,SCH-095,TCH-01235,veteran_staff_room_boss,Physics,SS1B,SCI-LAB-01,1,Wednesday,8:40,10:00,2,8:40,4
SCH-095-LSN-0034,SCH-095,TCH-01236,overworked_generalist,PHE,SS2B,ROOM-SS2B,1,Thursday,10:00,13:00,4,10:00,1.38
SCH-095-LSN-0035,SCH-095,TCH-01236,overworked_generalist,PHE,JSS3A,ROOM-JSS3A,1,Monday,8:40,11:20,4,8:40,1.32
SCH-095-LSN-0036,SCH-095,TCH-01236,overworked_generalist,PHE,SS3B,ROOM-SS3B,1,Wednesday,10:00,13:00,4,10:00,1.43
SCH-095-LSN-0037,SCH-095,TCH-01236,overworked_generalist,PHE,JSS3B,ROOM-JSS3B,1,Monday,11:40,14:20,4,11:40,0.71
SCH-095-LSN-0038,SCH-095,TCH-01236,overworked_generalist,CRS,SS1B,ROOM-SS1B,1,Tuesday,8:00,10:40,4,8:00,1.45
SCH-095-LSN-0039,SCH-095,TCH-01236,overworked_generalist,CRS,JSS3A,ROOM-JSS3A,1,Tuesday,11:40,14:20,4,11:40,1.48
SCH-095-LSN-0040,SCH-095,TCH-01237,veteran_staff_room_boss,Physics,SS2B,SCI-LAB-01,1,Wednesday,8:40,9:20,1,8:40,4
SCH-095-LSN-0041,SCH-095,TCH-01237,veteran_staff_room_boss,Chemistry,SS2A,SCI-LAB-01,1,Monday,8:40,9:20,1,8:40,4
SCH-095-LSN-0042,SCH-095,TCH-01237,veteran_staff_room_boss,Physics,SS3A,SCI-LAB-01,1,Wednesday,9:20,10:00,1,9:20,4
SCH-095-LSN-0043,SCH-095,TCH-01237,veteran_staff_room_boss,Chemistry,SS2B,SCI-LAB-01,1,Monday,9:20,10:00,1,9:20,4
SCH-095-LSN-0044,SCH-095,TCH-01237,veteran_staff_room_boss,Physics,SS2B,SCI-LAB-01,1,Wednesday,10:00,10:40,1,10:00,4
SCH-095-LSN-0045,SCH-095,TCH-01237,veteran_staff_room_boss,Physics,SS2B,SCI-LAB-01,1,Thursday,8:40,9:20,1,8:40,4
SCH-095-LSN-0046,SCH-095,TCH-01238,overworked_generalist,PHE,SS1A,ROOM-SS1A,1,Monday,10:40,14:20,5,10:40,1.41
SCH-095-LSN-0047,SCH-095,TCH-01238,overworked_generalist,PHE,JSS3B,ROOM-JSS3B,1,Wednesday,8:00,11:20,5,8:00,1.14
SCH-095-LSN-0048,SCH-095,TCH-01238,overworked_generalist,PHE,SS1B,ROOM-SS1B,1,Thursday,8:40,12:20,5,8:40,1.33
SCH-095-LSN-0049,SCH-095,TCH-01238,overworked_generalist,Basic Technology,SS1A,ROOM-SS1A,0,Tuesday,9:20,13:00,5,9:20,1.35
SCH-095-LSN-0050,SCH-095,TCH-01239,veteran_staff_room_boss,Further Mathematics,SS1B,ROOM-SS1B,1,Monday,8:40,10:00,2,8:40,4
SCH-095-LSN-0051,SCH-095,TCH-01239,veteran_staff_room_boss,Further Mathematics,SS2A,ROOM-SS2A,1,Monday,10:00,11:20,2,10:00,4
SCH-095-LSN-0052,SCH-095,TCH-01239,veteran_staff_room_boss,Further Mathematics,SS2A,ROOM-SS2A,1,Tuesday,9:20,10:40,2,9:20,4
SCH-095-LSN-0053,SCH-095,TCH-01239,veteran_staff_room_boss,Further Mathematics,SS1A,ROOM-SS1A,1,Wednesday,8:40,10:00,2,8:40,4
SCH-095-LSN-0054,SCH-095,TCH-01240,veteran_staff_room_boss,Physics,SS1B,SCI-LAB-01,1,Wednesday,10:00,10:40,1,10:00,4
SCH-095-LSN-0055,SCH-095,TCH-01240,veteran_staff_room_boss,Physics,SS2B,SCI-LAB-01,1,Thursday,9:20,10:00,1,9:20,4
SCH-095-LSN-0056,SCH-095,TCH-01240,veteran_staff_room_boss,Physics,SS3A,SCI-LAB-01,1,Thursday,10:00,10:40,1,10:00,4
SCH-095-LSN-0057,SCH-095,TCH-01240,veteran_staff_room_boss,Further Mathematics,SS2B,ROOM-SS2B,1,Monday,8:40,9:20,1,8:40,4
SCH-095-LSN-0058,SCH-095,TCH-01240,veteran_staff_room_boss,Further Mathematics,SS1B,ROOM-SS1B,1,Friday,8:40,9:20,1,8:40,4
SCH-095-LSN-0059,SCH-095,TCH-01240,veteran_staff_room_boss,Further Mathematics,SS1B,ROOM-SS1B,1,Friday,9:20,10:00,1,9:20,4
SCH-095-LSN-0060,SCH-095,TCH-01240,veteran_staff_room_boss,Physics,SS2B,SCI-LAB-01,1,Friday,10:00,10:40,1,10:00,4
SCH-095-LSN-0061,SCH-095,TCH-01240,veteran_staff_room_boss,Further Mathematics,SS1B,ROOM-SS1B,1,Monday,10:40,11:20,1,10:40,0
SCH-095-LSN-0062,SCH-095,TCH-01241,overworked_generalist,PHE,JSS1B,ROOM-JSS1B,1,Tuesday,10:00,13:00,4,10:00,1.43
SCH-095-LSN-0063,SCH-095,TCH-01241,overworked_generalist,PHE,JSS2A,ROOM-JSS2A,1,Friday,8:40,11:20,4,8:40,1.43
SCH-095-LSN-0064,SCH-095,TCH-01241,overworked_generalist,PHE,JSS3A,ROOM-JSS3A,1,Wednesday,9:20,12:20,4,9:20,1.49
SCH-095-LSN-0065,SCH-095,TCH-01241,overworked_generalist,Basic Technology,SS2A,ROOM-SS2A,0,Thursday,11:40,14:20,4,11:40,1.34
SCH-095-LSN-0066,SCH-095,TCH-01241,overworked_generalist,PHE,JSS2A,ROOM-JSS2A,1,Thursday,8:00,10:40,4,8:00,1.12
SCH-095-LSN-0067,SCH-095,TCH-01241,overworked_generalist,Basic Technology,JSS1B,ROOM-JSS1B,0,Monday,11:40,14:20,4,11:40,1.2
SCH-095-LSN-0068,SCH-095,TCH-01241,overworked_generalist,Basic Technology,SS3B,ROOM-SS3B,0,Monday,8:40,11:20,4,8:40,1.4
SCH-095-LSN-0069,SCH-095,TCH-01242,overworked_generalist,PHE,SS1A,ROOM-SS1A,1,Friday,8:40,12:20,5,8:40,1.49
SCH-095-LSN-0070,SCH-095,TCH-01242,overworked_generalist,CRS,SS1B,ROOM-SS1B,1,Tuesday,10:40,14:20,5,10:40,0.94
SCH-095-LSN-0071,SCH-095,TCH-01242,overworked_generalist,Basic Technology,JSS1A,ROOM-JSS1A,0,Thursday,8:00,11:20,5,8:00,1.41
SCH-095-LSN-0072,SCH-095,TCH-01242,overworked_generalist,CRS,SS3A,ROOM-SS3A,1,Monday,10:40,14:20,5,10:40,1.36
SCH-095-LSN-0073,SCH-095,TCH-01242,overworked_generalist,Basic Technology,JSS1A,ROOM-JSS1A,0,Wednesday,9:20,13:00,5,9:20,1.49
SCH-095-LSN-0074,SCH-095,TCH-01243,nysc_corper,Civic Education,JSS2B,ROOM-JSS2B,1,Tuesday,13:00,13:40,1,13:00,4.5
SCH-095-LSN-0075,SCH-095,TCH-01243,nysc_corper,Basic Science,JSS1B,ROOM-JSS1B,1,Wednesday,13:00,13:40,1,13:00,4.5
SCH-095-LSN-0076,SCH-095,TCH-01243,nysc_corper,Civic Education,JSS1A,ROOM-JSS1A,1,Tuesday,13:40,14:20,1,13:40,4.5
SCH-095-LSN-0077,SCH-095,TCH-01243,nysc_corper,Basic Science,JSS2A,ROOM-JSS2A,1,Tuesday,8:00,8:40,1,8:00,0
SCH-095-LSN-0078,SCH-095,TCH-01243,nysc_corper,Civic Education,JSS3B,ROOM-JSS3B,1,Thursday,13:00,13:40,1,13:00,4.5
SCH-095-LSN-0079,SCH-095,TCH-01243,nysc_corper,Basic Science,JSS1B,ROOM-JSS1B,1,Wednesday,13:40,14:20,1,13:40,4.5
SCH-095-LSN-0080,SCH-095,TCH-01243,nysc_corper,Basic Science,JSS1A,ROOM-JSS1A,1,Thursday,13:40,14:20,1,13:40,4.5
SCH-095-LSN-0081,SCH-095,TCH-01243,nysc_corper,Basic Science,JSS1B,ROOM-JSS1B,1,Tuesday,8:40,9:20,1,8:40,0
SCH-096-LSN-0001,SCH-096,TCH-01244,hustling_subject_specialist,Further Mathematics,SS2A,ROOM-SS2A,1,Monday,8:00,10:00,3,8:00,4
SCH-096-LSN-0002,SCH-096,TCH-01244,hustling_subject_specialist,Further Mathematics,SS3A,ROOM-SS3A,1,Monday,10:00,12:20,3,10:00,4
SCH-096-LSN-0003,SCH-096,TCH-01244,hustling_subject_specialist,Physics,SS2A,SCI-LAB-01,1,Tuesday,8:00,10:00,3,8:00,4
SCH-096-LSN-0004,SCH-096,TCH-01244,hustling_subject_specialist,Physics,SS1A,SCI-LAB-01,1,Tuesday,10:00,12:20,3,10:00,4
SCH-096-LSN-0005,SCH-096,TCH-01244,hustling_subject_specialist,Further Mathematics,SS2B,ROOM-SS2B,1,Monday,12:20,14:20,3,12:20,-4
SCH-096-LSN-0006,SCH-096,TCH-01244,hustling_subject_specialist,Further Mathematics,SS2A,ROOM-SS2A,1,Tuesday,12:20,14:20,3,12:20,-4
SCH-096-LSN-0007,SCH-096,TCH-01245,overworked_generalist,CRS,JSS2B,ROOM-JSS2B,1,Thursday,10:00,13:40,5,10:00,1.48
SCH-096-LSN-0008,SCH-096,TCH-01245,overworked_generalist,PHE,JSS1A,ROOM-JSS1A,1,Monday,9:20,13:00,5,9:20,1.49
SCH-096-LSN-0009,SCH-096,TCH-01245,overworked_generalist,PHE,SS1B,ROOM-SS1B,1,Friday,8:00,11:20,5,8:00,1.36
SCH-096-LSN-0010,SCH-096,TCH-01245,overworked_generalist,PHE,SS1B,ROOM-SS1B,1,Tuesday,10:00,13:40,5,10:00,1.36
SCH-096-LSN-0011,SCH-096,TCH-01245,overworked_generalist,CRS,JSS3B,ROOM-JSS3B,1,Wednesday,8:00,11:20,5,8:00,1.44
SCH-096-LSN-0012,SCH-096,TCH-01246,overworked_generalist,CRS,JSS3B,ROOM-JSS3B,1,Tuesday,8:00,10:40,4,8:00,1.46
SCH-096-LSN-0013,SCH-096,TCH-01246,overworked_generalist,CRS,JSS3A,ROOM-JSS3A,1,Tuesday,10:40,13:40,4,10:40,1.47
SCH-096-LSN-0014,SCH-096,TCH-01246,overworked_generalist,PHE,SS3A,ROOM-SS3A,1,Wednesday,10:40,13:40,4,10:40,1.46
SCH-096-LSN-0015,SCH-096,TCH-01246,overworked_generalist,CRS,SS1A,ROOM-SS1A,1,Thursday,8:40,11:20,4,8:40,1.4
SCH-096-LSN-0016,SCH-096,TCH-01247,overworked_generalist,CRS,SS3A,ROOM-SS3A,1,Thursday,9:20,11:20,3,9:20,1.44
SCH-096-LSN-0017,SCH-096,TCH-01247,overworked_generalist,Basic Technology,SS1A,ROOM-SS1A,0,Wednesday,11:40,13:40,3,11:40,1.46
SCH-096-LSN-0018,SCH-096,TCH-01247,overworked_generalist,CRS,SS2A,ROOM-SS2A,1,Friday,8:40,10:40,3,8:40,1.44
SCH-096-LSN-0019,SCH-096,TCH-01247,overworked_generalist,CRS,JSS2A,ROOM-JSS2A,1,Tuesday,8:00,10:00,3,8:00,1.49
SCH-096-LSN-0020,SCH-096,TCH-01247,overworked_generalist,Basic Technology,JSS2B,ROOM-JSS2B,0,Monday,10:00,12:20,3,10:00,1.39
SCH-096-LSN-0021,SCH-096,TCH-01247,overworked_generalist,CRS,JSS2B,ROOM-JSS2B,1,Wednesday,8:40,10:40,3,8:40,1.36
SCH-096-LSN-0022,SCH-096,TCH-01247,overworked_generalist,Basic Technology,SS1A,ROOM-SS1A,0,Thursday,12:20,14:20,3,12:20,1.43
SCH-096-LSN-0023,SCH-096,TCH-01247,overworked_generalist,Basic Technology,SS3B,ROOM-SS3B,0,Tuesday,10:40,13:00,3,10:40,1.48
SCH-096-LSN-0024,SCH-096,TCH-01248,hustling_subject_specialist,Physics,SS2B,SCI-LAB-01,1,Monday,8:00,10:00,3,8:00,4
SCH-096-LSN-0025,SCH-096,TCH-01248,hustling_subject_specialist,Further Mathematics,SS2A,ROOM-SS2A,1,Monday,10:00,12:20,3,10:00,4
SCH-096-LSN-0026,SCH-096,TCH-01248,hustling_subject_specialist,Physics,SS2A,SCI-LAB-01,1,Wednesday,8:00,10:00,3,8:00,4
SCH-096-LSN-0027,SCH-096,TCH-01248,hustling_subject_specialist,Further Mathematics,SS2A,ROOM-SS2A,1,Wednesday,10:00,12:20,3,10:00,4
SCH-096-LSN-0028,SCH-096,TCH-01248,hustling_subject_specialist,Further Mathematics,SS3B,ROOM-SS3B,1,Thursday,8:00,10:00,3,8:00,4
SCH-096-LSN-0029,SCH-096,TCH-01248,hustling_subject_specialist,Further Mathematics,SS2B,ROOM-SS2B,1,Thursday,10:00,12:20,3,10:00,4
SCH-096-LSN-0030,SCH-096,TCH-01249,veteran_staff_room_boss,Further Mathematics,SS3B,ROOM-SS3B,1,Monday,8:40,10:00,2,8:40,4
SCH-096-LSN-0031,SCH-096,TCH-01249,veteran_staff_room_boss,Further Mathematics,SS1B,ROOM-SS1B,1,Monday,10:00,11:20,2,10:00,4
SCH-096-LSN-0032,SCH-096,TCH-01249,veteran_staff_room_boss,Further Mathematics,SS1A,ROOM-SS1A,1,Tuesday,8:40,10:00,2,8:40,4
SCH-096-LSN-0033,SCH-096,TCH-01250,hustling_subject_specialist,Further Mathematics,SS2A,ROOM-SS2A,1,Tuesday,10:00,12:20,3,10:00,4
SCH-096-LSN-0034,SCH-096,TCH-01250,hustling_subject_specialist,Further Mathematics,SS1A,ROOM-SS1A,1,Wednesday,8:00,10:00,3,8:00,4
SCH-096-LSN-0035,SCH-096,TCH-01251,overworked_generalist,Basic Technology,SS3A,ROOM-SS3A,0,Monday,8:00,10:00,3,8:00,1.48
SCH-096-LSN-0036,SCH-096,TCH-01251,overworked_generalist,CRS,SS2B,ROOM-SS2B,1,Tuesday,9:20,11:20,3,9:20,1.5
SCH-096-LSN-0037,SCH-096,TCH-01251,overworked_generalist,Basic Technology,SS3B,ROOM-SS3B,0,Wednesday,8:40,10:40,3,8:40,1.47
SCH-096-LSN-0038,SCH-096,TCH-01251,overworked_generalist,CRS,JSS3A,ROOM-JSS3A,1,Thursday,12:20,14:20,3,12:20,1.45
SCH-096-LSN-0039,SCH-096,TCH-01252,veteran_staff_room_boss,Chemistry,SS3A,SCI-LAB-01,1,Friday,8:40,10:00,2,8:40,4
SCH-096-LSN-0040,SCH-096,TCH-01252,veteran_staff_room_boss,Chemistry,SS3A,SCI-LAB-01,1,Friday,10:00,11:20,2,10:00,4
SCH-096-LSN-0041,SCH-096,TCH-01252,veteran_staff_room_boss,Chemistry,SS2B,SCI-LAB-01,1,Monday,10:00,11:20,2,10:00,4
SCH-096-LSN-0042,SCH-096,TCH-01253,hustling_subject_specialist,Further Mathematics,SS1B,ROOM-SS1B,1,Wednesday,8:00,9:20,2,8:00,4
SCH-096-LSN-0043,SCH-096,TCH-01253,hustling_subject_specialist,Further Mathematics,SS3A,ROOM-SS3A,1,Wednesday,9:20,10:40,2,9:20,4
SCH-096-LSN-0044,SCH-096,TCH-01253,hustling_subject_specialist,Further Mathematics,SS3A,ROOM-SS3A,1,Thursday,8:00,9:20,2,8:00,4
SCH-096-LSN-0045,SCH-096,TCH-01253,hustling_subject_specialist,Further Mathematics,SS2B,ROOM-SS2B,1,Wednesday,10:40,12:20,2,10:40,4
SCH-096-LSN-0046,SCH-096,TCH-01254,overworked_generalist,CRS,SS1A,ROOM-SS1A,1,Monday,8:40,11:20,4,8:40,1.43
SCH-096-LSN-0047,SCH-096,TCH-01254,overworked_generalist,CRS,JSS3B,ROOM-JSS3B,1,Thursday,8:00,10:40,4,8:00,1.46
SCH-096-LSN-0048,SCH-096,TCH-01254,overworked_generalist,CRS,JSS2A,ROOM-JSS2A,1,Wednesday,8:40,11:20,4,8:40,1.48
SCH-096-LSN-0049,SCH-096,TCH-01254,overworked_generalist,PHE,JSS1B,ROOM-JSS1B,1,Tuesday,10:00,13:00,4,10:00,1.41
SCH-096-LSN-0050,SCH-096,TCH-01254,overworked_generalist,CRS,JSS3A,ROOM-JSS3A,1,Friday,8:00,10:40,4,8:00,1.46
SCH-096-LSN-0051,SCH-096,TCH-01254,overworked_generalist,Basic Technology,JSS2A,WORKSHOP-01,1,Thursday,10:40,13:40,4,10:40,1.42
SCH-096-LSN-0052,SCH-096,TCH-01255,overworked_generalist,PHE,JSS2B,ROOM-JSS2B,1,Tuesday,10:00,12:20,3,10:00,1.42
SCH-096-LSN-0053,SCH-096,TCH-01255,overworked_generalist,PHE,SS2A,ROOM-SS2A,1,Thursday,8:00,10:00,3,8:00,1.41
SCH-096-LSN-0054,SCH-096,TCH-01255,overworked_generalist,Basic Technology,SS1A,ROOM-SS1A,0,Friday,8:00,10:00,3,8:00,1.49
SCH-096-LSN-0055,SCH-096,TCH-01255,overworked_generalist,PHE,JSS2B,ROOM-JSS2B,1,Friday,10:00,12:20,3,10:00,1.47
SCH-096-LSN-0056,SCH-096,TCH-01255,overworked_generalist,PHE,SS3B,ROOM-SS3B,1,Thursday,11:40,13:40,3,11:40,1.46
SCH-096-LSN-0057,SCH-096,TCH-01255,overworked_generalist,Basic Technology,JSS2B,ROOM-JSS2B,0,Wednesday,12:20,14:20,3,12:20,1.29
SCH-097-LSN-0001,SCH-097,TCH-01256,overworked_generalist,Basic Technology,SS1B,WORKSHOP-01,1,Thursday,8:00,10:40,4,8:00,1.44
SCH-097-LSN-0002,SCH-097,TCH-01256,overworked_generalist,Basic Technology,JSS3B,ROOM-JSS3B,0,Monday,10:00,13:00,4,10:00,1.45
SCH-097-LSN-0003,SCH-097,TCH-01256,overworked_generalist,CRS,JSS1A,ROOM-JSS1A,1,Wednesday,9:20,12:20,4,9:20,1.47
SCH-097-LSN-0004,SCH-097,TCH-01256,overworked_generalist,CRS,SS3A,ROOM-SS3A,1,Tuesday,8:40,11:20,4,8:40,1.29
SCH-097-LSN-0005,SCH-097,TCH-01257,overworked_generalist,Basic Technology,SS2A,ROOM-SS2A,0,Thursday,10:40,13:40,4,10:40,1.44
SCH-097-LSN-0006,SCH-097,TCH-01257,overworked_generalist,PHE,SS2A,ROOM-SS2A,1,Wednesday,10:40,13:40,4,10:40,1.49
SCH-097-LSN-0007,SCH-097,TCH-01257,overworked_generalist,Basic Technology,JSS2A,ROOM-JSS2A,0,Friday,9:20,12:20,4,9:20,1.41
SCH-097-LSN-0008,SCH-097,TCH-01257,overworked_generalist,Basic Technology,JSS2A,ROOM-JSS2A,0,Tuesday,11:40,14:20,4,11:40,1.49
SCH-097-LSN-0009,SCH-097,TCH-01257,overworked_generalist,PHE,JSS2A,ROOM-JSS2A,1,Monday,10:00,13:00,4,10:00,1.32
SCH-097-LSN-0010,SCH-097,TCH-01257,overworked_generalist,Basic Technology,JSS2B,ROOM-JSS2B,0,Thursday,8:00,10:40,4,8:00,1.32
SCH-097-LSN-0011,SCH-097,TCH-01258,overworked_generalist,Basic Technology,JSS2B,ROOM-JSS2B,0,Wednesday,10:00,13:40,5,10:00,1.5
SCH-097-LSN-0012,SCH-097,TCH-01258,overworked_generalist,Basic Technology,SS1A,ROOM-SS1A,0,Thursday,10:40,14:20,5,10:40,1.46
SCH-097-LSN-0013,SCH-097,TCH-01258,overworked_generalist,Basic Technology,SS3B,WORKSHOP-01,1,Tuesday,10:40,14:20,5,10:40,1.43
SCH-097-LSN-0014,SCH-097,TCH-01258,overworked_generalist,CRS,SS2A,ROOM-SS2A,1,Monday,8:00,11:20,5,8:00,1.39
SCH-097-LSN-0015,SCH-097,TCH-01258,overworked_generalist,Basic Technology,JSS3B,ROOM-JSS3B,0,Friday,8:40,12:20,5,8:40,0.88
SCH-097-LSN-0016,SCH-097,TCH-01259,veteran_staff_room_boss,Biology,SS2B,SCI-LAB-01,1,Monday,8:40,10:00,2,8:40,4
SCH-097-LSN-0017,SCH-097,TCH-01259,veteran_staff_room_boss,Biology,SS3A,SCI-LAB-01,1,Monday,10:00,11:20,2,10:00,4
SCH-097-LSN-0018,SCH-097,TCH-01259,veteran_staff_room_boss,Biology,SS1B,SCI-LAB-01,1,Tuesday,8:40,10:00,2,8:40,4
SCH-097-LSN-0019,SCH-097,TCH-01260,nysc_corper,Civic Education,JSS3A,ROOM-JSS3A,1,Monday,13:00,13:40,1,13:00,4.5
SCH-097-LSN-0020,SCH-097,TCH-01260,nysc_corper,Civic Education,JSS2B,ROOM-JSS2B,1,Monday,13:40,14:20,1,13:40,4.5
SCH-097-LSN-0021,SCH-097,TCH-01260,nysc_corper,Civic Education,JSS1B,ROOM-JSS1B,1,Tuesday,13:00,13:40,1,13:00,4.5
SCH-097-LSN-0022,SCH-097,TCH-01260,nysc_corper,Basic Science,JSS1B,ROOM-JSS1B,1,Tuesday,13:40,14:20,1,13:40,4.5
SCH-097-LSN-0023,SCH-097,TCH-01260,nysc_corper,Basic Science,JSS2B,ROOM-JSS2B,1,Thursday,13:00,13:40,1,13:00,4.5
SCH-097-LSN-0024,SCH-097,TCH-01260,nysc_corper,Basic Science,JSS2A,ROOM-JSS2A,1,Thursday,13:40,14:20,1,13:40,4.5
SCH-097-LSN-0025,SCH-097,TCH-01260,nysc_corper,Civic Education,JSS2A,ROOM-JSS2A,1,Monday,8:00,8:40,1,8:00,0
SCH-097-LSN-0026,SCH-097,TCH-01260,nysc_corper,Basic Science,JSS3B,ROOM-JSS3B,1,Monday,8:40,9:20,1,8:40,0
SCH-097-LSN-0027,SCH-097,TCH-01261,overworked_generalist,CRS,JSS1B,ROOM-JSS1B,1,Wednesday,10:40,14:20,5,10:40,1.42
SCH-097-LSN-0028,SCH-097,TCH-01261,overworked_generalist,Basic Technology,JSS1B,ROOM-JSS1B,0,Tuesday,8:40,12:20,5,8:40,1.45
SCH-097-LSN-0029,SCH-097,TCH-01261,overworked_generalist,Basic Technology,SS2A,ROOM-SS2A,0,Friday,8:00,11:20,5,8:00,1.09
SCH-097-LSN-0030,SCH-097,TCH-01261,overworked_generalist,PHE,JSS2B,ROOM-JSS2B,1,Monday,8:40,12:20,5,8:40,1.38
SCH-097-LSN-0031,SCH-097,TCH-01261,overworked_generalist,Basic Technology,JSS1A,ROOM-JSS1A,0,Thursday,9:20,13:00,5,9:20,1.48
SCH-097-LSN-0032,SCH-097,TCH-01262,overworked_generalist,Basic Technology,JSS2B,ROOM-JSS2B,0,Tuesday,10:00,13:40,5,10:00,1.44
SCH-097-LSN-0033,SCH-097,TCH-01262,overworked_generalist,Basic Technology,SS2B,WORKSHOP-01,1,Wednesday,8:40,12:20,5,8:40,1.38
SCH-097-LSN-0034,SCH-097,TCH-01262,overworked_generalist,Basic Technology,SS1A,ROOM-SS1A,0,Monday,10:00,13:40,5,10:00,1.4
SCH-097-LSN-0035,SCH-097,TCH-01262,overworked_generalist,CRS,JSS1A,ROOM-JSS1A,1,Friday,8:00,11:20,5,8:00,1.3
SCH-097-LSN-0036,SCH-097,TCH-01263,overworked_generalist,PHE,SS3A,ROOM-SS3A,1,Wednesday,10:40,13:40,4,10:40,1.46
SCH-097-LSN-0037,SCH-097,TCH-01263,overworked_generalist,CRS,SS1A,ROOM-SS1A,1,Tuesday,8:40,11:20,4,8:40,1.36
SCH-097-LSN-0038,SCH-097,TCH-01263,overworked_generalist,PHE,JSS2B,ROOM-JSS2B,1,Friday,9:20,12:20,4,9:20,1.49
SCH-097-LSN-0039,SCH-097,TCH-01263,overworked_generalist,PHE,JSS2A,ROOM-JSS2A,1,Thursday,8:00,10:40,4,8:00,1.47
SCH-097-LSN-0040,SCH-097,TCH-01263,overworked_generalist,CRS,JSS3A,ROOM-JSS3A,1,Thursday,10:40,13:40,4,10:40,1.47
SCH-097-LSN-0041,SCH-097,TCH-01263,overworked_generalist,CRS,SS3B,ROOM-SS3B,1,Monday,10:40,13:40,4,10:40,1.43
SCH-097-LSN-0042,SCH-097,TCH-01263,overworked_generalist,CRS,JSS3B,ROOM-JSS3B,1,Tuesday,11:40,14:20,4,11:40,0.89
SCH-097-LSN-0043,SCH-097,TCH-01264,veteran_staff_room_boss,Further Mathematics,SS3B,ROOM-SS3B,1,Monday,8:40,9:20,1,8:40,4
SCH-097-LSN-0044,SCH-097,TCH-01264,veteran_staff_room_boss,Biology,SS3A,SCI-LAB-01,1,Monday,9:20,10:00,1,9:20,4
SCH-097-LSN-0045,SCH-097,TCH-01264,veteran_staff_room_boss,Biology,SS2B,SCI-LAB-01,1,Monday,10:00,10:40,1,10:00,4
SCH-097-LSN-0046,SCH-097,TCH-01264,veteran_staff_room_boss,Biology,SS1B,SCI-LAB-01,1,Tuesday,10:00,10:40,1,10:00,4
SCH-097-LSN-0047,SCH-097,TCH-01265,hustling_subject_specialist,Economics,SS2A,ROOM-SS2A,1,Tuesday,8:00,10:00,3,8:00,4
SCH-097-LSN-0048,SCH-097,TCH-01265,hustling_subject_specialist,Physics,SS2A,SCI-LAB-01,1,Tuesday,10:40,13:00,3,10:40,4
SCH-097-LSN-0049,SCH-097,TCH-01265,hustling_subject_specialist,Physics,SS2A,SCI-LAB-01,1,Wednesday,8:00,10:00,3,8:00,4
SCH-097-LSN-0050,SCH-097,TCH-01265,hustling_subject_specialist,Economics,SS1A,ROOM-SS1A,1,Monday,8:00,10:00,3,8:00,4
SCH-097-LSN-0051,SCH-097,TCH-01265,hustling_subject_specialist,Economics,SS2A,ROOM-SS2A,1,Monday,11:40,13:40,3,11:40,0
SCH-097-LSN-0052,SCH-097,TCH-01265,hustling_subject_specialist,Economics,SS3B,ROOM-SS3B,1,Wednesday,10:00,12:20,3,10:00,4
SCH-097-LSN-0053,SCH-097,TCH-01265,hustling_subject_specialist,Physics,SS2B,SCI-LAB-01,1,Wednesday,12:20,14:20,3,12:20,-4
SCH-097-LSN-0054,SCH-097,TCH-01266,veteran_staff_room_boss,Biology,SS3A,SCI-LAB-01,1,Monday,8:40,9:20,1,8:40,4
SCH-097-LSN-0055,SCH-097,TCH-01266,veteran_staff_room_boss,Biology,SS1A,SCI-LAB-01,1,Wednesday,10:00,10:40,1,10:00,4
SCH-097-LSN-0056,SCH-097,TCH-01267,hustling_subject_specialist,Further Mathematics,SS3A,ROOM-SS3A,1,Thursday,8:00,10:00,3,8:00,4
SCH-097-LSN-0057,SCH-097,TCH-01267,hustling_subject_specialist,Further Mathematics,SS2B,ROOM-SS2B,1,Monday,10:40,13:00,3,10:40,4
SCH-097-LSN-0058,SCH-097,TCH-01267,hustling_subject_specialist,Further Mathematics,SS1A,ROOM-SS1A,1,Tuesday,11:40,13:40,3,11:40,0
SCH-097-LSN-0059,SCH-097,TCH-01268,veteran_staff_room_boss,Chemistry,SS3A,SCI-LAB-01,1,Thursday,10:00,11:20,2,10:00,4
SCH-097-LSN-0060,SCH-097,TCH-01268,veteran_staff_room_boss,Chemistry,SS2B,SCI-LAB-01,1,Friday,8:40,10:00,2,8:40,4
SCH-097-LSN-0061,SCH-097,TCH-01268,veteran_staff_room_boss,Chemistry,SS3B,SCI-LAB-01,1,Friday,10:00,11:20,2,10:00,4
SCH-097-LSN-0062,SCH-097,TCH-01268,veteran_staff_room_boss,Chemistry,SS1B,SCI-LAB-01,1,Monday,11:40,13:00,2,11:40,0
SCH-098-LSN-0001,SCH-098,TCH-01269,nysc_corper,Basic Science,JSS1B,ROOM-JSS1B,1,Monday,13:00,13:40,1,13:00,4.5
SCH-098-LSN-0002,SCH-098,TCH-01269,nysc_corper,Basic Science,JSS3B,ROOM-JSS3B,1,Monday,13:40,14:20,1,13:40,4.5
SCH-098-LSN-0003,SCH-098,TCH-01269,nysc_corper,Basic Science,JSS1B,ROOM-JSS1B,1,Tuesday,13:00,13:40,1,13:00,4.5
SCH-098-LSN-0004,SCH-098,TCH-01270,veteran_staff_room_boss,Biology,SS1B,SCI-LAB-01,1,Monday,8:40,10:00,2,8:40,4
SCH-098-LSN-0005,SCH-098,TCH-01270,veteran_staff_room_boss,Biology,SS3B,SCI-LAB-01,1,Monday,10:00,11:20,2,10:00,4
SCH-098-LSN-0006,SCH-098,TCH-01271,nysc_corper,Civic Education,JSS3A,ROOM-JSS3A,1,Monday,13:00,13:40,1,13:00,4.5
SCH-098-LSN-0007,SCH-098,TCH-01271,nysc_corper,Basic Science,JSS3B,ROOM-JSS3B,1,Tuesday,13:00,13:40,1,13:00,4.5
SCH-098-LSN-0008,SCH-098,TCH-01271,nysc_corper,Civic Education,JSS3B,ROOM-JSS3B,1,Tuesday,13:40,14:20,1,13:40,4.5
SCH-098-LSN-0009,SCH-098,TCH-01271,nysc_corper,Basic Science,JSS2B,ROOM-JSS2B,1,Monday,13:40,14:20,1,13:40,4.5
SCH-098-LSN-0010,SCH-098,TCH-01271,nysc_corper,Civic Education,JSS2B,ROOM-JSS2B,1,Wednesday,13:00,13:40,1,13:00,4.5
SCH-098-LSN-0011,SCH-098,TCH-01271,nysc_corper,Basic Science,JSS1B,ROOM-JSS1B,1,Wednesday,13:40,14:20,1,13:40,4.5
SCH-098-LSN-0012,SCH-098,TCH-01272,overworked_generalist,Basic Technology,SS3A,ROOM-SS3A,0,Monday,8:00,10:40,4,8:00,1.5
SCH-098-LSN-0013,SCH-098,TCH-01272,overworked_generalist,CRS,SS1A,ROOM-SS1A,1,Monday,11:40,14:20,4,11:40,1.47
SCH-098-LSN-0014,SCH-098,TCH-01272,overworked_generalist,PHE,SS1A,ROOM-SS1A,1,Thursday,10:00,13:00,4,10:00,1.48
SCH-098-LSN-0015,SCH-098,TCH-01272,overworked_generalist,Basic Technology,JSS3B,ROOM-JSS3B,0,Wednesday,9:20,12:20,4,9:20,1.43
SCH-098-LSN-0016,SCH-098,TCH-01272,overworked_generalist,CRS,SS2B,ROOM-SS2B,1,Tuesday,11:40,14:20,4,11:40,1.41
SCH-098-LSN-0017,SCH-098,TCH-01272,overworked_generalist,CRS,SS1A,ROOM-SS1A,1,Tuesday,8:00,10:40,4,8:00,1.47
SCH-098-LSN-0018,SCH-098,TCH-01272,overworked_generalist,Basic Technology,SS2B,ROOM-SS2B,0,Friday,8:00,10:40,4,8:00,1.33
SCH-098-LSN-0019,SCH-098,TCH-01273,hustling_subject_specialist,Economics,SS2A,ROOM-SS2A,1,Tuesday,8:00,9:20,2,8:00,4
SCH-098-LSN-0020,SCH-098,TCH-01273,hustling_subject_specialist,Economics,SS1A,ROOM-SS1A,1,Tuesday,10:40,12:20,2,10:40,4
SCH-098-LSN-0021,SCH-098,TCH-01274,hustling_subject_specialist,Further Mathematics,SS2A,ROOM-SS2A,1,Tuesday,9:20,10:40,2,9:20,4
SCH-098-LSN-0022,SCH-098,TCH-01274,hustling_subject_specialist,Further Mathematics,SS3A,ROOM-SS3A,1,Tuesday,8:00,9:20,2,8:00,4
SCH-098-LSN-0023,SCH-098,TCH-01274,hustling_subject_specialist,Physics,SS1A,ROOM-SS1A,0,Thursday,8:00,9:20,2,8:00,4
SCH-098-LSN-0024,SCH-098,TCH-01274,hustling_subject_specialist,Further Mathematics,SS2A,ROOM-SS2A,1,Tuesday,10:40,12:20,2,10:40,4
SCH-098-LSN-0025,SCH-098,TCH-01275,overworked_generalist,Basic Technology,SS2A,ROOM-SS2A,0,Monday,8:00,10:40,4,8:00,1.44
SCH-098-LSN-0026,SCH-098,TCH-01275,overworked_generalist,CRS,JSS1A,ROOM-JSS1A,1,Tuesday,10:40,13:40,4,10:40,1.46
SCH-098-LSN-0027,SCH-098,TCH-01275,overworked_generalist,CRS,SS2A,ROOM-SS2A,1,Thursday,11:40,14:20,4,11:40,1.23
SCH-098-LSN-0028,SCH-098,TCH-01275,overworked_generalist,CRS,JSS1B,ROOM-JSS1B,1,Thursday,8:40,11:20,4,8:40,1.42
SCH-098-LSN-0029,SCH-098,TCH-01275,overworked_generalist,Basic Technology,JSS1A,ROOM-JSS1A,0,Monday,11:40,14:20,4,11:40,1.46
SCH-098-LSN-0030,SCH-098,TCH-01275,overworked_generalist,CRS,SS1B,ROOM-SS1B,1,Wednesday,10:40,13:40,4,10:40,1.47
SCH-098-LSN-0031,SCH-098,TCH-01275,overworked_generalist,CRS,SS2B,ROOM-SS2B,1,Wednesday,8:00,10:40,4,8:00,1.14
SCH-098-LSN-0032,SCH-098,TCH-01275,overworked_generalist,PHE,SS3B,ROOM-SS3B,1,Friday,9:20,12:20,4,9:20,1.45
SCH-098-LSN-0033,SCH-098,TCH-01275,overworked_generalist,CRS,JSS3A,ROOM-JSS3A,1,Tuesday,8:00,10:40,4,8:00,0.58
SCH-098-LSN-0034,SCH-098,TCH-01276,veteran_staff_room_boss,Further Mathematics,SS3A,ROOM-SS3A,1,Tuesday,9:20,10:40,2,9:20,4
SCH-098-LSN-0035,SCH-098,TCH-01276,veteran_staff_room_boss,Further Mathematics,SS2A,ROOM-SS2A,1,Wednesday,8:40,10:00,2,8:40,4
SCH-098-LSN-0036,SCH-098,TCH-01277,hustling_subject_specialist,Economics,SS1B,ROOM-SS1B,1,Monday,10:00,11:20,2,10:00,4
SCH-098-LSN-0037,SCH-098,TCH-01277,hustling_subject_specialist,Economics,SS3A,ROOM-SS3A,1,Wednesday,8:00,9:20,2,8:00,4
SCH-098-LSN-0038,SCH-098,TCH-01277,hustling_subject_specialist,Economics,SS3A,ROOM-SS3A,1,Wednesday,9:20,10:40,2,9:20,4
SCH-098-LSN-0039,SCH-098,TCH-01277,hustling_subject_specialist,Economics,SS2A,ROOM-SS2A,1,Wednesday,10:40,12:20,2,10:40,4
SCH-098-LSN-0040,SCH-098,TCH-01278,nysc_corper,Basic Science,JSS1B,ROOM-JSS1B,1,Monday,13:40,14:20,1,13:40,4.5
SCH-098-LSN-0041,SCH-098,TCH-01278,nysc_corper,Basic Science,JSS1B,ROOM-JSS1B,1,Tuesday,13:40,14:20,1,13:40,4.5
SCH-098-LSN-0042,SCH-098,TCH-01279,nysc_corper,Basic Science,JSS2B,ROOM-JSS2B,1,Tuesday,13:00,13:40,1,13:00,4.5
SCH-098-LSN-0043,SCH-098,TCH-01279,nysc_corper,Basic Science,JSS1A,ROOM-JSS1A,1,Tuesday,13:40,14:20,1,13:40,4.5
SCH-098-LSN-0044,SCH-098,TCH-01279,nysc_corper,Basic Science,JSS1A,ROOM-JSS1A,1,Wednesday,13:00,13:40,1,13:00,4.5
SCH-098-LSN-0045,SCH-098,TCH-01279,nysc_corper,Basic Science,JSS1A,ROOM-JSS1A,1,Wednesday,13:40,14:20,1,13:40,4.5
SCH-098-LSN-0046,SCH-098,TCH-01280,nysc_corper,Basic Science,JSS2A,ROOM-JSS2A,1,Monday,13:00,13:40,1,13:00,4.5
SCH-098-LSN-0047,SCH-098,TCH-01280,nysc_corper,Basic Science,JSS2B,ROOM-JSS2B,1,Tuesday,13:40,14:20,1,13:40,4.5
SCH-098-LSN-0048,SCH-098,TCH-01280,nysc_corper,Basic Science,JSS2B,ROOM-JSS2B,1,Wednesday,13:40,14:20,1,13:40,4.5
SCH-098-LSN-0049,SCH-098,TCH-01281,veteran_staff_room_boss,Biology,SS2B,SCI-LAB-01,1,Monday,8:40,9:20,1,8:40,4
SCH-098-LSN-0050,SCH-098,TCH-01281,veteran_staff_room_boss,Physics,SS3B,SCI-LAB-01,1,Tuesday,8:40,9:20,1,8:40,4
SCH-098-LSN-0051,SCH-098,TCH-01281,veteran_staff_room_boss,Physics,SS1B,SCI-LAB-01,1,Tuesday,9:20,10:00,1,9:20,4
SCH-098-LSN-0052,SCH-098,TCH-01281,veteran_staff_room_boss,Physics,SS2A,SCI-LAB-01,1,Wednesday,10:00,10:40,1,10:00,4
SCH-098-LSN-0053,SCH-098,TCH-01281,veteran_staff_room_boss,Physics,SS3B,SCI-LAB-01,1,Tuesday,10:00,10:40,1,10:00,4
SCH-098-LSN-0054,SCH-098,TCH-01281,veteran_staff_room_boss,Biology,SS3B,SCI-LAB-01,1,Monday,9:20,10:00,1,9:20,4
SCH-098-LSN-0055,SCH-098,TCH-01281,veteran_staff_room_boss,Physics,SS1A,SCI-LAB-01,1,Thursday,9:20,10:00,1,9:20,4
SCH-098-LSN-0056,SCH-098,TCH-01281,veteran_staff_room_boss,Physics,SS1B,SCI-LAB-01,1,Thursday,10:00,10:40,1,10:00,4
SCH-098-LSN-0057,SCH-098,TCH-01282,overworked_generalist,PHE,JSS2A,ROOM-JSS2A,1,Thursday,8:00,10:00,3,8:00,1.46
SCH-098-LSN-0058,SCH-098,TCH-01282,overworked_generalist,Basic Technology,JSS1A,ROOM-JSS1A,0,Tuesday,8:40,10:40,3,8:40,1.38
SCH-098-LSN-0059,SCH-098,TCH-01282,overworked_generalist,PHE,SS1B,ROOM-SS1B,1,Friday,8:00,10:00,3,8:00,1.45
SCH-098-LSN-0060,SCH-098,TCH-01282,overworked_generalist,Basic Technology,SS3A,ROOM-SS3A,0,Thursday,12:20,14:20,3,12:20,1.45
SCH-098-LSN-0061,SCH-098,TCH-01283,nysc_corper,Basic Science,JSS2A,ROOM-JSS2A,1,Monday,13:40,14:20,1,13:40,4.5
SCH-098-LSN-0062,SCH-098,TCH-01283,nysc_corper,Civic Education,JSS3A,ROOM-JSS3A,1,Wednesday,13:00,13:40,1,13:00,4.5
SCH-098-LSN-0063,SCH-098,TCH-01283,nysc_corper,Basic Science,JSS3A,ROOM-JSS3A,1,Wednesday,13:40,14:20,1,13:40,4.5
SCH-098-LSN-0064,SCH-098,TCH-01283,nysc_corper,Basic Science,JSS2A,ROOM-JSS2A,1,Thursday,13:00,13:40,1,13:00,4.5
SCH-098-LSN-0065,SCH-098,TCH-01284,overworked_generalist,CRS,SS2B,ROOM-SS2B,1,Thursday,9:20,11:20,3,9:20,1.43
SCH-098-LSN-0066,SCH-098,TCH-01284,overworked_generalist,CRS,JSS1B,ROOM-JSS1B,1,Tuesday,8:00,10:00,3,8:00,1.49
SCH-098-LSN-0067,SCH-098,TCH-01284,overworked_generalist,CRS,JSS2A,ROOM-JSS2A,1,Wednesday,11:40,13:40,3,11:40,1.4
SCH-098-LSN-0068,SCH-098,TCH-01284,overworked_generalist,CRS,SS2A,ROOM-SS2A,1,Monday,12:20,14:20,3,12:20,1.49
SCH-098-LSN-0069,SCH-098,TCH-01284,overworked_generalist,CRS,SS3B,ROOM-SS3B,1,Thursday,11:40,13:40,3,11:40,1.42
SCH-098-LSN-0070,SCH-098,TCH-01284,overworked_generalist,CRS,JSS3B,ROOM-JSS3B,1,Monday,8:00,10:00,3,8:00,1.32
SCH-098-LSN-0071,SCH-098,TCH-01284,overworked_generalist,CRS,JSS2A,ROOM-JSS2A,1,Friday,8:00,10:00,3,8:00,1.49
SCH-098-LSN-0072,SCH-098,TCH-01284,overworked_generalist,CRS,SS2A,ROOM-SS2A,1,Friday,10:00,12:20,3,10:00,0.72
SCH-099-LSN-0001,SCH-099,TCH-01285,overworked_generalist,CRS,JSS3B,ROOM-JSS3B,1,Thursday,10:40,13:40,4,10:40,1.35
SCH-099-LSN-0002,SCH-099,TCH-01285,overworked_generalist,PHE,SS1B,ROOM-SS1B,1,Tuesday,8:00,10:40,4,8:00,1.46
SCH-099-LSN-0003,SCH-099,TCH-01285,overworked_generalist,PHE,JSS2A,ROOM-JSS2A,1,Wednesday,8:40,11:20,4,8:40,1.25
SCH-099-LSN-0004,SCH-099,TCH-01285,overworked_generalist,CRS,JSS1A,ROOM-JSS1A,1,Wednesday,11:40,14:20,4,11:40,1.48
SCH-099-LSN-0005,SCH-099,TCH-01285,overworked_generalist,PHE,JSS3B,ROOM-JSS3B,1,Monday,10:00,13:00,4,10:00,1.46
SCH-099-LSN-0006,SCH-099,TCH-01285,overworked_generalist,CRS,JSS1B,ROOM-JSS1B,1,Tuesday,10:40,13:40,4,10:40,1.2
SCH-099-LSN-0007,SCH-099,TCH-01286,overworked_generalist,PHE,JSS3B,ROOM-JSS3B,1,Wednesday,9:20,13:00,5,9:20,1.45
SCH-099-LSN-0008,SCH-099,TCH-01286,overworked_generalist,PHE,SS3A,ROOM-SS3A,1,Tuesday,10:40,14:20,5,10:40,1.45
SCH-099-LSN-0009,SCH-099,TCH-01286,overworked_generalist,PHE,JSS1A,ROOM-JSS1A,1,Friday,8:40,12:20,5,8:40,1.38
SCH-099-LSN-0010,SCH-099,TCH-01286,overworked_generalist,CRS,SS2A,ROOM-SS2A,1,Thursday,10:40,14:20,5,10:40,1.49
SCH-099-LSN-0011,SCH-099,TCH-01286,overworked_generalist,PHE,JSS1B,ROOM-JSS1B,1,Monday,8:00,11:20,5,8:00,1.28
SCH-099-LSN-0012,SCH-099,TCH-01287,veteran_staff_room_boss,Chemistry,SS1A,SCI-LAB-01,1,Monday,8:40,10:00,2,8:40,4
SCH-099-LSN-0013,SCH-099,TCH-01287,veteran_staff_room_boss,Chemistry,SS1A,SCI-LAB-01,1,Monday,10:00,11:20,2,10:00,4
SCH-099-LSN-0014,SCH-099,TCH-01287,veteran_staff_room_boss,Chemistry,SS2B,SCI-LAB-01,1,Tuesday,8:40,10:00,2,8:40,4
SCH-099-LSN-0015,SCH-099,TCH-01287,veteran_staff_room_boss,Chemistry,SS2B,SCI-LAB-01,1,Tuesday,10:00,11:20,2,10:00,4
SCH-099-LSN-0016,SCH-099,TCH-01288,veteran_staff_room_boss,Biology,SS1B,SCI-LAB-01,1,Wednesday,8:40,10:00,2,8:40,4
SCH-099-LSN-0017,SCH-099,TCH-01288,veteran_staff_room_boss,Biology,SS1B,SCI-LAB-01,1,Wednesday,10:00,11:20,2,10:00,4
SCH-099-LSN-0018,SCH-099,TCH-01288,veteran_staff_room_boss,Biology,SS2A,SCI-LAB-01,1,Thursday,8:40,10:00,2,8:40,4
SCH-099-LSN-0019,SCH-099,TCH-01289,hustling_subject_specialist,Further Mathematics,SS2B,ROOM-SS2B,1,Wednesday,8:00,9:20,2,8:00,4
SCH-099-LSN-0020,SCH-099,TCH-01289,hustling_subject_specialist,Further Mathematics,SS1A,ROOM-SS1A,1,Tuesday,8:00,9:20,2,8:00,4
SCH-099-LSN-0021,SCH-099,TCH-01289,hustling_subject_specialist,Physics,SS3A,SCI-LAB-01,1,Wednesday,11:40,13:00,2,11:40,0
SCH-099-LSN-0022,SCH-099,TCH-01289,hustling_subject_specialist,Physics,SS1A,ROOM-SS1A,0,Wednesday,10:00,11:20,2,10:00,4
SCH-099-LSN-0023,SCH-099,TCH-01289,hustling_subject_specialist,Physics,SS3A,SCI-LAB-01,1,Wednesday,13:00,14:20,2,13:00,-4
SCH-099-LSN-0024,SCH-099,TCH-01289,hustling_subject_specialist,Further Mathematics,SS3B,ROOM-SS3B,1,Tuesday,9:20,10:40,2,9:20,4
SCH-099-LSN-0025,SCH-099,TCH-01289,hustling_subject_specialist,Physics,SS1B,SCI-LAB-01,1,Tuesday,11:40,13:00,2,11:40,0
SCH-099-LSN-0026,SCH-099,TCH-01290,nysc_corper,Basic Science,JSS3B,ROOM-JSS3B,1,Monday,13:00,13:40,1,13:00,4.5
SCH-099-LSN-0027,SCH-099,TCH-01290,nysc_corper,Civic Education,JSS3A,ROOM-JSS3A,1,Monday,13:40,14:20,1,13:40,4.5
SCH-099-LSN-0028,SCH-099,TCH-01290,nysc_corper,Basic Science,JSS3A,ROOM-JSS3A,1,Tuesday,13:00,13:40,1,13:00,4.5
SCH-099-LSN-0029,SCH-099,TCH-01290,nysc_corper,Basic Science,JSS3A,ROOM-JSS3A,1,Tuesday,13:40,14:20,1,13:40,4.5
SCH-099-LSN-0030,SCH-099,TCH-01290,nysc_corper,Civic Education,JSS2A,ROOM-JSS2A,1,Wednesday,13:00,13:40,1,13:00,4.5
SCH-099-LSN-0031,SCH-099,TCH-01290,nysc_corper,Civic Education,JSS2B,ROOM-JSS2B,1,Wednesday,13:40,14:20,1,13:40,4.5
SCH-099-LSN-0032,SCH-099,TCH-01291,overworked_generalist,PHE,SS2A,ROOM-SS2A,1,Wednesday,8:00,10:40,4,8:00,1.49
SCH-099-LSN-0033,SCH-099,TCH-01291,overworked_generalist,PHE,JSS1A,ROOM-JSS1A,1,Monday,9:20,12:20,4,9:20,1.47
SCH-099-LSN-0034,SCH-099,TCH-01291,overworked_generalist,CRS,SS2A,ROOM-SS2A,1,Tuesday,10:40,13:40,4,10:40,1.43
SCH-099-LSN-0035,SCH-099,TCH-01291,overworked_generalist,CRS,JSS3A,ROOM-JSS3A,1,Thursday,10:40,13:40,4,10:40,1.45
SCH-099-LSN-0036,SCH-099,TCH-01292,veteran_staff_room_boss,Chemistry,SS3B,SCI-LAB-01,1,Monday,8:40,10:00,2,8:40,4
SCH-099-LSN-0037,SCH-099,TCH-01292,veteran_staff_room_boss,Chemistry,SS2B,SCI-LAB-01,1,Monday,10:00,11:20,2,10:00,4
SCH-099-LSN-0038,SCH-099,TCH-01292,veteran_staff_room_boss,Chemistry,SS2B,SCI-LAB-01,1,Thursday,10:00,11:20,2,10:00,4
SCH-099-LSN-0039,SCH-099,TCH-01292,veteran_staff_room_boss,Further Mathematics,SS3A,ROOM-SS3A,1,Tuesday,8:40,10:00,2,8:40,4
SCH-099-LSN-0040,SCH-099,TCH-01293,hustling_subject_specialist,Economics,SS3B,ROOM-SS3B,1,Tuesday,10:40,13:00,3,10:40,4
SCH-099-LSN-0041,SCH-099,TCH-01293,hustling_subject_specialist,Further Mathematics,SS2B,ROOM-SS2B,1,Thursday,8:00,10:00,3,8:00,4
SCH-099-LSN-0042,SCH-099,TCH-01293,hustling_subject_specialist,Economics,SS3B,ROOM-SS3B,1,Thursday,10:00,12:20,3,10:00,4
SCH-099-LSN-0043,SCH-099,TCH-01293,hustling_subject_specialist,Further Mathematics,SS2A,ROOM-SS2A,1,Tuesday,8:00,10:00,3,8:00,4
SCH-099-LSN-0044,SCH-099,TCH-01293,hustling_subject_specialist,Further Mathematics,SS1B,ROOM-SS1B,1,Thursday,12:20,14:20,3,12:20,-4
SCH-099-LSN-0045,SCH-099,TCH-01294,nysc_corper,Civic Education,JSS2A,ROOM-JSS2A,1,Monday,13:00,13:40,1,13:00,4.5
SCH-099-LSN-0046,SCH-099,TCH-01294,nysc_corper,Civic Education,JSS1B,ROOM-JSS1B,1,Monday,13:40,14:20,1,13:40,4.5
SCH-099-LSN-0047,SCH-099,TCH-01295,nysc_corper,Basic Science,JSS1B,ROOM-JSS1B,1,Monday,13:00,13:40,1,13:00,4.5
SCH-099-LSN-0048,SCH-099,TCH-01295,nysc_corper,Basic Science,JSS2A,ROOM-JSS2A,1,Monday,13:40,14:20,1,13:40,4.5
SCH-099-LSN-0049,SCH-099,TCH-01295,nysc_corper,Basic Science,JSS3B,ROOM-JSS3B,1,Tuesday,13:00,13:40,1,13:00,4.5
SCH-099-LSN-0050,SCH-099,TCH-01295,nysc_corper,Basic Science,JSS3B,ROOM-JSS3B,1,Tuesday,13:40,14:20,1,13:40,4.5
SCH-099-LSN-0051,SCH-099,TCH-01296,veteran_staff_room_boss,Physics,SS3A,SCI-LAB-01,1,Friday,8:40,9:20,1,8:40,4
SCH-099-LSN-0052,SCH-099,TCH-01296,veteran_staff_room_boss,Physics,SS3B,SCI-LAB-01,1,Friday,9:20,10:00,1,9:20,4
SCH-099-LSN-0053,SCH-099,TCH-01296,veteran_staff_room_boss,Physics,SS3B,SCI-LAB-01,1,Friday,10:00,10:40,1,10:00,4
SCH-099-LSN-0054,SCH-099,TCH-01296,veteran_staff_room_boss,Physics,SS2A,SCI-LAB-01,1,Monday,8:00,8:40,1,8:00,0
SCH-099-LSN-0055,SCH-099,TCH-01297,overworked_generalist,PHE,SS1B,ROOM-SS1B,1,Thursday,8:00,11:20,5,8:00,1.44
SCH-099-LSN-0056,SCH-099,TCH-01297,overworked_generalist,PHE,SS2B,ROOM-SS2B,1,Friday,8:40,12:20,5,8:40,1.24
SCH-099-LSN-0057,SCH-099,TCH-01297,overworked_generalist,CRS,SS3B,ROOM-SS3B,1,Monday,10:00,13:40,5,10:00,1.41
SCH-099-LSN-0058,SCH-099,TCH-01297,overworked_generalist,Basic Technology,JSS3A,ROOM-JSS3A,0,Wednesday,8:00,11:20,5,8:00,1.48
SCH-099-LSN-0059,SCH-099,TCH-01297,overworked_generalist,Basic Technology,JSS1A,ROOM-JSS1A,0,Tuesday,8:00,11:20,5,8:00,1.48
SCH-100-LSN-0001,SCH-100,TCH-01298,veteran_staff_room_boss,Biology,SS2A,SCI-LAB-01,1,Monday,8:40,9:20,1,8:40,4
SCH-100-LSN-0002,SCH-100,TCH-01298,veteran_staff_room_boss,Biology,SS3A,SCI-LAB-01,1,Monday,9:20,10:00,1,9:20,4
SCH-100-LSN-0003,SCH-100,TCH-01298,veteran_staff_room_boss,Physics,SS1B,SCI-LAB-01,1,Monday,10:00,10:40,1,10:00,4
SCH-100-LSN-0004,SCH-100,TCH-01298,veteran_staff_room_boss,Physics,SS1A,SCI-LAB-01,1,Tuesday,8:40,9:20,1,8:40,4
SCH-100-LSN-0005,SCH-100,TCH-01298,veteran_staff_room_boss,Physics,SS3B,SCI-LAB-01,1,Tuesday,9:20,10:00,1,9:20,4
SCH-100-LSN-0006,SCH-100,TCH-01298,veteran_staff_room_boss,Physics,SS1B,SCI-LAB-01,1,Tuesday,10:00,10:40,1,10:00,4
SCH-100-LSN-0007,SCH-100,TCH-01298,veteran_staff_room_boss,Physics,SS2B,SCI-LAB-01,1,Wednesday,8:40,9:20,1,8:40,4
SCH-100-LSN-0008,SCH-100,TCH-01298,veteran_staff_room_boss,Biology,SS2B,SCI-LAB-01,1,Wednesday,9:20,10:00,1,9:20,4
SCH-100-LSN-0009,SCH-100,TCH-01299,overworked_generalist,PHE,JSS1A,ROOM-JSS1A,1,Friday,8:00,10:00,3,8:00,1.45
SCH-100-LSN-0010,SCH-100,TCH-01299,overworked_generalist,CRS,SS1B,ROOM-SS1B,1,Thursday,10:00,12:20,3,10:00,1.46
SCH-100-LSN-0011,SCH-100,TCH-01299,overworked_generalist,CRS,JSS3A,ROOM-JSS3A,1,Wednesday,8:00,10:00,3,8:00,1.48
SCH-100-LSN-0012,SCH-100,TCH-01299,overworked_generalist,CRS,SS2A,ROOM-SS2A,1,Tuesday,10:00,12:20,3,10:00,1.41
SCH-100-LSN-0013,SCH-100,TCH-01299,overworked_generalist,PHE,SS2B,ROOM-SS2B,1,Thursday,8:00,10:00,3,8:00,1.49
SCH-100-LSN-0014,SCH-100,TCH-01299,overworked_generalist,CRS,SS2B,ROOM-SS2B,1,Monday,10:40,13:00,3,10:40,1.46
SCH-100-LSN-0015,SCH-100,TCH-01299,overworked_generalist,PHE,JSS2A,ROOM-JSS2A,1,Friday,10:00,12:20,3,10:00,1.45
SCH-100-LSN-0016,SCH-100,TCH-01299,overworked_generalist,CRS,JSS1A,ROOM-JSS1A,1,Monday,8:00,10:00,3,8:00,1.19
SCH-100-LSN-0017,SCH-100,TCH-01300,overworked_generalist,CRS,SS1A,ROOM-SS1A,1,Wednesday,10:40,13:40,4,10:40,1.49
SCH-100-LSN-0018,SCH-100,TCH-01300,overworked_generalist,CRS,JSS2B,ROOM-JSS2B,1,Tuesday,9:20,12:20,4,9:20,1.41
SCH-100-LSN-0019,SCH-100,TCH-01300,overworked_generalist,Basic Technology,SS3A,ROOM-SS3A,0,Monday,10:00,13:00,4,10:00,1.46
SCH-100-LSN-0020,SCH-100,TCH-01300,overworked_generalist,PHE,JSS2A,ROOM-JSS2A,1,Thursday,10:00,13:00,4,10:00,1.33
SCH-100-LSN-0021,SCH-100,TCH-01300,overworked_generalist,CRS,SS1A,ROOM-SS1A,1,Friday,8:40,11:20,4,8:40,1.07
SCH-100-LSN-0022,SCH-100,TCH-01300,overworked_generalist,Basic Technology,JSS1A,ROOM-JSS1A,0,Wednesday,8:00,10:40,4,8:00,0.74
SCH-100-LSN-0023,SCH-100,TCH-01301,overworked_generalist,PHE,JSS3A,ROOM-JSS3A,1,Tuesday,10:00,12:20,3,10:00,1.5
SCH-100-LSN-0024,SCH-100,TCH-01301,overworked_generalist,CRS,SS3B,ROOM-SS3B,1,Monday,8:40,10:40,3,8:40,1.41
SCH-100-LSN-0025,SCH-100,TCH-01301,overworked_generalist,CRS,JSS3A,ROOM-JSS3A,1,Wednesday,10:00,12:20,3,10:00,1.42
SCH-100-LSN-0026,SCH-100,TCH-01301,overworked_generalist,CRS,SS3B,ROOM-SS3B,1,Thursday,9:20,11:20,3,9:20,1.48
SCH-100-LSN-0027,SCH-100,TCH-01301,overworked_generalist,CRS,SS2A,ROOM-SS2A,1,Friday,9:20,11:20,3,9:20,1.39
SCH-100-LSN-0028,SCH-100,TCH-01301,overworked_generalist,CRS,SS3A,ROOM-SS3A,1,Wednesday,8:00,10:00,3,8:00,1.16
SCH-100-LSN-0029,SCH-100,TCH-01301,overworked_generalist,PHE,SS2B,ROOM-SS2B,1,Wednesday,12:20,14:20,3,12:20,1.25
SCH-100-LSN-0030,SCH-100,TCH-01301,overworked_generalist,Basic Technology,SS2B,ROOM-SS2B,0,Thursday,11:40,13:40,3,11:40,1.47
SCH-100-LSN-0031,SCH-100,TCH-01301,overworked_generalist,CRS,SS3A,ROOM-SS3A,1,Tuesday,8:00,10:00,3,8:00,1.15
SCH-100-LSN-0032,SCH-100,TCH-01302,overworked_generalist,PHE,JSS1B,ROOM-JSS1B,1,Monday,10:00,13:00,4,10:00,1.39
SCH-100-LSN-0033,SCH-100,TCH-01302,overworked_generalist,Basic Technology,JSS3B,ROOM-JSS3B,0,Thursday,9:20,12:20,4,9:20,1.41
SCH-100-LSN-0034,SCH-100,TCH-01302,overworked_generalist,Basic Technology,JSS2B,ROOM-JSS2B,0,Friday,9:20,12:20,4,9:20,1.15
SCH-100-LSN-0035,SCH-100,TCH-01302,overworked_generalist,Basic Technology,JSS2B,ROOM-JSS2B,0,Wednesday,10:00,13:00,4,10:00,1.34
SCH-100-LSN-0036,SCH-100,TCH-01302,overworked_generalist,PHE,SS3A,ROOM-SS3A,1,Tuesday,10:00,13:00,4,10:00,1.03
SCH-100-LSN-0037,SCH-100,TCH-01303,overworked_generalist,PHE,SS2A,ROOM-SS2A,1,Monday,10:40,14:20,5,10:40,1.41
SCH-100-LSN-0038,SCH-100,TCH-01303,overworked_generalist,PHE,SS1B,ROOM-SS1B,1,Wednesday,8:00,11:20,5,8:00,1.26
SCH-100-LSN-0039,SCH-100,TCH-01303,overworked_generalist,PHE,SS2B,ROOM-SS2B,1,Friday,8:40,12:20,5,8:40,1.45
SCH-100-LSN-0040,SCH-100,TCH-01303,overworked_generalist,PHE,SS1B,ROOM-SS1B,1,Tuesday,10:40,14:20,5,10:40,1.48
SCH-100-LSN-0041,SCH-100,TCH-01303,overworked_generalist,PHE,SS1A,ROOM-SS1A,1,Thursday,9:20,13:00,5,9:20,1.16
SCH-100-LSN-0042,SCH-100,TCH-01304,hustling_subject_specialist,Physics,SS3B,SCI-LAB-01,1,Monday,10:40,13:00,3,10:40,4
SCH-100-LSN-0043,SCH-100,TCH-01304,hustling_subject_specialist,Physics,SS3B,SCI-LAB-01,1,Tuesday,10:00,12:20,3,10:00,4
SCH-100-LSN-0044,SCH-100,TCH-01304,hustling_subject_specialist,Physics,SS3A,SCI-LAB-01,1,Wednesday,10:00,12:20,3,10:00,4
SCH-100-LSN-0045,SCH-100,TCH-01305,nysc_corper,Basic Science,JSS3B,ROOM-JSS3B,1,Monday,13:00,13:40,1,13:00,4.5
SCH-100-LSN-0046,SCH-100,TCH-01305,nysc_corper,Basic Science,JSS3A,ROOM-JSS3A,1,Monday,13:40,14:20,1,13:40,4.5
SCH-100-LSN-0047,SCH-100,TCH-01306,hustling_subject_specialist,Physics,SS2A,SCI-LAB-01,1,Tuesday,8:00,10:00,3,8:00,4
SCH-100-LSN-0048,SCH-100,TCH-01306,hustling_subject_specialist,Economics,SS1A,ROOM-SS1A,1,Monday,8:00,10:00,3,8:00,4
SCH-100-LSN-0049,SCH-100,TCH-01306,hustling_subject_specialist,Physics,SS2B,SCI-LAB-01,1,Tuesday,10:00,12:20,3,10:00,4
SCH-100-LSN-0050,SCH-100,TCH-01306,hustling_subject_specialist,Physics,SS2B,SCI-LAB-01,1,Wednesday,10:00,12:20,3,10:00,4
SCH-100-LSN-0051,SCH-100,TCH-01306,hustling_subject_specialist,Physics,SS3B,SCI-LAB-01,1,Tuesday,12:20,14:20,3,12:20,-4
SCH-100-LSN-0052,SCH-100,TCH-01307,nysc_corper,Civic Education,JSS3B,ROOM-JSS3B,1,Monday,13:40,14:20,1,13:40,4.5
SCH-100-LSN-0053,SCH-100,TCH-01307,nysc_corper,Civic Education,JSS1B,ROOM-JSS1B,1,Monday,13:00,13:40,1,13:00,4.5
SCH-100-LSN-0054,SCH-100,TCH-01308,nysc_corper,Basic Science,JSS2A,ROOM-JSS2A,1,Monday,13:00,13:40,1,13:00,4.5
SCH-100-LSN-0055,SCH-100,TCH-01308,nysc_corper,Basic Science,JSS2B,ROOM-JSS2B,1,Monday,13:40,14:20,1,13:40,4.5
SCH-100-LSN-0056,SCH-100,TCH-01308,nysc_corper,Basic Science,JSS2B,ROOM-JSS2B,1,Tuesday,13:00,13:40,1,13:00,4.5
SCH-100-LSN-0057,SCH-100,TCH-01309,veteran_staff_room_boss,Further Mathematics,SS1B,ROOM-SS1B,1,Monday,8:40,9:20,1,8:40,4
SCH-100-LSN-0058,SCH-100,TCH-01309,veteran_staff_room_boss,Further Mathematics,SS3A,ROOM-SS3A,1,Thursday,8:40,9:20,1,8:40,4
SCH-100-LSN-0059,SCH-100,TCH-01310,overworked_generalist,PHE,JSS3A,ROOM-JSS3A,1,Thursday,9:20,11:20,3,9:20,1.49
SCH-100-LSN-0060,SCH-100,TCH-01310,overworked_generalist,CRS,SS1B,ROOM-SS1B,1,Monday,10:40,13:00,3,10:40,1.37
SCH-100-LSN-0061,SCH-100,TCH-01310,overworked_generalist,PHE,JSS2A,ROOM-JSS2A,1,Tuesday,10:00,12:20,3,10:00,1.36
SCH-100-LSN-0062,SCH-100,TCH-01310,overworked_generalist,CRS,SS1A,ROOM-SS1A,1,Wednesday,8:40,10:40,3,8:40,1.02
SCH-100-LSN-0063,SCH-100,TCH-01310,overworked_generalist,CRS,JSS2A,ROOM-JSS2A,1,Wednesday,11:40,13:40,3,11:40,1.41
SCH-100-LSN-0064,SCH-100,TCH-01310,overworked_generalist,Basic Technology,SS2B,ROOM-SS2B,0,Monday,8:40,10:40,3,8:40,1.39
SCH-100-LSN-0065,SCH-100,TCH-01311,veteran_staff_room_boss,Physics,SS3A,SCI-LAB-01,1,Thursday,9:20,10:00,1,9:20,4
SCH-100-LSN-0066,SCH-100,TCH-01311,veteran_staff_room_boss,Physics,SS3B,SCI-LAB-01,1,Tuesday,8:40,9:20,1,8:40,4
SCH-101-LSN-0001,SCH-101,TCH-01312,nysc_corper,Basic Science,JSS1B,ROOM-JSS1B,1,Monday,13:00,13:40,1,13:00,4.5
SCH-101-LSN-0002,SCH-101,TCH-01312,nysc_corper,Basic Science,JSS2A,ROOM-JSS2A,1,Monday,13:40,14:20,1,13:40,4.5
SCH-101-LSN-0003,SCH-101,TCH-01312,nysc_corper,Civic Education,JSS1B,ROOM-JSS1B,1,Wednesday,13:00,13:40,1,13:00,4.5
SCH-101-LSN-0004,SCH-101,TCH-01312,nysc_corper,Basic Science,JSS3B,ROOM-JSS3B,1,Wednesday,13:40,14:20,1,13:40,4.5
SCH-101-LSN-0005,SCH-101,TCH-01312,nysc_corper,Basic Science,JSS2A,ROOM-JSS2A,1,Thursday,13:00,13:40,1,13:00,4.5
SCH-101-LSN-0006,SCH-101,TCH-01312,nysc_corper,Basic Science,JSS2B,ROOM-JSS2B,1,Thursday,13:40,14:20,1,13:40,4.5
SCH-101-LSN-0007,SCH-101,TCH-01313,hustling_subject_specialist,Further Mathematics,SS1A,ROOM-SS1A,1,Tuesday,8:00,9:20,2,8:00,4
SCH-101-LSN-0008,SCH-101,TCH-01313,hustling_subject_specialist,Further Mathematics,SS3B,ROOM-SS3B,1,Tuesday,9:20,10:40,2,9:20,4
SCH-101-LSN-0009,SCH-101,TCH-01313,hustling_subject_specialist,Further Mathematics,SS3A,ROOM-SS3A,1,Tuesday,10:40,12:20,2,10:40,4
SCH-101-LSN-0010,SCH-101,TCH-01313,hustling_subject_specialist,Further Mathematics,SS3B,ROOM-SS3B,1,Thursday,8:00,9:20,2,8:00,4
SCH-101-LSN-0011,SCH-101,TCH-01314,nysc_corper,Basic Science,JSS2A,ROOM-JSS2A,1,Tuesday,13:00,13:40,1,13:00,4.5
SCH-101-LSN-0012,SCH-101,TCH-01314,nysc_corper,Basic Science,JSS3B,ROOM-JSS3B,1,Tuesday,13:40,14:20,1,13:40,4.5
SCH-101-LSN-0013,SCH-101,TCH-01314,nysc_corper,Basic Science,JSS1B,ROOM-JSS1B,1,Wednesday,13:40,14:20,1,13:40,4.5
SCH-101-LSN-0014,SCH-101,TCH-01314,nysc_corper,Civic Education,JSS2B,ROOM-JSS2B,1,Wednesday,13:00,13:40,1,13:00,4.5
SCH-101-LSN-0015,SCH-101,TCH-01314,nysc_corper,Basic Science,JSS3A,ROOM-JSS3A,1,Thursday,13:00,13:40,1,13:00,4.5
SCH-101-LSN-0016,SCH-101,TCH-01314,nysc_corper,Civic Education,JSS2B,ROOM-JSS2B,1,Tuesday,8:00,8:40,1,8:00,0
SCH-101-LSN-0017,SCH-101,TCH-01314,nysc_corper,Civic Education,JSS3B,ROOM-JSS3B,1,Thursday,13:40,14:20,1,13:40,4.5
SCH-101-LSN-0018,SCH-101,TCH-01314,nysc_corper,Civic Education,JSS3B,ROOM-JSS3B,1,Tuesday,8:40,9:20,1,8:40,0
SCH-101-LSN-0019,SCH-101,TCH-01315,veteran_staff_room_boss,Biology,SS1A,SCI-LAB-01,1,Monday,8:40,10:00,2,8:40,4
SCH-101-LSN-0020,SCH-101,TCH-01315,veteran_staff_room_boss,Further Mathematics,SS1A,ROOM-SS1A,1,Monday,10:00,11:20,2,10:00,4
SCH-101-LSN-0021,SCH-101,TCH-01315,veteran_staff_room_boss,Further Mathematics,SS3A,ROOM-SS3A,1,Tuesday,8:40,10:00,2,8:40,4
SCH-101-LSN-0022,SCH-101,TCH-01315,veteran_staff_room_boss,Biology,SS3A,SCI-LAB-01,1,Wednesday,8:40,10:00,2,8:40,4
SCH-101-LSN-0023,SCH-101,TCH-01316,veteran_staff_room_boss,Biology,SS2B,SCI-LAB-01,1,Monday,8:40,10:00,2,8:40,4
SCH-101-LSN-0024,SCH-101,TCH-01316,veteran_staff_room_boss,Biology,SS3A,SCI-LAB-01,1,Monday,10:00,11:20,2,10:00,4
SCH-101-LSN-0025,SCH-101,TCH-01316,veteran_staff_room_boss,Biology,SS1A,SCI-LAB-01,1,Tuesday,9:20,10:40,2,9:20,4
SCH-101-LSN-0026,SCH-101,TCH-01317,hustling_subject_specialist,Economics,SS1A,ROOM-SS1A,1,Tuesday,10:40,12:20,2,10:40,4
SCH-101-LSN-0027,SCH-101,TCH-01317,hustling_subject_specialist,Economics,SS3B,ROOM-SS3B,1,Monday,8:00,9:20,2,8:00,4
SCH-101-LSN-0028,SCH-101,TCH-01317,hustling_subject_specialist,Economics,SS1B,ROOM-SS1B,1,Monday,9:20,10:40,2,9:20,4
SCH-101-LSN-0029,SCH-101,TCH-01317,hustling_subject_specialist,Economics,SS2A,ROOM-SS2A,1,Monday,10:40,12:20,2,10:40,4
SCH-101-LSN-0030,SCH-101,TCH-01318,overworked_generalist,PHE,JSS3A,ROOM-JSS3A,1,Tuesday,8:40,12:20,5,8:40,1.49
SCH-101-LSN-0031,SCH-101,TCH-01318,overworked_generalist,PHE,SS1A,ROOM-SS1A,1,Wednesday,8:00,11:20,5,8:00,1.46
SCH-101-LSN-0032,SCH-101,TCH-01318,overworked_generalist,PHE,SS1B,ROOM-SS1B,1,Thursday,9:20,13:00,5,9:20,1.38
SCH-101-LSN-0033,SCH-101,TCH-01318,overworked_generalist,PHE,SS2B,ROOM-SS2B,1,Friday,8:40,12:20,5,8:40,1.2
SCH-101-LSN-0034,SCH-101,TCH-01319,overworked_generalist,PHE,JSS2A,ROOM-JSS2A,1,Friday,9:20,12:20,4,9:20,1.47
SCH-101-LSN-0035,SCH-101,TCH-01319,overworked_generalist,PHE,SS1B,ROOM-SS1B,1,Wednesday,8:40,11:20,4,8:40,1.48
SCH-101-LSN-0036,SCH-101,TCH-01319,overworked_generalist,PHE,SS2A,ROOM-SS2A,1,Monday,8:00,10:40,4,8:00,1.26
SCH-101-LSN-0037,SCH-101,TCH-01319,overworked_generalist,PHE,SS2B,ROOM-SS2B,1,Tuesday,8:40,11:20,4,8:40,1.47
SCH-101-LSN-0038,SCH-101,TCH-01319,overworked_generalist,Basic Technology,SS2A,ROOM-SS2A,0,Thursday,11:40,14:20,4,11:40,1.29
SCH-101-LSN-0039,SCH-101,TCH-01319,overworked_generalist,Basic Technology,JSS2B,ROOM-JSS2B,0,Tuesday,11:40,14:20,4,11:40,1.5
SCH-101-LSN-0040,SCH-101,TCH-01319,overworked_generalist,CRS,JSS1A,ROOM-JSS1A,1,Monday,11:40,14:20,4,11:40,1.46
SCH-101-LSN-0041,SCH-101,TCH-01319,overworked_generalist,PHE,SS2B,ROOM-SS2B,1,Thursday,8:40,11:20,4,8:40,0.88
SCH-101-LSN-0042,SCH-101,TCH-01320,nysc_corper,Civic Education,JSS3B,ROOM-JSS3B,1,Tuesday,13:00,13:40,1,13:00,4.5
SCH-101-LSN-0043,SCH-101,TCH-01320,nysc_corper,Civic Education,JSS1A,ROOM-JSS1A,1,Tuesday,13:40,14:20,1,13:40,4.5
SCH-101-LSN-0044,SCH-101,TCH-01320,nysc_corper,Civic Education,JSS3B,ROOM-JSS3B,1,Wednesday,13:00,13:40,1,13:00,4.5
SCH-101-LSN-0045,SCH-101,TCH-01320,nysc_corper,Civic Education,JSS1A,ROOM-JSS1A,1,Wednesday,13:40,14:20,1,13:40,4.5
SCH-101-LSN-0046,SCH-101,TCH-01321,veteran_staff_room_boss,Chemistry,SS3B,SCI-LAB-01,1,Wednesday,10:00,11:20,2,10:00,4
SCH-101-LSN-0047,SCH-101,TCH-01321,veteran_staff_room_boss,Chemistry,SS3A,SCI-LAB-01,1,Thursday,8:40,10:00,2,8:40,4
SCH-101-LSN-0048,SCH-101,TCH-01321,veteran_staff_room_boss,Chemistry,SS1B,SCI-LAB-01,1,Friday,8:40,10:00,2,8:40,4
SCH-101-LSN-0049,SCH-101,TCH-01321,veteran_staff_room_boss,Chemistry,SS2A,SCI-LAB-01,1,Thursday,10:00,11:20,2,10:00,4
SCH-101-LSN-0050,SCH-101,TCH-01322,overworked_generalist,PHE,SS1B,ROOM-SS1B,1,Friday,10:00,12:20,3,10:00,1.46
SCH-101-LSN-0051,SCH-101,TCH-01322,overworked_generalist,Basic Technology,JSS2B,ROOM-JSS2B,0,Wednesday,8:40,10:40,3,8:40,1.5
SCH-101-LSN-0052,SCH-101,TCH-01322,overworked_generalist,Basic Technology,JSS2B,ROOM-JSS2B,0,Monday,11:40,13:40,3,11:40,1.4
SCH-101-LSN-0053,SCH-101,TCH-01322,overworked_generalist,PHE,JSS3B,ROOM-JSS3B,1,Thursday,10:00,12:20,3,10:00,1.45
SCH-101-LSN-0054,SCH-101,TCH-01322,overworked_generalist,CRS,JSS3B,ROOM-JSS3B,1,Wednesday,10:40,13:00,3,10:40,1.28
SCH-101-LSN-0055,SCH-101,TCH-01322,overworked_generalist,Basic Technology,SS2A,ROOM-SS2A,0,Tuesday,10:00,12:20,3,10:00,1.49
SCH-101-LSN-0056,SCH-101,TCH-01322,overworked_generalist,Basic Technology,JSS3B,WORKSHOP-01,1,Friday,8:00,10:00,3,8:00,1.28
SCH-101-LSN-0057,SCH-101,TCH-01322,overworked_generalist,PHE,SS1B,ROOM-SS1B,1,Tuesday,8:00,10:00,3,8:00,0.94
SCH-101-LSN-0058,SCH-101,TCH-01322,overworked_generalist,CRS,SS1A,ROOM-SS1A,1,Thursday,8:00,10:00,3,8:00,0.97
SCH-101-LSN-0059,SCH-101,TCH-01322,overworked_generalist,PHE,SS3A,ROOM-SS3A,1,Monday,8:00,10:00,3,8:00,1.19
SCH-101-LSN-0060,SCH-101,TCH-01322,overworked_generalist,CRS,JSS1B,ROOM-JSS1B,1,Tuesday,12:20,14:20,3,12:20,0.99
SCH-101-LSN-0061,SCH-101,TCH-01323,veteran_staff_room_boss,Physics,SS3B,SCI-LAB-01,1,Friday,10:00,11:20,2,10:00,4
SCH-101-LSN-0062,SCH-101,TCH-01323,veteran_staff_room_boss,Physics,SS1A,SCI-LAB-01,1,Monday,11:40,13:00,2,11:40,0
SCH-101-LSN-0063,SCH-101,TCH-01323,veteran_staff_room_boss,Physics,SS2B,SCI-LAB-01,1,Tuesday,11:40,13:00,2,11:40,0
SCH-101-LSN-0064,SCH-101,TCH-01324,hustling_subject_specialist,Physics,SS2A,SCI-LAB-01,1,Tuesday,8:00,9:20,2,8:00,4
SCH-101-LSN-0065,SCH-101,TCH-01324,hustling_subject_specialist,Physics,SS2B,SCI-LAB-01,1,Wednesday,11:40,13:00,2,11:40,0
SCH-101-LSN-0066,SCH-101,TCH-01324,hustling_subject_specialist,Physics,SS3B,SCI-LAB-01,1,Tuesday,10:40,12:20,2,10:40,4
SCH-101-LSN-0067,SCH-101,TCH-01325,veteran_staff_room_boss,Further Mathematics,SS1B,ROOM-SS1B,1,Tuesday,10:00,11:20,2,10:00,4
SCH-101-LSN-0068,SCH-101,TCH-01325,veteran_staff_room_boss,Further Mathematics,SS1A,ROOM-SS1A,1,Thursday,10:00,11:20,2,10:00,4
SCH-101-LSN-0069,SCH-101,TCH-01325,veteran_staff_room_boss,Further Mathematics,SS1B,ROOM-SS1B,1,Monday,8:00,9:20,2,8:00,0
SCH-101-LSN-0070,SCH-101,TCH-01325,veteran_staff_room_boss,Further Mathematics,SS2B,ROOM-SS2B,1,Monday,10:00,11:20,2,10:00,4
SCH-102-LSN-0001,SCH-102,TCH-01326,nysc_corper,Basic Science,JSS2B,ROOM-JSS2B,1,Tuesday,13:00,13:40,1,13:00,4.5
SCH-102-LSN-0002,SCH-102,TCH-01326,nysc_corper,Basic Science,JSS3B,ROOM-JSS3B,1,Tuesday,13:40,14:20,1,13:40,4.5
SCH-102-LSN-0003,SCH-102,TCH-01326,nysc_corper,Basic Science,JSS2B,ROOM-JSS2B,1,Wednesday,13:00,13:40,1,13:00,4.5
SCH-102-LSN-0004,SCH-102,TCH-01327,overworked_generalist,PHE,SS3A,ROOM-SS3A,1,Friday,9:20,11:20,3,9:20,1.49
SCH-102-LSN-0005,SCH-102,TCH-01327,overworked_generalist,CRS,JSS3B,ROOM-JSS3B,1,Monday,8:40,10:40,3,8:40,1.47
SCH-102-LSN-0006,SCH-102,TCH-01327,overworked_generalist,Basic Technology,SS3A,WORKSHOP-01,1,Wednesday,8:00,10:00,3,8:00,1.48
SCH-102-LSN-0007,SCH-102,TCH-01327,overworked_generalist,Basic Technology,JSS1A,ROOM-JSS1A,0,Thursday,8:00,10:00,3,8:00,1.39
SCH-102-LSN-0008,SCH-102,TCH-01327,overworked_generalist,Basic Technology,JSS3A,ROOM-JSS3A,0,Tuesday,8:00,10:00,3,8:00,1.43
SCH-102-LSN-0009,SCH-102,TCH-01327,overworked_generalist,CRS,SS1A,ROOM-SS1A,1,Tuesday,12:20,14:20,3,12:20,1.42
SCH-102-LSN-0010,SCH-102,TCH-01328,nysc_corper,Civic Education,JSS3B,ROOM-JSS3B,1,Monday,13:00,13:40,1,13:00,4.5
SCH-102-LSN-0011,SCH-102,TCH-01328,nysc_corper,Civic Education,JSS1A,ROOM-JSS1A,1,Monday,13:40,14:20,1,13:40,4.5
SCH-102-LSN-0012,SCH-102,TCH-01329,nysc_corper,Civic Education,JSS1A,ROOM-JSS1A,1,Monday,13:00,13:40,1,13:00,4.5
SCH-102-LSN-0013,SCH-102,TCH-01329,nysc_corper,Civic Education,JSS1B,ROOM-JSS1B,1,Monday,13:40,14:20,1,13:40,4.5
SCH-102-LSN-0014,SCH-102,TCH-01329,nysc_corper,Civic Education,JSS2A,ROOM-JSS2A,1,Tuesday,13:00,13:40,1,13:00,4.5
SCH-102-LSN-0015,SCH-102,TCH-01330,veteran_staff_room_boss,Biology,SS3A,SCI-LAB-01,1,Monday,8:40,9:20,1,8:40,4
SCH-102-LSN-0016,SCH-102,TCH-01330,veteran_staff_room_boss,Biology,SS3A,SCI-LAB-01,1,Monday,9:20,10:00,1,9:20,4
SCH-102-LSN-0017,SCH-102,TCH-01330,veteran_staff_room_boss,Biology,SS1A,SCI-LAB-01,1,Monday,10:00,10:40,1,10:00,4
SCH-102-LSN-0018,SCH-102,TCH-01330,veteran_staff_room_boss,Biology,SS2B,SCI-LAB-01,1,Tuesday,8:40,9:20,1,8:40,4
SCH-102-LSN-0019,SCH-102,TCH-01331,hustling_subject_specialist,Physics,SS2A,SCI-LAB-01,1,Tuesday,9:20,10:40,2,9:20,4
SCH-102-LSN-0020,SCH-102,TCH-01331,hustling_subject_specialist,Physics,SS1A,SCI-LAB-01,1,Tuesday,10:40,12:20,2,10:40,4
SCH-102-LSN-0021,SCH-102,TCH-01331,hustling_subject_specialist,Physics,SS3B,SCI-LAB-01,1,Wednesday,8:00,9:20,2,8:00,4
SCH-102-LSN-0022,SCH-102,TCH-01332,overworked_generalist,Basic Technology,SS3B,ROOM-SS3B,0,Tuesday,9:20,11:20,3,9:20,1.42
SCH-102-LSN-0023,SCH-102,TCH-01332,overworked_generalist,CRS,JSS2B,ROOM-JSS2B,1,Monday,8:00,10:00,3,8:00,1.45
SCH-102-LSN-0024,SCH-102,TCH-01332,overworked_generalist,CRS,JSS2A,ROOM-JSS2A,1,Thursday,12:20,14:20,3,12:20,1.49
SCH-102-LSN-0025,SCH-102,TCH-01332,overworked_generalist,Basic Technology,SS1B,WORKSHOP-01,1,Friday,8:40,10:40,3,8:40,1.46
SCH-102-LSN-0026,SCH-102,TCH-01332,overworked_generalist,CRS,SS2A,ROOM-SS2A,1,Monday,10:00,12:20,3,10:00,1.43
SCH-102-LSN-0027,SCH-102,TCH-01332,overworked_generalist,PHE,JSS2A,ROOM-JSS2A,1,Wednesday,8:00,10:00,3,8:00,1.45
SCH-102-LSN-0028,SCH-102,TCH-01332,overworked_generalist,CRS,JSS3B,ROOM-JSS3B,1,Wednesday,12:20,14:20,3,12:20,1.45
SCH-102-LSN-0029,SCH-102,TCH-01332,overworked_generalist,Basic Technology,JSS1A,ROOM-JSS1A,0,Tuesday,12:20,14:20,3,12:20,1.43
SCH-102-LSN-0030,SCH-102,TCH-01332,overworked_generalist,PHE,SS2B,ROOM-SS2B,1,Monday,12:20,14:20,3,12:20,1.45
SCH-102-LSN-0031,SCH-102,TCH-01333,nysc_corper,Civic Education,JSS1B,ROOM-JSS1B,1,Monday,13:00,13:40,1,13:00,4.5
SCH-102-LSN-0032,SCH-102,TCH-01333,nysc_corper,Civic Education,JSS1A,ROOM-JSS1A,1,Wednesday,13:00,13:40,1,13:00,4.5
SCH-102-LSN-0033,SCH-102,TCH-01333,nysc_corper,Civic Education,JSS2A,ROOM-JSS2A,1,Monday,13:40,14:20,1,13:40,4.5
SCH-102-LSN-0034,SCH-102,TCH-01334,veteran_staff_room_boss,Further Mathematics,SS3A,ROOM-SS3A,1,Monday,10:00,10:40,1,10:00,4
SCH-102-LSN-0035,SCH-102,TCH-01334,veteran_staff_room_boss,Physics,SS1A,SCI-LAB-01,1,Tuesday,9:20,10:00,1,9:20,4
SCH-102-LSN-0036,SCH-102,TCH-01334,veteran_staff_room_boss,Physics,SS2B,SCI-LAB-01,1,Tuesday,10:00,10:40,1,10:00,4
SCH-102-LSN-0037,SCH-102,TCH-01334,veteran_staff_room_boss,Physics,SS3A,SCI-LAB-01,1,Wednesday,10:00,10:40,1,10:00,4
SCH-102-LSN-0038,SCH-102,TCH-01334,veteran_staff_room_boss,Physics,SS2B,SCI-LAB-01,1,Thursday,8:40,9:20,1,8:40,4
SCH-102-LSN-0039,SCH-102,TCH-01334,veteran_staff_room_boss,Further Mathematics,SS1A,ROOM-SS1A,1,Thursday,9:20,10:00,1,9:20,4
SCH-102-LSN-0040,SCH-102,TCH-01334,veteran_staff_room_boss,Physics,SS1A,SCI-LAB-01,1,Thursday,10:00,10:40,1,10:00,4
SCH-102-LSN-0041,SCH-102,TCH-01334,veteran_staff_room_boss,Physics,SS3B,SCI-LAB-01,1,Friday,8:40,9:20,1,8:40,4
SCH-102-LSN-0042,SCH-102,TCH-01335,overworked_generalist,CRS,JSS3A,ROOM-JSS3A,1,Friday,10:00,12:20,3,10:00,1.48
SCH-102-LSN-0043,SCH-102,TCH-01335,overworked_generalist,PHE,JSS2B,ROOM-JSS2B,1,Thursday,8:00,10:00,3,8:00,1.47
SCH-102-LSN-0044,SCH-102,TCH-01335,overworked_generalist,PHE,SS1B,ROOM-SS1B,1,Tuesday,9:20,11:20,3,9:20,1.48
SCH-102-LSN-0045,SCH-102,TCH-01335,overworked_generalist,PHE,JSS1A,ROOM-JSS1A,1,Wednesday,10:00,12:20,3,10:00,1.24
SCH-103-LSN-0001,SCH-103,TCH-01336,nysc_corper,Basic Science,JSS1A,ROOM-JSS1A,1,Tuesday,13:00,13:40,1,13:00,4.5
SCH-103-LSN-0002,SCH-103,TCH-01336,nysc_corper,Basic Science,JSS1B,ROOM-JSS1B,1,Tuesday,13:40,14:20,1,13:40,4.5
SCH-103-LSN-0003,SCH-103,TCH-01336,nysc_corper,Basic Science,JSS3A,ROOM-JSS3A,1,Wednesday,13:00,13:40,1,13:00,4.5
SCH-103-LSN-0004,SCH-103,TCH-01337,nysc_corper,Basic Science,JSS2B,ROOM-JSS2B,1,Monday,13:00,13:40,1,13:00,4.5
SCH-103-LSN-0005,SCH-103,TCH-01337,nysc_corper,Basic Science,JSS2B,ROOM-JSS2B,1,Monday,13:40,14:20,1,13:40,4.5
SCH-103-LSN-0006,SCH-103,TCH-01337,nysc_corper,Basic Science,JSS1B,ROOM-JSS1B,1,Tuesday,13:00,13:40,1,13:00,4.5
SCH-103-LSN-0007,SCH-103,TCH-01338,hustling_subject_specialist,Economics,SS2B,ROOM-SS2B,1,Monday,8:00,10:00,3,8:00,4
SCH-103-LSN-0008,SCH-103,TCH-01338,hustling_subject_specialist,Economics,SS3B,ROOM-SS3B,1,Monday,10:00,12:20,3,10:00,4
SCH-103-LSN-0009,SCH-103,TCH-01338,hustling_subject_specialist,Economics,SS1B,ROOM-SS1B,1,Thursday,8:00,10:00,3,8:00,4
SCH-103-LSN-0010,SCH-103,TCH-01339,nysc_corper,Basic Science,JSS1B,ROOM-JSS1B,1,Monday,13:00,13:40,1,13:00,4.5
SCH-103-LSN-0011,SCH-103,TCH-01339,nysc_corper,Basic Science,JSS1B,ROOM-JSS1B,1,Monday,13:40,14:20,1,13:40,4.5
SCH-103-LSN-0012,SCH-103,TCH-01339,nysc_corper,Basic Science,JSS1B,ROOM-JSS1B,1,Wednesday,13:00,13:40,1,13:00,4.5
SCH-103-LSN-0013,SCH-103,TCH-01339,nysc_corper,Civic Education,JSS3A,ROOM-JSS3A,1,Wednesday,13:40,14:20,1,13:40,4.5
SCH-103-LSN-0014,SCH-103,TCH-01340,hustling_subject_specialist,Further Mathematics,SS2A,ROOM-SS2A,1,Monday,8:00,10:00,3,8:00,4
SCH-103-LSN-0015,SCH-103,TCH-01340,hustling_subject_specialist,Further Mathematics,SS2B,ROOM-SS2B,1,Monday,10:00,12:20,3,10:00,4
SCH-103-LSN-0016,SCH-103,TCH-01340,hustling_subject_specialist,Further Mathematics,SS2B,ROOM-SS2B,1,Tuesday,8:00,10:00,3,8:00,4
SCH-103-LSN-0017,SCH-103,TCH-01340,hustling_subject_specialist,Further Mathematics,SS2A,ROOM-SS2A,1,Tuesday,10:00,12:20,3,10:00,4
SCH-103-LSN-0018,SCH-103,TCH-01341,veteran_staff_room_boss,Chemistry,SS3A,SCI-LAB-01,1,Monday,8:40,9:20,1,8:40,4
SCH-103-LSN-0019,SCH-103,TCH-01341,veteran_staff_room_boss,Biology,SS2A,SCI-LAB-01,1,Monday,10:00,10:40,1,10:00,4
SCH-103-LSN-0020,SCH-103,TCH-01341,veteran_staff_room_boss,Biology,SS3B,SCI-LAB-01,1,Tuesday,8:40,9:20,1,8:40,4
SCH-103-LSN-0021,SCH-103,TCH-01341,veteran_staff_room_boss,Biology,SS2A,SCI-LAB-01,1,Tuesday,9:20,10:00,1,9:20,4
SCH-103-LSN-0022,SCH-103,TCH-01341,veteran_staff_room_boss,Biology,SS1A,SCI-LAB-01,1,Tuesday,10:00,10:40,1,10:00,4
SCH-103-LSN-0023,SCH-103,TCH-01341,veteran_staff_room_boss,Biology,SS1A,SCI-LAB-01,1,Wednesday,8:40,9:20,1,8:40,4
SCH-103-LSN-0024,SCH-103,TCH-01342,hustling_subject_specialist,Physics,SS3A,SCI-LAB-01,1,Monday,10:40,12:20,2,10:40,4
SCH-103-LSN-0025,SCH-103,TCH-01342,hustling_subject_specialist,Economics,SS2B,ROOM-SS2B,1,Tuesday,10:00,11:20,2,10:00,4
SCH-103-LSN-0026,SCH-103,TCH-01342,hustling_subject_specialist,Physics,SS2A,ROOM-SS2A,0,Wednesday,8:40,10:00,2,8:40,4
SCH-103-LSN-0027,SCH-103,TCH-01342,hustling_subject_specialist,Economics,SS1B,ROOM-SS1B,1,Monday,8:00,9:20,2,8:00,4
SCH-103-LSN-0028,SCH-103,TCH-01342,hustling_subject_specialist,Physics,SS1B,SCI-LAB-01,1,Wednesday,10:00,11:20,2,10:00,4
SCH-103-LSN-0029,SCH-103,TCH-01342,hustling_subject_specialist,Physics,SS3B,SCI-LAB-01,1,Tuesday,11:40,13:00,2,11:40,0
SCH-103-LSN-0030,SCH-103,TCH-01342,hustling_subject_specialist,Physics,SS2A,SCI-LAB-01,1,Wednesday,11:40,13:00,2,11:40,0
SCH-103-LSN-0031,SCH-103,TCH-01342,hustling_subject_specialist,Economics,SS3A,ROOM-SS3A,1,Monday,9:20,10:40,2,9:20,4
SCH-103-LSN-0032,SCH-103,TCH-01343,overworked_generalist,Basic Technology,JSS2B,ROOM-JSS2B,0,Tuesday,10:00,13:00,4,10:00,1.49
SCH-103-LSN-0033,SCH-103,TCH-01343,overworked_generalist,PHE,SS1A,ROOM-SS1A,1,Thursday,8:40,11:20,4,8:40,1.44
SCH-103-LSN-0034,SCH-103,TCH-01343,overworked_generalist,CRS,JSS2B,ROOM-JSS2B,1,Friday,8:00,10:40,4,8:00,1.47
SCH-103-LSN-0035,SCH-103,TCH-01343,overworked_generalist,CRS,JSS3B,ROOM-JSS3B,1,Wednesday,9:20,12:20,4,9:20,1.43
SCH-103-LSN-0036,SCH-103,TCH-01343,overworked_generalist,PHE,SS1A,ROOM-SS1A,1,Monday,10:00,13:00,4,10:00,1.49
SCH-103-LSN-0037,SCH-103,TCH-01343,overworked_generalist,CRS,SS3A,ROOM-SS3A,1,Thursday,11:40,14:20,4,11:40,1.34
SCH-103-LSN-0038,SCH-103,TCH-01344,veteran_staff_room_boss,Biology,SS1A,SCI-LAB-01,1,Tuesday,8:40,10:00,2,8:40,4
SCH-103-LSN-0039,SCH-103,TCH-01344,veteran_staff_room_boss,Chemistry,SS2B,SCI-LAB-01,1,Thursday,8:40,10:00,2,8:40,4
SCH-103-LSN-0040,SCH-103,TCH-01344,veteran_staff_room_boss,Chemistry,SS1B,SCI-LAB-01,1,Thursday,10:00,11:20,2,10:00,4
SCH-103-LSN-0041,SCH-103,TCH-01344,veteran_staff_room_boss,Biology,SS3B,SCI-LAB-01,1,Tuesday,10:00,11:20,2,10:00,4
SCH-103-LSN-0042,SCH-103,TCH-01344,veteran_staff_room_boss,Biology,SS1B,SCI-LAB-01,1,Monday,9:20,10:40,2,9:20,4
SCH-103-LSN-0043,SCH-103,TCH-01344,veteran_staff_room_boss,Chemistry,SS1A,SCI-LAB-01,1,Friday,8:40,10:00,2,8:40,4
SCH-103-LSN-0044,SCH-103,TCH-01344,veteran_staff_room_boss,Chemistry,SS3A,SCI-LAB-01,1,Friday,10:00,11:20,2,10:00,4
SCH-103-LSN-0045,SCH-103,TCH-01344,veteran_staff_room_boss,Chemistry,SS2A,SCI-LAB-01,1,Thursday,11:40,13:00,2,11:40,0
SCH-103-LSN-0046,SCH-103,TCH-01345,overworked_generalist,PHE,JSS2A,ROOM-JSS2A,1,Tuesday,8:40,11:20,4,8:40,1.45
SCH-103-LSN-0047,SCH-103,TCH-01345,overworked_generalist,Basic Technology,JSS2B,ROOM-JSS2B,0,Monday,8:40,11:20,4,8:40,1.37
SCH-103-LSN-0048,SCH-103,TCH-01345,overworked_generalist,Basic Technology,SS2B,WORKSHOP-01,1,Wednesday,11:40,14:20,4,11:40,1.35
SCH-103-LSN-0049,SCH-103,TCH-01345,overworked_generalist,PHE,SS1B,ROOM-SS1B,1,Thursday,11:40,14:20,4,11:40,1.33
SCH-103-LSN-0050,SCH-103,TCH-01345,overworked_generalist,PHE,SS3B,ROOM-SS3B,1,Wednesday,8:00,10:40,4,8:00,1.16
SCH-103-LSN-0051,SCH-103,TCH-01345,overworked_generalist,Basic Technology,SS3A,WORKSHOP-01,1,Thursday,8:00,10:40,4,8:00,1.32
SCH-103-LSN-0052,SCH-103,TCH-01345,overworked_generalist,PHE,JSS1A,ROOM-JSS1A,1,Monday,11:40,14:20,4,11:40,1.38
SCH-103-LSN-0053,SCH-103,TCH-01345,overworked_generalist,CRS,SS3B,ROOM-SS3B,1,Friday,8:40,11:20,4,8:40,1.08
SCH-103-LSN-0054,SCH-103,TCH-01345,overworked_generalist,Basic Technology,JSS3A,ROOM-JSS3A,0,Tuesday,11:40,14:20,4,11:40,0.59
SCH-103-LSN-0055,SCH-103,TCH-01346,hustling_subject_specialist,Physics,SS1A,SCI-LAB-01,1,Tuesday,11:40,13:40,3,11:40,0
SCH-103-LSN-0056,SCH-103,TCH-01346,hustling_subject_specialist,Physics,SS3B,SCI-LAB-01,1,Monday,12:20,14:20,3,12:20,-4
SCH-103-LSN-0057,SCH-103,TCH-01347,hustling_subject_specialist,Physics,SS1B,SCI-LAB-01,1,Monday,10:40,12:20,2,10:40,4
SCH-103-LSN-0058,SCH-103,TCH-01347,hustling_subject_specialist,Physics,SS2A,SCI-LAB-01,1,Wednesday,10:00,11:20,2,10:00,4
SCH-103-LSN-0059,SCH-103,TCH-01347,hustling_subject_specialist,Physics,SS3A,SCI-LAB-01,1,Wednesday,11:40,13:00,2,11:40,0
SCH-103-LSN-0060,SCH-103,TCH-01347,hustling_subject_specialist,Physics,SS2B,SCI-LAB-01,1,Monday,12:20,13:40,2,12:20,-4
SCH-104-LSN-0001,SCH-104,TCH-01348,overworked_generalist,Basic Technology,JSS1B,ROOM-JSS1B,0,Tuesday,10:00,13:40,5,10:00,1.45
SCH-104-LSN-0002,SCH-104,TCH-01348,overworked_generalist,Basic Technology,SS2B,ROOM-SS2B,0,Thursday,10:40,14:20,5,10:40,1.47
SCH-104-LSN-0003,SCH-104,TCH-01348,overworked_generalist,Basic Technology,JSS2B,ROOM-JSS2B,0,Friday,8:00,11:20,5,8:00,1.36
SCH-104-LSN-0004,SCH-104,TCH-01348,overworked_generalist,CRS,JSS1A,ROOM-JSS1A,1,Monday,9:20,13:00,5,9:20,1.47
SCH-104-LSN-0005,SCH-104,TCH-01348,overworked_generalist,CRS,JSS3A,ROOM-JSS3A,1,Wednesday,9:20,13:00,5,9:20,1.34
SCH-104-LSN-0006,SCH-104,TCH-01349,nysc_corper,Basic Science,JSS3B,ROOM-JSS3B,1,Tuesday,13:00,13:40,1,13:00,4.5
SCH-104-LSN-0007,SCH-104,TCH-01349,nysc_corper,Basic Science,JSS1B,ROOM-JSS1B,1,Tuesday,13:40,14:20,1,13:40,4.5
SCH-104-LSN-0008,SCH-104,TCH-01349,nysc_corper,Basic Science,JSS2A,ROOM-JSS2A,1,Wednesday,13:00,13:40,1,13:00,4.5
SCH-104-LSN-0009,SCH-104,TCH-01349,nysc_corper,Basic Science,JSS3A,ROOM-JSS3A,1,Wednesday,13:40,14:20,1,13:40,4.5
SCH-104-LSN-0010,SCH-104,TCH-01350,hustling_subject_specialist,Economics,SS2B,ROOM-SS2B,1,Monday,8:00,9:20,2,8:00,4
SCH-104-LSN-0011,SCH-104,TCH-01350,hustling_subject_specialist,Economics,SS3A,ROOM-SS3A,1,Monday,9:20,10:40,2,9:20,4
SCH-104-LSN-0012,SCH-104,TCH-01350,hustling_subject_specialist,Physics,SS2A,SCI-LAB-01,1,Monday,10:40,12:20,2,10:40,4
SCH-104-LSN-0013,SCH-104,TCH-01350,hustling_subject_specialist,Economics,SS2B,ROOM-SS2B,1,Wednesday,8:00,9:20,2,8:00,4
SCH-104-LSN-0014,SCH-104,TCH-01350,hustling_subject_specialist,Physics,SS3B,SCI-LAB-01,1,Wednesday,9:20,10:40,2,9:20,4
SCH-104-LSN-0015,SCH-104,TCH-01350,hustling_subject_specialist,Physics,SS2A,SCI-LAB-01,1,Wednesday,10:40,12:20,2,10:40,4
SCH-104-LSN-0016,SCH-104,TCH-01350,hustling_subject_specialist,Physics,SS2B,SCI-LAB-01,1,Monday,12:20,13:40,2,12:20,-4
SCH-104-LSN-0017,SCH-104,TCH-01350,hustling_subject_specialist,Economics,SS2B,ROOM-SS2B,1,Wednesday,12:20,13:40,2,12:20,-4
SCH-104-LSN-0018,SCH-104,TCH-01351,overworked_generalist,CRS,SS3A,ROOM-SS3A,1,Tuesday,12:20,14:20,3,12:20,1.48
SCH-104-LSN-0019,SCH-104,TCH-01351,overworked_generalist,PHE,SS2A,ROOM-SS2A,1,Wednesday,8:40,10:40,3,8:40,1.44
SCH-104-LSN-0020,SCH-104,TCH-01351,overworked_generalist,PHE,JSS1B,ROOM-JSS1B,1,Friday,9:20,11:20,3,9:20,1.47
SCH-104-LSN-0021,SCH-104,TCH-01351,overworked_generalist,PHE,SS3A,ROOM-SS3A,1,Wednesday,10:40,13:00,3,10:40,1.49
SCH-104-LSN-0022,SCH-104,TCH-01351,overworked_generalist,CRS,SS3A,ROOM-SS3A,1,Tuesday,8:40,10:40,3,8:40,1.49
SCH-104-LSN-0023,SCH-104,TCH-01351,overworked_generalist,PHE,SS1B,ROOM-SS1B,1,Thursday,8:40,10:40,3,8:40,1.49
SCH-104-LSN-0024,SCH-104,TCH-01351,overworked_generalist,PHE,JSS2B,ROOM-JSS2B,1,Thursday,10:40,13:00,3,10:40,1.38
SCH-104-LSN-0025,SCH-104,TCH-01351,overworked_generalist,CRS,JSS2A,ROOM-JSS2A,1,Monday,9:20,11:20,3,9:20,1.47
SCH-104-LSN-0026,SCH-104,TCH-01351,overworked_generalist,PHE,JSS1B,ROOM-JSS1B,1,Monday,11:40,13:40,3,11:40,0.88
SCH-104-LSN-0027,SCH-104,TCH-01352,nysc_corper,Civic Education,JSS2A,ROOM-JSS2A,1,Monday,13:00,13:40,1,13:00,4.5
SCH-104-LSN-0028,SCH-104,TCH-01352,nysc_corper,Civic Education,JSS3A,ROOM-JSS3A,1,Monday,13:40,14:20,1,13:40,4.5
SCH-104-LSN-0029,SCH-104,TCH-01352,nysc_corper,Civic Education,JSS1B,ROOM-JSS1B,1,Wednesday,13:00,13:40,1,13:00,4.5
SCH-104-LSN-0030,SCH-104,TCH-01353,overworked_generalist,CRS,JSS1B,ROOM-JSS1B,1,Thursday,10:00,13:40,5,10:00,1.47
SCH-104-LSN-0031,SCH-104,TCH-01353,overworked_generalist,CRS,SS2B,ROOM-SS2B,1,Tuesday,8:40,12:20,5,8:40,1.39
SCH-104-LSN-0032,SCH-104,TCH-01353,overworked_generalist,PHE,JSS2A,ROOM-JSS2A,1,Wednesday,9:20,13:00,5,9:20,1.04
SCH-104-LSN-0033,SCH-104,TCH-01353,overworked_generalist,Basic Technology,JSS1A,WORKSHOP-01,1,Friday,8:40,12:20,5,8:40,1.07
SCH-104-LSN-0034,SCH-104,TCH-01353,overworked_generalist,Basic Technology,SS1B,ROOM-SS1B,0,Monday,10:00,13:40,5,10:00,1.25
SCH-104-LSN-0035,SCH-104,TCH-01354,overworked_generalist,Basic Technology,JSS2B,ROOM-JSS2B,0,Wednesday,10:00,12:20,3,10:00,1.39
SCH-104-LSN-0036,SCH-104,TCH-01354,overworked_generalist,Basic Technology,JSS3A,ROOM-JSS3A,0,Tuesday,12:20,14:20,3,12:20,1.49
SCH-104-LSN-0037,SCH-104,TCH-01354,overworked_generalist,Basic Technology,SS2B,WORKSHOP-01,1,Friday,8:40,10:40,3,8:40,1.46
SCH-104-LSN-0038,SCH-104,TCH-01354,overworked_generalist,Basic Technology,JSS3B,ROOM-JSS3B,0,Wednesday,8:00,10:00,3,8:00,1.43
SCH-104-LSN-0039,SCH-104,TCH-01354,overworked_generalist,Basic Technology,SS2A,ROOM-SS2A,0,Thursday,10:00,12:20,3,10:00,1.47
SCH-104-LSN-0040,SCH-104,TCH-01354,overworked_generalist,Basic Technology,JSS1B,ROOM-JSS1B,0,Monday,9:20,11:20,3,9:20,1.36
SCH-104-LSN-0041,SCH-104,TCH-01355,overworked_generalist,CRS,SS1B,ROOM-SS1B,1,Wednesday,10:00,13:40,5,10:00,1.46
SCH-104-LSN-0042,SCH-104,TCH-01355,overworked_generalist,Basic Technology,SS1A,ROOM-SS1A,0,Monday,9:20,13:00,5,9:20,1.41
SCH-104-LSN-0043,SCH-104,TCH-01355,overworked_generalist,Basic Technology,SS1B,ROOM-SS1B,0,Tuesday,10:40,14:20,5,10:40,1.37
SCH-104-LSN-0044,SCH-104,TCH-01355,overworked_generalist,Basic Technology,SS3B,ROOM-SS3B,0,Thursday,8:00,11:20,5,8:00,1.47
SCH-104-LSN-0045,SCH-104,TCH-01356,overworked_generalist,CRS,SS1B,ROOM-SS1B,1,Friday,8:40,11:20,4,8:40,1.41
SCH-104-LSN-0046,SCH-104,TCH-01356,overworked_generalist,CRS,SS3B,ROOM-SS3B,1,Tuesday,11:40,14:20,4,11:40,1.44
SCH-104-LSN-0047,SCH-104,TCH-01356,overworked_generalist,PHE,SS2B,ROOM-SS2B,1,Monday,9:20,12:20,4,9:20,1.07
SCH-104-LSN-0048,SCH-104,TCH-01356,overworked_generalist,PHE,JSS2A,ROOM-JSS2A,1,Thursday,8:40,11:20,4,8:40,1.26
SCH-104-LSN-0049,SCH-104,TCH-01357,overworked_generalist,CRS,SS3A,ROOM-SS3A,1,Friday,8:40,12:20,5,8:40,1.43
SCH-104-LSN-0050,SCH-104,TCH-01357,overworked_generalist,PHE,SS3B,ROOM-SS3B,1,Monday,8:00,11:20,5,8:00,1.49
SCH-104-LSN-0051,SCH-104,TCH-01357,overworked_generalist,PHE,JSS1A,ROOM-JSS1A,1,Thursday,9:20,13:00,5,9:20,1.44
SCH-104-LSN-0052,SCH-104,TCH-01357,overworked_generalist,CRS,SS1A,ROOM-SS1A,1,Wednesday,10:40,14:20,5,10:40,1.43
SCH-104-LSN-0053,SCH-104,TCH-01357,overworked_generalist,PHE,JSS3A,ROOM-JSS3A,1,Tuesday,8:00,11:20,5,8:00,0.64
SCH-104-LSN-0054,SCH-104,TCH-01358,overworked_generalist,Basic Technology,SS3A,ROOM-SS3A,0,Thursday,10:40,14:20,5,10:40,1.44
SCH-104-LSN-0055,SCH-104,TCH-01358,overworked_generalist,PHE,JSS2B,ROOM-JSS2B,1,Monday,8:00,11:20,5,8:00,1.27
SCH-104-LSN-0056,SCH-104,TCH-01358,overworked_generalist,Basic Technology,JSS2A,ROOM-JSS2A,0,Tuesday,10:40,14:20,5,10:40,1.34
SCH-104-LSN-0057,SCH-104,TCH-01358,overworked_generalist,CRS,JSS3B,ROOM-JSS3B,1,Wednesday,10:40,14:20,5,10:40,1.5
SCH-104-LSN-0058,SCH-104,TCH-01358,overworked_generalist,Basic Technology,JSS2A,WORKSHOP-01,1,Friday,8:00,11:20,5,8:00,0.89
SCH-104-LSN-0059,SCH-104,TCH-01359,hustling_subject_specialist,Economics,SS2B,ROOM-SS2B,1,Wednesday,9:20,10:40,2,9:20,4
SCH-104-LSN-0060,SCH-104,TCH-01359,hustling_subject_specialist,Economics,SS2A,ROOM-SS2A,1,Tuesday,8:00,9:20,2,8:00,4
SCH-104-LSN-0061,SCH-104,TCH-01359,hustling_subject_specialist,Physics,SS1B,SCI-LAB-01,1,Tuesday,9:20,10:40,2,9:20,4
SCH-104-LSN-0062,SCH-104,TCH-01359,hustling_subject_specialist,Economics,SS1B,ROOM-SS1B,1,Wednesday,8:00,9:20,2,8:00,4
SCH-104-LSN-0063,SCH-104,TCH-01359,hustling_subject_specialist,Economics,SS1B,ROOM-SS1B,1,Thursday,10:40,12:20,2,10:40,4
SCH-104-LSN-0064,SCH-104,TCH-01359,hustling_subject_specialist,Economics,SS2B,ROOM-SS2B,1,Wednesday,10:40,12:20,2,10:40,4
SCH-104-LSN-0065,SCH-104,TCH-01359,hustling_subject_specialist,Economics,SS1B,ROOM-SS1B,1,Thursday,12:20,13:40,2,12:20,-4
SCH-104-LSN-0066,SCH-104,TCH-01360,veteran_staff_room_boss,Biology,SS2B,SCI-LAB-01,1,Thursday,8:40,10:00,2,8:40,4
SCH-104-LSN-0067,SCH-104,TCH-01360,veteran_staff_room_boss,Physics,SS1B,SCI-LAB-01,1,Monday,8:40,10:00,2,8:40,4
SCH-104-LSN-0068,SCH-104,TCH-01360,veteran_staff_room_boss,Biology,SS2B,SCI-LAB-01,1,Friday,10:40,12:20,2,10:40,0
SCH-104-LSN-0069,SCH-104,TCH-01360,veteran_staff_room_boss,Biology,SS1B,SCI-LAB-01,1,Tuesday,8:00,9:20,2,8:00,0
SCH-104-LSN-0070,SCH-104,TCH-01361,nysc_corper,Basic Science,JSS2B,ROOM-JSS2B,1,Monday,13:00,13:40,1,13:00,4.5
SCH-104-LSN-0071,SCH-104,TCH-01361,nysc_corper,Basic Science,JSS1B,ROOM-JSS1B,1,Monday,13:40,14:20,1,13:40,4.5
SCH-104-LSN-0072,SCH-104,TCH-01361,nysc_corper,Basic Science,JSS1B,ROOM-JSS1B,1,Wednesday,13:40,14:20,1,13:40,4.5
SCH-104-LSN-0073,SCH-104,TCH-01361,nysc_corper,Civic Education,JSS3A,ROOM-JSS3A,1,Wednesday,13:00,13:40,1,13:00,4.5
SCH-104-LSN-0074,SCH-104,TCH-01362,veteran_staff_room_boss,Chemistry,SS1B,SCI-LAB-01,1,Monday,8:00,8:40,1,8:00,0
SCH-104-LSN-0075,SCH-104,TCH-01362,veteran_staff_room_boss,Chemistry,SS1A,SCI-LAB-01,1,Wednesday,8:40,9:20,1,8:40,4
SCH-104-LSN-0076,SCH-104,TCH-01363,hustling_subject_specialist,Economics,SS3A,ROOM-SS3A,1,Tuesday,10:40,12:20,2,10:40,4
SCH-104-LSN-0077,SCH-104,TCH-01363,hustling_subject_specialist,Physics,SS1A,ROOM-SS1A,0,Tuesday,8:00,9:20,2,8:00,4
SCH-104-LSN-0078,SCH-104,TCH-01363,hustling_subject_specialist,Economics,SS3B,ROOM-SS3B,1,Tuesday,9:20,10:40,2,9:20,4
SCH-104-LSN-0079,SCH-104,TCH-01363,hustling_subject_specialist,Physics,SS3A,ROOM-SS3A,0,Wednesday,9:20,10:40,2,9:20,4
SCH-105-LSN-0001,SCH-105,TCH-01364,overworked_generalist,PHE,SS2A,ROOM-SS2A,1,Thursday,8:00,11:20,5,8:00,1.49
SCH-105-LSN-0002,SCH-105,TCH-01364,overworked_generalist,CRS,JSS2B,ROOM-JSS2B,1,Tuesday,8:00,11:20,5,8:00,1.48
SCH-105-LSN-0003,SCH-105,TCH-01364,overworked_generalist,PHE,SS1B,ROOM-SS1B,1,Monday,9:20,13:00,5,9:20,1.5
SCH-105-LSN-0004,SCH-105,TCH-01364,overworked_generalist,CRS,SS1B,ROOM-SS1B,1,Wednesday,9:20,13:00,5,9:20,1.35
SCH-105-LSN-0005,SCH-105,TCH-01364,overworked_generalist,PHE,JSS2A,ROOM-JSS2A,1,Friday,8:00,11:20,5,8:00,1.4
SCH-105-LSN-0006,SCH-105,TCH-01365,overworked_generalist,Basic Technology,JSS3A,ROOM-JSS3A,0,Thursday,8:00,10:40,4,8:00,1.49
SCH-105-LSN-0007,SCH-105,TCH-01365,overworked_generalist,PHE,SS1B,ROOM-SS1B,1,Friday,8:00,10:40,4,8:00,1.48
SCH-105-LSN-0008,SCH-105,TCH-01365,overworked_generalist,PHE,SS2A,ROOM-SS2A,1,Wednesday,10:40,13:40,4,10:40,1.46
SCH-105-LSN-0009,SCH-105,TCH-01365,overworked_generalist,Basic Technology,SS1B,ROOM-SS1B,0,Tuesday,10:00,13:00,4,10:00,1.48
SCH-105-LSN-0010,SCH-105,TCH-01365,overworked_generalist,CRS,JSS2B,ROOM-JSS2B,1,Monday,10:40,13:40,4,10:40,1.46
SCH-105-LSN-0011,SCH-105,TCH-01365,overworked_generalist,PHE,SS3B,ROOM-SS3B,1,Thursday,11:40,14:20,4,11:40,1.46
SCH-105-LSN-0012,SCH-105,TCH-01365,overworked_generalist,PHE,SS3B,ROOM-SS3B,1,Monday,8:00,10:40,4,8:00,1.24
SCH-105-LSN-0013,SCH-105,TCH-01365,overworked_generalist,PHE,SS1A,ROOM-SS1A,1,Wednesday,8:00,10:40,4,8:00,0.95
SCH-105-LSN-0014,SCH-105,TCH-01366,overworked_generalist,PHE,SS3A,ROOM-SS3A,1,Monday,8:00,10:00,3,8:00,1.49
SCH-105-LSN-0015,SCH-105,TCH-01366,overworked_generalist,PHE,JSS2A,ROOM-JSS2A,1,Thursday,8:00,10:00,3,8:00,1.48
SCH-105-LSN-0016,SCH-105,TCH-01366,overworked_generalist,PHE,SS3B,ROOM-SS3B,1,Wednesday,12:20,14:20,3,12:20,1.49
SCH-105-LSN-0017,SCH-105,TCH-01366,overworked_generalist,CRS,JSS3A,ROOM-JSS3A,1,Friday,8:40,10:40,3,8:40,1.48
SCH-105-LSN-0018,SCH-105,TCH-01366,overworked_generalist,PHE,SS3B,ROOM-SS3B,1,Tuesday,8:00,10:00,3,8:00,1.47
SCH-105-LSN-0019,SCH-105,TCH-01366,overworked_generalist,CRS,SS1B,ROOM-SS1B,1,Thursday,10:00,12:20,3,10:00,0.96
SCH-105-LSN-0020,SCH-105,TCH-01367,overworked_generalist,CRS,SS2A,ROOM-SS2A,1,Friday,8:40,11:20,4,8:40,1.48
SCH-105-LSN-0021,SCH-105,TCH-01367,overworked_generalist,PHE,JSS2A,ROOM-JSS2A,1,Tuesday,8:00,10:40,4,8:00,1.48
SCH-105-LSN-0022,SCH-105,TCH-01367,overworked_generalist,CRS,JSS2A,ROOM-JSS2A,1,Monday,10:40,13:40,4,10:40,1.31
SCH-105-LSN-0023,SCH-105,TCH-01367,overworked_generalist,CRS,JSS1B,ROOM-JSS1B,1,Thursday,8:40,11:20,4,8:40,1.39
SCH-105-LSN-0024,SCH-105,TCH-01367,overworked_generalist,PHE,JSS2A,ROOM-JSS2A,1,Thursday,11:40,14:20,4,11:40,1.49
SCH-105-LSN-0025,SCH-105,TCH-01367,overworked_generalist,CRS,JSS1B,ROOM-JSS1B,1,Tuesday,11:40,14:20,4,11:40,1.32
SCH-105-LSN-0026,SCH-105,TCH-01367,overworked_generalist,Basic Technology,SS3B,WORKSHOP-01,1,Wednesday,9:20,12:20,4,9:20,1.3
SCH-105-LSN-0027,SCH-105,TCH-01367,overworked_generalist,Basic Technology,SS2A,ROOM-SS2A,0,Monday,8:00,10:40,4,8:00,0.5
SCH-105-LSN-0028,SCH-105,TCH-01368,overworked_generalist,PHE,JSS2A,ROOM-JSS2A,1,Tuesday,10:40,13:40,4,10:40,1.42
SCH-105-LSN-0029,SCH-105,TCH-01368,overworked_generalist,CRS,JSS3B,ROOM-JSS3B,1,Wednesday,8:00,10:40,4,8:00,1.38
SCH-105-LSN-0030,SCH-105,TCH-01368,overworked_generalist,Basic Technology,JSS2A,ROOM-JSS2A,0,Wednesday,11:40,14:20,4,11:40,1.43
SCH-105-LSN-0031,SCH-105,TCH-01368,overworked_generalist,PHE,SS2A,ROOM-SS2A,1,Monday,10:40,13:40,4,10:40,1.41
SCH-105-LSN-0032,SCH-105,TCH-01368,overworked_generalist,PHE,JSS2B,ROOM-JSS2B,1,Thursday,10:00,13:00,4,10:00,1.5
SCH-105-LSN-0033,SCH-105,TCH-01368,overworked_generalist,Basic Technology,SS3A,ROOM-SS3A,0,Tuesday,8:00,10:40,4,8:00,1.34
SCH-105-LSN-0034,SCH-105,TCH-01368,overworked_generalist,Basic Technology,JSS1B,ROOM-JSS1B,0,Monday,8:00,10:40,4,8:00,1.19
SCH-105-LSN-0035,SCH-105,TCH-01368,overworked_generalist,CRS,SS1A,ROOM-SS1A,1,Friday,8:40,11:20,4,8:40,0.86
SCH-105-LSN-0036,SCH-105,TCH-01369,overworked_generalist,CRS,JSS3A,ROOM-JSS3A,1,Tuesday,8:40,11:20,4,8:40,1.27
SCH-105-LSN-0037,SCH-105,TCH-01369,overworked_generalist,CRS,JSS2A,ROOM-JSS2A,1,Monday,8:00,10:40,4,8:00,1.2
SCH-105-LSN-0038,SCH-105,TCH-01369,overworked_generalist,PHE,JSS1B,ROOM-JSS1B,1,Monday,11:40,14:20,4,11:40,1.29
SCH-105-LSN-0039,SCH-105,TCH-01369,overworked_generalist,Basic Technology,JSS2A,WORKSHOP-01,1,Wednesday,8:40,11:20,4,8:40,1.41
SCH-105-LSN-0040,SCH-105,TCH-01369,overworked_generalist,CRS,SS1A,ROOM-SS1A,1,Thursday,9:20,12:20,4,9:20,1.3
SCH-105-LSN-0041,SCH-105,TCH-01369,overworked_generalist,CRS,SS1A,ROOM-SS1A,1,Wednesday,11:40,14:20,4,11:40,1.28
SCH-105-LSN-0042,SCH-105,TCH-01370,veteran_staff_room_boss,Chemistry,SS3A,SCI-LAB-01,1,Monday,10:00,10:40,1,10:00,4
SCH-105-LSN-0043,SCH-105,TCH-01370,veteran_staff_room_boss,Chemistry,SS3A,SCI-LAB-01,1,Wednesday,8:40,9:20,1,8:40,4
SCH-105-LSN-0044,SCH-105,TCH-01370,veteran_staff_room_boss,Biology,SS3A,SCI-LAB-01,1,Wednesday,9:20,10:00,1,9:20,4
SCH-105-LSN-0045,SCH-105,TCH-01370,veteran_staff_room_boss,Biology,SS2B,SCI-LAB-01,1,Tuesday,8:40,9:20,1,8:40,4
SCH-105-LSN-0046,SCH-105,TCH-01370,veteran_staff_room_boss,Chemistry,SS3B,SCI-LAB-01,1,Tuesday,10:00,10:40,1,10:00,4
SCH-105-LSN-0047,SCH-105,TCH-01370,veteran_staff_room_boss,Chemistry,SS3B,SCI-LAB-01,1,Thursday,8:40,9:20,1,8:40,4
SCH-105-LSN-0048,SCH-105,TCH-01370,veteran_staff_room_boss,Chemistry,SS1B,SCI-LAB-01,1,Thursday,9:20,10:00,1,9:20,4
SCH-105-LSN-0049,SCH-105,TCH-01370,veteran_staff_room_boss,Biology,SS2B,SCI-LAB-01,1,Wednesday,10:00,10:40,1,10:00,4
SCH-105-LSN-0050,SCH-105,TCH-01371,overworked_generalist,Basic Technology,JSS2B,WORKSHOP-01,1,Wednesday,10:40,13:40,4,10:40,1.49
SCH-105-LSN-0051,SCH-105,TCH-01371,overworked_generalist,PHE,SS3A,ROOM-SS3A,1,Thursday,10:40,13:40,4,10:40,1.42
SCH-105-LSN-0052,SCH-105,TCH-01371,overworked_generalist,PHE,JSS2B,ROOM-JSS2B,1,Friday,8:40,11:20,4,8:40,1.45
SCH-105-LSN-0053,SCH-105,TCH-01371,overworked_generalist,PHE,JSS3A,ROOM-JSS3A,1,Wednesday,8:00,10:40,4,8:00,1.49
SCH-105-LSN-0054,SCH-105,TCH-01371,overworked_generalist,PHE,JSS1B,ROOM-JSS1B,1,Tuesday,8:40,11:20,4,8:40,1.11
SCH-105-LSN-0055,SCH-105,TCH-01371,overworked_generalist,Basic Technology,JSS3B,ROOM-JSS3B,0,Monday,8:00,10:40,4,8:00,1.46
SCH-105-LSN-0056,SCH-105,TCH-01372,nysc_corper,Basic Science,JSS1A,ROOM-JSS1A,1,Tuesday,13:00,13:40,1,13:00,4.5
SCH-105-LSN-0057,SCH-105,TCH-01372,nysc_corper,Basic Science,JSS1A,ROOM-JSS1A,1,Tuesday,13:40,14:20,1,13:40,4.5
SCH-105-LSN-0058,SCH-105,TCH-01373,overworked_generalist,PHE,SS2B,ROOM-SS2B,1,Tuesday,10:00,13:40,5,10:00,1.4
SCH-105-LSN-0059,SCH-105,TCH-01373,overworked_generalist,Basic Technology,JSS1B,ROOM-JSS1B,0,Wednesday,10:00,13:40,5,10:00,1.21
SCH-105-LSN-0060,SCH-105,TCH-01373,overworked_generalist,Basic Technology,JSS3B,ROOM-JSS3B,0,Thursday,10:00,13:40,5,10:00,1.49
SCH-105-LSN-0061,SCH-105,TCH-01373,overworked_generalist,PHE,SS1A,ROOM-SS1A,1,Monday,10:00,13:40,5,10:00,1.48
SCH-105-LSN-0062,SCH-105,TCH-01373,overworked_generalist,Basic Technology,SS2B,ROOM-SS2B,0,Friday,8:40,12:20,5,8:40,1.34
SCH-105-LSN-0063,SCH-105,TCH-01374,veteran_staff_room_boss,Further Mathematics,SS2A,ROOM-SS2A,1,Tuesday,8:40,9:20,1,8:40,4
SCH-105-LSN-0064,SCH-105,TCH-01374,veteran_staff_room_boss,Biology,SS1B,SCI-LAB-01,1,Monday,8:40,9:20,1,8:40,4
SCH-105-LSN-0065,SCH-105,TCH-01374,veteran_staff_room_boss,Further Mathematics,SS3B,ROOM-SS3B,1,Wednesday,8:40,9:20,1,8:40,4
SCH-105-LSN-0066,SCH-105,TCH-01374,veteran_staff_room_boss,Biology,SS2B,SCI-LAB-01,1,Monday,9:20,10:00,1,9:20,4
SCH-105-LSN-0067,SCH-105,TCH-01374,veteran_staff_room_boss,Further Mathematics,SS2B,ROOM-SS2B,1,Monday,10:00,10:40,1,10:00,4
SCH-105-LSN-0068,SCH-105,TCH-01374,veteran_staff_room_boss,Further Mathematics,SS2B,ROOM-SS2B,1,Tuesday,9:20,10:00,1,9:20,4
SCH-105-LSN-0069,SCH-105,TCH-01374,veteran_staff_room_boss,Biology,SS1B,SCI-LAB-01,1,Thursday,8:00,8:40,1,8:00,0
SCH-105-LSN-0070,SCH-105,TCH-01374,veteran_staff_room_boss,Further Mathematics,SS3A,ROOM-SS3A,1,Wednesday,10:00,10:40,1,10:00,4
SCH-105-LSN-0071,SCH-105,TCH-01375,hustling_subject_specialist,Further Mathematics,SS1B,ROOM-SS1B,1,Tuesday,8:00,10:00,3,8:00,4
SCH-105-LSN-0072,SCH-105,TCH-01375,hustling_subject_specialist,Further Mathematics,SS1A,ROOM-SS1A,1,Monday,8:00,10:00,3,8:00,4
SCH-105-LSN-0073,SCH-105,TCH-01375,hustling_subject_specialist,Physics,SS1A,SCI-LAB-01,1,Tuesday,10:40,13:00,3,10:40,4
SCH-105-LSN-0074,SCH-105,TCH-01375,hustling_subject_specialist,Further Mathematics,SS2A,ROOM-SS2A,1,Thursday,11:40,13:40,3,11:40,0
SCH-106-LSN-0001,SCH-106,TCH-01376,nysc_corper,Basic Science,JSS3B,ROOM-JSS3B,1,Tuesday,13:00,13:40,1,13:00,4.5
SCH-106-LSN-0002,SCH-106,TCH-01376,nysc_corper,Basic Science,JSS3A,ROOM-JSS3A,1,Tuesday,13:40,14:20,1,13:40,4.5
SCH-106-LSN-0003,SCH-106,TCH-01376,nysc_corper,Basic Science,JSS3A,ROOM-JSS3A,1,Wednesday,13:00,13:40,1,13:00,4.5
SCH-106-LSN-0004,SCH-106,TCH-01377,hustling_subject_specialist,Physics,SS1B,SCI-LAB-01,1,Monday,8:00,10:00,3,8:00,4
SCH-106-LSN-0005,SCH-106,TCH-01377,hustling_subject_specialist,Physics,SS1A,SCI-LAB-01,1,Monday,10:00,12:20,3,10:00,4
SCH-106-LSN-0006,SCH-106,TCH-01377,hustling_subject_specialist,Physics,SS2A,SCI-LAB-01,1,Thursday,8:00,10:00,3,8:00,4
SCH-106-LSN-0007,SCH-106,TCH-01377,hustling_subject_specialist,Economics,SS1A,ROOM-SS1A,1,Thursday,10:00,12:20,3,10:00,4
SCH-106-LSN-0008,SCH-106,TCH-01377,hustling_subject_specialist,Economics,SS1B,ROOM-SS1B,1,Monday,12:20,14:20,3,12:20,-4
SCH-106-LSN-0009,SCH-106,TCH-01377,hustling_subject_specialist,Economics,SS2A,ROOM-SS2A,1,Thursday,12:20,14:20,3,12:20,-4
SCH-106-LSN-0010,SCH-106,TCH-01378,overworked_generalist,PHE,SS1A,ROOM-SS1A,1,Tuesday,12:20,14:20,3,12:20,1.47
SCH-106-LSN-0011,SCH-106,TCH-01378,overworked_generalist,CRS,JSS1B,ROOM-JSS1B,1,Monday,12:20,14:20,3,12:20,1.41
SCH-106-LSN-0012,SCH-106,TCH-01378,overworked_generalist,PHE,SS3A,ROOM-SS3A,1,Thursday,10:00,12:20,3,10:00,1.41
SCH-106-LSN-0013,SCH-106,TCH-01378,overworked_generalist,CRS,JSS2B,ROOM-JSS2B,1,Tuesday,8:40,10:40,3,8:40,1.5
SCH-106-LSN-0014,SCH-106,TCH-01378,overworked_generalist,CRS,SS3B,ROOM-SS3B,1,Thursday,12:20,14:20,3,12:20,1.4
SCH-106-LSN-0015,SCH-106,TCH-01378,overworked_generalist,CRS,SS1B,ROOM-SS1B,1,Wednesday,10:40,13:00,3,10:40,1.5
SCH-106-LSN-0016,SCH-106,TCH-01378,overworked_generalist,PHE,SS2B,ROOM-SS2B,1,Friday,8:00,10:00,3,8:00,1.47
SCH-106-LSN-0017,SCH-106,TCH-01378,overworked_generalist,CRS,SS1B,ROOM-SS1B,1,Wednesday,8:00,10:00,3,8:00,1.38
SCH-106-LSN-0018,SCH-106,TCH-01379,overworked_generalist,Basic Technology,SS1B,ROOM-SS1B,0,Thursday,9:20,12:20,4,9:20,1.48
SCH-106-LSN-0019,SCH-106,TCH-01379,overworked_generalist,Basic Technology,JSS3A,ROOM-JSS3A,0,Monday,10:00,13:00,4,10:00,1.49
SCH-106-LSN-0020,SCH-106,TCH-01379,overworked_generalist,Basic Technology,SS3A,ROOM-SS3A,0,Tuesday,9:20,12:20,4,9:20,1.41
SCH-106-LSN-0021,SCH-106,TCH-01379,overworked_generalist,Basic Technology,SS3A,ROOM-SS3A,0,Wednesday,10:00,13:00,4,10:00,1.44
SCH-106-LSN-0022,SCH-106,TCH-01379,overworked_generalist,PHE,JSS1B,ROOM-JSS1B,1,Friday,9:20,12:20,4,9:20,1.32
SCH-106-LSN-0023,SCH-106,TCH-01380,nysc_corper,Civic Education,JSS3B,ROOM-JSS3B,1,Monday,13:00,13:40,1,13:00,4.5
SCH-106-LSN-0024,SCH-106,TCH-01380,nysc_corper,Civic Education,JSS3B,ROOM-JSS3B,1,Monday,13:40,14:20,1,13:40,4.5
SCH-106-LSN-0025,SCH-106,TCH-01380,nysc_corper,Civic Education,JSS1A,ROOM-JSS1A,1,Tuesday,13:00,13:40,1,13:00,4.5
SCH-106-LSN-0026,SCH-106,TCH-01380,nysc_corper,Civic Education,JSS3A,ROOM-JSS3A,1,Wednesday,13:40,14:20,1,13:40,4.5
SCH-106-LSN-0027,SCH-106,TCH-01381,hustling_subject_specialist,Economics,SS1B,ROOM-SS1B,1,Thursday,12:20,14:20,3,12:20,-4
SCH-106-LSN-0028,SCH-106,TCH-01381,hustling_subject_specialist,Economics,SS2A,ROOM-SS2A,1,Wednesday,8:00,10:00,3,8:00,4
SCH-106-LSN-0029,SCH-106,TCH-01381,hustling_subject_specialist,Economics,SS3B,ROOM-SS3B,1,Wednesday,10:00,12:20,3,10:00,4
SCH-106-LSN-0030,SCH-106,TCH-01382,nysc_corper,Basic Science,JSS1A,ROOM-JSS1A,1,Tuesday,13:40,14:20,1,13:40,4.5
SCH-106-LSN-0031,SCH-106,TCH-01382,nysc_corper,Basic Science,JSS2B,ROOM-JSS2B,1,Tuesday,13:00,13:40,1,13:00,4.5
SCH-106-LSN-0032,SCH-106,TCH-01382,nysc_corper,Basic Science,JSS3A,ROOM-JSS3A,1,Thursday,13:00,13:40,1,13:00,4.5
SCH-106-LSN-0033,SCH-106,TCH-01382,nysc_corper,Basic Science,JSS1A,ROOM-JSS1A,1,Wednesday,13:00,13:40,1,13:00,4.5
SCH-106-LSN-0034,SCH-106,TCH-01383,nysc_corper,Basic Science,JSS2A,ROOM-JSS2A,1,Monday,13:00,13:40,1,13:00,4.5
SCH-106-LSN-0035,SCH-106,TCH-01383,nysc_corper,Civic Education,JSS2A,ROOM-JSS2A,1,Monday,13:40,14:20,1,13:40,4.5
SCH-106-LSN-0036,SCH-106,TCH-01383,nysc_corper,Civic Education,JSS1A,ROOM-JSS1A,1,Wednesday,13:40,14:20,1,13:40,4.5
SCH-106-LSN-0037,SCH-106,TCH-01383,nysc_corper,Civic Education,JSS1B,ROOM-JSS1B,1,Tuesday,13:00,13:40,1,13:00,4.5
SCH-106-LSN-0038,SCH-106,TCH-01383,nysc_corper,Civic Education,JSS3B,ROOM-JSS3B,1,Tuesday,13:40,14:20,1,13:40,4.5
SCH-106-LSN-0039,SCH-106,TCH-01383,nysc_corper,Basic Science,JSS2B,ROOM-JSS2B,1,Wednesday,13:00,13:40,1,13:00,4.5
SCH-106-LSN-0040,SCH-106,TCH-01383,nysc_corper,Basic Science,JSS2B,ROOM-JSS2B,1,Thursday,13:00,13:40,1,13:00,4.5
SCH-106-LSN-0041,SCH-106,TCH-01383,nysc_corper,Civic Education,JSS1A,ROOM-JSS1A,1,Thursday,13:40,14:20,1,13:40,4.5
SCH-106-LSN-0042,SCH-106,TCH-01384,veteran_staff_room_boss,Physics,SS3A,SCI-LAB-01,1,Monday,8:40,10:00,2,8:40,4
SCH-106-LSN-0043,SCH-106,TCH-01384,veteran_staff_room_boss,Physics,SS1B,SCI-LAB-01,1,Monday,10:00,11:20,2,10:00,4
SCH-106-LSN-0044,SCH-106,TCH-01385,overworked_generalist,CRS,JSS3B,ROOM-JSS3B,1,Thursday,10:40,14:20,5,10:40,1.38
SCH-106-LSN-0045,SCH-106,TCH-01385,overworked_generalist,PHE,JSS3A,ROOM-JSS3A,1,Wednesday,8:40,12:20,5,8:40,1.42
SCH-106-LSN-0046,SCH-106,TCH-01385,overworked_generalist,CRS,SS3B,ROOM-SS3B,1,Friday,8:00,11:20,5,8:00,1.42
SCH-106-LSN-0047,SCH-106,TCH-01385,overworked_generalist,CRS,SS1B,ROOM-SS1B,1,Tuesday,9:20,13:00,5,9:20,1.13
SCH-106-LSN-0048,SCH-106,TCH-01385,overworked_generalist,PHE,JSS2B,ROOM-JSS2B,1,Monday,10:40,14:20,5,10:40,1.5
SCH-106-LSN-0049,SCH-106,TCH-01386,hustling_subject_specialist,Physics,SS2B,SCI-LAB-01,1,Tuesday,8:00,10:00,3,8:00,4
SCH-106-LSN-0050,SCH-106,TCH-01386,hustling_subject_specialist,Physics,SS3B,SCI-LAB-01,1,Tuesday,10:00,12:20,3,10:00,4
SCH-106-LSN-0051,SCH-106,TCH-01386,hustling_subject_specialist,Physics,SS2A,SCI-LAB-01,1,Thursday,10:00,12:20,3,10:00,4
SCH-107-LSN-0001,SCH-107,TCH-01387,nysc_corper,Basic Science,JSS1A,ROOM-JSS1A,1,Monday,13:00,13:40,1,13:00,4.5
SCH-107-LSN-0002,SCH-107,TCH-01387,nysc_corper,Basic Science,JSS2A,ROOM-JSS2A,1,Monday,13:40,14:20,1,13:40,4.5
SCH-107-LSN-0003,SCH-107,TCH-01387,nysc_corper,Basic Science,JSS2A,ROOM-JSS2A,1,Wednesday,13:00,13:40,1,13:00,4.5
SCH-107-LSN-0004,SCH-107,TCH-01387,nysc_corper,Basic Science,JSS1B,ROOM-JSS1B,1,Wednesday,13:40,14:20,1,13:40,4.5
SCH-107-LSN-0005,SCH-107,TCH-01388,overworked_generalist,Basic Technology,SS1A,WORKSHOP-01,1,Friday,10:00,12:20,3,10:00,1.5
SCH-107-LSN-0006,SCH-107,TCH-01388,overworked_generalist,PHE,JSS3B,ROOM-JSS3B,1,Tuesday,9:20,11:20,3,9:20,1.48
SCH-107-LSN-0007,SCH-107,TCH-01388,overworked_generalist,PHE,JSS2B,ROOM-JSS2B,1,Thursday,10:00,12:20,3,10:00,1.44
SCH-107-LSN-0008,SCH-107,TCH-01388,overworked_generalist,PHE,SS2B,ROOM-SS2B,1,Monday,8:40,10:40,3,8:40,1.46
SCH-107-LSN-0009,SCH-107,TCH-01388,overworked_generalist,PHE,JSS3A,ROOM-JSS3A,1,Friday,8:00,10:00,3,8:00,1.4
SCH-107-LSN-0010,SCH-107,TCH-01388,overworked_generalist,PHE,SS1B,ROOM-SS1B,1,Wednesday,12:20,14:20,3,12:20,1.33
SCH-107-LSN-0011,SCH-107,TCH-01389,nysc_corper,Basic Science,JSS2B,ROOM-JSS2B,1,Monday,13:00,13:40,1,13:00,4.5
SCH-107-LSN-0012,SCH-107,TCH-01389,nysc_corper,Basic Science,JSS2B,ROOM-JSS2B,1,Monday,13:40,14:20,1,13:40,4.5
SCH-107-LSN-0013,SCH-107,TCH-01389,nysc_corper,Basic Science,JSS3B,ROOM-JSS3B,1,Wednesday,13:00,13:40,1,13:00,4.5
SCH-107-LSN-0014,SCH-107,TCH-01389,nysc_corper,Basic Science,JSS1B,ROOM-JSS1B,1,Thursday,13:00,13:40,1,13:00,4.5
SCH-107-LSN-0015,SCH-107,TCH-01390,veteran_staff_room_boss,Physics,SS2A,SCI-LAB-01,1,Monday,8:40,9:20,1,8:40,4
SCH-107-LSN-0016,SCH-107,TCH-01390,veteran_staff_room_boss,Physics,SS2A,SCI-LAB-01,1,Monday,9:20,10:00,1,9:20,4
SCH-107-LSN-0017,SCH-107,TCH-01390,veteran_staff_room_boss,Physics,SS3B,SCI-LAB-01,1,Monday,10:00,10:40,1,10:00,4
SCH-107-LSN-0018,SCH-107,TCH-01391,veteran_staff_room_boss,Biology,SS3B,SCI-LAB-01,1,Tuesday,8:40,10:00,2,8:40,4
SCH-107-LSN-0019,SCH-107,TCH-01391,veteran_staff_room_boss,Further Mathematics,SS3A,ROOM-SS3A,1,Monday,8:40,10:00,2,8:40,4
SCH-107-LSN-0020,SCH-107,TCH-01391,veteran_staff_room_boss,Biology,SS2A,SCI-LAB-01,1,Tuesday,10:00,11:20,2,10:00,4
SCH-107-LSN-0021,SCH-107,TCH-01391,veteran_staff_room_boss,Biology,SS1B,SCI-LAB-01,1,Wednesday,8:40,10:00,2,8:40,4
SCH-107-LSN-0022,SCH-107,TCH-01391,veteran_staff_room_boss,Further Mathematics,SS1A,ROOM-SS1A,1,Monday,10:00,11:20,2,10:00,4
SCH-107-LSN-0023,SCH-107,TCH-01391,veteran_staff_room_boss,Further Mathematics,SS2B,ROOM-SS2B,1,Wednesday,10:00,11:20,2,10:00,4
SCH-107-LSN-0024,SCH-107,TCH-01392,overworked_generalist,PHE,SS2B,ROOM-SS2B,1,Friday,8:40,10:40,3,8:40,1.49
SCH-107-LSN-0025,SCH-107,TCH-01392,overworked_generalist,PHE,SS1B,ROOM-SS1B,1,Monday,9:20,11:20,3,9:20,1.38
SCH-107-LSN-0026,SCH-107,TCH-01392,overworked_generalist,Basic Technology,JSS1B,WORKSHOP-01,1,Wednesday,10:00,12:20,3,10:00,1.48
SCH-107-LSN-0027,SCH-107,TCH-01392,overworked_generalist,Basic Technology,JSS1B,WORKSHOP-01,1,Tuesday,10:40,13:00,3,10:40,1.47
SCH-107-LSN-0028,SCH-107,TCH-01393,overworked_generalist,PHE,SS2B,ROOM-SS2B,1,Thursday,10:00,12:20,3,10:00,1.24
SCH-107-LSN-0029,SCH-107,TCH-01393,overworked_generalist,PHE,JSS1B,ROOM-JSS1B,1,Friday,8:40,10:40,3,8:40,1.33
SCH-107-LSN-0030,SCH-107,TCH-01393,overworked_generalist,PHE,JSS1A,ROOM-JSS1A,1,Monday,10:00,12:20,3,10:00,1.49
SCH-107-LSN-0031,SCH-107,TCH-01393,overworked_generalist,CRS,JSS2B,ROOM-JSS2B,1,Wednesday,12:20,14:20,3,12:20,1.46
SCH-107-LSN-0032,SCH-107,TCH-01393,overworked_generalist,Basic Technology,SS2B,ROOM-SS2B,0,Tuesday,10:40,13:00,3,10:40,1.48
SCH-107-LSN-0033,SCH-107,TCH-01393,overworked_generalist,PHE,SS3B,ROOM-SS3B,1,Wednesday,10:00,12:20,3,10:00,1.46
SCH-107-LSN-0034,SCH-107,TCH-01394,hustling_subject_specialist,Physics,SS2A,SCI-LAB-01,1,Monday,10:00,11:20,2,10:00,4
SCH-107-LSN-0035,SCH-107,TCH-01394,hustling_subject_specialist,Physics,SS3A,SCI-LAB-01,1,Thursday,8:00,9:20,2,8:00,4
SCH-107-LSN-0036,SCH-107,TCH-01394,hustling_subject_specialist,Further Mathematics,SS2B,ROOM-SS2B,1,Tuesday,8:00,9:20,2,8:00,4
SCH-107-LSN-0037,SCH-107,TCH-01394,hustling_subject_specialist,Physics,SS1A,SCI-LAB-01,1,Monday,8:00,9:20,2,8:00,4
SCH-107-LSN-0038,SCH-107,TCH-01395,overworked_generalist,CRS,SS2A,ROOM-SS2A,1,Wednesday,10:00,13:00,4,10:00,1.42
SCH-107-LSN-0039,SCH-107,TCH-01395,overworked_generalist,Basic Technology,SS3A,WORKSHOP-01,1,Monday,11:40,14:20,4,11:40,1.49
SCH-107-LSN-0040,SCH-107,TCH-01395,overworked_generalist,CRS,SS2A,ROOM-SS2A,1,Friday,8:40,11:20,4,8:40,1.31
SCH-107-LSN-0041,SCH-107,TCH-01395,overworked_generalist,Basic Technology,JSS3B,ROOM-JSS3B,0,Thursday,11:40,14:20,4,11:40,1.48
SCH-107-LSN-0042,SCH-107,TCH-01395,overworked_generalist,CRS,JSS2B,ROOM-JSS2B,1,Monday,8:40,11:20,4,8:40,1.45
SCH-107-LSN-0043,SCH-107,TCH-01395,overworked_generalist,Basic Technology,SS1B,ROOM-SS1B,0,Tuesday,9:20,12:20,4,9:20,1.46
SCH-107-LSN-0044,SCH-107,TCH-01396,hustling_subject_specialist,Physics,SS2A,ROOM-SS2A,0,Monday,11:40,13:40,3,11:40,0
SCH-107-LSN-0045,SCH-107,TCH-01396,hustling_subject_specialist,Economics,SS1B,ROOM-SS1B,1,Wednesday,10:00,12:20,3,10:00,4
SCH-107-LSN-0046,SCH-107,TCH-01396,hustling_subject_specialist,Physics,SS3B,SCI-LAB-01,1,Monday,8:00,10:00,3,8:00,4
SCH-107-LSN-0047,SCH-107,TCH-01396,hustling_subject_specialist,Physics,SS3A,SCI-LAB-01,1,Wednesday,12:20,14:20,3,12:20,-4
SCH-107-LSN-0048,SCH-107,TCH-01396,hustling_subject_specialist,Economics,SS3B,ROOM-SS3B,1,Wednesday,8:00,10:00,3,8:00,4
SCH-107-LSN-0049,SCH-107,TCH-01397,nysc_corper,Civic Education,JSS2B,ROOM-JSS2B,1,Tuesday,13:00,13:40,1,13:00,4.5
SCH-107-LSN-0050,SCH-107,TCH-01397,nysc_corper,Civic Education,JSS3B,ROOM-JSS3B,1,Tuesday,13:40,14:20,1,13:40,4.5
SCH-107-LSN-0051,SCH-107,TCH-01397,nysc_corper,Civic Education,JSS3B,ROOM-JSS3B,1,Wednesday,13:40,14:20,1,13:40,4.5
SCH-108-LSN-0001,SCH-108,TCH-01398,nysc_corper,Basic Science,JSS3B,ROOM-JSS3B,1,Tuesday,13:00,13:40,1,13:00,4.5
SCH-108-LSN-0002,SCH-108,TCH-01398,nysc_corper,Basic Science,JSS2A,ROOM-JSS2A,1,Tuesday,13:40,14:20,1,13:40,4.5
SCH-108-LSN-0003,SCH-108,TCH-01398,nysc_corper,Civic Education,JSS3A,ROOM-JSS3A,1,Wednesday,13:00,13:40,1,13:00,4.5
SCH-108-LSN-0004,SCH-108,TCH-01398,nysc_corper,Civic Education,JSS3A,ROOM-JSS3A,1,Wednesday,13:40,14:20,1,13:40,4.5
SCH-108-LSN-0005,SCH-108,TCH-01398,nysc_corper,Civic Education,JSS2A,ROOM-JSS2A,1,Thursday,13:00,13:40,1,13:00,4.5
SCH-108-LSN-0006,SCH-108,TCH-01398,nysc_corper,Civic Education,JSS1A,ROOM-JSS1A,1,Thursday,13:40,14:20,1,13:40,4.5
SCH-108-LSN-0007,SCH-108,TCH-01399,hustling_subject_specialist,Physics,SS3A,SCI-LAB-01,1,Monday,8:00,10:00,3,8:00,4
SCH-108-LSN-0008,SCH-108,TCH-01399,hustling_subject_specialist,Physics,SS1A,SCI-LAB-01,1,Monday,10:00,12:20,3,10:00,4
SCH-108-LSN-0009,SCH-108,TCH-01399,hustling_subject_specialist,Physics,SS2A,SCI-LAB-01,1,Tuesday,8:00,10:00,3,8:00,4
SCH-108-LSN-0010,SCH-108,TCH-01399,hustling_subject_specialist,Physics,SS1A,SCI-LAB-01,1,Tuesday,10:00,12:20,3,10:00,4
SCH-108-LSN-0011,SCH-108,TCH-01400,overworked_generalist,PHE,SS3A,ROOM-SS3A,1,Friday,9:20,12:20,4,9:20,1.47
SCH-108-LSN-0012,SCH-108,TCH-01400,overworked_generalist,PHE,JSS3B,ROOM-JSS3B,1,Monday,8:00,10:40,4,8:00,1.42
SCH-108-LSN-0013,SCH-108,TCH-01400,overworked_generalist,Basic Technology,JSS3B,ROOM-JSS3B,0,Thursday,8:40,11:20,4,8:40,1.33
SCH-108-LSN-0014,SCH-108,TCH-01400,overworked_generalist,PHE,JSS2B,ROOM-JSS2B,1,Tuesday,10:40,13:40,4,10:40,1.45
SCH-108-LSN-0015,SCH-108,TCH-01401,hustling_subject_specialist,Economics,SS1A,ROOM-SS1A,1,Wednesday,8:00,10:00,3,8:00,4
SCH-108-LSN-0016,SCH-108,TCH-01401,hustling_subject_specialist,Economics,SS2A,ROOM-SS2A,1,Wednesday,10:00,12:20,3,10:00,4
SCH-108-LSN-0017,SCH-108,TCH-01401,hustling_subject_specialist,Further Mathematics,SS1A,ROOM-SS1A,1,Thursday,8:00,10:00,3,8:00,4
SCH-108-LSN-0018,SCH-108,TCH-01401,hustling_subject_specialist,Further Mathematics,SS3A,ROOM-SS3A,1,Thursday,10:00,12:20,3,10:00,4
SCH-108-LSN-0019,SCH-108,TCH-01401,hustling_subject_specialist,Economics,SS2A,ROOM-SS2A,1,Wednesday,12:20,14:20,3,12:20,-4
SCH-108-LSN-0020,SCH-108,TCH-01401,hustling_subject_specialist,Further Mathematics,SS3B,ROOM-SS3B,1,Thursday,12:20,14:20,3,12:20,-4
SCH-108-LSN-0021,SCH-108,TCH-01402,nysc_corper,Basic Science,JSS3A,ROOM-JSS3A,1,Monday,13:00,13:40,1,13:00,4.5
SCH-108-LSN-0022,SCH-108,TCH-01402,nysc_corper,Basic Science,JSS1A,ROOM-JSS1A,1,Monday,13:40,14:20,1,13:40,4.5
SCH-108-LSN-0023,SCH-108,TCH-01402,nysc_corper,Basic Science,JSS2B,ROOM-JSS2B,1,Tuesday,13:40,14:20,1,13:40,4.5
SCH-108-LSN-0024,SCH-108,TCH-01402,nysc_corper,Civic Education,JSS1B,ROOM-JSS1B,1,Tuesday,13:00,13:40,1,13:00,4.5
SCH-108-LSN-0025,SCH-108,TCH-01402,nysc_corper,Civic Education,JSS3A,ROOM-JSS3A,1,Monday,8:00,8:40,1,8:00,0
SCH-108-LSN-0026,SCH-108,TCH-01402,nysc_corper,Basic Science,JSS2A,ROOM-JSS2A,1,Wednesday,13:00,13:40,1,13:00,4.5
SCH-108-LSN-0027,SCH-108,TCH-01403,overworked_generalist,Basic Technology,SS2B,ROOM-SS2B,0,Thursday,12:20,14:20,3,12:20,1.49
SCH-108-LSN-0028,SCH-108,TCH-01403,overworked_generalist,Basic Technology,SS2A,ROOM-SS2A,0,Monday,11:40,13:40,3,11:40,1.41
SCH-108-LSN-0029,SCH-108,TCH-01403,overworked_generalist,PHE,JSS1B,ROOM-JSS1B,1,Friday,10:00,12:20,3,10:00,1.25
SCH-108-LSN-0030,SCH-108,TCH-01403,overworked_generalist,PHE,JSS2B,ROOM-JSS2B,1,Thursday,10:00,12:20,3,10:00,1.47
SCH-108-LSN-0031,SCH-108,TCH-01403,overworked_generalist,Basic Technology,SS1B,ROOM-SS1B,0,Tuesday,10:00,12:20,3,10:00,1.48
SCH-108-LSN-0032,SCH-108,TCH-01403,overworked_generalist,Basic Technology,SS1A,ROOM-SS1A,0,Wednesday,10:00,12:20,3,10:00,1.39
SCH-108-LSN-0033,SCH-108,TCH-01403,overworked_generalist,Basic Technology,JSS3B,ROOM-JSS3B,0,Tuesday,8:00,10:00,3,8:00,1.49
SCH-108-LSN-0034,SCH-108,TCH-01403,overworked_generalist,PHE,SS3A,ROOM-SS3A,1,Wednesday,8:00,10:00,3,8:00,1.3
SCH-108-LSN-0035,SCH-108,TCH-01404,overworked_generalist,CRS,SS3A,ROOM-SS3A,1,Monday,11:40,14:20,4,11:40,1.45
SCH-108-LSN-0036,SCH-108,TCH-01404,overworked_generalist,PHE,JSS3A,ROOM-JSS3A,1,Wednesday,10:00,13:00,4,10:00,1.48
SCH-108-LSN-0037,SCH-108,TCH-01404,overworked_generalist,CRS,SS3A,ROOM-SS3A,1,Tuesday,9:20,12:20,4,9:20,1.32
SCH-108-LSN-0038,SCH-108,TCH-01404,overworked_generalist,CRS,JSS1B,ROOM-JSS1B,1,Thursday,10:40,13:40,4,10:40,1.49
SCH-108-LSN-0039,SCH-108,TCH-01405,overworked_generalist,Basic Technology,JSS1B,WORKSHOP-01,1,Monday,9:20,13:00,5,9:20,1.43
SCH-108-LSN-0040,SCH-108,TCH-01405,overworked_generalist,Basic Technology,JSS3A,ROOM-JSS3A,0,Friday,8:40,12:20,5,8:40,1.41
SCH-108-LSN-0041,SCH-108,TCH-01405,overworked_generalist,Basic Technology,SS2A,ROOM-SS2A,0,Thursday,8:00,11:20,5,8:00,1.48
SCH-108-LSN-0042,SCH-108,TCH-01405,overworked_generalist,Basic Technology,SS3B,ROOM-SS3B,0,Wednesday,10:00,13:40,5,10:00,1.25
SCH-108-LSN-0043,SCH-108,TCH-01405,overworked_generalist,PHE,JSS1A,ROOM-JSS1A,1,Tuesday,8:40,12:20,5,8:40,1.4
SCH-108-LSN-0044,SCH-108,TCH-01406,overworked_generalist,CRS,JSS2B,ROOM-JSS2B,1,Monday,11:40,13:40,3,11:40,1.49
SCH-108-LSN-0045,SCH-108,TCH-01406,overworked_generalist,CRS,JSS2A,ROOM-JSS2A,1,Wednesday,10:40,13:00,3,10:40,1.45
SCH-108-LSN-0046,SCH-108,TCH-01406,overworked_generalist,Basic Technology,JSS3B,ROOM-JSS3B,0,Thursday,12:20,14:20,3,12:20,1.48
SCH-108-LSN-0047,SCH-108,TCH-01406,overworked_generalist,Basic Technology,JSS2A,WORKSHOP-01,1,Tuesday,9:20,11:20,3,9:20,1.4
SCH-108-LSN-0048,SCH-108,TCH-01407,veteran_staff_room_boss,Chemistry,SS3B,SCI-LAB-01,1,Wednesday,8:40,9:20,1,8:40,4
SCH-108-LSN-0049,SCH-108,TCH-01407,veteran_staff_room_boss,Chemistry,SS3A,SCI-LAB-01,1,Wednesday,10:00,10:40,1,10:00,4
SCH-108-LSN-0050,SCH-108,TCH-01407,veteran_staff_room_boss,Chemistry,SS3B,SCI-LAB-01,1,Thursday,8:40,9:20,1,8:40,4
SCH-108-LSN-0051,SCH-108,TCH-01408,hustling_subject_specialist,Physics,SS1B,SCI-LAB-01,1,Wednesday,10:40,12:20,2,10:40,4
SCH-108-LSN-0052,SCH-108,TCH-01408,hustling_subject_specialist,Physics,SS3B,SCI-LAB-01,1,Thursday,9:20,10:40,2,9:20,4
SCH-108-LSN-0053,SCH-108,TCH-01408,hustling_subject_specialist,Physics,SS1B,SCI-LAB-01,1,Thursday,10:40,12:20,2,10:40,4
SCH-109-LSN-0001,SCH-109,TCH-01409,veteran_staff_room_boss,Further Mathematics,SS3B,ROOM-SS3B,1,Monday,8:40,9:20,1,8:40,4
SCH-109-LSN-0002,SCH-109,TCH-01409,veteran_staff_room_boss,Further Mathematics,SS3A,ROOM-SS3A,1,Monday,9:20,10:00,1,9:20,4
SCH-109-LSN-0003,SCH-109,TCH-01410,nysc_corper,Civic Education,JSS3B,ROOM-JSS3B,1,Monday,13:00,13:40,1,13:00,4.5
SCH-109-LSN-0004,SCH-109,TCH-01410,nysc_corper,Basic Science,JSS3B,ROOM-JSS3B,1,Monday,13:40,14:20,1,13:40,4.5
SCH-109-LSN-0005,SCH-109,TCH-01410,nysc_corper,Basic Science,JSS1A,ROOM-JSS1A,1,Tuesday,13:00,13:40,1,13:00,4.5
SCH-109-LSN-0006,SCH-109,TCH-01410,nysc_corper,Civic Education,JSS2A,ROOM-JSS2A,1,Tuesday,13:40,14:20,1,13:40,4.5
SCH-109-LSN-0007,SCH-109,TCH-01411,overworked_generalist,CRS,JSS3A,ROOM-JSS3A,1,Wednesday,9:20,13:00,5,9:20,1.4
SCH-109-LSN-0008,SCH-109,TCH-01411,overworked_generalist,Basic Technology,JSS3B,ROOM-JSS3B,0,Tuesday,8:00,11:20,5,8:00,1.44
SCH-109-LSN-0009,SCH-109,TCH-01411,overworked_generalist,Basic Technology,JSS1B,WORKSHOP-01,1,Monday,9:20,13:00,5,9:20,1.31
SCH-109-LSN-0010,SCH-109,TCH-01411,overworked_generalist,Basic Technology,JSS3A,ROOM-JSS3A,0,Thursday,9:20,13:00,5,9:20,1.5
SCH-109-LSN-0011,SCH-109,TCH-01411,overworked_generalist,Basic Technology,JSS1B,ROOM-JSS1B,0,Friday,8:40,12:20,5,8:40,1.02
SCH-109-LSN-0012,SCH-109,TCH-01412,nysc_corper,Civic Education,JSS2A,ROOM-JSS2A,1,Monday,13:00,13:40,1,13:00,4.5
SCH-109-LSN-0013,SCH-109,TCH-01412,nysc_corper,Civic Education,JSS2A,ROOM-JSS2A,1,Monday,13:40,14:20,1,13:40,4.5
SCH-109-LSN-0014,SCH-109,TCH-01412,nysc_corper,Basic Science,JSS1B,ROOM-JSS1B,1,Wednesday,13:00,13:40,1,13:00,4.5
SCH-109-LSN-0015,SCH-109,TCH-01412,nysc_corper,Civic Education,JSS3A,ROOM-JSS3A,1,Wednesday,13:40,14:20,1,13:40,4.5
SCH-109-LSN-0016,SCH-109,TCH-01412,nysc_corper,Civic Education,JSS1B,ROOM-JSS1B,1,Thursday,13:00,13:40,1,13:00,4.5
SCH-109-LSN-0017,SCH-109,TCH-01412,nysc_corper,Civic Education,JSS3B,ROOM-JSS3B,1,Thursday,13:40,14:20,1,13:40,4.5
SCH-109-LSN-0018,SCH-109,TCH-01412,nysc_corper,Civic Education,JSS1A,ROOM-JSS1A,1,Monday,8:00,8:40,1,8:00,0
SCH-109-LSN-0019,SCH-109,TCH-01412,nysc_corper,Basic Science,JSS3A,ROOM-JSS3A,1,Monday,8:40,9:20,1,8:40,0
SCH-109-LSN-0020,SCH-109,TCH-01413,overworked_generalist,PHE,JSS3B,ROOM-JSS3B,1,Friday,8:40,12:20,5,8:40,1.47
SCH-109-LSN-0021,SCH-109,TCH-01413,overworked_generalist,PHE,SS1B,ROOM-SS1B,1,Tuesday,9:20,13:00,5,9:20,1.44
SCH-109-LSN-0022,SCH-109,TCH-01413,overworked_generalist,PHE,SS3A,ROOM-SS3A,1,Wednesday,10:40,14:20,5,10:40,1.38
SCH-109-LSN-0023,SCH-109,TCH-01413,overworked_generalist,PHE,JSS1B,ROOM-JSS1B,1,Thursday,9:20,13:00,5,9:20,1.45
SCH-109-LSN-0024,SCH-109,TCH-01414,overworked_generalist,Basic Technology,SS3B,ROOM-SS3B,0,Monday,11:40,13:40,3,11:40,1.45
SCH-109-LSN-0025,SCH-109,TCH-01414,overworked_generalist,PHE,JSS2B,ROOM-JSS2B,1,Friday,8:00,10:00,3,8:00,1.45
SCH-109-LSN-0026,SCH-109,TCH-01414,overworked_generalist,Basic Technology,SS3A,ROOM-SS3A,0,Tuesday,9:20,11:20,3,9:20,1.37
SCH-109-LSN-0027,SCH-109,TCH-01414,overworked_generalist,PHE,SS3B,ROOM-SS3B,1,Wednesday,9:20,11:20,3,9:20,1.5
SCH-109-LSN-0028,SCH-109,TCH-01414,overworked_generalist,PHE,JSS1A,ROOM-JSS1A,1,Thursday,9:20,11:20,3,9:20,1.42
SCH-109-LSN-0029,SCH-109,TCH-01414,overworked_generalist,PHE,JSS3A,ROOM-JSS3A,1,Monday,9:20,11:20,3,9:20,1.35
SCH-109-LSN-0030,SCH-109,TCH-01414,overworked_generalist,PHE,SS2A,ROOM-SS2A,1,Tuesday,12:20,14:20,3,12:20,1.47
SCH-109-LSN-0031,SCH-109,TCH-01414,overworked_generalist,Basic Technology,SS1B,WORKSHOP-01,1,Thursday,12:20,14:20,3,12:20,1.11
SCH-109-LSN-0032,SCH-109,TCH-01414,overworked_generalist,Basic Technology,JSS3A,ROOM-JSS3A,0,Friday,10:00,12:20,3,10:00,0.56
SCH-109-LSN-0033,SCH-109,TCH-01415,hustling_subject_specialist,Physics,SS3A,SCI-LAB-01,1,Wednesday,8:00,10:00,3,8:00,4
SCH-109-LSN-0034,SCH-109,TCH-01415,hustling_subject_specialist,Economics,SS3B,ROOM-SS3B,1,Tuesday,8:00,10:00,3,8:00,4
SCH-109-LSN-0035,SCH-109,TCH-01415,hustling_subject_specialist,Economics,SS3A,ROOM-SS3A,1,Tuesday,11:40,13:40,3,11:40,0
SCH-109-LSN-0036,SCH-109,TCH-01415,hustling_subject_specialist,Economics,SS1B,ROOM-SS1B,1,Wednesday,10:00,12:20,3,10:00,4
SCH-109-LSN-0037,SCH-109,TCH-01415,hustling_subject_specialist,Economics,SS3B,ROOM-SS3B,1,Wednesday,12:20,14:20,3,12:20,-4
SCH-109-LSN-0038,SCH-109,TCH-01416,overworked_generalist,PHE,JSS3B,ROOM-JSS3B,1,Wednesday,11:40,13:40,3,11:40,1.38
SCH-109-LSN-0039,SCH-109,TCH-01416,overworked_generalist,PHE,SS1A,ROOM-SS1A,1,Tuesday,10:00,12:20,3,10:00,1.42
SCH-109-LSN-0040,SCH-109,TCH-01416,overworked_generalist,PHE,SS2A,ROOM-SS2A,1,Friday,10:00,12:20,3,10:00,1.47
SCH-109-LSN-0041,SCH-109,TCH-01416,overworked_generalist,Basic Technology,JSS2B,WORKSHOP-01,1,Monday,9:20,11:20,3,9:20,1.48
SCH-109-LSN-0042,SCH-109,TCH-01417,hustling_subject_specialist,Physics,SS2B,SCI-LAB-01,1,Wednesday,8:00,10:00,3,8:00,4
SCH-109-LSN-0043,SCH-109,TCH-01417,hustling_subject_specialist,Physics,SS1B,SCI-LAB-01,1,Thursday,8:00,10:00,3,8:00,4
SCH-109-LSN-0044,SCH-109,TCH-01417,hustling_subject_specialist,Physics,SS1A,SCI-LAB-01,1,Wednesday,10:00,12:20,3,10:00,4
SCH-109-LSN-0045,SCH-109,TCH-01418,nysc_corper,Civic Education,JSS2A,ROOM-JSS2A,1,Tuesday,13:00,13:40,1,13:00,4.5
SCH-109-LSN-0046,SCH-109,TCH-01418,nysc_corper,Civic Education,JSS1A,ROOM-JSS1A,1,Tuesday,13:40,14:20,1,13:40,4.5
SCH-109-LSN-0047,SCH-109,TCH-01418,nysc_corper,Civic Education,JSS2A,ROOM-JSS2A,1,Wednesday,13:00,13:40,1,13:00,4.5
SCH-109-LSN-0048,SCH-109,TCH-01418,nysc_corper,Civic Education,JSS1B,ROOM-JSS1B,1,Wednesday,13:40,14:20,1,13:40,4.5
SCH-110-LSN-0001,SCH-110,TCH-01419,overworked_generalist,Basic Technology,SS2B,ROOM-SS2B,0,Tuesday,9:20,13:00,5,9:20,1.47
SCH-110-LSN-0002,SCH-110,TCH-01419,overworked_generalist,PHE,SS3B,ROOM-SS3B,1,Friday,8:40,12:20,5,8:40,1.45
SCH-110-LSN-0003,SCH-110,TCH-01419,overworked_generalist,Basic Technology,SS2B,ROOM-SS2B,0,Wednesday,10:40,14:20,5,10:40,1.42
SCH-110-LSN-0004,SCH-110,TCH-01419,overworked_generalist,Basic Technology,JSS3B,ROOM-JSS3B,0,Thursday,10:00,13:40,5,10:00,1.41
SCH-110-LSN-0005,SCH-110,TCH-01419,overworked_generalist,Basic Technology,JSS1A,ROOM-JSS1A,0,Monday,10:00,13:40,5,10:00,1.13
SCH-110-LSN-0006,SCH-110,TCH-01420,hustling_subject_specialist,Physics,SS2B,SCI-LAB-01,1,Monday,8:00,9:20,2,8:00,4
SCH-110-LSN-0007,SCH-110,TCH-01420,hustling_subject_specialist,Physics,SS2A,SCI-LAB-01,1,Monday,9:20,10:40,2,9:20,4
SCH-110-LSN-0008,SCH-110,TCH-01420,hustling_subject_specialist,Further Mathematics,SS2A,ROOM-SS2A,1,Monday,10:40,12:20,2,10:40,4
SCH-110-LSN-0009,SCH-110,TCH-01420,hustling_subject_specialist,Further Mathematics,SS1B,ROOM-SS1B,1,Tuesday,8:00,9:20,2,8:00,4
SCH-110-LSN-0010,SCH-110,TCH-01420,hustling_subject_specialist,Further Mathematics,SS1B,ROOM-SS1B,1,Tuesday,9:20,10:40,2,9:20,4
SCH-110-LSN-0011,SCH-110,TCH-01420,hustling_subject_specialist,Physics,SS3A,SCI-LAB-01,1,Tuesday,10:40,12:20,2,10:40,4
SCH-110-LSN-0012,SCH-110,TCH-01421,overworked_generalist,PHE,SS1A,ROOM-SS1A,1,Wednesday,11:40,14:20,4,11:40,1.46
SCH-110-LSN-0013,SCH-110,TCH-01421,overworked_generalist,PHE,JSS1B,ROOM-JSS1B,1,Friday,8:40,11:20,4,8:40,1.5
SCH-110-LSN-0014,SCH-110,TCH-01421,overworked_generalist,Basic Technology,JSS3A,ROOM-JSS3A,0,Thursday,8:00,10:40,4,8:00,1.29
SCH-110-LSN-0015,SCH-110,TCH-01421,overworked_generalist,Basic Technology,JSS2A,ROOM-JSS2A,0,Monday,10:00,13:00,4,10:00,1.37
SCH-110-LSN-0016,SCH-110,TCH-01421,overworked_generalist,PHE,JSS1A,ROOM-JSS1A,1,Tuesday,11:40,14:20,4,11:40,1.46
SCH-110-LSN-0017,SCH-110,TCH-01421,overworked_generalist,PHE,SS1B,ROOM-SS1B,1,Thursday,10:40,13:40,4,10:40,0.89
SCH-110-LSN-0018,SCH-110,TCH-01422,veteran_staff_room_boss,Further Mathematics,SS1A,ROOM-SS1A,1,Monday,8:40,10:00,2,8:40,4
SCH-110-LSN-0019,SCH-110,TCH-01422,veteran_staff_room_boss,Further Mathematics,SS2B,ROOM-SS2B,1,Monday,10:00,11:20,2,10:00,4
SCH-110-LSN-0020,SCH-110,TCH-01423,overworked_generalist,PHE,JSS2B,ROOM-JSS2B,1,Thursday,8:00,11:20,5,8:00,1.48
SCH-110-LSN-0021,SCH-110,TCH-01423,overworked_generalist,Basic Technology,SS3A,ROOM-SS3A,0,Monday,9:20,13:00,5,9:20,1.43
SCH-110-LSN-0022,SCH-110,TCH-01423,overworked_generalist,Basic Technology,SS3A,ROOM-SS3A,0,Wednesday,10:40,14:20,5,10:40,1.46
SCH-110-LSN-0023,SCH-110,TCH-01423,overworked_generalist,PHE,JSS2A,ROOM-JSS2A,1,Friday,8:40,12:20,5,8:40,1.38
SCH-110-LSN-0024,SCH-110,TCH-01423,overworked_generalist,CRS,JSS2A,ROOM-JSS2A,1,Tuesday,9:20,13:00,5,9:20,1.26
SCH-110-LSN-0025,SCH-110,TCH-01424,overworked_generalist,CRS,SS1A,ROOM-SS1A,1,Thursday,9:20,11:20,3,9:20,1.5
SCH-110-LSN-0026,SCH-110,TCH-01424,overworked_generalist,CRS,JSS3B,ROOM-JSS3B,1,Wednesday,8:40,10:40,3,8:40,1.48
SCH-110-LSN-0027,SCH-110,TCH-01424,overworked_generalist,CRS,JSS3B,ROOM-JSS3B,1,Monday,12:20,14:20,3,12:20,1.45
SCH-110-LSN-0028,SCH-110,TCH-01424,overworked_generalist,Basic Technology,SS3B,ROOM-SS3B,0,Tuesday,8:00,10:00,3,8:00,1.31
SCH-110-LSN-0029,SCH-110,TCH-01424,overworked_generalist,CRS,JSS1A,ROOM-JSS1A,1,Thursday,11:40,13:40,3,11:40,1.4
SCH-110-LSN-0030,SCH-110,TCH-01424,overworked_generalist,Basic Technology,JSS2A,ROOM-JSS2A,0,Monday,8:00,10:00,3,8:00,1.17
SCH-110-LSN-0031,SCH-110,TCH-01424,overworked_generalist,CRS,JSS1B,ROOM-JSS1B,1,Wednesday,10:40,13:00,3,10:40,1.47
SCH-110-LSN-0032,SCH-110,TCH-01424,overworked_generalist,CRS,JSS2B,ROOM-JSS2B,1,Friday,9:20,11:20,3,9:20,1.21
SCH-110-LSN-0033,SCH-110,TCH-01425,hustling_subject_specialist,Economics,SS1A,ROOM-SS1A,1,Monday,10:00,12:20,3,10:00,4
SCH-110-LSN-0034,SCH-110,TCH-01425,hustling_subject_specialist,Physics,SS1A,SCI-LAB-01,1,Wednesday,8:00,10:00,3,8:00,4
SCH-110-LSN-0035,SCH-110,TCH-01425,hustling_subject_specialist,Economics,SS3B,ROOM-SS3B,1,Monday,8:00,10:00,3,8:00,4
SCH-110-LSN-0036,SCH-110,TCH-01425,hustling_subject_specialist,Economics,SS2B,ROOM-SS2B,1,Monday,12:20,14:20,3,12:20,-4
SCH-110-LSN-0037,SCH-110,TCH-01426,hustling_subject_specialist,Economics,SS1A,ROOM-SS1A,1,Thursday,11:40,13:40,3,11:40,0
SCH-110-LSN-0038,SCH-110,TCH-01426,hustling_subject_specialist,Economics,SS3B,ROOM-SS3B,1,Monday,10:00,12:20,3,10:00,4
SCH-110-LSN-0039,SCH-110,TCH-01426,hustling_subject_specialist,Economics,SS3A,ROOM-SS3A,1,Thursday,8:00,10:00,3,8:00,4
SCH-110-LSN-0040,SCH-110,TCH-01426,hustling_subject_specialist,Economics,SS1A,ROOM-SS1A,1,Monday,12:20,14:20,3,12:20,-4
SCH-110-LSN-0041,SCH-110,TCH-01427,nysc_corper,Civic Education,JSS2B,ROOM-JSS2B,1,Tuesday,13:00,13:40,1,13:00,4.5
SCH-110-LSN-0042,SCH-110,TCH-01427,nysc_corper,Civic Education,JSS2B,ROOM-JSS2B,1,Tuesday,13:40,14:20,1,13:40,4.5
SCH-110-LSN-0043,SCH-110,TCH-01427,nysc_corper,Civic Education,JSS2B,ROOM-JSS2B,1,Wednesday,13:00,13:40,1,13:00,4.5
SCH-110-LSN-0044,SCH-110,TCH-01428,overworked_generalist,CRS,SS3A,ROOM-SS3A,1,Friday,8:40,12:20,5,8:40,1.26
SCH-110-LSN-0045,SCH-110,TCH-01428,overworked_generalist,PHE,JSS3B,ROOM-JSS3B,1,Monday,8:00,11:20,5,8:00,1.45
SCH-110-LSN-0046,SCH-110,TCH-01428,overworked_generalist,CRS,JSS1B,ROOM-JSS1B,1,Tuesday,9:20,13:00,5,9:20,1.4
SCH-110-LSN-0047,SCH-110,TCH-01428,overworked_generalist,PHE,JSS3B,ROOM-JSS3B,1,Wednesday,10:40,14:20,5,10:40,0.93
SCH-110-LSN-0048,SCH-110,TCH-01428,overworked_generalist,CRS,SS2B,ROOM-SS2B,1,Thursday,10:40,14:20,5,10:40,1.07
SCH-110-LSN-0049,SCH-110,TCH-01429,veteran_staff_room_boss,Further Mathematics,SS1B,ROOM-SS1B,1,Monday,8:40,9:20,1,8:40,4
SCH-110-LSN-0050,SCH-110,TCH-01429,veteran_staff_room_boss,Further Mathematics,SS2A,ROOM-SS2A,1,Tuesday,8:40,9:20,1,8:40,4
SCH-110-LSN-0051,SCH-110,TCH-01429,veteran_staff_room_boss,Further Mathematics,SS2B,ROOM-SS2B,1,Monday,9:20,10:00,1,9:20,4
SCH-110-LSN-0052,SCH-110,TCH-01429,veteran_staff_room_boss,Biology,SS2A,SCI-LAB-01,1,Tuesday,9:20,10:00,1,9:20,4
SCH-110-LSN-0053,SCH-110,TCH-01430,nysc_corper,Basic Science,JSS3A,ROOM-JSS3A,1,Monday,13:00,13:40,1,13:00,4.5
SCH-110-LSN-0054,SCH-110,TCH-01430,nysc_corper,Civic Education,JSS3B,ROOM-JSS3B,1,Tuesday,13:00,13:40,1,13:00,4.5
SCH-110-LSN-0055,SCH-110,TCH-01430,nysc_corper,Civic Education,JSS2B,ROOM-JSS2B,1,Monday,13:40,14:20,1,13:40,4.5
SCH-110-LSN-0056,SCH-110,TCH-01430,nysc_corper,Basic Science,JSS3B,ROOM-JSS3B,1,Tuesday,13:40,14:20,1,13:40,4.5
SCH-110-LSN-0057,SCH-110,TCH-01431,overworked_generalist,CRS,SS1A,ROOM-SS1A,1,Tuesday,11:40,14:20,4,11:40,1.47
SCH-110-LSN-0058,SCH-110,TCH-01431,overworked_generalist,PHE,SS3A,ROOM-SS3A,1,Tuesday,8:00,10:40,4,8:00,1.42
SCH-110-LSN-0059,SCH-110,TCH-01431,overworked_generalist,CRS,SS1A,ROOM-SS1A,1,Friday,8:40,11:20,4,8:40,1.4
SCH-110-LSN-0060,SCH-110,TCH-01431,overworked_generalist,CRS,JSS3A,ROOM-JSS3A,1,Monday,9:20,12:20,4,9:20,1.36
SCH-110-LSN-0061,SCH-110,TCH-01431,overworked_generalist,CRS,SS3A,ROOM-SS3A,1,Wednesday,8:00,10:40,4,8:00,1.44
SCH-111-LSN-0001,SCH-111,TCH-01432,nysc_corper,Civic Education,JSS2B,ROOM-JSS2B,1,Monday,13:00,13:40,1,13:00,4.5
SCH-111-LSN-0002,SCH-111,TCH-01432,nysc_corper,Civic Education,JSS1B,ROOM-JSS1B,1,Monday,13:40,14:20,1,13:40,4.5
SCH-111-LSN-0003,SCH-111,TCH-01433,overworked_generalist,Basic Technology,JSS3A,WORKSHOP-01,1,Thursday,8:00,10:00,3,8:00,1.49
SCH-111-LSN-0004,SCH-111,TCH-01433,overworked_generalist,Basic Technology,JSS2A,ROOM-JSS2A,0,Wednesday,12:20,14:20,3,12:20,1.43
SCH-111-LSN-0005,SCH-111,TCH-01433,overworked_generalist,Basic Technology,SS3A,ROOM-SS3A,0,Monday,8:40,10:40,3,8:40,1.44
SCH-111-LSN-0006,SCH-111,TCH-01433,overworked_generalist,CRS,JSS2B,ROOM-JSS2B,1,Tuesday,10:40,13:00,3,10:40,1.44
SCH-111-LSN-0007,SCH-111,TCH-01433,overworked_generalist,PHE,SS2B,ROOM-SS2B,1,Friday,8:00,10:00,3,8:00,1.49
SCH-111-LSN-0008,SCH-111,TCH-01433,overworked_generalist,Basic Technology,SS3B,ROOM-SS3B,0,Thursday,12:20,14:20,3,12:20,1.48
SCH-111-LSN-0009,SCH-111,TCH-01434,hustling_subject_specialist,Economics,SS3B,ROOM-SS3B,1,Monday,8:00,9:20,2,8:00,4
SCH-111-LSN-0010,SCH-111,TCH-01434,hustling_subject_specialist,Economics,SS2A,ROOM-SS2A,1,Monday,9:20,10:40,2,9:20,4
SCH-111-LSN-0011,SCH-111,TCH-01434,hustling_subject_specialist,Physics,SS1A,SCI-LAB-01,1,Monday,10:40,12:20,2,10:40,4
SCH-111-LSN-0012,SCH-111,TCH-01434,hustling_subject_specialist,Physics,SS2A,SCI-LAB-01,1,Wednesday,8:00,9:20,2,8:00,4
SCH-111-LSN-0013,SCH-111,TCH-01434,hustling_subject_specialist,Physics,SS3B,SCI-LAB-01,1,Wednesday,9:20,10:40,2,9:20,4
SCH-111-LSN-0014,SCH-111,TCH-01434,hustling_subject_specialist,Economics,SS1A,ROOM-SS1A,1,Wednesday,10:40,12:20,2,10:40,4
SCH-111-LSN-0015,SCH-111,TCH-01435,overworked_generalist,PHE,SS2B,ROOM-SS2B,1,Monday,9:20,11:20,3,9:20,1.43
SCH-111-LSN-0016,SCH-111,TCH-01435,overworked_generalist,CRS,JSS1B,ROOM-JSS1B,1,Thursday,9:20,11:20,3,9:20,1.5
SCH-111-LSN-0017,SCH-111,TCH-01435,overworked_generalist,CRS,SS3B,ROOM-SS3B,1,Wednesday,11:40,13:40,3,11:40,1.49
SCH-111-LSN-0018,SCH-111,TCH-01435,overworked_generalist,CRS,JSS2A,ROOM-JSS2A,1,Tuesday,8:00,10:00,3,8:00,1.44
SCH-111-LSN-0019,SCH-111,TCH-01435,overworked_generalist,PHE,SS2B,ROOM-SS2B,1,Monday,11:40,13:40,3,11:40,1.5
SCH-111-LSN-0020,SCH-111,TCH-01435,overworked_generalist,PHE,SS1A,ROOM-SS1A,1,Tuesday,11:40,13:40,3,11:40,1.46
SCH-111-LSN-0021,SCH-111,TCH-01435,overworked_generalist,PHE,SS3A,ROOM-SS3A,1,Friday,8:00,10:00,3,8:00,1.35
SCH-111-LSN-0022,SCH-111,TCH-01435,overworked_generalist,PHE,SS2A,ROOM-SS2A,1,Wednesday,9:20,11:20,3,9:20,1.14
SCH-111-LSN-0023,SCH-111,TCH-01436,veteran_staff_room_boss,Further Mathematics,SS3A,ROOM-SS3A,1,Tuesday,8:40,10:00,2,8:40,4
SCH-111-LSN-0024,SCH-111,TCH-01436,veteran_staff_room_boss,Further Mathematics,SS3B,ROOM-SS3B,1,Monday,9:20,10:40,2,9:20,4
SCH-111-LSN-0025,SCH-111,TCH-01436,veteran_staff_room_boss,Further Mathematics,SS1A,ROOM-SS1A,1,Tuesday,10:00,11:20,2,10:00,4
SCH-111-LSN-0026,SCH-111,TCH-01436,veteran_staff_room_boss,Physics,SS2B,SCI-LAB-01,1,Wednesday,8:40,10:00,2,8:40,4
SCH-111-LSN-0027,SCH-111,TCH-01436,veteran_staff_room_boss,Further Mathematics,SS1B,ROOM-SS1B,1,Wednesday,10:00,11:20,2,10:00,4
SCH-111-LSN-0028,SCH-111,TCH-01436,veteran_staff_room_boss,Further Mathematics,SS2A,ROOM-SS2A,1,Thursday,8:40,10:00,2,8:40,4
SCH-111-LSN-0029,SCH-111,TCH-01436,veteran_staff_room_boss,Physics,SS3B,SCI-LAB-01,1,Thursday,10:00,11:20,2,10:00,4
SCH-111-LSN-0030,SCH-111,TCH-01436,veteran_staff_room_boss,Further Mathematics,SS2B,ROOM-SS2B,1,Friday,10:00,11:20,2,10:00,4
SCH-111-LSN-0031,SCH-111,TCH-01437,hustling_subject_specialist,Further Mathematics,SS3B,ROOM-SS3B,1,Monday,10:40,12:20,2,10:40,4
SCH-111-LSN-0032,SCH-111,TCH-01437,hustling_subject_specialist,Further Mathematics,SS3B,ROOM-SS3B,1,Wednesday,8:00,9:20,2,8:00,4
SCH-111-LSN-0033,SCH-111,TCH-01438,hustling_subject_specialist,Further Mathematics,SS2B,ROOM-SS2B,1,Wednesday,10:00,12:20,3,10:00,4
SCH-111-LSN-0034,SCH-111,TCH-01438,hustling_subject_specialist,Further Mathematics,SS2B,ROOM-SS2B,1,Wednesday,12:20,14:20,3,12:20,-4
SCH-111-LSN-0035,SCH-111,TCH-01438,hustling_subject_specialist,Further Mathematics,SS2A,ROOM-SS2A,1,Monday,10:40,13:00,3,10:40,4
SCH-111-LSN-0036,SCH-111,TCH-01438,hustling_subject_specialist,Further Mathematics,SS1A,ROOM-SS1A,1,Monday,8:00,10:00,3,8:00,4
SCH-111-LSN-0037,SCH-111,TCH-01439,nysc_corper,Basic Science,JSS2A,ROOM-JSS2A,1,Monday,13:00,13:40,1,13:00,4.5
SCH-111-LSN-0038,SCH-111,TCH-01439,nysc_corper,Basic Science,JSS2A,ROOM-JSS2A,1,Monday,13:40,14:20,1,13:40,4.5
SCH-111-LSN-0039,SCH-111,TCH-01440,overworked_generalist,CRS,SS3B,ROOM-SS3B,1,Tuesday,8:40,12:20,5,8:40,1.43
SCH-111-LSN-0040,SCH-111,TCH-01440,overworked_generalist,PHE,SS2B,ROOM-SS2B,1,Thursday,8:40,12:20,5,8:40,1.47
SCH-111-LSN-0041,SCH-111,TCH-01440,overworked_generalist,Basic Technology,JSS3B,ROOM-JSS3B,0,Friday,8:40,12:20,5,8:40,1.31
SCH-111-LSN-0042,SCH-111,TCH-01440,overworked_generalist,PHE,SS3A,ROOM-SS3A,1,Wednesday,9:20,13:00,5,9:20,1.49
SCH-111-LSN-0043,SCH-111,TCH-01440,overworked_generalist,CRS,SS3A,ROOM-SS3A,1,Monday,10:40,14:20,5,10:40,0.72
SCH-111-LSN-0044,SCH-111,TCH-01441,nysc_corper,Civic Education,JSS3A,ROOM-JSS3A,1,Tuesday,13:00,13:40,1,13:00,4.5
SCH-111-LSN-0045,SCH-111,TCH-01441,nysc_corper,Civic Education,JSS2A,ROOM-JSS2A,1,Tuesday,13:40,14:20,1,13:40,4.5
SCH-111-LSN-0046,SCH-111,TCH-01441,nysc_corper,Basic Science,JSS1A,ROOM-JSS1A,1,Wednesday,13:00,13:40,1,13:00,4.5
SCH-111-LSN-0047,SCH-111,TCH-01441,nysc_corper,Civic Education,JSS3B,ROOM-JSS3B,1,Wednesday,13:40,14:20,1,13:40,4.5
SCH-111-LSN-0048,SCH-111,TCH-01441,nysc_corper,Civic Education,JSS1A,ROOM-JSS1A,1,Thursday,13:00,13:40,1,13:00,4.5
SCH-111-LSN-0049,SCH-111,TCH-01441,nysc_corper,Civic Education,JSS2B,ROOM-JSS2B,1,Thursday,13:40,14:20,1,13:40,4.5
SCH-111-LSN-0050,SCH-111,TCH-01442,overworked_generalist,PHE,SS2A,ROOM-SS2A,1,Thursday,11:40,14:20,4,11:40,1.43
SCH-111-LSN-0051,SCH-111,TCH-01442,overworked_generalist,PHE,SS2A,ROOM-SS2A,1,Wednesday,11:40,14:20,4,11:40,1.44
SCH-111-LSN-0052,SCH-111,TCH-01442,overworked_generalist,CRS,SS3B,ROOM-SS3B,1,Friday,9:20,12:20,4,9:20,1.22
SCH-111-LSN-0053,SCH-111,TCH-01442,overworked_generalist,Basic Technology,SS2B,ROOM-SS2B,0,Tuesday,9:20,12:20,4,9:20,1.42
SCH-111-LSN-0054,SCH-111,TCH-01442,overworked_generalist,Basic Technology,JSS2A,WORKSHOP-01,1,Wednesday,8:40,11:20,4,8:40,1.46
SCH-111-LSN-0055,SCH-111,TCH-01442,overworked_generalist,Basic Technology,JSS2A,WORKSHOP-01,1,Monday,8:00,10:40,4,8:00,1.38
SCH-112-LSN-0001,SCH-112,TCH-01443,overworked_generalist,Basic Technology,SS1B,ROOM-SS1B,0,Friday,8:40,11:20,4,8:40,1.47
SCH-112-LSN-0002,SCH-112,TCH-01443,overworked_generalist,CRS,JSS1B,ROOM-JSS1B,1,Wednesday,9:20,12:20,4,9:20,1.47
SCH-112-LSN-0003,SCH-112,TCH-01443,overworked_generalist,Basic Technology,SS2A,WORKSHOP-01,1,Monday,8:40,11:20,4,8:40,1.49
SCH-112-LSN-0004,SCH-112,TCH-01443,overworked_generalist,Basic Technology,JSS2B,ROOM-JSS2B,0,Thursday,11:40,14:20,4,11:40,1.5
SCH-112-LSN-0005,SCH-112,TCH-01444,veteran_staff_room_boss,Biology,SS1A,SCI-LAB-01,1,Monday,8:40,10:00,2,8:40,4
SCH-112-LSN-0006,SCH-112,TCH-01444,veteran_staff_room_boss,Biology,SS3B,SCI-LAB-01,1,Monday,10:00,11:20,2,10:00,4
SCH-112-LSN-0007,SCH-112,TCH-01445,overworked_generalist,PHE,JSS1B,ROOM-JSS1B,1,Thursday,10:00,13:00,4,10:00,1.46
SCH-112-LSN-0008,SCH-112,TCH-01445,overworked_generalist,PHE,JSS2B,ROOM-JSS2B,1,Wednesday,10:00,13:00,4,10:00,1.46
SCH-112-LSN-0009,SCH-112,TCH-01445,overworked_generalist,Basic Technology,JSS2A,ROOM-JSS2A,0,Monday,8:40,11:20,4,8:40,1.35
SCH-112-LSN-0010,SCH-112,TCH-01445,overworked_generalist,CRS,JSS2B,ROOM-JSS2B,1,Tuesday,10:00,13:00,4,10:00,1.39
SCH-112-LSN-0011,SCH-112,TCH-01445,overworked_generalist,CRS,SS2B,ROOM-SS2B,1,Friday,9:20,12:20,4,9:20,1.41
SCH-112-LSN-0012,SCH-112,TCH-01445,overworked_generalist,PHE,JSS2A,ROOM-JSS2A,1,Monday,11:40,14:20,4,11:40,1.47
SCH-112-LSN-0013,SCH-112,TCH-01446,overworked_generalist,PHE,SS2A,ROOM-SS2A,1,Thursday,8:00,11:20,5,8:00,1.45
SCH-112-LSN-0014,SCH-112,TCH-01446,overworked_generalist,PHE,JSS1A,ROOM-JSS1A,1,Monday,8:40,12:20,5,8:40,1.46
SCH-112-LSN-0015,SCH-112,TCH-01446,overworked_generalist,Basic Technology,SS1A,ROOM-SS1A,0,Wednesday,10:00,13:40,5,10:00,1.4
SCH-112-LSN-0016,SCH-112,TCH-01446,overworked_generalist,PHE,SS1A,ROOM-SS1A,1,Tuesday,8:00,11:20,5,8:00,1.38
SCH-112-LSN-0017,SCH-112,TCH-01446,overworked_generalist,PHE,JSS1A,ROOM-JSS1A,1,Friday,8:00,11:20,5,8:00,1.46
SCH-112-LSN-0018,SCH-112,TCH-01447,overworked_generalist,CRS,SS1A,ROOM-SS1A,1,Thursday,9:20,13:00,5,9:20,1.43
SCH-112-LSN-0019,SCH-112,TCH-01447,overworked_generalist,Basic Technology,SS2B,WORKSHOP-01,1,Wednesday,10:00,13:40,5,10:00,1.41
SCH-112-LSN-0020,SCH-112,TCH-01447,overworked_generalist,CRS,SS1B,ROOM-SS1B,1,Tuesday,10:40,14:20,5,10:40,1.32
SCH-112-LSN-0021,SCH-112,TCH-01447,overworked_generalist,Basic Technology,JSS2B,ROOM-JSS2B,0,Monday,10:40,14:20,5,10:40,1.35
SCH-112-LSN-0022,SCH-112,TCH-01448,veteran_staff_room_boss,Biology,SS2B,SCI-LAB-01,1,Monday,8:40,10:00,2,8:40,4
SCH-112-LSN-0023,SCH-112,TCH-01448,veteran_staff_room_boss,Biology,SS1A,SCI-LAB-01,1,Monday,10:00,11:20,2,10:00,4
SCH-112-LSN-0024,SCH-112,TCH-01448,veteran_staff_room_boss,Biology,SS2B,SCI-LAB-01,1,Tuesday,8:40,10:00,2,8:40,4
SCH-112-LSN-0025,SCH-112,TCH-01448,veteran_staff_room_boss,Biology,SS2A,SCI-LAB-01,1,Tuesday,10:00,11:20,2,10:00,4
SCH-112-LSN-0026,SCH-112,TCH-01449,overworked_generalist,Basic Technology,SS3A,ROOM-SS3A,0,Tuesday,8:00,10:40,4,8:00,1.5
SCH-112-LSN-0027,SCH-112,TCH-01449,overworked_generalist,PHE,JSS2A,ROOM-JSS2A,1,Wednesday,8:00,10:40,4,8:00,1.27
SCH-112-LSN-0028,SCH-112,TCH-01449,overworked_generalist,PHE,JSS3A,ROOM-JSS3A,1,Tuesday,10:40,13:40,4,10:40,1.45
SCH-112-LSN-0029,SCH-112,TCH-01449,overworked_generalist,PHE,SS2A,ROOM-SS2A,1,Friday,9:20,12:20,4,9:20,1.44
SCH-112-LSN-0030,SCH-112,TCH-01449,overworked_generalist,Basic Technology,JSS1A,ROOM-JSS1A,0,Thursday,8:40,11:20,4,8:40,1.31
SCH-112-LSN-0031,SCH-112,TCH-01449,overworked_generalist,PHE,SS1A,ROOM-SS1A,1,Monday,11:40,14:20,4,11:40,0.85
SCH-112-LSN-0032,SCH-112,TCH-01449,overworked_generalist,PHE,SS1B,ROOM-SS1B,1,Monday,8:40,11:20,4,8:40,1.47
SCH-112-LSN-0033,SCH-112,TCH-01450,veteran_staff_room_boss,Biology,SS2B,SCI-LAB-01,1,Monday,10:00,11:20,2,10:00,4
SCH-112-LSN-0034,SCH-112,TCH-01450,veteran_staff_room_boss,Biology,SS1A,SCI-LAB-01,1,Wednesday,8:40,10:00,2,8:40,4
SCH-112-LSN-0035,SCH-112,TCH-01451,veteran_staff_room_boss,Chemistry,SS3A,SCI-LAB-01,1,Wednesday,10:00,10:40,1,10:00,4
SCH-112-LSN-0036,SCH-112,TCH-01451,veteran_staff_room_boss,Chemistry,SS3A,SCI-LAB-01,1,Thursday,8:40,9:20,1,8:40,4
SCH-112-LSN-0037,SCH-112,TCH-01451,veteran_staff_room_boss,Chemistry,SS2A,SCI-LAB-01,1,Friday,8:40,9:20,1,8:40,4
SCH-112-LSN-0038,SCH-112,TCH-01452,nysc_corper,Basic Science,JSS3B,ROOM-JSS3B,1,Monday,13:00,13:40,1,13:00,4.5
SCH-112-LSN-0039,SCH-112,TCH-01452,nysc_corper,Basic Science,JSS2A,ROOM-JSS2A,1,Tuesday,13:00,13:40,1,13:00,4.5
SCH-112-LSN-0040,SCH-112,TCH-01452,nysc_corper,Basic Science,JSS2A,ROOM-JSS2A,1,Tuesday,13:40,14:20,1,13:40,4.5
SCH-112-LSN-0041,SCH-112,TCH-01453,veteran_staff_room_boss,Chemistry,SS1A,SCI-LAB-01,1,Thursday,8:40,9:20,1,8:40,4
SCH-112-LSN-0042,SCH-112,TCH-01453,veteran_staff_room_boss,Chemistry,SS3A,SCI-LAB-01,1,Thursday,9:20,10:00,1,9:20,4
SCH-112-LSN-0043,SCH-112,TCH-01453,veteran_staff_room_boss,Chemistry,SS3A,SCI-LAB-01,1,Thursday,10:00,10:40,1,10:00,4
SCH-112-LSN-0044,SCH-112,TCH-01454,nysc_corper,Basic Science,JSS1A,ROOM-JSS1A,1,Monday,13:00,13:40,1,13:00,4.5
SCH-112-LSN-0045,SCH-112,TCH-01454,nysc_corper,Basic Science,JSS1B,ROOM-JSS1B,1,Monday,13:40,14:20,1,13:40,4.5
SCH-112-LSN-0046,SCH-112,TCH-01454,nysc_corper,Basic Science,JSS2B,ROOM-JSS2B,1,Tuesday,13:00,13:40,1,13:00,4.5
SCH-112-LSN-0047,SCH-112,TCH-01454,nysc_corper,Basic Science,JSS2B,ROOM-JSS2B,1,Tuesday,13:40,14:20,1,13:40,4.5
SCH-112-LSN-0048,SCH-112,TCH-01455,veteran_staff_room_boss,Chemistry,SS1A,SCI-LAB-01,1,Friday,8:40,10:00,2,8:40,4
SCH-112-LSN-0049,SCH-112,TCH-01455,veteran_staff_room_boss,Chemistry,SS1B,SCI-LAB-01,1,Wednesday,10:00,11:20,2,10:00,4
SCH-112-LSN-0050,SCH-112,TCH-01456,nysc_corper,Basic Science,JSS1B,ROOM-JSS1B,1,Monday,13:00,13:40,1,13:00,4.5
SCH-112-LSN-0051,SCH-112,TCH-01456,nysc_corper,Basic Science,JSS2A,ROOM-JSS2A,1,Wednesday,13:00,13:40,1,13:00,4.5
SCH-112-LSN-0052,SCH-112,TCH-01456,nysc_corper,Basic Science,JSS2A,ROOM-JSS2A,1,Wednesday,13:40,14:20,1,13:40,4.5
SCH-112-LSN-0053,SCH-112,TCH-01456,nysc_corper,Civic Education,JSS1A,ROOM-JSS1A,1,Monday,13:40,14:20,1,13:40,4.5
SCH-112-LSN-0054,SCH-112,TCH-01456,nysc_corper,Civic Education,JSS2B,ROOM-JSS2B,1,Monday,8:00,8:40,1,8:00,0
SCH-112-LSN-0055,SCH-112,TCH-01456,nysc_corper,Civic Education,JSS2A,ROOM-JSS2A,1,Tuesday,8:00,8:40,1,8:00,0
SCH-113-LSN-0001,SCH-113,TCH-01457,hustling_subject_specialist,Further Mathematics,SS1A,ROOM-SS1A,1,Monday,8:00,10:00,3,8:00,4
SCH-113-LSN-0002,SCH-113,TCH-01457,hustling_subject_specialist,Further Mathematics,SS1A,ROOM-SS1A,1,Monday,10:00,12:20,3,10:00,4
SCH-113-LSN-0003,SCH-113,TCH-01458,overworked_generalist,PHE,SS1A,ROOM-SS1A,1,Friday,9:20,12:20,4,9:20,1.46
SCH-113-LSN-0004,SCH-113,TCH-01458,overworked_generalist,Basic Technology,JSS3A,ROOM-JSS3A,0,Tuesday,10:00,13:00,4,10:00,1.45
SCH-113-LSN-0005,SCH-113,TCH-01458,overworked_generalist,PHE,JSS1A,ROOM-JSS1A,1,Thursday,10:00,13:00,4,10:00,1.49
SCH-113-LSN-0006,SCH-113,TCH-01458,overworked_generalist,Basic Technology,JSS1B,WORKSHOP-01,1,Monday,8:40,11:20,4,8:40,1.4
SCH-113-LSN-0007,SCH-113,TCH-01458,overworked_generalist,Basic Technology,SS3B,WORKSHOP-01,1,Wednesday,9:20,12:20,4,9:20,1.49
SCH-113-LSN-0008,SCH-113,TCH-01458,overworked_generalist,PHE,JSS1B,ROOM-JSS1B,1,Monday,11:40,14:20,4,11:40,1.23
SCH-113-LSN-0009,SCH-113,TCH-01459,veteran_staff_room_boss,Chemistry,SS3A,SCI-LAB-01,1,Monday,8:40,9:20,1,8:40,4
SCH-113-LSN-0010,SCH-113,TCH-01459,veteran_staff_room_boss,Chemistry,SS1A,SCI-LAB-01,1,Tuesday,8:40,9:20,1,8:40,4
SCH-113-LSN-0011,SCH-113,TCH-01460,overworked_generalist,CRS,SS3A,ROOM-SS3A,1,Thursday,8:00,10:00,3,8:00,1.46
SCH-113-LSN-0012,SCH-113,TCH-01460,overworked_generalist,CRS,SS3B,ROOM-SS3B,1,Monday,12:20,14:20,3,12:20,1.48
SCH-113-LSN-0013,SCH-113,TCH-01460,overworked_generalist,PHE,SS2B,ROOM-SS2B,1,Wednesday,9:20,11:20,3,9:20,1.49
SCH-113-LSN-0014,SCH-113,TCH-01460,overworked_generalist,CRS,JSS3B,ROOM-JSS3B,1,Friday,8:40,10:40,3,8:40,1.46
SCH-113-LSN-0015,SCH-113,TCH-01460,overworked_generalist,PHE,SS3B,ROOM-SS3B,1,Wednesday,12:20,14:20,3,12:20,1.41
SCH-113-LSN-0016,SCH-113,TCH-01460,overworked_generalist,CRS,JSS3A,ROOM-JSS3A,1,Monday,10:00,12:20,3,10:00,1.2
SCH-113-LSN-0017,SCH-113,TCH-01461,overworked_generalist,Basic Technology,JSS2B,ROOM-JSS2B,0,Monday,9:20,13:00,5,9:20,1.45
SCH-113-LSN-0018,SCH-113,TCH-01461,overworked_generalist,Basic Technology,JSS3B,ROOM-JSS3B,0,Tuesday,8:00,11:20,5,8:00,1.49
SCH-113-LSN-0019,SCH-113,TCH-01461,overworked_generalist,Basic Technology,JSS1A,ROOM-JSS1A,0,Wednesday,10:40,14:20,5,10:40,1.49
SCH-113-LSN-0020,SCH-113,TCH-01461,overworked_generalist,Basic Technology,SS3B,ROOM-SS3B,0,Thursday,8:00,11:20,5,8:00,1.4
SCH-113-LSN-0021,SCH-113,TCH-01461,overworked_generalist,Basic Technology,JSS1A,ROOM-JSS1A,0,Friday,8:40,12:20,5,8:40,1.24
SCH-113-LSN-0022,SCH-113,TCH-01462,veteran_staff_room_boss,Further Mathematics,SS1A,ROOM-SS1A,1,Tuesday,9:20,10:40,2,9:20,4
SCH-113-LSN-0023,SCH-113,TCH-01462,veteran_staff_room_boss,Chemistry,SS3B,SCI-LAB-01,1,Monday,8:40,10:00,2,8:40,4
SCH-113-LSN-0024,SCH-113,TCH-01462,veteran_staff_room_boss,Chemistry,SS2A,SCI-LAB-01,1,Monday,10:00,11:20,2,10:00,4
SCH-113-LSN-0025,SCH-113,TCH-01462,veteran_staff_room_boss,Further Mathematics,SS1B,ROOM-SS1B,1,Wednesday,8:40,10:00,2,8:40,4
SCH-113-LSN-0026,SCH-113,TCH-01462,veteran_staff_room_boss,Further Mathematics,SS1B,ROOM-SS1B,1,Wednesday,10:00,11:20,2,10:00,4
SCH-113-LSN-0027,SCH-113,TCH-01462,veteran_staff_room_boss,Further Mathematics,SS3B,ROOM-SS3B,1,Friday,8:40,10:00,2,8:40,4
SCH-113-LSN-0028,SCH-113,TCH-01463,nysc_corper,Civic Education,JSS3B,ROOM-JSS3B,1,Tuesday,13:00,13:40,1,13:00,4.5
SCH-113-LSN-0029,SCH-113,TCH-01463,nysc_corper,Civic Education,JSS1A,ROOM-JSS1A,1,Tuesday,13:40,14:20,1,13:40,4.5
SCH-113-LSN-0030,SCH-113,TCH-01463,nysc_corper,Civic Education,JSS2B,ROOM-JSS2B,1,Wednesday,13:00,13:40,1,13:00,4.5
SCH-113-LSN-0031,SCH-113,TCH-01464,overworked_generalist,Basic Technology,JSS1A,ROOM-JSS1A,0,Monday,8:00,10:40,4,8:00,1.43
SCH-113-LSN-0032,SCH-113,TCH-01464,overworked_generalist,CRS,JSS2A,ROOM-JSS2A,1,Tuesday,9:20,12:20,4,9:20,1.49
SCH-113-LSN-0033,SCH-113,TCH-01464,overworked_generalist,Basic Technology,SS1A,ROOM-SS1A,0,Thursday,10:40,13:40,4,10:40,1.41
SCH-113-LSN-0034,SCH-113,TCH-01464,overworked_generalist,Basic Technology,JSS2A,WORKSHOP-01,1,Wednesday,9:20,12:20,4,9:20,1.33
SCH-113-LSN-0035,SCH-113,TCH-01465,overworked_generalist,Basic Technology,JSS2A,WORKSHOP-01,1,Monday,11:40,14:20,4,11:40,1.46
SCH-113-LSN-0036,SCH-113,TCH-01465,overworked_generalist,Basic Technology,SS2A,ROOM-SS2A,0,Thursday,8:00,10:40,4,8:00,1.5
SCH-113-LSN-0037,SCH-113,TCH-01465,overworked_generalist,CRS,JSS3B,ROOM-JSS3B,1,Thursday,10:40,13:40,4,10:40,1.47
SCH-113-LSN-0038,SCH-113,TCH-01465,overworked_generalist,CRS,SS3B,ROOM-SS3B,1,Tuesday,10:40,13:40,4,10:40,1.33
SCH-113-LSN-0039,SCH-113,TCH-01465,overworked_generalist,CRS,JSS2A,ROOM-JSS2A,1,Monday,8:00,10:40,4,8:00,1.49
SCH-113-LSN-0040,SCH-113,TCH-01465,overworked_generalist,Basic Technology,JSS1A,ROOM-JSS1A,0,Wednesday,8:00,10:40,4,8:00,1.23
SCH-113-LSN-0041,SCH-113,TCH-01466,overworked_generalist,Basic Technology,JSS3B,ROOM-JSS3B,0,Wednesday,10:00,12:20,3,10:00,1.48
SCH-113-LSN-0042,SCH-113,TCH-01466,overworked_generalist,Basic Technology,JSS3A,ROOM-JSS3A,0,Thursday,8:00,10:00,3,8:00,1.36
SCH-113-LSN-0043,SCH-113,TCH-01466,overworked_generalist,PHE,JSS3B,ROOM-JSS3B,1,Monday,8:00,10:00,3,8:00,1.46
SCH-113-LSN-0044,SCH-113,TCH-01466,overworked_generalist,CRS,SS3B,ROOM-SS3B,1,Tuesday,8:40,10:40,3,8:40,1.27
SCH-113-LSN-0045,SCH-113,TCH-01466,overworked_generalist,Basic Technology,SS3B,ROOM-SS3B,0,Friday,10:00,12:20,3,10:00,0.76
SCH-113-LSN-0046,SCH-113,TCH-01466,overworked_generalist,CRS,JSS3B,ROOM-JSS3B,1,Monday,10:40,13:00,3,10:40,1.49
SCH-113-LSN-0047,SCH-113,TCH-01467,nysc_corper,Civic Education,JSS1B,ROOM-JSS1B,1,Tuesday,13:00,13:40,1,13:00,4.5
SCH-113-LSN-0048,SCH-113,TCH-01467,nysc_corper,Civic Education,JSS1A,ROOM-JSS1A,1,Monday,13:00,13:40,1,13:00,4.5
SCH-113-LSN-0049,SCH-113,TCH-01467,nysc_corper,Civic Education,JSS1B,ROOM-JSS1B,1,Tuesday,13:40,14:20,1,13:40,4.5
SCH-113-LSN-0050,SCH-113,TCH-01468,nysc_corper,Civic Education,JSS1B,ROOM-JSS1B,1,Wednesday,13:00,13:40,1,13:00,4.5
SCH-113-LSN-0051,SCH-113,TCH-01468,nysc_corper,Basic Science,JSS2A,ROOM-JSS2A,1,Tuesday,13:00,13:40,1,13:00,4.5
SCH-113-LSN-0052,SCH-113,TCH-01468,nysc_corper,Basic Science,JSS2A,ROOM-JSS2A,1,Tuesday,13:40,14:20,1,13:40,4.5
SCH-113-LSN-0053,SCH-113,TCH-01468,nysc_corper,Basic Science,JSS2B,ROOM-JSS2B,1,Wednesday,13:40,14:20,1,13:40,4.5
SCH-113-LSN-0054,SCH-113,TCH-01468,nysc_corper,Civic Education,JSS1B,ROOM-JSS1B,1,Thursday,13:00,13:40,1,13:00,4.5
SCH-113-LSN-0055,SCH-113,TCH-01468,nysc_corper,Basic Science,JSS3A,ROOM-JSS3A,1,Thursday,13:40,14:20,1,13:40,4.5
SCH-113-LSN-0056,SCH-113,TCH-01469,veteran_staff_room_boss,Chemistry,SS2B,SCI-LAB-01,1,Monday,8:40,9:20,1,8:40,4
SCH-113-LSN-0057,SCH-113,TCH-01469,veteran_staff_room_boss,Chemistry,SS3B,SCI-LAB-01,1,Monday,10:00,10:40,1,10:00,4
SCH-113-LSN-0058,SCH-113,TCH-01469,veteran_staff_room_boss,Chemistry,SS3B,SCI-LAB-01,1,Wednesday,8:40,9:20,1,8:40,4
SCH-113-LSN-0059,SCH-113,TCH-01469,veteran_staff_room_boss,Chemistry,SS1B,SCI-LAB-01,1,Tuesday,8:40,9:20,1,8:40,4
SCH-113-LSN-0060,SCH-113,TCH-01470,veteran_staff_room_boss,Chemistry,SS2B,SCI-LAB-01,1,Monday,9:20,10:40,2,9:20,4
SCH-113-LSN-0061,SCH-113,TCH-01470,veteran_staff_room_boss,Chemistry,SS3B,SCI-LAB-01,1,Monday,10:40,12:20,2,10:40,0
SCH-113-LSN-0062,SCH-113,TCH-01470,veteran_staff_room_boss,Chemistry,SS1B,SCI-LAB-01,1,Tuesday,9:20,10:40,2,9:20,4
SCH-113-LSN-0063,SCH-113,TCH-01470,veteran_staff_room_boss,Chemistry,SS2B,SCI-LAB-01,1,Thursday,8:40,10:00,2,8:40,4
SCH-113-LSN-0064,SCH-113,TCH-01471,nysc_corper,Basic Science,JSS1B,ROOM-JSS1B,1,Thursday,13:40,14:20,1,13:40,4.5
SCH-113-LSN-0065,SCH-113,TCH-01471,nysc_corper,Basic Science,JSS3B,ROOM-JSS3B,1,Monday,13:00,13:40,1,13:00,4.5
SCH-113-LSN-0066,SCH-113,TCH-01471,nysc_corper,Basic Science,JSS3A,ROOM-JSS3A,1,Monday,13:40,14:20,1,13:40,4.5
SCH-113-LSN-0067,SCH-113,TCH-01471,nysc_corper,Basic Science,JSS3A,ROOM-JSS3A,1,Tuesday,13:00,13:40,1,13:00,4.5
SCH-113-LSN-0068,SCH-113,TCH-01471,nysc_corper,Civic Education,JSS1A,ROOM-JSS1A,1,Thursday,13:00,13:40,1,13:00,4.5
SCH-113-LSN-0069,SCH-113,TCH-01471,nysc_corper,Basic Science,JSS2A,ROOM-JSS2A,1,Monday,10:40,11:20,1,10:40,0
SCH-113-LSN-0070,SCH-113,TCH-01472,hustling_subject_specialist,Economics,SS1A,ROOM-SS1A,1,Wednesday,8:00,10:00,3,8:00,4
SCH-113-LSN-0071,SCH-113,TCH-01472,hustling_subject_specialist,Economics,SS3A,ROOM-SS3A,1,Wednesday,10:00,12:20,3,10:00,4
SCH-113-LSN-0072,SCH-113,TCH-01472,hustling_subject_specialist,Further Mathematics,SS3A,ROOM-SS3A,1,Thursday,10:00,12:20,3,10:00,4
SCH-113-LSN-0073,SCH-113,TCH-01472,hustling_subject_specialist,Economics,SS1B,ROOM-SS1B,1,Thursday,8:00,10:00,3,8:00,4
SCH-113-LSN-0074,SCH-113,TCH-01472,hustling_subject_specialist,Economics,SS3B,ROOM-SS3B,1,Thursday,12:20,14:20,3,12:20,-4
SCH-113-LSN-0075,SCH-113,TCH-01472,hustling_subject_specialist,Further Mathematics,SS2A,ROOM-SS2A,1,Wednesday,12:20,14:20,3,12:20,-4
SCH-114-LSN-0001,SCH-114,TCH-01473,nysc_corper,Civic Education,JSS2A,ROOM-JSS2A,1,Monday,13:00,13:40,1,13:00,4.5
SCH-114-LSN-0002,SCH-114,TCH-01473,nysc_corper,Civic Education,JSS2A,ROOM-JSS2A,1,Monday,13:40,14:20,1,13:40,4.5
SCH-114-LSN-0003,SCH-114,TCH-01473,nysc_corper,Civic Education,JSS2B,ROOM-JSS2B,1,Wednesday,13:00,13:40,1,13:00,4.5
SCH-114-LSN-0004,SCH-114,TCH-01473,nysc_corper,Civic Education,JSS2A,ROOM-JSS2A,1,Wednesday,13:40,14:20,1,13:40,4.5
SCH-114-LSN-0005,SCH-114,TCH-01474,nysc_corper,Basic Science,JSS1B,ROOM-JSS1B,1,Monday,13:00,13:40,1,13:00,4.5
SCH-114-LSN-0006,SCH-114,TCH-01474,nysc_corper,Basic Science,JSS1A,ROOM-JSS1A,1,Monday,13:40,14:20,1,13:40,4.5
SCH-114-LSN-0007,SCH-114,TCH-01474,nysc_corper,Basic Science,JSS2B,ROOM-JSS2B,1,Tuesday,13:00,13:40,1,13:00,4.5
SCH-114-LSN-0008,SCH-114,TCH-01475,overworked_generalist,PHE,JSS2A,ROOM-JSS2A,1,Tuesday,8:40,12:20,5,8:40,1.48
SCH-114-LSN-0009,SCH-114,TCH-01475,overworked_generalist,CRS,SS3B,ROOM-SS3B,1,Monday,10:00,13:40,5,10:00,1.45
SCH-114-LSN-0010,SCH-114,TCH-01475,overworked_generalist,Basic Technology,SS1A,ROOM-SS1A,0,Thursday,9:20,13:00,5,9:20,1.43
SCH-114-LSN-0011,SCH-114,TCH-01475,overworked_generalist,CRS,JSS1B,ROOM-JSS1B,1,Friday,8:00,11:20,5,8:00,1.45
SCH-114-LSN-0012,SCH-114,TCH-01475,overworked_generalist,PHE,SS1A,ROOM-SS1A,1,Wednesday,8:00,11:20,5,8:00,1.48
SCH-114-LSN-0013,SCH-114,TCH-01476,veteran_staff_room_boss,Further Mathematics,SS3A,ROOM-SS3A,1,Monday,8:40,10:00,2,8:40,4
SCH-114-LSN-0014,SCH-114,TCH-01476,veteran_staff_room_boss,Further Mathematics,SS3B,ROOM-SS3B,1,Tuesday,8:40,10:00,2,8:40,4
SCH-114-LSN-0015,SCH-114,TCH-01476,veteran_staff_room_boss,Further Mathematics,SS2A,ROOM-SS2A,1,Monday,10:00,11:20,2,10:00,4
SCH-114-LSN-0016,SCH-114,TCH-01476,veteran_staff_room_boss,Further Mathematics,SS2B,ROOM-SS2B,1,Tuesday,10:00,11:20,2,10:00,4
SCH-114-LSN-0017,SCH-114,TCH-01477,hustling_subject_specialist,Economics,SS1B,ROOM-SS1B,1,Monday,8:00,9:20,2,8:00,4
SCH-114-LSN-0018,SCH-114,TCH-01477,hustling_subject_specialist,Physics,SS1B,SCI-LAB-01,1,Monday,9:20,10:40,2,9:20,4
SCH-114-LSN-0019,SCH-114,TCH-01477,hustling_subject_specialist,Physics,SS3A,SCI-LAB-01,1,Monday,10:40,12:20,2,10:40,4
SCH-114-LSN-0020,SCH-114,TCH-01477,hustling_subject_specialist,Economics,SS2A,ROOM-SS2A,1,Thursday,8:00,9:20,2,8:00,4
SCH-114-LSN-0021,SCH-114,TCH-01477,hustling_subject_specialist,Economics,SS3B,ROOM-SS3B,1,Thursday,9:20,10:40,2,9:20,4
SCH-114-LSN-0022,SCH-114,TCH-01477,hustling_subject_specialist,Economics,SS1B,ROOM-SS1B,1,Thursday,10:40,12:20,2,10:40,4
SCH-114-LSN-0023,SCH-114,TCH-01477,hustling_subject_specialist,Physics,SS2B,SCI-LAB-01,1,Monday,12:20,13:40,2,12:20,-4
SCH-114-LSN-0024,SCH-114,TCH-01477,hustling_subject_specialist,Physics,SS1B,SCI-LAB-01,1,Thursday,12:20,13:40,2,12:20,-4
SCH-114-LSN-0025,SCH-114,TCH-01478,veteran_staff_room_boss,Biology,SS2A,SCI-LAB-01,1,Tuesday,8:40,10:00,2,8:40,4
SCH-114-LSN-0026,SCH-114,TCH-01478,veteran_staff_room_boss,Biology,SS3B,SCI-LAB-01,1,Tuesday,10:00,11:20,2,10:00,4
SCH-114-LSN-0027,SCH-114,TCH-01478,veteran_staff_room_boss,Biology,SS1A,SCI-LAB-01,1,Friday,8:40,10:00,2,8:40,4
SCH-114-LSN-0028,SCH-114,TCH-01478,veteran_staff_room_boss,Biology,SS3A,SCI-LAB-01,1,Wednesday,8:40,10:00,2,8:40,4
SCH-114-LSN-0029,SCH-114,TCH-01479,hustling_subject_specialist,Further Mathematics,SS2B,ROOM-SS2B,1,Monday,8:00,9:20,2,8:00,4
SCH-114-LSN-0030,SCH-114,TCH-01479,hustling_subject_specialist,Economics,SS1B,ROOM-SS1B,1,Monday,10:40,12:20,2,10:40,4
SCH-114-LSN-0031,SCH-114,TCH-01479,hustling_subject_specialist,Economics,SS3B,ROOM-SS3B,1,Thursday,8:00,9:20,2,8:00,4
SCH-114-LSN-0032,SCH-114,TCH-01479,hustling_subject_specialist,Further Mathematics,SS2A,ROOM-SS2A,1,Tuesday,10:00,11:20,2,10:00,4
SCH-114-LSN-0033,SCH-114,TCH-01479,hustling_subject_specialist,Economics,SS1B,ROOM-SS1B,1,Tuesday,8:00,9:20,2,8:00,4
SCH-114-LSN-0034,SCH-114,TCH-01479,hustling_subject_specialist,Economics,SS1A,ROOM-SS1A,1,Monday,9:20,10:40,2,9:20,4
SCH-114-LSN-0035,SCH-114,TCH-01479,hustling_subject_specialist,Further Mathematics,SS3B,ROOM-SS3B,1,Thursday,10:40,12:20,2,10:40,4
SCH-114-LSN-0036,SCH-114,TCH-01479,hustling_subject_specialist,Economics,SS1A,ROOM-SS1A,1,Tuesday,11:40,13:00,2,11:40,0
SCH-114-LSN-0037,SCH-114,TCH-01480,nysc_corper,Civic Education,JSS3A,ROOM-JSS3A,1,Monday,13:00,13:40,1,13:00,4.5
SCH-114-LSN-0038,SCH-114,TCH-01480,nysc_corper,Civic Education,JSS1B,ROOM-JSS1B,1,Monday,13:40,14:20,1,13:40,4.5
SCH-114-LSN-0039,SCH-114,TCH-01480,nysc_corper,Basic Science,JSS3A,ROOM-JSS3A,1,Tuesday,13:00,13:40,1,13:00,4.5
SCH-114-LSN-0040,SCH-114,TCH-01480,nysc_corper,Basic Science,JSS1B,ROOM-JSS1B,1,Tuesday,13:40,14:20,1,13:40,4.5
SCH-114-LSN-0041,SCH-114,TCH-01480,nysc_corper,Basic Science,JSS3B,ROOM-JSS3B,1,Thursday,13:00,13:40,1,13:00,4.5
SCH-114-LSN-0042,SCH-114,TCH-01480,nysc_corper,Basic Science,JSS1B,ROOM-JSS1B,1,Thursday,13:40,14:20,1,13:40,4.5
SCH-114-LSN-0043,SCH-114,TCH-01481,veteran_staff_room_boss,Biology,SS2B,SCI-LAB-01,1,Tuesday,8:40,10:00,2,8:40,4
SCH-114-LSN-0044,SCH-114,TCH-01481,veteran_staff_room_boss,Biology,SS1B,SCI-LAB-01,1,Tuesday,10:00,11:20,2,10:00,4
SCH-114-LSN-0045,SCH-114,TCH-01481,veteran_staff_room_boss,Biology,SS3B,SCI-LAB-01,1,Wednesday,8:40,10:00,2,8:40,4
SCH-114-LSN-0046,SCH-114,TCH-01482,veteran_staff_room_boss,Chemistry,SS3A,SCI-LAB-01,1,Wednesday,10:00,11:20,2,10:00,4
SCH-114-LSN-0047,SCH-114,TCH-01482,veteran_staff_room_boss,Physics,SS1A,SCI-LAB-01,1,Friday,10:00,11:20,2,10:00,4
SCH-114-LSN-0048,SCH-114,TCH-01482,veteran_staff_room_boss,Chemistry,SS3B,SCI-LAB-01,1,Monday,8:00,9:20,2,8:00,0
SCH-114-LSN-0049,SCH-114,TCH-01482,veteran_staff_room_boss,Chemistry,SS2B,SCI-LAB-01,1,Thursday,8:40,10:00,2,8:40,4
SCH-114-LSN-0050,SCH-114,TCH-01482,veteran_staff_room_boss,Physics,SS3A,SCI-LAB-01,1,Thursday,10:00,11:20,2,10:00,4
SCH-114-LSN-0051,SCH-114,TCH-01482,veteran_staff_room_boss,Chemistry,SS2A,SCI-LAB-01,1,Tuesday,11:40,13:00,2,11:40,0
SCH-114-LSN-0052,SCH-114,TCH-01482,veteran_staff_room_boss,Physics,SS2A,SCI-LAB-01,1,Monday,11:40,13:00,2,11:40,0
SCH-114-LSN-0053,SCH-114,TCH-01482,veteran_staff_room_boss,Chemistry,SS2A,SCI-LAB-01,1,Wednesday,11:40,13:00,2,11:40,0
SCH-114-LSN-0054,SCH-114,TCH-01483,nysc_corper,Civic Education,JSS2B,ROOM-JSS2B,1,Monday,13:00,13:40,1,13:00,4.5
SCH-114-LSN-0055,SCH-114,TCH-01483,nysc_corper,Civic Education,JSS3A,ROOM-JSS3A,1,Monday,13:40,14:20,1,13:40,4.5
SCH-114-LSN-0056,SCH-114,TCH-01483,nysc_corper,Civic Education,JSS2A,ROOM-JSS2A,1,Wednesday,13:00,13:40,1,13:00,4.5
SCH-114-LSN-0057,SCH-114,TCH-01483,nysc_corper,Civic Education,JSS1B,ROOM-JSS1B,1,Wednesday,13:40,14:20,1,13:40,4.5
SCH-115-LSN-0001,SCH-115,TCH-01484,veteran_staff_room_boss,Physics,SS3A,SCI-LAB-01,1,Monday,8:40,9:20,1,8:40,4
SCH-115-LSN-0002,SCH-115,TCH-01484,veteran_staff_room_boss,Further Mathematics,SS1A,ROOM-SS1A,1,Monday,9:20,10:00,1,9:20,4
SCH-115-LSN-0003,SCH-115,TCH-01484,veteran_staff_room_boss,Further Mathematics,SS3B,ROOM-SS3B,1,Monday,10:00,10:40,1,10:00,4
SCH-115-LSN-0004,SCH-115,TCH-01484,veteran_staff_room_boss,Further Mathematics,SS3B,ROOM-SS3B,1,Tuesday,8:40,9:20,1,8:40,4
SCH-115-LSN-0005,SCH-115,TCH-01484,veteran_staff_room_boss,Physics,SS1B,SCI-LAB-01,1,Tuesday,9:20,10:00,1,9:20,4
SCH-115-LSN-0006,SCH-115,TCH-01484,veteran_staff_room_boss,Physics,SS3B,SCI-LAB-01,1,Tuesday,10:00,10:40,1,10:00,4
SCH-115-LSN-0007,SCH-115,TCH-01484,veteran_staff_room_boss,Further Mathematics,SS1A,ROOM-SS1A,1,Wednesday,8:40,9:20,1,8:40,4
SCH-115-LSN-0008,SCH-115,TCH-01484,veteran_staff_room_boss,Physics,SS3B,SCI-LAB-01,1,Wednesday,9:20,10:00,1,9:20,4
SCH-115-LSN-0009,SCH-115,TCH-01485,hustling_subject_specialist,Physics,SS1B,SCI-LAB-01,1,Tuesday,8:00,9:20,2,8:00,4
SCH-115-LSN-0010,SCH-115,TCH-01485,hustling_subject_specialist,Economics,SS3B,ROOM-SS3B,1,Tuesday,10:40,12:20,2,10:40,4
SCH-115-LSN-0011,SCH-115,TCH-01485,hustling_subject_specialist,Economics,SS3A,ROOM-SS3A,1,Tuesday,9:20,10:40,2,9:20,4
SCH-115-LSN-0012,SCH-115,TCH-01485,hustling_subject_specialist,Economics,SS3A,ROOM-SS3A,1,Wednesday,8:00,9:20,2,8:00,4
SCH-115-LSN-0013,SCH-115,TCH-01486,hustling_subject_specialist,Further Mathematics,SS3B,ROOM-SS3B,1,Monday,8:00,9:20,2,8:00,4
SCH-115-LSN-0014,SCH-115,TCH-01486,hustling_subject_specialist,Further Mathematics,SS2A,ROOM-SS2A,1,Monday,9:20,10:40,2,9:20,4
SCH-115-LSN-0015,SCH-115,TCH-01486,hustling_subject_specialist,Further Mathematics,SS1A,ROOM-SS1A,1,Monday,10:40,12:20,2,10:40,4
SCH-115-LSN-0016,SCH-115,TCH-01487,overworked_generalist,Basic Technology,JSS3B,WORKSHOP-01,1,Monday,10:40,13:00,3,10:40,1.5
SCH-115-LSN-0017,SCH-115,TCH-01487,overworked_generalist,CRS,JSS2A,ROOM-JSS2A,1,Friday,9:20,11:20,3,9:20,1.48
SCH-115-LSN-0018,SCH-115,TCH-01487,overworked_generalist,Basic Technology,SS2A,WORKSHOP-01,1,Wednesday,8:40,10:40,3,8:40,1.41
SCH-115-LSN-0019,SCH-115,TCH-01487,overworked_generalist,PHE,SS3A,ROOM-SS3A,1,Thursday,10:00,12:20,3,10:00,1.35
SCH-115-LSN-0020,SCH-115,TCH-01487,overworked_generalist,CRS,SS2A,ROOM-SS2A,1,Tuesday,10:00,12:20,3,10:00,1.42
SCH-115-LSN-0021,SCH-115,TCH-01487,overworked_generalist,PHE,JSS1B,ROOM-JSS1B,1,Thursday,8:00,10:00,3,8:00,1.42
SCH-115-LSN-0022,SCH-115,TCH-01488,hustling_subject_specialist,Economics,SS3A,ROOM-SS3A,1,Monday,9:20,11:20,3,9:20,4
SCH-115-LSN-0023,SCH-115,TCH-01488,hustling_subject_specialist,Economics,SS2B,ROOM-SS2B,1,Tuesday,8:00,10:00,3,8:00,4
SCH-115-LSN-0024,SCH-115,TCH-01488,hustling_subject_specialist,Further Mathematics,SS2A,ROOM-SS2A,1,Thursday,8:00,10:00,3,8:00,4
SCH-115-LSN-0025,SCH-115,TCH-01488,hustling_subject_specialist,Further Mathematics,SS2B,ROOM-SS2B,1,Tuesday,10:00,12:20,3,10:00,4
SCH-115-LSN-0026,SCH-115,TCH-01489,overworked_generalist,CRS,JSS3B,ROOM-JSS3B,1,Thursday,8:40,11:20,4,8:40,1.47
SCH-115-LSN-0027,SCH-115,TCH-01489,overworked_generalist,PHE,SS2B,ROOM-SS2B,1,Wednesday,10:40,13:40,4,10:40,1.47
SCH-115-LSN-0028,SCH-115,TCH-01489,overworked_generalist,PHE,JSS2A,ROOM-JSS2A,1,Tuesday,8:40,11:20,4,8:40,1.49
SCH-115-LSN-0029,SCH-115,TCH-01489,overworked_generalist,PHE,SS1B,ROOM-SS1B,1,Friday,9:20,12:20,4,9:20,1.46
SCH-115-LSN-0030,SCH-115,TCH-01489,overworked_generalist,PHE,SS1B,ROOM-SS1B,1,Monday,8:40,11:20,4,8:40,1.41
SCH-115-LSN-0031,SCH-115,TCH-01489,overworked_generalist,CRS,JSS1B,ROOM-JSS1B,1,Wednesday,8:00,10:40,4,8:00,1.31
SCH-115-LSN-0032,SCH-115,TCH-01489,overworked_generalist,CRS,JSS2A,ROOM-JSS2A,1,Thursday,11:40,14:20,4,11:40,1.46
SCH-115-LSN-0033,SCH-115,TCH-01489,overworked_generalist,CRS,JSS1A,ROOM-JSS1A,1,Tuesday,11:40,14:20,4,11:40,1.28
SCH-115-LSN-0034,SCH-115,TCH-01490,nysc_corper,Civic Education,JSS2A,ROOM-JSS2A,1,Monday,13:00,13:40,1,13:00,4.5
SCH-115-LSN-0035,SCH-115,TCH-01490,nysc_corper,Civic Education,JSS1B,ROOM-JSS1B,1,Monday,13:40,14:20,1,13:40,4.5
SCH-115-LSN-0036,SCH-115,TCH-01491,hustling_subject_specialist,Economics,SS1B,ROOM-SS1B,1,Thursday,8:00,10:00,3,8:00,4
SCH-115-LSN-0037,SCH-115,TCH-01491,hustling_subject_specialist,Economics,SS1A,ROOM-SS1A,1,Thursday,10:00,12:20,3,10:00,4
SCH-115-LSN-0038,SCH-115,TCH-01491,hustling_subject_specialist,Economics,SS1B,ROOM-SS1B,1,Monday,11:40,13:40,3,11:40,0
SCH-115-LSN-0039,SCH-115,TCH-01492,overworked_generalist,PHE,SS3B,ROOM-SS3B,1,Thursday,8:40,12:20,5,8:40,1.35
SCH-115-LSN-0040,SCH-115,TCH-01492,overworked_generalist,CRS,JSS2A,ROOM-JSS2A,1,Wednesday,10:40,14:20,5,10:40,1.46
SCH-115-LSN-0041,SCH-115,TCH-01492,overworked_generalist,CRS,SS3A,ROOM-SS3A,1,Friday,8:00,11:20,5,8:00,1.45
SCH-115-LSN-0042,SCH-115,TCH-01492,overworked_generalist,CRS,SS2A,ROOM-SS2A,1,Monday,10:40,14:20,5,10:40,0.66
SCH-115-LSN-0043,SCH-115,TCH-01493,nysc_corper,Civic Education,JSS1B,ROOM-JSS1B,1,Monday,13:00,13:40,1,13:00,4.5
SCH-115-LSN-0044,SCH-115,TCH-01493,nysc_corper,Civic Education,JSS3B,ROOM-JSS3B,1,Monday,13:40,14:20,1,13:40,4.5
SCH-115-LSN-0045,SCH-115,TCH-01494,nysc_corper,Civic Education,JSS2A,ROOM-JSS2A,1,Tuesday,13:00,13:40,1,13:00,4.5
SCH-115-LSN-0046,SCH-115,TCH-01494,nysc_corper,Civic Education,JSS3B,ROOM-JSS3B,1,Tuesday,13:40,14:20,1,13:40,4.5
SCH-115-LSN-0047,SCH-115,TCH-01495,nysc_corper,Basic Science,JSS2B,ROOM-JSS2B,1,Monday,13:00,13:40,1,13:00,4.5
SCH-115-LSN-0048,SCH-115,TCH-01495,nysc_corper,Basic Science,JSS1B,ROOM-JSS1B,1,Wednesday,13:00,13:40,1,13:00,4.5
SCH-115-LSN-0049,SCH-115,TCH-01495,nysc_corper,Basic Science,JSS2B,ROOM-JSS2B,1,Monday,13:40,14:20,1,13:40,4.5
SCH-115-LSN-0050,SCH-115,TCH-01495,nysc_corper,Basic Science,JSS3A,ROOM-JSS3A,1,Wednesday,13:40,14:20,1,13:40,4.5
SCH-115-LSN-0051,SCH-115,TCH-01496,nysc_corper,Civic Education,JSS2B,ROOM-JSS2B,1,Tuesday,13:00,13:40,1,13:00,4.5
SCH-115-LSN-0052,SCH-115,TCH-01496,nysc_corper,Civic Education,JSS2A,ROOM-JSS2A,1,Monday,13:40,14:20,1,13:40,4.5
SCH-115-LSN-0053,SCH-115,TCH-01496,nysc_corper,Civic Education,JSS1B,ROOM-JSS1B,1,Tuesday,13:40,14:20,1,13:40,4.5
SCH-115-LSN-0054,SCH-115,TCH-01496,nysc_corper,Basic Science,JSS3A,ROOM-JSS3A,1,Monday,13:00,13:40,1,13:00,4.5
SCH-115-LSN-0055,SCH-115,TCH-01496,nysc_corper,Civic Education,JSS1A,ROOM-JSS1A,1,Thursday,13:00,13:40,1,13:00,4.5
SCH-115-LSN-0056,SCH-115,TCH-01496,nysc_corper,Civic Education,JSS1A,ROOM-JSS1A,1,Thursday,13:40,14:20,1,13:40,4.5
SCH-116-LSN-0001,SCH-116,TCH-01497,overworked_generalist,PHE,SS3B,ROOM-SS3B,1,Tuesday,10:40,13:00,3,10:40,1.44
SCH-116-LSN-0002,SCH-116,TCH-01497,overworked_generalist,Basic Technology,JSS1A,ROOM-JSS1A,0,Thursday,11:40,13:40,3,11:40,1.5
SCH-116-LSN-0003,SCH-116,TCH-01497,overworked_generalist,PHE,JSS1B,ROOM-JSS1B,1,Monday,10:40,13:00,3,10:40,1.44
SCH-116-LSN-0004,SCH-116,TCH-01497,overworked_generalist,Basic Technology,JSS1A,ROOM-JSS1A,0,Monday,8:00,10:00,3,8:00,1.49
SCH-116-LSN-0005,SCH-116,TCH-01497,overworked_generalist,PHE,JSS1A,ROOM-JSS1A,1,Friday,8:00,10:00,3,8:00,1.47
SCH-116-LSN-0006,SCH-116,TCH-01497,overworked_generalist,CRS,JSS2A,ROOM-JSS2A,1,Tuesday,8:00,10:00,3,8:00,1.41
SCH-116-LSN-0007,SCH-116,TCH-01497,overworked_generalist,CRS,SS2A,ROOM-SS2A,1,Thursday,8:40,10:40,3,8:40,1.5
SCH-116-LSN-0008,SCH-116,TCH-01497,overworked_generalist,Basic Technology,SS1A,WORKSHOP-01,1,Wednesday,11:40,13:40,3,11:40,1.49
SCH-116-LSN-0009,SCH-116,TCH-01497,overworked_generalist,PHE,JSS1A,ROOM-JSS1A,1,Wednesday,8:40,10:40,3,8:40,1.4
SCH-116-LSN-0010,SCH-116,TCH-01497,overworked_generalist,CRS,JSS3B,ROOM-JSS3B,1,Friday,10:00,12:20,3,10:00,1.02
SCH-116-LSN-0011,SCH-116,TCH-01498,nysc_corper,Civic Education,JSS3A,ROOM-JSS3A,1,Monday,13:00,13:40,1,13:00,4.5
SCH-116-LSN-0012,SCH-116,TCH-01498,nysc_corper,Civic Education,JSS1B,ROOM-JSS1B,1,Monday,13:40,14:20,1,13:40,4.5
SCH-116-LSN-0013,SCH-116,TCH-01498,nysc_corper,Civic Education,JSS2A,ROOM-JSS2A,1,Tuesday,13:00,13:40,1,13:00,4.5
SCH-116-LSN-0014,SCH-116,TCH-01499,overworked_generalist,PHE,SS3A,ROOM-SS3A,1,Thursday,8:40,11:20,4,8:40,1.49
SCH-116-LSN-0015,SCH-116,TCH-01499,overworked_generalist,Basic Technology,SS3A,ROOM-SS3A,0,Monday,9:20,12:20,4,9:20,1.48
SCH-116-LSN-0016,SCH-116,TCH-01499,overworked_generalist,Basic Technology,SS1A,WORKSHOP-01,1,Thursday,11:40,14:20,4,11:40,1.33
SCH-116-LSN-0017,SCH-116,TCH-01499,overworked_generalist,PHE,JSS3A,ROOM-JSS3A,1,Wednesday,11:40,14:20,4,11:40,1.47
SCH-116-LSN-0018,SCH-116,TCH-01499,overworked_generalist,Basic Technology,JSS1A,ROOM-JSS1A,0,Tuesday,10:40,13:40,4,10:40,1.46
SCH-116-LSN-0019,SCH-116,TCH-01499,overworked_generalist,PHE,JSS3B,ROOM-JSS3B,1,Tuesday,8:00,10:40,4,8:00,1.23
SCH-116-LSN-0020,SCH-116,TCH-01499,overworked_generalist,Basic Technology,JSS3B,WORKSHOP-01,1,Wednesday,8:40,11:20,4,8:40,1.17
SCH-116-LSN-0021,SCH-116,TCH-01499,overworked_generalist,Basic Technology,JSS3A,ROOM-JSS3A,0,Friday,9:20,12:20,4,9:20,1.44
SCH-116-LSN-0022,SCH-116,TCH-01500,hustling_subject_specialist,Economics,SS3B,ROOM-SS3B,1,Wednesday,8:00,10:00,3,8:00,4
SCH-116-LSN-0023,SCH-116,TCH-01500,hustling_subject_specialist,Physics,SS2A,SCI-LAB-01,1,Wednesday,10:00,12:20,3,10:00,4
SCH-116-LSN-0024,SCH-116,TCH-01500,hustling_subject_specialist,Economics,SS1A,ROOM-SS1A,1,Thursday,8:00,10:00,3,8:00,4
SCH-116-LSN-0025,SCH-116,TCH-01500,hustling_subject_specialist,Economics,SS1B,ROOM-SS1B,1,Thursday,10:00,12:20,3,10:00,4
SCH-116-LSN-0026,SCH-116,TCH-01500,hustling_subject_specialist,Economics,SS3B,ROOM-SS3B,1,Wednesday,12:20,14:20,3,12:20,-4
SCH-116-LSN-0027,SCH-116,TCH-01500,hustling_subject_specialist,Physics,SS3A,SCI-LAB-01,1,Thursday,12:20,14:20,3,12:20,-4
SCH-116-LSN-0028,SCH-116,TCH-01501,veteran_staff_room_boss,Chemistry,SS3A,SCI-LAB-01,1,Monday,8:40,9:20,1,8:40,4
SCH-116-LSN-0029,SCH-116,TCH-01501,veteran_staff_room_boss,Further Mathematics,SS2B,ROOM-SS2B,1,Monday,9:20,10:00,1,9:20,4
SCH-116-LSN-0030,SCH-116,TCH-01501,veteran_staff_room_boss,Chemistry,SS2B,SCI-LAB-01,1,Monday,10:00,10:40,1,10:00,4
SCH-116-LSN-0031,SCH-116,TCH-01501,veteran_staff_room_boss,Further Mathematics,SS2A,ROOM-SS2A,1,Tuesday,8:40,9:20,1,8:40,4
SCH-116-LSN-0032,SCH-116,TCH-01501,veteran_staff_room_boss,Further Mathematics,SS3A,ROOM-SS3A,1,Tuesday,9:20,10:00,1,9:20,4
SCH-116-LSN-0033,SCH-116,TCH-01501,veteran_staff_room_boss,Further Mathematics,SS1A,ROOM-SS1A,1,Tuesday,10:00,10:40,1,10:00,4
SCH-116-LSN-0034,SCH-116,TCH-01501,veteran_staff_room_boss,Further Mathematics,SS1A,ROOM-SS1A,1,Wednesday,8:40,9:20,1,8:40,4
SCH-116-LSN-0035,SCH-116,TCH-01501,veteran_staff_room_boss,Further Mathematics,SS3A,ROOM-SS3A,1,Wednesday,9:20,10:00,1,9:20,4
SCH-116-LSN-0036,SCH-116,TCH-01502,veteran_staff_room_boss,Biology,SS2B,SCI-LAB-01,1,Tuesday,8:40,10:00,2,8:40,4
SCH-116-LSN-0037,SCH-116,TCH-01502,veteran_staff_room_boss,Biology,SS2B,SCI-LAB-01,1,Tuesday,10:00,11:20,2,10:00,4
SCH-116-LSN-0038,SCH-116,TCH-01502,veteran_staff_room_boss,Chemistry,SS1B,SCI-LAB-01,1,Monday,8:40,10:00,2,8:40,4
SCH-116-LSN-0039,SCH-116,TCH-01502,veteran_staff_room_boss,Biology,SS3B,SCI-LAB-01,1,Thursday,8:40,10:00,2,8:40,4
SCH-116-LSN-0040,SCH-116,TCH-01502,veteran_staff_room_boss,Biology,SS1A,SCI-LAB-01,1,Thursday,10:00,11:20,2,10:00,4
SCH-116-LSN-0041,SCH-116,TCH-01502,veteran_staff_room_boss,Biology,SS3B,SCI-LAB-01,1,Friday,8:40,10:00,2,8:40,4
SCH-116-LSN-0042,SCH-116,TCH-01502,veteran_staff_room_boss,Biology,SS1B,SCI-LAB-01,1,Wednesday,8:40,10:00,2,8:40,4
SCH-116-LSN-0043,SCH-116,TCH-01502,veteran_staff_room_boss,Chemistry,SS1A,SCI-LAB-01,1,Monday,10:00,11:20,2,10:00,4
SCH-116-LSN-0044,SCH-116,TCH-01503,hustling_subject_specialist,Physics,SS1B,SCI-LAB-01,1,Tuesday,11:40,13:40,3,11:40,0
SCH-116-LSN-0045,SCH-116,TCH-01503,hustling_subject_specialist,Physics,SS2B,ROOM-SS2B,0,Thursday,10:00,12:20,3,10:00,4
SCH-116-LSN-0046,SCH-116,TCH-01503,hustling_subject_specialist,Physics,SS1B,ROOM-SS1B,0,Thursday,12:20,14:20,3,12:20,-4
SCH-116-LSN-0047,SCH-116,TCH-01504,nysc_corper,Basic Science,JSS3B,ROOM-JSS3B,1,Monday,13:00,13:40,1,13:00,4.5
SCH-116-LSN-0048,SCH-116,TCH-01504,nysc_corper,Civic Education,JSS1B,ROOM-JSS1B,1,Tuesday,13:00,13:40,1,13:00,4.5
SCH-116-LSN-0049,SCH-116,TCH-01504,nysc_corper,Basic Science,JSS3B,ROOM-JSS3B,1,Monday,13:40,14:20,1,13:40,4.5
SCH-116-LSN-0050,SCH-116,TCH-01504,nysc_corper,Basic Science,JSS3B,ROOM-JSS3B,1,Tuesday,13:40,14:20,1,13:40,4.5
SCH-116-LSN-0051,SCH-116,TCH-01505,overworked_generalist,PHE,JSS2A,ROOM-JSS2A,1,Wednesday,10:00,12:20,3,10:00,1.47
SCH-116-LSN-0052,SCH-116,TCH-01505,overworked_generalist,PHE,SS1A,ROOM-SS1A,1,Monday,11:40,13:40,3,11:40,1.39
SCH-116-LSN-0053,SCH-116,TCH-01505,overworked_generalist,PHE,JSS2B,ROOM-JSS2B,1,Tuesday,10:00,12:20,3,10:00,1.45
SCH-116-LSN-0054,SCH-116,TCH-01505,overworked_generalist,CRS,JSS2A,ROOM-JSS2A,1,Wednesday,8:00,10:00,3,8:00,1.43
SCH-116-LSN-0055,SCH-116,TCH-01505,overworked_generalist,Basic Technology,SS3A,ROOM-SS3A,0,Wednesday,12:20,14:20,3,12:20,1.38
SCH-116-LSN-0056,SCH-116,TCH-01505,overworked_generalist,Basic Technology,JSS3A,ROOM-JSS3A,0,Thursday,8:40,10:40,3,8:40,1.47
SCH-116-LSN-0057,SCH-116,TCH-01506,veteran_staff_room_boss,Chemistry,SS2B,SCI-LAB-01,1,Monday,8:40,9:20,1,8:40,4
SCH-116-LSN-0058,SCH-116,TCH-01506,veteran_staff_room_boss,Chemistry,SS1A,SCI-LAB-01,1,Monday,9:20,10:00,1,9:20,4
SCH-116-LSN-0059,SCH-116,TCH-01506,veteran_staff_room_boss,Physics,SS3A,SCI-LAB-01,1,Wednesday,10:00,10:40,1,10:00,4
SCH-116-LSN-0060,SCH-116,TCH-01506,veteran_staff_room_boss,Chemistry,SS3A,SCI-LAB-01,1,Friday,10:00,10:40,1,10:00,4
SCH-116-LSN-0061,SCH-116,TCH-01506,veteran_staff_room_boss,Physics,SS1B,SCI-LAB-01,1,Monday,11:40,12:20,1,11:40,0
SCH-116-LSN-0062,SCH-116,TCH-01506,veteran_staff_room_boss,Chemistry,SS3A,SCI-LAB-01,1,Tuesday,8:00,8:40,1,8:00,0
SCH-116-LSN-0063,SCH-116,TCH-01507,overworked_generalist,PHE,SS1B,ROOM-SS1B,1,Wednesday,10:40,13:40,4,10:40,1.47
SCH-116-LSN-0064,SCH-116,TCH-01507,overworked_generalist,PHE,SS3A,ROOM-SS3A,1,Tuesday,10:00,13:00,4,10:00,1.36
SCH-116-LSN-0065,SCH-116,TCH-01507,overworked_generalist,CRS,JSS2B,ROOM-JSS2B,1,Thursday,11:40,14:20,4,11:40,1.46
SCH-116-LSN-0066,SCH-116,TCH-01507,overworked_generalist,PHE,SS2A,ROOM-SS2A,1,Monday,8:00,10:40,4,8:00,1.45
SCH-116-LSN-0067,SCH-116,TCH-01508,veteran_staff_room_boss,Biology,SS3B,SCI-LAB-01,1,Tuesday,8:40,10:00,2,8:40,4
SCH-116-LSN-0068,SCH-116,TCH-01508,veteran_staff_room_boss,Biology,SS3B,SCI-LAB-01,1,Thursday,10:00,11:20,2,10:00,4
SCH-116-LSN-0069,SCH-116,TCH-01508,veteran_staff_room_boss,Further Mathematics,SS3B,ROOM-SS3B,1,Monday,8:40,10:00,2,8:40,4
SCH-116-LSN-0070,SCH-116,TCH-01508,veteran_staff_room_boss,Further Mathematics,SS2A,ROOM-SS2A,1,Tuesday,10:00,11:20,2,10:00,4
SCH-116-LSN-0071,SCH-116,TCH-01508,veteran_staff_room_boss,Further Mathematics,SS1A,ROOM-SS1A,1,Wednesday,9:20,10:40,2,9:20,4
SCH-116-LSN-0072,SCH-116,TCH-01508,veteran_staff_room_boss,Biology,SS3A,SCI-LAB-01,1,Friday,8:40,10:00,2,8:40,4
SCH-116-LSN-0073,SCH-116,TCH-01508,veteran_staff_room_boss,Further Mathematics,SS3B,ROOM-SS3B,1,Monday,10:00,11:20,2,10:00,4
SCH-116-LSN-0074,SCH-116,TCH-01508,veteran_staff_room_boss,Biology,SS3B,SCI-LAB-01,1,Friday,10:40,12:20,2,10:40,0
SCH-116-LSN-0075,SCH-116,TCH-01509,veteran_staff_room_boss,Further Mathematics,SS1A,ROOM-SS1A,1,Monday,8:40,9:20,1,8:40,4
SCH-116-LSN-0076,SCH-116,TCH-01509,veteran_staff_room_boss,Further Mathematics,SS3B,ROOM-SS3B,1,Tuesday,10:00,10:40,1,10:00,4
SCH-116-LSN-0077,SCH-116,TCH-01509,veteran_staff_room_boss,Further Mathematics,SS1B,ROOM-SS1B,1,Monday,10:00,10:40,1,10:00,4
SCH-116-LSN-0078,SCH-116,TCH-01509,veteran_staff_room_boss,Further Mathematics,SS1A,ROOM-SS1A,1,Friday,8:40,9:20,1,8:40,4
SCH-116-LSN-0079,SCH-116,TCH-01510,nysc_corper,Civic Education,JSS2B,ROOM-JSS2B,1,Monday,13:00,13:40,1,13:00,4.5
SCH-116-LSN-0080,SCH-116,TCH-01510,nysc_corper,Civic Education,JSS1B,ROOM-JSS1B,1,Tuesday,13:40,14:20,1,13:40,4.5
SCH-116-LSN-0081,SCH-116,TCH-01510,nysc_corper,Civic Education,JSS3B,ROOM-JSS3B,1,Tuesday,13:00,13:40,1,13:00,4.5
SCH-116-LSN-0082,SCH-116,TCH-01510,nysc_corper,Basic Science,JSS1A,ROOM-JSS1A,1,Monday,13:40,14:20,1,13:40,4.5
SCH-116-LSN-0083,SCH-116,TCH-01510,nysc_corper,Basic Science,JSS2B,ROOM-JSS2B,1,Monday,8:00,8:40,1,8:00,0
SCH-116-LSN-0084,SCH-116,TCH-01510,nysc_corper,Basic Science,JSS2B,ROOM-JSS2B,1,Monday,8:40,9:20,1,8:40,0
SCH-117-LSN-0001,SCH-117,TCH-01511,nysc_corper,Civic Education,JSS2B,ROOM-JSS2B,1,Monday,13:00,13:40,1,13:00,4.5
SCH-117-LSN-0002,SCH-117,TCH-01511,nysc_corper,Civic Education,JSS3A,ROOM-JSS3A,1,Monday,13:40,14:20,1,13:40,4.5
SCH-117-LSN-0003,SCH-117,TCH-01511,nysc_corper,Civic Education,JSS2B,ROOM-JSS2B,1,Tuesday,13:00,13:40,1,13:00,4.5
SCH-117-LSN-0004,SCH-117,TCH-01511,nysc_corper,Civic Education,JSS2B,ROOM-JSS2B,1,Tuesday,13:40,14:20,1,13:40,4.5
SCH-117-LSN-0005,SCH-117,TCH-01511,nysc_corper,Civic Education,JSS1A,ROOM-JSS1A,1,Wednesday,13:00,13:40,1,13:00,4.5
SCH-117-LSN-0006,SCH-117,TCH-01511,nysc_corper,Civic Education,JSS3A,ROOM-JSS3A,1,Wednesday,13:40,14:20,1,13:40,4.5
SCH-117-LSN-0007,SCH-117,TCH-01512,overworked_generalist,Basic Technology,JSS1A,ROOM-JSS1A,0,Thursday,8:40,12:20,5,8:40,1.42
SCH-117-LSN-0008,SCH-117,TCH-01512,overworked_generalist,CRS,SS2A,ROOM-SS2A,1,Monday,10:00,13:40,5,10:00,1.44
SCH-117-LSN-0009,SCH-117,TCH-01512,overworked_generalist,CRS,JSS1B,ROOM-JSS1B,1,Wednesday,10:40,14:20,5,10:40,1.38
SCH-117-LSN-0010,SCH-117,TCH-01512,overworked_generalist,Basic Technology,JSS1A,ROOM-JSS1A,0,Tuesday,8:00,11:20,5,8:00,1.48
SCH-117-LSN-0011,SCH-117,TCH-01512,overworked_generalist,Basic Technology,SS3B,ROOM-SS3B,0,Friday,8:00,11:20,5,8:00,1.15
SCH-117-LSN-0012,SCH-117,TCH-01513,overworked_generalist,PHE,JSS3B,ROOM-JSS3B,1,Wednesday,8:40,12:20,5,8:40,1.41
SCH-117-LSN-0013,SCH-117,TCH-01513,overworked_generalist,PHE,SS2A,ROOM-SS2A,1,Thursday,8:00,11:20,5,8:00,1.47
SCH-117-LSN-0014,SCH-117,TCH-01513,overworked_generalist,PHE,SS1B,ROOM-SS1B,1,Friday,8:40,12:20,5,8:40,1.5
SCH-117-LSN-0015,SCH-117,TCH-01513,overworked_generalist,PHE,JSS2A,ROOM-JSS2A,1,Monday,10:00,13:40,5,10:00,1.26
SCH-117-LSN-0016,SCH-117,TCH-01513,overworked_generalist,PHE,JSS3B,ROOM-JSS3B,1,Tuesday,8:40,12:20,5,8:40,1.43
SCH-117-LSN-0017,SCH-117,TCH-01514,veteran_staff_room_boss,Chemistry,SS1B,SCI-LAB-01,1,Monday,8:40,9:20,1,8:40,4
SCH-117-LSN-0018,SCH-117,TCH-01514,veteran_staff_room_boss,Chemistry,SS1A,SCI-LAB-01,1,Monday,9:20,10:00,1,9:20,4
SCH-117-LSN-0019,SCH-117,TCH-01514,veteran_staff_room_boss,Chemistry,SS3A,SCI-LAB-01,1,Monday,10:00,10:40,1,10:00,4
SCH-117-LSN-0020,SCH-117,TCH-01514,veteran_staff_room_boss,Physics,SS2A,SCI-LAB-01,1,Tuesday,8:40,9:20,1,8:40,4
SCH-117-LSN-0021,SCH-117,TCH-01514,veteran_staff_room_boss,Chemistry,SS3B,SCI-LAB-01,1,Tuesday,9:20,10:00,1,9:20,4
SCH-117-LSN-0022,SCH-117,TCH-01514,veteran_staff_room_boss,Physics,SS3A,SCI-LAB-01,1,Tuesday,10:00,10:40,1,10:00,4
SCH-117-LSN-0023,SCH-117,TCH-01515,overworked_generalist,PHE,JSS3A,ROOM-JSS3A,1,Friday,8:00,10:00,3,8:00,1.46
SCH-117-LSN-0024,SCH-117,TCH-01515,overworked_generalist,CRS,JSS1B,ROOM-JSS1B,1,Tuesday,8:40,10:40,3,8:40,1.49
SCH-117-LSN-0025,SCH-117,TCH-01515,overworked_generalist,PHE,JSS1B,ROOM-JSS1B,1,Monday,11:40,13:40,3,11:40,1.4
SCH-117-LSN-0026,SCH-117,TCH-01515,overworked_generalist,CRS,JSS2B,ROOM-JSS2B,1,Monday,8:40,10:40,3,8:40,1.5
SCH-117-LSN-0027,SCH-117,TCH-01516,hustling_subject_specialist,Economics,SS3A,ROOM-SS3A,1,Monday,8:00,9:20,2,8:00,4
SCH-117-LSN-0028,SCH-117,TCH-01516,hustling_subject_specialist,Economics,SS3B,ROOM-SS3B,1,Monday,9:20,10:40,2,9:20,4
SCH-117-LSN-0029,SCH-117,TCH-01516,hustling_subject_specialist,Further Mathematics,SS1A,ROOM-SS1A,1,Monday,10:40,12:20,2,10:40,4
SCH-117-LSN-0030,SCH-117,TCH-01516,hustling_subject_specialist,Further Mathematics,SS3A,ROOM-SS3A,1,Wednesday,8:00,9:20,2,8:00,4
SCH-117-LSN-0031,SCH-117,TCH-01517,hustling_subject_specialist,Economics,SS2B,ROOM-SS2B,1,Tuesday,8:00,9:20,2,8:00,4
SCH-117-LSN-0032,SCH-117,TCH-01517,hustling_subject_specialist,Economics,SS1B,ROOM-SS1B,1,Tuesday,9:20,10:40,2,9:20,4
SCH-117-LSN-0033,SCH-117,TCH-01517,hustling_subject_specialist,Economics,SS3A,ROOM-SS3A,1,Tuesday,10:40,12:20,2,10:40,4
SCH-117-LSN-0034,SCH-117,TCH-01517,hustling_subject_specialist,Economics,SS3B,ROOM-SS3B,1,Wednesday,8:00,9:20,2,8:00,4
SCH-117-LSN-0035,SCH-117,TCH-01517,hustling_subject_specialist,Further Mathematics,SS2B,ROOM-SS2B,1,Wednesday,9:20,10:40,2,9:20,4
SCH-117-LSN-0036,SCH-117,TCH-01517,hustling_subject_specialist,Further Mathematics,SS2B,ROOM-SS2B,1,Wednesday,10:40,12:20,2,10:40,4
SCH-117-LSN-0037,SCH-117,TCH-01517,hustling_subject_specialist,Further Mathematics,SS2B,ROOM-SS2B,1,Thursday,8:00,9:20,2,8:00,4
SCH-117-LSN-0038,SCH-117,TCH-01517,hustling_subject_specialist,Economics,SS3B,ROOM-SS3B,1,Thursday,9:20,10:40,2,9:20,4
SCH-117-LSN-0039,SCH-117,TCH-01518,nysc_corper,Basic Science,JSS1A,ROOM-JSS1A,1,Monday,13:00,13:40,1,13:00,4.5
SCH-117-LSN-0040,SCH-117,TCH-01518,nysc_corper,Civic Education,JSS3B,ROOM-JSS3B,1,Monday,13:40,14:20,1,13:40,4.5
SCH-117-LSN-0041,SCH-117,TCH-01518,nysc_corper,Basic Science,JSS2B,ROOM-JSS2B,1,Thursday,13:00,13:40,1,13:00,4.5
SCH-117-LSN-0042,SCH-117,TCH-01518,nysc_corper,Basic Science,JSS1B,ROOM-JSS1B,1,Tuesday,13:00,13:40,1,13:00,4.5
SCH-117-LSN-0043,SCH-117,TCH-01518,nysc_corper,Basic Science,JSS2A,ROOM-JSS2A,1,Tuesday,13:40,14:20,1,13:40,4.5
SCH-117-LSN-0044,SCH-117,TCH-01518,nysc_corper,Basic Science,JSS1A,ROOM-JSS1A,1,Thursday,13:40,14:20,1,13:40,4.5
SCH-117-LSN-0045,SCH-117,TCH-01519,overworked_generalist,PHE,SS1B,ROOM-SS1B,1,Monday,11:40,14:20,4,11:40,1.46
SCH-117-LSN-0046,SCH-117,TCH-01519,overworked_generalist,Basic Technology,SS3B,ROOM-SS3B,0,Thursday,10:40,13:40,4,10:40,1.48
SCH-117-LSN-0047,SCH-117,TCH-01519,overworked_generalist,PHE,SS1A,ROOM-SS1A,1,Wednesday,8:40,11:20,4,8:40,1.45
SCH-117-LSN-0048,SCH-117,TCH-01519,overworked_generalist,PHE,SS2B,ROOM-SS2B,1,Tuesday,10:00,13:00,4,10:00,1.49
SCH-117-LSN-0049,SCH-117,TCH-01519,overworked_generalist,Basic Technology,SS3B,WORKSHOP-01,1,Wednesday,11:40,14:20,4,11:40,0.56
SCH-117-LSN-0050,SCH-117,TCH-01519,overworked_generalist,Basic Technology,SS1B,ROOM-SS1B,0,Thursday,8:00,10:40,4,8:00,0.95
SCH-117-LSN-0051,SCH-117,TCH-01520,overworked_generalist,CRS,SS3A,ROOM-SS3A,1,Monday,10:40,13:40,4,10:40,1.45
SCH-117-LSN-0052,SCH-117,TCH-01520,overworked_generalist,Basic Technology,JSS3A,WORKSHOP-01,1,Wednesday,9:20,12:20,4,9:20,1.45
SCH-117-LSN-0053,SCH-117,TCH-01520,overworked_generalist,CRS,JSS2B,ROOM-JSS2B,1,Friday,8:00,10:40,4,8:00,1.39
SCH-117-LSN-0054,SCH-117,TCH-01520,overworked_generalist,CRS,JSS3B,ROOM-JSS3B,1,Thursday,10:40,13:40,4,10:40,1.26
SCH-117-LSN-0055,SCH-117,TCH-01520,overworked_generalist,CRS,JSS3B,ROOM-JSS3B,1,Monday,8:00,10:40,4,8:00,1.2
SCH-117-LSN-0056,SCH-117,TCH-01520,overworked_generalist,CRS,SS2A,ROOM-SS2A,1,Tuesday,10:00,13:00,4,10:00,1.46
SCH-117-LSN-0057,SCH-117,TCH-01521,overworked_generalist,PHE,SS3A,ROOM-SS3A,1,Thursday,8:00,11:20,5,8:00,1.38
SCH-117-LSN-0058,SCH-117,TCH-01521,overworked_generalist,PHE,SS3A,ROOM-SS3A,1,Friday,8:40,12:20,5,8:40,1.47
SCH-117-LSN-0059,SCH-117,TCH-01521,overworked_generalist,Basic Technology,SS1A,ROOM-SS1A,0,Tuesday,8:00,11:20,5,8:00,1.45
SCH-117-LSN-0060,SCH-117,TCH-01521,overworked_generalist,PHE,SS1B,ROOM-SS1B,1,Wednesday,8:00,11:20,5,8:00,1.5
SCH-117-LSN-0061,SCH-117,TCH-01522,overworked_generalist,Basic Technology,JSS2B,ROOM-JSS2B,0,Thursday,9:20,12:20,4,9:20,1.43
SCH-117-LSN-0062,SCH-117,TCH-01522,overworked_generalist,Basic Technology,JSS3B,ROOM-JSS3B,0,Monday,10:40,13:40,4,10:40,0.87
SCH-117-LSN-0063,SCH-117,TCH-01522,overworked_generalist,Basic Technology,JSS1B,ROOM-JSS1B,0,Monday,8:00,10:40,4,8:00,1.29
SCH-117-LSN-0064,SCH-117,TCH-01522,overworked_generalist,PHE,JSS2A,ROOM-JSS2A,1,Tuesday,9:20,12:20,4,9:20,1.48
SCH-117-LSN-0065,SCH-117,TCH-01522,overworked_generalist,Basic Technology,SS1B,ROOM-SS1B,0,Wednesday,11:40,14:20,4,11:40,1.26
SCH-117-LSN-0066,SCH-117,TCH-01523,nysc_corper,Civic Education,JSS2A,ROOM-JSS2A,1,Monday,13:40,14:20,1,13:40,4.5
SCH-117-LSN-0067,SCH-117,TCH-01523,nysc_corper,Basic Science,JSS1B,ROOM-JSS1B,1,Tuesday,13:40,14:20,1,13:40,4.5
SCH-117-LSN-0068,SCH-117,TCH-01523,nysc_corper,Civic Education,JSS1B,ROOM-JSS1B,1,Monday,10:40,11:20,1,10:40,0
SCH-117-LSN-0069,SCH-117,TCH-01523,nysc_corper,Basic Science,JSS1A,ROOM-JSS1A,1,Tuesday,13:00,13:40,1,13:00,4.5
SCH-117-LSN-0070,SCH-117,TCH-01523,nysc_corper,Civic Education,JSS3A,ROOM-JSS3A,1,Monday,13:00,13:40,1,13:00,4.5
SCH-117-LSN-0071,SCH-117,TCH-01523,nysc_corper,Basic Science,JSS2B,ROOM-JSS2B,1,Wednesday,13:00,13:40,1,13:00,4.5
SCH-117-LSN-0072,SCH-117,TCH-01523,nysc_corper,Basic Science,JSS2A,ROOM-JSS2A,1,Wednesday,13:40,14:20,1,13:40,4.5
SCH-117-LSN-0073,SCH-117,TCH-01523,nysc_corper,Civic Education,JSS3B,ROOM-JSS3B,1,Tuesday,8:00,8:40,1,8:00,0
SCH-117-LSN-0074,SCH-117,TCH-01524,nysc_corper,Civic Education,JSS3A,ROOM-JSS3A,1,Wednesday,13:00,13:40,1,13:00,4.5
SCH-117-LSN-0075,SCH-117,TCH-01524,nysc_corper,Civic Education,JSS1B,ROOM-JSS1B,1,Monday,13:40,14:20,1,13:40,4.5
SCH-117-LSN-0076,SCH-117,TCH-01524,nysc_corper,Civic Education,JSS1A,ROOM-JSS1A,1,Wednesday,13:40,14:20,1,13:40,4.5
SCH-117-LSN-0077,SCH-117,TCH-01524,nysc_corper,Civic Education,JSS3A,ROOM-JSS3A,1,Thursday,13:00,13:40,1,13:00,4.5
SCH-118-LSN-0001,SCH-118,TCH-01525,nysc_corper,Basic Science,JSS2A,ROOM-JSS2A,1,Monday,13:00,13:40,1,13:00,4.5
SCH-118-LSN-0002,SCH-118,TCH-01525,nysc_corper,Basic Science,JSS1B,ROOM-JSS1B,1,Monday,13:40,14:20,1,13:40,4.5
SCH-118-LSN-0003,SCH-118,TCH-01525,nysc_corper,Basic Science,JSS3B,ROOM-JSS3B,1,Tuesday,13:00,13:40,1,13:00,4.5
SCH-118-LSN-0004,SCH-118,TCH-01525,nysc_corper,Civic Education,JSS1A,ROOM-JSS1A,1,Tuesday,13:40,14:20,1,13:40,4.5
SCH-118-LSN-0005,SCH-118,TCH-01525,nysc_corper,Civic Education,JSS1B,ROOM-JSS1B,1,Wednesday,13:00,13:40,1,13:00,4.5
SCH-118-LSN-0006,SCH-118,TCH-01525,nysc_corper,Basic Science,JSS3A,ROOM-JSS3A,1,Wednesday,13:40,14:20,1,13:40,4.5
SCH-118-LSN-0007,SCH-118,TCH-01525,nysc_corper,Basic Science,JSS3A,ROOM-JSS3A,1,Monday,8:00,8:40,1,8:00,0
SCH-118-LSN-0008,SCH-118,TCH-01525,nysc_corper,Civic Education,JSS2B,ROOM-JSS2B,1,Monday,8:40,9:20,1,8:40,0
SCH-118-LSN-0009,SCH-118,TCH-01526,overworked_generalist,PHE,SS2A,ROOM-SS2A,1,Wednesday,8:00,10:00,3,8:00,1.47
SCH-118-LSN-0010,SCH-118,TCH-01526,overworked_generalist,CRS,JSS2B,ROOM-JSS2B,1,Thursday,8:40,10:40,3,8:40,1.38
SCH-118-LSN-0011,SCH-118,TCH-01526,overworked_generalist,CRS,JSS1B,ROOM-JSS1B,1,Thursday,11:40,13:40,3,11:40,1.5
SCH-118-LSN-0012,SCH-118,TCH-01526,overworked_generalist,CRS,JSS1B,ROOM-JSS1B,1,Friday,8:00,10:00,3,8:00,1.44
SCH-118-LSN-0013,SCH-118,TCH-01526,overworked_generalist,PHE,SS1A,ROOM-SS1A,1,Monday,8:00,10:00,3,8:00,1.48
SCH-118-LSN-0014,SCH-118,TCH-01526,overworked_generalist,CRS,JSS2A,ROOM-JSS2A,1,Wednesday,10:00,12:20,3,10:00,1.47
SCH-118-LSN-0015,SCH-118,TCH-01526,overworked_generalist,PHE,JSS3A,ROOM-JSS3A,1,Monday,11:40,13:40,3,11:40,1.46
SCH-118-LSN-0016,SCH-118,TCH-01526,overworked_generalist,CRS,JSS1A,ROOM-JSS1A,1,Tuesday,10:40,13:00,3,10:40,1.26
SCH-118-LSN-0017,SCH-118,TCH-01526,overworked_generalist,Basic Technology,SS3B,ROOM-SS3B,0,Tuesday,8:00,10:00,3,8:00,1.45
SCH-118-LSN-0018,SCH-118,TCH-01526,overworked_generalist,Basic Technology,JSS1A,ROOM-JSS1A,0,Wednesday,12:20,14:20,3,12:20,1.41
SCH-118-LSN-0019,SCH-118,TCH-01526,overworked_generalist,Basic Technology,SS1B,ROOM-SS1B,0,Friday,10:00,12:20,3,10:00,1.28
SCH-118-LSN-0020,SCH-118,TCH-01527,veteran_staff_room_boss,Physics,SS3A,SCI-LAB-01,1,Monday,8:40,10:00,2,8:40,4
SCH-118-LSN-0021,SCH-118,TCH-01527,veteran_staff_room_boss,Further Mathematics,SS3B,ROOM-SS3B,1,Monday,10:00,11:20,2,10:00,4
SCH-118-LSN-0022,SCH-118,TCH-01527,veteran_staff_room_boss,Physics,SS3B,SCI-LAB-01,1,Tuesday,10:00,11:20,2,10:00,4
SCH-118-LSN-0023,SCH-118,TCH-01527,veteran_staff_room_boss,Further Mathematics,SS2B,ROOM-SS2B,1,Wednesday,8:40,10:00,2,8:40,4
SCH-118-LSN-0024,SCH-118,TCH-01527,veteran_staff_room_boss,Physics,SS3B,SCI-LAB-01,1,Wednesday,10:00,11:20,2,10:00,4
SCH-118-LSN-0025,SCH-118,TCH-01527,veteran_staff_room_boss,Further Mathematics,SS1B,ROOM-SS1B,1,Thursday,8:40,10:00,2,8:40,4
SCH-118-LSN-0026,SCH-118,TCH-01528,hustling_subject_specialist,Further Mathematics,SS3A,ROOM-SS3A,1,Monday,10:00,11:20,2,10:00,4
SCH-118-LSN-0027,SCH-118,TCH-01528,hustling_subject_specialist,Further Mathematics,SS3A,ROOM-SS3A,1,Wednesday,8:00,9:20,2,8:00,4
SCH-118-LSN-0028,SCH-118,TCH-01529,nysc_corper,Civic Education,JSS1A,ROOM-JSS1A,1,Monday,13:00,13:40,1,13:00,4.5
SCH-118-LSN-0029,SCH-118,TCH-01529,nysc_corper,Civic Education,JSS2A,ROOM-JSS2A,1,Monday,13:40,14:20,1,13:40,4.5
SCH-118-LSN-0030,SCH-118,TCH-01529,nysc_corper,Civic Education,JSS1A,ROOM-JSS1A,1,Tuesday,13:00,13:40,1,13:00,4.5
SCH-118-LSN-0031,SCH-118,TCH-01529,nysc_corper,Civic Education,JSS3B,ROOM-JSS3B,1,Tuesday,13:40,14:20,1,13:40,4.5
SCH-118-LSN-0032,SCH-118,TCH-01530,overworked_generalist,PHE,SS3B,ROOM-SS3B,1,Thursday,8:40,10:40,3,8:40,1.38
SCH-118-LSN-0033,SCH-118,TCH-01530,overworked_generalist,Basic Technology,JSS3A,ROOM-JSS3A,0,Wednesday,8:40,10:40,3,8:40,1.46
SCH-118-LSN-0034,SCH-118,TCH-01530,overworked_generalist,PHE,JSS3B,ROOM-JSS3B,1,Friday,10:00,12:20,3,10:00,1.35
SCH-118-LSN-0035,SCH-118,TCH-01530,overworked_generalist,PHE,JSS3B,ROOM-JSS3B,1,Wednesday,12:20,14:20,3,12:20,1.34
SCH-118-LSN-0036,SCH-118,TCH-01530,overworked_generalist,CRS,SS2B,ROOM-SS2B,1,Tuesday,10:40,13:00,3,10:40,1.46
SCH-118-LSN-0037,SCH-118,TCH-01530,overworked_generalist,PHE,JSS3B,ROOM-JSS3B,1,Thursday,10:40,13:00,3,10:40,1.48
SCH-118-LSN-0038,SCH-118,TCH-01530,overworked_generalist,Basic Technology,SS3B,ROOM-SS3B,0,Monday,12:20,14:20,3,12:20,1.48
SCH-118-LSN-0039,SCH-118,TCH-01530,overworked_generalist,Basic Technology,JSS1A,ROOM-JSS1A,0,Friday,8:00,10:00,3,8:00,1.47
SCH-118-LSN-0040,SCH-118,TCH-01530,overworked_generalist,PHE,JSS3A,ROOM-JSS3A,1,Monday,8:40,10:40,3,8:40,1.4
SCH-118-LSN-0041,SCH-118,TCH-01531,nysc_corper,Basic Science,JSS1A,ROOM-JSS1A,1,Thursday,13:00,13:40,1,13:00,4.5
SCH-118-LSN-0042,SCH-118,TCH-01531,nysc_corper,Civic Education,JSS1A,ROOM-JSS1A,1,Thursday,13:40,14:20,1,13:40,4.5
SCH-118-LSN-0043,SCH-118,TCH-01531,nysc_corper,Basic Science,JSS2A,ROOM-JSS2A,1,Tuesday,13:00,13:40,1,13:00,4.5
SCH-118-LSN-0044,SCH-118,TCH-01531,nysc_corper,Basic Science,JSS1A,ROOM-JSS1A,1,Tuesday,8:00,8:40,1,8:00,0
SCH-118-LSN-0045,SCH-118,TCH-01532,veteran_staff_room_boss,Physics,SS2B,SCI-LAB-01,1,Monday,8:40,9:20,1,8:40,4
SCH-118-LSN-0046,SCH-118,TCH-01532,veteran_staff_room_boss,Physics,SS3A,SCI-LAB-01,1,Tuesday,8:40,9:20,1,8:40,4
SCH-118-LSN-0047,SCH-118,TCH-01532,veteran_staff_room_boss,Chemistry,SS2A,SCI-LAB-01,1,Monday,10:00,10:40,1,10:00,4
SCH-118-LSN-0048,SCH-118,TCH-01532,veteran_staff_room_boss,Chemistry,SS3B,SCI-LAB-01,1,Wednesday,8:40,9:20,1,8:40,4
SCH-118-LSN-0049,SCH-118,TCH-01532,veteran_staff_room_boss,Physics,SS3B,SCI-LAB-01,1,Wednesday,9:20,10:00,1,9:20,4
SCH-118-LSN-0050,SCH-118,TCH-01532,veteran_staff_room_boss,Chemistry,SS1A,SCI-LAB-01,1,Tuesday,9:20,10:00,1,9:20,4
SCH-118-LSN-0051,SCH-118,TCH-01533,nysc_corper,Civic Education,JSS3A,ROOM-JSS3A,1,Monday,13:40,14:20,1,13:40,4.5
SCH-118-LSN-0052,SCH-118,TCH-01533,nysc_corper,Basic Science,JSS1B,ROOM-JSS1B,1,Monday,13:00,13:40,1,13:00,4.5
SCH-118-LSN-0053,SCH-118,TCH-01533,nysc_corper,Civic Education,JSS3A,ROOM-JSS3A,1,Wednesday,13:00,13:40,1,13:00,4.5
SCH-118-LSN-0054,SCH-118,TCH-01533,nysc_corper,Civic Education,JSS3A,ROOM-JSS3A,1,Thursday,13:00,13:40,1,13:00,4.5
SCH-118-LSN-0055,SCH-118,TCH-01533,nysc_corper,Civic Education,JSS3B,ROOM-JSS3B,1,Thursday,13:40,14:20,1,13:40,4.5
SCH-118-LSN-0056,SCH-118,TCH-01533,nysc_corper,Civic Education,JSS3A,ROOM-JSS3A,1,Monday,10:40,11:20,1,10:40,0
SCH-118-LSN-0057,SCH-118,TCH-01534,nysc_corper,Civic Education,JSS1A,ROOM-JSS1A,1,Monday,13:40,14:20,1,13:40,4.5
SCH-118-LSN-0058,SCH-118,TCH-01534,nysc_corper,Civic Education,JSS2A,ROOM-JSS2A,1,Tuesday,13:40,14:20,1,13:40,4.5
SCH-118-LSN-0059,SCH-118,TCH-01534,nysc_corper,Basic Science,JSS2A,ROOM-JSS2A,1,Thursday,13:00,13:40,1,13:00,4.5
SCH-118-LSN-0060,SCH-118,TCH-01534,nysc_corper,Basic Science,JSS1A,ROOM-JSS1A,1,Monday,8:00,8:40,1,8:00,0
SCH-118-LSN-0061,SCH-118,TCH-01535,veteran_staff_room_boss,Chemistry,SS2B,SCI-LAB-01,1,Monday,10:00,10:40,1,10:00,4
SCH-118-LSN-0062,SCH-118,TCH-01535,veteran_staff_room_boss,Chemistry,SS1B,SCI-LAB-01,1,Tuesday,9:20,10:00,1,9:20,4
SCH-118-LSN-0063,SCH-118,TCH-01535,veteran_staff_room_boss,Chemistry,SS2A,SCI-LAB-01,1,Thursday,8:40,9:20,1,8:40,4
SCH-118-LSN-0064,SCH-118,TCH-01535,veteran_staff_room_boss,Chemistry,SS1B,SCI-LAB-01,1,Wednesday,8:40,9:20,1,8:40,4
SCH-118-LSN-0065,SCH-118,TCH-01536,overworked_generalist,PHE,JSS2A,ROOM-JSS2A,1,Friday,8:00,11:20,5,8:00,1.34
SCH-118-LSN-0066,SCH-118,TCH-01536,overworked_generalist,CRS,JSS1B,ROOM-JSS1B,1,Monday,8:40,12:20,5,8:40,1.47
SCH-118-LSN-0067,SCH-118,TCH-01536,overworked_generalist,CRS,JSS3A,ROOM-JSS3A,1,Thursday,8:00,11:20,5,8:00,1.43
SCH-118-LSN-0068,SCH-118,TCH-01536,overworked_generalist,Basic Technology,SS1A,ROOM-SS1A,0,Wednesday,9:20,13:00,5,9:20,1.45
SCH-118-LSN-0069,SCH-118,TCH-01536,overworked_generalist,PHE,JSS2A,ROOM-JSS2A,1,Tuesday,8:00,11:20,5,8:00,1.19
SCH-118-LSN-0070,SCH-118,TCH-01537,overworked_generalist,PHE,SS1B,ROOM-SS1B,1,Tuesday,10:00,13:00,4,10:00,1.33
SCH-118-LSN-0071,SCH-118,TCH-01537,overworked_generalist,CRS,JSS2B,ROOM-JSS2B,1,Friday,8:00,10:40,4,8:00,1.34
SCH-118-LSN-0072,SCH-118,TCH-01537,overworked_generalist,CRS,SS1B,ROOM-SS1B,1,Thursday,11:40,14:20,4,11:40,1.46
SCH-118-LSN-0073,SCH-118,TCH-01537,overworked_generalist,Basic Technology,JSS2B,ROOM-JSS2B,0,Wednesday,8:40,11:20,4,8:40,1.36
SCH-118-LSN-0074,SCH-118,TCH-01537,overworked_generalist,PHE,JSS1A,ROOM-JSS1A,1,Monday,9:20,12:20,4,9:20,1.11
SCH-118-LSN-0075,SCH-118,TCH-01537,overworked_generalist,CRS,SS2A,ROOM-SS2A,1,Wednesday,11:40,14:20,4,11:40,1.3
SCH-118-LSN-0076,SCH-118,TCH-01537,overworked_generalist,CRS,JSS2A,ROOM-JSS2A,1,Thursday,8:00,10:40,4,8:00,0.83
SCH-118-LSN-0077,SCH-118,TCH-01538,overworked_generalist,Basic Technology,JSS1B,ROOM-JSS1B,0,Tuesday,8:40,10:40,3,8:40,1.47
SCH-118-LSN-0078,SCH-118,TCH-01538,overworked_generalist,Basic Technology,JSS3B,WORKSHOP-01,1,Wednesday,10:00,12:20,3,10:00,1.48
SCH-118-LSN-0079,SCH-118,TCH-01538,overworked_generalist,Basic Technology,JSS1B,ROOM-JSS1B,0,Thursday,9:20,11:20,3,9:20,1.43
SCH-118-LSN-0080,SCH-118,TCH-01538,overworked_generalist,Basic Technology,JSS1B,ROOM-JSS1B,0,Tuesday,12:20,14:20,3,12:20,1.01
SCH-118-LSN-0081,SCH-118,TCH-01538,overworked_generalist,CRS,SS1A,ROOM-SS1A,1,Monday,11:40,13:40,3,11:40,1.37
SCH-118-LSN-0082,SCH-118,TCH-01538,overworked_generalist,Basic Technology,JSS2B,WORKSHOP-01,1,Thursday,12:20,14:20,3,12:20,1.3
SCH-118-LSN-0083,SCH-118,TCH-01539,hustling_subject_specialist,Economics,SS1B,ROOM-SS1B,1,Monday,8:00,10:00,3,8:00,4
SCH-118-LSN-0084,SCH-118,TCH-01539,hustling_subject_specialist,Economics,SS1A,ROOM-SS1A,1,Tuesday,10:00,12:20,3,10:00,4
SCH-118-LSN-0085,SCH-118,TCH-01539,hustling_subject_specialist,Physics,SS1B,SCI-LAB-01,1,Monday,10:40,13:00,3,10:40,4
SCH-118-LSN-0086,SCH-118,TCH-01539,hustling_subject_specialist,Economics,SS2B,ROOM-SS2B,1,Tuesday,8:00,10:00,3,8:00,4
SCH-118-LSN-0087,SCH-118,TCH-01539,hustling_subject_specialist,Physics,SS3A,ROOM-SS3A,0,Thursday,8:40,10:40,3,8:40,4
SCH-118-LSN-0088,SCH-118,TCH-01539,hustling_subject_specialist,Economics,SS3B,ROOM-SS3B,1,Thursday,10:40,13:00,3,10:40,4
SCH-118-LSN-0089,SCH-118,TCH-01540,veteran_staff_room_boss,Further Mathematics,SS3B,ROOM-SS3B,1,Monday,8:40,9:20,1,8:40,4
SCH-118-LSN-0090,SCH-118,TCH-01540,veteran_staff_room_boss,Further Mathematics,SS3A,ROOM-SS3A,1,Tuesday,9:20,10:00,1,9:20,4
SCH-118-LSN-0091,SCH-118,TCH-01540,veteran_staff_room_boss,Further Mathematics,SS3A,ROOM-SS3A,1,Tuesday,10:00,10:40,1,10:00,4
SCH-119-LSN-0001,SCH-119,TCH-01541,overworked_generalist,PHE,SS1B,ROOM-SS1B,1,Tuesday,10:00,13:40,5,10:00,1.49
SCH-119-LSN-0002,SCH-119,TCH-01541,overworked_generalist,PHE,JSS1B,ROOM-JSS1B,1,Thursday,8:00,11:20,5,8:00,1.49
SCH-119-LSN-0003,SCH-119,TCH-01541,overworked_generalist,PHE,SS1A,ROOM-SS1A,1,Monday,8:40,12:20,5,8:40,1.45
SCH-119-LSN-0004,SCH-119,TCH-01541,overworked_generalist,PHE,JSS1B,ROOM-JSS1B,1,Wednesday,10:00,13:40,5,10:00,1.24
SCH-119-LSN-0005,SCH-119,TCH-01542,hustling_subject_specialist,Further Mathematics,SS1A,ROOM-SS1A,1,Tuesday,8:00,9:20,2,8:00,4
SCH-119-LSN-0006,SCH-119,TCH-01542,hustling_subject_specialist,Further Mathematics,SS1B,ROOM-SS1B,1,Monday,8:00,9:20,2,8:00,4
SCH-119-LSN-0007,SCH-119,TCH-01542,hustling_subject_specialist,Further Mathematics,SS2A,ROOM-SS2A,1,Monday,9:20,10:40,2,9:20,4
SCH-119-LSN-0008,SCH-119,TCH-01542,hustling_subject_specialist,Economics,SS3A,ROOM-SS3A,1,Monday,10:40,12:20,2,10:40,4
SCH-119-LSN-0009,SCH-119,TCH-01542,hustling_subject_specialist,Further Mathematics,SS1B,ROOM-SS1B,1,Thursday,8:00,9:20,2,8:00,4
SCH-119-LSN-0010,SCH-119,TCH-01542,hustling_subject_specialist,Economics,SS3B,ROOM-SS3B,1,Tuesday,9:20,10:40,2,9:20,4
SCH-119-LSN-0011,SCH-119,TCH-01543,hustling_subject_specialist,Economics,SS1B,ROOM-SS1B,1,Monday,9:20,11:20,3,9:20,4
SCH-119-LSN-0012,SCH-119,TCH-01543,hustling_subject_specialist,Economics,SS3B,ROOM-SS3B,1,Wednesday,8:00,10:00,3,8:00,4
SCH-119-LSN-0013,SCH-119,TCH-01543,hustling_subject_specialist,Economics,SS3A,ROOM-SS3A,1,Wednesday,10:00,12:20,3,10:00,4
SCH-119-LSN-0014,SCH-119,TCH-01544,hustling_subject_specialist,Physics,SS2A,ROOM-SS2A,0,Monday,8:00,9:20,2,8:00,4
SCH-119-LSN-0015,SCH-119,TCH-01544,hustling_subject_specialist,Physics,SS1A,SCI-LAB-01,1,Tuesday,9:20,10:40,2,9:20,4
SCH-119-LSN-0016,SCH-119,TCH-01544,hustling_subject_specialist,Physics,SS1B,SCI-LAB-01,1,Tuesday,8:00,9:20,2,8:00,4
SCH-119-LSN-0017,SCH-119,TCH-01545,nysc_corper,Civic Education,JSS1A,ROOM-JSS1A,1,Monday,13:00,13:40,1,13:00,4.5
SCH-119-LSN-0018,SCH-119,TCH-01545,nysc_corper,Basic Science,JSS2B,ROOM-JSS2B,1,Monday,13:40,14:20,1,13:40,4.5
SCH-119-LSN-0019,SCH-119,TCH-01545,nysc_corper,Basic Science,JSS2A,ROOM-JSS2A,1,Tuesday,13:00,13:40,1,13:00,4.5
SCH-119-LSN-0020,SCH-119,TCH-01545,nysc_corper,Basic Science,JSS1B,ROOM-JSS1B,1,Tuesday,13:40,14:20,1,13:40,4.5
SCH-119-LSN-0021,SCH-119,TCH-01546,overworked_generalist,CRS,JSS2B,ROOM-JSS2B,1,Tuesday,10:40,14:20,5,10:40,1.46
SCH-119-LSN-0022,SCH-119,TCH-01546,overworked_generalist,Basic Technology,JSS3B,WORKSHOP-01,1,Wednesday,9:20,13:00,5,9:20,1.45
SCH-119-LSN-0023,SCH-119,TCH-01546,overworked_generalist,PHE,SS2A,ROOM-SS2A,1,Friday,8:40,12:20,5,8:40,1.49
SCH-119-LSN-0024,SCH-119,TCH-01546,overworked_generalist,CRS,JSS3B,ROOM-JSS3B,1,Thursday,10:40,14:20,5,10:40,1.48
SCH-119-LSN-0025,SCH-119,TCH-01546,overworked_generalist,PHE,JSS1A,ROOM-JSS1A,1,Monday,8:00,11:20,5,8:00,1.28
SCH-119-LSN-0026,SCH-119,TCH-01547,hustling_subject_specialist,Economics,SS2B,ROOM-SS2B,1,Tuesday,8:00,9:20,2,8:00,4
SCH-119-LSN-0027,SCH-119,TCH-01547,hustling_subject_specialist,Economics,SS3B,ROOM-SS3B,1,Tuesday,10:40,12:20,2,10:40,4
SCH-119-LSN-0028,SCH-119,TCH-01548,veteran_staff_room_boss,Chemistry,SS3B,SCI-LAB-01,1,Monday,8:40,9:20,1,8:40,4
SCH-119-LSN-0029,SCH-119,TCH-01548,veteran_staff_room_boss,Chemistry,SS1B,SCI-LAB-01,1,Wednesday,8:40,9:20,1,8:40,4
SCH-119-LSN-0030,SCH-119,TCH-01548,veteran_staff_room_boss,Chemistry,SS2A,SCI-LAB-01,1,Wednesday,9:20,10:00,1,9:20,4
SCH-119-LSN-0031,SCH-119,TCH-01548,veteran_staff_room_boss,Chemistry,SS2B,SCI-LAB-01,1,Monday,9:20,10:00,1,9:20,4
SCH-119-LSN-0032,SCH-119,TCH-01549,overworked_generalist,Basic Technology,SS1A,ROOM-SS1A,0,Thursday,8:40,12:20,5,8:40,1.44
SCH-119-LSN-0033,SCH-119,TCH-01549,overworked_generalist,PHE,SS2A,ROOM-SS2A,1,Tuesday,8:40,12:20,5,8:40,1.43
SCH-119-LSN-0034,SCH-119,TCH-01549,overworked_generalist,CRS,SS1B,ROOM-SS1B,1,Wednesday,9:20,13:00,5,9:20,1.43
SCH-119-LSN-0035,SCH-119,TCH-01549,overworked_generalist,Basic Technology,SS3A,ROOM-SS3A,0,Friday,8:40,12:20,5,8:40,0.91
SCH-119-LSN-0036,SCH-119,TCH-01549,overworked_generalist,CRS,SS3B,ROOM-SS3B,1,Monday,10:40,14:20,5,10:40,1.06
SCH-119-LSN-0037,SCH-119,TCH-01550,veteran_staff_room_boss,Chemistry,SS3B,SCI-LAB-01,1,Monday,9:20,10:40,2,9:20,4
SCH-119-LSN-0038,SCH-119,TCH-01550,veteran_staff_room_boss,Chemistry,SS3B,SCI-LAB-01,1,Wednesday,10:00,11:20,2,10:00,4
SCH-119-LSN-0039,SCH-119,TCH-01550,veteran_staff_room_boss,Chemistry,SS1A,SCI-LAB-01,1,Friday,8:40,10:00,2,8:40,4
SCH-119-LSN-0040,SCH-119,TCH-01550,veteran_staff_room_boss,Chemistry,SS1B,SCI-LAB-01,1,Thursday,9:20,10:40,2,9:20,4
SCH-120-LSN-0001,SCH-120,TCH-01551,veteran_staff_room_boss,Further Mathematics,SS1B,ROOM-SS1B,1,Monday,8:40,10:00,2,8:40,4
SCH-120-LSN-0002,SCH-120,TCH-01551,veteran_staff_room_boss,Further Mathematics,SS3B,ROOM-SS3B,1,Monday,10:00,11:20,2,10:00,4
SCH-120-LSN-0003,SCH-120,TCH-01551,veteran_staff_room_boss,Physics,SS2B,SCI-LAB-01,1,Tuesday,8:40,10:00,2,8:40,4
SCH-120-LSN-0004,SCH-120,TCH-01551,veteran_staff_room_boss,Further Mathematics,SS1A,ROOM-SS1A,1,Tuesday,10:00,11:20,2,10:00,4
SCH-120-LSN-0005,SCH-120,TCH-01551,veteran_staff_room_boss,Physics,SS1A,SCI-LAB-01,1,Wednesday,8:40,10:00,2,8:40,4
SCH-120-LSN-0006,SCH-120,TCH-01551,veteran_staff_room_boss,Further Mathematics,SS3A,ROOM-SS3A,1,Wednesday,10:00,11:20,2,10:00,4
SCH-120-LSN-0007,SCH-120,TCH-01551,veteran_staff_room_boss,Further Mathematics,SS3A,ROOM-SS3A,1,Thursday,8:40,10:00,2,8:40,4
SCH-120-LSN-0008,SCH-120,TCH-01551,veteran_staff_room_boss,Physics,SS3A,SCI-LAB-01,1,Thursday,10:00,11:20,2,10:00,4
SCH-120-LSN-0009,SCH-120,TCH-01552,overworked_generalist,CRS,JSS3A,ROOM-JSS3A,1,Monday,10:40,14:20,5,10:40,1.48
SCH-120-LSN-0010,SCH-120,TCH-01552,overworked_generalist,Basic Technology,SS3A,ROOM-SS3A,0,Tuesday,10:00,13:40,5,10:00,1.45
SCH-120-LSN-0011,SCH-120,TCH-01552,overworked_generalist,PHE,SS3A,ROOM-SS3A,1,Friday,8:40,12:20,5,8:40,1.44
SCH-120-LSN-0012,SCH-120,TCH-01552,overworked_generalist,CRS,JSS1A,ROOM-JSS1A,1,Wednesday,10:00,13:40,5,10:00,1.39
SCH-120-LSN-0013,SCH-120,TCH-01552,overworked_generalist,CRS,JSS2B,ROOM-JSS2B,1,Thursday,10:40,14:20,5,10:40,1.04
SCH-120-LSN-0014,SCH-120,TCH-01553,hustling_subject_specialist,Physics,SS3A,SCI-LAB-01,1,Tuesday,8:00,9:20,2,8:00,4
SCH-120-LSN-0015,SCH-120,TCH-01553,hustling_subject_specialist,Economics,SS1A,ROOM-SS1A,1,Thursday,8:00,9:20,2,8:00,4
SCH-120-LSN-0016,SCH-120,TCH-01553,hustling_subject_specialist,Physics,SS1A,SCI-LAB-01,1,Thursday,9:20,10:40,2,9:20,4
SCH-120-LSN-0017,SCH-120,TCH-01553,hustling_subject_specialist,Economics,SS1B,ROOM-SS1B,1,Tuesday,9:20,10:40,2,9:20,4
SCH-120-LSN-0018,SCH-120,TCH-01554,nysc_corper,Civic Education,JSS1B,ROOM-JSS1B,1,Monday,13:00,13:40,1,13:00,4.5
SCH-120-LSN-0019,SCH-120,TCH-01554,nysc_corper,Civic Education,JSS1B,ROOM-JSS1B,1,Monday,13:40,14:20,1,13:40,4.5
SCH-120-LSN-0020,SCH-120,TCH-01555,hustling_subject_specialist,Physics,SS2A,SCI-LAB-01,1,Monday,8:00,9:20,2,8:00,4
SCH-120-LSN-0021,SCH-120,TCH-01555,hustling_subject_specialist,Physics,SS2B,SCI-LAB-01,1,Monday,9:20,10:40,2,9:20,4
SCH-120-LSN-0022,SCH-120,TCH-01556,overworked_generalist,CRS,SS1B,ROOM-SS1B,1,Wednesday,8:00,10:40,4,8:00,1.46
SCH-120-LSN-0023,SCH-120,TCH-01556,overworked_generalist,PHE,JSS1B,ROOM-JSS1B,1,Tuesday,9:20,12:20,4,9:20,1.4
SCH-120-LSN-0024,SCH-120,TCH-01556,overworked_generalist,Basic Technology,SS3A,ROOM-SS3A,0,Monday,8:00,10:40,4,8:00,1.46
SCH-120-LSN-0025,SCH-120,TCH-01556,overworked_generalist,PHE,SS2A,ROOM-SS2A,1,Friday,8:00,10:40,4,8:00,1.49
SCH-120-LSN-0026,SCH-120,TCH-01556,overworked_generalist,CRS,JSS1A,ROOM-JSS1A,1,Thursday,10:40,13:40,4,10:40,1.26
SCH-120-LSN-0027,SCH-120,TCH-01556,overworked_generalist,PHE,JSS3A,ROOM-JSS3A,1,Wednesday,11:40,14:20,4,11:40,1.45
SCH-120-LSN-0028,SCH-120,TCH-01556,overworked_generalist,Basic Technology,SS3B,ROOM-SS3B,0,Monday,11:40,14:20,4,11:40,1.05
SCH-120-LSN-0029,SCH-120,TCH-01556,overworked_generalist,PHE,JSS2B,ROOM-JSS2B,1,Thursday,8:00,10:40,4,8:00,1.37
SCH-120-LSN-0030,SCH-120,TCH-01557,nysc_corper,Basic Science,JSS3B,ROOM-JSS3B,1,Monday,13:00,13:40,1,13:00,4.5
SCH-120-LSN-0031,SCH-120,TCH-01557,nysc_corper,Civic Education,JSS3A,ROOM-JSS3A,1,Thursday,13:00,13:40,1,13:00,4.5
SCH-120-LSN-0032,SCH-120,TCH-01557,nysc_corper,Civic Education,JSS2A,ROOM-JSS2A,1,Monday,13:40,14:20,1,13:40,4.5
SCH-120-LSN-0033,SCH-120,TCH-01557,nysc_corper,Basic Science,JSS2B,ROOM-JSS2B,1,Wednesday,13:00,13:40,1,13:00,4.5
SCH-120-LSN-0034,SCH-120,TCH-01557,nysc_corper,Civic Education,JSS2A,ROOM-JSS2A,1,Wednesday,13:40,14:20,1,13:40,4.5
SCH-120-LSN-0035,SCH-120,TCH-01557,nysc_corper,Civic Education,JSS1A,ROOM-JSS1A,1,Thursday,13:40,14:20,1,13:40,4.5
SCH-120-LSN-0036,SCH-120,TCH-01557,nysc_corper,Civic Education,JSS3B,ROOM-JSS3B,1,Monday,8:00,8:40,1,8:00,0
SCH-120-LSN-0037,SCH-120,TCH-01557,nysc_corper,Basic Science,JSS3A,ROOM-JSS3A,1,Monday,8:40,9:20,1,8:40,0
SCH-120-LSN-0038,SCH-120,TCH-01558,overworked_generalist,Basic Technology,JSS2B,ROOM-JSS2B,0,Tuesday,12:20,14:20,3,12:20,1.5
SCH-120-LSN-0039,SCH-120,TCH-01558,overworked_generalist,CRS,JSS2B,ROOM-JSS2B,1,Monday,8:00,10:00,3,8:00,1.49
SCH-120-LSN-0040,SCH-120,TCH-01558,overworked_generalist,PHE,SS2B,ROOM-SS2B,1,Friday,9:20,11:20,3,9:20,1.41
SCH-120-LSN-0041,SCH-120,TCH-01558,overworked_generalist,Basic Technology,SS3A,ROOM-SS3A,0,Monday,12:20,14:20,3,12:20,1.19
SCH-120-LSN-0042,SCH-120,TCH-01558,overworked_generalist,Basic Technology,JSS3B,WORKSHOP-01,1,Monday,10:00,12:20,3,10:00,1.43
SCH-120-LSN-0043,SCH-120,TCH-01558,overworked_generalist,Basic Technology,SS3A,ROOM-SS3A,0,Wednesday,8:00,10:00,3,8:00,1.18
SCH-120-LSN-0044,SCH-120,TCH-01559,nysc_corper,Civic Education,JSS3B,ROOM-JSS3B,1,Monday,13:40,14:20,1,13:40,4.5
SCH-120-LSN-0045,SCH-120,TCH-01559,nysc_corper,Civic Education,JSS1B,ROOM-JSS1B,1,Tuesday,13:00,13:40,1,13:00,4.5
SCH-120-LSN-0046,SCH-120,TCH-01560,hustling_subject_specialist,Economics,SS1B,ROOM-SS1B,1,Monday,10:00,12:20,3,10:00,4
SCH-120-LSN-0047,SCH-120,TCH-01560,hustling_subject_specialist,Economics,SS1A,ROOM-SS1A,1,Monday,8:00,10:00,3,8:00,4
SCH-120-LSN-0048,SCH-120,TCH-01560,hustling_subject_specialist,Economics,SS1A,ROOM-SS1A,1,Tuesday,8:00,10:00,3,8:00,4
SCH-120-LSN-0049,SCH-120,TCH-01560,hustling_subject_specialist,Economics,SS3B,ROOM-SS3B,1,Tuesday,10:00,12:20,3,10:00,4
