student_id,tenant_id,school_type,academic_year,term,fee_payment_days_late,paid_before_resumption,attendance_rate,consecutive_absences,score_avg,subject_failure_count,dropout_risk_label
STU-00001,2,low_cost_private,2025,Term1_Sep_Dec,65.5,0,66.7,8,32.6,3,HIGH
STU-00002,1,elite_private,2025,Term3_Apr_Jul,0,1,99.2,1,99.2,0,LOW
STU-00003,3,public_state,2023,Term1_Sep_Dec,27.5,0,59.1,6,51.4,2,MEDIUM
STU-00004,1,elite_private,2025,Term2_Jan_Apr,0,1,98.4,2,100,0,LOW
STU-00005,1,elite_private,2025,Term3_Apr_Jul,3.6,0,80.4,2,82.3,0,LOW
STU-00006,3,public_state,2024,Term2_Jan_Apr,21.2,0,55.0,2,20.8,3,MEDIUM
STU-00007,2,low_cost_private,2025,Term1_Sep_Dec,25.7,0,48.1,0,21.2,4,MEDIUM
STU-00008,2,low_cost_private,2023,Term1_Sep_Dec,26.5,0,43.7,13,20.8,6,HIGH
STU-00009,3,public_state,2025,Term1_Sep_Dec,33.7,0,39.2,3,26.6,4,HIGH
STU-00010,2,low_cost_private,2024,Term3_Apr_Jul,52.0,0,57.7,1,41.9,1,MEDIUM
STU-00011,1,elite_private,2025,Term1_Sep_Dec,0,1,100,0,98.4,0,LOW
STU-00012,3,public_state,2025,Term1_Sep_Dec,12.9,0,53.3,3,43.0,4,MEDIUM
STU-00013,3,public_state,2024,Term3_Apr_Jul,20.5,0,52.1,1,29.6,4,MEDIUM
STU-00014,2,low_cost_private,2023,Term1_Sep_Dec,86.1,0,73.2,6,61.8,0,MEDIUM
STU-00015,2,low_cost_private,2023,Term2_Jan_Apr,17.1,0,92.5,0,66.9,0,LOW
STU-00016,3,public_state,2023,Term1_Sep_Dec,17.3,0,72.7,0,42.4,2,MEDIUM
STU-00017,3,public_state,2025,Term3_Apr_Jul,25.3,0,73.0,9,29.7,4,HIGH
STU-00018,2,low_cost_private,2025,Term3_Apr_Jul,69.8,0,53.7,0,45.8,2,MEDIUM
STU-00019,3,public_state,2025,Term1_Sep_Dec,43.2,0,51.5,3,51.8,4,HIGH
STU-00020,3,public_state,2023,Term1_Sep_Dec,7.6,0,90.1,0,73.6,0,LOW
STU-00021,3,public_state,2023,Term1_Sep_Dec,8.2,0,33.1,9,42.3,4,HIGH
STU-00022,2,low_cost_private,2024,Term2_Jan_Apr,79.2,0,39.2,16,50.1,2,HIGH
STU-00023,3,public_state,2023,Term1_Sep_Dec,22.9,0,25.2,5,21.6,4,HIGH
STU-00024,2,low_cost_private,2024,Term2_Jan_Apr,120,0,44.3,5,27.0,4,HIGH
STU-00025,2,low_cost_private,2023,Term3_Apr_Jul,58.2,0,54.5,8,39.9,2,HIGH
STU-00026,3,public_state,2023,Term1_Sep_Dec,10.6,0,92.0,2,60,0,LOW
STU-00027,2,low_cost_private,2025,Term1_Sep_Dec,15.6,0,86.0,1,75.1,0,LOW
STU-00028,2,low_cost_private,2024,Term2_Jan_Apr,15.7,0,84.0,4,89.7,0,LOW
STU-00029,2,low_cost_private,2023,Term3_Apr_Jul,17.4,0,86.5,0,88.3,0,LOW
STU-00030,2,low_cost_private,2024,Term1_Sep_Dec,29.0,0,26.2,10,43.7,3,HIGH
STU-00031,2,low_cost_private,2024,Term1_Sep_Dec,15.5,0,91.0,0,81.7,0,LOW
STU-00032,1,elite_private,2024,Term3_Apr_Jul,0,1,100,0,100,0,LOW
STU-00033,1,elite_private,2023,Term2_Jan_Apr,11.9,0,67.2,2,72.4,0,LOW
STU-00034,1,elite_private,2023,Term3_Apr_Jul,0,1,98.9,1,92.9,0,LOW
STU-00035,3,public_state,2024,Term1_Sep_Dec,50.0,0,60.7,5,39.9,3,HIGH
STU-00036,3,public_state,2023,Term1_Sep_Dec,13.8,0,80.7,3,48.3,0,LOW
STU-00037,3,public_state,2024,Term1_Sep_Dec,44.1,0,42.6,10,46.9,3,HIGH
STU-00038,3,public_state,2023,Term1_Sep_Dec,6.1,0,91.8,1,76.0,0,LOW
STU-00039,2,low_cost_private,2025,Term2_Jan_Apr,25.7,0,28.1,16,44.1,4,HIGH
STU-00040,3,public_state,2023,Term2_Jan_Apr,20.4,0,64.1,3,30.7,6,HIGH
STU-00041,1,elite_private,2024,Term3_Apr_Jul,0,1,100,0,87.6,0,LOW
STU-00042,2,low_cost_private,2025,Term1_Sep_Dec,15.1,0,51.8,2,37.6,4,MEDIUM
STU-00043,2,low_cost_private,2024,Term2_Jan_Apr,26.9,0,46.6,1,24.2,3,HIGH
STU-00044,2,low_cost_private,2024,Term1_Sep_Dec,83.1,0,41.9,4,47.6,2,HIGH
STU-00045,1,elite_private,2025,Term2_Jan_Apr,0,1,100,0,87.4,0,LOW
STU-00046,3,public_state,2024,Term3_Apr_Jul,51.4,0,51.3,1,36.4,6,HIGH
STU-00047,2,low_cost_private,2025,Term1_Sep_Dec,37.6,0,34.6,8,28.6,3,HIGH
STU-00048,3,public_state,2024,Term1_Sep_Dec,60,0,44.7,1,23.5,5,HIGH
STU-00049,2,low_cost_private,2025,Term3_Apr_Jul,67.4,0,69.8,4,35.5,3,HIGH
STU-00050,3,public_state,2024,Term3_Apr_Jul,16.6,0,39.9,1,44.4,3,MEDIUM
STU-00051,2,low_cost_private,2024,Term2_Jan_Apr,14.6,0,88.6,0,81.7,0,LOW
STU-00052,1,elite_private,2023,Term3_Apr_Jul,11.6,0,71.9,3,57.1,1,MEDIUM
STU-00053,2,low_cost_private,2025,Term3_Apr_Jul,18.9,0,82.4,1,62.8,0,LOW
STU-00054,2,low_cost_private,2025,Term2_Jan_Apr,20.0,0,34.9,13,31.2,4,HIGH
STU-00055,2,low_cost_private,2025,Term2_Jan_Apr,63.3,0,45.5,8,43.1,2,HIGH
STU-00056,2,low_cost_private,2023,Term1_Sep_Dec,40.3,0,56.1,5,45.2,2,MEDIUM
STU-00057,2,low_cost_private,2024,Term2_Jan_Apr,48.0,0,20.8,12,28.8,6,HIGH
STU-00058,1,elite_private,2023,Term3_Apr_Jul,12.1,0,73.3,2,72.4,0,LOW
STU-00059,1,elite_private,2024,Term3_Apr_Jul,0,1,83.8,0,80.5,0,LOW
STU-00060,3,public_state,2025,Term1_Sep_Dec,5.9,0,94.8,0,76.8,0,LOW
STU-00061,1,elite_private,2025,Term3_Apr_Jul,0,1,100,0,86.6,0,LOW
STU-00062,2,low_cost_private,2024,Term1_Sep_Dec,56.0,0,50.6,4,41.0,2,MEDIUM
STU-00063,2,low_cost_private,2025,Term2_Jan_Apr,61.3,0,62.4,0,52.9,2,MEDIUM
STU-00064,3,public_state,2024,Term2_Jan_Apr,11.1,0,59.8,3,45.9,4,MEDIUM
STU-00065,2,low_cost_private,2024,Term3_Apr_Jul,70.1,0,36.9,9,42.3,2,HIGH
STU-00066,1,elite_private,2025,Term3_Apr_Jul,0,1,71.3,2,68.5,0,LOW
STU-00067,2,low_cost_private,2024,Term3_Apr_Jul,55.0,0,53.3,10,42.9,2,HIGH
STU-00068,2,low_cost_private,2025,Term3_Apr_Jul,85.3,0,45.5,9,35.4,5,HIGH
STU-00069,2,low_cost_private,2025,Term3_Apr_Jul,39.7,0,51.6,5,43.1,2,MEDIUM
STU-00070,3,public_state,2024,Term3_Apr_Jul,20.3,0,43.9,1,37.9,3,HIGH
STU-00071,1,elite_private,2025,Term2_Jan_Apr,8.7,0,63.8,3,48.4,2,MEDIUM
STU-00072,2,low_cost_private,2023,Term2_Jan_Apr,26.8,0,83.9,0,54.6,2,LOW
STU-00073,1,elite_private,2024,Term3_Apr_Jul,0,1,100,0,98.7,0,LOW
STU-00074,3,public_state,2024,Term2_Jan_Apr,10.7,0,55.9,9,61.6,0,MEDIUM
STU-00075,3,public_state,2023,Term1_Sep_Dec,16.7,0,68.7,3,46.0,3,MEDIUM
STU-00076,2,low_cost_private,2023,Term1_Sep_Dec,76.6,0,45.0,10,61.4,1,HIGH
STU-00077,3,public_state,2025,Term3_Apr_Jul,18.3,0,51.1,7,46.2,2,MEDIUM
STU-00078,3,public_state,2025,Term3_Apr_Jul,19.2,0,55.9,7,38.4,2,HIGH
STU-00079,1,elite_private,2024,Term3_Apr_Jul,0,1,99.6,0,90.2,0,LOW
STU-00080,1,elite_private,2025,Term3_Apr_Jul,0.4,0,100,0,94.4,0,LOW
STU-00081,1,elite_private,2025,Term3_Apr_Jul,0,1,99.2,1,80.9,0,LOW
STU-00082,2,low_cost_private,2024,Term2_Jan_Apr,69.4,0,57.4,4,32.1,5,HIGH
STU-00083,1,elite_private,2024,Term1_Sep_Dec,0,1,99.2,1,97.9,0,LOW
STU-00084,3,public_state,2024,Term2_Jan_Apr,6.9,0,89.2,0,70.0,0,LOW
STU-00085,1,elite_private,2024,Term1_Sep_Dec,0,1,100,0,88.1,0,LOW
STU-00086,1,elite_private,2023,Term3_Apr_Jul,0,1,100,0,100,0,LOW
STU-00087,3,public_state,2025,Term2_Jan_Apr,52.4,0,51.5,7,26.0,3,HIGH
STU-00088,1,elite_private,2025,Term1_Sep_Dec,0,1,97.7,2,89.3,0,LOW
STU-00089,3,public_state,2024,Term3_Apr_Jul,15.6,0,59.4,1,25,2,MEDIUM
STU-00090,2,low_cost_private,2025,Term3_Apr_Jul,80.0,0,65.0,8,33.7,5,HIGH
STU-00091,3,public_state,2023,Term2_Jan_Apr,1.2,0,57.5,0,20,6,MEDIUM
STU-00092,3,public_state,2025,Term1_Sep_Dec,13.2,0,64.7,0,50.2,2,MEDIUM
STU-00093,1,elite_private,2024,Term1_Sep_Dec,10.1,0,76.3,0,67.0,0,LOW
STU-00094,2,low_cost_private,2025,Term3_Apr_Jul,64.9,0,43.3,4,56.6,1,HIGH
STU-00095,1,elite_private,2025,Term3_Apr_Jul,14,0,,,,,WITHDRAWN
STU-00096,2,low_cost_private,2024,Term1_Sep_Dec,58.5,0,55.3,5,40.5,3,HIGH
STU-00097,2,low_cost_private,2023,Term3_Apr_Jul,66.3,0,70.8,0,51.6,2,MEDIUM
STU-00098,1,elite_private,2025,Term2_Jan_Apr,0,1,100,0,95.3,0,LOW
STU-00099,1,elite_private,2024,Term2_Jan_Apr,0.8,0,84.4,7,59.7,0,LOW
STU-00100,1,elite_private,2025,Term2_Jan_Apr,0,1,99.2,1,99.9,0,LOW
STU-00101,1,elite_private,2025,Term3_Apr_Jul,0,1,90.0,0,53.6,3,LOW
STU-00102,1,elite_private,2023,Term2_Jan_Apr,14,0,,,,,WITHDRAWN
STU-00103,3,public_state,2023,Term3_Apr_Jul,12.8,0,44.4,1,29.1,3,MEDIUM
STU-00104,3,public_state,2023,Term1_Sep_Dec,59.0,0,34.1,0,29.5,3,HIGH
STU-00105,1,elite_private,2024,Term2_Jan_Apr,10.4,0,66.4,2,56.8,1,LOW
STU-00106,3,public_state,2024,Term3_Apr_Jul,4.5,0,80.8,0,73.9,0,LOW
STU-00107,1,elite_private,2025,Term2_Jan_Apr,14,0,,,,,WITHDRAWN
STU-00108,2,low_cost_private,2023,Term3_Apr_Jul,36.3,0,34.0,4,20,3,HIGH
STU-00109,1,elite_private,2024,Term1_Sep_Dec,11.4,0,77.1,6,52.5,1,MEDIUM
STU-00110,2,low_cost_private,2025,Term3_Apr_Jul,28.2,0,59.2,0,22.2,4,MEDIUM
STU-00111,1,elite_private,2024,Term3_Apr_Jul,0,1,97.6,3,80.0,0,LOW
STU-00112,3,public_state,2024,Term3_Apr_Jul,6.1,0,87.2,0,81.6,0,LOW
STU-00113,1,elite_private,2025,Term3_Apr_Jul,13.8,0,76.6,4,85,0,LOW
STU-00114,2,low_cost_private,2024,Term1_Sep_Dec,21.9,0,51.5,3,20,3,HIGH
STU-00115,2,low_cost_private,2023,Term1_Sep_Dec,34.7,0,43.1,9,33.3,3,HIGH
STU-00116,3,public_state,2023,Term3_Apr_Jul,19.3,0,34.8,0,48.4,1,MEDIUM
STU-00117,3,public_state,2025,Term1_Sep_Dec,23.5,0,55.6,3,25,3,HIGH
STU-00118,2,low_cost_private,2025,Term2_Jan_Apr,28.1,0,62.1,7,53.4,1,MEDIUM
STU-00119,2,low_cost_private,2025,Term3_Apr_Jul,84.6,0,47.8,6,28.9,5,HIGH
STU-00120,2,low_cost_private,2025,Term3_Apr_Jul,12.1,0,28.7,13,62.6,0,MEDIUM
STU-00121,3,public_state,2024,Term2_Jan_Apr,22.2,0,72.0,10,28.7,2,MEDIUM
STU-00122,3,public_state,2023,Term2_Jan_Apr,28.4,0,33.4,8,20,3,HIGH
STU-00123,2,low_cost_private,2025,Term2_Jan_Apr,16.6,0,89.9,1,82.7,0,LOW
STU-00124,2,low_cost_private,2024,Term1_Sep_Dec,21.6,0,63.4,2,20,3,MEDIUM
STU-00125,2,low_cost_private,2025,Term3_Apr_Jul,16.4,0,87.6,1,72.1,0,LOW
STU-00126,2,low_cost_private,2024,Term2_Jan_Apr,19.8,0,90.0,1,71.3,0,LOW
STU-00127,1,elite_private,2025,Term3_Apr_Jul,0,1,100,0,93.6,0,LOW
STU-00128,2,low_cost_private,2023,Term1_Sep_Dec,25.9,0,48.3,11,38.8,5,HIGH
STU-00129,2,low_cost_private,2024,Term2_Jan_Apr,41.7,0,52.3,5,53.5,3,HIGH
STU-00130,1,elite_private,2023,Term3_Apr_Jul,0,1,100,0,94.9,0,LOW
STU-00131,1,elite_private,2024,Term3_Apr_Jul,0,1,98.9,1,97.4,0,LOW
STU-00132,1,elite_private,2023,Term3_Apr_Jul,0,1,100,0,91.6,0,LOW
STU-00133,2,low_cost_private,2023,Term2_Jan_Apr,68.8,0,57.4,7,40.7,4,HIGH
STU-00134,2,low_cost_private,2023,Term2_Jan_Apr,39.3,0,44.9,7,35.2,5,HIGH
STU-00135,2,low_cost_private,2025,Term1_Sep_Dec,70.5,0,64.7,0,36.8,4,HIGH
STU-00136,1,elite_private,2024,Term1_Sep_Dec,0,1,100,0,88.9,0,LOW
STU-00137,2,low_cost_private,2025,Term3_Apr_Jul,82.9,0,47.1,0,32.8,3,HIGH
STU-00138,1,elite_private,2025,Term2_Jan_Apr,0,1,100,0,93.0,0,LOW
STU-00139,1,elite_private,2023,Term2_Jan_Apr,14,0,,,,,WITHDRAWN
STU-00140,2,low_cost_private,2023,Term3_Apr_Jul,49.0,0,47.9,13,28.5,4,HIGH
STU-00141,1,elite_private,2024,Term1_Sep_Dec,14,0,,,,,WITHDRAWN
STU-00142,3,public_state,2025,Term3_Apr_Jul,5.3,0,67.3,2,27.9,4,MEDIUM
STU-00143,2,low_cost_private,2023,Term2_Jan_Apr,69.1,0,48.0,4,47.0,4,HIGH
STU-00144,1,elite_private,2025,Term1_Sep_Dec,14,0,,,,,WITHDRAWN
STU-00145,1,elite_private,2023,Term3_Apr_Jul,0,1,100,0,94.5,0,LOW
STU-00146,3,public_state,2025,Term3_Apr_Jul,5.9,0,79.2,1,76.1,0,LOW
STU-00147,2,low_cost_private,2023,Term2_Jan_Apr,65.2,0,58.4,2,44.6,2,MEDIUM
STU-00148,1,elite_private,2025,Term2_Jan_Apr,0,1,99.2,1,93.5,0,LOW
STU-00149,1,elite_private,2023,Term2_Jan_Apr,0,1,100,0,87.0,0,LOW
STU-00150,2,low_cost_private,2023,Term3_Apr_Jul,92.4,0,57.1,0,31.5,5,HIGH
STU-00151,3,public_state,2024,Term2_Jan_Apr,8.7,0,66.0,1,49.6,2,MEDIUM
STU-00152,2,low_cost_private,2025,Term2_Jan_Apr,25.1,0,53.1,10,35.8,3,HIGH
STU-00153,2,low_cost_private,2023,Term3_Apr_Jul,51.4,0,56.4,5,44.3,2,MEDIUM
STU-00154,2,low_cost_private,2023,Term2_Jan_Apr,70.2,0,79.8,0,46.1,3,MEDIUM
STU-00155,1,elite_private,2024,Term2_Jan_Apr,14,0,,,,,WITHDRAWN
STU-00156,1,elite_private,2023,Term2_Jan_Apr,0,1,69.7,3,58.8,1,MEDIUM
STU-00157,2,low_cost_private,2024,Term3_Apr_Jul,17.6,0,86.2,0,71.0,0,LOW
STU-00158,3,public_state,2024,Term2_Jan_Apr,5.1,0,90.4,0,77.2,0,LOW
STU-00159,2,low_cost_private,2025,Term3_Apr_Jul,38.8,0,56.1,12,41.1,2,HIGH
STU-00160,3,public_state,2025,Term2_Jan_Apr,7.4,0,90.2,0,70.1,0,LOW
STU-00161,3,public_state,2023,Term2_Jan_Apr,3.5,0,89.4,2,75.7,0,LOW
STU-00162,2,low_cost_private,2023,Term3_Apr_Jul,49.0,0,46.8,9,22.6,4,HIGH
STU-00163,3,public_state,2024,Term3_Apr_Jul,19.2,0,41.4,4,42.3,3,HIGH
STU-00164,3,public_state,2024,Term3_Apr_Jul,56.5,0,39.8,0,27.3,5,HIGH
STU-00165,2,low_cost_private,2025,Term2_Jan_Apr,70.9,0,54.1,15,47.2,1,HIGH
STU-00166,1,elite_private,2023,Term1_Sep_Dec,0,1,100,0,90.3,0,LOW
STU-00167,2,low_cost_private,2024,Term3_Apr_Jul,19.9,0,49.6,4,32.9,3,HIGH
STU-00168,3,public_state,2023,Term1_Sep_Dec,60,0,45.6,1,25.1,5,HIGH
STU-00169,2,low_cost_private,2025,Term2_Jan_Apr,18.2,0,90.0,1,72.5,0,LOW
STU-00170,1,elite_private,2024,Term2_Jan_Apr,0,1,99.2,1,94.8,0,LOW
STU-00171,3,public_state,2024,Term1_Sep_Dec,15.4,0,59.5,1,29.7,2,MEDIUM
STU-00172,1,elite_private,2025,Term1_Sep_Dec,0,1,100,0,95.8,0,LOW
STU-00173,1,elite_private,2024,Term3_Apr_Jul,13.7,0,86.4,0,48.5,3,LOW
STU-00174,2,low_cost_private,2023,Term1_Sep_Dec,34.0,0,55.2,11,25.2,4,HIGH
STU-00175,3,public_state,2024,Term1_Sep_Dec,22.4,0,43.0,9,20,3,HIGH
STU-00176,1,elite_private,2025,Term2_Jan_Apr,0,1,98.4,2,98.8,0,LOW
STU-00177,2,low_cost_private,2024,Term1_Sep_Dec,85.5,0,34.3,11,33.5,4,HIGH
STU-00178,3,public_state,2024,Term3_Apr_Jul,14.7,0,47.1,6,63.5,0,MEDIUM
STU-00179,2,low_cost_private,2025,Term3_Apr_Jul,70.8,0,41.3,12,33.3,3,HIGH
STU-00180,3,public_state,2023,Term1_Sep_Dec,4.8,0,89.5,1,64.9,0,LOW
STU-00181,2,low_cost_private,2025,Term2_Jan_Apr,39.4,0,38.9,16,35.4,5,HIGH
STU-00182,2,low_cost_private,2023,Term3_Apr_Jul,40.7,0,58.7,0,39.0,5,HIGH
STU-00183,2,low_cost_private,2023,Term2_Jan_Apr,60.0,0,35.5,11,28.8,4,HIGH
STU-00184,1,elite_private,2024,Term1_Sep_Dec,12.5,0,67.6,2,85,0,LOW
STU-00185,1,elite_private,2024,Term1_Sep_Dec,1.8,0,54.5,3,70.5,0,LOW
STU-00186,2,low_cost_private,2023,Term1_Sep_Dec,75.5,0,53.0,8,26.3,3,HIGH
STU-00187,1,elite_private,2024,Term1_Sep_Dec,14,0,,,,,WITHDRAWN
STU-00188,1,elite_private,2024,Term3_Apr_Jul,0,1,97.0,2,90.7,0,LOW
STU-00189,1,elite_private,2024,Term1_Sep_Dec,0,1,99.2,1,90.4,0,LOW
STU-00190,2,low_cost_private,2023,Term1_Sep_Dec,19.1,0,86.6,2,66.5,0,LOW
STU-00191,1,elite_private,2024,Term3_Apr_Jul,0.4,0,100,0,90.4,0,LOW
STU-00192,2,low_cost_private,2025,Term3_Apr_Jul,92.1,0,53.6,4,33.2,3,HIGH
STU-00193,3,public_state,2025,Term3_Apr_Jul,11.8,0,46.7,1,25.6,2,MEDIUM
STU-00194,2,low_cost_private,2025,Term3_Apr_Jul,36.2,0,43.8,5,20,4,HIGH
STU-00195,3,public_state,2023,Term1_Sep_Dec,14.0,0,56.6,3,31.8,5,HIGH
STU-00196,3,public_state,2023,Term3_Apr_Jul,26.4,0,19.2,1,20,3,HIGH
STU-00197,2,low_cost_private,2024,Term3_Apr_Jul,41.9,0,31.8,4,34.4,3,HIGH
STU-00198,1,elite_private,2023,Term2_Jan_Apr,9.0,0,90.0,0,62.5,0,LOW
STU-00199,2,low_cost_private,2025,Term3_Apr_Jul,81.7,0,61.8,2,21.6,6,HIGH
STU-00200,1,elite_private,2025,Term2_Jan_Apr,0,1,99.2,1,87.0,0,LOW
STU-00201,1,elite_private,2025,Term3_Apr_Jul,0.7,0,97.6,3,97.2,0,LOW
STU-00202,1,elite_private,2023,Term1_Sep_Dec,0,1,98.4,2,96.9,0,LOW
STU-00203,3,public_state,2024,Term1_Sep_Dec,32.7,0,72.9,3,34.9,2,MEDIUM
STU-00204,1,elite_private,2023,Term1_Sep_Dec,14,0,,,,,WITHDRAWN
STU-00205,3,public_state,2023,Term2_Jan_Apr,31.8,0,70.5,1,47.0,1,MEDIUM
STU-00206,1,elite_private,2025,Term2_Jan_Apr,14,0,,,,,WITHDRAWN
STU-00207,2,low_cost_private,2025,Term1_Sep_Dec,68.1,0,48.3,13,46.6,3,HIGH
STU-00208,1,elite_private,2024,Term3_Apr_Jul,0,1,69.2,1,76.6,1,LOW
STU-00209,1,elite_private,2023,Term3_Apr_Jul,0,1,100,0,95.1,0,LOW
STU-00210,3,public_state,2024,Term2_Jan_Apr,30.3,0,37.4,9,20,3,HIGH
STU-00211,2,low_cost_private,2024,Term1_Sep_Dec,51.5,0,27.9,13,29.8,2,HIGH
STU-00212,1,elite_private,2024,Term1_Sep_Dec,0,1,100,0,82.8,0,LOW
STU-00213,2,low_cost_private,2023,Term3_Apr_Jul,29.6,0,36.0,4,20,4,HIGH
STU-00214,2,low_cost_private,2023,Term3_Apr_Jul,14.7,0,84.3,0,73.9,0,LOW
STU-00215,2,low_cost_private,2025,Term1_Sep_Dec,52.4,0,51.6,4,23.9,4,HIGH
STU-00216,1,elite_private,2025,Term2_Jan_Apr,6.3,0,75.3,0,52.1,2,LOW
STU-00217,1,elite_private,2025,Term2_Jan_Apr,1.7,0,99.2,1,100,0,LOW
STU-00218,2,low_cost_private,2025,Term1_Sep_Dec,21.9,0,54.9,1,63.8,0,MEDIUM
STU-00219,2,low_cost_private,2025,Term3_Apr_Jul,15.9,0,85.6,0,74.7,0,LOW
STU-00220,3,public_state,2023,Term1_Sep_Dec,19.6,0,45.1,8,49.8,1,HIGH
STU-00221,2,low_cost_private,2024,Term1_Sep_Dec,84.1,0,33.0,15,56.4,1,HIGH
STU-00222,1,elite_private,2023,Term1_Sep_Dec,0,1,98.4,1,94.0,0,LOW
STU-00223,2,low_cost_private,2023,Term3_Apr_Jul,36.0,0,40.7,8,23.6,4,HIGH
STU-00224,2,low_cost_private,2025,Term3_Apr_Jul,36.1,0,34.0,5,52.3,0,MEDIUM
STU-00225,2,low_cost_private,2025,Term3_Apr_Jul,30.3,0,49.8,1,41.2,2,MEDIUM
STU-00226,2,low_cost_private,2024,Term3_Apr_Jul,25.9,0,43.5,10,37.5,5,HIGH
STU-00227,1,elite_private,2023,Term2_Jan_Apr,0.9,0,99.2,1,89.5,0,LOW
STU-00228,2,low_cost_private,2024,Term2_Jan_Apr,18.3,0,88.8,0,73.1,0,LOW
STU-00229,3,public_state,2025,Term1_Sep_Dec,7.4,0,56.3,0,39.6,3,MEDIUM
STU-00230,1,elite_private,2025,Term1_Sep_Dec,0,1,98.4,2,91.4,0,LOW
STU-00231,3,public_state,2024,Term3_Apr_Jul,9.8,0,60.4,0,38.6,3,MEDIUM
STU-00232,3,public_state,2024,Term2_Jan_Apr,17.1,0,55.1,6,54.8,1,MEDIUM
STU-00233,1,elite_private,2025,Term3_Apr_Jul,11.1,0,69.8,1,53.1,3,MEDIUM
STU-00234,2,low_cost_private,2025,Term2_Jan_Apr,25.5,0,42.7,0,29.2,4,MEDIUM
STU-00235,2,low_cost_private,2025,Term3_Apr_Jul,11.9,0,46.3,11,72.4,0,MEDIUM
STU-00236,2,low_cost_private,2025,Term1_Sep_Dec,60.4,0,58.4,1,52.8,4,HIGH
STU-00237,3,public_state,2024,Term3_Apr_Jul,5.0,0,80.8,1,80.6,0,LOW
STU-00238,1,elite_private,2025,Term3_Apr_Jul,14,0,,,,,WITHDRAWN
STU-00239,1,elite_private,2025,Term1_Sep_Dec,0,1,99.2,1,86.4,0,LOW
STU-00240,2,low_cost_private,2023,Term3_Apr_Jul,63.9,0,45.4,5,56.5,0,MEDIUM
STU-00241,2,low_cost_private,2023,Term3_Apr_Jul,38.5,0,66.1,0,47.3,1,MEDIUM
STU-00242,3,public_state,2023,Term3_Apr_Jul,60,0,41.1,0,28.7,4,HIGH
STU-00243,2,low_cost_private,2023,Term3_Apr_Jul,45.1,0,53.2,1,40.6,3,MEDIUM
STU-00244,3,public_state,2024,Term1_Sep_Dec,52.3,0,73.3,7,20,6,HIGH
STU-00245,3,public_state,2023,Term3_Apr_Jul,17.5,0,39.7,9,23.4,2,HIGH
STU-00246,3,public_state,2024,Term3_Apr_Jul,11.8,0,62.2,3,48.0,0,MEDIUM
STU-00247,1,elite_private,2025,Term3_Apr_Jul,0,1,99.2,1,86.0,0,LOW
STU-00248,2,low_cost_private,2023,Term3_Apr_Jul,36.5,0,36.5,9,34.3,4,HIGH
STU-00249,1,elite_private,2023,Term1_Sep_Dec,0,1,99.2,1,89.8,0,LOW
STU-00250,1,elite_private,2024,Term3_Apr_Jul,14,0,,,,,WITHDRAWN
STU-00251,2,low_cost_private,2025,Term1_Sep_Dec,55.2,0,43.4,10,41.1,3,HIGH
STU-00252,1,elite_private,2024,Term1_Sep_Dec,0,1,99.2,1,99.4,0,LOW
STU-00253,2,low_cost_private,2024,Term2_Jan_Apr,37.5,0,24.6,10,42.1,3,HIGH
STU-00254,2,low_cost_private,2023,Term3_Apr_Jul,35.4,0,39.7,5,35.8,5,HIGH
STU-00255,2,low_cost_private,2023,Term3_Apr_Jul,89.6,0,39.3,13,59.2,0,HIGH
STU-00256,3,public_state,2025,Term1_Sep_Dec,29.7,0,68.9,1,53.4,1,MEDIUM
STU-00257,3,public_state,2025,Term2_Jan_Apr,19.7,0,47.0,0,20,3,MEDIUM
STU-00258,1,elite_private,2024,Term3_Apr_Jul,0,1,100,0,95.3,0,LOW
STU-00259,3,public_state,2025,Term3_Apr_Jul,27.1,0,37.6,3,22.2,5,HIGH
STU-00260,2,low_cost_private,2024,Term3_Apr_Jul,20.3,0,41.3,10,71.2,0,MEDIUM
STU-00261,3,public_state,2025,Term3_Apr_Jul,18.4,0,59.1,3,25.9,3,HIGH
STU-00262,2,low_cost_private,2024,Term2_Jan_Apr,49.6,0,77.0,4,63.6,0,MEDIUM
STU-00263,3,public_state,2024,Term3_Apr_Jul,36.1,0,48.5,7,21.9,4,HIGH
STU-00264,2,low_cost_private,2025,Term1_Sep_Dec,30.9,0,61.4,8,27.9,2,HIGH
STU-00265,2,low_cost_private,2023,Term2_Jan_Apr,28.6,0,43.6,1,22.7,3,HIGH
STU-00266,2,low_cost_private,2025,Term1_Sep_Dec,45.4,0,54.2,0,57.4,1,MEDIUM
STU-00267,2,low_cost_private,2024,Term2_Jan_Apr,82.5,0,62.8,5,20,5,HIGH
STU-00268,1,elite_private,2024,Term2_Jan_Apr,14,0,,,,,WITHDRAWN
STU-00269,1,elite_private,2024,Term1_Sep_Dec,0,1,100,0,94.6,0,LOW
STU-00270,1,elite_private,2024,Term2_Jan_Apr,0,1,98.4,2,84.1,0,LOW
STU-00271,2,low_cost_private,2023,Term1_Sep_Dec,60.0,0,46.6,9,43.0,2,HIGH
STU-00272,3,public_state,2025,Term3_Apr_Jul,9.2,0,55.9,3,41.5,2,MEDIUM
STU-00273,1,elite_private,2024,Term1_Sep_Dec,0,1,99.2,1,100,0,LOW
STU-00274,2,low_cost_private,2023,Term3_Apr_Jul,36.8,0,19.4,7,33.8,3,HIGH
STU-00275,2,low_cost_private,2024,Term1_Sep_Dec,18.6,0,82.9,4,70.2,0,LOW
STU-00276,2,low_cost_private,2024,Term1_Sep_Dec,37.8,0,75.5,1,56.3,3,MEDIUM
STU-00277,2,low_cost_private,2023,Term3_Apr_Jul,22.5,0,49.6,6,20,2,HIGH
STU-00278,1,elite_private,2024,Term3_Apr_Jul,0,1,100,0,100,0,LOW
STU-00279,3,public_state,2023,Term2_Jan_Apr,19.8,0,62.3,1,51.6,1,MEDIUM
STU-00280,2,low_cost_private,2023,Term2_Jan_Apr,30.2,0,55.0,1,52.3,1,MEDIUM
STU-00281,1,elite_private,2025,Term3_Apr_Jul,0,1,97.6,3,96.1,0,LOW
STU-00282,3,public_state,2023,Term3_Apr_Jul,5.6,0,55.0,1,42.0,3,MEDIUM
STU-00283,1,elite_private,2024,Term2_Jan_Apr,14,0,,,,,WITHDRAWN
STU-00284,2,low_cost_private,2023,Term3_Apr_Jul,16.1,0,73.5,11,68.9,0,MEDIUM
STU-00285,2,low_cost_private,2023,Term2_Jan_Apr,25.0,0,79.8,2,36.5,2,MEDIUM
STU-00286,1,elite_private,2024,Term2_Jan_Apr,0,1,98.7,1,99.0,0,LOW
STU-00287,3,public_state,2025,Term2_Jan_Apr,8.1,0,92.0,1,78.1,0,LOW
STU-00288,2,low_cost_private,2025,Term1_Sep_Dec,88.8,0,58.6,15,38.1,3,HIGH
STU-00289,1,elite_private,2024,Term2_Jan_Apr,0,1,99.2,1,81.1,0,LOW
STU-00290,2,low_cost_private,2025,Term1_Sep_Dec,32.8,0,26.5,7,32.7,3,HIGH
STU-00291,2,low_cost_private,2023,Term1_Sep_Dec,29.6,0,60.8,9,49.5,1,MEDIUM
STU-00292,2,low_cost_private,2025,Term1_Sep_Dec,25.7,0,48.2,0,20.8,4,MEDIUM
STU-00293,3,public_state,2025,Term1_Sep_Dec,20.0,0,75.4,1,31.2,2,MEDIUM
STU-00294,1,elite_private,2025,Term3_Apr_Jul,0,1,100,0,90.4,0,LOW
STU-00295,3,public_state,2024,Term2_Jan_Apr,32.0,0,53.7,7,39.8,4,HIGH
STU-00296,1,elite_private,2023,Term1_Sep_Dec,14,0,,,,,WITHDRAWN
STU-00297,3,public_state,2025,Term2_Jan_Apr,15.1,0,29.5,15,25.3,4,HIGH
STU-00298,1,elite_private,2024,Term2_Jan_Apr,0,1,100,0,82.3,0,LOW
STU-00299,3,public_state,2023,Term1_Sep_Dec,60,0,59.6,6,33.7,4,HIGH
STU-00300,2,low_cost_private,2023,Term1_Sep_Dec,17.2,0,88.4,1,71.5,0,LOW
STU-00301,3,public_state,2023,Term2_Jan_Apr,23.0,0,28.6,0,20,3,MEDIUM
STU-00302,2,low_cost_private,2025,Term2_Jan_Apr,34.3,0,55.9,0,40.1,2,MEDIUM
STU-00303,1,elite_private,2024,Term1_Sep_Dec,14,0,,,,,WITHDRAWN
STU-00304,1,elite_private,2023,Term1_Sep_Dec,0,1,97.6,3,97.6,0,LOW
STU-00305,3,public_state,2025,Term3_Apr_Jul,18.0,0,59.5,0,54.9,1,MEDIUM
STU-00306,2,low_cost_private,2023,Term1_Sep_Dec,55.6,0,52.3,2,41.7,1,MEDIUM
STU-00307,3,public_state,2024,Term2_Jan_Apr,5.2,0,90.9,2,68.3,0,LOW
STU-00308,1,elite_private,2025,Term2_Jan_Apr,14,0,,,,,WITHDRAWN
STU-00309,3,public_state,2023,Term1_Sep_Dec,26.9,0,65.7,4,31.9,2,MEDIUM
STU-00310,2,low_cost_private,2025,Term3_Apr_Jul,89.0,0,59.3,2,69.4,0,MEDIUM
STU-00311,1,elite_private,2023,Term2_Jan_Apr,0,1,98.4,2,80.1,0,LOW
STU-00312,3,public_state,2023,Term3_Apr_Jul,16.5,0,26.7,9,20,3,HIGH
STU-00313,3,public_state,2025,Term2_Jan_Apr,21.9,0,49.9,15,57.7,2,MEDIUM
STU-00314,3,public_state,2023,Term1_Sep_Dec,33.5,0,62.7,0,42.8,3,MEDIUM
STU-00315,3,public_state,2023,Term1_Sep_Dec,19.7,0,61.8,0,64.1,0,LOW
STU-00316,1,elite_private,2023,Term3_Apr_Jul,5.0,0,74.1,6,57.7,3,MEDIUM
STU-00317,2,low_cost_private,2023,Term3_Apr_Jul,15.8,0,86.3,2,83.4,0,LOW
STU-00318,1,elite_private,2024,Term1_Sep_Dec,0,1,100,0,84.7,0,LOW
STU-00319,1,elite_private,2023,Term1_Sep_Dec,14,0,,,,,WITHDRAWN
STU-00320,2,low_cost_private,2024,Term1_Sep_Dec,14.9,0,90.9,0,74.1,0,LOW
STU-00321,2,low_cost_private,2023,Term2_Jan_Apr,27.2,0,60.7,2,65.0,0,LOW
STU-00322,2,low_cost_private,2024,Term2_Jan_Apr,23.6,0,63.8,1,40.9,3,MEDIUM
STU-00323,3,public_state,2023,Term3_Apr_Jul,11.2,0,53.9,0,33.0,2,MEDIUM
STU-00324,2,low_cost_private,2024,Term2_Jan_Apr,54.1,0,52.2,14,55.8,0,MEDIUM
STU-00325,3,public_state,2023,Term1_Sep_Dec,48.7,0,53.3,3,29.4,5,HIGH
STU-00326,3,public_state,2025,Term1_Sep_Dec,19.2,0,55.7,3,58.4,0,MEDIUM
STU-00327,2,low_cost_private,2023,Term3_Apr_Jul,23.1,0,35.1,2,39.5,5,HIGH
STU-00328,3,public_state,2025,Term2_Jan_Apr,18.7,0,41.3,15,26.9,4,HIGH
STU-00329,1,elite_private,2024,Term1_Sep_Dec,13.1,0,77.6,3,42.7,3,MEDIUM
STU-00330,3,public_state,2025,Term1_Sep_Dec,24.5,0,59.8,6,57.2,1,MEDIUM
STU-00331,1,elite_private,2025,Term2_Jan_Apr,11.1,0,73.3,0,58.5,3,LOW
STU-00332,3,public_state,2025,Term1_Sep_Dec,26.9,0,59.8,3,26.3,3,HIGH
STU-00333,2,low_cost_private,2023,Term3_Apr_Jul,44.6,0,42.2,4,58.5,0,MEDIUM
STU-00334,2,low_cost_private,2025,Term2_Jan_Apr,16.0,0,90.4,0,66.9,0,LOW
STU-00335,2,low_cost_private,2024,Term3_Apr_Jul,58.6,0,50.1,13,49.0,3,HIGH
STU-00336,3,public_state,2024,Term1_Sep_Dec,23.1,0,41.3,1,33.0,4,HIGH
STU-00337,2,low_cost_private,2023,Term3_Apr_Jul,94.6,0,60.8,1,39.6,5,HIGH
STU-00338,2,low_cost_private,2023,Term3_Apr_Jul,65.5,0,52.5,5,39.4,3,HIGH
STU-00339,1,elite_private,2023,Term3_Apr_Jul,14,0,,,,,WITHDRAWN
STU-00340,2,low_cost_private,2025,Term3_Apr_Jul,15.6,0,51.1,4,49.3,2,MEDIUM
STU-00341,1,elite_private,2024,Term1_Sep_Dec,0,1,99.2,1,83.5,0,LOW
STU-00342,2,low_cost_private,2024,Term1_Sep_Dec,36.9,0,38.5,9,41.0,2,HIGH
STU-00343,2,low_cost_private,2024,Term1_Sep_Dec,21.1,0,65.5,8,49.8,3,MEDIUM
STU-00344,3,public_state,2023,Term3_Apr_Jul,7.7,0,80.6,0,77.2,0,LOW
STU-00345,3,public_state,2024,Term3_Apr_Jul,11.6,0,38.2,6,25,2,MEDIUM
STU-00346,2,low_cost_private,2023,Term3_Apr_Jul,89.1,0,35.3,9,35.9,3,HIGH
STU-00347,3,public_state,2023,Term1_Sep_Dec,37.7,0,24.0,12,49.8,1,HIGH
STU-00348,3,public_state,2024,Term2_Jan_Apr,19.6,0,60.3,6,35.0,3,HIGH
STU-00349,3,public_state,2025,Term3_Apr_Jul,33.9,0,36.2,10,20,4,HIGH
STU-00350,3,public_state,2023,Term1_Sep_Dec,29.6,0,55.6,4,20,3,HIGH
STU-00351,2,low_cost_private,2023,Term1_Sep_Dec,75.5,0,65.5,0,52.8,2,MEDIUM
STU-00352,2,low_cost_private,2023,Term1_Sep_Dec,51.7,0,31.4,8,49.3,2,HIGH
STU-00353,2,low_cost_private,2023,Term1_Sep_Dec,19.3,0,91.1,0,76.0,0,LOW
STU-00354,2,low_cost_private,2024,Term1_Sep_Dec,80.6,0,64.4,0,27.3,5,HIGH
STU-00355,2,low_cost_private,2023,Term1_Sep_Dec,49.2,0,48.0,11,54.2,1,HIGH
STU-00356,3,public_state,2023,Term1_Sep_Dec,40.7,0,58.9,13,21.6,3,HIGH
STU-00357,2,low_cost_private,2025,Term1_Sep_Dec,15.1,0,89.3,2,82.3,0,LOW
STU-00358,2,low_cost_private,2024,Term1_Sep_Dec,29.9,0,28.9,15,22.9,4,HIGH
STU-00359,2,low_cost_private,2023,Term3_Apr_Jul,51.4,0,48.1,4,43.1,3,HIGH
STU-00360,3,public_state,2023,Term3_Apr_Jul,23.1,0,52.4,0,48.8,1,MEDIUM
STU-00361,2,low_cost_private,2024,Term2_Jan_Apr,43.6,0,39.1,4,45.1,3,HIGH
STU-00362,2,low_cost_private,2024,Term3_Apr_Jul,46.4,0,42.1,8,37.4,3,HIGH
STU-00363,1,elite_private,2025,Term3_Apr_Jul,14.0,0,,,,,WITHDRAWN
STU-00364,1,elite_private,2024,Term3_Apr_Jul,12.2,0,54.1,1,29.1,2,MEDIUM
STU-00365,2,low_cost_private,2025,Term2_Jan_Apr,16.3,0,84.9,2,80.6,0,LOW
STU-00366,2,low_cost_private,2025,Term2_Jan_Apr,56.2,0,59.6,4,35.0,3,HIGH
STU-00367,3,public_state,2023,Term3_Apr_Jul,19.4,0,63.0,1,33.8,3,MEDIUM
STU-00368,2,low_cost_private,2024,Term2_Jan_Apr,49.3,0,67.8,10,22.3,5,HIGH
STU-00369,3,public_state,2023,Term3_Apr_Jul,15.9,0,38.6,9,52.4,3,HIGH
STU-00370,1,elite_private,2025,Term2_Jan_Apr,11.4,0,75.7,1,70.3,0,LOW
STU-00371,2,low_cost_private,2023,Term1_Sep_Dec,111.0,0,61.4,0,58.7,0,MEDIUM
STU-00372,3,public_state,2025,Term1_Sep_Dec,13.4,0,53.7,6,26.4,4,MEDIUM
STU-00373,3,public_state,2023,Term3_Apr_Jul,2.1,0,84.5,1,71.3,0,LOW
STU-00374,1,elite_private,2025,Term3_Apr_Jul,0,1,100,0,91.7,0,LOW
STU-00375,2,low_cost_private,2025,Term2_Jan_Apr,29.7,0,51.4,1,74.4,0,LOW
STU-00376,3,public_state,2023,Term2_Jan_Apr,48.5,0,52.4,3,34.7,3,HIGH
STU-00377,1,elite_private,2024,Term3_Apr_Jul,14,0,,,,,WITHDRAWN
STU-00378,3,public_state,2025,Term1_Sep_Dec,52.8,0,45.6,12,37.8,4,HIGH
STU-00379,2,low_cost_private,2024,Term1_Sep_Dec,79.5,0,53.8,13,30.9,3,HIGH
STU-00380,2,low_cost_private,2023,Term2_Jan_Apr,25.9,0,33.6,0,26.3,4,MEDIUM
STU-00381,2,low_cost_private,2024,Term2_Jan_Apr,18.1,0,42.5,10,37.7,3,HIGH
STU-00382,1,elite_private,2025,Term3_Apr_Jul,0,1,100,0,87.7,0,LOW
STU-00383,2,low_cost_private,2024,Term2_Jan_Apr,17.2,0,71.2,4,47.7,4,MEDIUM
STU-00384,2,low_cost_private,2025,Term2_Jan_Apr,19.5,0,84.8,1,80.3,0,LOW
STU-00385,2,low_cost_private,2025,Term2_Jan_Apr,57.9,0,44.2,4,39.3,5,HIGH
STU-00386,2,low_cost_private,2024,Term2_Jan_Apr,38.1,0,46.1,7,25.9,3,HIGH
STU-00387,1,elite_private,2025,Term2_Jan_Apr,0,1,100,0,83.0,0,LOW
STU-00388,3,public_state,2023,Term3_Apr_Jul,2.2,0,34.5,13,20,4,HIGH
STU-00389,2,low_cost_private,2025,Term3_Apr_Jul,34.6,0,46.9,5,60.8,1,MEDIUM
STU-00390,2,low_cost_private,2025,Term2_Jan_Apr,18.3,0,50.4,2,27.3,3,MEDIUM
STU-00391,1,elite_private,2025,Term1_Sep_Dec,0.1,0,85.9,4,44.0,4,MEDIUM
STU-00392,3,public_state,2025,Term1_Sep_Dec,37.4,0,52.0,0,37.0,6,HIGH
STU-00393,2,low_cost_private,2024,Term1_Sep_Dec,39.3,0,54.1,10,36.0,5,HIGH
STU-00394,3,public_state,2025,Term3_Apr_Jul,16.2,0,35.4,9,20,2,HIGH
STU-00395,2,low_cost_private,2025,Term3_Apr_Jul,64.8,0,43.8,9,32.7,4,HIGH
STU-00396,1,elite_private,2025,Term2_Jan_Apr,4.5,0,84.7,5,63.8,0,LOW
STU-00397,3,public_state,2024,Term1_Sep_Dec,26.8,0,75.0,1,72.7,0,LOW
STU-00398,3,public_state,2024,Term1_Sep_Dec,5.0,0,88.2,2,80.0,0,LOW
STU-00399,2,low_cost_private,2023,Term3_Apr_Jul,40.1,0,48.0,13,37.9,2,HIGH
STU-00400,3,public_state,2025,Term3_Apr_Jul,34.1,0,49.5,3,31.7,4,HIGH
STU-00401,3,public_state,2025,Term2_Jan_Apr,17.5,0,58.2,1,78.6,0,LOW
STU-00402,3,public_state,2025,Term3_Apr_Jul,60,0,41.6,3,20,4,HIGH
STU-00403,1,elite_private,2025,Term3_Apr_Jul,0,1,100,0,99.6,0,LOW
STU-00404,2,low_cost_private,2025,Term3_Apr_Jul,73.9,0,56.0,4,29.1,5,HIGH
STU-00405,3,public_state,2024,Term2_Jan_Apr,23.6,0,56.0,11,44.6,3,HIGH
STU-00406,3,public_state,2024,Term1_Sep_Dec,18.7,0,69.8,0,46.9,1,MEDIUM
STU-00407,2,low_cost_private,2025,Term3_Apr_Jul,77.0,0,54.5,1,56.2,0,MEDIUM
STU-00408,2,low_cost_private,2025,Term3_Apr_Jul,15.5,0,86.4,0,79.2,0,LOW
STU-00409,1,elite_private,2024,Term3_Apr_Jul,0,1,98.3,1,87.0,0,LOW
STU-00410,3,public_state,2025,Term2_Jan_Apr,9.2,0,35.6,6,31.9,3,HIGH
STU-00411,1,elite_private,2023,Term3_Apr_Jul,0,1,99.7,0,94.3,0,LOW
STU-00412,2,low_cost_private,2023,Term3_Apr_Jul,16.2,0,87.4,0,73.5,0,LOW
STU-00413,2,low_cost_private,2025,Term3_Apr_Jul,32.7,0,46.1,11,33.5,5,HIGH
STU-00414,2,low_cost_private,2025,Term2_Jan_Apr,71.8,0,52.9,10,44.0,3,HIGH
STU-00415,2,low_cost_private,2025,Term3_Apr_Jul,20.3,0,83.9,0,71.3,0,LOW
STU-00416,3,public_state,2024,Term3_Apr_Jul,13.9,0,35.1,12,20,3,HIGH
STU-00417,2,low_cost_private,2025,Term2_Jan_Apr,30.2,0,42.4,11,37.7,3,HIGH
STU-00418,3,public_state,2025,Term3_Apr_Jul,6.6,0,83.9,1,74.6,0,LOW
STU-00419,1,elite_private,2025,Term3_Apr_Jul,0.7,0,76.4,0,51.1,2,LOW
STU-00420,1,elite_private,2024,Term3_Apr_Jul,0,1,99.2,1,91.0,0,LOW
STU-00421,3,public_state,2024,Term2_Jan_Apr,15.8,0,54.1,6,23.0,4,HIGH
STU-00422,3,public_state,2025,Term1_Sep_Dec,14.2,0,58.0,2,57.0,1,MEDIUM
STU-00423,1,elite_private,2024,Term2_Jan_Apr,0,1,100,0,87.8,0,LOW
STU-00424,3,public_state,2024,Term3_Apr_Jul,24.4,0,63.8,0,64.9,0,LOW
STU-00425,2,low_cost_private,2023,Term3_Apr_Jul,20.5,0,86.9,1,77.3,0,LOW
STU-00426,3,public_state,2024,Term3_Apr_Jul,44.4,0,59.8,8,25.1,5,HIGH
STU-00427,1,elite_private,2023,Term1_Sep_Dec,10.0,0,59.0,3,48.6,0,MEDIUM
STU-00428,2,low_cost_private,2023,Term2_Jan_Apr,53.9,0,24.3,14,30.1,4,HIGH
STU-00429,1,elite_private,2023,Term1_Sep_Dec,0,1,98.4,2,88.3,0,LOW
STU-00430,2,low_cost_private,2024,Term2_Jan_Apr,46.4,0,70.0,4,38.6,3,HIGH
STU-00431,2,low_cost_private,2024,Term2_Jan_Apr,83.3,0,48.4,13,30.6,6,HIGH
STU-00432,1,elite_private,2025,Term1_Sep_Dec,0,1,99.2,0,89.2,0,LOW
STU-00433,2,low_cost_private,2025,Term3_Apr_Jul,23.3,0,41.3,0,30.1,4,MEDIUM
STU-00434,2,low_cost_private,2025,Term1_Sep_Dec,36.0,0,40.2,8,42.9,2,HIGH
STU-00435,2,low_cost_private,2025,Term3_Apr_Jul,38.3,0,41.6,13,52.5,5,HIGH
STU-00436,2,low_cost_private,2023,Term2_Jan_Apr,53.4,0,46.2,9,42.3,2,HIGH
STU-00437,3,public_state,2024,Term2_Jan_Apr,20.0,0,54.0,0,36.8,3,MEDIUM
STU-00438,3,public_state,2025,Term2_Jan_Apr,20.5,0,59.4,2,43.8,3,MEDIUM
STU-00439,2,low_cost_private,2023,Term2_Jan_Apr,35.8,0,68.3,6,30.6,5,HIGH
STU-00440,1,elite_private,2025,Term1_Sep_Dec,14,0,,,,,WITHDRAWN
STU-00441,1,elite_private,2024,Term1_Sep_Dec,14,0,,,,,WITHDRAWN
STU-00442,1,elite_private,2023,Term2_Jan_Apr,0,1,100,0,96.8,0,LOW
STU-00443,1,elite_private,2024,Term1_Sep_Dec,5.7,0,66.9,0,63.6,1,LOW
STU-00444,3,public_state,2023,Term2_Jan_Apr,32.3,0,45.0,10,29.0,5,HIGH
STU-00445,3,public_state,2025,Term3_Apr_Jul,33.3,0,48.8,4,41.5,5,HIGH
STU-00446,2,low_cost_private,2023,Term1_Sep_Dec,12.7,0,88.4,0,72.5,0,LOW
STU-00447,1,elite_private,2025,Term3_Apr_Jul,0,1,98.9,1,96.1,0,LOW
STU-00448,2,low_cost_private,2025,Term1_Sep_Dec,23.5,0,39.6,11,44.7,4,HIGH
STU-00449,2,low_cost_private,2025,Term3_Apr_Jul,13.6,0,64.0,1,36.5,2,MEDIUM
STU-00450,3,public_state,2024,Term1_Sep_Dec,15.6,0,48.1,3,44.9,4,HIGH
STU-00451,2,low_cost_private,2025,Term1_Sep_Dec,31.3,0,36.4,11,32.7,2,HIGH
STU-00452,2,low_cost_private,2024,Term3_Apr_Jul,43.1,0,36.6,11,34.0,5,HIGH
STU-00453,2,low_cost_private,2025,Term2_Jan_Apr,83.1,0,49.3,4,26.3,5,HIGH
STU-00454,2,low_cost_private,2023,Term3_Apr_Jul,13.5,0,84.8,0,79.6,0,LOW
STU-00455,1,elite_private,2025,Term2_Jan_Apr,0,1,100,0,96.7,0,LOW
STU-00456,1,elite_private,2025,Term1_Sep_Dec,0,1,100,0,85.5,0,LOW
STU-00457,2,low_cost_private,2025,Term1_Sep_Dec,98.9,0,50.3,10,53.0,2,HIGH
STU-00458,2,low_cost_private,2023,Term3_Apr_Jul,21.3,0,28.5,8,40.0,4,HIGH
STU-00459,2,low_cost_private,2024,Term3_Apr_Jul,61.1,0,48.3,8,35.6,3,HIGH
STU-00460,2,low_cost_private,2024,Term2_Jan_Apr,34.7,0,60.5,9,39.5,4,HIGH
STU-00461,2,low_cost_private,2023,Term3_Apr_Jul,54.7,0,50.0,9,34.3,4,HIGH
STU-00462,2,low_cost_private,2025,Term2_Jan_Apr,45.4,0,57.4,0,51.1,3,MEDIUM
STU-00463,3,public_state,2023,Term2_Jan_Apr,23.9,0,71.9,0,38.9,6,MEDIUM
STU-00464,2,low_cost_private,2024,Term3_Apr_Jul,69.8,0,65.5,0,50.3,3,MEDIUM
STU-00465,2,low_cost_private,2023,Term2_Jan_Apr,24.7,0,87.3,1,39.4,2,MEDIUM
STU-00466,3,public_state,2023,Term1_Sep_Dec,60,0,59.2,1,49.9,3,MEDIUM
STU-00467,2,low_cost_private,2024,Term3_Apr_Jul,34.1,0,27.9,4,38.6,4,HIGH
STU-00468,3,public_state,2024,Term2_Jan_Apr,52.8,0,53.1,10,24.1,3,HIGH
STU-00469,2,low_cost_private,2024,Term2_Jan_Apr,34.2,0,56.3,12,65.4,0,MEDIUM
STU-00470,2,low_cost_private,2023,Term1_Sep_Dec,41.3,0,34.0,15,33.6,2,HIGH
STU-00471,1,elite_private,2024,Term2_Jan_Apr,4.2,0,82.3,0,53.0,2,LOW
STU-00472,2,low_cost_private,2023,Term3_Apr_Jul,33.1,0,47.6,4,29.1,2,HIGH
STU-00473,3,public_state,2023,Term1_Sep_Dec,16.3,0,46.9,11,58.6,2,MEDIUM
STU-00474,2,low_cost_private,2024,Term2_Jan_Apr,42.5,0,34.6,13,37.1,3,HIGH
STU-00475,3,public_state,2025,Term2_Jan_Apr,6.9,0,89.6,1,66.1,0,LOW
STU-00476,2,low_cost_private,2023,Term2_Jan_Apr,48.3,0,35.1,12,29.2,4,HIGH
STU-00477,2,low_cost_private,2024,Term3_Apr_Jul,31.9,0,37.4,5,30.0,3,HIGH
STU-00478,3,public_state,2024,Term3_Apr_Jul,15.2,0,31.1,5,24.6,3,HIGH
STU-00479,3,public_state,2025,Term3_Apr_Jul,36.4,0,55.7,4,20,5,HIGH
STU-00480,2,low_cost_private,2023,Term1_Sep_Dec,31.1,0,68.4,1,50.8,3,MEDIUM
STU-00481,1,elite_private,2025,Term2_Jan_Apr,0,1,98.4,2,83.8,0,LOW
STU-00482,1,elite_private,2024,Term2_Jan_Apr,0,1,100,0,84.5,0,LOW
STU-00483,1,elite_private,2024,Term2_Jan_Apr,6.2,0,55.6,2,70.4,1,LOW
STU-00484,3,public_state,2023,Term3_Apr_Jul,7.0,0,46.0,3,33.7,3,HIGH
STU-00485,2,low_cost_private,2023,Term1_Sep_Dec,50.8,0,51.0,1,47.8,2,MEDIUM
STU-00486,3,public_state,2024,Term2_Jan_Apr,45.6,0,51.2,4,39.2,3,HIGH
STU-00487,1,elite_private,2025,Term1_Sep_Dec,0,1,99.0,1,95.1,0,LOW
STU-00488,2,low_cost_private,2023,Term2_Jan_Apr,88.0,0,50.5,0,45.5,3,MEDIUM
STU-00489,2,low_cost_private,2025,Term2_Jan_Apr,36.7,0,35.3,4,32.1,3,HIGH
STU-00490,1,elite_private,2024,Term3_Apr_Jul,0,1,99.2,1,91.2,0,LOW
STU-00491,1,elite_private,2024,Term3_Apr_Jul,14,0,,,,,WITHDRAWN
STU-00492,2,low_cost_private,2024,Term2_Jan_Apr,60.7,0,56.1,4,33.3,6,HIGH
STU-00493,3,public_state,2025,Term1_Sep_Dec,29.8,0,68.9,7,41.6,2,MEDIUM
STU-00494,3,public_state,2023,Term2_Jan_Apr,11.0,0,77.9,0,48.0,2,LOW
STU-00495,2,low_cost_private,2024,Term3_Apr_Jul,34.0,0,67.6,5,50.5,0,MEDIUM
STU-00496,2,low_cost_private,2025,Term1_Sep_Dec,62.0,0,58.9,11,51.2,2,HIGH
STU-00497,1,elite_private,2023,Term1_Sep_Dec,0,1,68.7,1,62.2,0,LOW
STU-00498,2,low_cost_private,2025,Term2_Jan_Apr,19.4,0,87.5,1,79.7,0,LOW
STU-00499,2,low_cost_private,2025,Term3_Apr_Jul,40.2,0,40.0,13,20,4,HIGH
STU-00500,1,elite_private,2024,Term1_Sep_Dec,1.3,0,56.0,2,31.8,4,MEDIUM
STU-00501,3,public_state,2025,Term3_Apr_Jul,60,0,36.9,3,33.9,5,HIGH
STU-00502,3,public_state,2024,Term3_Apr_Jul,25.2,0,32.3,13,33.1,4,HIGH
STU-00503,3,public_state,2025,Term1_Sep_Dec,25.1,0,59.6,10,37.5,2,HIGH
STU-00504,1,elite_private,2023,Term3_Apr_Jul,0,1,99.2,1,93.8,0,LOW
STU-00505,1,elite_private,2024,Term3_Apr_Jul,0,1,54.4,7,47.6,2,MEDIUM
STU-00506,1,elite_private,2023,Term2_Jan_Apr,0,1,98.4,2,86.6,0,LOW
STU-00507,3,public_state,2025,Term1_Sep_Dec,26.4,0,61.3,3,37.0,4,HIGH
STU-00508,1,elite_private,2023,Term3_Apr_Jul,0,1,98.4,2,91.1,0,LOW
STU-00509,3,public_state,2025,Term2_Jan_Apr,37.9,0,52.0,1,21.7,5,HIGH
STU-00510,2,low_cost_private,2025,Term2_Jan_Apr,70.9,0,67.0,1,41.9,2,MEDIUM
STU-00511,2,low_cost_private,2024,Term2_Jan_Apr,18.4,0,50.2,10,21.4,3,HIGH
STU-00512,1,elite_private,2024,Term2_Jan_Apr,0,1,77.3,3,65.0,0,LOW
STU-00513,3,public_state,2024,Term1_Sep_Dec,18.5,0,73.9,2,49.2,0,MEDIUM
STU-00514,2,low_cost_private,2023,Term3_Apr_Jul,15.8,0,83.1,1,77.9,0,LOW
STU-00515,1,elite_private,2023,Term2_Jan_Apr,0,1,100,0,89.2,0,LOW
STU-00516,2,low_cost_private,2025,Term3_Apr_Jul,80.5,0,53.8,13,34.6,4,HIGH
STU-00517,1,elite_private,2024,Term1_Sep_Dec,0,1,100,0,99.2,0,LOW
STU-00518,2,low_cost_private,2023,Term3_Apr_Jul,30.8,0,39.0,5,20,3,HIGH
STU-00519,1,elite_private,2025,Term3_Apr_Jul,14,0,,,,,WITHDRAWN
STU-00520,2,low_cost_private,2023,Term2_Jan_Apr,16.6,0,91.3,0,80.9,0,LOW
STU-00521,2,low_cost_private,2023,Term3_Apr_Jul,35.5,0,28.5,12,28.4,2,HIGH
STU-00522,3,public_state,2023,Term3_Apr_Jul,47.8,0,57.3,4,30.8,3,HIGH
STU-00523,1,elite_private,2025,Term2_Jan_Apr,14,0,,,,,WITHDRAWN
STU-00524,3,public_state,2023,Term3_Apr_Jul,38.0,0,46.8,5,21.2,3,HIGH
STU-00525,1,elite_private,2023,Term3_Apr_Jul,0,1,100,0,93.4,0,LOW
STU-00526,3,public_state,2024,Term2_Jan_Apr,14.9,0,70.1,0,34.6,5,MEDIUM
STU-00527,3,public_state,2025,Term3_Apr_Jul,13.6,0,31.7,6,64.8,0,MEDIUM
STU-00528,1,elite_private,2025,Term3_Apr_Jul,0,1,99.2,1,99.1,0,LOW
STU-00529,3,public_state,2023,Term2_Jan_Apr,8.9,0,89.1,1,71.7,0,LOW
STU-00530,1,elite_private,2024,Term2_Jan_Apr,2.0,0,74.9,1,50.6,1,MEDIUM
STU-00531,2,low_cost_private,2024,Term2_Jan_Apr,62.0,0,50.9,14,49.7,2,HIGH
STU-00532,3,public_state,2024,Term3_Apr_Jul,5.4,0,34.2,4,63.4,0,MEDIUM
STU-00533,1,elite_private,2025,Term2_Jan_Apr,0,1,98.4,2,83.8,0,LOW
STU-00534,2,low_cost_private,2023,Term3_Apr_Jul,38.2,0,40.6,9,54.6,2,HIGH
STU-00535,2,low_cost_private,2023,Term3_Apr_Jul,22.5,0,71.8,1,44.1,2,MEDIUM
STU-00536,3,public_state,2024,Term1_Sep_Dec,6.8,0,88.1,1,69.0,0,LOW
STU-00537,1,elite_private,2024,Term2_Jan_Apr,3.2,0,71.6,0,85,0,LOW
STU-00538,1,elite_private,2023,Term1_Sep_Dec,2.8,0,100,0,84.9,0,LOW
STU-00539,2,low_cost_private,2025,Term1_Sep_Dec,20.1,0,89.1,2,84.7,0,LOW
STU-00540,2,low_cost_private,2024,Term1_Sep_Dec,68.5,0,55.6,8,58.7,1,HIGH
STU-00541,3,public_state,2023,Term1_Sep_Dec,9.0,0,97.2,0,63.3,0,LOW
STU-00542,2,low_cost_private,2024,Term1_Sep_Dec,61.1,0,63.9,11,46.2,2,HIGH
STU-00543,3,public_state,2025,Term3_Apr_Jul,35.5,0,17.8,13,20,3,HIGH
STU-00544,2,low_cost_private,2025,Term2_Jan_Apr,18.7,0,85.6,1,83.6,0,LOW
STU-00545,3,public_state,2024,Term2_Jan_Apr,60,0,51.4,3,57.6,0,MEDIUM
STU-00546,2,low_cost_private,2025,Term1_Sep_Dec,71.3,0,62.6,8,51.9,2,HIGH
STU-00547,2,low_cost_private,2023,Term3_Apr_Jul,28.6,0,62.3,4,57.2,1,MEDIUM
STU-00548,3,public_state,2023,Term1_Sep_Dec,14.8,0,63.8,0,39.4,2,MEDIUM
STU-00549,2,low_cost_private,2023,Term1_Sep_Dec,23.9,0,38.5,15,43.4,4,HIGH
STU-00550,3,public_state,2024,Term2_Jan_Apr,24.3,0,33.6,8,20,3,HIGH
STU-00551,1,elite_private,2024,Term2_Jan_Apr,14,0,,,,,WITHDRAWN
STU-00552,2,low_cost_private,2024,Term2_Jan_Apr,50.1,0,57.7,14,48.5,3,HIGH
STU-00553,2,low_cost_private,2023,Term1_Sep_Dec,77.4,0,56.1,5,43.6,3,HIGH
STU-00554,1,elite_private,2024,Term1_Sep_Dec,2.7,0,81.3,0,74.0,0,LOW
STU-00555,2,low_cost_private,2025,Term2_Jan_Apr,68.0,0,44.8,13,39.1,5,HIGH
STU-00556,2,low_cost_private,2024,Term2_Jan_Apr,17.9,0,88.5,0,72.5,0,LOW
STU-00557,2,low_cost_private,2025,Term1_Sep_Dec,30.6,0,18.4,9,20,2,HIGH
STU-00558,3,public_state,2024,Term2_Jan_Apr,13.0,0,75.8,3,57.1,1,LOW
STU-00559,2,low_cost_private,2023,Term2_Jan_Apr,23.3,0,64.1,1,61.7,0,MEDIUM
STU-00560,3,public_state,2023,Term3_Apr_Jul,25.3,0,51.1,1,36.6,4,MEDIUM
STU-00561,1,elite_private,2024,Term1_Sep_Dec,0,1,98.8,0,87.8,0,LOW
STU-00562,2,low_cost_private,2023,Term1_Sep_Dec,77.4,0,61.2,9,22.5,3,HIGH
STU-00563,1,elite_private,2025,Term1_Sep_Dec,0,1,98.0,1,80.3,0,LOW
STU-00564,1,elite_private,2024,Term3_Apr_Jul,0,1,98.9,1,98.8,0,LOW
STU-00565,3,public_state,2023,Term2_Jan_Apr,16.6,0,69.5,0,63.1,0,LOW
STU-00566,2,low_cost_private,2025,Term2_Jan_Apr,23.6,0,51.6,13,41.0,4,HIGH
STU-00567,3,public_state,2023,Term2_Jan_Apr,27.4,0,61.0,3,36.8,4,HIGH
STU-00568,3,public_state,2023,Term1_Sep_Dec,22.3,0,27.9,1,21.1,3,HIGH
STU-00569,1,elite_private,2025,Term3_Apr_Jul,7.6,0,77.2,3,45.2,3,MEDIUM
STU-00570,3,public_state,2024,Term1_Sep_Dec,25.8,0,63.7,4,34.2,3,HIGH
STU-00571,2,low_cost_private,2024,Term1_Sep_Dec,54.4,0,61.0,10,44.1,1,HIGH
STU-00572,3,public_state,2025,Term3_Apr_Jul,58.2,0,35.4,3,32.7,4,HIGH
STU-00573,2,low_cost_private,2023,Term1_Sep_Dec,79.4,0,48.4,1,44.3,3,HIGH
STU-00574,1,elite_private,2023,Term2_Jan_Apr,14,0,,,,,WITHDRAWN
STU-00575,2,low_cost_private,2023,Term2_Jan_Apr,22.9,0,37.3,7,20,5,HIGH
STU-00576,1,elite_private,2024,Term3_Apr_Jul,0,1,100,0,91.7,0,LOW
STU-00577,1,elite_private,2024,Term3_Apr_Jul,0,1,86.7,0,53.4,0,LOW
STU-00578,2,low_cost_private,2024,Term2_Jan_Apr,61.4,0,59.6,7,57.0,0,MEDIUM
STU-00579,3,public_state,2024,Term1_Sep_Dec,30.7,0,51.8,7,20,4,HIGH
STU-00580,2,low_cost_private,2024,Term1_Sep_Dec,71.8,0,46.9,8,32.0,6,HIGH
STU-00581,2,low_cost_private,2025,Term1_Sep_Dec,31.9,0,24.7,8,28.4,3,HIGH
STU-00582,2,low_cost_private,2024,Term2_Jan_Apr,17.8,0,91.8,0,83.9,0,LOW
STU-00583,2,low_cost_private,2023,Term1_Sep_Dec,41.1,0,63.3,8,20.0,3,HIGH
STU-00584,1,elite_private,2024,Term3_Apr_Jul,0,1,100,0,88.8,0,LOW
STU-00585,3,public_state,2024,Term2_Jan_Apr,38.0,0,42.7,11,29.5,2,HIGH
STU-00586,1,elite_private,2023,Term3_Apr_Jul,0,1,96.8,0,84.9,0,LOW
STU-00587,2,low_cost_private,2024,Term3_Apr_Jul,35.5,0,35.1,10,20,3,HIGH
STU-00588,1,elite_private,2024,Term3_Apr_Jul,1.7,0,80.2,6,58.7,3,MEDIUM
STU-00589,1,elite_private,2025,Term2_Jan_Apr,0,1,100,0,90.8,0,LOW
STU-00590,3,public_state,2024,Term3_Apr_Jul,21.5,0,39.5,3,48.9,2,MEDIUM
STU-00591,2,low_cost_private,2025,Term1_Sep_Dec,56.2,0,33.3,10,39.2,7,HIGH
STU-00592,2,low_cost_private,2023,Term2_Jan_Apr,61.2,0,61.0,0,41.0,2,MEDIUM
STU-00593,3,public_state,2024,Term2_Jan_Apr,9.4,0,47.4,4,25.7,5,HIGH
STU-00594,2,low_cost_private,2024,Term3_Apr_Jul,19.8,0,57.4,1,25.0,5,HIGH
STU-00595,2,low_cost_private,2024,Term2_Jan_Apr,76.5,0,51.0,6,49.6,4,HIGH
STU-00596,1,elite_private,2024,Term3_Apr_Jul,0.3,0,99.4,0,87.1,0,LOW
STU-00597,2,low_cost_private,2025,Term1_Sep_Dec,16.5,0,89.3,0,72.5,0,LOW
STU-00598,3,public_state,2023,Term3_Apr_Jul,23.1,0,50.2,1,26.0,2,MEDIUM
STU-00599,1,elite_private,2025,Term1_Sep_Dec,5.1,0,79.7,1,83.6,1,LOW
STU-00600,3,public_state,2025,Term1_Sep_Dec,23.8,0,45.2,3,20,3,HIGH
STU-00601,3,public_state,2023,Term1_Sep_Dec,36.4,0,62.6,3,35.6,3,HIGH
STU-00602,2,low_cost_private,2025,Term1_Sep_Dec,35.6,0,86.0,1,53.2,0,MEDIUM
STU-00603,2,low_cost_private,2023,Term1_Sep_Dec,14.0,0,45.0,0,25,3,MEDIUM
STU-00604,1,elite_private,2025,Term3_Apr_Jul,0,1,100,0,81.1,0,LOW
STU-00605,2,low_cost_private,2023,Term3_Apr_Jul,53.0,0,46.3,10,42.1,3,HIGH
STU-00606,2,low_cost_private,2023,Term2_Jan_Apr,33.0,0,44.4,11,28.9,3,HIGH
STU-00607,2,low_cost_private,2025,Term1_Sep_Dec,23.5,0,74.1,2,60.1,0,LOW
STU-00608,3,public_state,2023,Term1_Sep_Dec,16.8,0,78.2,0,62.1,0,LOW
STU-00609,3,public_state,2024,Term2_Jan_Apr,60,0,68.3,9,43.8,2,MEDIUM
STU-00610,3,public_state,2023,Term2_Jan_Apr,0.1,0,45.6,11,20.5,3,HIGH
STU-00611,1,elite_private,2023,Term3_Apr_Jul,14,0,,,,,WITHDRAWN
STU-00612,1,elite_private,2023,Term2_Jan_Apr,11.6,0,83.9,2,80.0,1,LOW
STU-00613,3,public_state,2025,Term2_Jan_Apr,6.1,0,87.9,1,65.0,0,LOW
STU-00614,3,public_state,2025,Term1_Sep_Dec,27.1,0,62.2,10,36.9,4,HIGH
STU-00615,2,low_cost_private,2025,Term1_Sep_Dec,26.6,0,58.3,0,41.1,3,MEDIUM
STU-00616,3,public_state,2025,Term2_Jan_Apr,5,0,42.4,11,31.5,4,HIGH
STU-00617,2,low_cost_private,2024,Term3_Apr_Jul,42.5,0,47.8,4,37.4,3,HIGH
STU-00618,1,elite_private,2025,Term3_Apr_Jul,0,1,98.4,2,72.1,0,LOW
STU-00619,1,elite_private,2023,Term3_Apr_Jul,0,1,100,0,76.9,0,LOW
STU-00620,2,low_cost_private,2025,Term3_Apr_Jul,89.3,0,60.1,0,40.0,3,MEDIUM
STU-00621,2,low_cost_private,2023,Term1_Sep_Dec,28.0,0,67.6,1,24.0,5,MEDIUM
STU-00622,1,elite_private,2023,Term1_Sep_Dec,0,1,100,0,93.1,0,LOW
STU-00623,3,public_state,2024,Term3_Apr_Jul,35.9,0,35.0,7,37.0,5,HIGH
STU-00624,2,low_cost_private,2024,Term1_Sep_Dec,14.3,0,86.3,0,81.7,0,LOW
STU-00625,1,elite_private,2025,Term1_Sep_Dec,14,0,,,,,WITHDRAWN
STU-00626,1,elite_private,2025,Term1_Sep_Dec,13.1,0,71.6,1,43.6,4,MEDIUM
STU-00627,1,elite_private,2024,Term3_Apr_Jul,0,1,100,0,89.7,0,LOW
STU-00628,2,low_cost_private,2025,Term1_Sep_Dec,29.7,0,60.3,2,27.2,3,MEDIUM
STU-00629,3,public_state,2025,Term3_Apr_Jul,46.0,0,51.1,1,21.4,4,HIGH
STU-00630,2,low_cost_private,2024,Term2_Jan_Apr,57.1,0,51.2,4,37.0,4,HIGH
STU-00631,3,public_state,2023,Term1_Sep_Dec,29.5,0,70.1,3,41.3,3,MEDIUM
STU-00632,3,public_state,2024,Term3_Apr_Jul,19.9,0,50.1,0,20.3,3,MEDIUM
STU-00633,3,public_state,2024,Term1_Sep_Dec,20.2,0,72.5,8,52.7,3,MEDIUM
STU-00634,2,low_cost_private,2024,Term1_Sep_Dec,47.3,0,47.5,14,37.0,5,HIGH
STU-00635,1,elite_private,2024,Term1_Sep_Dec,0,1,100,0,95.8,0,LOW
STU-00636,2,low_cost_private,2023,Term3_Apr_Jul,38.6,0,45.4,1,39.6,3,HIGH
STU-00637,1,elite_private,2024,Term2_Jan_Apr,0,1,98.0,1,91.1,0,LOW
STU-00638,3,public_state,2023,Term3_Apr_Jul,23.7,0,45.8,0,83.5,0,LOW
STU-00639,2,low_cost_private,2023,Term3_Apr_Jul,59.4,0,53.0,1,54.8,4,MEDIUM
STU-00640,1,elite_private,2023,Term2_Jan_Apr,14,0,,,,,WITHDRAWN
STU-00641,3,public_state,2025,Term3_Apr_Jul,3.7,0,83.0,0,75.3,0,LOW
STU-00642,2,low_cost_private,2025,Term2_Jan_Apr,35.4,0,42.5,5,38.4,3,HIGH
STU-00643,3,public_state,2025,Term3_Apr_Jul,19.8,0,50.6,3,39.8,4,HIGH
STU-00644,3,public_state,2024,Term3_Apr_Jul,22.9,0,54.1,5,35.9,2,MEDIUM
STU-00645,3,public_state,2023,Term1_Sep_Dec,15.9,0,66.6,1,51.4,0,MEDIUM
STU-00646,3,public_state,2025,Term1_Sep_Dec,9.7,0,83.1,4,31.4,2,MEDIUM
STU-00647,2,low_cost_private,2024,Term1_Sep_Dec,40.9,0,31.6,15,20,3,HIGH
STU-00648,3,public_state,2023,Term1_Sep_Dec,13.8,0,67.3,1,53.6,1,MEDIUM
STU-00649,2,low_cost_private,2023,Term2_Jan_Apr,31.1,0,37.3,16,48.6,1,HIGH
STU-00650,1,elite_private,2024,Term2_Jan_Apr,0,1,99.2,1,100,0,LOW
STU-00651,3,public_state,2024,Term3_Apr_Jul,15.1,0,50.2,9,20,5,HIGH
STU-00652,2,low_cost_private,2024,Term1_Sep_Dec,41.8,0,50.7,7,53.5,4,HIGH
STU-00653,2,low_cost_private,2023,Term2_Jan_Apr,39.6,0,50.6,15,37.9,4,HIGH
STU-00654,1,elite_private,2023,Term1_Sep_Dec,0,1,66.6,1,58.7,1,LOW
STU-00655,2,low_cost_private,2023,Term2_Jan_Apr,48.5,0,50.7,6,34.8,7,HIGH
STU-00656,2,low_cost_private,2023,Term2_Jan_Apr,17.0,0,88.6,0,60.7,0,LOW
STU-00657,1,elite_private,2025,Term3_Apr_Jul,0,1,98.0,0,85.8,0,LOW
STU-00658,3,public_state,2025,Term1_Sep_Dec,8.0,0,46.3,3,36.0,4,HIGH
STU-00659,1,elite_private,2023,Term3_Apr_Jul,0,1,99.2,1,90.8,0,LOW
STU-00660,2,low_cost_private,2023,Term3_Apr_Jul,19.7,0,60.4,6,38.6,2,MEDIUM
STU-00661,3,public_state,2024,Term2_Jan_Apr,14.3,0,56.0,10,30.0,3,HIGH
STU-00662,1,elite_private,2025,Term2_Jan_Apr,9.2,0,66.0,4,76.8,0,LOW
STU-00663,2,low_cost_private,2023,Term1_Sep_Dec,53.4,0,37.1,0,45.2,3,MEDIUM
STU-00664,3,public_state,2023,Term1_Sep_Dec,31.9,0,40.2,8,20,3,HIGH
STU-00665,2,low_cost_private,2024,Term3_Apr_Jul,18.0,0,86.7,0,66.9,0,LOW
STU-00666,1,elite_private,2023,Term1_Sep_Dec,0,1,100,0,87.9,0,LOW
STU-00667,2,low_cost_private,2025,Term2_Jan_Apr,15.6,0,62.9,9,40.7,2,MEDIUM
STU-00668,2,low_cost_private,2025,Term2_Jan_Apr,58.5,0,65.8,8,60.2,0,MEDIUM
STU-00669,1,elite_private,2023,Term3_Apr_Jul,0,1,98.2,1,93.2,0,LOW
STU-00670,2,low_cost_private,2023,Term2_Jan_Apr,66.2,0,27.5,8,37.7,3,HIGH
STU-00671,1,elite_private,2025,Term1_Sep_Dec,0,1,100,0,92.5,0,LOW
STU-00672,2,low_cost_private,2025,Term3_Apr_Jul,66.7,0,48.5,11,38.6,6,HIGH
STU-00673,1,elite_private,2023,Term3_Apr_Jul,4.7,0,80.6,0,49.0,1,LOW
STU-00674,3,public_state,2023,Term3_Apr_Jul,27.3,0,35.2,6,23.5,4,HIGH
STU-00675,2,low_cost_private,2025,Term3_Apr_Jul,27.9,0,27.7,10,42.5,5,HIGH
STU-00676,3,public_state,2025,Term1_Sep_Dec,57.5,0,62.1,2,49.5,3,MEDIUM
STU-00677,3,public_state,2023,Term1_Sep_Dec,60,0,57.6,7,24.4,5,HIGH
STU-00678,1,elite_private,2023,Term3_Apr_Jul,10.6,0,52.6,3,72.7,2,MEDIUM
STU-00679,3,public_state,2025,Term2_Jan_Apr,26.5,0,57.3,4,40.1,3,MEDIUM
STU-00680,1,elite_private,2023,Term3_Apr_Jul,0,1,92.2,6,95.7,0,LOW
STU-00681,3,public_state,2025,Term1_Sep_Dec,4.8,0,59.8,12,52.7,3,MEDIUM
STU-00682,2,low_cost_private,2023,Term3_Apr_Jul,11.4,0,45.6,10,33.3,3,HIGH
STU-00683,2,low_cost_private,2025,Term2_Jan_Apr,43.1,0,52.9,5,23.1,4,HIGH
STU-00684,1,elite_private,2024,Term2_Jan_Apr,0,1,59.3,0,76.2,1,LOW
STU-00685,2,low_cost_private,2025,Term1_Sep_Dec,77.0,0,60.4,4,39.7,4,HIGH
STU-00686,1,elite_private,2023,Term1_Sep_Dec,0,1,100,0,94.8,0,LOW
STU-00687,2,low_cost_private,2024,Term2_Jan_Apr,37.1,0,48.4,4,20,4,HIGH
STU-00688,2,low_cost_private,2025,Term3_Apr_Jul,36.5,0,53.1,5,59.6,2,MEDIUM
STU-00689,3,public_state,2023,Term1_Sep_Dec,17.4,0,71.9,1,31.6,3,MEDIUM
STU-00690,2,low_cost_private,2025,Term2_Jan_Apr,33.9,0,26.8,7,20,3,HIGH
STU-00691,2,low_cost_private,2024,Term3_Apr_Jul,44.3,0,40.6,4,28.6,4,HIGH
STU-00692,1,elite_private,2024,Term2_Jan_Apr,5.0,0,77.2,1,73.5,1,LOW
STU-00693,2,low_cost_private,2025,Term2_Jan_Apr,52.1,0,50.9,9,29.1,3,HIGH
STU-00694,2,low_cost_private,2023,Term3_Apr_Jul,41.9,0,50.8,12,55.6,0,MEDIUM
STU-00695,1,elite_private,2023,Term1_Sep_Dec,6.0,0,64.2,4,82.4,2,MEDIUM
STU-00696,1,elite_private,2024,Term2_Jan_Apr,0,1,99.2,1,91.5,0,LOW
STU-00697,2,low_cost_private,2023,Term2_Jan_Apr,77.6,0,49.3,11,22.6,5,HIGH
STU-00698,2,low_cost_private,2023,Term3_Apr_Jul,23.3,0,46.8,5,60.0,0,MEDIUM
STU-00699,2,low_cost_private,2024,Term2_Jan_Apr,61.7,0,44.7,4,34.9,4,HIGH
STU-00700,3,public_state,2023,Term3_Apr_Jul,50.7,0,75.5,8,45.8,2,MEDIUM
STU-00701,1,elite_private,2023,Term3_Apr_Jul,0,1,100,0,84.8,0,LOW
STU-00702,1,elite_private,2025,Term2_Jan_Apr,0,1,82.1,0,69.1,0,LOW
STU-00703,1,elite_private,2025,Term1_Sep_Dec,14,0,,,,,WITHDRAWN
STU-00704,3,public_state,2024,Term2_Jan_Apr,36.9,0,51.1,3,41.3,3,HIGH
STU-00705,2,low_cost_private,2023,Term3_Apr_Jul,66.8,0,53.6,5,38.7,4,HIGH
STU-00706,1,elite_private,2024,Term1_Sep_Dec,0.4,0,99.2,1,94.5,0,LOW
STU-00707,1,elite_private,2023,Term1_Sep_Dec,12.9,0,72.7,0,78.9,1,LOW
STU-00708,1,elite_private,2023,Term2_Jan_Apr,0,1,100,0,82.8,0,LOW
STU-00709,3,public_state,2023,Term1_Sep_Dec,26.4,0,71.4,3,63.8,0,MEDIUM
STU-00710,1,elite_private,2023,Term3_Apr_Jul,0,1,99.9,0,88.0,0,LOW
STU-00711,3,public_state,2024,Term3_Apr_Jul,11.7,0,56.7,0,35.7,4,MEDIUM
STU-00712,3,public_state,2025,Term3_Apr_Jul,40.1,0,47.0,7,48.0,5,HIGH
STU-00713,2,low_cost_private,2025,Term2_Jan_Apr,37.7,0,59.7,0,63.5,0,MEDIUM
STU-00714,3,public_state,2024,Term2_Jan_Apr,17.7,0,65.1,0,62.4,0,LOW
STU-00715,2,low_cost_private,2023,Term3_Apr_Jul,19.5,0,42.3,0,51.5,2,MEDIUM
STU-00716,2,low_cost_private,2024,Term1_Sep_Dec,76.9,0,43.6,10,49.6,2,HIGH
STU-00717,1,elite_private,2024,Term1_Sep_Dec,14,0,,,,,WITHDRAWN
STU-00718,3,public_state,2024,Term2_Jan_Apr,18.2,0,67.1,10,39.8,2,MEDIUM
STU-00719,1,elite_private,2025,Term2_Jan_Apr,0,1,100,0,85.9,0,LOW
STU-00720,3,public_state,2025,Term3_Apr_Jul,23.2,0,51.0,5,42.7,3,MEDIUM
STU-00721,1,elite_private,2025,Term3_Apr_Jul,5.2,0,85.7,0,48.8,2,LOW
STU-00722,3,public_state,2023,Term2_Jan_Apr,23.7,0,40.7,13,49.3,2,HIGH
STU-00723,3,public_state,2023,Term1_Sep_Dec,3.5,0,79.8,0,36.3,2,LOW
STU-00724,1,elite_private,2023,Term3_Apr_Jul,0,1,97.6,3,99.9,0,LOW
STU-00725,2,low_cost_private,2025,Term1_Sep_Dec,66.7,0,24.7,12,47.4,1,HIGH
STU-00726,3,public_state,2024,Term2_Jan_Apr,35.5,0,58.4,1,54.3,2,MEDIUM
STU-00727,3,public_state,2024,Term1_Sep_Dec,51.3,0,52.1,7,43.2,2,HIGH
STU-00728,2,low_cost_private,2023,Term1_Sep_Dec,86.4,0,67.7,10,22.4,4,HIGH
STU-00729,2,low_cost_private,2024,Term3_Apr_Jul,16.4,0,84.8,0,83.1,0,LOW
STU-00730,2,low_cost_private,2025,Term3_Apr_Jul,33.4,0,44.8,0,20,3,HIGH
STU-00731,3,public_state,2025,Term1_Sep_Dec,40.6,0,57.6,10,46.2,2,HIGH
STU-00732,3,public_state,2023,Term2_Jan_Apr,28.5,0,81.8,4,20,5,MEDIUM
STU-00733,3,public_state,2025,Term2_Jan_Apr,23.5,0,77.0,1,38.0,2,MEDIUM
STU-00734,2,low_cost_private,2025,Term1_Sep_Dec,19.1,0,39.5,12,58.0,2,MEDIUM
STU-00735,3,public_state,2023,Term2_Jan_Apr,18.4,0,68.0,2,43.3,2,MEDIUM
STU-00736,2,low_cost_private,2023,Term3_Apr_Jul,20.4,0,86.4,1,78.5,0,LOW
STU-00737,1,elite_private,2025,Term3_Apr_Jul,0,1,100,0,91.4,0,LOW
STU-00738,1,elite_private,2025,Term2_Jan_Apr,0,1,100,0,94.0,0,LOW
STU-00739,3,public_state,2024,Term1_Sep_Dec,60,0,69.2,0,30.1,4,MEDIUM
STU-00740,3,public_state,2025,Term3_Apr_Jul,16.5,0,44.6,0,63.8,0,MEDIUM
STU-00741,1,elite_private,2025,Term1_Sep_Dec,0,1,98.8,0,83.2,0,LOW
STU-00742,1,elite_private,2024,Term1_Sep_Dec,0,1,100,0,91.9,0,LOW
STU-00743,2,low_cost_private,2024,Term1_Sep_Dec,27.0,0,61.3,4,36.4,6,HIGH
STU-00744,2,low_cost_private,2024,Term2_Jan_Apr,14.0,0,50.5,1,53.5,0,MEDIUM
STU-00745,2,low_cost_private,2025,Term2_Jan_Apr,77.7,0,50.5,11,35.1,5,HIGH
STU-00746,2,low_cost_private,2023,Term3_Apr_Jul,79.4,0,25.7,9,50.4,2,HIGH
STU-00747,3,public_state,2025,Term1_Sep_Dec,11.5,0,44.3,3,36.5,3,HIGH
STU-00748,3,public_state,2024,Term2_Jan_Apr,60,0,62.3,10,41.8,4,HIGH
STU-00749,1,elite_private,2023,Term2_Jan_Apr,0,1,100,0,85.4,0,LOW
STU-00750,2,low_cost_private,2024,Term2_Jan_Apr,30.6,0,51.3,10,59.5,3,HIGH
STU-00751,2,low_cost_private,2024,Term1_Sep_Dec,16.3,0,88.5,2,83.0,0,LOW
STU-00752,2,low_cost_private,2024,Term2_Jan_Apr,13.9,0,58.0,4,32.5,3,MEDIUM
STU-00753,2,low_cost_private,2023,Term1_Sep_Dec,17.3,0,89.2,0,88.7,0,LOW
STU-00754,2,low_cost_private,2023,Term3_Apr_Jul,35.2,0,34.0,8,45.1,3,HIGH
STU-00755,1,elite_private,2025,Term1_Sep_Dec,13.3,0,75.4,1,49.8,2,LOW
STU-00756,2,low_cost_private,2023,Term2_Jan_Apr,91.0,0,65.5,4,32.6,5,HIGH
STU-00757,3,public_state,2024,Term1_Sep_Dec,15.3,0,33.8,0,20,5,HIGH
STU-00758,1,elite_private,2025,Term1_Sep_Dec,0,1,98.4,2,90.0,0,LOW
STU-00759,1,elite_private,2025,Term3_Apr_Jul,0,1,99.2,1,90.1,0,LOW
STU-00760,1,elite_private,2025,Term1_Sep_Dec,1.2,0,86.9,2,75.4,0,LOW
STU-00761,3,public_state,2025,Term3_Apr_Jul,29.1,0,54.7,3,25,3,HIGH
STU-00762,3,public_state,2024,Term3_Apr_Jul,58.5,0,63.0,0,44.4,3,MEDIUM
STU-00763,1,elite_private,2024,Term1_Sep_Dec,12.2,0,72.5,1,71.0,0,LOW
STU-00764,1,elite_private,2023,Term2_Jan_Apr,14,0,,,,,WITHDRAWN
STU-00765,2,low_cost_private,2025,Term1_Sep_Dec,77.8,0,59.1,13,27.2,4,HIGH
STU-00766,2,low_cost_private,2023,Term1_Sep_Dec,28.2,0,22.1,12,20,5,HIGH
STU-00767,1,elite_private,2023,Term1_Sep_Dec,10.7,0,82.3,2,50.6,2,LOW
STU-00768,2,low_cost_private,2023,Term1_Sep_Dec,41.4,0,34.5,5,32.2,4,HIGH
STU-00769,2,low_cost_private,2023,Term3_Apr_Jul,14.7,0,85.8,2,71.3,0,LOW
STU-00770,3,public_state,2023,Term2_Jan_Apr,9.7,0,67.3,3,55.7,0,LOW
STU-00771,2,low_cost_private,2025,Term1_Sep_Dec,11.2,0,42.7,15,30.7,2,HIGH
STU-00772,1,elite_private,2025,Term1_Sep_Dec,13.1,0,86.0,2,85,0,LOW
STU-00773,2,low_cost_private,2025,Term3_Apr_Jul,22.2,0,41.1,8,57.5,1,MEDIUM
STU-00774,2,low_cost_private,2025,Term1_Sep_Dec,34.1,0,37.4,4,32.1,4,HIGH
STU-00775,2,low_cost_private,2024,Term1_Sep_Dec,20.0,0,86.3,1,75.6,0,LOW
STU-00776,2,low_cost_private,2023,Term1_Sep_Dec,43.4,0,53.5,0,50.4,2,MEDIUM
STU-00777,2,low_cost_private,2023,Term2_Jan_Apr,29.5,0,61.9,0,20,3,MEDIUM
STU-00778,1,elite_private,2023,Term3_Apr_Jul,0,1,99.2,1,90.7,0,LOW
STU-00779,2,low_cost_private,2025,Term3_Apr_Jul,49.5,0,40.5,13,24.0,3,HIGH
STU-00780,2,low_cost_private,2025,Term1_Sep_Dec,59.3,0,52.3,0,35.5,4,MEDIUM
STU-00781,2,low_cost_private,2023,Term2_Jan_Apr,17.3,0,86.5,2,78.4,0,LOW
STU-00782,2,low_cost_private,2025,Term3_Apr_Jul,40.1,0,53.8,4,21.7,2,HIGH
STU-00783,3,public_state,2024,Term3_Apr_Jul,19.6,0,55.3,1,43.3,2,MEDIUM
STU-00784,1,elite_private,2023,Term2_Jan_Apr,9.2,0,72.2,2,48.2,3,MEDIUM
STU-00785,1,elite_private,2024,Term3_Apr_Jul,0,1,100,0,96.1,0,LOW
STU-00786,3,public_state,2025,Term1_Sep_Dec,30.9,0,40.2,11,23.1,4,HIGH
STU-00787,1,elite_private,2024,Term1_Sep_Dec,0,1,100,0,97.1,0,LOW
STU-00788,3,public_state,2023,Term1_Sep_Dec,36.2,0,33.1,9,25.3,2,HIGH
STU-00789,3,public_state,2025,Term3_Apr_Jul,24.1,0,55.0,0,20,3,MEDIUM
STU-00790,3,public_state,2023,Term3_Apr_Jul,8.6,0,43.6,6,20,3,HIGH
STU-00791,1,elite_private,2025,Term3_Apr_Jul,0,1,98.4,2,93.5,0,LOW
STU-00792,1,elite_private,2023,Term3_Apr_Jul,6.2,0,82.1,2,76.9,0,LOW
STU-00793,2,low_cost_private,2023,Term3_Apr_Jul,72.5,0,54.1,9,38.3,5,HIGH
STU-00794,2,low_cost_private,2023,Term1_Sep_Dec,20.7,0,49.9,15,60.1,1,MEDIUM
STU-00795,1,elite_private,2023,Term2_Jan_Apr,0,1,100,0,93.1,0,LOW
STU-00796,2,low_cost_private,2023,Term1_Sep_Dec,69.2,0,50.0,9,28.7,3,HIGH
STU-00797,1,elite_private,2024,Term1_Sep_Dec,0,1,99.2,1,87.3,0,LOW
STU-00798,1,elite_private,2025,Term3_Apr_Jul,0,1,98.3,1,96.5,0,LOW
STU-00799,3,public_state,2023,Term3_Apr_Jul,23.2,0,60.1,2,49.8,2,MEDIUM
STU-00800,1,elite_private,2025,Term2_Jan_Apr,0,1,100,0,91.0,0,LOW
STU-00801,3,public_state,2024,Term2_Jan_Apr,18.2,0,70.6,1,69.2,0,LOW
STU-00802,1,elite_private,2024,Term1_Sep_Dec,14,0,,,,,WITHDRAWN
STU-00803,1,elite_private,2024,Term3_Apr_Jul,14,0,,,,,WITHDRAWN
STU-00804,1,elite_private,2024,Term3_Apr_Jul,0,1,99.2,1,100,0,LOW
STU-00805,1,elite_private,2023,Term2_Jan_Apr,3.1,0,67.9,0,81.0,0,LOW
STU-00806,2,low_cost_private,2025,Term1_Sep_Dec,16.2,0,90.5,0,69.2,0,LOW
STU-00807,3,public_state,2024,Term2_Jan_Apr,60,0,60.9,1,20.6,6,HIGH
STU-00808,2,low_cost_private,2025,Term1_Sep_Dec,16.1,0,92.6,1,75.4,0,LOW
STU-00809,2,low_cost_private,2023,Term3_Apr_Jul,41.0,0,46.2,9,37.8,7,HIGH
STU-00810,3,public_state,2023,Term2_Jan_Apr,22.1,0,56.4,0,38.6,2,MEDIUM
STU-00811,2,low_cost_private,2023,Term3_Apr_Jul,17.5,0,83.9,2,76.5,0,LOW
STU-00812,2,low_cost_private,2023,Term2_Jan_Apr,59.2,0,47.4,9,25.1,2,HIGH
STU-00813,2,low_cost_private,2025,Term3_Apr_Jul,16.9,0,87.0,0,74.6,0,LOW
STU-00814,2,low_cost_private,2025,Term2_Jan_Apr,47.9,0,46.0,13,27.2,3,HIGH
STU-00815,1,elite_private,2024,Term1_Sep_Dec,0,1,100,0,89.7,0,LOW
STU-00816,1,elite_private,2023,Term1_Sep_Dec,0,1,99.2,1,96.6,0,LOW
STU-00817,2,low_cost_private,2024,Term3_Apr_Jul,33.2,0,55.6,5,55.8,1,MEDIUM
STU-00818,1,elite_private,2025,Term3_Apr_Jul,0,1,97.6,3,94.7,0,LOW
STU-00819,2,low_cost_private,2023,Term3_Apr_Jul,29.4,0,57.2,11,44.0,5,HIGH
STU-00820,1,elite_private,2025,Term1_Sep_Dec,0,1,100,0,86.4,0,LOW
STU-00821,3,public_state,2023,Term3_Apr_Jul,12.7,0,41.0,6,20,3,HIGH
STU-00822,2,low_cost_private,2023,Term3_Apr_Jul,16.6,0,86.6,2,77.7,0,LOW
STU-00823,1,elite_private,2024,Term3_Apr_Jul,0,1,98.4,1,92.0,0,LOW
STU-00824,1,elite_private,2024,Term3_Apr_Jul,0,1,100,0,86.4,0,LOW
STU-00825,2,low_cost_private,2024,Term3_Apr_Jul,57.1,0,60.1,6,39.8,4,HIGH
STU-00826,3,public_state,2023,Term3_Apr_Jul,25.2,0,47.4,4,42.8,3,HIGH
STU-00827,3,public_state,2025,Term3_Apr_Jul,9.6,0,16.8,4,20,3,HIGH
STU-00828,2,low_cost_private,2024,Term1_Sep_Dec,74.2,0,51.6,7,43.7,4,HIGH
STU-00829,2,low_cost_private,2024,Term3_Apr_Jul,10.8,0,57.2,10,69.8,0,MEDIUM
STU-00830,1,elite_private,2024,Term2_Jan_Apr,0,1,99.2,1,92.4,0,LOW
STU-00831,1,elite_private,2025,Term2_Jan_Apr,0,1,99.2,1,92.2,0,LOW
STU-00832,1,elite_private,2023,Term3_Apr_Jul,0,1,100,0,95.7,0,LOW
STU-00833,3,public_state,2023,Term3_Apr_Jul,44.6,0,37.4,12,64.6,0,MEDIUM
STU-00834,3,public_state,2025,Term1_Sep_Dec,40.9,0,36.8,6,34.0,4,HIGH
STU-00835,2,low_cost_private,2025,Term1_Sep_Dec,69.0,0,59.9,4,36.4,4,HIGH
STU-00836,2,low_cost_private,2023,Term3_Apr_Jul,32.3,0,40.6,12,20,4,HIGH
STU-00837,3,public_state,2024,Term2_Jan_Apr,29.8,0,70.1,0,20,3,MEDIUM
STU-00838,2,low_cost_private,2025,Term3_Apr_Jul,17.4,0,85.3,0,81.0,0,LOW
STU-00839,3,public_state,2023,Term3_Apr_Jul,21.2,0,36.7,8,56.7,2,MEDIUM
STU-00840,2,low_cost_private,2023,Term3_Apr_Jul,44.7,0,45.7,0,32.0,5,HIGH
STU-00841,1,elite_private,2024,Term1_Sep_Dec,14,0,,,,,WITHDRAWN
STU-00842,2,low_cost_private,2023,Term2_Jan_Apr,15.0,0,88.7,1,77.7,0,LOW
STU-00843,2,low_cost_private,2024,Term3_Apr_Jul,76.9,0,45.5,4,38.7,5,HIGH
STU-00844,1,elite_private,2024,Term2_Jan_Apr,8.7,0,67.0,0,50.8,2,LOW
STU-00845,3,public_state,2024,Term1_Sep_Dec,54.2,0,50.1,11,29.2,5,HIGH
STU-00846,2,low_cost_private,2024,Term2_Jan_Apr,30.5,0,53.9,4,35.5,2,HIGH
STU-00847,2,low_cost_private,2023,Term3_Apr_Jul,67.9,0,48.1,5,30.3,4,HIGH
STU-00848,2,low_cost_private,2025,Term2_Jan_Apr,58.0,0,49.3,12,47.0,1,HIGH
STU-00849,2,low_cost_private,2025,Term3_Apr_Jul,54.7,0,39.0,8,48.2,3,HIGH
STU-00850,2,low_cost_private,2025,Term2_Jan_Apr,22.6,0,48.7,11,60.2,1,MEDIUM
STU-00851,1,elite_private,2023,Term1_Sep_Dec,0,1,70.3,2,70.8,0,LOW
STU-00852,2,low_cost_private,2023,Term1_Sep_Dec,76.8,0,45.3,8,47.2,2,HIGH
STU-00853,3,public_state,2023,Term1_Sep_Dec,9.1,0,60.2,0,67.3,0,LOW
STU-00854,2,low_cost_private,2025,Term1_Sep_Dec,26.5,0,52.1,0,44.6,3,MEDIUM
STU-00855,2,low_cost_private,2024,Term3_Apr_Jul,50.8,0,28.1,13,34.5,4,HIGH
STU-00856,3,public_state,2024,Term3_Apr_Jul,31.7,0,19.7,3,20,4,HIGH
STU-00857,2,low_cost_private,2025,Term3_Apr_Jul,17.8,0,83.2,2,75.3,0,LOW
STU-00858,2,low_cost_private,2023,Term3_Apr_Jul,50.3,0,37.4,9,21.1,2,HIGH
STU-00859,3,public_state,2023,Term1_Sep_Dec,24.9,0,31.3,12,26.4,4,HIGH
STU-00860,2,low_cost_private,2024,Term2_Jan_Apr,64.8,0,44.5,9,45.9,3,HIGH
STU-00861,1,elite_private,2025,Term3_Apr_Jul,0,1,100,0,85.8,0,LOW
STU-00862,2,low_cost_private,2023,Term2_Jan_Apr,69.1,0,45.5,15,38.6,6,HIGH
STU-00863,2,low_cost_private,2024,Term1_Sep_Dec,75.9,0,52.8,6,44.6,2,HIGH
STU-00864,3,public_state,2025,Term3_Apr_Jul,15.0,0,47.3,1,39.8,2,MEDIUM
STU-00865,1,elite_private,2024,Term1_Sep_Dec,9.3,0,76.8,1,67.2,0,LOW
STU-00866,2,low_cost_private,2023,Term1_Sep_Dec,39.5,0,71.6,4,40.3,2,MEDIUM
STU-00867,2,low_cost_private,2023,Term3_Apr_Jul,31.6,0,49.0,10,28.3,3,HIGH
STU-00868,2,low_cost_private,2024,Term1_Sep_Dec,39.9,0,44.2,8,34.5,5,HIGH
STU-00869,3,public_state,2024,Term2_Jan_Apr,15.3,0,36.5,0,45.1,1,MEDIUM
STU-00870,2,low_cost_private,2023,Term2_Jan_Apr,90.7,0,51.2,5,30.3,3,HIGH
STU-00871,3,public_state,2025,Term2_Jan_Apr,35.4,0,40.6,5,37.5,3,HIGH
STU-00872,1,elite_private,2025,Term3_Apr_Jul,8.2,0,89.2,1,73.9,0,LOW
STU-00873,1,elite_private,2024,Term2_Jan_Apr,0,1,98.4,2,94.3,0,LOW
STU-00874,3,public_state,2024,Term3_Apr_Jul,37.5,0,36.4,8,52.0,4,HIGH
STU-00875,3,public_state,2023,Term1_Sep_Dec,14.1,0,72.7,1,25,2,MEDIUM
STU-00876,3,public_state,2024,Term3_Apr_Jul,38.2,0,43.5,8,40.4,5,HIGH
STU-00877,1,elite_private,2023,Term1_Sep_Dec,0,1,100,0,92.1,0,LOW
STU-00878,2,low_cost_private,2024,Term2_Jan_Apr,66.8,0,58.1,11,35.3,4,HIGH
STU-00879,3,public_state,2023,Term2_Jan_Apr,15.9,0,60.0,1,54.8,0,MEDIUM
STU-00880,2,low_cost_private,2024,Term1_Sep_Dec,14.1,0,91.7,0,77.8,0,LOW
STU-00881,1,elite_private,2023,Term3_Apr_Jul,0,1,99.2,1,85.2,0,LOW
STU-00882,1,elite_private,2023,Term2_Jan_Apr,0,1,100,0,81.4,0,LOW
STU-00883,3,public_state,2025,Term2_Jan_Apr,8.7,0,46.1,10,20,3,HIGH
STU-00884,2,low_cost_private,2024,Term1_Sep_Dec,23.3,0,64.6,2,29.5,2,MEDIUM
STU-00885,2,low_cost_private,2025,Term1_Sep_Dec,46.6,0,54.1,8,20,5,HIGH
STU-00886,2,low_cost_private,2024,Term1_Sep_Dec,30.7,0,45.2,14,30.6,4,HIGH
STU-00887,1,elite_private,2023,Term1_Sep_Dec,14,0,,,,,WITHDRAWN
STU-00888,2,low_cost_private,2024,Term1_Sep_Dec,32.5,0,63.8,0,29.7,4,MEDIUM
STU-00889,3,public_state,2023,Term3_Apr_Jul,33.2,0,30.8,4,28.1,5,HIGH
STU-00890,3,public_state,2024,Term3_Apr_Jul,8.1,0,83.2,1,79.5,0,LOW
STU-00891,2,low_cost_private,2025,Term2_Jan_Apr,65.7,0,52.3,13,49.7,3,HIGH
STU-00892,1,elite_private,2023,Term1_Sep_Dec,14,0,,,,,WITHDRAWN
STU-00893,2,low_cost_private,2023,Term3_Apr_Jul,25.3,0,53.4,11,60.4,0,MEDIUM
STU-00894,2,low_cost_private,2024,Term2_Jan_Apr,35.9,0,43.7,11,31.8,3,HIGH
STU-00895,2,low_cost_private,2024,Term1_Sep_Dec,32.6,0,65.4,6,35.4,5,HIGH
STU-00896,2,low_cost_private,2025,Term2_Jan_Apr,41.7,0,54.3,12,68.9,0,MEDIUM
STU-00897,2,low_cost_private,2023,Term1_Sep_Dec,66.6,0,46.3,7,26.8,5,HIGH
STU-00898,3,public_state,2025,Term2_Jan_Apr,17.1,0,78.0,0,34.8,2,MEDIUM
STU-00899,2,low_cost_private,2023,Term2_Jan_Apr,32.3,0,69.0,4,20,3,HIGH
STU-00900,2,low_cost_private,2025,Term3_Apr_Jul,19.3,0,62.7,8,49.5,1,MEDIUM
STU-00901,2,low_cost_private,2023,Term3_Apr_Jul,28.6,0,59.6,4,20,4,HIGH
STU-00902,2,low_cost_private,2024,Term1_Sep_Dec,62.5,0,46.0,4,20,4,HIGH
STU-00903,1,elite_private,2025,Term1_Sep_Dec,14,0,,,,,WITHDRAWN
STU-00904,2,low_cost_private,2024,Term2_Jan_Apr,68.4,0,50.9,7,53.4,3,HIGH
STU-00905,2,low_cost_private,2024,Term3_Apr_Jul,15.5,0,81.2,0,86.3,0,LOW
STU-00906,2,low_cost_private,2025,Term2_Jan_Apr,30.7,0,25.5,9,32.7,2,HIGH
STU-00907,1,elite_private,2023,Term1_Sep_Dec,0,1,100,0,88.9,0,LOW
STU-00908,2,low_cost_private,2025,Term2_Jan_Apr,30.7,0,33.6,13,44.1,4,HIGH
STU-00909,3,public_state,2023,Term3_Apr_Jul,17.3,0,28.3,12,20,4,HIGH
STU-00910,3,public_state,2025,Term2_Jan_Apr,41.9,0,45.2,3,20.3,3,HIGH
STU-00911,2,low_cost_private,2025,Term2_Jan_Apr,46.4,0,87.8,0,47.0,0,LOW
STU-00912,2,low_cost_private,2023,Term2_Jan_Apr,33.5,0,51.6,4,51.3,2,MEDIUM
STU-00913,3,public_state,2024,Term1_Sep_Dec,12.5,0,81.3,4,51.5,1,MEDIUM
STU-00914,2,low_cost_private,2024,Term2_Jan_Apr,73.1,0,49.0,0,40.6,2,MEDIUM
STU-00915,2,low_cost_private,2024,Term1_Sep_Dec,17.2,0,31.5,10,38.9,2,HIGH
STU-00916,2,low_cost_private,2023,Term2_Jan_Apr,69.3,0,59.2,0,35.8,4,HIGH
STU-00917,1,elite_private,2024,Term1_Sep_Dec,0,1,84.7,1,70.2,0,LOW
STU-00918,3,public_state,2024,Term3_Apr_Jul,26.0,0,53.9,7,24.7,3,HIGH
STU-00919,2,low_cost_private,2025,Term3_Apr_Jul,22.5,0,49.3,1,42.7,2,MEDIUM
STU-00920,2,low_cost_private,2025,Term2_Jan_Apr,13.3,0,37.1,11,34.3,5,HIGH
STU-00921,2,low_cost_private,2025,Term1_Sep_Dec,45.6,0,50.3,4,41.5,1,MEDIUM
STU-00922,2,low_cost_private,2023,Term3_Apr_Jul,17.3,0,88.2,1,82.1,0,LOW
STU-00923,1,elite_private,2025,Term3_Apr_Jul,14,0,,,,,WITHDRAWN
STU-00924,3,public_state,2023,Term3_Apr_Jul,8.5,0,54.3,2,63.4,1,MEDIUM
STU-00925,1,elite_private,2024,Term2_Jan_Apr,0,1,98.4,2,95.1,0,LOW
STU-00926,1,elite_private,2025,Term1_Sep_Dec,0,1,100,0,99.7,0,LOW
STU-00927,1,elite_private,2024,Term3_Apr_Jul,0.7,0,68.3,0,45.6,0,LOW
STU-00928,1,elite_private,2025,Term1_Sep_Dec,14,0,,,,,WITHDRAWN
STU-00929,3,public_state,2025,Term3_Apr_Jul,60,0,41.9,6,40.1,2,HIGH
STU-00930,2,low_cost_private,2024,Term1_Sep_Dec,88.3,0,47.1,6,47.2,2,HIGH
STU-00931,2,low_cost_private,2023,Term3_Apr_Jul,27.2,0,30.0,0,20,3,MEDIUM
STU-00932,2,low_cost_private,2024,Term2_Jan_Apr,16.4,0,87.7,1,79.1,0,LOW
STU-00933,1,elite_private,2023,Term3_Apr_Jul,0,1,98.4,2,93.9,0,LOW
STU-00934,2,low_cost_private,2024,Term1_Sep_Dec,27.8,0,58.2,1,25,2,MEDIUM
STU-00935,2,low_cost_private,2024,Term3_Apr_Jul,51.6,0,26.0,13,28.7,6,HIGH
STU-00936,2,low_cost_private,2025,Term3_Apr_Jul,16.5,0,44.9,13,59.7,1,MEDIUM
STU-00937,1,elite_private,2023,Term1_Sep_Dec,0,1,98.4,2,89.0,0,LOW
STU-00938,1,elite_private,2024,Term3_Apr_Jul,10.5,0,76.5,1,80,1,LOW
STU-00939,2,low_cost_private,2023,Term3_Apr_Jul,90.5,0,23.7,13,34.8,5,HIGH
STU-00940,3,public_state,2025,Term1_Sep_Dec,8.5,0,90.3,2,63.4,0,LOW
STU-00941,2,low_cost_private,2025,Term3_Apr_Jul,13.4,0,82.0,0,77.1,0,LOW
STU-00942,1,elite_private,2025,Term1_Sep_Dec,0,1,98.2,2,94.4,0,LOW
STU-00943,3,public_state,2025,Term3_Apr_Jul,16.6,0,31.8,0,25,2,MEDIUM
STU-00944,1,elite_private,2024,Term1_Sep_Dec,0,1,70.1,6,53.8,2,MEDIUM
STU-00945,1,elite_private,2023,Term3_Apr_Jul,0,1,98.4,2,91.5,0,LOW
STU-00946,3,public_state,2025,Term3_Apr_Jul,11.1,0,59.7,4,48.2,1,MEDIUM
STU-00947,2,low_cost_private,2024,Term2_Jan_Apr,102.0,0,52.1,7,45.7,3,HIGH
STU-00948,2,low_cost_private,2024,Term1_Sep_Dec,17.0,0,87.0,1,77.3,0,LOW
STU-00949,1,elite_private,2023,Term2_Jan_Apr,0,1,100,0,100,0,LOW
STU-00950,3,public_state,2024,Term1_Sep_Dec,18.6,0,58.6,9,38.9,2,HIGH
STU-00951,2,low_cost_private,2023,Term1_Sep_Dec,57.0,0,37.1,4,34.1,3,HIGH
STU-00952,1,elite_private,2025,Term2_Jan_Apr,13.4,0,60.3,2,26.2,5,MEDIUM
STU-00953,1,elite_private,2025,Term2_Jan_Apr,0,1,100,0,94.1,0,LOW
STU-00954,1,elite_private,2024,Term2_Jan_Apr,0,1,100,0,83.8,0,LOW
STU-00955,1,elite_private,2024,Term1_Sep_Dec,7.2,0,90.0,0,71.5,1,LOW
STU-00956,1,elite_private,2025,Term3_Apr_Jul,14,0,,,,,WITHDRAWN
STU-00957,3,public_state,2023,Term2_Jan_Apr,22.8,0,68.9,1,47.3,1,MEDIUM
STU-00958,1,elite_private,2024,Term2_Jan_Apr,0,1,99.2,1,89.4,0,LOW
STU-00959,2,low_cost_private,2023,Term2_Jan_Apr,65.5,0,54.7,4,57.6,1,MEDIUM
STU-00960,1,elite_private,2024,Term1_Sep_Dec,10.1,0,70.6,1,73.4,0,LOW
STU-00961,3,public_state,2024,Term2_Jan_Apr,8.0,0,79.5,1,32.7,2,MEDIUM
STU-00962,3,public_state,2025,Term1_Sep_Dec,24.6,0,73.5,4,56.9,3,MEDIUM
STU-00963,3,public_state,2023,Term1_Sep_Dec,12.0,0,60.4,1,25,3,MEDIUM
STU-00964,2,low_cost_private,2024,Term3_Apr_Jul,30.4,0,53.5,7,25.9,2,HIGH
STU-00965,2,low_cost_private,2024,Term1_Sep_Dec,13.0,0,91.3,0,75.7,0,LOW
STU-00966,2,low_cost_private,2024,Term1_Sep_Dec,13.7,0,87.6,0,73.6,0,LOW
STU-00967,2,low_cost_private,2023,Term3_Apr_Jul,60.1,0,35.2,10,43.9,2,HIGH
STU-00968,1,elite_private,2023,Term3_Apr_Jul,11.3,0,79.0,1,51.1,1,LOW
STU-00969,1,elite_private,2024,Term3_Apr_Jul,0,1,99.2,1,91.1,0,LOW
STU-00970,3,public_state,2024,Term1_Sep_Dec,38.2,0,72.7,4,53.9,1,MEDIUM
STU-00971,3,public_state,2023,Term2_Jan_Apr,7.9,0,63.2,12,38.2,4,HIGH
STU-00972,3,public_state,2023,Term3_Apr_Jul,21.0,0,75.8,2,60.4,2,LOW
STU-00973,3,public_state,2025,Term1_Sep_Dec,15.2,0,56.3,0,57.8,2,MEDIUM
STU-00974,3,public_state,2024,Term1_Sep_Dec,18.4,0,46.3,6,36.1,4,HIGH
STU-00975,3,public_state,2024,Term1_Sep_Dec,31.0,0,59.1,11,54.3,3,HIGH
STU-00976,2,low_cost_private,2024,Term1_Sep_Dec,68.8,0,58.8,9,39.0,4,HIGH
STU-00977,3,public_state,2025,Term1_Sep_Dec,44.9,0,45.8,5,20,3,HIGH
STU-00978,3,public_state,2023,Term3_Apr_Jul,52.0,0,40.6,2,48.5,2,MEDIUM
STU-00979,2,low_cost_private,2025,Term2_Jan_Apr,17.2,0,90.4,1,84.8,0,LOW
STU-00980,2,low_cost_private,2023,Term1_Sep_Dec,44.3,0,48.4,9,54.5,3,HIGH
STU-00981,1,elite_private,2023,Term2_Jan_Apr,0,1,99.2,1,86.8,0,LOW
STU-00982,3,public_state,2024,Term3_Apr_Jul,13.2,0,23.0,10,25,3,HIGH
STU-00983,1,elite_private,2023,Term2_Jan_Apr,0,1,99.2,1,89.8,0,LOW
STU-00984,2,low_cost_private,2025,Term1_Sep_Dec,77.2,0,68.9,0,32.5,4,MEDIUM
STU-00985,1,elite_private,2025,Term2_Jan_Apr,0,1,100,0,94.2,0,LOW
STU-00986,3,public_state,2023,Term3_Apr_Jul,10.6,0,52.8,3,29.6,2,MEDIUM
STU-00987,1,elite_private,2024,Term1_Sep_Dec,0,1,80.3,1,76.7,0,LOW
STU-00988,2,low_cost_private,2024,Term3_Apr_Jul,21.2,0,82.6,1,71.4,0,LOW
STU-00989,2,low_cost_private,2023,Term3_Apr_Jul,41.7,0,41.5,8,28.4,4,HIGH
STU-00990,1,elite_private,2024,Term1_Sep_Dec,0,1,100,0,87.4,0,LOW
STU-00991,3,public_state,2024,Term1_Sep_Dec,38.8,0,56.8,5,20,4,HIGH
STU-00992,1,elite_private,2023,Term3_Apr_Jul,0,1,100,0,90.0,0,LOW
STU-00993,1,elite_private,2025,Term1_Sep_Dec,0,1,99.2,1,92.8,0,LOW
STU-00994,1,elite_private,2025,Term1_Sep_Dec,0,1,83.9,2,58.0,2,LOW
STU-00995,3,public_state,2025,Term2_Jan_Apr,14.1,0,65.7,0,52.4,2,MEDIUM
STU-00996,2,low_cost_private,2024,Term1_Sep_Dec,24.3,0,27.8,0,20,3,MEDIUM
STU-00997,2,low_cost_private,2024,Term1_Sep_Dec,26.9,0,35.8,1,46.2,2,MEDIUM
STU-00998,1,elite_private,2025,Term1_Sep_Dec,4.5,0,74.5,0,59.8,0,LOW
STU-00999,1,elite_private,2025,Term2_Jan_Apr,0,1,99.2,1,93.8,0,LOW
STU-01000,1,elite_private,2025,Term1_Sep_Dec,0,1,99.2,1,91.9,0,LOW
STU-01001,3,public_state,2024,Term1_Sep_Dec,8.2,0,91.5,0,70.2,0,LOW
STU-01002,1,elite_private,2023,Term2_Jan_Apr,7.3,0,74.9,3,32.2,2,MEDIUM
STU-01003,2,low_cost_private,2025,Term1_Sep_Dec,22.6,0,70.7,2,23.5,3,MEDIUM
STU-01004,2,low_cost_private,2024,Term1_Sep_Dec,65.3,0,52.1,4,38.3,3,HIGH
STU-01005,1,elite_private,2025,Term3_Apr_Jul,0,1,95.8,0,72.3,0,LOW
STU-01006,2,low_cost_private,2024,Term2_Jan_Apr,28.0,0,58.8,1,41.8,3,MEDIUM
STU-01007,1,elite_private,2025,Term3_Apr_Jul,0,1,99.2,1,97.9,0,LOW
STU-01008,3,public_state,2023,Term3_Apr_Jul,17.8,0,29.6,8,22.8,3,HIGH
STU-01009,2,low_cost_private,2023,Term1_Sep_Dec,4.6,0,46.6,15,53.8,1,MEDIUM
STU-01010,3,public_state,2023,Term2_Jan_Apr,12.1,0,47.8,3,37.0,2,MEDIUM
STU-01011,2,low_cost_private,2024,Term3_Apr_Jul,50.2,0,39.0,4,40.4,5,HIGH
STU-01012,3,public_state,2025,Term1_Sep_Dec,9.1,0,79.4,9,46.3,1,MEDIUM
STU-01013,1,elite_private,2024,Term2_Jan_Apr,6.5,0,71.6,3,30.6,3,MEDIUM
STU-01014,3,public_state,2024,Term2_Jan_Apr,58.7,0,50.3,7,43.7,4,HIGH
STU-01015,2,low_cost_private,2024,Term2_Jan_Apr,18.3,0,90.9,0,73.6,0,LOW
STU-01016,2,low_cost_private,2023,Term2_Jan_Apr,21.5,0,70.5,2,46.7,2,MEDIUM
STU-01017,1,elite_private,2023,Term3_Apr_Jul,0,1,100,0,93.6,0,LOW
STU-01018,2,low_cost_private,2024,Term3_Apr_Jul,20.6,0,62.6,13,49.0,1,MEDIUM
STU-01019,1,elite_private,2024,Term2_Jan_Apr,0,1,100,0,89.2,0,LOW
STU-01020,2,low_cost_private,2025,Term1_Sep_Dec,29.7,0,35.2,15,22.0,2,HIGH
STU-01021,3,public_state,2025,Term3_Apr_Jul,21.0,0,41.2,12,36.0,5,HIGH
STU-01022,3,public_state,2024,Term2_Jan_Apr,33.9,0,46.9,8,29.1,3,HIGH
STU-01023,1,elite_private,2024,Term1_Sep_Dec,12.1,0,62.3,4,33.6,4,MEDIUM
STU-01024,2,low_cost_private,2024,Term1_Sep_Dec,54.2,0,47.8,6,20,3,HIGH
STU-01025,2,low_cost_private,2025,Term2_Jan_Apr,42.2,0,61.1,6,40.5,3,HIGH
STU-01026,2,low_cost_private,2025,Term1_Sep_Dec,53.6,0,59.3,15,36.0,3,HIGH
STU-01027,1,elite_private,2023,Term1_Sep_Dec,0,1,100,0,92.4,0,LOW
STU-01028,2,low_cost_private,2024,Term3_Apr_Jul,32.0,0,58.1,0,28.1,5,HIGH
STU-01029,2,low_cost_private,2023,Term1_Sep_Dec,34.1,0,61.2,0,54.9,0,MEDIUM
STU-01030,2,low_cost_private,2023,Term2_Jan_Apr,32.3,0,53.0,3,56.6,0,MEDIUM
STU-01031,2,low_cost_private,2024,Term1_Sep_Dec,20.5,0,89.6,0,80.9,0,LOW
STU-01032,2,low_cost_private,2025,Term1_Sep_Dec,28.1,0,89.2,1,57.6,3,MEDIUM
STU-01033,1,elite_private,2024,Term3_Apr_Jul,0,1,84.6,3,85,0,LOW
STU-01034,3,public_state,2023,Term3_Apr_Jul,20.3,0,32.4,1,38.0,2,MEDIUM
STU-01035,1,elite_private,2023,Term2_Jan_Apr,14,0,,,,,WITHDRAWN
STU-01036,1,elite_private,2023,Term2_Jan_Apr,0,1,70.4,2,61.3,0,LOW
STU-01037,3,public_state,2023,Term2_Jan_Apr,23.5,0,69.9,5,36.8,2,MEDIUM
STU-01038,2,low_cost_private,2025,Term3_Apr_Jul,45.5,0,67.6,10,70.1,0,MEDIUM
STU-01039,1,elite_private,2024,Term1_Sep_Dec,11.7,0,72.6,1,83.7,1,LOW
STU-01040,1,elite_private,2024,Term2_Jan_Apr,7.9,0,68.9,1,54.4,2,MEDIUM
STU-01041,2,low_cost_private,2025,Term3_Apr_Jul,32.4,0,53.8,13,26.9,5,HIGH
STU-01042,1,elite_private,2023,Term1_Sep_Dec,14,0,,,,,WITHDRAWN
STU-01043,2,low_cost_private,2023,Term1_Sep_Dec,46.1,0,54.4,7,57.8,1,MEDIUM
STU-01044,3,public_state,2025,Term2_Jan_Apr,18.5,0,66.5,7,20,4,HIGH
STU-01045,2,low_cost_private,2024,Term3_Apr_Jul,31.6,0,66.6,7,64.9,0,MEDIUM
STU-01046,3,public_state,2024,Term2_Jan_Apr,22.7,0,27.7,4,20,3,HIGH
STU-01047,2,low_cost_private,2024,Term1_Sep_Dec,52.1,0,68.7,0,44.5,2,MEDIUM
STU-01048,2,low_cost_private,2024,Term3_Apr_Jul,87.4,0,57.8,9,36.2,5,HIGH
STU-01049,1,elite_private,2023,Term2_Jan_Apr,0,1,100,0,82.2,0,LOW
STU-01050,1,elite_private,2024,Term1_Sep_Dec,0,1,100,0,95.1,0,LOW
STU-01051,3,public_state,2023,Term3_Apr_Jul,0,1,24.8,9,20,2,HIGH
STU-01052,1,elite_private,2024,Term2_Jan_Apr,0,1,99.2,1,83.2,0,LOW
STU-01053,1,elite_private,2024,Term1_Sep_Dec,0,1,98.6,1,97.7,0,LOW
STU-01054,3,public_state,2025,Term1_Sep_Dec,28.2,0,70.5,0,50.3,2,MEDIUM
STU-01055,3,public_state,2023,Term2_Jan_Apr,15.1,0,38.6,10,39.2,2,HIGH
STU-01056,3,public_state,2024,Term1_Sep_Dec,21.6,0,69.7,2,48.2,1,MEDIUM
STU-01057,1,elite_private,2023,Term1_Sep_Dec,0.7,0,69.0,3,31.0,3,MEDIUM
STU-01058,1,elite_private,2023,Term1_Sep_Dec,0,1,100,0,87.0,0,LOW
STU-01059,2,low_cost_private,2025,Term1_Sep_Dec,87.9,0,71.2,0,42.4,1,MEDIUM
STU-01060,1,elite_private,2023,Term3_Apr_Jul,0,1,99.1,0,77.1,0,LOW
STU-01061,1,elite_private,2025,Term2_Jan_Apr,0,1,98.2,0,86.6,0,LOW
STU-01062,1,elite_private,2023,Term2_Jan_Apr,0,1,100,0,85.1,0,LOW
STU-01063,3,public_state,2025,Term3_Apr_Jul,17.6,0,51.8,1,33.8,2,MEDIUM
STU-01064,3,public_state,2024,Term1_Sep_Dec,9.7,0,55.5,3,30.9,4,MEDIUM
STU-01065,3,public_state,2025,Term3_Apr_Jul,60,0,39.8,7,37.2,5,HIGH
STU-01066,1,elite_private,2025,Term2_Jan_Apr,0,1,100,0,85.7,0,LOW
STU-01067,2,low_cost_private,2025,Term2_Jan_Apr,42.1,0,59.7,1,51.4,3,MEDIUM
STU-01068,1,elite_private,2025,Term2_Jan_Apr,14,0,,,,,WITHDRAWN
STU-01069,1,elite_private,2023,Term1_Sep_Dec,8.9,0,70.4,0,60.6,0,LOW
STU-01070,2,low_cost_private,2024,Term2_Jan_Apr,67.0,0,67.3,10,37.8,3,HIGH
STU-01071,3,public_state,2025,Term2_Jan_Apr,9.7,0,93.7,0,83.0,0,LOW
STU-01072,2,low_cost_private,2024,Term1_Sep_Dec,13.5,0,45.8,12,42.0,2,MEDIUM
STU-01073,2,low_cost_private,2023,Term1_Sep_Dec,30.6,0,53.4,8,51.1,1,HIGH
STU-01074,3,public_state,2023,Term2_Jan_Apr,7.0,0,94.2,1,72.0,0,LOW
STU-01075,3,public_state,2023,Term1_Sep_Dec,34.7,0,49.5,3,20,3,HIGH
STU-01076,2,low_cost_private,2024,Term2_Jan_Apr,15.1,0,91.5,0,85.0,0,LOW
STU-01077,3,public_state,2024,Term3_Apr_Jul,37.3,0,35.2,0,63.5,1,MEDIUM
STU-01078,2,low_cost_private,2025,Term1_Sep_Dec,28.3,0,61.2,0,32.5,3,MEDIUM
STU-01079,2,low_cost_private,2025,Term2_Jan_Apr,41.8,0,39.0,4,42.9,3,HIGH
STU-01080,2,low_cost_private,2024,Term2_Jan_Apr,22.2,0,57.5,14,45.1,2,MEDIUM
STU-01081,2,low_cost_private,2024,Term2_Jan_Apr,21.6,0,87.6,2,82.5,0,LOW
STU-01082,1,elite_private,2025,Term3_Apr_Jul,0,1,98.4,2,89.2,0,LOW
STU-01083,3,public_state,2023,Term1_Sep_Dec,32.3,0,44.6,11,27.9,3,HIGH
STU-01084,2,low_cost_private,2023,Term3_Apr_Jul,17.3,0,56.7,0,44.0,2,MEDIUM
STU-01085,1,elite_private,2024,Term1_Sep_Dec,7.1,0,88.4,2,55.1,2,LOW
STU-01086,2,low_cost_private,2025,Term1_Sep_Dec,32.0,0,58.6,14,29.3,6,HIGH
STU-01087,2,low_cost_private,2024,Term1_Sep_Dec,46.6,0,78.1,1,35.8,5,MEDIUM
STU-01088,2,low_cost_private,2024,Term3_Apr_Jul,52.2,0,48.5,1,33.4,4,HIGH
STU-01089,2,low_cost_private,2023,Term3_Apr_Jul,15.2,0,61.2,6,42.7,2,MEDIUM
STU-01090,2,low_cost_private,2024,Term3_Apr_Jul,16.9,0,85.6,0,74.4,0,LOW
STU-01091,2,low_cost_private,2023,Term1_Sep_Dec,17.8,0,89.6,1,69.4,0,LOW
STU-01092,2,low_cost_private,2023,Term2_Jan_Apr,18.0,0,86.9,0,73.4,0,LOW
STU-01093,2,low_cost_private,2023,Term2_Jan_Apr,37.0,0,47.4,1,24.5,4,HIGH
STU-01094,1,elite_private,2025,Term2_Jan_Apr,13.1,0,59.9,4,44.1,3,MEDIUM
STU-01095,3,public_state,2024,Term2_Jan_Apr,9.2,0,92.7,1,75.2,0,LOW
STU-01096,2,low_cost_private,2025,Term3_Apr_Jul,25.3,0,43.0,9,37.7,5,HIGH
STU-01097,3,public_state,2023,Term1_Sep_Dec,20.9,0,42.2,4,20,4,HIGH
STU-01098,1,elite_private,2025,Term2_Jan_Apr,2.9,0,55.9,4,70.3,0,LOW
STU-01099,2,low_cost_private,2024,Term3_Apr_Jul,15.3,0,81.8,1,64.7,0,LOW
STU-01100,1,elite_private,2024,Term3_Apr_Jul,0,1,100,0,95.4,0,LOW
STU-01101,3,public_state,2025,Term2_Jan_Apr,6.0,0,90.5,0,69.9,0,LOW
STU-01102,3,public_state,2025,Term2_Jan_Apr,5.5,0,66.3,4,23.7,3,MEDIUM
STU-01103,3,public_state,2025,Term3_Apr_Jul,28.0,0,45.7,0,23.4,3,MEDIUM
STU-01104,1,elite_private,2025,Term1_Sep_Dec,0,1,100,0,97.3,0,LOW
STU-01105,3,public_state,2023,Term3_Apr_Jul,60,0,38.2,1,20,6,HIGH
STU-01106,1,elite_private,2023,Term3_Apr_Jul,0,1,99.2,1,97.0,0,LOW
STU-01107,2,low_cost_private,2025,Term1_Sep_Dec,68.5,0,51.4,10,49.3,2,HIGH
STU-01108,1,elite_private,2023,Term3_Apr_Jul,2.0,0,99.2,1,92.3,0,LOW
STU-01109,1,elite_private,2025,Term2_Jan_Apr,0,1,100,0,89.3,0,LOW
STU-01110,2,low_cost_private,2025,Term1_Sep_Dec,23.6,0,49.9,0,50.0,0,MEDIUM
STU-01111,3,public_state,2023,Term3_Apr_Jul,60,0,39.8,7,35.5,4,HIGH
STU-01112,1,elite_private,2024,Term2_Jan_Apr,0,1,99.2,1,93.7,0,LOW
STU-01113,1,elite_private,2025,Term3_Apr_Jul,0,1,100,0,90.1,0,LOW
STU-01114,3,public_state,2025,Term2_Jan_Apr,6.2,0,91.7,2,65.8,0,LOW
STU-01115,2,low_cost_private,2024,Term3_Apr_Jul,18.5,0,38.8,2,51.5,2,MEDIUM
STU-01116,3,public_state,2024,Term1_Sep_Dec,9.9,0,79.8,0,39.6,2,LOW
STU-01117,3,public_state,2025,Term2_Jan_Apr,9.3,0,92.5,0,67.3,0,LOW
STU-01118,3,public_state,2023,Term1_Sep_Dec,30.8,0,65.1,6,50.9,3,MEDIUM
STU-01119,2,low_cost_private,2024,Term2_Jan_Apr,31.3,0,29.0,12,33.0,4,HIGH
STU-01120,3,public_state,2024,Term2_Jan_Apr,43.6,0,55.7,7,37.5,6,HIGH
STU-01121,3,public_state,2023,Term3_Apr_Jul,0.3,0,63.9,5,46.9,2,MEDIUM
STU-01122,1,elite_private,2024,Term1_Sep_Dec,0,1,98.4,2,88.8,0,LOW
STU-01123,1,elite_private,2023,Term1_Sep_Dec,0,1,100,0,90.5,0,LOW
STU-01124,1,elite_private,2024,Term3_Apr_Jul,8.3,0,67.2,2,55.9,0,LOW
STU-01125,1,elite_private,2025,Term2_Jan_Apr,0,1,73.0,0,65.5,1,LOW
STU-01126,2,low_cost_private,2023,Term3_Apr_Jul,16.4,0,80.7,1,81.3,0,LOW
STU-01127,3,public_state,2023,Term1_Sep_Dec,30.9,0,50.2,6,20,5,HIGH
STU-01128,2,low_cost_private,2024,Term2_Jan_Apr,87.0,0,55.4,4,51.6,2,HIGH
STU-01129,1,elite_private,2023,Term2_Jan_Apr,7.2,0,67.2,1,69.8,0,LOW
STU-01130,3,public_state,2024,Term3_Apr_Jul,18.8,0,56.7,0,25,3,MEDIUM
STU-01131,3,public_state,2024,Term3_Apr_Jul,25.3,0,47.0,1,29.9,2,MEDIUM
STU-01132,3,public_state,2023,Term1_Sep_Dec,23.7,0,60.9,4,64.3,0,MEDIUM
STU-01133,1,elite_private,2024,Term3_Apr_Jul,0,1,98.4,2,91.0,0,LOW
STU-01134,1,elite_private,2025,Term2_Jan_Apr,14,0,,,,,WITHDRAWN
STU-01135,1,elite_private,2024,Term1_Sep_Dec,0,1,99.2,1,100,0,LOW
STU-01136,2,low_cost_private,2023,Term2_Jan_Apr,58.2,0,64.2,13,41.3,4,HIGH
STU-01137,2,low_cost_private,2023,Term1_Sep_Dec,51.0,0,47.7,10,45.8,1,HIGH
STU-01138,1,elite_private,2024,Term3_Apr_Jul,14,0,,,,,WITHDRAWN
STU-01139,1,elite_private,2024,Term1_Sep_Dec,0,1,99.2,1,94.6,0,LOW
STU-01140,3,public_state,2024,Term3_Apr_Jul,5.5,0,81.9,1,79.1,0,LOW
STU-01141,3,public_state,2024,Term3_Apr_Jul,36.8,0,34.6,7,24.0,4,HIGH
STU-01142,2,low_cost_private,2025,Term2_Jan_Apr,31.8,0,45.8,4,20,3,HIGH
STU-01143,2,low_cost_private,2025,Term3_Apr_Jul,62.3,0,38.6,0,66.2,0,MEDIUM
STU-01144,2,low_cost_private,2024,Term3_Apr_Jul,32.0,0,64.7,4,56.2,1,MEDIUM
STU-01145,2,low_cost_private,2024,Term2_Jan_Apr,20.8,0,46.2,1,33.5,6,HIGH
STU-01146,3,public_state,2023,Term3_Apr_Jul,31.6,0,47.7,9,23.2,5,HIGH
STU-01147,2,low_cost_private,2025,Term2_Jan_Apr,63.3,0,49.2,1,55.8,0,MEDIUM
STU-01148,2,low_cost_private,2023,Term3_Apr_Jul,54.9,0,39.5,12,20.2,4,HIGH
STU-01149,1,elite_private,2025,Term2_Jan_Apr,8.6,0,80.6,3,57.5,2,LOW
STU-01150,2,low_cost_private,2023,Term1_Sep_Dec,14.4,0,64.3,1,48.5,2,MEDIUM
STU-01151,2,low_cost_private,2024,Term2_Jan_Apr,39.1,0,62.7,2,40.8,2,MEDIUM
STU-01152,2,low_cost_private,2023,Term3_Apr_Jul,15.4,0,89.3,0,70.0,0,LOW
STU-01153,2,low_cost_private,2025,Term2_Jan_Apr,14.6,0,89.6,1,86.3,0,LOW
STU-01154,3,public_state,2025,Term3_Apr_Jul,21.4,0,29.7,8,20,2,HIGH
STU-01155,3,public_state,2023,Term1_Sep_Dec,36.0,0,70.8,0,46.5,2,MEDIUM
STU-01156,2,low_cost_private,2023,Term1_Sep_Dec,17.8,0,92.9,0,72.8,0,LOW
STU-01157,3,public_state,2023,Term2_Jan_Apr,26.4,0,52.4,7,35.9,3,HIGH
STU-01158,3,public_state,2025,Term2_Jan_Apr,27.5,0,59.4,1,50.6,2,MEDIUM
STU-01159,3,public_state,2025,Term3_Apr_Jul,15.1,0,70.1,1,46.0,2,MEDIUM
STU-01160,2,low_cost_private,2024,Term3_Apr_Jul,68.2,0,45.7,0,54.1,3,HIGH
STU-01161,1,elite_private,2024,Term1_Sep_Dec,14,0,,,,,WITHDRAWN
STU-01162,3,public_state,2023,Term2_Jan_Apr,31.5,0,45.4,6,41.8,2,HIGH
STU-01163,2,low_cost_private,2024,Term1_Sep_Dec,16.3,0,85.1,2,79.8,0,LOW
STU-01164,2,low_cost_private,2025,Term3_Apr_Jul,18.3,0,86.5,0,85.4,0,LOW
STU-01165,1,elite_private,2025,Term1_Sep_Dec,0,1,99.2,1,97.1,0,LOW
STU-01166,1,elite_private,2023,Term2_Jan_Apr,0,1,99.2,1,99.9,0,LOW
STU-01167,2,low_cost_private,2025,Term1_Sep_Dec,11.2,0,52.3,0,55.8,0,LOW
STU-01168,2,low_cost_private,2024,Term3_Apr_Jul,39.8,0,46.2,6,48.7,5,HIGH
STU-01169,2,low_cost_private,2024,Term2_Jan_Apr,48.9,0,54.2,7,56.2,0,MEDIUM
STU-01170,3,public_state,2025,Term2_Jan_Apr,26.1,0,53.9,0,36.1,2,MEDIUM
STU-01171,1,elite_private,2024,Term2_Jan_Apr,0,1,73.0,2,44.1,4,MEDIUM
STU-01172,2,low_cost_private,2024,Term1_Sep_Dec,61.3,0,55.1,7,62.1,0,MEDIUM
STU-01173,3,public_state,2024,Term3_Apr_Jul,5,0,43.9,0,45.7,3,MEDIUM
STU-01174,3,public_state,2025,Term1_Sep_Dec,8.6,0,91.8,1,78.2,0,LOW
STU-01175,3,public_state,2023,Term2_Jan_Apr,10.2,0,61.2,3,52.9,1,MEDIUM
STU-01176,1,elite_private,2023,Term3_Apr_Jul,0,1,99.2,1,90.7,0,LOW
STU-01177,2,low_cost_private,2024,Term1_Sep_Dec,36.8,0,31.2,10,20,5,HIGH
STU-01178,2,low_cost_private,2025,Term3_Apr_Jul,53.9,0,66.2,7,43.7,2,MEDIUM
STU-01179,3,public_state,2025,Term1_Sep_Dec,18.8,0,54.3,3,44.5,2,MEDIUM
STU-01180,2,low_cost_private,2024,Term2_Jan_Apr,90.9,0,49.2,12,52.1,2,HIGH
STU-01181,2,low_cost_private,2023,Term2_Jan_Apr,24.2,0,39.6,0,52.6,0,MEDIUM
STU-01182,3,public_state,2024,Term2_Jan_Apr,21.9,0,52.2,11,34.8,4,HIGH
STU-01183,2,low_cost_private,2024,Term1_Sep_Dec,77.6,0,61.3,1,48.4,1,MEDIUM
STU-01184,2,low_cost_private,2024,Term2_Jan_Apr,29.5,0,51.7,0,28.7,3,MEDIUM
STU-01185,1,elite_private,2025,Term1_Sep_Dec,0.4,0,74.6,0,58.4,1,LOW
STU-01186,3,public_state,2023,Term1_Sep_Dec,21.2,0,52.9,7,30.5,5,HIGH
STU-01187,1,elite_private,2023,Term1_Sep_Dec,0,1,77.4,0,57.9,1,LOW
STU-01188,1,elite_private,2025,Term2_Jan_Apr,7.5,0,71.6,0,50.8,1,LOW
STU-01189,1,elite_private,2025,Term3_Apr_Jul,0,1,99.9,0,86.5,0,LOW
STU-01190,3,public_state,2025,Term3_Apr_Jul,21.3,0,43.0,8,41.8,2,HIGH
STU-01191,3,public_state,2024,Term1_Sep_Dec,25.1,0,67.6,1,50.5,1,MEDIUM
STU-01192,2,low_cost_private,2024,Term1_Sep_Dec,39.8,0,32.2,13,36.6,4,HIGH
STU-01193,3,public_state,2025,Term2_Jan_Apr,12.5,0,78.8,0,38.3,2,LOW
STU-01194,1,elite_private,2024,Term1_Sep_Dec,0,1,100,0,82.5,0,LOW
STU-01195,2,low_cost_private,2025,Term3_Apr_Jul,74.3,0,25.2,11,36.5,4,HIGH
STU-01196,1,elite_private,2023,Term3_Apr_Jul,0,1,99.2,1,91.0,0,LOW
STU-01197,3,public_state,2025,Term2_Jan_Apr,22.0,0,45.6,1,43.1,4,MEDIUM
STU-01198,3,public_state,2024,Term2_Jan_Apr,15.7,0,66.7,5,37.9,2,MEDIUM
STU-01199,1,elite_private,2025,Term2_Jan_Apr,0,1,98.4,2,86.7,0,LOW
STU-01200,1,elite_private,2024,Term2_Jan_Apr,0.2,0,71.0,0,76.2,0,LOW
STU-01201,1,elite_private,2023,Term2_Jan_Apr,12.3,0,76.8,0,59.5,2,LOW
STU-01202,3,public_state,2023,Term3_Apr_Jul,32.5,0,59.0,1,47.2,1,MEDIUM
STU-01203,1,elite_private,2023,Term3_Apr_Jul,14,0,,,,,WITHDRAWN
STU-01204,2,low_cost_private,2023,Term2_Jan_Apr,83.6,0,36.4,11,43.0,2,HIGH
STU-01205,3,public_state,2023,Term1_Sep_Dec,19.4,0,50.5,6,23.2,3,HIGH
STU-01206,2,low_cost_private,2025,Term1_Sep_Dec,52.0,0,42.0,13,37.8,3,HIGH
STU-01207,3,public_state,2023,Term3_Apr_Jul,11.1,0,36.4,0,59.2,1,MEDIUM
STU-01208,2,low_cost_private,2024,Term3_Apr_Jul,15.5,0,84.0,2,79.3,0,LOW
STU-01209,3,public_state,2024,Term1_Sep_Dec,39.2,0,63.4,5,22.0,4,HIGH
STU-01210,1,elite_private,2023,Term3_Apr_Jul,0,1,96.8,1,82.6,0,LOW
STU-01211,2,low_cost_private,2025,Term1_Sep_Dec,21.6,0,58.6,0,69.4,1,LOW
STU-01212,3,public_state,2023,Term2_Jan_Apr,21.1,0,62.4,0,20,3,MEDIUM
STU-01213,3,public_state,2025,Term2_Jan_Apr,29.6,0,53.6,11,34.9,2,HIGH
STU-01214,3,public_state,2023,Term3_Apr_Jul,8.0,0,80.3,0,67.0,0,LOW
STU-01215,2,low_cost_private,2024,Term3_Apr_Jul,52.6,0,34.5,9,50.6,1,HIGH
STU-01216,2,low_cost_private,2023,Term1_Sep_Dec,44.7,0,42.1,9,33.7,4,HIGH
STU-01217,2,low_cost_private,2024,Term1_Sep_Dec,19.1,0,26.8,7,38.3,4,HIGH
STU-01218,3,public_state,2023,Term2_Jan_Apr,19.3,0,51.6,3,28.5,4,HIGH
STU-01219,2,low_cost_private,2024,Term2_Jan_Apr,32.8,0,48.8,16,25.0,5,HIGH
STU-01220,3,public_state,2023,Term3_Apr_Jul,19.3,0,41.9,7,20,3,HIGH
STU-01221,3,public_state,2025,Term3_Apr_Jul,23.8,0,67.0,13,45.1,1,MEDIUM
STU-01222,2,low_cost_private,2024,Term1_Sep_Dec,46.8,0,45.2,15,42.4,4,HIGH
STU-01223,1,elite_private,2023,Term1_Sep_Dec,0,1,98.4,2,81.2,0,LOW
STU-01224,1,elite_private,2024,Term1_Sep_Dec,0,1,99.2,1,85.3,0,LOW
STU-01225,1,elite_private,2024,Term1_Sep_Dec,0,1,100,0,92.9,0,LOW
STU-01226,3,public_state,2025,Term2_Jan_Apr,33.4,0,56.6,3,26.8,2,HIGH
STU-01227,2,low_cost_private,2025,Term2_Jan_Apr,22.2,0,30.6,5,20,5,HIGH
STU-01228,1,elite_private,2024,Term1_Sep_Dec,0,1,99.2,1,86.6,0,LOW
STU-01229,3,public_state,2024,Term1_Sep_Dec,12.8,0,68.2,2,34.8,2,MEDIUM
STU-01230,1,elite_private,2023,Term2_Jan_Apr,0,1,98.4,2,96.2,0,LOW
STU-01231,2,low_cost_private,2023,Term2_Jan_Apr,62.1,0,53.0,4,56.2,0,MEDIUM
STU-01232,2,low_cost_private,2025,Term2_Jan_Apr,41.4,0,51.7,4,48.2,1,MEDIUM
STU-01233,1,elite_private,2025,Term2_Jan_Apr,0,1,100,0,100,0,LOW
STU-01234,1,elite_private,2024,Term1_Sep_Dec,0,1,100,0,93.5,0,LOW
STU-01235,3,public_state,2025,Term1_Sep_Dec,60,0,50.8,8,46.0,2,HIGH
STU-01236,1,elite_private,2023,Term3_Apr_Jul,0,1,100,0,88.0,0,LOW
STU-01237,2,low_cost_private,2024,Term2_Jan_Apr,24.8,0,57.1,0,62.3,0,LOW
STU-01238,1,elite_private,2023,Term2_Jan_Apr,0,1,100,0,89.8,0,LOW
STU-01239,1,elite_private,2025,Term3_Apr_Jul,0.8,0,100,0,93.2,0,LOW
STU-01240,1,elite_private,2023,Term2_Jan_Apr,0,1,47.7,0,46.8,1,MEDIUM
STU-01241,2,low_cost_private,2024,Term1_Sep_Dec,70.2,0,74.3,7,39.6,6,HIGH
STU-01242,2,low_cost_private,2025,Term1_Sep_Dec,59.9,0,60.6,4,42.2,3,HIGH
STU-01243,2,low_cost_private,2024,Term3_Apr_Jul,17.5,0,86.5,2,78.5,0,LOW
STU-01244,2,low_cost_private,2025,Term2_Jan_Apr,39.4,0,46.0,5,29.4,5,HIGH
STU-01245,1,elite_private,2024,Term3_Apr_Jul,0.4,0,98.4,2,82.5,0,LOW
STU-01246,3,public_state,2024,Term3_Apr_Jul,26.9,0,33.6,6,28.3,4,HIGH
STU-01247,2,low_cost_private,2024,Term3_Apr_Jul,16.1,0,83.3,1,73.2,0,LOW
STU-01248,1,elite_private,2025,Term2_Jan_Apr,14,0,,,,,WITHDRAWN
STU-01249,3,public_state,2023,Term1_Sep_Dec,24.2,0,56.2,3,21.7,5,HIGH
STU-01250,2,low_cost_private,2023,Term2_Jan_Apr,54.6,0,49.1,1,36.9,4,HIGH
STU-01251,3,public_state,2024,Term3_Apr_Jul,16.0,0,34.1,9,20,4,HIGH
STU-01252,3,public_state,2024,Term2_Jan_Apr,6.5,0,93.6,0,62.1,0,LOW
STU-01253,2,low_cost_private,2024,Term2_Jan_Apr,51.7,0,46.3,2,31.5,5,HIGH
STU-01254,2,low_cost_private,2024,Term3_Apr_Jul,24.2,0,61.6,4,37.7,2,MEDIUM
STU-01255,3,public_state,2024,Term3_Apr_Jul,35.0,0,50.3,10,20,4,HIGH
STU-01256,1,elite_private,2023,Term3_Apr_Jul,0,1,98.4,2,92.8,0,LOW
STU-01257,2,low_cost_private,2023,Term1_Sep_Dec,23.1,0,63.2,1,41.7,2,MEDIUM
STU-01258,3,public_state,2025,Term1_Sep_Dec,8.9,0,89.4,1,60.2,0,LOW
STU-01259,2,low_cost_private,2025,Term2_Jan_Apr,54.2,0,47.7,8,28.6,6,HIGH
STU-01260,3,public_state,2024,Term1_Sep_Dec,23.1,0,52.8,0,57.7,2,MEDIUM
STU-01261,3,public_state,2023,Term1_Sep_Dec,10.7,0,65.3,3,27.9,3,MEDIUM
STU-01262,2,low_cost_private,2023,Term1_Sep_Dec,34.1,0,51.3,5,29.6,3,HIGH
STU-01263,1,elite_private,2025,Term2_Jan_Apr,0,1,100,0,82.0,0,LOW
STU-01264,1,elite_private,2023,Term2_Jan_Apr,0,1,99.2,1,95.1,0,LOW
STU-01265,2,low_cost_private,2025,Term2_Jan_Apr,56.0,0,47.6,6,57.8,0,MEDIUM
STU-01266,2,low_cost_private,2023,Term3_Apr_Jul,17.4,0,86.7,0,73.0,0,LOW
STU-01267,3,public_state,2024,Term3_Apr_Jul,44.7,0,21.7,3,20,2,HIGH
STU-01268,3,public_state,2023,Term3_Apr_Jul,15.9,0,32.6,10,46.7,0,MEDIUM
STU-01269,1,elite_private,2023,Term1_Sep_Dec,0,1,99.2,1,93.9,0,LOW
STU-01270,2,low_cost_private,2023,Term3_Apr_Jul,42.9,0,23.9,6,20,3,HIGH
STU-01271,1,elite_private,2025,Term2_Jan_Apr,0,1,98.1,2,88.6,0,LOW
STU-01272,1,elite_private,2025,Term3_Apr_Jul,0,1,100,0,100,0,LOW
STU-01273,2,low_cost_private,2023,Term2_Jan_Apr,15.8,0,86.2,1,72.2,0,LOW
STU-01274,1,elite_private,2025,Term1_Sep_Dec,0.5,0,100,0,95.3,0,LOW
STU-01275,3,public_state,2024,Term1_Sep_Dec,17.5,0,70.8,8,51.6,0,MEDIUM
STU-01276,2,low_cost_private,2024,Term3_Apr_Jul,81.2,0,49.6,5,55.2,0,MEDIUM
STU-01277,2,low_cost_private,2023,Term2_Jan_Apr,39.2,0,45.6,6,46.4,2,HIGH
STU-01278,1,elite_private,2024,Term3_Apr_Jul,0,1,100,0,87.9,0,LOW
STU-01279,1,elite_private,2024,Term1_Sep_Dec,0,1,99.2,1,87.2,0,LOW
STU-01280,2,low_cost_private,2024,Term1_Sep_Dec,45.7,0,34.2,7,43.7,3,HIGH
STU-01281,3,public_state,2023,Term2_Jan_Apr,23.4,0,70.0,4,41.1,2,MEDIUM
STU-01282,2,low_cost_private,2023,Term1_Sep_Dec,46.8,0,67.9,9,55.9,1,MEDIUM
STU-01283,3,public_state,2024,Term2_Jan_Apr,15.2,0,43.1,4,42.0,4,HIGH
STU-01284,2,low_cost_private,2023,Term2_Jan_Apr,11.3,0,67.1,1,23.2,5,MEDIUM
STU-01285,3,public_state,2025,Term1_Sep_Dec,15.4,0,54.7,12,57.1,1,MEDIUM
STU-01286,2,low_cost_private,2023,Term1_Sep_Dec,25.6,0,51.9,2,38.4,4,MEDIUM
STU-01287,3,public_state,2025,Term1_Sep_Dec,18.2,0,59.2,15,26.7,4,HIGH
STU-01288,1,elite_private,2025,Term1_Sep_Dec,0,1,98.4,2,89.6,0,LOW
STU-01289,1,elite_private,2024,Term3_Apr_Jul,14,0,,,,,WITHDRAWN
STU-01290,2,low_cost_private,2025,Term2_Jan_Apr,46.4,0,38.2,10,48.3,1,HIGH
STU-01291,2,low_cost_private,2024,Term3_Apr_Jul,10.9,0,42.9,5,68.1,0,MEDIUM
STU-01292,1,elite_private,2024,Term2_Jan_Apr,0,1,100,0,79.9,0,LOW
STU-01293,2,low_cost_private,2024,Term2_Jan_Apr,38.6,0,25.2,4,58.2,3,HIGH
STU-01294,3,public_state,2025,Term2_Jan_Apr,9.8,0,37.8,0,20,3,MEDIUM
STU-01295,3,public_state,2023,Term3_Apr_Jul,19.0,0,47.7,1,60.8,0,MEDIUM
STU-01296,2,low_cost_private,2024,Term2_Jan_Apr,25.9,0,69.0,0,30.8,4,MEDIUM
STU-01297,2,low_cost_private,2025,Term3_Apr_Jul,52.9,0,31.6,8,20,4,HIGH
STU-01298,2,low_cost_private,2024,Term1_Sep_Dec,27.7,0,43.7,7,39.8,2,HIGH
STU-01299,3,public_state,2025,Term2_Jan_Apr,24.9,0,78.7,3,47.2,2,MEDIUM
STU-01300,3,public_state,2024,Term3_Apr_Jul,7.8,0,40.7,9,55.0,2,MEDIUM
STU-01301,2,low_cost_private,2023,Term2_Jan_Apr,28.5,0,64.4,11,69.1,1,MEDIUM
STU-01302,2,low_cost_private,2025,Term3_Apr_Jul,43.3,0,52.8,13,45.3,3,HIGH
STU-01303,1,elite_private,2025,Term1_Sep_Dec,6.4,0,72.0,0,65.3,0,LOW
STU-01304,2,low_cost_private,2023,Term1_Sep_Dec,18.8,0,66.1,1,39.3,2,MEDIUM
STU-01305,1,elite_private,2024,Term2_Jan_Apr,13.1,0,82.6,0,63.2,0,LOW
STU-01306,3,public_state,2025,Term3_Apr_Jul,12.3,0,53.3,0,43.4,4,MEDIUM
STU-01307,1,elite_private,2023,Term1_Sep_Dec,0,1,100,0,87.6,0,LOW
STU-01308,3,public_state,2025,Term3_Apr_Jul,22.5,0,28.7,11,30.6,5,HIGH
STU-01309,2,low_cost_private,2023,Term2_Jan_Apr,47.8,0,49.2,11,34.9,3,HIGH
STU-01310,2,low_cost_private,2023,Term1_Sep_Dec,64.0,0,52.1,4,57.4,0,MEDIUM
STU-01311,2,low_cost_private,2023,Term1_Sep_Dec,18.9,0,88.9,1,75.4,0,LOW
STU-01312,3,public_state,2024,Term3_Apr_Jul,60,0,37.1,2,27.4,4,HIGH
STU-01313,1,elite_private,2025,Term3_Apr_Jul,0,1,99.1,1,81.1,0,LOW
STU-01314,1,elite_private,2025,Term1_Sep_Dec,0,1,99.2,1,93.3,0,LOW
STU-01315,3,public_state,2023,Term1_Sep_Dec,60,0,71.1,3,23.2,7,HIGH
STU-01316,3,public_state,2024,Term1_Sep_Dec,21.4,0,44.6,0,20,4,MEDIUM
STU-01317,2,low_cost_private,2023,Term1_Sep_Dec,38.3,0,54.1,14,55.9,1,MEDIUM
STU-01318,3,public_state,2025,Term1_Sep_Dec,17.7,0,71.4,7,42.6,4,MEDIUM
STU-01319,2,low_cost_private,2024,Term3_Apr_Jul,24.0,0,34.6,13,37.2,3,HIGH
STU-01320,2,low_cost_private,2025,Term1_Sep_Dec,17.1,0,61.5,4,40.9,3,MEDIUM
STU-01321,2,low_cost_private,2023,Term1_Sep_Dec,29.0,0,56.4,4,49.4,1,MEDIUM
STU-01322,3,public_state,2023,Term3_Apr_Jul,26.7,0,69.6,13,20,4,HIGH
STU-01323,1,elite_private,2025,Term3_Apr_Jul,0,1,100,0,95.7,0,LOW
STU-01324,2,low_cost_private,2025,Term1_Sep_Dec,19.4,0,62.1,0,57.3,2,MEDIUM
STU-01325,3,public_state,2025,Term1_Sep_Dec,6.6,0,49.3,3,28.7,2,MEDIUM
STU-01326,1,elite_private,2024,Term3_Apr_Jul,2.8,0,76.5,2,65.3,0,LOW
STU-01327,3,public_state,2025,Term3_Apr_Jul,14.6,0,60.0,2,49.9,3,MEDIUM
STU-01328,3,public_state,2024,Term1_Sep_Dec,12.2,0,51.1,10,53.6,3,MEDIUM
STU-01329,3,public_state,2025,Term1_Sep_Dec,15.5,0,71.6,1,42.4,2,MEDIUM
STU-01330,1,elite_private,2025,Term1_Sep_Dec,0,1,99.2,1,82.3,0,LOW
STU-01331,1,elite_private,2025,Term3_Apr_Jul,2.0,0,100,0,95.6,0,LOW
STU-01332,3,public_state,2024,Term2_Jan_Apr,24.1,0,62.0,1,46.9,1,MEDIUM
STU-01333,1,elite_private,2025,Term3_Apr_Jul,1.3,0,81.9,0,57.8,2,LOW
STU-01334,2,low_cost_private,2025,Term1_Sep_Dec,17.5,0,85.2,0,75.6,0,LOW
STU-01335,2,low_cost_private,2024,Term3_Apr_Jul,30.2,0,57.1,4,54.3,1,MEDIUM
STU-01336,1,elite_private,2024,Term3_Apr_Jul,0,1,99.2,1,86.0,0,LOW
STU-01337,2,low_cost_private,2025,Term3_Apr_Jul,23.4,0,53.6,0,48.0,2,MEDIUM
STU-01338,3,public_state,2024,Term2_Jan_Apr,28.2,0,69.8,1,31.6,3,MEDIUM
STU-01339,3,public_state,2024,Term3_Apr_Jul,18.9,0,58.4,8,47.7,4,HIGH
STU-01340,3,public_state,2025,Term1_Sep_Dec,30.3,0,41.0,6,20,3,HIGH
STU-01341,2,low_cost_private,2025,Term3_Apr_Jul,94.5,0,51.7,4,35.4,5,HIGH
STU-01342,2,low_cost_private,2023,Term2_Jan_Apr,38.6,0,33.5,10,20,2,HIGH
STU-01343,1,elite_private,2023,Term3_Apr_Jul,14,0,,,,,WITHDRAWN
STU-01344,1,elite_private,2024,Term3_Apr_Jul,0,1,99.2,1,79.0,0,LOW
STU-01345,1,elite_private,2024,Term3_Apr_Jul,5.2,0,72.3,1,49.1,2,MEDIUM
STU-01346,2,low_cost_private,2023,Term1_Sep_Dec,13.7,0,85.8,1,73.1,0,LOW
STU-01347,2,low_cost_private,2023,Term2_Jan_Apr,42.9,0,73.6,7,61.7,0,MEDIUM
STU-01348,3,public_state,2023,Term2_Jan_Apr,46.5,0,72.0,7,61.9,1,MEDIUM
STU-01349,1,elite_private,2024,Term1_Sep_Dec,14,0,,,,,WITHDRAWN
STU-01350,2,low_cost_private,2024,Term2_Jan_Apr,73.1,0,53.7,4,46.7,4,HIGH
STU-01351,2,low_cost_private,2025,Term2_Jan_Apr,23.2,0,35.0,1,43.0,3,MEDIUM
STU-01352,1,elite_private,2024,Term3_Apr_Jul,0,1,100,0,95.4,0,LOW
STU-01353,2,low_cost_private,2025,Term1_Sep_Dec,28.4,0,44.8,5,34.6,3,HIGH
STU-01354,3,public_state,2024,Term1_Sep_Dec,5,0,58.5,9,26.5,3,HIGH
STU-01355,3,public_state,2025,Term1_Sep_Dec,10.5,0,29.9,3,20,4,HIGH
STU-01356,1,elite_private,2025,Term2_Jan_Apr,0.9,0,99.2,1,87.3,0,LOW
STU-01357,2,low_cost_private,2025,Term2_Jan_Apr,40.5,0,43.9,4,38.3,4,HIGH
STU-01358,3,public_state,2025,Term3_Apr_Jul,36.7,0,34.1,12,20.4,3,HIGH
STU-01359,2,low_cost_private,2023,Term3_Apr_Jul,31.0,0,41.3,6,46.1,2,HIGH
STU-01360,2,low_cost_private,2025,Term2_Jan_Apr,21.1,0,91.6,0,63.9,0,LOW
STU-01361,2,low_cost_private,2024,Term3_Apr_Jul,16.5,0,84.1,2,71.2,0,LOW
STU-01362,2,low_cost_private,2024,Term1_Sep_Dec,68.5,0,78.6,8,35.9,4,HIGH
STU-01363,2,low_cost_private,2023,Term3_Apr_Jul,32.7,0,40.2,8,30.4,4,HIGH
STU-01364,2,low_cost_private,2025,Term3_Apr_Jul,71.2,0,46.8,11,34.3,4,HIGH
STU-01365,2,low_cost_private,2025,Term1_Sep_Dec,58.6,0,58.6,4,51.7,3,HIGH
STU-01366,3,public_state,2023,Term2_Jan_Apr,32.4,0,57.9,1,46.8,1,MEDIUM
STU-01367,2,low_cost_private,2025,Term3_Apr_Jul,56.2,0,47.9,13,45.8,3,HIGH
STU-01368,2,low_cost_private,2025,Term3_Apr_Jul,38.1,0,15,13,20,3,HIGH
STU-01369,2,low_cost_private,2023,Term2_Jan_Apr,99.4,0,73.3,4,30.7,5,HIGH
STU-01370,3,public_state,2025,Term1_Sep_Dec,4.5,0,88.4,0,62.4,0,LOW
STU-01371,3,public_state,2023,Term3_Apr_Jul,60,0,59.6,4,32.3,6,HIGH
STU-01372,2,low_cost_private,2025,Term2_Jan_Apr,76.2,0,44.0,5,49.5,3,HIGH
STU-01373,1,elite_private,2023,Term1_Sep_Dec,3.3,0,89.5,0,78.2,0,LOW
STU-01374,1,elite_private,2024,Term2_Jan_Apr,0,1,98.4,2,90.6,0,LOW
STU-01375,2,low_cost_private,2025,Term1_Sep_Dec,36.6,0,48.5,2,21.1,6,HIGH
STU-01376,3,public_state,2025,Term1_Sep_Dec,57.7,0,70.6,4,58.5,1,MEDIUM
STU-01377,1,elite_private,2025,Term1_Sep_Dec,0,1,87.6,3,32.3,4,MEDIUM
STU-01378,3,public_state,2023,Term1_Sep_Dec,50.7,0,66.9,10,43.7,2,MEDIUM
STU-01379,1,elite_private,2025,Term3_Apr_Jul,0,1,75.8,0,66.0,0,LOW
STU-01380,1,elite_private,2024,Term2_Jan_Apr,14,0,,,,,WITHDRAWN
STU-01381,2,low_cost_private,2023,Term1_Sep_Dec,49.2,0,57.5,12,28.5,4,HIGH
STU-01382,2,low_cost_private,2024,Term3_Apr_Jul,54.6,0,38.1,13,61.2,0,MEDIUM
STU-01383,3,public_state,2023,Term1_Sep_Dec,17.8,0,46.7,8,39.4,3,HIGH
STU-01384,1,elite_private,2023,Term3_Apr_Jul,0.8,0,100,0,86.7,0,LOW
STU-01385,3,public_state,2023,Term1_Sep_Dec,15.7,0,58.2,13,45.6,3,HIGH
STU-01386,1,elite_private,2023,Term2_Jan_Apr,14,0,,,,,WITHDRAWN
STU-01387,1,elite_private,2023,Term3_Apr_Jul,0,1,99.2,1,80.2,0,LOW
STU-01388,1,elite_private,2023,Term1_Sep_Dec,0,1,96.8,4,97.7,0,LOW
STU-01389,3,public_state,2024,Term3_Apr_Jul,25.9,0,40.2,9,25.4,4,HIGH
STU-01390,1,elite_private,2025,Term1_Sep_Dec,0,1,100,0,90.7,0,LOW
STU-01391,2,low_cost_private,2025,Term3_Apr_Jul,63.8,0,58.4,1,38.1,4,HIGH
STU-01392,2,low_cost_private,2023,Term2_Jan_Apr,70.3,0,52.1,0,38.3,6,HIGH
STU-01393,1,elite_private,2023,Term3_Apr_Jul,0,1,98.4,2,92.7,0,LOW
STU-01394,3,public_state,2025,Term1_Sep_Dec,9.6,0,56.7,10,24.9,2,MEDIUM
STU-01395,2,low_cost_private,2024,Term2_Jan_Apr,34.2,0,56.9,12,43.9,3,HIGH
STU-01396,2,low_cost_private,2024,Term3_Apr_Jul,42.3,0,32.2,12,44.4,2,HIGH
STU-01397,1,elite_private,2025,Term1_Sep_Dec,7.1,0,76.8,4,56.6,0,LOW
STU-01398,1,elite_private,2025,Term2_Jan_Apr,0,1,100,0,90.5,0,LOW
STU-01399,3,public_state,2025,Term3_Apr_Jul,15.0,0,39.7,5,31.8,3,HIGH
STU-01400,1,elite_private,2023,Term3_Apr_Jul,0,1,77.3,1,66.3,0,LOW
STU-01401,1,elite_private,2023,Term1_Sep_Dec,7.8,0,79.1,5,56.5,3,MEDIUM
STU-01402,3,public_state,2024,Term1_Sep_Dec,5.6,0,83.6,0,25,2,LOW
STU-01403,1,elite_private,2023,Term3_Apr_Jul,0.7,0,80.6,3,76.0,0,LOW
STU-01404,2,low_cost_private,2025,Term2_Jan_Apr,20.6,0,40.7,4,70.0,0,MEDIUM
STU-01405,1,elite_private,2024,Term2_Jan_Apr,0,1,99.2,1,92.1,0,LOW
STU-01406,2,low_cost_private,2024,Term1_Sep_Dec,10.2,0,87.8,0,45.2,0,LOW
STU-01407,3,public_state,2023,Term1_Sep_Dec,43.8,0,69.5,0,54.6,5,MEDIUM
STU-01408,2,low_cost_private,2023,Term3_Apr_Jul,15.4,0,64.6,0,40.8,2,MEDIUM
STU-01409,2,low_cost_private,2023,Term2_Jan_Apr,103.0,0,51.4,4,50.7,3,HIGH
STU-01410,1,elite_private,2024,Term2_Jan_Apr,0,1,98.4,2,80.9,0,LOW
STU-01411,1,elite_private,2023,Term3_Apr_Jul,14,0,,,,,WITHDRAWN
STU-01412,1,elite_private,2024,Term3_Apr_Jul,7.5,0,51.1,1,64.2,1,MEDIUM
STU-01413,2,low_cost_private,2025,Term2_Jan_Apr,65.7,0,55.0,12,51.5,3,HIGH
STU-01414,3,public_state,2023,Term1_Sep_Dec,0.4,0,62.2,8,39.2,3,HIGH
STU-01415,3,public_state,2023,Term1_Sep_Dec,10.6,0,92.3,0,76.7,0,LOW
STU-01416,2,low_cost_private,2025,Term2_Jan_Apr,27.9,0,53.0,8,65.6,1,MEDIUM
STU-01417,1,elite_private,2023,Term1_Sep_Dec,0,1,100,0,87.2,0,LOW
STU-01418,1,elite_private,2025,Term1_Sep_Dec,14,0,,,,,WITHDRAWN
STU-01419,3,public_state,2024,Term1_Sep_Dec,60,0,59.0,9,36.2,5,HIGH
STU-01420,3,public_state,2023,Term3_Apr_Jul,21.6,0,51.7,4,27.5,5,HIGH
STU-01421,2,low_cost_private,2025,Term3_Apr_Jul,39.9,0,33.1,4,50.3,2,HIGH
STU-01422,3,public_state,2024,Term2_Jan_Apr,19.6,0,67.6,1,33.2,4,MEDIUM
STU-01423,3,public_state,2024,Term3_Apr_Jul,6.3,0,81.2,1,68.4,0,LOW
STU-01424,2,low_cost_private,2023,Term3_Apr_Jul,50.5,0,41.3,13,33.3,3,HIGH
STU-01425,2,low_cost_private,2024,Term2_Jan_Apr,59.5,0,41.0,11,49.3,4,HIGH
STU-01426,3,public_state,2024,Term2_Jan_Apr,12.1,0,61.4,0,46.7,1,MEDIUM
STU-01427,3,public_state,2024,Term2_Jan_Apr,11.6,0,58.7,1,67.9,0,LOW
STU-01428,1,elite_private,2023,Term1_Sep_Dec,0,1,100,0,95.4,0,LOW
STU-01429,3,public_state,2024,Term3_Apr_Jul,60,0,26.0,10,37.4,3,HIGH
STU-01430,3,public_state,2024,Term1_Sep_Dec,23.5,0,60.2,13,34.4,3,HIGH
STU-01431,2,low_cost_private,2024,Term1_Sep_Dec,26.7,0,41.3,4,38.1,2,HIGH
STU-01432,2,low_cost_private,2025,Term2_Jan_Apr,56.1,0,47.3,6,31.6,4,HIGH
STU-01433,3,public_state,2023,Term3_Apr_Jul,21.4,0,60.4,4,34.4,3,HIGH
STU-01434,2,low_cost_private,2025,Term2_Jan_Apr,72.3,0,58.5,6,24.1,3,HIGH
STU-01435,3,public_state,2025,Term2_Jan_Apr,18.9,0,59.2,10,31.9,5,HIGH
STU-01436,1,elite_private,2024,Term2_Jan_Apr,14,0,,,,,WITHDRAWN
STU-01437,3,public_state,2025,Term2_Jan_Apr,54.0,0,49.9,9,36.3,6,HIGH
STU-01438,1,elite_private,2024,Term2_Jan_Apr,0,1,99.2,1,100,0,LOW
STU-01439,3,public_state,2023,Term3_Apr_Jul,38.0,0,64.5,6,43.7,1,MEDIUM
STU-01440,2,low_cost_private,2023,Term3_Apr_Jul,64.8,0,57.8,4,56.1,1,MEDIUM
STU-01441,3,public_state,2025,Term2_Jan_Apr,35.7,0,49.0,14,38.9,3,HIGH
STU-01442,1,elite_private,2024,Term3_Apr_Jul,0,1,99.2,1,93.0,0,LOW
STU-01443,2,low_cost_private,2024,Term1_Sep_Dec,31.4,0,48.7,4,21.9,4,HIGH
STU-01444,2,low_cost_private,2025,Term2_Jan_Apr,22.0,0,60.7,4,38.7,3,HIGH
STU-01445,3,public_state,2023,Term1_Sep_Dec,60,0,65.5,10,43.9,3,HIGH
STU-01446,1,elite_private,2025,Term2_Jan_Apr,0,1,98.9,0,96.3,0,LOW
STU-01447,1,elite_private,2023,Term1_Sep_Dec,6.0,0,78.7,4,58.1,3,MEDIUM
STU-01448,2,low_cost_private,2023,Term3_Apr_Jul,92.5,0,51.8,7,65.6,0,MEDIUM
STU-01449,2,low_cost_private,2023,Term2_Jan_Apr,77.9,0,53.3,4,44.1,2,HIGH
STU-01450,1,elite_private,2023,Term1_Sep_Dec,0,1,98.4,2,100,0,LOW
STU-01451,3,public_state,2023,Term2_Jan_Apr,60,0,58.2,3,30.4,4,HIGH
STU-01452,3,public_state,2024,Term2_Jan_Apr,60,0,64.8,4,30.0,4,HIGH
STU-01453,3,public_state,2025,Term3_Apr_Jul,18.1,0,55.9,1,40.3,3,MEDIUM
STU-01454,3,public_state,2025,Term2_Jan_Apr,30.0,0,80.2,1,29.3,2,MEDIUM
STU-01455,2,low_cost_private,2023,Term2_Jan_Apr,54.9,0,57.9,7,45.8,3,HIGH
STU-01456,2,low_cost_private,2025,Term2_Jan_Apr,17.3,0,58.9,4,28.1,2,MEDIUM
STU-01457,3,public_state,2025,Term1_Sep_Dec,55.0,0,51.2,11,37.4,5,HIGH
STU-01458,3,public_state,2023,Term1_Sep_Dec,7.0,0,91.5,1,74.8,0,LOW
STU-01459,2,low_cost_private,2024,Term1_Sep_Dec,30.2,0,46.2,15,27.4,3,HIGH
STU-01460,3,public_state,2023,Term1_Sep_Dec,16.6,0,51.1,1,74.5,0,LOW
STU-01461,1,elite_private,2025,Term3_Apr_Jul,0,1,100,0,100,0,LOW
STU-01462,1,elite_private,2024,Term3_Apr_Jul,0,1,96.6,2,91.2,0,LOW
STU-01463,1,elite_private,2024,Term1_Sep_Dec,10.8,0,59.8,2,40.5,3,MEDIUM
STU-01464,1,elite_private,2024,Term3_Apr_Jul,9.4,0,76.9,0,41.4,2,LOW
STU-01465,3,public_state,2023,Term3_Apr_Jul,16.1,0,55.7,3,41.0,3,MEDIUM
STU-01466,3,public_state,2025,Term3_Apr_Jul,16.9,0,48.1,13,20,4,HIGH
STU-01467,1,elite_private,2024,Term3_Apr_Jul,11.2,0,34.2,4,58.0,2,MEDIUM
STU-01468,3,public_state,2024,Term3_Apr_Jul,8.4,0,37.8,1,30.0,3,MEDIUM
STU-01469,2,low_cost_private,2025,Term3_Apr_Jul,58.8,0,49.9,6,36.8,5,HIGH
STU-01470,1,elite_private,2023,Term2_Jan_Apr,0,1,72.1,2,56.1,1,LOW
STU-01471,2,low_cost_private,2024,Term2_Jan_Apr,15.8,0,88.6,0,66.4,0,LOW
STU-01472,2,low_cost_private,2024,Term3_Apr_Jul,42.0,0,22.0,13,20,4,HIGH
STU-01473,2,low_cost_private,2025,Term1_Sep_Dec,17.6,0,85.9,1,79.6,0,LOW
STU-01474,3,public_state,2024,Term1_Sep_Dec,26.6,0,64.8,6,38.3,3,HIGH
STU-01475,3,public_state,2023,Term3_Apr_Jul,8.3,0,81.0,0,71.9,0,LOW
STU-01476,2,low_cost_private,2024,Term2_Jan_Apr,57.5,0,48.4,5,55.1,2,MEDIUM
STU-01477,2,low_cost_private,2024,Term1_Sep_Dec,90.5,0,48.8,14,48.3,2,HIGH
STU-01478,2,low_cost_private,2025,Term2_Jan_Apr,77.6,0,52.6,9,42.5,1,HIGH
STU-01479,2,low_cost_private,2023,Term1_Sep_Dec,28.2,0,15.5,10,20,4,HIGH
STU-01480,2,low_cost_private,2024,Term3_Apr_Jul,59.5,0,50.2,2,42.8,4,MEDIUM
STU-01481,3,public_state,2023,Term2_Jan_Apr,8.0,0,48.5,11,20,5,HIGH
STU-01482,2,low_cost_private,2023,Term2_Jan_Apr,30.2,0,52.8,12,58.5,1,MEDIUM
STU-01483,1,elite_private,2023,Term1_Sep_Dec,0,1,100,0,90.7,0,LOW
STU-01484,2,low_cost_private,2023,Term2_Jan_Apr,77.6,0,46.3,1,26.2,5,HIGH
STU-01485,1,elite_private,2025,Term1_Sep_Dec,5.7,0,72.9,3,63.3,0,LOW
STU-01486,3,public_state,2024,Term3_Apr_Jul,24.1,0,51.8,9,42.0,4,HIGH
STU-01487,3,public_state,2024,Term2_Jan_Apr,26.1,0,71.8,5,20.1,4,MEDIUM
STU-01488,2,low_cost_private,2023,Term3_Apr_Jul,79.3,0,52.0,1,41.7,3,HIGH
STU-01489,2,low_cost_private,2023,Term1_Sep_Dec,18.9,0,79.1,15,83.9,0,LOW
STU-01490,1,elite_private,2024,Term3_Apr_Jul,0,1,98.4,2,91.7,0,LOW
STU-01491,3,public_state,2025,Term1_Sep_Dec,13.5,0,39.6,10,25.0,2,HIGH
STU-01492,3,public_state,2025,Term1_Sep_Dec,10.3,0,58.8,0,46.9,3,MEDIUM
STU-01493,3,public_state,2024,Term3_Apr_Jul,14.6,0,52.0,6,33.3,3,HIGH
STU-01494,2,low_cost_private,2025,Term1_Sep_Dec,25.3,0,59.4,0,38.2,3,MEDIUM
STU-01495,2,low_cost_private,2025,Term2_Jan_Apr,29.5,0,52.7,8,43.7,2,MEDIUM
STU-01496,2,low_cost_private,2023,Term2_Jan_Apr,50.2,0,34.8,7,42.4,2,HIGH
STU-01497,3,public_state,2024,Term2_Jan_Apr,28.4,0,49.3,0,27.1,3,MEDIUM
STU-01498,3,public_state,2025,Term3_Apr_Jul,26.7,0,44.9,1,36.0,2,MEDIUM
STU-01499,2,low_cost_private,2025,Term3_Apr_Jul,39.3,0,36.3,12,39.3,3,HIGH
STU-01500,2,low_cost_private,2023,Term2_Jan_Apr,50.1,0,57.6,8,47.5,1,HIGH
STU-01501,2,low_cost_private,2023,Term3_Apr_Jul,43.5,0,39.9,4,21.7,3,HIGH
STU-01502,1,elite_private,2025,Term2_Jan_Apr,0,1,99.2,1,89.8,0,LOW
STU-01503,2,low_cost_private,2023,Term2_Jan_Apr,29.8,0,55.0,0,34.9,4,MEDIUM
STU-01504,1,elite_private,2024,Term1_Sep_Dec,0,1,98.4,2,96.3,0,LOW
STU-01505,1,elite_private,2024,Term2_Jan_Apr,12.9,0,57.0,3,57.5,0,MEDIUM
STU-01506,3,public_state,2024,Term3_Apr_Jul,13.2,0,39.2,7,29.0,4,HIGH
STU-01507,3,public_state,2023,Term2_Jan_Apr,19.8,0,47.4,4,46.0,3,HIGH
STU-01508,3,public_state,2023,Term3_Apr_Jul,5.5,0,82.8,2,69.9,0,LOW
STU-01509,2,low_cost_private,2024,Term3_Apr_Jul,23.4,0,62.2,2,68.0,0,LOW
STU-01510,2,low_cost_private,2025,Term3_Apr_Jul,21.6,0,84.8,2,83.6,0,LOW
STU-01511,1,elite_private,2024,Term1_Sep_Dec,0,1,99.2,1,91.9,0,LOW
STU-01512,1,elite_private,2024,Term2_Jan_Apr,0,1,99.2,1,87.5,0,LOW
STU-01513,3,public_state,2023,Term2_Jan_Apr,19.0,0,48.7,10,56.9,1,MEDIUM
STU-01514,3,public_state,2024,Term2_Jan_Apr,10.0,0,65.7,0,27.0,3,MEDIUM
STU-01515,3,public_state,2025,Term3_Apr_Jul,12.2,0,49.0,10,56.5,2,MEDIUM
STU-01516,3,public_state,2024,Term1_Sep_Dec,15.3,0,67.4,0,53.9,1,MEDIUM
STU-01517,2,low_cost_private,2024,Term2_Jan_Apr,70.6,0,35.4,7,42.9,3,HIGH
STU-01518,1,elite_private,2024,Term2_Jan_Apr,0,1,100,0,86.0,0,LOW
STU-01519,3,public_state,2024,Term2_Jan_Apr,7.4,0,93.5,2,75.5,0,LOW
STU-01520,1,elite_private,2024,Term3_Apr_Jul,0,1,97.6,3,88.6,0,LOW
STU-01521,2,low_cost_private,2023,Term3_Apr_Jul,65.5,0,54.0,1,32.1,3,HIGH
STU-01522,2,low_cost_private,2023,Term2_Jan_Apr,55.5,0,53.7,7,35.8,4,HIGH
STU-01523,3,public_state,2025,Term1_Sep_Dec,17.1,0,63.1,1,35.0,4,MEDIUM
STU-01524,3,public_state,2025,Term2_Jan_Apr,18.1,0,45.0,1,44.8,2,MEDIUM
STU-01525,3,public_state,2025,Term1_Sep_Dec,11.2,0,57.8,7,45.2,2,MEDIUM
STU-01526,3,public_state,2024,Term1_Sep_Dec,60,0,51.6,7,47.9,1,HIGH
STU-01527,3,public_state,2024,Term3_Apr_Jul,24.0,0,47.9,1,28.7,2,MEDIUM
STU-01528,2,low_cost_private,2024,Term3_Apr_Jul,14.6,0,85.0,1,77.5,0,LOW
STU-01529,3,public_state,2024,Term2_Jan_Apr,41.7,0,71.4,0,37.7,5,MEDIUM
STU-01530,3,public_state,2025,Term2_Jan_Apr,16.9,0,46.9,7,41.9,3,HIGH
STU-01531,2,low_cost_private,2025,Term2_Jan_Apr,81.3,0,64.4,1,34.5,4,HIGH
STU-01532,3,public_state,2024,Term1_Sep_Dec,10.1,0,70.2,5,50.7,0,MEDIUM
STU-01533,2,low_cost_private,2024,Term1_Sep_Dec,20.6,0,87.4,1,81.5,0,LOW
STU-01534,3,public_state,2024,Term3_Apr_Jul,7.1,0,80.0,0,70.5,0,LOW
STU-01535,2,low_cost_private,2025,Term2_Jan_Apr,65.7,0,41.7,4,55.3,0,MEDIUM
STU-01536,2,low_cost_private,2023,Term3_Apr_Jul,17.1,0,32.1,10,20,3,HIGH
STU-01537,3,public_state,2025,Term3_Apr_Jul,10.6,0,53.7,11,62.3,0,MEDIUM
STU-01538,1,elite_private,2024,Term1_Sep_Dec,0,1,98.4,2,94.7,0,LOW
STU-01539,2,low_cost_private,2024,Term3_Apr_Jul,33.0,0,87.0,1,52.9,2,MEDIUM
STU-01540,3,public_state,2025,Term1_Sep_Dec,16.2,0,64.7,0,35.8,5,MEDIUM
STU-01541,3,public_state,2025,Term2_Jan_Apr,37.1,0,36.5,3,20,5,HIGH
STU-01542,2,low_cost_private,2024,Term3_Apr_Jul,16.5,0,44.4,4,21.4,4,HIGH
STU-01543,3,public_state,2024,Term2_Jan_Apr,19.6,0,59.6,9,25.4,2,HIGH
STU-01544,3,public_state,2023,Term1_Sep_Dec,11.6,0,56.1,0,31.3,3,MEDIUM
STU-01545,2,low_cost_private,2024,Term2_Jan_Apr,18.2,0,91.0,0,79.0,0,LOW
STU-01546,3,public_state,2024,Term2_Jan_Apr,22.1,0,70.7,7,75.1,0,MEDIUM
STU-01547,2,low_cost_private,2025,Term2_Jan_Apr,100.9,0,37.6,16,45.1,3,HIGH
STU-01548,2,low_cost_private,2024,Term3_Apr_Jul,29.7,0,50.1,13,50.4,1,MEDIUM
STU-01549,3,public_state,2025,Term3_Apr_Jul,21.8,0,59.9,1,39.6,5,HIGH
STU-01550,2,low_cost_private,2024,Term3_Apr_Jul,38.1,0,49.0,1,28.9,4,HIGH
STU-01551,1,elite_private,2023,Term1_Sep_Dec,8.1,0,81.4,1,51.5,1,LOW
STU-01552,1,elite_private,2024,Term3_Apr_Jul,0,1,98.4,2,96.7,0,LOW
STU-01553,2,low_cost_private,2025,Term1_Sep_Dec,45.7,0,53.0,12,47.9,3,HIGH
STU-01554,2,low_cost_private,2024,Term2_Jan_Apr,30.4,0,43.6,12,66.5,0,MEDIUM
STU-01555,1,elite_private,2023,Term1_Sep_Dec,0,1,99.2,1,96.1,0,LOW
STU-01556,1,elite_private,2025,Term2_Jan_Apr,0,1,98.4,2,79.3,0,LOW
STU-01557,2,low_cost_private,2025,Term3_Apr_Jul,49.2,0,26.0,8,36.7,4,HIGH
STU-01558,3,public_state,2024,Term2_Jan_Apr,55.2,0,37.3,10,36.2,3,HIGH
STU-01559,1,elite_private,2025,Term2_Jan_Apr,0.9,0,79.5,2,79.5,0,LOW
STU-01560,3,public_state,2023,Term2_Jan_Apr,23.8,0,55.8,5,27.4,4,HIGH
STU-01561,3,public_state,2025,Term1_Sep_Dec,52.6,0,55.5,6,30.1,5,HIGH
STU-01562,3,public_state,2023,Term3_Apr_Jul,58.0,0,40.3,3,48.7,2,HIGH
STU-01563,3,public_state,2025,Term3_Apr_Jul,21.5,0,68.2,0,44.6,2,MEDIUM
STU-01564,3,public_state,2023,Term2_Jan_Apr,41.0,0,73.3,0,37.5,5,MEDIUM
STU-01565,2,low_cost_private,2025,Term2_Jan_Apr,93.6,0,46.6,2,43.3,3,HIGH
STU-01566,2,low_cost_private,2024,Term3_Apr_Jul,30.5,0,49.8,13,42.2,3,HIGH
STU-01567,1,elite_private,2023,Term1_Sep_Dec,4.8,0,88.4,2,52.1,1,LOW
STU-01568,2,low_cost_private,2025,Term2_Jan_Apr,27.8,0,34.2,0,26.6,2,MEDIUM
STU-01569,3,public_state,2025,Term2_Jan_Apr,22.2,0,74.5,7,58.7,2,MEDIUM
STU-01570,1,elite_private,2025,Term3_Apr_Jul,0,1,99.2,1,83.5,0,LOW
STU-01571,1,elite_private,2024,Term1_Sep_Dec,0,1,97.2,3,89.0,0,LOW
STU-01572,3,public_state,2023,Term1_Sep_Dec,6.6,0,91.6,1,61.0,0,LOW
STU-01573,2,low_cost_private,2025,Term3_Apr_Jul,90.7,0,62.9,1,52.3,2,MEDIUM
STU-01574,2,low_cost_private,2023,Term2_Jan_Apr,60.0,0,58.1,1,57.5,0,MEDIUM
STU-01575,1,elite_private,2025,Term1_Sep_Dec,8.5,0,64.3,2,61.8,1,MEDIUM
STU-01576,3,public_state,2023,Term2_Jan_Apr,18.3,0,57.0,0,54.0,3,MEDIUM
STU-01577,3,public_state,2023,Term3_Apr_Jul,10.6,0,63.9,5,35.8,2,MEDIUM
STU-01578,2,low_cost_private,2023,Term1_Sep_Dec,78.7,0,54.0,4,65.2,0,MEDIUM
STU-01579,3,public_state,2023,Term2_Jan_Apr,60,0,67.6,3,42.9,3,MEDIUM
STU-01580,2,low_cost_private,2025,Term3_Apr_Jul,46.3,0,57.8,4,38.1,2,HIGH
STU-01581,1,elite_private,2023,Term1_Sep_Dec,5.1,0,58.7,0,25,2,MEDIUM
STU-01582,1,elite_private,2023,Term2_Jan_Apr,0.8,0,83.5,3,64.1,0,LOW
STU-01583,1,elite_private,2025,Term1_Sep_Dec,14,0,,,,,WITHDRAWN
STU-01584,2,low_cost_private,2023,Term1_Sep_Dec,68.8,0,45.5,10,40.0,5,HIGH
STU-01585,3,public_state,2025,Term1_Sep_Dec,9.5,0,35.6,11,20,5,HIGH
STU-01586,1,elite_private,2023,Term2_Jan_Apr,2.8,0,58.5,5,52.7,4,MEDIUM
STU-01587,1,elite_private,2023,Term2_Jan_Apr,0,1,98.4,2,90.3,0,LOW
STU-01588,3,public_state,2024,Term1_Sep_Dec,34.5,0,43.2,8,45.4,1,HIGH
STU-01589,1,elite_private,2025,Term3_Apr_Jul,0.1,0,99.5,0,96.0,0,LOW
STU-01590,3,public_state,2025,Term2_Jan_Apr,35.0,0,38.7,11,41.9,1,HIGH
STU-01591,1,elite_private,2024,Term3_Apr_Jul,5.6,0,82.8,2,69.1,0,LOW
STU-01592,3,public_state,2025,Term2_Jan_Apr,31.2,0,51.1,11,41.2,3,HIGH
STU-01593,2,low_cost_private,2025,Term1_Sep_Dec,20.3,0,89.0,0,75.9,0,LOW
STU-01594,1,elite_private,2025,Term1_Sep_Dec,0,1,100,0,88.9,0,LOW
STU-01595,2,low_cost_private,2025,Term1_Sep_Dec,39.9,0,52.4,7,45.0,1,HIGH
STU-01596,3,public_state,2023,Term1_Sep_Dec,37.6,0,54.9,6,44.4,4,HIGH
STU-01597,1,elite_private,2024,Term1_Sep_Dec,0,1,100,0,92.6,0,LOW
STU-01598,1,elite_private,2023,Term2_Jan_Apr,11.1,0,83.3,0,63.1,0,LOW
STU-01599,2,low_cost_private,2023,Term3_Apr_Jul,55.1,0,42.8,9,34.6,4,HIGH
STU-01600,1,elite_private,2023,Term1_Sep_Dec,2.2,0,68.4,1,81.4,0,LOW
STU-01601,2,low_cost_private,2025,Term2_Jan_Apr,18.2,0,90.6,0,71.5,0,LOW
STU-01602,3,public_state,2023,Term1_Sep_Dec,18.6,0,66.9,0,54.7,4,MEDIUM
STU-01603,2,low_cost_private,2023,Term3_Apr_Jul,33.8,0,42.7,4,40.1,3,HIGH
STU-01604,1,elite_private,2023,Term1_Sep_Dec,0,1,99.2,1,100,0,LOW
STU-01605,2,low_cost_private,2025,Term3_Apr_Jul,35.0,0,43.7,4,49.7,1,HIGH
STU-01606,3,public_state,2024,Term2_Jan_Apr,7.9,0,63.0,2,29.8,3,MEDIUM
STU-01607,1,elite_private,2023,Term1_Sep_Dec,0,1,97.2,2,88.9,0,LOW
STU-01608,3,public_state,2025,Term1_Sep_Dec,48.4,0,52.5,7,38.0,6,HIGH
STU-01609,1,elite_private,2024,Term3_Apr_Jul,14,0,,,,,WITHDRAWN
STU-01610,1,elite_private,2025,Term3_Apr_Jul,14,0,,,,,WITHDRAWN
STU-01611,1,elite_private,2025,Term3_Apr_Jul,0,1,97.3,2,92.3,0,LOW
STU-01612,1,elite_private,2023,Term3_Apr_Jul,5.5,0,87.4,0,57.9,2,LOW
STU-01613,1,elite_private,2025,Term3_Apr_Jul,0,1,100,0,94.6,0,LOW
STU-01614,1,elite_private,2023,Term1_Sep_Dec,0,1,98.3,1,93.2,0,LOW
STU-01615,3,public_state,2024,Term1_Sep_Dec,20.0,0,69.2,5,37.5,2,MEDIUM
STU-01616,3,public_state,2024,Term2_Jan_Apr,5.3,0,93.8,0,65.9,0,LOW
STU-01617,3,public_state,2023,Term1_Sep_Dec,60,0,62.1,3,39.0,4,HIGH
STU-01618,3,public_state,2025,Term3_Apr_Jul,12.9,0,56.4,0,40.0,4,MEDIUM
STU-01619,3,public_state,2023,Term2_Jan_Apr,18.8,0,58.4,1,44.4,3,MEDIUM
STU-01620,2,low_cost_private,2025,Term2_Jan_Apr,56.0,0,63.3,6,49.1,3,HIGH
STU-01621,3,public_state,2023,Term3_Apr_Jul,11.6,0,45.7,10,20.9,2,HIGH
STU-01622,3,public_state,2023,Term1_Sep_Dec,41.5,0,24.7,11,20,4,HIGH
STU-01623,2,low_cost_private,2024,Term2_Jan_Apr,68.2,0,53.7,10,24.5,5,HIGH
STU-01624,2,low_cost_private,2023,Term3_Apr_Jul,26.3,0,58.5,6,43.3,2,MEDIUM
STU-01625,1,elite_private,2024,Term2_Jan_Apr,0,1,98.5,0,92.5,0,LOW
STU-01626,3,public_state,2024,Term1_Sep_Dec,48.6,0,39.4,8,49.3,3,HIGH
STU-01627,3,public_state,2024,Term3_Apr_Jul,5.0,0,79.2,1,60,0,LOW
STU-01628,2,low_cost_private,2025,Term1_Sep_Dec,40.5,0,39.7,13,21.7,5,HIGH
STU-01629,2,low_cost_private,2024,Term2_Jan_Apr,66.7,0,47.7,9,49.6,4,HIGH
STU-01630,2,low_cost_private,2024,Term3_Apr_Jul,43.1,0,52.8,4,42.9,1,MEDIUM
STU-01631,2,low_cost_private,2024,Term1_Sep_Dec,32.1,0,48.8,10,28.6,4,HIGH
STU-01632,3,public_state,2025,Term2_Jan_Apr,4.7,0,91.5,0,74.4,0,LOW
STU-01633,1,elite_private,2023,Term2_Jan_Apr,0,1,100,0,99.1,0,LOW
STU-01634,3,public_state,2025,Term3_Apr_Jul,18.9,0,58.8,1,32.5,3,MEDIUM
STU-01635,3,public_state,2024,Term2_Jan_Apr,24.2,0,76.0,0,43.7,2,LOW
STU-01636,1,elite_private,2024,Term2_Jan_Apr,14,0,,,,,WITHDRAWN
STU-01637,2,low_cost_private,2024,Term2_Jan_Apr,47.4,0,44.8,12,37.1,3,HIGH
STU-01638,2,low_cost_private,2025,Term3_Apr_Jul,30.0,0,45.0,13,57.1,2,MEDIUM
STU-01639,3,public_state,2023,Term2_Jan_Apr,60,0,61.8,7,34.1,4,HIGH
STU-01640,3,public_state,2024,Term3_Apr_Jul,60,0,40.4,8,30.9,6,HIGH
STU-01641,2,low_cost_private,2025,Term3_Apr_Jul,29.0,0,57.0,4,60.7,0,MEDIUM
STU-01642,2,low_cost_private,2024,Term2_Jan_Apr,83.8,0,45.1,11,43.8,2,HIGH
STU-01643,2,low_cost_private,2023,Term3_Apr_Jul,37.7,0,32.5,13,47.9,2,HIGH
STU-01644,2,low_cost_private,2023,Term2_Jan_Apr,19.5,0,20.0,16,40.3,3,HIGH
STU-01645,1,elite_private,2024,Term3_Apr_Jul,0,1,99.2,1,89.0,0,LOW
STU-01646,1,elite_private,2025,Term3_Apr_Jul,0,1,95.6,3,93.6,0,LOW
STU-01647,1,elite_private,2025,Term1_Sep_Dec,14,0,,,,,WITHDRAWN
STU-01648,1,elite_private,2023,Term2_Jan_Apr,0,1,80.0,0,46.7,1,LOW
STU-01649,2,low_cost_private,2023,Term2_Jan_Apr,39.5,0,56.2,1,23.1,4,HIGH
STU-01650,3,public_state,2025,Term1_Sep_Dec,50.9,0,60.1,1,31.2,5,HIGH
STU-01651,1,elite_private,2024,Term2_Jan_Apr,0,1,97.6,3,87.5,0,LOW
STU-01652,3,public_state,2023,Term2_Jan_Apr,13.6,0,56.4,2,35.8,2,MEDIUM
STU-01653,3,public_state,2025,Term3_Apr_Jul,22.0,0,48.3,1,60.8,0,MEDIUM
STU-01654,3,public_state,2023,Term3_Apr_Jul,12.9,0,55.4,0,39.8,2,MEDIUM
STU-01655,2,low_cost_private,2024,Term2_Jan_Apr,59.7,0,73.3,4,54.8,2,MEDIUM
STU-01656,2,low_cost_private,2025,Term2_Jan_Apr,16.7,0,89.3,0,78.2,0,LOW
STU-01657,2,low_cost_private,2023,Term3_Apr_Jul,87.3,0,60.8,2,24.7,5,HIGH
STU-01658,1,elite_private,2024,Term1_Sep_Dec,0,1,99.2,1,89.3,0,LOW
STU-01659,2,low_cost_private,2025,Term2_Jan_Apr,62.0,0,62.9,13,37.0,4,HIGH
STU-01660,2,low_cost_private,2023,Term3_Apr_Jul,81.8,0,53.9,10,25.1,5,HIGH
STU-01661,2,low_cost_private,2024,Term2_Jan_Apr,38.4,0,52.2,8,35.8,4,HIGH
STU-01662,2,low_cost_private,2024,Term1_Sep_Dec,30.6,0,49.5,12,21.9,4,HIGH
STU-01663,2,low_cost_private,2023,Term3_Apr_Jul,17.4,0,83.9,0,71.3,0,LOW
STU-01664,2,low_cost_private,2025,Term3_Apr_Jul,31.1,0,48.4,1,21.5,4,HIGH
STU-01665,3,public_state,2023,Term3_Apr_Jul,12.3,0,26.8,9,31.9,3,HIGH
STU-01666,2,low_cost_private,2025,Term3_Apr_Jul,14.1,0,27.1,4,20,2,HIGH
STU-01667,3,public_state,2023,Term2_Jan_Apr,16.4,0,56.2,7,37.2,3,HIGH
STU-01668,2,low_cost_private,2025,Term2_Jan_Apr,34.2,0,49.0,11,32.1,4,HIGH
STU-01669,3,public_state,2024,Term1_Sep_Dec,18.4,0,51.7,6,25,2,MEDIUM
STU-01670,2,low_cost_private,2024,Term1_Sep_Dec,31.5,0,34.8,4,30.7,5,HIGH
STU-01671,1,elite_private,2025,Term3_Apr_Jul,0,1,100,0,84.2,0,LOW
STU-01672,3,public_state,2023,Term3_Apr_Jul,15.6,0,47.3,5,49.5,1,MEDIUM
STU-01673,2,low_cost_private,2025,Term1_Sep_Dec,76.9,0,51.5,4,43.0,3,HIGH
STU-01674,3,public_state,2025,Term3_Apr_Jul,45.3,0,43.8,3,23.6,4,HIGH
STU-01675,1,elite_private,2024,Term3_Apr_Jul,0,1,90.0,0,79.2,1,LOW
STU-01676,2,low_cost_private,2023,Term2_Jan_Apr,65.6,0,64.4,0,34.8,4,HIGH
STU-01677,2,low_cost_private,2023,Term1_Sep_Dec,44.1,0,53.1,9,51.3,3,HIGH
STU-01678,2,low_cost_private,2023,Term2_Jan_Apr,43.6,0,73.9,11,44.4,3,HIGH
STU-01679,3,public_state,2023,Term1_Sep_Dec,27.3,0,64.6,0,48.1,1,MEDIUM
STU-01680,1,elite_private,2024,Term3_Apr_Jul,0,1,100,0,88.3,0,LOW
STU-01681,2,low_cost_private,2025,Term2_Jan_Apr,16.8,0,86.8,1,76.8,0,LOW
STU-01682,2,low_cost_private,2024,Term2_Jan_Apr,55.1,0,46.4,0,48.5,3,MEDIUM
STU-01683,2,low_cost_private,2023,Term3_Apr_Jul,21.1,0,22.0,9,25.6,3,HIGH
STU-01684,1,elite_private,2025,Term3_Apr_Jul,0,1,100,0,99.3,0,LOW
STU-01685,3,public_state,2023,Term1_Sep_Dec,27.5,0,55.6,1,37.2,3,MEDIUM
STU-01686,2,low_cost_private,2025,Term2_Jan_Apr,44.0,0,57.4,0,53.0,4,MEDIUM
STU-01687,1,elite_private,2023,Term1_Sep_Dec,0,1,100,0,98.6,0,LOW
STU-01688,2,low_cost_private,2025,Term3_Apr_Jul,23.3,0,62.6,0,25.1,3,MEDIUM
STU-01689,3,public_state,2025,Term1_Sep_Dec,35.5,0,55.8,6,37.5,2,HIGH
STU-01690,1,elite_private,2023,Term1_Sep_Dec,0,1,97.8,1,85.0,0,LOW
STU-01691,3,public_state,2024,Term3_Apr_Jul,19.5,0,55.2,3,52.7,2,MEDIUM
STU-01692,2,low_cost_private,2023,Term1_Sep_Dec,34.0,0,39.3,11,58.1,0,MEDIUM
STU-01693,3,public_state,2025,Term3_Apr_Jul,17.9,0,60.9,2,57.2,0,MEDIUM
STU-01694,1,elite_private,2024,Term3_Apr_Jul,0,1,100,0,97.6,0,LOW
STU-01695,3,public_state,2025,Term3_Apr_Jul,7.7,0,26.1,9,62.1,0,MEDIUM
STU-01696,3,public_state,2023,Term2_Jan_Apr,2.6,0,64.9,0,46.5,1,MEDIUM
STU-01697,2,low_cost_private,2023,Term1_Sep_Dec,67.8,0,47.5,1,54.1,3,HIGH
STU-01698,2,low_cost_private,2025,Term2_Jan_Apr,38.2,0,54.9,4,44.9,3,HIGH
STU-01699,1,elite_private,2023,Term3_Apr_Jul,0,1,98.4,2,95.0,0,LOW
STU-01700,3,public_state,2023,Term2_Jan_Apr,26.3,0,39.7,7,20,3,HIGH
STU-01701,3,public_state,2024,Term1_Sep_Dec,28.7,0,57.6,6,48.2,3,MEDIUM
STU-01702,1,elite_private,2025,Term2_Jan_Apr,0,1,100,0,87.3,0,LOW
STU-01703,2,low_cost_private,2024,Term2_Jan_Apr,57.8,0,43.2,4,38.9,5,HIGH
STU-01704,2,low_cost_private,2023,Term2_Jan_Apr,39.0,0,53.2,1,29.7,5,HIGH
STU-01705,2,low_cost_private,2023,Term2_Jan_Apr,44.2,0,70.6,8,58.1,3,MEDIUM
STU-01706,2,low_cost_private,2025,Term1_Sep_Dec,38.4,0,56.8,6,52.8,1,MEDIUM
STU-01707,3,public_state,2025,Term1_Sep_Dec,22.3,0,52.8,0,25.5,3,MEDIUM
STU-01708,2,low_cost_private,2024,Term3_Apr_Jul,18.7,0,40.8,0,51.5,1,MEDIUM
STU-01709,1,elite_private,2023,Term3_Apr_Jul,0,1,99.2,1,88.8,0,LOW
STU-01710,1,elite_private,2024,Term3_Apr_Jul,0,1,100,0,93.0,0,LOW
STU-01711,1,elite_private,2025,Term1_Sep_Dec,0,1,98.4,2,88.8,0,LOW
STU-01712,1,elite_private,2023,Term3_Apr_Jul,0,1,100,0,93.1,0,LOW
STU-01713,2,low_cost_private,2023,Term2_Jan_Apr,35.7,0,55.8,6,57.6,1,MEDIUM
STU-01714,3,public_state,2024,Term1_Sep_Dec,24.9,0,39.3,3,28.6,7,HIGH
STU-01715,2,low_cost_private,2024,Term3_Apr_Jul,52.7,0,70.1,8,35.4,4,HIGH
STU-01716,2,low_cost_private,2024,Term3_Apr_Jul,34.1,0,50.6,4,27.9,3,HIGH
STU-01717,3,public_state,2024,Term1_Sep_Dec,22.0,0,53.9,4,34.0,4,HIGH
STU-01718,3,public_state,2024,Term1_Sep_Dec,43.7,0,59.5,11,27.5,5,HIGH
STU-01719,2,low_cost_private,2024,Term1_Sep_Dec,80.2,0,62.3,2,32.0,5,HIGH
STU-01720,1,elite_private,2024,Term3_Apr_Jul,14,0,,,,,WITHDRAWN
STU-01721,3,public_state,2023,Term1_Sep_Dec,20.5,0,75.8,0,25,2,MEDIUM
STU-01722,2,low_cost_private,2024,Term1_Sep_Dec,16.6,0,88.1,0,80.4,0,LOW
STU-01723,2,low_cost_private,2024,Term1_Sep_Dec,47.9,0,70.2,2,33.0,3,MEDIUM
STU-01724,2,low_cost_private,2024,Term2_Jan_Apr,52.6,0,63.8,16,52.1,4,HIGH
STU-01725,1,elite_private,2024,Term3_Apr_Jul,10.8,0,52.9,0,51.3,3,MEDIUM
STU-01726,1,elite_private,2023,Term3_Apr_Jul,0,1,99.2,1,99.0,0,LOW
STU-01727,1,elite_private,2023,Term1_Sep_Dec,0,1,98.4,2,92.1,0,LOW
STU-01728,3,public_state,2025,Term1_Sep_Dec,28.1,0,46.4,10,53.0,0,MEDIUM
STU-01729,1,elite_private,2025,Term1_Sep_Dec,14,0,,,,,WITHDRAWN
STU-01730,3,public_state,2025,Term3_Apr_Jul,28.0,0,19.2,1,20,2,MEDIUM
STU-01731,3,public_state,2024,Term1_Sep_Dec,16.0,0,35.2,10,39.3,3,HIGH
STU-01732,2,low_cost_private,2025,Term3_Apr_Jul,60.8,0,48.3,0,47.0,4,HIGH
STU-01733,1,elite_private,2023,Term3_Apr_Jul,14,0,,,,,WITHDRAWN
STU-01734,3,public_state,2025,Term1_Sep_Dec,31.1,0,53.8,7,33.0,4,HIGH
STU-01735,3,public_state,2024,Term2_Jan_Apr,8.2,0,92.3,1,76.8,0,LOW
STU-01736,3,public_state,2024,Term2_Jan_Apr,28.7,0,46.1,6,57.5,1,MEDIUM
STU-01737,1,elite_private,2023,Term3_Apr_Jul,0,1,100,0,92.4,0,LOW
STU-01738,3,public_state,2023,Term3_Apr_Jul,9.1,0,55.9,5,50.8,2,MEDIUM
STU-01739,2,low_cost_private,2024,Term1_Sep_Dec,33.7,0,43.1,4,20,2,HIGH
STU-01740,3,public_state,2023,Term2_Jan_Apr,27.1,0,52.4,2,23.7,3,MEDIUM
STU-01741,3,public_state,2025,Term3_Apr_Jul,6.1,0,80.4,1,78.2,0,LOW
STU-01742,2,low_cost_private,2025,Term1_Sep_Dec,22.7,0,49.9,7,48.1,2,HIGH
STU-01743,3,public_state,2025,Term2_Jan_Apr,12.3,0,64.9,3,37.3,3,MEDIUM
STU-01744,2,low_cost_private,2025,Term2_Jan_Apr,50.4,0,65.7,4,53.6,0,MEDIUM
STU-01745,1,elite_private,2023,Term3_Apr_Jul,0,1,100,0,87.0,0,LOW
STU-01746,3,public_state,2023,Term3_Apr_Jul,40.4,0,32.2,0,51.9,4,MEDIUM
STU-01747,1,elite_private,2023,Term3_Apr_Jul,0,1,99.1,1,98.3,0,LOW
STU-01748,1,elite_private,2024,Term1_Sep_Dec,8.7,0,58.8,0,66.6,0,LOW
STU-01749,3,public_state,2024,Term2_Jan_Apr,12.5,0,46.4,7,58.9,0,MEDIUM
STU-01750,3,public_state,2023,Term1_Sep_Dec,9.5,0,91.9,2,70.4,0,LOW
STU-01751,3,public_state,2023,Term2_Jan_Apr,29.4,0,35.1,5,41.7,5,HIGH
STU-01752,3,public_state,2023,Term1_Sep_Dec,14.0,0,62.3,0,72.8,0,LOW
STU-01753,1,elite_private,2025,Term2_Jan_Apr,4.0,0,73.6,0,64.7,0,LOW
STU-01754,3,public_state,2023,Term1_Sep_Dec,6.0,0,67.0,0,54.8,2,LOW
STU-01755,1,elite_private,2025,Term3_Apr_Jul,3.1,0,62.1,1,76.6,0,LOW
STU-01756,2,low_cost_private,2023,Term1_Sep_Dec,95.0,0,61.7,11,55.4,1,HIGH
STU-01757,3,public_state,2024,Term3_Apr_Jul,22.5,0,56.5,0,62.2,0,LOW
STU-01758,2,low_cost_private,2023,Term2_Jan_Apr,48.2,0,46.1,2,55.1,0,MEDIUM
STU-01759,1,elite_private,2023,Term1_Sep_Dec,0,1,99.2,1,82.2,0,LOW
STU-01760,1,elite_private,2024,Term3_Apr_Jul,12.6,0,80.2,2,73.7,1,LOW
STU-01761,3,public_state,2024,Term2_Jan_Apr,18.6,0,63.1,1,44.1,2,MEDIUM
STU-01762,2,low_cost_private,2025,Term1_Sep_Dec,88.9,0,54.3,13,26.5,5,HIGH
STU-01763,1,elite_private,2025,Term2_Jan_Apr,0,1,100,0,94.7,0,LOW
STU-01764,3,public_state,2023,Term3_Apr_Jul,11.6,0,80.9,1,66.0,0,LOW
STU-01765,1,elite_private,2024,Term2_Jan_Apr,0,1,100,0,88.0,0,LOW
STU-01766,3,public_state,2024,Term1_Sep_Dec,60,0,61.0,6,23.4,3,HIGH
STU-01767,3,public_state,2025,Term3_Apr_Jul,32.9,0,47.6,9,65.1,0,MEDIUM
STU-01768,2,low_cost_private,2024,Term2_Jan_Apr,62.5,0,42.9,4,26.4,5,HIGH
STU-01769,3,public_state,2024,Term2_Jan_Apr,60,0,62.2,14,20,4,HIGH
STU-01770,3,public_state,2024,Term2_Jan_Apr,7.7,0,90.6,2,78.7,0,LOW
STU-01771,1,elite_private,2024,Term3_Apr_Jul,0,1,100,0,91.2,0,LOW
STU-01772,2,low_cost_private,2023,Term3_Apr_Jul,71.4,0,34.4,6,36.6,5,HIGH
STU-01773,3,public_state,2023,Term2_Jan_Apr,5,0,61.8,11,38.9,5,HIGH
STU-01774,1,elite_private,2024,Term1_Sep_Dec,0,1,98.4,2,87.7,0,LOW
STU-01775,3,public_state,2023,Term1_Sep_Dec,28.1,0,63.2,4,20,3,HIGH
STU-01776,1,elite_private,2025,Term1_Sep_Dec,0,1,99.2,1,99.5,0,LOW
STU-01777,3,public_state,2024,Term2_Jan_Apr,24.7,0,68.0,9,36.1,3,HIGH
STU-01778,1,elite_private,2025,Term1_Sep_Dec,9.7,0,72.6,6,63.6,1,MEDIUM
STU-01779,1,elite_private,2023,Term1_Sep_Dec,0,1,99.5,0,86.3,0,LOW
STU-01780,2,low_cost_private,2023,Term3_Apr_Jul,64.0,0,56.5,0,40.7,2,MEDIUM
STU-01781,2,low_cost_private,2025,Term2_Jan_Apr,17.0,0,95.1,1,86.6,0,LOW
STU-01782,2,low_cost_private,2023,Term3_Apr_Jul,27.4,0,64.4,4,48.3,0,MEDIUM
STU-01783,2,low_cost_private,2023,Term3_Apr_Jul,22.6,0,40.2,0,33.8,5,HIGH
STU-01784,1,elite_private,2024,Term2_Jan_Apr,12.5,0,85.5,1,79.3,0,LOW
STU-01785,3,public_state,2023,Term2_Jan_Apr,60,0,51.5,5,24.8,4,HIGH
STU-01786,1,elite_private,2024,Term3_Apr_Jul,14,0,,,,,WITHDRAWN
STU-01787,3,public_state,2023,Term3_Apr_Jul,4.6,0,82.5,0,74.2,0,LOW
STU-01788,1,elite_private,2023,Term1_Sep_Dec,5.4,0,47.1,2,39.7,3,MEDIUM
STU-01789,3,public_state,2023,Term1_Sep_Dec,15.7,0,48.1,0,20,2,MEDIUM
STU-01790,2,low_cost_private,2023,Term1_Sep_Dec,16.6,0,89.1,0,80.7,0,LOW
STU-01791,1,elite_private,2025,Term3_Apr_Jul,0,1,100,0,85.2,0,LOW
STU-01792,2,low_cost_private,2023,Term1_Sep_Dec,73.7,0,47.4,4,20,4,HIGH
STU-01793,2,low_cost_private,2025,Term1_Sep_Dec,68.7,0,51.9,10,34.8,6,HIGH
STU-01794,1,elite_private,2023,Term1_Sep_Dec,0,1,99.2,1,98.3,0,LOW
STU-01795,1,elite_private,2025,Term2_Jan_Apr,6.4,0,83.0,0,57.0,0,LOW
STU-01796,2,low_cost_private,2024,Term3_Apr_Jul,36.8,0,39.0,13,31.9,3,HIGH
STU-01797,3,public_state,2024,Term3_Apr_Jul,29.0,0,52.0,4,28.8,4,HIGH
STU-01798,2,low_cost_private,2024,Term1_Sep_Dec,16.8,0,36.5,1,43.7,2,MEDIUM
STU-01799,2,low_cost_private,2023,Term2_Jan_Apr,86.2,0,60.8,0,29.4,5,HIGH
STU-01800,3,public_state,2024,Term3_Apr_Jul,8.8,0,78.7,2,72.5,0,LOW
STU-01801,1,elite_private,2023,Term1_Sep_Dec,7.7,0,66.6,0,82.3,0,LOW
STU-01802,1,elite_private,2025,Term3_Apr_Jul,8.1,0,65.3,5,48.7,2,MEDIUM
STU-01803,3,public_state,2024,Term2_Jan_Apr,55.5,0,67.4,6,35.0,4,HIGH
STU-01804,3,public_state,2024,Term1_Sep_Dec,8.0,0,92.0,0,86.3,0,LOW
STU-01805,2,low_cost_private,2025,Term3_Apr_Jul,53.3,0,40.2,7,28.5,3,HIGH
STU-01806,2,low_cost_private,2023,Term1_Sep_Dec,10.3,0,57.2,2,65.0,0,LOW
STU-01807,3,public_state,2024,Term2_Jan_Apr,10.8,0,65.6,2,34.8,2,MEDIUM
STU-01808,1,elite_private,2024,Term3_Apr_Jul,0,1,98.4,2,94.9,0,LOW
STU-01809,3,public_state,2025,Term1_Sep_Dec,32.5,0,43.8,0,32.0,4,HIGH
STU-01810,3,public_state,2024,Term2_Jan_Apr,20.9,0,72.5,1,32.4,3,MEDIUM
STU-01811,2,low_cost_private,2024,Term1_Sep_Dec,37.4,0,60.3,5,30.4,3,HIGH
STU-01812,1,elite_private,2024,Term3_Apr_Jul,4.8,0,56.6,4,32.4,3,MEDIUM
STU-01813,2,low_cost_private,2025,Term2_Jan_Apr,15.7,0,89.0,1,79.3,0,LOW
STU-01814,3,public_state,2023,Term2_Jan_Apr,31.0,0,49.3,8,58.6,1,HIGH
STU-01815,2,low_cost_private,2023,Term1_Sep_Dec,16.3,0,41.9,4,32.4,3,HIGH
STU-01816,1,elite_private,2025,Term3_Apr_Jul,0,1,98.4,2,92.5,0,LOW
STU-01817,2,low_cost_private,2023,Term2_Jan_Apr,68.2,0,63.7,1,40.6,5,HIGH
STU-01818,2,low_cost_private,2025,Term2_Jan_Apr,20.6,0,46.7,13,41.2,3,HIGH
STU-01819,3,public_state,2024,Term2_Jan_Apr,29.6,0,56.2,0,45.9,1,MEDIUM
STU-01820,3,public_state,2023,Term2_Jan_Apr,22.6,0,59.4,0,29.4,5,MEDIUM
STU-01821,2,low_cost_private,2025,Term1_Sep_Dec,80.3,0,35.5,10,49.6,3,HIGH
STU-01822,2,low_cost_private,2023,Term1_Sep_Dec,18.9,0,88.1,0,78.9,0,LOW
STU-01823,1,elite_private,2024,Term2_Jan_Apr,0,1,76.6,3,62.4,0,LOW
STU-01824,1,elite_private,2025,Term2_Jan_Apr,7.8,0,89.2,1,80.7,1,LOW
STU-01825,3,public_state,2024,Term3_Apr_Jul,34.3,0,44.0,11,38.9,2,HIGH
STU-01826,2,low_cost_private,2023,Term3_Apr_Jul,57.4,0,64.5,0,48.3,3,MEDIUM
STU-01827,3,public_state,2024,Term2_Jan_Apr,43.0,0,36.2,8,44.6,1,HIGH
STU-01828,1,elite_private,2025,Term1_Sep_Dec,0,1,100,0,78.6,0,LOW
STU-01829,3,public_state,2023,Term3_Apr_Jul,29.6,0,27.5,3,36.9,5,HIGH
STU-01830,1,elite_private,2023,Term1_Sep_Dec,10.5,0,54.0,1,42.3,4,MEDIUM
STU-01831,1,elite_private,2024,Term2_Jan_Apr,0,1,99.2,1,97.5,0,LOW
STU-01832,3,public_state,2023,Term1_Sep_Dec,21.2,0,75.1,1,61.9,0,LOW
STU-01833,3,public_state,2025,Term2_Jan_Apr,14.6,0,32.1,8,25,3,HIGH
STU-01834,2,low_cost_private,2025,Term3_Apr_Jul,88.5,0,53.0,4,47.7,3,HIGH
STU-01835,3,public_state,2024,Term2_Jan_Apr,15.4,0,58.5,7,55.1,0,MEDIUM
STU-01836,2,low_cost_private,2023,Term3_Apr_Jul,17.6,0,82.2,0,70.3,0,LOW
STU-01837,1,elite_private,2023,Term3_Apr_Jul,0,1,98.4,2,96.1,0,LOW
STU-01838,2,low_cost_private,2025,Term1_Sep_Dec,15.5,0,90.5,0,72.4,0,LOW
STU-01839,2,low_cost_private,2024,Term1_Sep_Dec,59.3,0,77.0,2,29.5,4,MEDIUM
STU-01840,1,elite_private,2024,Term3_Apr_Jul,0,1,64.8,1,29.7,4,MEDIUM
STU-01841,3,public_state,2025,Term3_Apr_Jul,11.7,0,35.2,5,20,2,MEDIUM
STU-01842,1,elite_private,2025,Term3_Apr_Jul,0,1,100,0,98.3,0,LOW
STU-01843,3,public_state,2025,Term3_Apr_Jul,8.7,0,81.9,0,68.2,0,LOW
STU-01844,1,elite_private,2025,Term2_Jan_Apr,0,1,99.2,1,99.2,0,LOW
STU-01845,3,public_state,2025,Term2_Jan_Apr,45.2,0,75.1,8,43.1,1,MEDIUM
STU-01846,2,low_cost_private,2023,Term1_Sep_Dec,32.0,0,77.8,1,49.2,1,MEDIUM
STU-01847,3,public_state,2023,Term3_Apr_Jul,7.4,0,49.9,1,61.3,0,MEDIUM
STU-01848,3,public_state,2023,Term1_Sep_Dec,58.8,0,59.0,3,34.8,4,HIGH
STU-01849,1,elite_private,2025,Term1_Sep_Dec,0,1,64.7,1,82.1,0,LOW
STU-01850,3,public_state,2024,Term1_Sep_Dec,31.7,0,54.2,3,29.3,3,HIGH
STU-01851,2,low_cost_private,2025,Term1_Sep_Dec,15.7,0,54.2,1,53.4,1,MEDIUM
STU-01852,1,elite_private,2024,Term2_Jan_Apr,0,1,99.2,1,90.4,0,LOW
STU-01853,3,public_state,2024,Term1_Sep_Dec,17.4,0,60.2,2,49.7,0,MEDIUM
STU-01854,3,public_state,2024,Term3_Apr_Jul,24.8,0,44.1,0,20,3,MEDIUM
STU-01855,1,elite_private,2025,Term1_Sep_Dec,0,1,99.2,0,99.7,0,LOW
STU-01856,3,public_state,2023,Term2_Jan_Apr,0.8,0,62.6,0,43.5,2,MEDIUM
STU-01857,3,public_state,2023,Term2_Jan_Apr,40.1,0,50.2,6,27.3,2,HIGH
STU-01858,2,low_cost_private,2025,Term3_Apr_Jul,38.3,0,51.6,4,46.3,2,MEDIUM
STU-01859,2,low_cost_private,2025,Term3_Apr_Jul,5,0,58.6,0,35.8,4,MEDIUM
STU-01860,2,low_cost_private,2024,Term1_Sep_Dec,74.5,0,56.3,13,47.2,1,HIGH
STU-01861,1,elite_private,2023,Term1_Sep_Dec,0,1,95.5,1,76.2,0,LOW
STU-01862,2,low_cost_private,2024,Term1_Sep_Dec,19.5,0,87.8,1,91.4,0,LOW
STU-01863,2,low_cost_private,2023,Term1_Sep_Dec,25.3,0,54.6,8,40.2,3,HIGH
STU-01864,3,public_state,2024,Term2_Jan_Apr,27.2,0,50.9,5,30.8,2,MEDIUM
STU-01865,1,elite_private,2025,Term1_Sep_Dec,8.5,0,65.9,1,49.3,2,MEDIUM
STU-01866,1,elite_private,2025,Term1_Sep_Dec,8.3,0,82.1,2,59.7,1,LOW
STU-01867,3,public_state,2025,Term2_Jan_Apr,12.2,0,55.3,8,28.7,6,HIGH
STU-01868,3,public_state,2024,Term2_Jan_Apr,13.3,0,62.5,5,42.6,2,MEDIUM
STU-01869,3,public_state,2024,Term2_Jan_Apr,60,0,60.4,2,39.8,4,HIGH
STU-01870,3,public_state,2024,Term3_Apr_Jul,16.5,0,57.3,1,38.1,4,MEDIUM
STU-01871,3,public_state,2023,Term3_Apr_Jul,48.4,0,52.1,11,62.9,2,MEDIUM
STU-01872,3,public_state,2023,Term2_Jan_Apr,18.5,0,63.4,0,33.1,2,MEDIUM
STU-01873,1,elite_private,2024,Term3_Apr_Jul,0,1,63.9,1,69.7,0,LOW
STU-01874,1,elite_private,2025,Term1_Sep_Dec,0,1,99.2,1,87.1,0,LOW
STU-01875,1,elite_private,2023,Term2_Jan_Apr,3.1,0,63.6,1,54.1,3,MEDIUM
STU-01876,3,public_state,2023,Term3_Apr_Jul,10.8,0,45.7,3,40.2,2,MEDIUM
STU-01877,2,low_cost_private,2025,Term2_Jan_Apr,31.6,0,50.3,14,61.2,0,MEDIUM
STU-01878,2,low_cost_private,2024,Term1_Sep_Dec,44.9,0,58.0,1,28.7,2,MEDIUM
STU-01879,2,low_cost_private,2025,Term1_Sep_Dec,41.2,0,48.5,15,36.5,4,HIGH
STU-01880,2,low_cost_private,2023,Term3_Apr_Jul,18.1,0,84.1,0,84.8,0,LOW
STU-01881,1,elite_private,2024,Term1_Sep_Dec,12.7,0,85.4,2,56.4,2,LOW
STU-01882,1,elite_private,2023,Term3_Apr_Jul,9.1,0,90.0,0,64.4,1,LOW
STU-01883,3,public_state,2023,Term2_Jan_Apr,44.7,0,46.7,4,34.9,3,HIGH
STU-01884,1,elite_private,2024,Term2_Jan_Apr,10.8,0,51.9,1,53.9,1,MEDIUM
STU-01885,1,elite_private,2023,Term3_Apr_Jul,14,0,,,,,WITHDRAWN
STU-01886,2,low_cost_private,2024,Term1_Sep_Dec,32.1,0,40.6,15,37.3,3,HIGH
STU-01887,2,low_cost_private,2024,Term3_Apr_Jul,14.9,0,85.4,0,76.9,0,LOW
STU-01888,2,low_cost_private,2025,Term1_Sep_Dec,55.9,0,48.1,4,33.7,3,HIGH
STU-01889,3,public_state,2025,Term2_Jan_Apr,5.3,0,25.0,12,60.1,0,MEDIUM
STU-01890,3,public_state,2023,Term2_Jan_Apr,5.0,0,93.4,1,63.2,0,LOW
STU-01891,2,low_cost_private,2023,Term3_Apr_Jul,29.2,0,44.6,4,70.1,0,MEDIUM
STU-01892,3,public_state,2023,Term2_Jan_Apr,41.3,0,51.2,10,38.3,4,HIGH
STU-01893,1,elite_private,2025,Term2_Jan_Apr,14,0,,,,,WITHDRAWN
STU-01894,3,public_state,2023,Term1_Sep_Dec,10.9,0,62.7,1,64.0,0,LOW
STU-01895,1,elite_private,2023,Term3_Apr_Jul,0,1,100,0,95.6,0,LOW
STU-01896,2,low_cost_private,2023,Term2_Jan_Apr,16.1,0,90.8,1,80.5,0,LOW
STU-01897,3,public_state,2023,Term3_Apr_Jul,8.4,0,64.3,1,45.5,2,MEDIUM
STU-01898,1,elite_private,2024,Term1_Sep_Dec,13.0,0,63.5,2,57.8,1,MEDIUM
STU-01899,3,public_state,2023,Term3_Apr_Jul,5.4,0,81.8,2,70.2,0,LOW
STU-01900,3,public_state,2024,Term3_Apr_Jul,28.9,0,66.9,0,46.7,2,MEDIUM
STU-01901,3,public_state,2023,Term1_Sep_Dec,9.9,0,89.3,1,71.3,0,LOW
STU-01902,1,elite_private,2024,Term3_Apr_Jul,13.0,0,82.4,1,69.0,0,LOW
STU-01903,1,elite_private,2024,Term1_Sep_Dec,0,1,97.6,3,96.6,0,LOW
STU-01904,1,elite_private,2024,Term1_Sep_Dec,0,1,100,0,92.8,0,LOW
STU-01905,3,public_state,2023,Term3_Apr_Jul,40.0,0,38.1,7,20,3,HIGH
STU-01906,3,public_state,2024,Term1_Sep_Dec,28.7,0,50.2,5,32.6,4,HIGH
STU-01907,3,public_state,2024,Term2_Jan_Apr,27.2,0,65.9,1,59.1,1,MEDIUM
STU-01908,2,low_cost_private,2024,Term3_Apr_Jul,53.4,0,47.3,0,46.4,3,MEDIUM
STU-01909,1,elite_private,2025,Term1_Sep_Dec,0,1,99.2,1,96.9,0,LOW
STU-01910,1,elite_private,2023,Term3_Apr_Jul,0,1,99.2,1,89.0,0,LOW
STU-01911,2,low_cost_private,2023,Term1_Sep_Dec,68.8,0,52.6,4,46.5,1,HIGH
STU-01912,3,public_state,2025,Term3_Apr_Jul,31.0,0,49.4,0,25.5,2,MEDIUM
STU-01913,2,low_cost_private,2025,Term1_Sep_Dec,52.2,0,50.1,7,34.6,4,HIGH
STU-01914,3,public_state,2024,Term1_Sep_Dec,12.5,0,51.1,7,28.1,4,HIGH
STU-01915,2,low_cost_private,2025,Term3_Apr_Jul,47.3,0,69.4,0,45.2,1,MEDIUM
STU-01916,2,low_cost_private,2024,Term2_Jan_Apr,27.6,0,44.4,2,25,4,HIGH
STU-01917,1,elite_private,2025,Term1_Sep_Dec,0,1,100,0,100,0,LOW
STU-01918,3,public_state,2024,Term1_Sep_Dec,5.9,0,97.8,0,65.5,0,LOW
STU-01919,3,public_state,2023,Term3_Apr_Jul,11.9,0,81.2,0,62.6,0,LOW
STU-01920,2,low_cost_private,2025,Term3_Apr_Jul,42.9,0,47.8,13,43.0,3,HIGH
STU-01921,1,elite_private,2024,Term2_Jan_Apr,0.2,0,100,0,87.1,0,LOW
STU-01922,3,public_state,2025,Term1_Sep_Dec,7.9,0,90.9,1,72.6,0,LOW
STU-01923,3,public_state,2025,Term2_Jan_Apr,28.4,0,68.5,1,69.2,0,LOW
STU-01924,1,elite_private,2023,Term3_Apr_Jul,0,1,98.4,2,95.3,0,LOW
STU-01925,3,public_state,2025,Term3_Apr_Jul,5.8,0,85.0,1,85.0,0,LOW
STU-01926,3,public_state,2023,Term1_Sep_Dec,22.9,0,65.2,4,60.8,0,MEDIUM
STU-01927,1,elite_private,2023,Term1_Sep_Dec,1.5,0,74.7,1,66.1,0,LOW
STU-01928,3,public_state,2024,Term2_Jan_Apr,23.4,0,26.1,2,20,5,HIGH
STU-01929,2,low_cost_private,2023,Term2_Jan_Apr,72.1,0,41.1,15,58.5,0,HIGH
STU-01930,2,low_cost_private,2025,Term1_Sep_Dec,64.0,0,36.4,6,33.6,4,HIGH
STU-01931,1,elite_private,2024,Term1_Sep_Dec,0,1,99.2,1,89.0,0,LOW
STU-01932,2,low_cost_private,2025,Term1_Sep_Dec,71.1,0,39.5,11,29.3,4,HIGH
STU-01933,3,public_state,2023,Term3_Apr_Jul,0,1,43.7,1,39.2,3,MEDIUM
STU-01934,1,elite_private,2025,Term2_Jan_Apr,0,1,98.8,1,85.6,0,LOW
STU-01935,1,elite_private,2025,Term1_Sep_Dec,13.9,0,87.6,3,62.9,0,LOW
STU-01936,1,elite_private,2023,Term3_Apr_Jul,0,1,100,0,95.4,0,LOW
STU-01937,1,elite_private,2025,Term2_Jan_Apr,0,1,100,0,89.9,0,LOW
STU-01938,3,public_state,2025,Term3_Apr_Jul,2.7,0,50.5,2,28.3,3,MEDIUM
STU-01939,3,public_state,2024,Term3_Apr_Jul,16.2,0,46.5,1,52.4,1,MEDIUM
STU-01940,2,low_cost_private,2025,Term3_Apr_Jul,19.6,0,52.7,10,20,4,HIGH
STU-01941,1,elite_private,2023,Term3_Apr_Jul,0,1,100,0,84.6,0,LOW
STU-01942,2,low_cost_private,2025,Term2_Jan_Apr,17.8,0,89.4,0,71.4,0,LOW
STU-01943,1,elite_private,2023,Term1_Sep_Dec,0,1,100,0,90.6,0,LOW
STU-01944,1,elite_private,2023,Term2_Jan_Apr,0,1,69.2,0,85,1,LOW
STU-01945,1,elite_private,2024,Term1_Sep_Dec,4.8,0,83.7,2,57.5,3,LOW
STU-01946,3,public_state,2023,Term1_Sep_Dec,14.7,0,61.4,6,42.7,2,MEDIUM
STU-01947,3,public_state,2023,Term2_Jan_Apr,60,0,66.6,0,31.8,4,MEDIUM
STU-01948,2,low_cost_private,2024,Term3_Apr_Jul,38.7,0,50.9,8,55.7,0,MEDIUM
STU-01949,2,low_cost_private,2024,Term3_Apr_Jul,14.1,0,83.5,2,81.5,0,LOW
STU-01950,1,elite_private,2024,Term3_Apr_Jul,14,0,,,,,WITHDRAWN
STU-01951,2,low_cost_private,2024,Term3_Apr_Jul,54.2,0,58.8,0,37.2,5,HIGH
STU-01952,3,public_state,2024,Term3_Apr_Jul,15.0,0,53.0,10,25,5,HIGH
STU-01953,2,low_cost_private,2023,Term3_Apr_Jul,19.0,0,83.9,0,73.0,0,LOW
STU-01954,1,elite_private,2025,Term2_Jan_Apr,9.9,0,86.1,1,57.6,1,LOW
STU-01955,1,elite_private,2025,Term2_Jan_Apr,0,1,69.8,4,50.7,2,MEDIUM
STU-01956,2,low_cost_private,2024,Term2_Jan_Apr,23.1,0,45.4,4,32.9,3,HIGH
STU-01957,2,low_cost_private,2024,Term1_Sep_Dec,15.7,0,86.3,1,82.9,0,LOW
STU-01958,3,public_state,2023,Term1_Sep_Dec,26.6,0,52.0,2,20,5,HIGH
STU-01959,2,low_cost_private,2023,Term1_Sep_Dec,78.5,0,39.2,7,50.2,1,HIGH
STU-01960,2,low_cost_private,2025,Term1_Sep_Dec,68.4,0,62.8,5,44.2,4,HIGH
STU-01961,2,low_cost_private,2025,Term2_Jan_Apr,92.9,0,45.5,9,48.6,1,HIGH
STU-01962,1,elite_private,2023,Term2_Jan_Apr,0,1,99.2,1,81.8,0,LOW
STU-01963,2,low_cost_private,2025,Term1_Sep_Dec,15.4,0,90.9,0,70.1,0,LOW
STU-01964,1,elite_private,2024,Term2_Jan_Apr,0,1,99.2,1,100.0,0,LOW
STU-01965,1,elite_private,2023,Term3_Apr_Jul,2.1,0,96.0,5,99.0,0,LOW
STU-01966,1,elite_private,2024,Term1_Sep_Dec,0,1,98.4,2,82.4,0,LOW
STU-01967,2,low_cost_private,2023,Term1_Sep_Dec,4.9,0,45.9,2,33.5,4,MEDIUM
STU-01968,2,low_cost_private,2025,Term2_Jan_Apr,14.1,0,91.4,0,70.7,0,LOW
STU-01969,1,elite_private,2023,Term3_Apr_Jul,0,1,99.2,1,88.2,0,LOW
STU-01970,2,low_cost_private,2023,Term2_Jan_Apr,40.1,0,53.1,7,44.4,2,HIGH
STU-01971,2,low_cost_private,2025,Term2_Jan_Apr,15.8,0,88.8,1,68.3,0,LOW
STU-01972,2,low_cost_private,2024,Term1_Sep_Dec,23.0,0,49.3,2,27.8,3,HIGH
STU-01973,3,public_state,2023,Term3_Apr_Jul,8.6,0,51.4,0,39.4,4,MEDIUM
STU-01974,1,elite_private,2023,Term3_Apr_Jul,0,1,97.9,0,100,0,LOW
STU-01975,3,public_state,2024,Term1_Sep_Dec,19.8,0,65.3,3,42.7,4,MEDIUM
STU-01976,1,elite_private,2024,Term3_Apr_Jul,0,1,97.6,3,86.0,0,LOW
STU-01977,3,public_state,2025,Term2_Jan_Apr,8.9,0,43.9,7,20,4,HIGH
STU-01978,2,low_cost_private,2023,Term2_Jan_Apr,18.2,0,86.2,0,70.8,0,LOW
STU-01979,1,elite_private,2025,Term2_Jan_Apr,0,1,99.3,0,89.4,0,LOW
STU-01980,2,low_cost_private,2025,Term1_Sep_Dec,36.5,0,56.2,11,24.6,3,HIGH
STU-01981,3,public_state,2024,Term2_Jan_Apr,60,0,50.1,7,39.2,3,HIGH
STU-01982,1,elite_private,2024,Term1_Sep_Dec,8.7,0,76.4,3,50.2,0,LOW
STU-01983,2,low_cost_private,2024,Term2_Jan_Apr,18.0,0,89.3,0,83.6,0,LOW
STU-01984,2,low_cost_private,2024,Term2_Jan_Apr,35.9,0,43.1,10,60.4,0,MEDIUM
STU-01985,2,low_cost_private,2023,Term3_Apr_Jul,41.9,0,42.4,12,43.9,3,HIGH
STU-01986,1,elite_private,2025,Term3_Apr_Jul,0,1,98.4,2,93.6,0,LOW
STU-01987,3,public_state,2025,Term3_Apr_Jul,14.1,0,33.2,6,20,4,HIGH
STU-01988,2,low_cost_private,2023,Term1_Sep_Dec,60.5,0,34.4,10,45.5,2,HIGH
STU-01989,2,low_cost_private,2025,Term2_Jan_Apr,20.9,0,44.3,0,23.2,4,MEDIUM
STU-01990,1,elite_private,2024,Term2_Jan_Apr,11.4,0,83.2,2,61.2,0,LOW
STU-01991,3,public_state,2025,Term2_Jan_Apr,25.3,0,53.5,1,36.5,6,HIGH
STU-01992,2,low_cost_private,2023,Term2_Jan_Apr,54.7,0,54.9,1,52.2,4,MEDIUM
STU-01993,2,low_cost_private,2023,Term1_Sep_Dec,40.4,0,42.5,10,53.1,4,HIGH
STU-01994,3,public_state,2025,Term3_Apr_Jul,35.8,0,45.6,3,22.2,5,HIGH
STU-01995,3,public_state,2023,Term2_Jan_Apr,8.8,0,95.5,0,71.5,0,LOW
STU-01996,3,public_state,2023,Term2_Jan_Apr,44.8,0,44.4,7,26.7,6,HIGH
STU-01997,1,elite_private,2024,Term2_Jan_Apr,0,1,100,0,86.2,0,LOW
STU-01998,1,elite_private,2023,Term1_Sep_Dec,1.4,0,80.4,0,60.6,0,LOW
STU-01999,2,low_cost_private,2024,Term2_Jan_Apr,49.2,0,51.8,2,29.8,4,HIGH
STU-02000,2,low_cost_private,2025,Term1_Sep_Dec,30.1,0,50.0,11,30.4,3,HIGH
STU-02001,2,low_cost_private,2023,Term2_Jan_Apr,17.4,0,89.9,2,68.4,0,LOW
STU-02002,1,elite_private,2023,Term2_Jan_Apr,6.9,0,72.0,3,65.1,0,LOW
STU-02003,1,elite_private,2023,Term2_Jan_Apr,14,0,,,,,WITHDRAWN
STU-02004,2,low_cost_private,2023,Term3_Apr_Jul,14.0,0,86.5,0,60,0,LOW
STU-02005,2,low_cost_private,2024,Term2_Jan_Apr,12.3,0,51.1,7,31.3,4,HIGH
STU-02006,2,low_cost_private,2023,Term2_Jan_Apr,62.1,0,56.4,4,44.3,3,HIGH
STU-02007,2,low_cost_private,2023,Term1_Sep_Dec,51.9,0,26.6,10,33.3,4,HIGH
STU-02008,2,low_cost_private,2023,Term1_Sep_Dec,48.6,0,51.5,6,42.4,2,MEDIUM
STU-02009,1,elite_private,2023,Term1_Sep_Dec,0,1,98.4,2,95.5,0,LOW
STU-02010,2,low_cost_private,2024,Term2_Jan_Apr,72.7,0,51.7,12,32.2,3,HIGH
STU-02011,2,low_cost_private,2023,Term2_Jan_Apr,33.1,0,66.0,1,48.0,2,MEDIUM
STU-02012,2,low_cost_private,2024,Term2_Jan_Apr,72.8,0,60.8,5,43.4,4,HIGH
STU-02013,2,low_cost_private,2023,Term2_Jan_Apr,31.5,0,41.9,6,59.5,0,MEDIUM
STU-02014,1,elite_private,2024,Term1_Sep_Dec,0,1,100,0,95.6,0,LOW
STU-02015,2,low_cost_private,2024,Term3_Apr_Jul,42.7,0,60.7,9,30.5,2,HIGH
STU-02016,3,public_state,2023,Term2_Jan_Apr,26.3,0,42.6,5,49.2,2,MEDIUM
STU-02017,3,public_state,2023,Term2_Jan_Apr,12.6,0,56.6,6,46.4,0,MEDIUM
STU-02018,2,low_cost_private,2025,Term1_Sep_Dec,27.5,0,60.0,0,20,3,MEDIUM
STU-02019,1,elite_private,2025,Term1_Sep_Dec,0,1,96.9,1,84.7,0,LOW
STU-02020,3,public_state,2025,Term1_Sep_Dec,25.5,0,35.4,11,22.5,3,HIGH
STU-02021,3,public_state,2023,Term3_Apr_Jul,30.3,0,38.4,0,41.0,3,MEDIUM
STU-02022,2,low_cost_private,2025,Term1_Sep_Dec,65.2,0,75.0,4,58.2,0,MEDIUM
STU-02023,2,low_cost_private,2024,Term1_Sep_Dec,19.0,0,92.9,0,86.4,0,LOW
STU-02024,2,low_cost_private,2023,Term1_Sep_Dec,17.7,0,87.3,1,79.8,0,LOW
STU-02025,2,low_cost_private,2025,Term2_Jan_Apr,12.1,0,76.2,6,68.9,0,LOW
STU-02026,3,public_state,2024,Term2_Jan_Apr,21.4,0,49.3,7,25.2,2,HIGH
STU-02027,2,low_cost_private,2023,Term2_Jan_Apr,72.0,0,54.6,4,50.8,1,HIGH
STU-02028,2,low_cost_private,2023,Term2_Jan_Apr,32.6,0,36.4,6,31.3,3,HIGH
STU-02029,2,low_cost_private,2025,Term1_Sep_Dec,26.2,0,44.5,13,20,4,HIGH
STU-02030,2,low_cost_private,2024,Term1_Sep_Dec,20.9,0,87.0,0,81.4,0,LOW
STU-02031,2,low_cost_private,2023,Term3_Apr_Jul,57.1,0,48.9,4,45.8,5,HIGH
STU-02032,1,elite_private,2025,Term1_Sep_Dec,0,1,98.1,1,85.8,0,LOW
STU-02033,3,public_state,2025,Term1_Sep_Dec,30.4,0,32.8,4,20,2,HIGH
STU-02034,1,elite_private,2023,Term3_Apr_Jul,14,0,,,,,WITHDRAWN
STU-02035,2,low_cost_private,2023,Term1_Sep_Dec,69.1,0,37.9,0,37.8,4,HIGH
STU-02036,1,elite_private,2023,Term1_Sep_Dec,8.5,0,79.7,1,64.9,0,LOW
STU-02037,1,elite_private,2025,Term2_Jan_Apr,0,1,98.4,2,91.0,0,LOW
STU-02038,2,low_cost_private,2025,Term2_Jan_Apr,76.1,0,30.8,4,61.2,1,HIGH
STU-02039,1,elite_private,2023,Term2_Jan_Apr,0,1,99.2,1,84.2,0,LOW
STU-02040,2,low_cost_private,2025,Term2_Jan_Apr,22.8,0,57.0,1,65.8,0,LOW
STU-02041,1,elite_private,2025,Term2_Jan_Apr,0,1,98.8,1,84.9,0,LOW
STU-02042,1,elite_private,2025,Term2_Jan_Apr,0,1,99.2,1,99.1,0,LOW
STU-02043,3,public_state,2025,Term3_Apr_Jul,13.2,0,44.1,8,39.0,2,HIGH
STU-02044,3,public_state,2025,Term3_Apr_Jul,13.1,0,25.6,9,20,3,HIGH
STU-02045,1,elite_private,2024,Term1_Sep_Dec,0.1,0,99.2,1,92.2,0,LOW
STU-02046,3,public_state,2023,Term3_Apr_Jul,23.0,0,42.4,6,35.5,4,HIGH
STU-02047,2,low_cost_private,2024,Term1_Sep_Dec,45.6,0,46.9,11,36.1,3,HIGH
STU-02048,3,public_state,2025,Term1_Sep_Dec,24.1,0,61.0,8,40.4,2,MEDIUM
STU-02049,3,public_state,2023,Term2_Jan_Apr,21.5,0,76.8,2,65.7,0,LOW
STU-02050,3,public_state,2023,Term1_Sep_Dec,9.5,0,53.1,0,56.8,0,LOW
STU-02051,3,public_state,2023,Term2_Jan_Apr,31.4,0,53.6,9,21.2,5,HIGH
STU-02052,2,low_cost_private,2023,Term1_Sep_Dec,29.1,0,62.8,0,43.7,2,MEDIUM
STU-02053,1,elite_private,2024,Term1_Sep_Dec,12.5,0,57.9,1,29.0,4,MEDIUM
STU-02054,3,public_state,2024,Term2_Jan_Apr,22.3,0,42.4,4,20,3,HIGH
STU-02055,1,elite_private,2025,Term3_Apr_Jul,0,1,100,0,92.1,0,LOW
STU-02056,2,low_cost_private,2023,Term2_Jan_Apr,50.3,0,56.9,0,52.2,2,MEDIUM
STU-02057,1,elite_private,2024,Term3_Apr_Jul,0,1,98.4,1,74.6,0,LOW
STU-02058,2,low_cost_private,2025,Term2_Jan_Apr,76.2,0,60.2,8,59.7,0,MEDIUM
STU-02059,1,elite_private,2025,Term3_Apr_Jul,0,1,98.4,2,87.2,0,LOW
STU-02060,2,low_cost_private,2024,Term1_Sep_Dec,43.0,0,30.1,12,20,3,HIGH
STU-02061,2,low_cost_private,2023,Term2_Jan_Apr,43.8,0,32.0,9,22.4,4,HIGH
STU-02062,2,low_cost_private,2025,Term3_Apr_Jul,31.7,0,38.7,11,46.8,2,HIGH
STU-02063,2,low_cost_private,2024,Term3_Apr_Jul,16.6,0,82.6,1,78.2,0,LOW
STU-02064,2,low_cost_private,2025,Term3_Apr_Jul,29.8,0,52.0,4,39.9,4,HIGH
STU-02065,2,low_cost_private,2023,Term3_Apr_Jul,23.0,0,37.7,9,60.5,1,MEDIUM
STU-02066,2,low_cost_private,2023,Term2_Jan_Apr,56.7,0,44.0,12,55.1,2,HIGH
STU-02067,2,low_cost_private,2024,Term2_Jan_Apr,60.1,0,50.3,8,51.4,2,HIGH
STU-02068,2,low_cost_private,2025,Term3_Apr_Jul,55.0,0,39.4,2,30.9,4,HIGH
STU-02069,2,low_cost_private,2023,Term2_Jan_Apr,18.9,0,80.8,9,76.3,0,LOW
STU-02070,1,elite_private,2025,Term2_Jan_Apr,0,1,100,0,99.0,0,LOW
STU-02071,1,elite_private,2024,Term2_Jan_Apr,0,1,98.4,2,93.3,0,LOW
STU-02072,3,public_state,2024,Term2_Jan_Apr,39.0,0,55.5,5,50.5,0,MEDIUM
STU-02073,3,public_state,2023,Term1_Sep_Dec,47.7,0,55.2,6,25.4,5,HIGH
STU-02074,3,public_state,2024,Term2_Jan_Apr,45.1,0,58.3,0,21.3,5,HIGH
STU-02075,3,public_state,2023,Term2_Jan_Apr,14.7,0,59.4,0,29.4,4,MEDIUM
STU-02076,2,low_cost_private,2024,Term2_Jan_Apr,20.1,0,86.0,2,81.7,0,LOW
STU-02077,1,elite_private,2023,Term1_Sep_Dec,3.0,0,67.1,4,67.7,0,LOW
STU-02078,1,elite_private,2024,Term2_Jan_Apr,0,1,99.2,1,87.8,0,LOW
STU-02079,1,elite_private,2024,Term1_Sep_Dec,1.8,0,83.5,2,63.0,0,LOW
STU-02080,3,public_state,2023,Term3_Apr_Jul,7.0,0,82.2,1,72.0,0,LOW
STU-02081,3,public_state,2023,Term2_Jan_Apr,9.8,0,56.1,0,37.6,3,MEDIUM
STU-02082,1,elite_private,2025,Term2_Jan_Apr,0,1,100,0,84.2,0,LOW
STU-02083,2,low_cost_private,2023,Term2_Jan_Apr,28.7,0,38.9,8,40.9,4,HIGH
STU-02084,1,elite_private,2023,Term1_Sep_Dec,0.7,0,99.2,1,95.9,0,LOW
STU-02085,2,low_cost_private,2024,Term2_Jan_Apr,62.6,0,39.6,4,38.6,5,HIGH
STU-02086,3,public_state,2024,Term1_Sep_Dec,44.0,0,41.6,6,28.5,6,HIGH
STU-02087,3,public_state,2023,Term3_Apr_Jul,7.3,0,83.6,1,74.9,0,LOW
STU-02088,2,low_cost_private,2025,Term1_Sep_Dec,71.1,0,46.2,0,36.9,4,HIGH
STU-02089,3,public_state,2023,Term3_Apr_Jul,22.0,0,42.7,9,38.3,4,HIGH
STU-02090,1,elite_private,2023,Term3_Apr_Jul,0,1,98.4,2,81.5,0,LOW
STU-02091,2,low_cost_private,2024,Term1_Sep_Dec,33.7,0,40.6,7,20,3,HIGH
STU-02092,1,elite_private,2024,Term2_Jan_Apr,0,1,98.7,0,92.3,0,LOW
STU-02093,3,public_state,2023,Term2_Jan_Apr,38.9,0,47.0,3,44.1,1,HIGH
STU-02094,2,low_cost_private,2023,Term2_Jan_Apr,17.3,0,37.2,4,25.9,3,HIGH
STU-02095,2,low_cost_private,2023,Term3_Apr_Jul,29.2,0,33.6,10,20,4,HIGH
STU-02096,2,low_cost_private,2024,Term2_Jan_Apr,55.5,0,57.5,9,58.0,0,MEDIUM
STU-02097,2,low_cost_private,2024,Term3_Apr_Jul,17.0,0,41.1,0,46.9,4,MEDIUM
STU-02098,2,low_cost_private,2025,Term3_Apr_Jul,12.1,0,40.4,12,41.0,1,MEDIUM
STU-02099,2,low_cost_private,2025,Term3_Apr_Jul,41.5,0,61.3,4,21.4,4,HIGH
STU-02100,2,low_cost_private,2025,Term3_Apr_Jul,23.8,0,59.2,0,62.5,0,LOW
STU-02101,3,public_state,2024,Term1_Sep_Dec,36.8,0,67.0,4,59.7,2,MEDIUM
STU-02102,2,low_cost_private,2023,Term1_Sep_Dec,28.6,0,42.9,1,20,3,HIGH
STU-02103,1,elite_private,2025,Term2_Jan_Apr,0,1,96.8,4,89.2,0,LOW
STU-02104,2,low_cost_private,2025,Term3_Apr_Jul,18.2,0,41.6,9,35.6,3,HIGH
STU-02105,2,low_cost_private,2024,Term2_Jan_Apr,66.4,0,71.2,4,57.9,2,MEDIUM
STU-02106,3,public_state,2025,Term2_Jan_Apr,6.9,0,92.9,0,66.5,0,LOW
STU-02107,1,elite_private,2023,Term3_Apr_Jul,14,0,,,,,WITHDRAWN
STU-02108,2,low_cost_private,2024,Term2_Jan_Apr,16.2,0,90.2,0,72.9,0,LOW
STU-02109,2,low_cost_private,2025,Term2_Jan_Apr,38.8,0,53.7,10,20,4,HIGH
STU-02110,1,elite_private,2024,Term3_Apr_Jul,0,1,100,0,87.6,0,LOW
STU-02111,2,low_cost_private,2023,Term2_Jan_Apr,37.8,0,64.1,9,33.4,2,HIGH
STU-02112,2,low_cost_private,2023,Term3_Apr_Jul,40.2,0,15,7,20,5,HIGH
STU-02113,2,low_cost_private,2024,Term2_Jan_Apr,40.7,0,51.6,5,23.9,4,HIGH
STU-02114,3,public_state,2023,Term1_Sep_Dec,19.1,0,53.7,0,56.2,0,LOW
STU-02115,3,public_state,2024,Term2_Jan_Apr,60,0,57.8,4,20,3,HIGH
STU-02116,1,elite_private,2025,Term1_Sep_Dec,0,1,100,0,86.7,0,LOW
STU-02117,3,public_state,2025,Term3_Apr_Jul,19.4,0,57.6,2,22.4,4,MEDIUM
STU-02118,3,public_state,2024,Term2_Jan_Apr,6.3,0,83.9,11,73.9,0,LOW
STU-02119,2,low_cost_private,2023,Term1_Sep_Dec,46.4,0,57.6,0,55.1,2,MEDIUM
STU-02120,1,elite_private,2025,Term1_Sep_Dec,13.2,0,75.7,3,76.3,0,LOW
STU-02121,3,public_state,2024,Term2_Jan_Apr,16.3,0,29.0,2,20,2,MEDIUM
STU-02122,1,elite_private,2024,Term3_Apr_Jul,2.0,0,59.2,1,63.7,1,MEDIUM
STU-02123,3,public_state,2024,Term1_Sep_Dec,27.2,0,46.6,3,20,4,HIGH
STU-02124,3,public_state,2023,Term3_Apr_Jul,19.8,0,52.9,0,25,3,MEDIUM
STU-02125,1,elite_private,2023,Term2_Jan_Apr,0,1,97.7,0,86.9,0,LOW
STU-02126,2,low_cost_private,2025,Term2_Jan_Apr,62.0,0,65.5,2,42.8,1,MEDIUM
STU-02127,2,low_cost_private,2023,Term3_Apr_Jul,34.1,0,47.0,5,63.7,0,MEDIUM
STU-02128,2,low_cost_private,2023,Term2_Jan_Apr,72.4,0,30.5,1,45.3,2,HIGH
STU-02129,1,elite_private,2025,Term1_Sep_Dec,7.5,0,52.9,5,49.0,1,MEDIUM
STU-02130,3,public_state,2025,Term2_Jan_Apr,21.7,0,46.9,1,26.4,4,HIGH
STU-02131,1,elite_private,2024,Term3_Apr_Jul,14,0,,,,,WITHDRAWN
STU-02132,1,elite_private,2023,Term2_Jan_Apr,0,1,98.4,2,84.2,0,LOW
STU-02133,2,low_cost_private,2023,Term1_Sep_Dec,55.7,0,58.5,11,47.5,2,HIGH
STU-02134,1,elite_private,2025,Term3_Apr_Jul,14,0,,,,,WITHDRAWN
STU-02135,1,elite_private,2024,Term2_Jan_Apr,0,1,99.2,1,91.9,0,LOW
STU-02136,2,low_cost_private,2023,Term3_Apr_Jul,20.1,0,82.7,1,82.3,0,LOW
STU-02137,2,low_cost_private,2025,Term2_Jan_Apr,15.8,0,82.8,7,84.7,0,LOW
STU-02138,2,low_cost_private,2024,Term3_Apr_Jul,18.2,0,84.2,2,71.6,0,LOW
STU-02139,1,elite_private,2023,Term2_Jan_Apr,14,0,,,,,WITHDRAWN
STU-02140,1,elite_private,2023,Term1_Sep_Dec,0,1,100,0,78.6,0,LOW
STU-02141,2,low_cost_private,2023,Term1_Sep_Dec,17.8,0,87.4,0,86.1,0,LOW
STU-02142,3,public_state,2023,Term2_Jan_Apr,0,1,38.0,5,43.3,4,MEDIUM
STU-02143,3,public_state,2023,Term1_Sep_Dec,24.7,0,58.3,5,67.0,0,MEDIUM
STU-02144,2,low_cost_private,2023,Term1_Sep_Dec,65.9,0,58.0,15,42.2,2,HIGH
STU-02145,2,low_cost_private,2025,Term2_Jan_Apr,26.7,0,42.8,14,20,4,HIGH
STU-02146,1,elite_private,2025,Term3_Apr_Jul,0.8,0,99.2,1,88.6,0,LOW
STU-02147,3,public_state,2025,Term3_Apr_Jul,8.1,0,81.8,0,81.6,0,LOW
STU-02148,2,low_cost_private,2024,Term1_Sep_Dec,19.1,0,89.0,2,88.5,0,LOW
STU-02149,3,public_state,2023,Term1_Sep_Dec,9.1,0,64.4,0,45.5,1,MEDIUM
STU-02150,2,low_cost_private,2025,Term2_Jan_Apr,30.7,0,53.0,8,43.4,6,HIGH
STU-02151,1,elite_private,2024,Term2_Jan_Apr,0,1,99.9,0,82.0,0,LOW
STU-02152,1,elite_private,2024,Term1_Sep_Dec,0,1,99.2,1,89.3,0,LOW
STU-02153,3,public_state,2023,Term3_Apr_Jul,36.6,0,39.0,0,32.3,2,MEDIUM
STU-02154,2,low_cost_private,2023,Term2_Jan_Apr,75.6,0,60.3,8,50.8,2,HIGH
STU-02155,1,elite_private,2023,Term1_Sep_Dec,0,1,99.2,1,76.8,0,LOW
STU-02156,1,elite_private,2023,Term2_Jan_Apr,7.0,0,73.2,4,81.3,0,LOW
STU-02157,3,public_state,2023,Term2_Jan_Apr,7.1,0,47.5,6,25.0,2,MEDIUM
STU-02158,1,elite_private,2023,Term2_Jan_Apr,0,1,100,0,92.6,0,LOW
STU-02159,3,public_state,2023,Term1_Sep_Dec,5,0,54.4,8,35.4,3,HIGH
STU-02160,3,public_state,2023,Term3_Apr_Jul,7.1,0,21.8,3,20,3,HIGH
STU-02161,3,public_state,2024,Term3_Apr_Jul,22.6,0,50.4,2,51.3,2,MEDIUM
STU-02162,2,low_cost_private,2024,Term1_Sep_Dec,16.6,0,91.3,1,83.5,0,LOW
STU-02163,3,public_state,2023,Term2_Jan_Apr,18.8,0,56.4,2,40.7,2,MEDIUM
STU-02164,3,public_state,2023,Term2_Jan_Apr,19.3,0,69.4,6,46.2,1,MEDIUM
STU-02165,2,low_cost_private,2024,Term1_Sep_Dec,73.2,0,58.6,14,37.2,4,HIGH
STU-02166,3,public_state,2024,Term2_Jan_Apr,56.6,0,53.9,9,49.4,4,HIGH
STU-02167,2,low_cost_private,2025,Term1_Sep_Dec,30.9,0,63.4,8,35.0,3,HIGH
STU-02168,3,public_state,2024,Term1_Sep_Dec,26.9,0,51.3,8,43.1,3,HIGH
STU-02169,3,public_state,2023,Term3_Apr_Jul,28.4,0,49.9,10,50.7,1,HIGH
STU-02170,1,elite_private,2023,Term3_Apr_Jul,2.9,0,72.6,3,63.1,0,LOW
STU-02171,1,elite_private,2024,Term3_Apr_Jul,0,1,99.2,1,92.0,0,LOW
STU-02172,2,low_cost_private,2023,Term1_Sep_Dec,17.3,0,88.6,0,77.6,0,LOW
STU-02173,2,low_cost_private,2023,Term1_Sep_Dec,28.4,0,49.8,0,23.5,4,MEDIUM
STU-02174,3,public_state,2023,Term2_Jan_Apr,33.3,0,63.0,3,28.3,5,HIGH
STU-02175,3,public_state,2025,Term1_Sep_Dec,17.1,0,64.8,3,33.8,2,MEDIUM
STU-02176,1,elite_private,2024,Term1_Sep_Dec,0,1,98.4,2,79.4,0,LOW
STU-02177,1,elite_private,2023,Term1_Sep_Dec,0,1,98.5,0,100,0,LOW
STU-02178,3,public_state,2023,Term2_Jan_Apr,27.0,0,47.0,6,40.4,3,HIGH
STU-02179,2,low_cost_private,2025,Term2_Jan_Apr,30.4,0,40.8,0,74.6,0,MEDIUM
STU-02180,2,low_cost_private,2025,Term2_Jan_Apr,51.8,0,31.1,15,28.1,4,HIGH
STU-02181,2,low_cost_private,2024,Term3_Apr_Jul,31.5,0,52.5,13,27.3,4,HIGH
STU-02182,1,elite_private,2025,Term1_Sep_Dec,0,1,100,0,100,0,LOW
STU-02183,2,low_cost_private,2023,Term2_Jan_Apr,16.4,0,89.7,1,77.5,0,LOW
STU-02184,3,public_state,2025,Term2_Jan_Apr,56.6,0,57.9,6,38.7,3,HIGH
STU-02185,2,low_cost_private,2023,Term3_Apr_Jul,15.1,0,82.5,0,82.4,0,LOW
STU-02186,1,elite_private,2025,Term3_Apr_Jul,14,0,,,,,WITHDRAWN
STU-02187,1,elite_private,2024,Term3_Apr_Jul,0,1,100,0,99.9,0,LOW
STU-02188,3,public_state,2023,Term3_Apr_Jul,22.9,0,36.1,4,43.1,2,MEDIUM
STU-02189,3,public_state,2024,Term1_Sep_Dec,27.2,0,38.2,0,48.2,2,MEDIUM
STU-02190,1,elite_private,2023,Term3_Apr_Jul,0,1,100,0,92.7,0,LOW
STU-02191,2,low_cost_private,2024,Term1_Sep_Dec,13.8,0,87.5,1,68.6,0,LOW
STU-02192,1,elite_private,2023,Term3_Apr_Jul,0,1,97.7,1,94.7,0,LOW
STU-02193,1,elite_private,2023,Term2_Jan_Apr,5.7,0,80.2,3,85,0,LOW
STU-02194,2,low_cost_private,2023,Term3_Apr_Jul,31.6,0,52.0,5,27.0,5,HIGH
STU-02195,3,public_state,2025,Term2_Jan_Apr,11.2,0,90.0,0,39.5,2,LOW
STU-02196,1,elite_private,2024,Term3_Apr_Jul,3.4,0,83.8,2,71.6,0,LOW
STU-02197,2,low_cost_private,2023,Term3_Apr_Jul,17.5,0,86.5,1,73.4,0,LOW
STU-02198,1,elite_private,2024,Term1_Sep_Dec,0,1,100,0,92.5,0,LOW
STU-02199,2,low_cost_private,2023,Term3_Apr_Jul,38.3,0,15,11,27.4,4,HIGH
STU-02200,3,public_state,2024,Term3_Apr_Jul,39.9,0,47.9,3,38.9,5,HIGH
STU-02201,3,public_state,2023,Term1_Sep_Dec,19.7,0,50.3,3,39.3,2,MEDIUM
STU-02202,3,public_state,2023,Term3_Apr_Jul,5.3,0,78.4,2,68.1,0,LOW
STU-02203,3,public_state,2023,Term1_Sep_Dec,24.7,0,76.2,0,48.1,1,LOW
STU-02204,2,low_cost_private,2025,Term2_Jan_Apr,72.6,0,43.1,7,48.9,2,HIGH
STU-02205,1,elite_private,2024,Term3_Apr_Jul,14,0,,,,,WITHDRAWN
STU-02206,1,elite_private,2024,Term2_Jan_Apr,6.4,0,71.2,8,73.2,0,LOW
STU-02207,2,low_cost_private,2023,Term2_Jan_Apr,53.5,0,51.3,12,58.1,1,MEDIUM
STU-02208,1,elite_private,2024,Term3_Apr_Jul,0,1,100,0,99.4,0,LOW
STU-02209,3,public_state,2024,Term1_Sep_Dec,20.5,0,67.5,1,55.7,1,MEDIUM
STU-02210,3,public_state,2024,Term3_Apr_Jul,7.2,0,43.0,3,20,4,HIGH
STU-02211,2,low_cost_private,2023,Term1_Sep_Dec,18.0,0,89.1,0,77.9,0,LOW
STU-02212,3,public_state,2024,Term1_Sep_Dec,29.3,0,30.1,4,23.8,3,HIGH
STU-02213,3,public_state,2023,Term1_Sep_Dec,20.2,0,59.0,7,35.4,2,HIGH
STU-02214,2,low_cost_private,2024,Term3_Apr_Jul,51.6,0,54.7,6,25.1,6,HIGH
STU-02215,1,elite_private,2024,Term3_Apr_Jul,0,1,99.2,1,95.8,0,LOW
STU-02216,1,elite_private,2024,Term2_Jan_Apr,0,1,99.2,1,96.0,0,LOW
STU-02217,2,low_cost_private,2024,Term2_Jan_Apr,50.9,0,44.0,8,20,5,HIGH
STU-02218,3,public_state,2023,Term1_Sep_Dec,20.5,0,53.1,10,36.0,4,HIGH
STU-02219,2,low_cost_private,2025,Term2_Jan_Apr,25.5,0,58.3,0,44.9,2,MEDIUM
STU-02220,2,low_cost_private,2024,Term3_Apr_Jul,31.0,0,49.2,6,40.1,2,HIGH
STU-02221,1,elite_private,2024,Term3_Apr_Jul,14,0,,,,,WITHDRAWN
STU-02222,3,public_state,2025,Term1_Sep_Dec,10.9,0,61.8,4,23.0,3,MEDIUM
STU-02223,3,public_state,2025,Term2_Jan_Apr,19.8,0,53.6,0,40.7,3,MEDIUM
STU-02224,3,public_state,2025,Term3_Apr_Jul,45.0,0,51.2,9,39.2,4,HIGH
STU-02225,3,public_state,2025,Term3_Apr_Jul,13.4,0,39.8,11,49.2,2,MEDIUM
STU-02226,2,low_cost_private,2023,Term2_Jan_Apr,44.8,0,43.0,9,27.1,4,HIGH
STU-02227,2,low_cost_private,2024,Term2_Jan_Apr,29.7,0,55.1,1,42.2,2,MEDIUM
STU-02228,1,elite_private,2024,Term1_Sep_Dec,0.5,0,98.1,1,97.6,0,LOW
STU-02229,1,elite_private,2023,Term3_Apr_Jul,0,1,100,0,92.5,0,LOW
STU-02230,2,low_cost_private,2024,Term1_Sep_Dec,20.0,0,90.0,1,86.0,0,LOW
STU-02231,1,elite_private,2024,Term3_Apr_Jul,0,1,98.4,2,96.8,0,LOW
STU-02232,1,elite_private,2023,Term3_Apr_Jul,0,1,98.4,2,85.1,0,LOW
STU-02233,1,elite_private,2023,Term2_Jan_Apr,11.2,0,59.6,1,70.5,1,LOW
STU-02234,2,low_cost_private,2023,Term1_Sep_Dec,52.9,0,60.0,4,20,4,HIGH
STU-02235,1,elite_private,2023,Term1_Sep_Dec,0,1,100,0,87.7,0,LOW
STU-02236,1,elite_private,2023,Term2_Jan_Apr,0,1,100,0,84.7,0,LOW
STU-02237,3,public_state,2025,Term1_Sep_Dec,18.8,0,60.6,1,24.4,4,MEDIUM
STU-02238,3,public_state,2024,Term3_Apr_Jul,24.0,0,34.5,7,37.8,6,HIGH
STU-02239,3,public_state,2025,Term1_Sep_Dec,37.4,0,45.0,10,42.0,5,HIGH
STU-02240,2,low_cost_private,2024,Term1_Sep_Dec,19.2,0,50.3,6,38.4,3,HIGH
STU-02241,1,elite_private,2024,Term2_Jan_Apr,14,0,,,,,WITHDRAWN
STU-02242,3,public_state,2024,Term2_Jan_Apr,17.1,0,56.0,1,52.4,1,MEDIUM
STU-02243,1,elite_private,2023,Term3_Apr_Jul,14,0,,,,,WITHDRAWN
STU-02244,1,elite_private,2023,Term1_Sep_Dec,10.2,0,50.9,3,72.1,0,LOW
STU-02245,1,elite_private,2023,Term1_Sep_Dec,14,0,,,,,WITHDRAWN
STU-02246,1,elite_private,2023,Term2_Jan_Apr,0,1,100,0,78.9,0,LOW
STU-02247,1,elite_private,2023,Term3_Apr_Jul,14,0,,,,,WITHDRAWN
STU-02248,3,public_state,2025,Term3_Apr_Jul,15.1,0,54.9,0,35.1,3,MEDIUM
STU-02249,1,elite_private,2024,Term1_Sep_Dec,3.2,0,80.7,0,63.6,0,LOW
STU-02250,2,low_cost_private,2023,Term3_Apr_Jul,19.7,0,85.1,2,67.8,0,LOW
STU-02251,1,elite_private,2025,Term2_Jan_Apr,0,1,99.2,1,86.5,0,LOW
STU-02252,1,elite_private,2024,Term2_Jan_Apr,0,1,98.4,2,91.6,0,LOW
STU-02253,2,low_cost_private,2024,Term3_Apr_Jul,51.4,0,15,13,20,2,HIGH
STU-02254,1,elite_private,2024,Term2_Jan_Apr,0,1,98.4,2,91.7,0,LOW
STU-02255,3,public_state,2024,Term2_Jan_Apr,17.1,0,31.8,11,30.1,3,HIGH
STU-02256,3,public_state,2023,Term2_Jan_Apr,14.3,0,53.3,0,23.2,3,MEDIUM
STU-02257,2,low_cost_private,2024,Term2_Jan_Apr,26.3,0,69.7,1,49.7,1,MEDIUM
STU-02258,2,low_cost_private,2023,Term2_Jan_Apr,25.8,0,59.3,1,46.2,2,MEDIUM
STU-02259,2,low_cost_private,2024,Term2_Jan_Apr,22.7,0,58.9,8,25,3,HIGH
STU-02260,1,elite_private,2025,Term1_Sep_Dec,0,1,100,0,86.6,0,LOW
STU-02261,3,public_state,2023,Term3_Apr_Jul,33.7,0,55.5,6,42.9,2,MEDIUM
STU-02262,2,low_cost_private,2023,Term3_Apr_Jul,36.9,0,36.1,13,25,2,HIGH
STU-02263,3,public_state,2024,Term1_Sep_Dec,34.4,0,37.8,7,20.4,3,HIGH
STU-02264,2,low_cost_private,2025,Term2_Jan_Apr,71.7,0,66.7,7,50.1,4,HIGH
STU-02265,2,low_cost_private,2023,Term1_Sep_Dec,21.9,0,45.4,4,44.3,3,HIGH
STU-02266,3,public_state,2024,Term3_Apr_Jul,26.3,0,56.0,3,48.7,2,MEDIUM
STU-02267,2,low_cost_private,2025,Term2_Jan_Apr,46.5,0,58.0,4,29.4,4,HIGH
STU-02268,2,low_cost_private,2025,Term1_Sep_Dec,43.6,0,31.0,9,51.9,3,HIGH
STU-02269,1,elite_private,2023,Term3_Apr_Jul,0,1,100,0,83.0,0,LOW
STU-02270,2,low_cost_private,2024,Term1_Sep_Dec,83.2,0,53.9,2,60.8,0,MEDIUM
STU-02271,2,low_cost_private,2023,Term1_Sep_Dec,18.5,0,85.7,1,81.3,0,LOW
STU-02272,3,public_state,2025,Term1_Sep_Dec,40.8,0,60.9,5,32.1,4,HIGH
STU-02273,2,low_cost_private,2023,Term2_Jan_Apr,34.0,0,41.4,8,31.5,2,HIGH
STU-02274,2,low_cost_private,2024,Term2_Jan_Apr,16.2,0,87.1,0,80.7,0,LOW
STU-02275,1,elite_private,2023,Term2_Jan_Apr,10.9,0,48.9,4,56.2,2,MEDIUM
STU-02276,2,low_cost_private,2025,Term2_Jan_Apr,19.0,0,87.6,2,79.9,0,LOW
STU-02277,1,elite_private,2025,Term3_Apr_Jul,0,1,98.4,2,75.9,0,LOW
STU-02278,2,low_cost_private,2024,Term2_Jan_Apr,15.8,0,89.0,0,70.3,0,LOW
STU-02279,2,low_cost_private,2023,Term2_Jan_Apr,43.4,0,50.8,0,25.5,4,MEDIUM
STU-02280,3,public_state,2023,Term2_Jan_Apr,25.9,0,40.7,10,22.3,3,HIGH
STU-02281,2,low_cost_private,2024,Term1_Sep_Dec,21.6,0,51.5,7,35.0,2,HIGH
STU-02282,1,elite_private,2023,Term2_Jan_Apr,0,1,100,0,93.0,0,LOW
STU-02283,1,elite_private,2023,Term3_Apr_Jul,0,1,98.8,1,88.1,0,LOW
STU-02284,1,elite_private,2025,Term3_Apr_Jul,0,1,100,0,81.3,0,LOW
STU-02285,2,low_cost_private,2025,Term1_Sep_Dec,41.9,0,56.2,1,50.6,2,MEDIUM
STU-02286,1,elite_private,2025,Term2_Jan_Apr,14,0,,,,,WITHDRAWN
STU-02287,1,elite_private,2024,Term3_Apr_Jul,0,1,98.3,1,91.6,0,LOW
STU-02288,2,low_cost_private,2024,Term3_Apr_Jul,67.9,0,33.7,12,44.7,2,HIGH
STU-02289,2,low_cost_private,2024,Term2_Jan_Apr,40.7,0,59.6,4,37.8,4,HIGH
STU-02290,3,public_state,2024,Term1_Sep_Dec,12.2,0,69.4,1,41.3,2,MEDIUM
STU-02291,1,elite_private,2023,Term1_Sep_Dec,0,1,100,0,91.5,0,LOW
STU-02292,2,low_cost_private,2024,Term3_Apr_Jul,38.2,0,28.7,9,24.6,4,HIGH
STU-02293,3,public_state,2025,Term1_Sep_Dec,46.5,0,53.3,7,46.5,2,HIGH
STU-02294,2,low_cost_private,2023,Term3_Apr_Jul,14.4,0,86.8,0,79.3,0,LOW
STU-02295,1,elite_private,2024,Term1_Sep_Dec,0,1,98.6,0,84.5,0,LOW
STU-02296,3,public_state,2025,Term2_Jan_Apr,11.9,0,68.3,2,46.2,0,LOW
STU-02297,1,elite_private,2023,Term2_Jan_Apr,0,1,99.2,1,82.5,0,LOW
STU-02298,2,low_cost_private,2023,Term2_Jan_Apr,24.3,0,27.5,9,61.8,0,MEDIUM
STU-02299,2,low_cost_private,2023,Term1_Sep_Dec,31.8,0,38.9,9,20.6,2,HIGH
STU-02300,2,low_cost_private,2024,Term3_Apr_Jul,14.5,0,82.4,2,79.4,0,LOW
STU-02301,2,low_cost_private,2023,Term3_Apr_Jul,74.4,0,63.8,2,37.4,5,HIGH
STU-02302,1,elite_private,2025,Term3_Apr_Jul,0,1,77.0,1,55.0,2,LOW
STU-02303,2,low_cost_private,2025,Term2_Jan_Apr,40.9,0,71.3,4,51.5,2,MEDIUM
STU-02304,2,low_cost_private,2023,Term1_Sep_Dec,51.7,0,45.3,0,49.0,2,MEDIUM
STU-02305,2,low_cost_private,2025,Term3_Apr_Jul,26.4,0,52.5,4,33.9,4,HIGH
STU-02306,1,elite_private,2025,Term2_Jan_Apr,0,1,98.7,1,90.6,0,LOW
STU-02307,2,low_cost_private,2024,Term1_Sep_Dec,88.1,0,48.4,0,38.9,6,HIGH
STU-02308,2,low_cost_private,2023,Term3_Apr_Jul,26.9,0,36.6,8,39.5,3,HIGH
STU-02309,2,low_cost_private,2024,Term3_Apr_Jul,29.0,0,35.3,1,20,2,MEDIUM
STU-02310,2,low_cost_private,2025,Term2_Jan_Apr,25.5,0,46.7,7,27.6,2,HIGH
STU-02311,3,public_state,2023,Term1_Sep_Dec,48.4,0,33.9,8,20,4,HIGH
STU-02312,2,low_cost_private,2025,Term1_Sep_Dec,33.7,0,57.8,10,20,3,HIGH
STU-02313,2,low_cost_private,2025,Term2_Jan_Apr,71.5,0,38.1,16,38.3,6,HIGH
STU-02314,2,low_cost_private,2025,Term3_Apr_Jul,36.7,0,64.4,13,32.2,4,HIGH
STU-02315,1,elite_private,2025,Term2_Jan_Apr,0,1,100,0,88.6,0,LOW
STU-02316,1,elite_private,2024,Term2_Jan_Apr,0,1,99.2,1,91.7,0,LOW
STU-02317,2,low_cost_private,2023,Term3_Apr_Jul,16.5,0,57.1,10,58.8,1,MEDIUM
STU-02318,2,low_cost_private,2024,Term3_Apr_Jul,41.5,0,27.4,9,39.5,4,HIGH
STU-02319,3,public_state,2025,Term2_Jan_Apr,20.0,0,71.6,0,51.5,1,MEDIUM
STU-02320,1,elite_private,2024,Term1_Sep_Dec,0,1,100,0,91.4,0,LOW
STU-02321,3,public_state,2023,Term1_Sep_Dec,21.5,0,51.7,11,33.6,4,HIGH
STU-02322,2,low_cost_private,2024,Term3_Apr_Jul,15.1,0,86.6,1,70.7,0,LOW
STU-02323,2,low_cost_private,2024,Term2_Jan_Apr,32.7,0,40.9,14,32.2,5,HIGH
STU-02324,2,low_cost_private,2024,Term1_Sep_Dec,12.6,0,31.2,1,31.4,3,MEDIUM
STU-02325,2,low_cost_private,2023,Term1_Sep_Dec,27.3,0,65.2,2,39.1,3,MEDIUM
STU-02326,2,low_cost_private,2024,Term1_Sep_Dec,56.2,0,46.5,0,37.3,6,HIGH
STU-02327,1,elite_private,2024,Term1_Sep_Dec,0,1,100,0,98.5,0,LOW
STU-02328,2,low_cost_private,2023,Term2_Jan_Apr,36.8,0,56.7,4,43.9,3,HIGH
STU-02329,3,public_state,2025,Term3_Apr_Jul,10.2,0,35.7,3,33.8,3,HIGH
STU-02330,2,low_cost_private,2025,Term3_Apr_Jul,85.1,0,47.6,4,30.6,5,HIGH
STU-02331,1,elite_private,2023,Term1_Sep_Dec,0,1,100,0,97.5,0,LOW
STU-02332,1,elite_private,2023,Term2_Jan_Apr,14,0,,,,,WITHDRAWN
STU-02333,1,elite_private,2023,Term1_Sep_Dec,0,1,100,0,93.0,0,LOW
STU-02334,2,low_cost_private,2025,Term3_Apr_Jul,23.6,0,65.4,0,44.4,3,MEDIUM
STU-02335,3,public_state,2025,Term3_Apr_Jul,6.9,0,82.3,0,63.2,0,LOW
STU-02336,3,public_state,2024,Term3_Apr_Jul,29.1,0,35.2,10,24.4,3,HIGH
STU-02337,3,public_state,2024,Term1_Sep_Dec,28.8,0,49.5,6,75.2,0,MEDIUM
STU-02338,2,low_cost_private,2023,Term1_Sep_Dec,39.0,0,51.6,8,28.1,3,HIGH
STU-02339,2,low_cost_private,2025,Term3_Apr_Jul,44.3,0,54.2,8,50.6,2,HIGH
STU-02340,3,public_state,2024,Term1_Sep_Dec,17.5,0,87.6,3,32.4,3,MEDIUM
STU-02341,3,public_state,2025,Term1_Sep_Dec,15.3,0,51.4,6,27.6,3,HIGH
STU-02342,3,public_state,2024,Term2_Jan_Apr,57.4,0,62.1,5,41.9,3,HIGH
STU-02343,1,elite_private,2024,Term2_Jan_Apr,0,1,100,0,89.2,0,LOW
STU-02344,1,elite_private,2025,Term3_Apr_Jul,0,1,100,0,93.6,0,LOW
STU-02345,3,public_state,2023,Term3_Apr_Jul,9.8,0,46.0,2,36.8,4,MEDIUM
STU-02346,3,public_state,2024,Term2_Jan_Apr,14.5,0,74.7,7,47.8,0,MEDIUM
STU-02347,3,public_state,2024,Term1_Sep_Dec,7.1,0,83.0,3,32.4,2,MEDIUM
STU-02348,3,public_state,2023,Term3_Apr_Jul,1.9,0,30.3,2,35.3,2,MEDIUM
STU-02349,3,public_state,2025,Term1_Sep_Dec,31.2,0,55.6,9,34.1,4,HIGH
STU-02350,1,elite_private,2025,Term2_Jan_Apr,0,1,100,0,89.6,0,LOW
STU-02351,3,public_state,2024,Term2_Jan_Apr,8.3,0,55.3,2,45.1,3,MEDIUM
STU-02352,2,low_cost_private,2024,Term1_Sep_Dec,17.7,0,85.1,5,88.3,0,LOW
STU-02353,1,elite_private,2023,Term2_Jan_Apr,14,0,,,,,WITHDRAWN
STU-02354,1,elite_private,2023,Term3_Apr_Jul,7.5,0,50.4,3,39.5,5,HIGH
STU-02355,1,elite_private,2025,Term2_Jan_Apr,0,1,100,0,100,0,LOW
STU-02356,2,low_cost_private,2023,Term1_Sep_Dec,77.0,0,66.7,4,60.1,2,MEDIUM
STU-02357,3,public_state,2023,Term3_Apr_Jul,28.2,0,32.0,5,24.8,5,HIGH
STU-02358,1,elite_private,2025,Term1_Sep_Dec,14,0,,,,,WITHDRAWN
STU-02359,2,low_cost_private,2025,Term3_Apr_Jul,86.4,0,44.0,8,56.6,1,HIGH
STU-02360,3,public_state,2025,Term3_Apr_Jul,13.6,0,49.8,1,54.0,3,MEDIUM
STU-02361,3,public_state,2023,Term2_Jan_Apr,4.5,0,91.4,0,65.9,0,LOW
STU-02362,1,elite_private,2023,Term3_Apr_Jul,0,1,100,0,100,0,LOW
STU-02363,1,elite_private,2024,Term1_Sep_Dec,0,1,99.2,1,76.4,0,LOW
STU-02364,1,elite_private,2025,Term2_Jan_Apr,14,0,,,,,WITHDRAWN
STU-02365,1,elite_private,2023,Term3_Apr_Jul,0,1,100,0,90.7,0,LOW
STU-02366,3,public_state,2024,Term3_Apr_Jul,27.8,0,16.5,7,23.0,3,HIGH
STU-02367,2,low_cost_private,2024,Term1_Sep_Dec,91.2,0,64.8,11,43.4,4,HIGH
STU-02368,2,low_cost_private,2024,Term3_Apr_Jul,19.0,0,82.9,1,90.1,0,LOW
STU-02369,1,elite_private,2024,Term2_Jan_Apr,0,1,99.2,1,96.1,0,LOW
STU-02370,2,low_cost_private,2024,Term2_Jan_Apr,23.5,0,30.8,10,36.0,4,HIGH
STU-02371,3,public_state,2025,Term1_Sep_Dec,7.8,0,90.9,1,72.0,0,LOW
STU-02372,3,public_state,2025,Term2_Jan_Apr,28.6,0,37.9,10,20,5,HIGH
STU-02373,2,low_cost_private,2025,Term1_Sep_Dec,28.2,0,52.7,0,42.7,3,MEDIUM
STU-02374,2,low_cost_private,2025,Term2_Jan_Apr,60.7,0,59.5,4,48.7,2,HIGH
STU-02375,1,elite_private,2023,Term2_Jan_Apr,0,1,100,0,82.1,0,LOW
STU-02376,2,low_cost_private,2025,Term2_Jan_Apr,89.2,0,33.9,13,42.8,1,HIGH
STU-02377,2,low_cost_private,2023,Term1_Sep_Dec,40.0,0,47.5,1,42.3,2,MEDIUM
STU-02378,2,low_cost_private,2023,Term2_Jan_Apr,40.7,0,58.9,4,36.3,6,HIGH
STU-02379,1,elite_private,2024,Term1_Sep_Dec,14,0,,,,,WITHDRAWN
STU-02380,1,elite_private,2023,Term1_Sep_Dec,0,1,100,0,83.3,0,LOW
STU-02381,2,low_cost_private,2025,Term2_Jan_Apr,60.2,0,53.9,10,44.0,2,HIGH
STU-02382,2,low_cost_private,2025,Term2_Jan_Apr,46.8,0,22.7,11,40.9,2,HIGH
STU-02383,3,public_state,2025,Term2_Jan_Apr,4.1,0,90.2,2,68.0,0,LOW
STU-02384,2,low_cost_private,2025,Term3_Apr_Jul,73.8,0,71.9,5,36.8,5,HIGH
STU-02385,2,low_cost_private,2025,Term1_Sep_Dec,83.2,0,43.1,4,28.0,5,HIGH
STU-02386,2,low_cost_private,2023,Term2_Jan_Apr,48.1,0,76.8,4,33.0,3,MEDIUM
STU-02387,1,elite_private,2023,Term2_Jan_Apr,8.3,0,71.1,2,66.2,0,LOW
STU-02388,3,public_state,2025,Term1_Sep_Dec,17.4,0,64.8,0,36.5,2,MEDIUM
STU-02389,2,low_cost_private,2023,Term2_Jan_Apr,50.1,0,45.4,12,42.4,3,HIGH
STU-02390,2,low_cost_private,2025,Term3_Apr_Jul,11.3,0,48.3,13,51.8,3,HIGH
STU-02391,3,public_state,2025,Term2_Jan_Apr,60,0,63.5,10,40.4,3,HIGH
STU-02392,1,elite_private,2025,Term1_Sep_Dec,0,1,98.4,2,100,0,LOW
STU-02393,1,elite_private,2023,Term3_Apr_Jul,11.6,0,57.0,2,67.5,0,LOW
STU-02394,2,low_cost_private,2023,Term2_Jan_Apr,19.0,0,59.0,11,44.3,2,MEDIUM
STU-02395,1,elite_private,2024,Term2_Jan_Apr,6.0,0,78.3,0,72.3,0,LOW
STU-02396,3,public_state,2024,Term1_Sep_Dec,16.4,0,42.7,15,48.7,2,HIGH
STU-02397,2,low_cost_private,2025,Term2_Jan_Apr,47.6,0,56.3,13,37.1,5,HIGH
STU-02398,3,public_state,2025,Term2_Jan_Apr,10.3,0,36.4,2,27.9,4,MEDIUM
STU-02399,3,public_state,2023,Term3_Apr_Jul,55.3,0,48.1,0,36.0,4,HIGH
STU-02400,2,low_cost_private,2024,Term1_Sep_Dec,76.8,0,66.1,1,64.8,1,MEDIUM
STU-02401,3,public_state,2025,Term1_Sep_Dec,17.2,0,54.9,0,64.7,0,LOW
STU-02402,1,elite_private,2025,Term2_Jan_Apr,0,1,100,0,83.9,0,LOW
STU-02403,2,low_cost_private,2025,Term1_Sep_Dec,22.6,0,32.1,15,20,3,HIGH
STU-02404,1,elite_private,2025,Term3_Apr_Jul,0,1,99.6,0,86.6,0,LOW
STU-02405,2,low_cost_private,2023,Term3_Apr_Jul,20.7,0,79.9,2,83.1,0,LOW
STU-02406,3,public_state,2024,Term2_Jan_Apr,60,0,70.4,3,45.4,1,MEDIUM
STU-02407,2,low_cost_private,2023,Term3_Apr_Jul,48.9,0,66.8,11,42.2,3,HIGH
STU-02408,3,public_state,2023,Term1_Sep_Dec,25.0,0,77.9,0,25,2,MEDIUM
STU-02409,1,elite_private,2023,Term3_Apr_Jul,0,1,98.8,0,90.3,0,LOW
STU-02410,2,low_cost_private,2023,Term1_Sep_Dec,35.2,0,47.8,9,33.1,5,HIGH
STU-02411,2,low_cost_private,2025,Term2_Jan_Apr,16.4,0,88.6,0,67.8,0,LOW
STU-02412,2,low_cost_private,2025,Term3_Apr_Jul,44.2,0,50.4,10,36.2,6,HIGH
STU-02413,2,low_cost_private,2024,Term3_Apr_Jul,63.8,0,43.5,4,38.8,4,HIGH
STU-02414,1,elite_private,2023,Term2_Jan_Apr,0,1,98.7,1,88.9,0,LOW
STU-02415,1,elite_private,2024,Term2_Jan_Apr,0,1,99.2,1,97.0,0,LOW
STU-02416,2,low_cost_private,2024,Term3_Apr_Jul,54.6,0,52.3,1,32.6,4,HIGH
STU-02417,1,elite_private,2024,Term2_Jan_Apr,0,1,98.4,2,85.5,0,LOW
STU-02418,2,low_cost_private,2024,Term1_Sep_Dec,26.5,0,47.7,15,27.5,4,HIGH
STU-02419,1,elite_private,2025,Term3_Apr_Jul,14,0,,,,,WITHDRAWN
STU-02420,1,elite_private,2025,Term2_Jan_Apr,0,1,90.0,0,67.4,0,LOW
STU-02421,3,public_state,2023,Term2_Jan_Apr,15.0,0,60.7,10,28.0,2,HIGH
STU-02422,2,low_cost_private,2023,Term1_Sep_Dec,27.0,0,44.1,5,33.7,3,HIGH
STU-02423,2,low_cost_private,2025,Term2_Jan_Apr,16.7,0,91.6,0,71.5,0,LOW
STU-02424,2,low_cost_private,2024,Term3_Apr_Jul,41.9,0,37.3,13,56.0,1,HIGH
STU-02425,1,elite_private,2024,Term2_Jan_Apr,14,0,,,,,WITHDRAWN
STU-02426,2,low_cost_private,2025,Term2_Jan_Apr,48.6,0,76.7,9,39.9,5,HIGH
STU-02427,3,public_state,2024,Term3_Apr_Jul,25.1,0,37.8,7,33.6,2,HIGH
STU-02428,3,public_state,2024,Term2_Jan_Apr,49.9,0,71.3,3,21.8,5,HIGH
STU-02429,2,low_cost_private,2024,Term1_Sep_Dec,28.9,0,36.8,9,23.1,5,HIGH
STU-02430,2,low_cost_private,2024,Term2_Jan_Apr,85.5,0,35.4,16,45.7,1,HIGH
STU-02431,1,elite_private,2025,Term2_Jan_Apr,0,1,99.2,1,91.3,0,LOW
STU-02432,3,public_state,2024,Term3_Apr_Jul,9.0,0,47.5,4,25,2,MEDIUM
STU-02433,3,public_state,2024,Term1_Sep_Dec,7.7,0,90.0,0,63.5,0,LOW
STU-02434,2,low_cost_private,2024,Term2_Jan_Apr,22.5,0,60.1,11,75.5,0,MEDIUM
STU-02435,1,elite_private,2023,Term3_Apr_Jul,3.5,0,44.1,6,21.2,6,HIGH
STU-02436,2,low_cost_private,2023,Term3_Apr_Jul,38.9,0,49.3,12,49.8,2,HIGH
STU-02437,2,low_cost_private,2023,Term3_Apr_Jul,32.3,0,53.2,2,44.0,3,MEDIUM
STU-02438,3,public_state,2023,Term1_Sep_Dec,24.6,0,69.1,0,64.4,0,LOW
STU-02439,3,public_state,2024,Term2_Jan_Apr,25.8,0,55.7,0,35.1,2,MEDIUM
STU-02440,3,public_state,2024,Term3_Apr_Jul,12.3,0,61.6,8,54.9,1,MEDIUM
STU-02441,2,low_cost_private,2025,Term3_Apr_Jul,43.6,0,38.9,13,34.4,5,HIGH
STU-02442,1,elite_private,2024,Term3_Apr_Jul,0,1,99.2,1,90.2,0,LOW
STU-02443,1,elite_private,2025,Term2_Jan_Apr,0.3,0,98.3,2,94.9,0,LOW
STU-02444,2,low_cost_private,2023,Term1_Sep_Dec,52.3,0,50.4,5,36.3,6,HIGH
STU-02445,2,low_cost_private,2025,Term2_Jan_Apr,18.8,0,85.7,2,81.4,0,LOW
STU-02446,2,low_cost_private,2025,Term2_Jan_Apr,46.9,0,51.5,13,35.7,3,HIGH
STU-02447,3,public_state,2023,Term3_Apr_Jul,17.4,0,63.1,2,50.0,2,MEDIUM
STU-02448,1,elite_private,2025,Term3_Apr_Jul,9.8,0,88.4,2,35.1,2,MEDIUM
STU-02449,3,public_state,2025,Term1_Sep_Dec,43.3,0,38.8,6,28.2,2,HIGH
STU-02450,3,public_state,2023,Term1_Sep_Dec,22.4,0,43.2,10,20,4,HIGH
STU-02451,3,public_state,2023,Term1_Sep_Dec,38.9,0,47.9,4,28.3,4,HIGH
STU-02452,1,elite_private,2025,Term1_Sep_Dec,0,1,100,0,94.1,0,LOW
STU-02453,3,public_state,2023,Term2_Jan_Apr,35.3,0,40.9,13,29.2,4,HIGH
STU-02454,2,low_cost_private,2023,Term3_Apr_Jul,17.1,0,73.3,4,26.0,4,MEDIUM
STU-02455,2,low_cost_private,2023,Term2_Jan_Apr,60.0,0,35.3,4,44.2,1,HIGH
STU-02456,3,public_state,2024,Term3_Apr_Jul,17.7,0,47.7,0,20,3,MEDIUM
STU-02457,1,elite_private,2025,Term2_Jan_Apr,0,1,100,0,91.5,0,LOW
STU-02458,1,elite_private,2025,Term2_Jan_Apr,14,0,,,,,WITHDRAWN
STU-02459,1,elite_private,2024,Term2_Jan_Apr,0,1,100,0,94.8,0,LOW
STU-02460,2,low_cost_private,2023,Term3_Apr_Jul,31.4,0,36.3,4,22.6,4,HIGH
STU-02461,3,public_state,2025,Term1_Sep_Dec,12.2,0,59.1,4,55.9,1,MEDIUM
STU-02462,3,public_state,2023,Term1_Sep_Dec,0.7,0,73.9,7,23.3,4,MEDIUM
STU-02463,2,low_cost_private,2023,Term2_Jan_Apr,33.0,0,71.1,0,45.1,2,MEDIUM
STU-02464,2,low_cost_private,2023,Term3_Apr_Jul,47.3,0,40.5,7,41.1,3,HIGH
STU-02465,3,public_state,2024,Term1_Sep_Dec,11.6,0,91.5,1,71.0,0,LOW
STU-02466,1,elite_private,2025,Term3_Apr_Jul,0,1,99.2,1,86.7,0,LOW
STU-02467,3,public_state,2024,Term3_Apr_Jul,39.8,0,48.6,11,20,3,HIGH
STU-02468,3,public_state,2023,Term2_Jan_Apr,27.1,0,76.2,5,55.2,1,MEDIUM
STU-02469,1,elite_private,2023,Term1_Sep_Dec,0,1,98.4,2,86.6,0,LOW
STU-02470,2,low_cost_private,2023,Term3_Apr_Jul,17.6,0,85.0,2,73.1,0,LOW
STU-02471,3,public_state,2024,Term2_Jan_Apr,26.3,0,87.6,3,45.4,1,MEDIUM
STU-02472,3,public_state,2023,Term1_Sep_Dec,19.3,0,62.4,0,42.1,2,MEDIUM
STU-02473,3,public_state,2024,Term3_Apr_Jul,16.1,0,26.5,7,35.9,2,HIGH
STU-02474,2,low_cost_private,2025,Term2_Jan_Apr,18.0,0,90.4,0,78.2,0,LOW
STU-02475,2,low_cost_private,2023,Term1_Sep_Dec,26.5,0,56.7,5,49.8,0,MEDIUM
STU-02476,2,low_cost_private,2023,Term1_Sep_Dec,97.7,0,49.4,10,58.7,0,HIGH
STU-02477,3,public_state,2025,Term3_Apr_Jul,16.1,0,32.0,5,20,3,HIGH
STU-02478,3,public_state,2024,Term1_Sep_Dec,9.9,0,89.6,0,49.9,4,LOW
STU-02479,1,elite_private,2025,Term1_Sep_Dec,0,1,90.0,0,85,0,LOW
STU-02480,2,low_cost_private,2024,Term3_Apr_Jul,76.4,0,55.1,9,61.9,1,HIGH
STU-02481,1,elite_private,2023,Term1_Sep_Dec,0,1,100,0,90.8,0,LOW
STU-02482,1,elite_private,2023,Term1_Sep_Dec,0,1,100,0,84.8,0,LOW
STU-02483,3,public_state,2023,Term1_Sep_Dec,43.7,0,49.1,4,28.9,4,HIGH
STU-02484,2,low_cost_private,2025,Term1_Sep_Dec,42.9,0,44.3,13,44.3,4,HIGH
STU-02485,1,elite_private,2023,Term2_Jan_Apr,0,1,98.4,2,91.0,0,LOW
STU-02486,1,elite_private,2023,Term1_Sep_Dec,0,1,99.2,1,97.8,0,LOW
STU-02487,2,low_cost_private,2024,Term2_Jan_Apr,17.3,0,84.4,1,70.7,0,LOW
STU-02488,1,elite_private,2025,Term2_Jan_Apr,13.6,0,77.6,3,79.8,1,LOW
STU-02489,1,elite_private,2023,Term1_Sep_Dec,0,1,100,0,89.4,0,LOW
STU-02490,3,public_state,2025,Term1_Sep_Dec,3.9,0,56.5,0,20.6,3,MEDIUM
STU-02491,1,elite_private,2024,Term2_Jan_Apr,0,1,99.2,1,90.4,0,LOW
STU-02492,3,public_state,2024,Term2_Jan_Apr,20.6,0,70.0,16,49.5,2,MEDIUM
STU-02493,1,elite_private,2023,Term3_Apr_Jul,0,1,97.6,3,96.2,0,LOW
STU-02494,3,public_state,2023,Term1_Sep_Dec,58.8,0,54.4,11,47.9,3,HIGH
STU-02495,2,low_cost_private,2023,Term2_Jan_Apr,69.6,0,52.4,4,43.6,3,HIGH
STU-02496,2,low_cost_private,2023,Term2_Jan_Apr,94.1,0,57.0,5,51.3,3,HIGH
STU-02497,3,public_state,2024,Term1_Sep_Dec,17.1,0,55.5,1,28.8,4,MEDIUM
STU-02498,3,public_state,2025,Term3_Apr_Jul,20.7,0,52.6,11,20,3,HIGH
STU-02499,2,low_cost_private,2024,Term3_Apr_Jul,21.3,0,62.3,2,50.5,2,MEDIUM
STU-02500,3,public_state,2023,Term3_Apr_Jul,47.7,0,49.3,2,26.1,5,HIGH
STU-02501,2,low_cost_private,2024,Term3_Apr_Jul,77.9,0,55.9,5,49.0,2,HIGH
STU-02502,1,elite_private,2024,Term2_Jan_Apr,3.2,0,64.5,0,77.8,0,LOW
STU-02503,2,low_cost_private,2024,Term3_Apr_Jul,14.7,0,82.5,0,71.8,0,LOW
STU-02504,1,elite_private,2024,Term3_Apr_Jul,0,1,99.2,1,89.7,0,LOW
STU-02505,3,public_state,2024,Term3_Apr_Jul,16.7,0,39.4,0,46.6,2,MEDIUM
STU-02506,2,low_cost_private,2023,Term2_Jan_Apr,45.3,0,61.2,12,40.7,3,HIGH
STU-02507,2,low_cost_private,2023,Term3_Apr_Jul,33.2,0,15.4,13,24.8,3,HIGH
STU-02508,2,low_cost_private,2024,Term1_Sep_Dec,17.8,0,50.2,9,50.2,1,MEDIUM
STU-02509,3,public_state,2023,Term2_Jan_Apr,17.1,0,51.9,3,26.8,3,HIGH
STU-02510,2,low_cost_private,2025,Term3_Apr_Jul,16.5,0,85.8,1,73.4,0,LOW
STU-02511,1,elite_private,2024,Term2_Jan_Apr,11.1,0,69.2,1,59.0,2,LOW
STU-02512,1,elite_private,2025,Term1_Sep_Dec,0,1,100,0,93.8,0,LOW
STU-02513,1,elite_private,2025,Term1_Sep_Dec,0,1,100,0,96.1,0,LOW
STU-02514,1,elite_private,2025,Term2_Jan_Apr,0,1,100,0,89.1,0,LOW
STU-02515,3,public_state,2024,Term3_Apr_Jul,31.7,0,46.3,4,27.6,3,HIGH
STU-02516,1,elite_private,2023,Term1_Sep_Dec,0,1,100,0,93.3,0,LOW
STU-02517,3,public_state,2025,Term1_Sep_Dec,15.3,0,63.5,4,41.6,3,MEDIUM
STU-02518,3,public_state,2024,Term1_Sep_Dec,9.0,0,66.2,8,55.1,0,MEDIUM
STU-02519,3,public_state,2025,Term3_Apr_Jul,34.4,0,43.4,4,20,5,HIGH
STU-02520,1,elite_private,2025,Term2_Jan_Apr,0,1,100,0,82.7,0,LOW
STU-02521,1,elite_private,2023,Term1_Sep_Dec,0,1,57.4,1,67.9,0,LOW
STU-02522,2,low_cost_private,2024,Term1_Sep_Dec,19.7,0,71.8,11,50.9,3,MEDIUM
STU-02523,1,elite_private,2023,Term1_Sep_Dec,0.7,0,98.3,1,89.5,0,LOW
STU-02524,1,elite_private,2023,Term2_Jan_Apr,0,1,100,0,93.7,0,LOW
STU-02525,3,public_state,2023,Term1_Sep_Dec,14.6,0,68.2,2,46.4,1,MEDIUM
STU-02526,1,elite_private,2025,Term1_Sep_Dec,0,1,99.2,1,78.5,0,LOW
STU-02527,2,low_cost_private,2023,Term1_Sep_Dec,26.8,0,38.1,10,48.0,2,HIGH
STU-02528,2,low_cost_private,2024,Term3_Apr_Jul,99.1,0,37.1,4,62.5,2,HIGH
STU-02529,2,low_cost_private,2024,Term2_Jan_Apr,33.1,0,61.5,5,55.6,0,MEDIUM
STU-02530,2,low_cost_private,2025,Term2_Jan_Apr,22.7,0,50.2,7,60.6,0,MEDIUM
STU-02531,1,elite_private,2023,Term1_Sep_Dec,9.1,0,68.4,5,57.1,1,MEDIUM
STU-02532,3,public_state,2024,Term1_Sep_Dec,3.5,0,87.7,4,60,0,LOW
STU-02533,2,low_cost_private,2024,Term3_Apr_Jul,38.3,0,52.6,7,46.7,3,HIGH
STU-02534,2,low_cost_private,2024,Term3_Apr_Jul,34.5,0,52.3,11,37.2,4,HIGH
STU-02535,3,public_state,2023,Term1_Sep_Dec,11.8,0,95.8,0,69.3,0,LOW
STU-02536,3,public_state,2023,Term2_Jan_Apr,24.5,0,38.3,6,45.3,4,HIGH
STU-02537,2,low_cost_private,2025,Term1_Sep_Dec,38.2,0,47.8,5,47.7,3,HIGH
STU-02538,1,elite_private,2024,Term3_Apr_Jul,0,1,98.4,2,84.7,0,LOW
STU-02539,3,public_state,2023,Term2_Jan_Apr,3.2,0,64.1,2,46.1,2,MEDIUM
STU-02540,2,low_cost_private,2025,Term1_Sep_Dec,57.5,0,66.4,9,39.0,3,HIGH
STU-02541,2,low_cost_private,2025,Term1_Sep_Dec,47.6,0,58.8,10,32.5,3,HIGH
STU-02542,1,elite_private,2025,Term1_Sep_Dec,0,1,98.4,2,94.1,0,LOW
STU-02543,1,elite_private,2024,Term1_Sep_Dec,0,1,99.2,1,83.5,0,LOW
STU-02544,3,public_state,2025,Term1_Sep_Dec,36.4,0,57.9,3,50.8,4,HIGH
STU-02545,2,low_cost_private,2023,Term2_Jan_Apr,43.3,0,46.5,0,43.1,2,MEDIUM
STU-02546,3,public_state,2024,Term2_Jan_Apr,36.9,0,67.0,7,36.9,3,HIGH
STU-02547,1,elite_private,2023,Term1_Sep_Dec,12.3,0,77.9,5,85,0,LOW
STU-02548,3,public_state,2023,Term3_Apr_Jul,20.4,0,50.3,1,59.6,1,MEDIUM
STU-02549,2,low_cost_private,2023,Term3_Apr_Jul,41.1,0,34.2,9,48.4,2,HIGH
STU-02550,3,public_state,2025,Term3_Apr_Jul,7.6,0,48.7,0,36.7,2,MEDIUM
STU-02551,1,elite_private,2025,Term3_Apr_Jul,11.5,0,54.1,0,53.9,1,MEDIUM
STU-02552,3,public_state,2024,Term3_Apr_Jul,16.2,0,67.1,0,33.4,2,MEDIUM
STU-02553,2,low_cost_private,2023,Term2_Jan_Apr,56.8,0,32.5,7,33.5,4,HIGH
STU-02554,1,elite_private,2025,Term3_Apr_Jul,0,1,99.7,0,97.7,0,LOW
STU-02555,2,low_cost_private,2024,Term2_Jan_Apr,67.1,0,65.9,1,44.7,3,MEDIUM
STU-02556,2,low_cost_private,2023,Term3_Apr_Jul,65.6,0,42.1,11,33.1,6,HIGH
STU-02557,2,low_cost_private,2025,Term1_Sep_Dec,48.1,0,33.6,11,34.4,2,HIGH
STU-02558,1,elite_private,2025,Term1_Sep_Dec,0,1,100,0,94.0,0,LOW
STU-02559,1,elite_private,2024,Term1_Sep_Dec,0,1,100,0,90.0,0,LOW
STU-02560,2,low_cost_private,2024,Term1_Sep_Dec,53.5,0,55.7,11,64.1,0,MEDIUM
STU-02561,2,low_cost_private,2024,Term1_Sep_Dec,37.8,0,45.9,5,44.2,3,HIGH
STU-02562,3,public_state,2025,Term3_Apr_Jul,55.9,0,55.6,1,48.4,3,MEDIUM
STU-02563,1,elite_private,2023,Term1_Sep_Dec,14,0,,,,,WITHDRAWN
STU-02564,2,low_cost_private,2024,Term1_Sep_Dec,34.8,0,51.2,11,46.6,3,HIGH
STU-02565,2,low_cost_private,2023,Term1_Sep_Dec,60.7,0,56.0,9,30.7,5,HIGH
STU-02566,1,elite_private,2024,Term1_Sep_Dec,7.0,0,78.8,4,63.8,0,LOW
STU-02567,2,low_cost_private,2023,Term2_Jan_Apr,68.6,0,51.1,9,37.9,4,HIGH
STU-02568,1,elite_private,2024,Term3_Apr_Jul,0,1,100,0,91.8,0,LOW
STU-02569,2,low_cost_private,2023,Term2_Jan_Apr,32.1,0,45.3,4,55.4,0,MEDIUM
STU-02570,3,public_state,2025,Term2_Jan_Apr,21.1,0,33.4,5,20,2,HIGH
STU-02571,3,public_state,2023,Term1_Sep_Dec,30.6,0,75.6,0,51.4,1,MEDIUM
STU-02572,3,public_state,2024,Term2_Jan_Apr,15.3,0,56.6,0,27.0,4,MEDIUM
STU-02573,2,low_cost_private,2025,Term3_Apr_Jul,17.1,0,49.1,1,34.0,2,MEDIUM
STU-02574,3,public_state,2023,Term2_Jan_Apr,15.2,0,36.0,3,21.8,3,HIGH
STU-02575,3,public_state,2024,Term3_Apr_Jul,17.2,0,57.2,3,33.9,4,HIGH
STU-02576,1,elite_private,2023,Term3_Apr_Jul,0,1,99.1,1,85.5,0,LOW
STU-02577,2,low_cost_private,2024,Term1_Sep_Dec,77.7,0,60.5,11,48.7,3,HIGH
STU-02578,2,low_cost_private,2024,Term3_Apr_Jul,25.8,0,39.5,1,34.4,3,HIGH
STU-02579,2,low_cost_private,2023,Term1_Sep_Dec,18.4,0,88.4,0,82.0,0,LOW
STU-02580,3,public_state,2025,Term3_Apr_Jul,51.3,0,62.2,4,38.1,5,HIGH
STU-02581,2,low_cost_private,2023,Term3_Apr_Jul,15.0,0,78.4,2,79.1,0,LOW
STU-02582,1,elite_private,2024,Term3_Apr_Jul,0,1,97.5,1,85.7,0,LOW
STU-02583,1,elite_private,2024,Term1_Sep_Dec,14,0,,,,,WITHDRAWN
STU-02584,2,low_cost_private,2024,Term1_Sep_Dec,84.8,0,53.3,7,35.2,5,HIGH
STU-02585,1,elite_private,2024,Term2_Jan_Apr,9.7,0,89.2,1,65.2,2,LOW
STU-02586,2,low_cost_private,2024,Term2_Jan_Apr,88.9,0,48.4,1,45.0,2,HIGH
STU-02587,2,low_cost_private,2024,Term3_Apr_Jul,43.1,0,38.1,12,31.1,4,HIGH
STU-02588,2,low_cost_private,2024,Term3_Apr_Jul,34.5,0,67.3,0,66.2,1,LOW
STU-02589,3,public_state,2024,Term3_Apr_Jul,60,0,38.0,8,31.9,3,HIGH
STU-02590,1,elite_private,2023,Term1_Sep_Dec,0,1,100,0,95.1,0,LOW
STU-02591,1,elite_private,2024,Term1_Sep_Dec,7.5,0,49.1,0,74.0,0,LOW
STU-02592,2,low_cost_private,2024,Term2_Jan_Apr,25.5,0,53.0,0,60.0,0,LOW
STU-02593,2,low_cost_private,2023,Term1_Sep_Dec,47.1,0,36.8,10,28.4,2,HIGH
STU-02594,3,public_state,2023,Term1_Sep_Dec,24.7,0,43.7,0,28.0,3,MEDIUM
STU-02595,3,public_state,2024,Term2_Jan_Apr,19.9,0,51.2,8,49.4,1,MEDIUM
STU-02596,3,public_state,2024,Term3_Apr_Jul,60,0,63.0,8,49.9,1,HIGH
STU-02597,3,public_state,2025,Term3_Apr_Jul,48.0,0,54.5,0,33.4,5,HIGH
STU-02598,1,elite_private,2024,Term1_Sep_Dec,3.5,0,68.3,0,79.7,0,LOW
STU-02599,2,low_cost_private,2025,Term3_Apr_Jul,14.5,0,85.1,0,77.8,0,LOW
STU-02600,1,elite_private,2025,Term2_Jan_Apr,0,1,100,0,88.8,0,LOW
STU-02601,1,elite_private,2023,Term1_Sep_Dec,0,1,98.5,1,99.8,0,LOW
STU-02602,3,public_state,2023,Term1_Sep_Dec,41.8,0,48.7,8,44.7,1,HIGH
STU-02603,2,low_cost_private,2025,Term3_Apr_Jul,18.0,0,84.0,0,69.9,0,LOW
STU-02604,3,public_state,2024,Term1_Sep_Dec,60,0,56.2,9,35.5,5,HIGH
STU-02605,2,low_cost_private,2023,Term2_Jan_Apr,48.7,0,49.3,4,35.4,4,HIGH
STU-02606,2,low_cost_private,2023,Term1_Sep_Dec,16.4,0,86.7,2,65.6,0,LOW
STU-02607,2,low_cost_private,2024,Term2_Jan_Apr,109.9,0,54.8,10,37.5,4,HIGH
STU-02608,3,public_state,2025,Term3_Apr_Jul,20.6,0,32.6,8,20,4,HIGH
STU-02609,3,public_state,2025,Term2_Jan_Apr,24.9,0,73.0,3,25,3,MEDIUM
STU-02610,1,elite_private,2023,Term1_Sep_Dec,0,1,97.6,3,91.3,0,LOW
STU-02611,2,low_cost_private,2023,Term2_Jan_Apr,69.3,0,45.1,12,39.1,4,HIGH
STU-02612,2,low_cost_private,2024,Term1_Sep_Dec,37.5,0,54.2,11,32.7,2,HIGH
STU-02613,1,elite_private,2025,Term2_Jan_Apr,0,1,99.2,1,90.2,0,LOW
STU-02614,2,low_cost_private,2025,Term2_Jan_Apr,10.1,0,83.6,1,51.7,2,LOW
STU-02615,1,elite_private,2023,Term2_Jan_Apr,0,1,100,0,92.6,0,LOW
STU-02616,2,low_cost_private,2025,Term3_Apr_Jul,15.3,0,87.9,1,73.5,0,LOW
STU-02617,1,elite_private,2024,Term3_Apr_Jul,7.9,0,74.2,3,85,0,LOW
STU-02618,2,low_cost_private,2025,Term1_Sep_Dec,26.0,0,77.7,0,25,3,MEDIUM
STU-02619,3,public_state,2023,Term1_Sep_Dec,12.6,0,66.2,1,59.6,3,MEDIUM
STU-02620,3,public_state,2023,Term1_Sep_Dec,19.9,0,54.7,3,29.4,4,HIGH
STU-02621,1,elite_private,2024,Term3_Apr_Jul,0.9,0,97.1,2,85.9,0,LOW
STU-02622,2,low_cost_private,2024,Term2_Jan_Apr,13.6,0,85.9,0,75.5,0,LOW
STU-02623,2,low_cost_private,2024,Term3_Apr_Jul,15.2,0,86.3,1,73.4,0,LOW
STU-02624,2,low_cost_private,2025,Term1_Sep_Dec,27.9,0,24.7,15,28.0,4,HIGH
STU-02625,1,elite_private,2023,Term2_Jan_Apr,8.4,0,61.5,5,79.1,0,LOW
STU-02626,2,low_cost_private,2023,Term1_Sep_Dec,61.0,0,43.9,7,40.8,2,HIGH
STU-02627,1,elite_private,2023,Term1_Sep_Dec,0,1,99.2,1,83.3,0,LOW
STU-02628,3,public_state,2023,Term1_Sep_Dec,22.1,0,50.7,7,20.8,5,HIGH
STU-02629,2,low_cost_private,2025,Term3_Apr_Jul,58.4,0,56.2,10,36.3,5,HIGH
STU-02630,1,elite_private,2025,Term3_Apr_Jul,0,1,100,0,91.1,0,LOW
STU-02631,2,low_cost_private,2024,Term2_Jan_Apr,79.9,0,65.6,1,34.8,3,HIGH
STU-02632,2,low_cost_private,2023,Term1_Sep_Dec,18.3,0,93.6,0,85.8,0,LOW
STU-02633,2,low_cost_private,2023,Term2_Jan_Apr,39.3,0,49.7,12,22.0,5,HIGH
STU-02634,2,low_cost_private,2023,Term2_Jan_Apr,19.8,0,92.2,1,79.7,0,LOW
STU-02635,2,low_cost_private,2024,Term1_Sep_Dec,42.7,0,41.2,9,32.1,4,HIGH
STU-02636,1,elite_private,2024,Term1_Sep_Dec,0,1,84.7,1,61.6,0,LOW
STU-02637,3,public_state,2023,Term3_Apr_Jul,29.9,0,36.9,1,20,4,HIGH
STU-02638,1,elite_private,2025,Term1_Sep_Dec,0,1,98.8,1,96.9,0,LOW
STU-02639,1,elite_private,2025,Term2_Jan_Apr,12.3,0,88.1,2,76.1,0,LOW
STU-02640,3,public_state,2025,Term1_Sep_Dec,20.9,0,61.8,0,38.5,4,MEDIUM
STU-02641,2,low_cost_private,2023,Term1_Sep_Dec,23.3,0,58.4,1,24.8,3,MEDIUM
STU-02642,2,low_cost_private,2023,Term3_Apr_Jul,68.4,0,59.4,13,40.3,2,HIGH
STU-02643,1,elite_private,2023,Term2_Jan_Apr,11.8,0,68.5,6,85,0,LOW
STU-02644,3,public_state,2025,Term3_Apr_Jul,46.1,0,52.9,5,27.9,6,HIGH
STU-02645,1,elite_private,2023,Term1_Sep_Dec,0.3,0,99.2,1,95.0,0,LOW
STU-02646,3,public_state,2024,Term3_Apr_Jul,17.2,0,46.5,1,50.2,1,MEDIUM
STU-02647,2,low_cost_private,2025,Term1_Sep_Dec,73.5,0,54.8,6,35.5,5,HIGH
STU-02648,2,low_cost_private,2023,Term2_Jan_Apr,14.7,0,85.6,0,77.7,0,LOW
STU-02649,1,elite_private,2023,Term1_Sep_Dec,0,1,100,0,90.7,0,LOW
STU-02650,1,elite_private,2024,Term3_Apr_Jul,0,1,98.4,2,94.7,0,LOW
STU-02651,2,low_cost_private,2025,Term3_Apr_Jul,33.6,0,48.4,12,30.6,2,HIGH
STU-02652,2,low_cost_private,2024,Term2_Jan_Apr,70.9,0,43.8,9,54.2,2,HIGH
STU-02653,1,elite_private,2024,Term3_Apr_Jul,0.2,0,75.2,0,85,0,LOW
STU-02654,1,elite_private,2024,Term2_Jan_Apr,0.3,0,98.1,2,87.1,0,LOW
STU-02655,3,public_state,2024,Term2_Jan_Apr,32.4,0,54.1,3,42.0,2,MEDIUM
STU-02656,2,low_cost_private,2025,Term1_Sep_Dec,90.7,0,50.9,13,45.2,3,HIGH
STU-02657,2,low_cost_private,2024,Term2_Jan_Apr,55.1,0,63.6,4,35.2,2,HIGH
STU-02658,1,elite_private,2025,Term1_Sep_Dec,6.3,0,78.4,0,57.0,1,LOW
STU-02659,3,public_state,2024,Term1_Sep_Dec,17.2,0,55.2,9,40.6,3,HIGH
STU-02660,2,low_cost_private,2025,Term1_Sep_Dec,28.8,0,70.0,1,66.6,1,LOW
STU-02661,1,elite_private,2024,Term1_Sep_Dec,13.7,0,54.0,1,50.7,2,MEDIUM
STU-02662,3,public_state,2025,Term3_Apr_Jul,60,0,48.8,5,20,5,HIGH
STU-02663,2,low_cost_private,2025,Term3_Apr_Jul,47.5,0,31.3,9,51.5,2,HIGH
STU-02664,3,public_state,2024,Term1_Sep_Dec,16.8,0,74.3,3,44.4,4,MEDIUM
STU-02665,3,public_state,2024,Term3_Apr_Jul,5.4,0,45.4,4,20,3,HIGH
STU-02666,1,elite_private,2023,Term3_Apr_Jul,14,0,,,,,WITHDRAWN
STU-02667,3,public_state,2023,Term2_Jan_Apr,16.4,0,58.6,1,25.1,4,MEDIUM
STU-02668,2,low_cost_private,2025,Term1_Sep_Dec,18.6,0,62.5,0,58.4,2,MEDIUM
STU-02669,2,low_cost_private,2025,Term3_Apr_Jul,62.1,0,77.0,4,29.8,5,HIGH
STU-02670,3,public_state,2024,Term2_Jan_Apr,15.3,0,53.5,4,60.9,0,MEDIUM
STU-02671,1,elite_private,2023,Term1_Sep_Dec,0,1,100,0,91.5,0,LOW
STU-02672,2,low_cost_private,2023,Term2_Jan_Apr,22.6,0,62.7,2,62.1,0,MEDIUM
STU-02673,3,public_state,2023,Term1_Sep_Dec,16.0,0,53.4,15,31.9,2,HIGH
STU-02674,1,elite_private,2025,Term1_Sep_Dec,14,0,,,,,WITHDRAWN
STU-02675,2,low_cost_private,2023,Term2_Jan_Apr,68.2,0,47.8,7,34.4,5,HIGH
STU-02676,1,elite_private,2025,Term2_Jan_Apr,1.9,0,76.5,1,56.6,2,LOW
STU-02677,1,elite_private,2024,Term3_Apr_Jul,0,1,99.2,1,87.9,0,LOW
STU-02678,1,elite_private,2024,Term3_Apr_Jul,3.3,0,79.7,2,61.9,0,LOW
STU-02679,1,elite_private,2025,Term3_Apr_Jul,0,1,99.2,1,100,0,LOW
STU-02680,3,public_state,2023,Term3_Apr_Jul,0,1,38.4,3,26.6,2,MEDIUM
STU-02681,2,low_cost_private,2023,Term3_Apr_Jul,25.8,0,15,12,20,4,HIGH
STU-02682,1,elite_private,2024,Term2_Jan_Apr,0,1,99.2,1,81.3,0,LOW
STU-02683,2,low_cost_private,2025,Term3_Apr_Jul,43.0,0,24.1,13,51.4,3,HIGH
STU-02684,2,low_cost_private,2025,Term3_Apr_Jul,74.3,0,60.3,5,51.6,2,HIGH
STU-02685,1,elite_private,2025,Term1_Sep_Dec,0,1,99.2,1,89.0,0,LOW
STU-02686,3,public_state,2025,Term3_Apr_Jul,19.6,0,28.7,2,37.8,4,HIGH
STU-02687,2,low_cost_private,2023,Term3_Apr_Jul,32.3,0,52.7,4,55.8,0,MEDIUM
STU-02688,2,low_cost_private,2023,Term2_Jan_Apr,24.3,0,35.6,15,26.9,2,HIGH
STU-02689,2,low_cost_private,2023,Term3_Apr_Jul,63.3,0,41.8,5,42.1,3,HIGH
STU-02690,1,elite_private,2023,Term3_Apr_Jul,0,1,100,0,98.0,0,LOW
STU-02691,1,elite_private,2023,Term3_Apr_Jul,14,0,,,,,WITHDRAWN
STU-02692,1,elite_private,2025,Term1_Sep_Dec,14,0,,,,,WITHDRAWN
STU-02693,2,low_cost_private,2023,Term2_Jan_Apr,61.0,0,51.8,4,37.5,4,HIGH
STU-02694,3,public_state,2023,Term2_Jan_Apr,18.1,0,72.0,1,55.5,2,MEDIUM
STU-02695,2,low_cost_private,2025,Term1_Sep_Dec,63.3,0,65.7,2,49.3,1,MEDIUM
STU-02696,2,low_cost_private,2024,Term3_Apr_Jul,25.7,0,54.7,0,33.8,5,MEDIUM
STU-02697,1,elite_private,2025,Term3_Apr_Jul,14,0,,,,,WITHDRAWN
STU-02698,2,low_cost_private,2023,Term1_Sep_Dec,18.4,0,88.5,1,71.2,0,LOW
STU-02699,2,low_cost_private,2025,Term1_Sep_Dec,36.3,0,41.1,12,30.6,3,HIGH
STU-02700,3,public_state,2023,Term1_Sep_Dec,18.0,0,63.4,5,49.4,0,MEDIUM
STU-02701,2,low_cost_private,2023,Term3_Apr_Jul,39.7,0,43.0,11,34.7,3,HIGH
STU-02702,3,public_state,2025,Term3_Apr_Jul,52.9,0,48.0,6,36.0,4,HIGH
STU-02703,2,low_cost_private,2023,Term1_Sep_Dec,17.6,0,85.7,1,75.3,0,LOW
STU-02704,2,low_cost_private,2025,Term1_Sep_Dec,35.5,0,57.6,7,22.8,2,HIGH
STU-02705,1,elite_private,2023,Term1_Sep_Dec,0,1,99.3,0,85.4,0,LOW
STU-02706,3,public_state,2023,Term3_Apr_Jul,7.4,0,33.8,10,20,3,HIGH
STU-02707,1,elite_private,2025,Term3_Apr_Jul,0,1,96.8,4,93.1,0,LOW
STU-02708,2,low_cost_private,2025,Term1_Sep_Dec,37.9,0,45.1,13,23.7,4,HIGH
STU-02709,1,elite_private,2025,Term1_Sep_Dec,0,1,63.0,2,61.6,0,LOW
STU-02710,2,low_cost_private,2024,Term2_Jan_Apr,29.6,0,32.1,9,20.0,3,HIGH
STU-02711,2,low_cost_private,2025,Term1_Sep_Dec,22.6,0,44.3,7,38.9,4,HIGH
STU-02712,2,low_cost_private,2024,Term2_Jan_Apr,66.3,0,58.8,9,38.4,3,HIGH
STU-02713,3,public_state,2024,Term3_Apr_Jul,18.1,0,49.2,0,43.8,2,MEDIUM
STU-02714,2,low_cost_private,2024,Term1_Sep_Dec,11.2,0,42.2,9,48.2,2,MEDIUM
STU-02715,1,elite_private,2023,Term3_Apr_Jul,0,1,100,0,89.5,0,LOW
STU-02716,2,low_cost_private,2025,Term2_Jan_Apr,10.9,0,38.9,0,41.4,2,MEDIUM
STU-02717,1,elite_private,2024,Term2_Jan_Apr,0,1,98.7,1,87.8,0,LOW
STU-02718,2,low_cost_private,2023,Term1_Sep_Dec,16.4,0,86.8,0,75.2,0,LOW
STU-02719,1,elite_private,2024,Term1_Sep_Dec,0,1,100,0,100,0,LOW
STU-02720,1,elite_private,2023,Term3_Apr_Jul,0,1,97.6,3,92.9,0,LOW
STU-02721,1,elite_private,2025,Term3_Apr_Jul,0,1,100,0,95.2,0,LOW
STU-02722,1,elite_private,2023,Term1_Sep_Dec,0,1,98.4,2,97.1,0,LOW
STU-02723,3,public_state,2024,Term2_Jan_Apr,13.1,0,48.7,3,41.6,3,MEDIUM
STU-02724,2,low_cost_private,2025,Term2_Jan_Apr,30.6,0,38.3,11,42.9,5,HIGH
STU-02725,3,public_state,2024,Term2_Jan_Apr,28.7,0,51.8,0,20,3,MEDIUM
STU-02726,3,public_state,2023,Term2_Jan_Apr,12.7,0,34.0,7,40.0,3,HIGH
STU-02727,1,elite_private,2023,Term1_Sep_Dec,3.3,0,99.2,1,90.3,0,LOW
STU-02728,3,public_state,2024,Term1_Sep_Dec,8.0,0,43.3,4,20,5,HIGH
STU-02729,3,public_state,2025,Term1_Sep_Dec,14.2,0,51.4,2,48.3,1,MEDIUM
STU-02730,1,elite_private,2025,Term1_Sep_Dec,3.0,0,65.7,1,65.0,0,LOW
STU-02731,1,elite_private,2023,Term2_Jan_Apr,4.0,0,66.4,1,83.0,1,LOW
STU-02732,1,elite_private,2023,Term1_Sep_Dec,0,1,99.2,1,89.8,0,LOW
STU-02733,1,elite_private,2024,Term3_Apr_Jul,0,1,98.4,2,96.3,0,LOW
STU-02734,3,public_state,2023,Term3_Apr_Jul,27.7,0,62.7,12,20,5,HIGH
STU-02735,2,low_cost_private,2023,Term2_Jan_Apr,54.7,0,65.4,13,40.0,2,MEDIUM
STU-02736,3,public_state,2024,Term2_Jan_Apr,9.2,0,76.4,10,28.2,4,MEDIUM
STU-02737,1,elite_private,2023,Term1_Sep_Dec,2.7,0,72.6,0,51.1,2,LOW
STU-02738,2,low_cost_private,2024,Term1_Sep_Dec,34.9,0,52.0,9,28.6,6,HIGH
STU-02739,2,low_cost_private,2025,Term3_Apr_Jul,65.9,0,41.8,13,28.8,4,HIGH
STU-02740,2,low_cost_private,2024,Term3_Apr_Jul,19.9,0,86.5,0,58.6,0,LOW
STU-02741,2,low_cost_private,2023,Term3_Apr_Jul,103.0,0,35.8,12,31.6,5,HIGH
STU-02742,2,low_cost_private,2024,Term2_Jan_Apr,21.9,0,88.6,0,74.1,0,LOW
STU-02743,3,public_state,2024,Term1_Sep_Dec,5,0,62.9,0,41.4,3,MEDIUM
STU-02744,2,low_cost_private,2023,Term3_Apr_Jul,46.9,0,46.4,8,32.4,5,HIGH
STU-02745,3,public_state,2025,Term1_Sep_Dec,18.3,0,65.5,0,52.6,2,MEDIUM
STU-02746,1,elite_private,2023,Term3_Apr_Jul,0,1,100,0,91.0,0,LOW
STU-02747,2,low_cost_private,2025,Term2_Jan_Apr,37.0,0,72.0,0,32.1,2,MEDIUM
STU-02748,2,low_cost_private,2024,Term3_Apr_Jul,17.8,0,83.7,0,77.1,0,LOW
STU-02749,2,low_cost_private,2024,Term2_Jan_Apr,12.5,0,58.8,8,52.7,3,MEDIUM
STU-02750,2,low_cost_private,2024,Term1_Sep_Dec,19.6,0,42.3,7,67.9,0,MEDIUM
STU-02751,3,public_state,2023,Term3_Apr_Jul,8.4,0,83.4,0,69.8,0,LOW
STU-02752,3,public_state,2025,Term2_Jan_Apr,60,0,56.6,10,44.0,3,HIGH
STU-02753,1,elite_private,2025,Term1_Sep_Dec,8.1,0,69.8,1,54.0,0,LOW
STU-02754,1,elite_private,2023,Term3_Apr_Jul,0,1,99.0,1,97.2,0,LOW
STU-02755,1,elite_private,2025,Term2_Jan_Apr,0,1,98.1,0,82.0,0,LOW
STU-02756,3,public_state,2024,Term3_Apr_Jul,23.8,0,23.4,6,20,2,HIGH
STU-02757,1,elite_private,2023,Term2_Jan_Apr,14,0,,,,,WITHDRAWN
STU-02758,2,low_cost_private,2024,Term2_Jan_Apr,61.8,0,51.9,4,45.9,2,HIGH
STU-02759,2,low_cost_private,2024,Term3_Apr_Jul,25.1,0,62.4,4,20,5,HIGH
STU-02760,2,low_cost_private,2024,Term3_Apr_Jul,66.8,0,59.7,8,48.0,2,HIGH
STU-02761,2,low_cost_private,2023,Term1_Sep_Dec,18.0,0,86.8,0,72.6,0,LOW
STU-02762,1,elite_private,2024,Term2_Jan_Apr,5.4,0,48.8,6,38.3,2,MEDIUM
STU-02763,2,low_cost_private,2025,Term3_Apr_Jul,90.9,0,44.2,13,23.1,5,HIGH
STU-02764,2,low_cost_private,2023,Term1_Sep_Dec,18.6,0,19.8,14,20,6,HIGH
STU-02765,2,low_cost_private,2024,Term3_Apr_Jul,14.1,0,77.8,12,68.6,0,LOW
STU-02766,2,low_cost_private,2025,Term3_Apr_Jul,88.6,0,37.3,13,31.0,5,HIGH
STU-02767,1,elite_private,2023,Term3_Apr_Jul,0,1,60.5,3,85,1,MEDIUM
STU-02768,3,public_state,2024,Term2_Jan_Apr,24.2,0,66.3,2,25,4,MEDIUM
STU-02769,2,low_cost_private,2025,Term1_Sep_Dec,29.3,0,49.3,0,38.3,3,MEDIUM
STU-02770,2,low_cost_private,2024,Term1_Sep_Dec,50.9,0,71.4,0,43.4,3,MEDIUM
STU-02771,2,low_cost_private,2024,Term3_Apr_Jul,46.5,0,57.6,0,50.6,3,MEDIUM
STU-02772,2,low_cost_private,2025,Term1_Sep_Dec,17.9,0,36.2,6,20,4,HIGH
STU-02773,2,low_cost_private,2025,Term1_Sep_Dec,38.8,0,51.6,4,33.1,4,HIGH
STU-02774,2,low_cost_private,2025,Term1_Sep_Dec,41.3,0,39.7,13,51.9,1,HIGH
STU-02775,2,low_cost_private,2024,Term3_Apr_Jul,21.4,0,53.2,1,34.7,3,MEDIUM
STU-02776,3,public_state,2024,Term1_Sep_Dec,20.3,0,64.0,7,30.1,5,HIGH
STU-02777,1,elite_private,2023,Term3_Apr_Jul,0,1,64.8,4,57.3,1,MEDIUM
STU-02778,3,public_state,2024,Term1_Sep_Dec,25.8,0,48.5,1,36.7,4,HIGH
STU-02779,2,low_cost_private,2024,Term1_Sep_Dec,51.9,0,47.3,0,49.8,2,MEDIUM
STU-02780,2,low_cost_private,2024,Term3_Apr_Jul,31.9,0,53.6,8,35.7,3,HIGH
STU-02781,1,elite_private,2025,Term3_Apr_Jul,0,1,98.7,0,84.9,0,LOW
STU-02782,3,public_state,2023,Term1_Sep_Dec,24.9,0,30.8,9,24.7,3,HIGH
STU-02783,3,public_state,2024,Term2_Jan_Apr,34.8,0,55.2,7,22.3,4,HIGH
STU-02784,2,low_cost_private,2023,Term1_Sep_Dec,15.9,0,49.7,4,33.0,3,HIGH
STU-02785,1,elite_private,2024,Term2_Jan_Apr,0,1,100,0,90.7,0,LOW
STU-02786,2,low_cost_private,2025,Term2_Jan_Apr,26.9,0,47.8,13,36.9,4,HIGH
STU-02787,1,elite_private,2025,Term3_Apr_Jul,4.0,0,78.0,1,62.3,0,LOW
STU-02788,1,elite_private,2025,Term1_Sep_Dec,0,1,100,0,85.3,0,LOW
STU-02789,2,low_cost_private,2025,Term3_Apr_Jul,56.6,0,23.7,13,46.3,2,HIGH
STU-02790,3,public_state,2024,Term2_Jan_Apr,15.3,0,64.6,7,40.0,2,MEDIUM
STU-02791,2,low_cost_private,2024,Term3_Apr_Jul,52.1,0,42.7,4,29.1,5,HIGH
STU-02792,2,low_cost_private,2025,Term1_Sep_Dec,18.8,0,39.3,12,20,3,HIGH
STU-02793,2,low_cost_private,2025,Term3_Apr_Jul,32.0,0,48.3,6,32.9,4,HIGH
STU-02794,2,low_cost_private,2023,Term2_Jan_Apr,54.2,0,64.9,0,29.2,4,MEDIUM
STU-02795,1,elite_private,2024,Term1_Sep_Dec,0,1,99.2,1,87.3,0,LOW
STU-02796,3,public_state,2025,Term1_Sep_Dec,32.3,0,55.3,6,27.4,3,HIGH
STU-02797,1,elite_private,2024,Term1_Sep_Dec,14,0,,,,,WITHDRAWN
STU-02798,1,elite_private,2023,Term3_Apr_Jul,0,1,69.1,1,66.1,0,LOW
STU-02799,2,low_cost_private,2024,Term2_Jan_Apr,75.7,0,47.5,1,39.8,5,HIGH
STU-02800,2,low_cost_private,2023,Term1_Sep_Dec,56.1,0,45.9,7,47.6,3,HIGH
STU-02801,3,public_state,2023,Term2_Jan_Apr,29.7,0,57.0,4,39.8,3,HIGH
STU-02802,3,public_state,2023,Term3_Apr_Jul,14.8,0,36.5,0,42.1,2,MEDIUM
STU-02803,3,public_state,2024,Term3_Apr_Jul,29.8,0,15.9,7,22.2,3,HIGH
STU-02804,2,low_cost_private,2025,Term1_Sep_Dec,47.5,0,21.4,14,37.0,6,HIGH
STU-02805,3,public_state,2025,Term1_Sep_Dec,6.9,0,92.4,2,70.5,0,LOW
STU-02806,1,elite_private,2023,Term1_Sep_Dec,14,0,,,,,WITHDRAWN
STU-02807,3,public_state,2025,Term1_Sep_Dec,19.3,0,62.8,8,39.2,4,HIGH
STU-02808,3,public_state,2023,Term1_Sep_Dec,54.6,0,51.3,2,48.4,1,MEDIUM
STU-02809,2,low_cost_private,2023,Term1_Sep_Dec,16.9,0,88.5,1,74.6,0,LOW
STU-02810,3,public_state,2025,Term3_Apr_Jul,16.6,0,29.1,9,22.1,3,HIGH
STU-02811,3,public_state,2024,Term2_Jan_Apr,9.8,0,61.2,0,66.5,0,LOW
STU-02812,1,elite_private,2025,Term3_Apr_Jul,0,1,100,0,85.4,0,LOW
STU-02813,3,public_state,2024,Term1_Sep_Dec,28.6,0,56.4,3,57.6,1,MEDIUM
STU-02814,3,public_state,2025,Term3_Apr_Jul,25.3,0,46.1,11,39.6,5,HIGH
STU-02815,1,elite_private,2023,Term3_Apr_Jul,0.2,0,98.4,2,85.7,0,LOW
STU-02816,3,public_state,2025,Term3_Apr_Jul,18.9,0,50.5,1,48.6,2,MEDIUM
STU-02817,1,elite_private,2025,Term2_Jan_Apr,0,1,99.2,1,83.8,0,LOW
STU-02818,1,elite_private,2025,Term1_Sep_Dec,14,0,,,,,WITHDRAWN
STU-02819,2,low_cost_private,2024,Term2_Jan_Apr,64.9,0,36.0,11,31.2,4,HIGH
STU-02820,1,elite_private,2024,Term3_Apr_Jul,0,1,100,0,93.0,0,LOW
STU-02821,3,public_state,2023,Term3_Apr_Jul,23.8,0,58.5,6,42.7,2,MEDIUM
STU-02822,3,public_state,2024,Term1_Sep_Dec,7.5,0,92.8,0,60,0,LOW
STU-02823,2,low_cost_private,2024,Term3_Apr_Jul,22.0,0,83.6,0,74.8,0,LOW
STU-02824,2,low_cost_private,2024,Term2_Jan_Apr,26.8,0,63.8,0,54.5,2,MEDIUM
STU-02825,2,low_cost_private,2023,Term1_Sep_Dec,36.2,0,54.4,4,25.9,4,HIGH
STU-02826,3,public_state,2023,Term3_Apr_Jul,9.6,0,78.4,2,80.7,0,LOW
STU-02827,3,public_state,2023,Term1_Sep_Dec,30.2,0,67.5,7,25,2,HIGH
STU-02828,3,public_state,2025,Term2_Jan_Apr,19.7,0,63.9,1,43.0,2,MEDIUM
STU-02829,3,public_state,2025,Term2_Jan_Apr,27.9,0,62.8,1,28.4,4,MEDIUM
STU-02830,1,elite_private,2025,Term1_Sep_Dec,14,0,,,,,WITHDRAWN
STU-02831,2,low_cost_private,2024,Term2_Jan_Apr,17.1,0,90.1,1,85.2,0,LOW
STU-02832,2,low_cost_private,2024,Term3_Apr_Jul,44.4,0,56.6,4,20,4,HIGH
STU-02833,3,public_state,2025,Term3_Apr_Jul,16.4,0,56.6,0,34.9,2,MEDIUM
STU-02834,2,low_cost_private,2025,Term3_Apr_Jul,76.4,0,61.8,13,36.1,4,HIGH
STU-02835,2,low_cost_private,2023,Term1_Sep_Dec,60.3,0,71.2,8,47.5,1,HIGH
STU-02836,2,low_cost_private,2024,Term2_Jan_Apr,20.9,0,51.7,4,40.9,2,MEDIUM
STU-02837,1,elite_private,2025,Term2_Jan_Apr,0,1,100,0,88.5,0,LOW
STU-02838,3,public_state,2024,Term2_Jan_Apr,21.2,0,62.8,1,28.0,3,MEDIUM
STU-02839,1,elite_private,2024,Term3_Apr_Jul,14,0,,,,,WITHDRAWN
STU-02840,2,low_cost_private,2023,Term3_Apr_Jul,55.5,0,53.5,5,41.9,2,MEDIUM
STU-02841,1,elite_private,2024,Term3_Apr_Jul,0,1,100,0,100,0,LOW
STU-02842,2,low_cost_private,2025,Term2_Jan_Apr,76.4,0,58.2,0,58.0,1,MEDIUM
STU-02843,2,low_cost_private,2023,Term3_Apr_Jul,19.7,0,87.2,0,78.3,0,LOW
STU-02844,2,low_cost_private,2025,Term3_Apr_Jul,69.9,0,49.6,1,25.3,4,HIGH
STU-02845,2,low_cost_private,2024,Term2_Jan_Apr,93.6,0,67.2,4,46.2,3,HIGH
STU-02846,3,public_state,2025,Term3_Apr_Jul,14.8,0,63.2,8,48.6,2,MEDIUM
STU-02847,1,elite_private,2023,Term3_Apr_Jul,0,1,100,0,86.9,0,LOW
STU-02848,2,low_cost_private,2024,Term2_Jan_Apr,28.6,0,56.5,0,65.3,0,LOW
STU-02849,2,low_cost_private,2025,Term2_Jan_Apr,20.3,0,51.9,11,30.4,4,HIGH
STU-02850,3,public_state,2025,Term2_Jan_Apr,44.9,0,65.0,3,41.7,3,MEDIUM
STU-02851,2,low_cost_private,2025,Term3_Apr_Jul,27.3,0,52.9,0,44.0,3,MEDIUM
STU-02852,3,public_state,2025,Term3_Apr_Jul,60,0,44.5,7,38.0,4,HIGH
STU-02853,1,elite_private,2024,Term1_Sep_Dec,0,1,99.2,1,86.3,0,LOW
STU-02854,1,elite_private,2023,Term2_Jan_Apr,0,1,99.6,0,96.5,0,LOW
STU-02855,3,public_state,2025,Term3_Apr_Jul,32.6,0,49.0,3,20,4,HIGH
STU-02856,1,elite_private,2025,Term2_Jan_Apr,1.6,0,68.3,1,81.5,0,LOW
STU-02857,2,low_cost_private,2023,Term3_Apr_Jul,41.8,0,36.6,6,31.4,5,HIGH
STU-02858,3,public_state,2023,Term2_Jan_Apr,29.0,0,45.2,3,39.9,3,HIGH
STU-02859,2,low_cost_private,2025,Term2_Jan_Apr,41.9,0,57.4,0,31.1,5,HIGH
STU-02860,1,elite_private,2023,Term3_Apr_Jul,0,1,99.2,1,88.0,0,LOW
STU-02861,2,low_cost_private,2023,Term2_Jan_Apr,30.6,0,56.7,6,45.6,3,HIGH
STU-02862,3,public_state,2025,Term2_Jan_Apr,17.2,0,70.1,1,53.0,1,MEDIUM
STU-02863,2,low_cost_private,2024,Term3_Apr_Jul,73.9,0,57.1,4,47.6,2,HIGH
STU-02864,1,elite_private,2024,Term3_Apr_Jul,3.1,0,81.9,0,61.2,0,LOW
STU-02865,2,low_cost_private,2025,Term1_Sep_Dec,27.1,0,54.3,1,20,2,MEDIUM
STU-02866,2,low_cost_private,2023,Term3_Apr_Jul,28.2,0,50.0,0,42.8,3,MEDIUM
STU-02867,1,elite_private,2023,Term1_Sep_Dec,0,1,100,0,80.5,0,LOW
STU-02868,2,low_cost_private,2024,Term2_Jan_Apr,35.9,0,63.0,0,34.7,3,MEDIUM
STU-02869,2,low_cost_private,2025,Term2_Jan_Apr,36.2,0,38.7,4,24.7,5,HIGH
STU-02870,2,low_cost_private,2024,Term1_Sep_Dec,15.7,0,44.1,10,66.9,1,MEDIUM
STU-02871,3,public_state,2023,Term1_Sep_Dec,5.3,0,94.5,0,70.1,0,LOW
STU-02872,3,public_state,2024,Term2_Jan_Apr,15.1,0,32.5,10,20,4,HIGH
STU-02873,2,low_cost_private,2025,Term2_Jan_Apr,54.0,0,53.0,5,32.5,5,HIGH
STU-02874,3,public_state,2024,Term3_Apr_Jul,18.9,0,33.0,0,24.0,5,HIGH
STU-02875,2,low_cost_private,2025,Term3_Apr_Jul,82.1,0,31.6,13,42.8,3,HIGH
STU-02876,1,elite_private,2023,Term1_Sep_Dec,12.7,0,61.1,1,61.1,0,LOW
STU-02877,2,low_cost_private,2025,Term2_Jan_Apr,33.4,0,45.8,4,35.0,6,HIGH
STU-02878,3,public_state,2025,Term3_Apr_Jul,25.4,0,19.2,1,25.0,3,HIGH
STU-02879,3,public_state,2023,Term3_Apr_Jul,29.9,0,64.0,1,35.0,3,MEDIUM
STU-02880,3,public_state,2023,Term3_Apr_Jul,29.1,0,44.2,0,27.7,3,MEDIUM
STU-02881,2,low_cost_private,2024,Term3_Apr_Jul,43.8,0,41.6,8,24.1,2,HIGH
STU-02882,3,public_state,2023,Term1_Sep_Dec,7.6,0,40.9,5,47.3,1,MEDIUM
STU-02883,1,elite_private,2023,Term2_Jan_Apr,1.1,0,60.2,2,53.2,0,MEDIUM
STU-02884,2,low_cost_private,2024,Term3_Apr_Jul,60.9,0,33.9,13,55.7,0,HIGH
STU-02885,1,elite_private,2024,Term3_Apr_Jul,0,1,99.2,1,89.7,0,LOW
STU-02886,3,public_state,2024,Term3_Apr_Jul,4.6,0,79.6,1,75.4,0,LOW
STU-02887,1,elite_private,2025,Term3_Apr_Jul,14,0,,,,,WITHDRAWN
STU-02888,2,low_cost_private,2023,Term2_Jan_Apr,76.8,0,67.3,7,30.1,5,HIGH
STU-02889,1,elite_private,2024,Term1_Sep_Dec,13.3,0,68.7,4,51.1,2,MEDIUM
STU-02890,1,elite_private,2023,Term2_Jan_Apr,0,1,97.9,0,90.4,0,LOW
STU-02891,1,elite_private,2023,Term3_Apr_Jul,14,0,,,,,WITHDRAWN
STU-02892,3,public_state,2023,Term2_Jan_Apr,23.3,0,56.6,3,55.7,1,MEDIUM
STU-02893,2,low_cost_private,2024,Term1_Sep_Dec,16.5,0,91.4,0,69.3,0,LOW
STU-02894,1,elite_private,2025,Term2_Jan_Apr,0,1,98.4,2,97.1,0,LOW
STU-02895,3,public_state,2025,Term2_Jan_Apr,19.0,0,68.3,0,33.3,4,MEDIUM
STU-02896,2,low_cost_private,2024,Term2_Jan_Apr,26.4,0,18.6,4,20,3,HIGH
STU-02897,1,elite_private,2024,Term1_Sep_Dec,14,0,,,,,WITHDRAWN
STU-02898,1,elite_private,2025,Term1_Sep_Dec,3.6,0,75.3,0,52.0,2,LOW
STU-02899,1,elite_private,2024,Term1_Sep_Dec,7.3,0,83.9,0,69.0,1,LOW
STU-02900,2,low_cost_private,2024,Term1_Sep_Dec,36.1,0,48.9,7,20,3,HIGH
STU-02901,3,public_state,2023,Term3_Apr_Jul,28.7,0,47.1,13,24.7,6,HIGH
STU-02902,3,public_state,2023,Term2_Jan_Apr,14.6,0,64.1,0,33.1,3,MEDIUM
STU-02903,2,low_cost_private,2024,Term2_Jan_Apr,67.5,0,47.1,15,26.5,6,HIGH
STU-02904,2,low_cost_private,2023,Term1_Sep_Dec,27.1,0,68.3,0,43.4,4,MEDIUM
STU-02905,1,elite_private,2024,Term1_Sep_Dec,0,1,83.3,1,54.1,0,LOW
STU-02906,2,low_cost_private,2023,Term1_Sep_Dec,16.4,0,45.8,14,48.7,2,HIGH
STU-02907,1,elite_private,2024,Term1_Sep_Dec,0,1,100,0,81.5,0,LOW
STU-02908,2,low_cost_private,2024,Term3_Apr_Jul,16.3,0,81.8,0,73.4,0,LOW
STU-02909,3,public_state,2024,Term1_Sep_Dec,56.5,0,48.8,3,58.2,0,MEDIUM
STU-02910,3,public_state,2025,Term3_Apr_Jul,17.3,0,50.5,7,46.7,0,MEDIUM
STU-02911,3,public_state,2025,Term3_Apr_Jul,23.2,0,42.8,1,63.9,0,MEDIUM
STU-02912,2,low_cost_private,2024,Term1_Sep_Dec,91.6,0,45.1,0,28.7,4,HIGH
STU-02913,1,elite_private,2024,Term1_Sep_Dec,0,1,98.4,2,81.9,0,LOW
STU-02914,3,public_state,2025,Term2_Jan_Apr,20.4,0,59.6,5,59.1,2,MEDIUM
STU-02915,3,public_state,2024,Term3_Apr_Jul,30.0,0,28.1,9,20,3,HIGH
STU-02916,2,low_cost_private,2024,Term1_Sep_Dec,43.4,0,41.5,15,45.9,1,HIGH
STU-02917,1,elite_private,2025,Term1_Sep_Dec,0,1,99.2,1,97.2,0,LOW
STU-02918,2,low_cost_private,2025,Term3_Apr_Jul,41.3,0,64.7,4,22.3,2,HIGH
STU-02919,3,public_state,2023,Term2_Jan_Apr,14.7,0,77.2,4,25,3,MEDIUM
STU-02920,1,elite_private,2023,Term3_Apr_Jul,0,1,99.2,1,86.0,0,LOW
STU-02921,3,public_state,2023,Term2_Jan_Apr,33.6,0,77.0,3,47.3,0,MEDIUM
STU-02922,1,elite_private,2024,Term1_Sep_Dec,0,1,99.2,1,83.2,0,LOW
STU-02923,3,public_state,2023,Term1_Sep_Dec,21.5,0,61.9,10,61.9,0,MEDIUM
STU-02924,2,low_cost_private,2023,Term3_Apr_Jul,42.3,0,32.9,12,38.0,3,HIGH
STU-02925,2,low_cost_private,2023,Term1_Sep_Dec,50.0,0,44.1,4,39.7,5,HIGH
STU-02926,2,low_cost_private,2024,Term1_Sep_Dec,49.7,0,48.3,10,39.0,3,HIGH
STU-02927,2,low_cost_private,2023,Term2_Jan_Apr,15.4,0,91.7,0,75.0,0,LOW
STU-02928,1,elite_private,2024,Term2_Jan_Apr,6.9,0,74.3,2,64.7,0,LOW
STU-02929,2,low_cost_private,2024,Term1_Sep_Dec,85.1,0,48.2,14,52.3,2,HIGH
STU-02930,1,elite_private,2023,Term1_Sep_Dec,0,1,98.4,2,89.3,0,LOW
STU-02931,1,elite_private,2025,Term1_Sep_Dec,0,1,87.5,0,55.5,4,LOW
STU-02932,3,public_state,2023,Term3_Apr_Jul,11.0,0,38.4,9,20,4,HIGH
STU-02933,1,elite_private,2024,Term1_Sep_Dec,0.4,0,100,0,87.5,0,LOW
STU-02934,2,low_cost_private,2023,Term2_Jan_Apr,64.8,0,53.0,7,58.8,0,MEDIUM
STU-02935,1,elite_private,2025,Term1_Sep_Dec,0,1,100,0,89.6,0,LOW
STU-02936,2,low_cost_private,2025,Term3_Apr_Jul,49.0,0,36.8,12,20,4,HIGH
STU-02937,2,low_cost_private,2025,Term1_Sep_Dec,29.6,0,80.7,2,61.9,0,LOW
STU-02938,2,low_cost_private,2023,Term3_Apr_Jul,26.7,0,47.6,10,27.2,3,HIGH
STU-02939,3,public_state,2024,Term1_Sep_Dec,16.6,0,50.9,4,20,2,MEDIUM
STU-02940,1,elite_private,2025,Term2_Jan_Apr,10.7,0,81.9,1,52.7,1,LOW
STU-02941,1,elite_private,2024,Term2_Jan_Apr,0,1,98.4,2,88.6,0,LOW
STU-02942,2,low_cost_private,2025,Term3_Apr_Jul,18.5,0,84.8,0,76.5,0,LOW
STU-02943,2,low_cost_private,2025,Term2_Jan_Apr,14.5,0,86.0,2,73.3,0,LOW
STU-02944,1,elite_private,2025,Term3_Apr_Jul,0,1,100,0,100,0,LOW
STU-02945,1,elite_private,2023,Term3_Apr_Jul,7.2,0,66.8,0,57.1,1,LOW
STU-02946,3,public_state,2024,Term2_Jan_Apr,30.6,0,73.6,3,51.0,0,MEDIUM
STU-02947,3,public_state,2024,Term2_Jan_Apr,4.2,0,43.3,11,50.1,3,HIGH
STU-02948,1,elite_private,2024,Term3_Apr_Jul,2.9,0,74.1,0,77.0,0,LOW
STU-02949,1,elite_private,2025,Term3_Apr_Jul,3.5,0,90.0,0,59.2,1,LOW
STU-02950,2,low_cost_private,2024,Term2_Jan_Apr,60.2,0,47.8,1,37.6,4,HIGH
STU-02951,2,low_cost_private,2023,Term2_Jan_Apr,22.2,0,56.0,2,24.9,5,HIGH
STU-02952,3,public_state,2025,Term1_Sep_Dec,7.9,0,51.0,1,32.2,2,MEDIUM
STU-02953,2,low_cost_private,2024,Term3_Apr_Jul,21.5,0,81.1,0,79.2,0,LOW
STU-02954,2,low_cost_private,2025,Term1_Sep_Dec,14.7,0,86.7,2,70.5,0,LOW
STU-02955,2,low_cost_private,2025,Term3_Apr_Jul,47.8,0,45.4,9,38.4,4,HIGH
STU-02956,2,low_cost_private,2025,Term1_Sep_Dec,31.4,0,35.1,7,43.9,2,HIGH
STU-02957,1,elite_private,2023,Term3_Apr_Jul,2.9,0,78.7,1,72.6,0,LOW
STU-02958,3,public_state,2025,Term2_Jan_Apr,18.2,0,66.3,1,54.4,2,MEDIUM
STU-02959,2,low_cost_private,2025,Term3_Apr_Jul,46.6,0,54.9,0,36.3,3,MEDIUM
STU-02960,3,public_state,2024,Term3_Apr_Jul,9.9,0,31.0,1,30.3,3,MEDIUM
STU-02961,2,low_cost_private,2023,Term1_Sep_Dec,58.4,0,63.0,10,33.4,3,HIGH
STU-02962,1,elite_private,2023,Term3_Apr_Jul,0,1,100,0,88.5,0,LOW
STU-02963,3,public_state,2023,Term2_Jan_Apr,12.8,0,60.3,0,30.6,3,MEDIUM
STU-02964,2,low_cost_private,2025,Term1_Sep_Dec,20.3,0,57.8,12,59.8,1,MEDIUM
STU-02965,3,public_state,2025,Term1_Sep_Dec,40.4,0,41.5,6,22.2,5,HIGH
STU-02966,2,low_cost_private,2023,Term3_Apr_Jul,73.6,0,62.9,0,29.0,4,HIGH
STU-02967,2,low_cost_private,2025,Term1_Sep_Dec,53.8,0,47.7,1,48.0,4,HIGH
STU-02968,1,elite_private,2023,Term2_Jan_Apr,0,1,97.6,3,100,0,LOW
STU-02969,2,low_cost_private,2023,Term1_Sep_Dec,78.2,0,51.0,9,20,6,HIGH
STU-02970,3,public_state,2023,Term2_Jan_Apr,7.1,0,92.6,0,76.2,0,LOW
STU-02971,3,public_state,2023,Term2_Jan_Apr,13.5,0,65.7,2,55.9,1,LOW
STU-02972,3,public_state,2025,Term3_Apr_Jul,7.9,0,84.5,0,81.4,0,LOW
STU-02973,2,low_cost_private,2023,Term1_Sep_Dec,16.9,0,61.6,7,57.2,1,MEDIUM
STU-02974,3,public_state,2024,Term1_Sep_Dec,20.1,0,69.0,0,45.1,4,MEDIUM
STU-02975,3,public_state,2025,Term1_Sep_Dec,18.4,0,61.1,0,38.6,3,MEDIUM
STU-02976,2,low_cost_private,2025,Term2_Jan_Apr,60.8,0,40.4,9,62.1,0,HIGH
STU-02977,2,low_cost_private,2023,Term3_Apr_Jul,22.3,0,51.6,6,52.3,2,MEDIUM
STU-02978,3,public_state,2025,Term1_Sep_Dec,9.6,0,54.4,13,58.1,1,MEDIUM
STU-02979,2,low_cost_private,2024,Term1_Sep_Dec,17.2,0,90.0,0,81.3,0,LOW
STU-02980,2,low_cost_private,2025,Term2_Jan_Apr,84.0,0,59.9,4,36.0,4,HIGH
STU-02981,3,public_state,2023,Term3_Apr_Jul,13.8,0,49.3,0,54.4,2,MEDIUM
STU-02982,3,public_state,2023,Term3_Apr_Jul,3.7,0,21.7,9,20,5,HIGH
STU-02983,3,public_state,2025,Term2_Jan_Apr,60,0,52.8,3,55.7,2,MEDIUM
STU-02984,2,low_cost_private,2024,Term3_Apr_Jul,25.3,0,60.0,1,49.3,1,MEDIUM
STU-02985,2,low_cost_private,2025,Term2_Jan_Apr,72.2,0,66.6,0,40.5,2,MEDIUM
STU-02986,1,elite_private,2025,Term3_Apr_Jul,0,1,100,0,80.5,0,LOW
STU-02987,2,low_cost_private,2023,Term2_Jan_Apr,43.6,0,56.5,4,57.8,1,MEDIUM
STU-02988,3,public_state,2024,Term3_Apr_Jul,6.3,0,45.5,6,33.4,2,MEDIUM
STU-02989,2,low_cost_private,2024,Term1_Sep_Dec,114.9,0,57.7,10,46.7,2,HIGH
STU-02990,2,low_cost_private,2024,Term3_Apr_Jul,83.3,0,52.7,7,43.7,1,HIGH
STU-02991,2,low_cost_private,2024,Term3_Apr_Jul,43.0,0,42.3,8,40.5,4,HIGH
STU-02992,2,low_cost_private,2023,Term2_Jan_Apr,79.3,0,69.7,0,50.1,3,MEDIUM
STU-02993,1,elite_private,2025,Term2_Jan_Apr,0,1,100,0,89.9,0,LOW
STU-02994,2,low_cost_private,2023,Term3_Apr_Jul,43.5,0,46.4,9,38.2,3,HIGH
STU-02995,1,elite_private,2023,Term3_Apr_Jul,0,1,99.2,1,90.3,0,LOW
STU-02996,2,low_cost_private,2023,Term3_Apr_Jul,59.8,0,50.3,0,21.4,4,MEDIUM
STU-02997,2,low_cost_private,2025,Term1_Sep_Dec,50.3,0,62.6,1,49.3,2,MEDIUM
STU-02998,3,public_state,2025,Term1_Sep_Dec,47.8,0,55.5,3,28.7,4,HIGH
STU-02999,1,elite_private,2024,Term1_Sep_Dec,3.8,0,59.3,3,43.0,5,MEDIUM
STU-03000,2,low_cost_private,2024,Term2_Jan_Apr,41.0,0,56.4,9,31.1,3,HIGH
STU-03001,2,low_cost_private,2024,Term2_Jan_Apr,27.4,0,56.0,1,35.5,4,MEDIUM
STU-03002,1,elite_private,2024,Term2_Jan_Apr,0,1,68.4,2,58.3,1,LOW
STU-03003,1,elite_private,2023,Term2_Jan_Apr,14,0,,,,,WITHDRAWN
STU-03004,1,elite_private,2024,Term1_Sep_Dec,0,1,99.2,1,93.0,0,LOW
STU-03005,2,low_cost_private,2024,Term3_Apr_Jul,44.9,0,24.7,6,26.3,3,HIGH
STU-03006,1,elite_private,2024,Term1_Sep_Dec,0,1,100,0,95.5,0,LOW
STU-03007,1,elite_private,2023,Term1_Sep_Dec,6.4,0,87.3,3,64.9,1,LOW
STU-03008,2,low_cost_private,2023,Term2_Jan_Apr,45.2,0,80.1,0,48.2,4,MEDIUM
STU-03009,1,elite_private,2024,Term1_Sep_Dec,0.6,0,44.5,3,62.6,0,MEDIUM
STU-03010,1,elite_private,2023,Term1_Sep_Dec,0,1,100,0,86.5,0,LOW
STU-03011,3,public_state,2025,Term3_Apr_Jul,36.3,0,36.3,5,58.3,2,MEDIUM
STU-03012,2,low_cost_private,2024,Term2_Jan_Apr,53.3,0,44.6,8,44.8,3,HIGH
STU-03013,1,elite_private,2023,Term1_Sep_Dec,12.2,0,89.1,1,64.9,0,LOW
STU-03014,3,public_state,2025,Term3_Apr_Jul,46.1,0,52.2,3,46.4,1,MEDIUM
STU-03015,2,low_cost_private,2025,Term3_Apr_Jul,67.2,0,77.0,10,53.3,2,MEDIUM
STU-03016,2,low_cost_private,2023,Term3_Apr_Jul,17.5,0,86.5,0,80.6,0,LOW
STU-03017,2,low_cost_private,2023,Term1_Sep_Dec,48.0,0,37.8,12,41.6,3,HIGH
STU-03018,3,public_state,2024,Term2_Jan_Apr,52.4,0,45.6,6,26.1,6,HIGH
STU-03019,1,elite_private,2023,Term3_Apr_Jul,0,1,80.0,0,50.1,1,LOW
STU-03020,1,elite_private,2023,Term2_Jan_Apr,0,1,97.1,2,95.9,0,LOW
STU-03021,2,low_cost_private,2024,Term2_Jan_Apr,22.4,0,60.6,0,54.4,2,MEDIUM
STU-03022,2,low_cost_private,2024,Term3_Apr_Jul,62.8,0,46.3,1,42.4,3,HIGH
STU-03023,1,elite_private,2024,Term3_Apr_Jul,0,1,100,0,98.3,0,LOW
STU-03024,2,low_cost_private,2024,Term3_Apr_Jul,32.2,0,21.7,13,46.4,3,HIGH
STU-03025,1,elite_private,2024,Term2_Jan_Apr,0,1,100,0,100,0,LOW
STU-03026,2,low_cost_private,2025,Term2_Jan_Apr,78.1,0,75.4,12,53.9,3,HIGH
STU-03027,2,low_cost_private,2023,Term2_Jan_Apr,21.3,0,58.0,7,53.8,2,MEDIUM
STU-03028,3,public_state,2024,Term2_Jan_Apr,11.3,0,70.8,0,47.1,3,MEDIUM
STU-03029,3,public_state,2024,Term2_Jan_Apr,5.9,0,70.1,1,82.5,0,LOW
STU-03030,3,public_state,2023,Term2_Jan_Apr,26.6,0,54.4,1,37.5,4,MEDIUM
STU-03031,3,public_state,2025,Term1_Sep_Dec,35.7,0,61.6,8,43.1,2,HIGH
STU-03032,3,public_state,2025,Term1_Sep_Dec,18.0,0,50.1,2,53.7,2,MEDIUM
STU-03033,3,public_state,2024,Term3_Apr_Jul,31.6,0,43.2,3,53.2,0,MEDIUM
STU-03034,2,low_cost_private,2025,Term2_Jan_Apr,86.0,0,58.3,9,67.2,0,MEDIUM
STU-03035,3,public_state,2024,Term3_Apr_Jul,27.9,0,35.5,11,23.6,3,HIGH
STU-03036,1,elite_private,2024,Term2_Jan_Apr,14,0,,,,,WITHDRAWN
STU-03037,2,low_cost_private,2025,Term3_Apr_Jul,41.8,0,38.2,4,27.6,4,HIGH
STU-03038,2,low_cost_private,2024,Term1_Sep_Dec,24.5,0,35.4,9,21.1,2,HIGH
STU-03039,3,public_state,2025,Term2_Jan_Apr,31.0,0,27.7,7,31.3,3,HIGH
STU-03040,2,low_cost_private,2025,Term1_Sep_Dec,7.1,0,43.6,0,20.5,3,MEDIUM
STU-03041,1,elite_private,2023,Term3_Apr_Jul,8.1,0,72.4,0,65.6,0,LOW
STU-03042,3,public_state,2023,Term2_Jan_Apr,27.8,0,58.0,3,20,3,HIGH
STU-03043,3,public_state,2023,Term1_Sep_Dec,6.8,0,89.6,0,68.8,0,LOW
STU-03044,2,low_cost_private,2025,Term2_Jan_Apr,34.4,0,26.2,7,40.0,2,HIGH
STU-03045,2,low_cost_private,2023,Term1_Sep_Dec,17.6,0,85.4,3,70.7,0,LOW
STU-03046,3,public_state,2025,Term1_Sep_Dec,2.7,0,76.8,6,25,4,MEDIUM
STU-03047,1,elite_private,2025,Term1_Sep_Dec,0,1,99.2,1,91.6,0,LOW
STU-03048,2,low_cost_private,2023,Term2_Jan_Apr,86.0,0,54.4,10,49.0,2,HIGH
STU-03049,1,elite_private,2024,Term3_Apr_Jul,14,0,,,,,WITHDRAWN
STU-03050,1,elite_private,2024,Term2_Jan_Apr,0,1,100,0,88.1,0,LOW
STU-03051,3,public_state,2023,Term3_Apr_Jul,6.1,0,64.1,2,66.5,1,LOW
STU-03052,3,public_state,2023,Term1_Sep_Dec,14.1,0,38.6,8,22.0,5,HIGH
STU-03053,1,elite_private,2025,Term1_Sep_Dec,0,1,99.2,1,96.1,0,LOW
STU-03054,3,public_state,2024,Term3_Apr_Jul,11.0,0,40.2,13,31.2,5,HIGH
STU-03055,2,low_cost_private,2023,Term1_Sep_Dec,16.9,0,91.7,0,71.8,0,LOW
STU-03056,1,elite_private,2024,Term2_Jan_Apr,0.8,0,53.2,0,38.9,2,MEDIUM
STU-03057,2,low_cost_private,2025,Term2_Jan_Apr,15.9,0,89.7,2,73.3,0,LOW
STU-03058,3,public_state,2024,Term1_Sep_Dec,53.2,0,37.4,6,46.9,3,HIGH
STU-03059,1,elite_private,2025,Term2_Jan_Apr,0,1,100,0,87.0,0,LOW
STU-03060,2,low_cost_private,2024,Term2_Jan_Apr,28.3,0,18.4,2,24.3,3,HIGH
STU-03061,2,low_cost_private,2023,Term2_Jan_Apr,54.3,0,49.5,5,37.6,4,HIGH
STU-03062,1,elite_private,2023,Term3_Apr_Jul,14,0,,,,,WITHDRAWN
STU-03063,1,elite_private,2024,Term2_Jan_Apr,0,1,79.4,0,74.9,0,LOW
STU-03064,1,elite_private,2025,Term1_Sep_Dec,0,1,100,0,93.7,0,LOW
STU-03065,3,public_state,2024,Term3_Apr_Jul,16.8,0,38.4,3,39.4,3,HIGH
STU-03066,3,public_state,2024,Term1_Sep_Dec,11.7,0,64.5,2,51.6,2,MEDIUM
STU-03067,1,elite_private,2023,Term2_Jan_Apr,0,1,99.2,1,91.1,0,LOW
STU-03068,1,elite_private,2024,Term2_Jan_Apr,0,1,86.0,5,73.3,0,LOW
STU-03069,3,public_state,2024,Term3_Apr_Jul,31.9,0,48.8,13,22.7,4,HIGH
STU-03070,3,public_state,2025,Term1_Sep_Dec,56.1,0,48.7,9,47.7,2,HIGH
STU-03071,1,elite_private,2023,Term3_Apr_Jul,0,1,99.2,1,94.0,0,LOW
STU-03072,3,public_state,2023,Term3_Apr_Jul,9.5,0,80.3,0,66.0,0,LOW
STU-03073,1,elite_private,2024,Term2_Jan_Apr,0,1,62.8,2,65.8,0,LOW
STU-03074,3,public_state,2024,Term3_Apr_Jul,55.1,0,24.7,8,46.1,2,HIGH
STU-03075,3,public_state,2023,Term2_Jan_Apr,59.6,0,54.0,0,34.6,5,HIGH
STU-03076,1,elite_private,2023,Term2_Jan_Apr,0,1,100,0,89.6,0,LOW
STU-03077,3,public_state,2024,Term1_Sep_Dec,21.5,0,67.1,5,53.9,2,MEDIUM
STU-03078,1,elite_private,2023,Term1_Sep_Dec,0,1,100,0,82.6,0,LOW
STU-03079,3,public_state,2023,Term2_Jan_Apr,17.6,0,57.9,5,55.5,0,MEDIUM
STU-03080,1,elite_private,2023,Term3_Apr_Jul,0,1,100,0,87.6,0,LOW
STU-03081,2,low_cost_private,2025,Term2_Jan_Apr,17.6,0,88.0,0,68.0,0,LOW
STU-03082,3,public_state,2023,Term3_Apr_Jul,36.3,0,41.3,9,26.2,4,HIGH
STU-03083,2,low_cost_private,2025,Term3_Apr_Jul,69.1,0,54.1,11,30.0,4,HIGH
STU-03084,1,elite_private,2023,Term3_Apr_Jul,14,0,,,,,WITHDRAWN
STU-03085,3,public_state,2023,Term3_Apr_Jul,30.4,0,47.8,0,41.4,2,MEDIUM
STU-03086,3,public_state,2023,Term1_Sep_Dec,23.0,0,61.0,0,35.3,2,MEDIUM
STU-03087,3,public_state,2024,Term1_Sep_Dec,10.5,0,59.3,2,55.6,1,MEDIUM
STU-03088,3,public_state,2025,Term1_Sep_Dec,24.6,0,60.2,5,34.2,4,HIGH
STU-03089,1,elite_private,2024,Term2_Jan_Apr,14,0,,,,,WITHDRAWN
STU-03090,3,public_state,2025,Term2_Jan_Apr,31.1,0,53.5,3,25.0,4,HIGH
STU-03091,3,public_state,2023,Term1_Sep_Dec,20.8,0,78.8,4,34.6,2,MEDIUM
STU-03092,2,low_cost_private,2023,Term3_Apr_Jul,16.9,0,82.4,0,76.6,0,LOW
STU-03093,2,low_cost_private,2024,Term2_Jan_Apr,50.3,0,48.1,16,45.1,3,HIGH
STU-03094,2,low_cost_private,2025,Term3_Apr_Jul,20.4,0,86.9,1,74.2,0,LOW
STU-03095,3,public_state,2023,Term1_Sep_Dec,10.6,0,54.3,0,20,3,MEDIUM
STU-03096,3,public_state,2025,Term3_Apr_Jul,21.6,0,34.2,4,20.8,4,HIGH
STU-03097,2,low_cost_private,2025,Term2_Jan_Apr,49.9,0,33.1,4,42.9,3,HIGH
STU-03098,3,public_state,2025,Term3_Apr_Jul,11.2,0,51.3,3,34.0,2,MEDIUM
STU-03099,3,public_state,2023,Term2_Jan_Apr,24.8,0,67.3,3,51.6,1,MEDIUM
STU-03100,2,low_cost_private,2023,Term3_Apr_Jul,82.6,0,39.3,6,44.8,1,HIGH
STU-03101,3,public_state,2023,Term2_Jan_Apr,16.1,0,41.2,0,35.1,3,MEDIUM
STU-03102,3,public_state,2025,Term2_Jan_Apr,4.9,0,57.5,0,39.0,2,MEDIUM
STU-03103,1,elite_private,2024,Term3_Apr_Jul,0,1,98.1,1,97.1,0,LOW
STU-03104,3,public_state,2025,Term2_Jan_Apr,8.7,0,88.6,1,77.1,0,LOW
STU-03105,3,public_state,2024,Term2_Jan_Apr,32.0,0,79.5,0,39.4,2,MEDIUM
STU-03106,2,low_cost_private,2024,Term1_Sep_Dec,58.9,0,56.9,5,47.3,2,MEDIUM
STU-03107,3,public_state,2025,Term2_Jan_Apr,9.7,0,77.3,1,23.2,5,MEDIUM
STU-03108,3,public_state,2024,Term3_Apr_Jul,39.8,0,45.4,3,31.8,3,HIGH
STU-03109,1,elite_private,2023,Term2_Jan_Apr,0,1,100,0,95.4,0,LOW
STU-03110,1,elite_private,2025,Term2_Jan_Apr,0,1,99.2,1,87.4,0,LOW
STU-03111,3,public_state,2023,Term1_Sep_Dec,5.1,0,92.4,1,76.6,0,LOW
STU-03112,3,public_state,2025,Term2_Jan_Apr,30.4,0,53.1,11,36.5,4,HIGH
STU-03113,3,public_state,2024,Term1_Sep_Dec,12.2,0,66.3,1,42.8,2,MEDIUM
STU-03114,1,elite_private,2023,Term1_Sep_Dec,14,0,,,,,WITHDRAWN
STU-03115,1,elite_private,2024,Term2_Jan_Apr,0,1,100,0,84.3,0,LOW
STU-03116,2,low_cost_private,2025,Term2_Jan_Apr,74.4,0,61.1,4,39.1,3,HIGH
STU-03117,3,public_state,2023,Term2_Jan_Apr,52.0,0,61.9,6,43.8,4,HIGH
STU-03118,1,elite_private,2023,Term2_Jan_Apr,0,1,98.4,2,91.3,0,LOW
STU-03119,3,public_state,2024,Term1_Sep_Dec,12.3,0,64.6,0,42.1,2,MEDIUM
STU-03120,1,elite_private,2024,Term1_Sep_Dec,12.1,0,90.0,0,69.3,0,LOW
STU-03121,3,public_state,2023,Term3_Apr_Jul,60,0,52.2,3,38.2,5,HIGH
STU-03122,1,elite_private,2024,Term1_Sep_Dec,0,1,99.2,1,94.9,0,LOW
STU-03123,2,low_cost_private,2023,Term3_Apr_Jul,14.6,0,57.6,4,56.8,2,MEDIUM
STU-03124,3,public_state,2023,Term1_Sep_Dec,35.1,0,67.7,10,36.6,4,HIGH
STU-03125,2,low_cost_private,2025,Term2_Jan_Apr,44.1,0,42.6,14,43.0,2,HIGH
STU-03126,2,low_cost_private,2023,Term2_Jan_Apr,29.6,0,61.7,1,53.7,2,MEDIUM
STU-03127,1,elite_private,2023,Term1_Sep_Dec,0,1,100,0,90.1,0,LOW
STU-03128,2,low_cost_private,2023,Term2_Jan_Apr,38.3,0,44.4,5,42.7,4,HIGH
STU-03129,1,elite_private,2024,Term2_Jan_Apr,0,1,100,0,93.2,0,LOW
STU-03130,1,elite_private,2024,Term3_Apr_Jul,0.6,0,64.3,2,47.8,1,MEDIUM
STU-03131,2,low_cost_private,2024,Term2_Jan_Apr,34.2,0,67.3,14,20,6,HIGH
STU-03132,2,low_cost_private,2025,Term1_Sep_Dec,54.3,0,57.5,2,32.2,4,HIGH
STU-03133,1,elite_private,2024,Term3_Apr_Jul,0,1,100,0,91.1,0,LOW
STU-03134,3,public_state,2024,Term1_Sep_Dec,23.7,0,44.3,7,20,4,HIGH
STU-03135,3,public_state,2024,Term2_Jan_Apr,3.1,0,53.2,5,36.1,2,MEDIUM
STU-03136,1,elite_private,2024,Term1_Sep_Dec,0,1,100,0,86.9,0,LOW
STU-03137,2,low_cost_private,2023,Term1_Sep_Dec,52.3,0,65.7,4,49.1,2,MEDIUM
STU-03138,1,elite_private,2023,Term3_Apr_Jul,0,1,98.7,0,88.3,0,LOW
STU-03139,2,low_cost_private,2024,Term1_Sep_Dec,98.8,0,63.8,10,33.9,5,HIGH
STU-03140,2,low_cost_private,2024,Term3_Apr_Jul,113.7,0,42.7,6,43.7,3,HIGH
STU-03141,2,low_cost_private,2023,Term1_Sep_Dec,19.2,0,84.2,1,83.4,0,LOW
STU-03142,2,low_cost_private,2024,Term3_Apr_Jul,17.9,0,85.1,2,82.3,0,LOW
STU-03143,1,elite_private,2023,Term3_Apr_Jul,11.1,0,57.7,4,66.2,1,MEDIUM
STU-03144,2,low_cost_private,2024,Term3_Apr_Jul,47.5,0,34.9,4,45.8,1,HIGH
STU-03145,3,public_state,2024,Term2_Jan_Apr,22.9,0,31.9,10,20,5,HIGH
STU-03146,2,low_cost_private,2024,Term3_Apr_Jul,45.0,0,42.9,10,39.7,3,HIGH
STU-03147,1,elite_private,2023,Term2_Jan_Apr,10.6,0,57.2,1,85,1,LOW
STU-03148,2,low_cost_private,2024,Term1_Sep_Dec,37.5,0,49.4,5,20.5,2,HIGH
STU-03149,2,low_cost_private,2025,Term1_Sep_Dec,17.0,0,56.7,15,42.1,3,HIGH
STU-03150,2,low_cost_private,2023,Term3_Apr_Jul,42.4,0,20.0,12,22.7,3,HIGH
STU-03151,2,low_cost_private,2025,Term1_Sep_Dec,20.4,0,88.0,0,73.3,0,LOW
STU-03152,2,low_cost_private,2024,Term2_Jan_Apr,87.3,0,52.1,9,35.6,4,HIGH
STU-03153,3,public_state,2025,Term3_Apr_Jul,32.6,0,49.5,5,33.5,7,HIGH
STU-03154,3,public_state,2025,Term1_Sep_Dec,31.2,0,38.5,3,24.5,4,HIGH
STU-03155,1,elite_private,2025,Term2_Jan_Apr,0,1,100,0,91.0,0,LOW
STU-03156,2,low_cost_private,2025,Term3_Apr_Jul,17.9,0,84.4,1,64.5,0,LOW
STU-03157,2,low_cost_private,2025,Term2_Jan_Apr,22.1,0,81.9,2,52.4,1,MEDIUM
STU-03158,2,low_cost_private,2025,Term2_Jan_Apr,26.1,0,49.0,12,71.2,0,MEDIUM
STU-03159,3,public_state,2024,Term2_Jan_Apr,21.6,0,51.6,11,28.4,4,HIGH
STU-03160,3,public_state,2025,Term2_Jan_Apr,24.7,0,40.9,6,23.3,4,HIGH
STU-03161,1,elite_private,2025,Term1_Sep_Dec,9.1,0,81.6,0,77.8,0,LOW
STU-03162,2,low_cost_private,2024,Term3_Apr_Jul,38.5,0,43.7,8,33.8,5,HIGH
STU-03163,1,elite_private,2023,Term1_Sep_Dec,0,1,100,0,96.5,0,LOW
STU-03164,2,low_cost_private,2024,Term1_Sep_Dec,16.6,0,77.3,0,41.1,4,MEDIUM
STU-03165,2,low_cost_private,2025,Term1_Sep_Dec,59.7,0,73.5,6,39.7,4,HIGH
STU-03166,1,elite_private,2024,Term2_Jan_Apr,14,0,,,,,WITHDRAWN
STU-03167,3,public_state,2024,Term2_Jan_Apr,27.1,0,37.7,0,32.1,3,MEDIUM
STU-03168,3,public_state,2023,Term2_Jan_Apr,13.9,0,69.6,5,56.1,2,MEDIUM
STU-03169,1,elite_private,2024,Term3_Apr_Jul,0,1,99.2,1,94.7,0,LOW
STU-03170,2,low_cost_private,2023,Term2_Jan_Apr,97.2,0,40.3,16,37.5,4,HIGH
STU-03171,1,elite_private,2023,Term1_Sep_Dec,0,1,99.2,1,98.5,0,LOW
STU-03172,3,public_state,2023,Term3_Apr_Jul,10.9,0,56.4,0,53.8,1,MEDIUM
STU-03173,1,elite_private,2024,Term2_Jan_Apr,14,0,,,,,WITHDRAWN
STU-03174,2,low_cost_private,2023,Term3_Apr_Jul,65.1,0,55.2,4,44.8,2,HIGH
STU-03175,2,low_cost_private,2025,Term2_Jan_Apr,33.2,0,35.8,16,33.5,4,HIGH
STU-03176,3,public_state,2024,Term2_Jan_Apr,0.9,0,64.8,1,48.5,2,MEDIUM
STU-03177,3,public_state,2025,Term3_Apr_Jul,3.2,0,55.6,1,45.2,1,MEDIUM
STU-03178,2,low_cost_private,2025,Term2_Jan_Apr,53.3,0,48.3,5,59.0,2,MEDIUM
STU-03179,1,elite_private,2025,Term3_Apr_Jul,7.1,0,74.5,0,33.0,3,MEDIUM
STU-03180,2,low_cost_private,2024,Term2_Jan_Apr,48.8,0,52.6,12,32.6,6,HIGH
STU-03181,2,low_cost_private,2023,Term1_Sep_Dec,35.5,0,38.6,6,42.8,1,HIGH
STU-03182,3,public_state,2023,Term1_Sep_Dec,21.4,0,79.4,0,62.0,0,LOW
STU-03183,1,elite_private,2024,Term2_Jan_Apr,0,1,99.2,1,88.9,0,LOW
STU-03184,2,low_cost_private,2025,Term3_Apr_Jul,41.9,0,46.4,13,41.8,2,HIGH
STU-03185,3,public_state,2025,Term1_Sep_Dec,18.8,0,62.6,0,55.3,3,MEDIUM
STU-03186,3,public_state,2025,Term1_Sep_Dec,34.8,0,46.7,3,38.6,2,HIGH
STU-03187,3,public_state,2024,Term1_Sep_Dec,18.5,0,50.0,2,55.8,1,MEDIUM
STU-03188,2,low_cost_private,2024,Term2_Jan_Apr,25.4,0,75.0,6,20,3,MEDIUM
STU-03189,1,elite_private,2025,Term1_Sep_Dec,0,1,100,0,78.3,0,LOW
STU-03190,2,low_cost_private,2024,Term3_Apr_Jul,16.5,0,83.9,0,71.7,0,LOW
STU-03191,2,low_cost_private,2025,Term3_Apr_Jul,26.0,0,50.9,9,30.2,5,HIGH
STU-03192,2,low_cost_private,2023,Term1_Sep_Dec,17.6,0,88.8,0,79.9,0,LOW
STU-03193,2,low_cost_private,2025,Term1_Sep_Dec,10.9,0,61.0,4,39.4,3,MEDIUM
STU-03194,2,low_cost_private,2023,Term3_Apr_Jul,18.3,0,82.0,1,64.1,0,LOW
STU-03195,3,public_state,2024,Term1_Sep_Dec,33.8,0,64.3,7,33.2,3,HIGH
STU-03196,1,elite_private,2024,Term2_Jan_Apr,0,1,99.2,1,78.0,0,LOW
STU-03197,1,elite_private,2024,Term2_Jan_Apr,0,1,98.4,2,82.5,0,LOW
STU-03198,2,low_cost_private,2025,Term3_Apr_Jul,33.9,0,37.1,13,34.1,5,HIGH
STU-03199,3,public_state,2023,Term3_Apr_Jul,7.2,0,64.7,2,37.9,4,MEDIUM
STU-03200,1,elite_private,2024,Term1_Sep_Dec,8.7,0,60.4,3,42.6,2,MEDIUM
STU-03201,1,elite_private,2025,Term3_Apr_Jul,0,1,100,0,100,0,LOW
STU-03202,1,elite_private,2023,Term1_Sep_Dec,0.2,0,67.2,5,52.3,0,MEDIUM
STU-03203,1,elite_private,2025,Term3_Apr_Jul,14,0,,,,,WITHDRAWN
STU-03204,2,low_cost_private,2023,Term1_Sep_Dec,38.1,0,47.6,8,56.8,1,HIGH
STU-03205,1,elite_private,2023,Term2_Jan_Apr,0,1,98.4,2,81.9,0,LOW
STU-03206,1,elite_private,2023,Term3_Apr_Jul,0,1,100,0,87.8,0,LOW
STU-03207,3,public_state,2024,Term2_Jan_Apr,26.5,0,62.9,5,52.0,2,MEDIUM
STU-03208,2,low_cost_private,2023,Term1_Sep_Dec,18.7,0,31.1,15,43.3,2,HIGH
STU-03209,1,elite_private,2025,Term3_Apr_Jul,0,1,100,0,92.7,0,LOW
STU-03210,3,public_state,2025,Term2_Jan_Apr,12.3,0,52.5,5,35.1,4,MEDIUM
STU-03211,1,elite_private,2025,Term1_Sep_Dec,0,1,99.2,1,94.7,0,LOW
STU-03212,2,low_cost_private,2025,Term2_Jan_Apr,13.4,0,84.9,1,84.2,0,LOW
STU-03213,1,elite_private,2025,Term2_Jan_Apr,0,1,99.2,1,96.8,0,LOW
STU-03214,3,public_state,2025,Term1_Sep_Dec,43.8,0,53.5,1,26.0,5,HIGH
STU-03215,1,elite_private,2025,Term2_Jan_Apr,0,1,97.6,3,92.7,0,LOW
STU-03216,3,public_state,2023,Term1_Sep_Dec,0.3,0,69.5,0,61.0,0,LOW
STU-03217,3,public_state,2024,Term2_Jan_Apr,7.2,0,90.7,1,71.3,0,LOW
STU-03218,3,public_state,2024,Term1_Sep_Dec,16.4,0,74.1,3,59.9,2,MEDIUM
STU-03219,2,low_cost_private,2024,Term3_Apr_Jul,55.9,0,49.8,4,36.2,4,HIGH
STU-03220,1,elite_private,2025,Term2_Jan_Apr,0,1,100,0,83.0,0,LOW
STU-03221,1,elite_private,2025,Term3_Apr_Jul,14,0,,,,,WITHDRAWN
STU-03222,3,public_state,2023,Term1_Sep_Dec,10.0,0,57.9,6,45.6,1,MEDIUM
STU-03223,2,low_cost_private,2024,Term2_Jan_Apr,27.3,0,80.2,1,25.1,2,MEDIUM
STU-03224,1,elite_private,2023,Term1_Sep_Dec,14,0,,,,,WITHDRAWN
STU-03225,3,public_state,2025,Term1_Sep_Dec,29.8,0,42.4,7,36.4,4,HIGH
STU-03226,1,elite_private,2024,Term2_Jan_Apr,12.4,0,78.5,0,54.3,2,LOW
STU-03227,1,elite_private,2023,Term3_Apr_Jul,0,1,100,0,94.8,0,LOW
STU-03228,3,public_state,2025,Term2_Jan_Apr,21.9,0,68.1,8,65.2,0,MEDIUM
STU-03229,2,low_cost_private,2025,Term1_Sep_Dec,27.0,0,64.3,6,25,4,HIGH
STU-03230,3,public_state,2024,Term2_Jan_Apr,33.6,0,40.8,5,20,4,HIGH
STU-03231,1,elite_private,2023,Term1_Sep_Dec,0,1,100,0,95.6,0,LOW
STU-03232,3,public_state,2024,Term3_Apr_Jul,24.8,0,52.2,9,41.5,2,MEDIUM
STU-03233,1,elite_private,2023,Term1_Sep_Dec,0,1,99.2,1,85.3,0,LOW
STU-03234,2,low_cost_private,2023,Term2_Jan_Apr,86.5,0,64.9,4,41.9,3,HIGH
STU-03235,3,public_state,2024,Term3_Apr_Jul,13.6,0,62.4,1,52.1,2,MEDIUM
STU-03236,3,public_state,2023,Term2_Jan_Apr,5.4,0,90.7,0,70.9,0,LOW
STU-03237,3,public_state,2024,Term2_Jan_Apr,21.2,0,58.1,7,25,4,HIGH
STU-03238,3,public_state,2024,Term1_Sep_Dec,0.2,0,63.5,14,30.9,4,HIGH
STU-03239,2,low_cost_private,2024,Term2_Jan_Apr,31.3,0,43.6,16,39.5,3,HIGH
STU-03240,1,elite_private,2025,Term2_Jan_Apr,6.3,0,85.4,2,83.4,2,LOW
STU-03241,2,low_cost_private,2025,Term2_Jan_Apr,20.2,0,91.3,0,83.4,0,LOW
STU-03242,1,elite_private,2023,Term3_Apr_Jul,0,1,98.6,0,96.0,0,LOW
STU-03243,2,low_cost_private,2023,Term3_Apr_Jul,65.3,0,38.8,1,55.0,1,MEDIUM
STU-03244,1,elite_private,2024,Term3_Apr_Jul,7.8,0,76.0,2,33.5,3,MEDIUM
STU-03245,2,low_cost_private,2025,Term1_Sep_Dec,27.8,0,61.6,0,48.1,1,MEDIUM
STU-03246,2,low_cost_private,2023,Term3_Apr_Jul,46.5,0,53.0,13,64.6,0,MEDIUM
STU-03247,2,low_cost_private,2023,Term2_Jan_Apr,49.6,0,39.6,10,20,4,HIGH
STU-03248,2,low_cost_private,2023,Term3_Apr_Jul,23.5,0,77.9,0,73.0,0,LOW
STU-03249,3,public_state,2024,Term3_Apr_Jul,40.9,0,56.0,8,39.2,3,HIGH
STU-03250,1,elite_private,2025,Term2_Jan_Apr,0,1,100,0,94.5,0,LOW
STU-03251,3,public_state,2025,Term3_Apr_Jul,6.1,0,55.1,9,49.6,0,MEDIUM
STU-03252,2,low_cost_private,2024,Term3_Apr_Jul,27.7,0,51.6,6,50.4,2,MEDIUM
STU-03253,3,public_state,2024,Term3_Apr_Jul,60,0,56.2,12,44.2,3,HIGH
STU-03254,3,public_state,2024,Term1_Sep_Dec,19.1,0,44.0,7,65.8,0,MEDIUM
STU-03255,2,low_cost_private,2025,Term2_Jan_Apr,71.8,0,41.0,8,48.5,3,HIGH
STU-03256,3,public_state,2024,Term2_Jan_Apr,7.0,0,28.3,3,20,4,HIGH
STU-03257,3,public_state,2025,Term1_Sep_Dec,10.9,0,90.0,0,36.8,2,LOW
STU-03258,1,elite_private,2023,Term3_Apr_Jul,0,1,99.2,1,88.9,0,LOW
STU-03259,1,elite_private,2025,Term2_Jan_Apr,14,0,,,,,WITHDRAWN
STU-03260,3,public_state,2024,Term2_Jan_Apr,23.4,0,81.3,1,55.5,1,LOW
STU-03261,3,public_state,2024,Term3_Apr_Jul,6.0,0,54.3,3,59.0,1,MEDIUM
STU-03262,2,low_cost_private,2024,Term3_Apr_Jul,84.0,0,47.1,13,52.8,2,HIGH
STU-03263,1,elite_private,2025,Term3_Apr_Jul,14,0,,,,,WITHDRAWN
STU-03264,2,low_cost_private,2023,Term3_Apr_Jul,38.2,0,32.6,9,20,5,HIGH
STU-03265,3,public_state,2025,Term1_Sep_Dec,22.5,0,48.7,7,42.0,3,HIGH
STU-03266,1,elite_private,2025,Term1_Sep_Dec,0,1,98.4,2,91.8,0,LOW
STU-03267,2,low_cost_private,2024,Term1_Sep_Dec,17.2,0,89.1,0,84.3,0,LOW
STU-03268,2,low_cost_private,2025,Term3_Apr_Jul,20.7,0,45.5,1,20,4,HIGH
STU-03269,3,public_state,2023,Term3_Apr_Jul,32.2,0,29.8,5,20,4,HIGH
STU-03270,3,public_state,2024,Term3_Apr_Jul,8.9,0,56.9,1,41.7,2,MEDIUM
STU-03271,1,elite_private,2024,Term2_Jan_Apr,0,1,99.2,1,83.9,0,LOW
STU-03272,2,low_cost_private,2025,Term1_Sep_Dec,18.6,0,88.2,1,71.5,0,LOW
STU-03273,3,public_state,2024,Term1_Sep_Dec,26.8,0,50.8,9,40.2,6,HIGH
STU-03274,1,elite_private,2024,Term3_Apr_Jul,12.6,0,69.7,3,45.4,2,MEDIUM
STU-03275,1,elite_private,2025,Term3_Apr_Jul,14,0,,,,,WITHDRAWN
STU-03276,3,public_state,2024,Term3_Apr_Jul,60,0,50.6,7,39.4,5,HIGH
STU-03277,1,elite_private,2025,Term3_Apr_Jul,0,1,98.4,2,83.2,0,LOW
STU-03278,3,public_state,2024,Term1_Sep_Dec,22.4,0,61.3,9,27.5,3,HIGH
STU-03279,1,elite_private,2023,Term2_Jan_Apr,0,1,97.6,3,98.8,0,LOW
STU-03280,2,low_cost_private,2024,Term1_Sep_Dec,39.5,0,62.8,7,37.4,4,HIGH
STU-03281,3,public_state,2023,Term3_Apr_Jul,3.3,0,81.4,0,66.1,0,LOW
STU-03282,1,elite_private,2023,Term2_Jan_Apr,1.3,0,98.4,2,100,0,LOW
STU-03283,3,public_state,2023,Term3_Apr_Jul,32.9,0,26.8,6,32.1,4,HIGH
STU-03284,3,public_state,2023,Term3_Apr_Jul,51.8,0,48.9,7,20.4,4,HIGH
STU-03285,1,elite_private,2025,Term2_Jan_Apr,0,1,36.8,2,35.1,3,MEDIUM
STU-03286,3,public_state,2024,Term2_Jan_Apr,15.7,0,62.8,0,25,3,MEDIUM
STU-03287,2,low_cost_private,2024,Term1_Sep_Dec,66.7,0,66.0,3,56.8,1,MEDIUM
STU-03288,2,low_cost_private,2024,Term3_Apr_Jul,30.9,0,71.7,6,23.9,3,HIGH
STU-03289,2,low_cost_private,2024,Term3_Apr_Jul,24.5,0,51.8,1,36.9,3,MEDIUM
STU-03290,1,elite_private,2023,Term1_Sep_Dec,0,1,100,0,83.9,0,LOW
STU-03291,3,public_state,2025,Term3_Apr_Jul,17.9,0,53.1,0,25,3,MEDIUM
STU-03292,3,public_state,2025,Term2_Jan_Apr,20.9,0,66.2,1,29.3,2,MEDIUM
STU-03293,2,low_cost_private,2024,Term3_Apr_Jul,42.5,0,44.8,6,26.3,3,HIGH
STU-03294,1,elite_private,2024,Term2_Jan_Apr,0,1,99.2,1,94.4,0,LOW
STU-03295,1,elite_private,2025,Term3_Apr_Jul,14,0,,,,,WITHDRAWN
STU-03296,1,elite_private,2025,Term1_Sep_Dec,0,1,100,0,100.0,0,LOW
STU-03297,2,low_cost_private,2024,Term1_Sep_Dec,18.2,0,87.7,1,77.1,0,LOW
STU-03298,1,elite_private,2023,Term2_Jan_Apr,0,1,99.8,0,97.4,0,LOW
STU-03299,3,public_state,2025,Term1_Sep_Dec,23.4,0,74.1,3,74.0,0,LOW
STU-03300,2,low_cost_private,2023,Term3_Apr_Jul,32.3,0,61.1,4,39.7,4,HIGH
STU-03301,3,public_state,2023,Term3_Apr_Jul,14.4,0,56.4,1,69.8,0,LOW
STU-03302,2,low_cost_private,2025,Term3_Apr_Jul,36.6,0,48.4,13,26.5,4,HIGH
STU-03303,3,public_state,2025,Term3_Apr_Jul,10.4,0,80.7,2,73.6,0,LOW
STU-03304,2,low_cost_private,2025,Term2_Jan_Apr,20.0,0,70.4,0,57.7,2,LOW
STU-03305,2,low_cost_private,2024,Term3_Apr_Jul,46.2,0,47.7,7,49.1,2,HIGH
STU-03306,3,public_state,2024,Term3_Apr_Jul,47.9,0,51.5,1,35.1,4,HIGH
STU-03307,1,elite_private,2024,Term1_Sep_Dec,0,1,99.2,1,83.5,0,LOW
STU-03308,2,low_cost_private,2024,Term1_Sep_Dec,67.5,0,41.2,9,34.0,4,HIGH
STU-03309,1,elite_private,2023,Term2_Jan_Apr,0,1,99.2,1,94.3,0,LOW
STU-03310,2,low_cost_private,2025,Term3_Apr_Jul,42.5,0,55.8,6,38.4,5,HIGH
STU-03311,2,low_cost_private,2023,Term1_Sep_Dec,75.0,0,51.4,14,49.2,3,HIGH
STU-03312,1,elite_private,2024,Term2_Jan_Apr,14,0,,,,,WITHDRAWN
STU-03313,1,elite_private,2024,Term2_Jan_Apr,0.4,0,98.8,0,93.5,0,LOW
STU-03314,2,low_cost_private,2023,Term1_Sep_Dec,13.6,0,86.0,0,91.8,0,LOW
STU-03315,2,low_cost_private,2025,Term2_Jan_Apr,26.2,0,45.3,0,20,3,MEDIUM
STU-03316,1,elite_private,2023,Term2_Jan_Apr,0,1,98.4,2,82.9,0,LOW
STU-03317,3,public_state,2023,Term2_Jan_Apr,52.9,0,66.2,3,35.9,3,HIGH
STU-03318,2,low_cost_private,2023,Term3_Apr_Jul,15.2,0,85.4,0,75.9,0,LOW
STU-03319,2,low_cost_private,2023,Term3_Apr_Jul,34.2,0,45.6,4,46.4,3,HIGH
STU-03320,2,low_cost_private,2023,Term3_Apr_Jul,31.5,0,60.0,4,27.6,6,HIGH
STU-03321,3,public_state,2023,Term3_Apr_Jul,11.5,0,40.3,1,37.6,3,MEDIUM
STU-03322,1,elite_private,2025,Term1_Sep_Dec,0,1,100,0,87.7,0,LOW
STU-03323,3,public_state,2025,Term3_Apr_Jul,30.8,0,27.4,0,73.9,0,MEDIUM
STU-03324,3,public_state,2023,Term1_Sep_Dec,15.0,0,68.1,6,48.8,1,MEDIUM
STU-03325,2,low_cost_private,2023,Term2_Jan_Apr,50.6,0,39.0,4,20,4,HIGH
STU-03326,2,low_cost_private,2023,Term2_Jan_Apr,34.7,0,42.8,9,32.4,3,HIGH
STU-03327,3,public_state,2024,Term1_Sep_Dec,16.3,0,51.1,0,27.9,2,MEDIUM
STU-03328,3,public_state,2024,Term2_Jan_Apr,12.7,0,53.0,6,30.6,3,MEDIUM
STU-03329,2,low_cost_private,2025,Term1_Sep_Dec,43.3,0,30.9,6,31.3,2,HIGH
STU-03330,1,elite_private,2024,Term2_Jan_Apr,0,1,99.2,1,80.7,0,LOW
STU-03331,3,public_state,2023,Term1_Sep_Dec,15.6,0,69.9,1,34.1,2,MEDIUM
STU-03332,2,low_cost_private,2023,Term1_Sep_Dec,23.8,0,49.6,1,39.0,2,MEDIUM
STU-03333,2,low_cost_private,2023,Term1_Sep_Dec,16.6,0,90.3,0,78.3,0,LOW
STU-03334,1,elite_private,2025,Term1_Sep_Dec,6.0,0,77.9,0,55.1,1,LOW
STU-03335,3,public_state,2023,Term3_Apr_Jul,13.3,0,52.0,0,66.8,0,LOW
STU-03336,1,elite_private,2024,Term3_Apr_Jul,0,1,99.8,0,95.6,0,LOW
STU-03337,3,public_state,2024,Term1_Sep_Dec,2.0,0,62.3,1,31.6,2,MEDIUM
STU-03338,2,low_cost_private,2025,Term3_Apr_Jul,20.2,0,69.1,1,43.8,3,MEDIUM
STU-03339,2,low_cost_private,2024,Term1_Sep_Dec,35.6,0,24.0,4,30.9,2,HIGH
STU-03340,3,public_state,2025,Term3_Apr_Jul,7.0,0,47.9,1,20,2,MEDIUM
STU-03341,3,public_state,2024,Term2_Jan_Apr,58.4,0,64.4,7,34.8,4,HIGH
STU-03342,3,public_state,2025,Term2_Jan_Apr,26.3,0,79.3,1,42.3,2,MEDIUM
STU-03343,3,public_state,2023,Term2_Jan_Apr,16.1,0,56.6,0,41.5,3,MEDIUM
STU-03344,1,elite_private,2025,Term2_Jan_Apr,0,1,98.6,1,83.6,0,LOW
STU-03345,2,low_cost_private,2024,Term1_Sep_Dec,36.6,0,36.2,6,42.2,5,HIGH
STU-03346,1,elite_private,2024,Term1_Sep_Dec,0,1,99.2,1,94.7,0,LOW
STU-03347,1,elite_private,2024,Term3_Apr_Jul,4.2,0,45.7,1,41.6,2,MEDIUM
STU-03348,1,elite_private,2024,Term1_Sep_Dec,14,0,,,,,WITHDRAWN
STU-03349,1,elite_private,2023,Term1_Sep_Dec,3.4,0,61.9,0,39.4,4,MEDIUM
STU-03350,1,elite_private,2023,Term1_Sep_Dec,7.2,0,61.9,1,47.5,2,MEDIUM
STU-03351,1,elite_private,2025,Term2_Jan_Apr,0,1,100,0,98.2,0,LOW
STU-03352,3,public_state,2024,Term3_Apr_Jul,20.9,0,61.0,10,42.1,2,MEDIUM
STU-03353,3,public_state,2025,Term1_Sep_Dec,10.6,0,72.4,0,47.1,2,LOW
STU-03354,1,elite_private,2024,Term1_Sep_Dec,12.3,0,60.7,4,55.9,0,MEDIUM
STU-03355,2,low_cost_private,2023,Term2_Jan_Apr,27.2,0,69.3,0,62.4,1,LOW
STU-03356,3,public_state,2025,Term1_Sep_Dec,12.0,0,46.3,8,20.0,6,HIGH
STU-03357,3,public_state,2025,Term3_Apr_Jul,21.0,0,57.5,6,62.0,1,MEDIUM
STU-03358,2,low_cost_private,2023,Term3_Apr_Jul,16.2,0,85.8,1,83.1,0,LOW
STU-03359,2,low_cost_private,2025,Term1_Sep_Dec,18.5,0,88.6,1,74.8,0,LOW
STU-03360,1,elite_private,2023,Term2_Jan_Apr,0,1,99.2,1,78.8,0,LOW
STU-03361,2,low_cost_private,2025,Term3_Apr_Jul,23.2,0,72.1,1,57.6,1,MEDIUM
STU-03362,2,low_cost_private,2025,Term1_Sep_Dec,43.2,0,50.9,6,58.5,0,MEDIUM
STU-03363,3,public_state,2023,Term3_Apr_Jul,35.0,0,43.3,12,20,4,HIGH
STU-03364,1,elite_private,2025,Term1_Sep_Dec,14.0,0,,,,,WITHDRAWN
STU-03365,1,elite_private,2024,Term3_Apr_Jul,13.5,0,67.1,4,76.6,0,LOW
STU-03366,3,public_state,2023,Term2_Jan_Apr,13.9,0,55.9,3,46.4,2,MEDIUM
STU-03367,2,low_cost_private,2024,Term3_Apr_Jul,15.9,0,85.6,0,77.3,0,LOW
STU-03368,2,low_cost_private,2024,Term3_Apr_Jul,49.4,0,46.1,4,26.9,5,HIGH
STU-03369,3,public_state,2025,Term3_Apr_Jul,9.2,0,80.2,1,79.9,0,LOW
STU-03370,3,public_state,2024,Term1_Sep_Dec,30.8,0,64.1,3,32.6,5,HIGH
STU-03371,1,elite_private,2023,Term1_Sep_Dec,0,1,100,0,94.3,0,LOW
STU-03372,3,public_state,2023,Term2_Jan_Apr,60,0,49.3,15,40.8,2,HIGH
STU-03373,3,public_state,2024,Term1_Sep_Dec,18.9,0,60.0,7,35.5,3,HIGH
STU-03374,3,public_state,2024,Term2_Jan_Apr,8.9,0,89.4,2,65.2,0,LOW
STU-03375,2,low_cost_private,2023,Term1_Sep_Dec,39.1,0,70.4,0,69.0,0,LOW
STU-03376,1,elite_private,2024,Term3_Apr_Jul,0,1,71.9,3,70.5,0,LOW
STU-03377,2,low_cost_private,2023,Term1_Sep_Dec,41.1,0,59.1,4,38.9,2,HIGH
STU-03378,2,low_cost_private,2024,Term1_Sep_Dec,65.0,0,48.5,10,40.6,3,HIGH
STU-03379,3,public_state,2024,Term1_Sep_Dec,29.9,0,50.7,0,20,4,MEDIUM
STU-03380,2,low_cost_private,2024,Term2_Jan_Apr,18.2,0,87.9,1,82.9,0,LOW
STU-03381,2,low_cost_private,2024,Term1_Sep_Dec,45.7,0,47.8,5,30.3,3,HIGH
STU-03382,1,elite_private,2025,Term2_Jan_Apr,0,1,100,0,95.6,0,LOW
STU-03383,2,low_cost_private,2023,Term2_Jan_Apr,16.1,0,87.5,2,84.8,0,LOW
STU-03384,2,low_cost_private,2024,Term3_Apr_Jul,80.7,0,33.4,10,42.3,1,HIGH
STU-03385,2,low_cost_private,2024,Term1_Sep_Dec,26.9,0,50.5,4,32.9,3,HIGH
STU-03386,1,elite_private,2023,Term3_Apr_Jul,1.0,0,65.1,2,45.9,2,MEDIUM
STU-03387,1,elite_private,2025,Term3_Apr_Jul,0,1,96.8,2,100,0,LOW
STU-03388,1,elite_private,2025,Term1_Sep_Dec,0,1,99.2,1,89.6,0,LOW
STU-03389,3,public_state,2025,Term2_Jan_Apr,60,0,74.2,0,32.6,4,MEDIUM
STU-03390,3,public_state,2024,Term2_Jan_Apr,15.8,0,66.4,0,42.6,4,MEDIUM
STU-03391,2,low_cost_private,2024,Term1_Sep_Dec,17.2,0,65.4,0,62.2,0,LOW
STU-03392,1,elite_private,2023,Term2_Jan_Apr,3.1,0,65.9,3,58.4,2,MEDIUM
STU-03393,1,elite_private,2023,Term2_Jan_Apr,14,0,,,,,WITHDRAWN
STU-03394,3,public_state,2024,Term2_Jan_Apr,5.4,0,69.9,0,45.2,1,LOW
STU-03395,3,public_state,2024,Term2_Jan_Apr,7.5,0,91.0,3,74.6,0,LOW
STU-03396,2,low_cost_private,2025,Term1_Sep_Dec,47.7,0,39.9,9,20,6,HIGH
STU-03397,2,low_cost_private,2025,Term3_Apr_Jul,43.3,0,29.3,4,22.0,4,HIGH
STU-03398,2,low_cost_private,2025,Term2_Jan_Apr,55.6,0,73.3,4,38.1,5,HIGH
STU-03399,1,elite_private,2023,Term3_Apr_Jul,1.6,0,80.4,1,57.1,2,LOW
STU-03400,2,low_cost_private,2025,Term2_Jan_Apr,62.4,0,52.0,13,36.4,4,HIGH
STU-03401,2,low_cost_private,2025,Term2_Jan_Apr,49.3,0,39.4,9,20,5,HIGH
STU-03402,3,public_state,2025,Term2_Jan_Apr,10.9,0,90.2,1,67.5,0,LOW
STU-03403,2,low_cost_private,2025,Term1_Sep_Dec,44.7,0,36.6,6,20,3,HIGH
STU-03404,2,low_cost_private,2023,Term2_Jan_Apr,66.3,0,48.3,0,20,4,HIGH
STU-03405,1,elite_private,2023,Term1_Sep_Dec,13.1,0,49.8,6,55.2,2,MEDIUM
STU-03406,2,low_cost_private,2024,Term2_Jan_Apr,14.8,0,61.6,0,47.2,3,MEDIUM
STU-03407,3,public_state,2023,Term2_Jan_Apr,23.9,0,38.1,16,20,5,HIGH
STU-03408,1,elite_private,2023,Term1_Sep_Dec,13.0,0,70.0,0,38.9,2,MEDIUM
STU-03409,3,public_state,2024,Term2_Jan_Apr,43.3,0,40.6,7,42.8,5,HIGH
STU-03410,2,low_cost_private,2023,Term1_Sep_Dec,66.8,0,48.0,6,23.5,5,HIGH
STU-03411,2,low_cost_private,2025,Term1_Sep_Dec,27.6,0,38.0,12,40.0,4,HIGH
STU-03412,2,low_cost_private,2023,Term2_Jan_Apr,30.4,0,50.7,4,37.9,4,HIGH
STU-03413,2,low_cost_private,2025,Term3_Apr_Jul,57.0,0,18.6,8,38.2,5,HIGH
STU-03414,1,elite_private,2024,Term2_Jan_Apr,0,1,86.7,2,47.9,2,LOW
STU-03415,2,low_cost_private,2025,Term3_Apr_Jul,65.2,0,62.4,9,45.3,3,HIGH
STU-03416,2,low_cost_private,2023,Term2_Jan_Apr,31.0,0,40.2,0,20,4,HIGH
STU-03417,3,public_state,2023,Term1_Sep_Dec,18.7,0,53.1,12,38.8,3,HIGH
STU-03418,3,public_state,2023,Term3_Apr_Jul,34.1,0,37.0,13,45.1,3,HIGH
STU-03419,2,low_cost_private,2024,Term1_Sep_Dec,62.5,0,54.6,4,28.0,5,HIGH
STU-03420,3,public_state,2024,Term2_Jan_Apr,9.1,0,90.9,2,73.1,0,LOW
STU-03421,2,low_cost_private,2024,Term3_Apr_Jul,61.0,0,45.6,11,41.5,4,HIGH
STU-03422,2,low_cost_private,2025,Term2_Jan_Apr,55.4,0,62.6,5,20,3,HIGH
STU-03423,2,low_cost_private,2023,Term1_Sep_Dec,13.1,0,48.2,12,51.6,3,HIGH
STU-03424,3,public_state,2024,Term2_Jan_Apr,16.5,0,60.6,0,61.2,1,MEDIUM
STU-03425,3,public_state,2025,Term3_Apr_Jul,38.9,0,31.6,1,42.6,2,MEDIUM
STU-03426,2,low_cost_private,2024,Term2_Jan_Apr,16.9,0,88.6,0,71.7,0,LOW
STU-03427,3,public_state,2023,Term1_Sep_Dec,15.1,0,54.3,0,25,2,MEDIUM
STU-03428,2,low_cost_private,2023,Term1_Sep_Dec,29.1,0,52.2,8,51.7,3,HIGH
STU-03429,1,elite_private,2025,Term2_Jan_Apr,14,0,,,,,WITHDRAWN
STU-03430,3,public_state,2024,Term3_Apr_Jul,13.9,0,50.2,3,40.3,3,MEDIUM
STU-03431,1,elite_private,2023,Term2_Jan_Apr,0,1,100,0,94.1,0,LOW
STU-03432,3,public_state,2025,Term2_Jan_Apr,60,0,49.8,7,48.3,1,HIGH
STU-03433,3,public_state,2024,Term2_Jan_Apr,49.1,0,46.0,6,20,2,HIGH
STU-03434,2,low_cost_private,2025,Term1_Sep_Dec,38.3,0,40.3,9,35.5,3,HIGH
STU-03435,2,low_cost_private,2025,Term1_Sep_Dec,97.5,0,63.0,4,53.9,3,HIGH
STU-03436,1,elite_private,2025,Term1_Sep_Dec,0,1,99.2,1,93.3,0,LOW
STU-03437,2,low_cost_private,2025,Term3_Apr_Jul,52.1,0,48.8,12,26.0,3,HIGH
STU-03438,3,public_state,2024,Term3_Apr_Jul,22.9,0,43.1,10,60.3,0,MEDIUM
STU-03439,3,public_state,2025,Term2_Jan_Apr,18.7,0,47.6,3,22.5,3,HIGH
STU-03440,1,elite_private,2024,Term3_Apr_Jul,0,1,100,0,90.3,0,LOW
STU-03441,2,low_cost_private,2025,Term2_Jan_Apr,45.0,0,48.0,4,23.2,4,HIGH
STU-03442,1,elite_private,2023,Term3_Apr_Jul,0,1,69.0,1,44.6,5,MEDIUM
STU-03443,2,low_cost_private,2024,Term1_Sep_Dec,60.5,0,49.2,8,37.0,4,HIGH
STU-03444,2,low_cost_private,2024,Term1_Sep_Dec,57.2,0,52.6,4,49.6,3,HIGH
STU-03445,2,low_cost_private,2025,Term2_Jan_Apr,54.6,0,24.7,4,37.2,5,HIGH
STU-03446,2,low_cost_private,2025,Term1_Sep_Dec,67.0,0,34.7,10,36.2,5,HIGH
STU-03447,3,public_state,2024,Term2_Jan_Apr,44.2,0,31.5,8,20,3,HIGH
STU-03448,3,public_state,2024,Term1_Sep_Dec,31.2,0,59.4,2,44.1,1,MEDIUM
STU-03449,1,elite_private,2024,Term1_Sep_Dec,3.1,0,69.3,7,61.9,0,MEDIUM
STU-03450,1,elite_private,2024,Term2_Jan_Apr,1.1,0,99.2,1,86.8,0,LOW
STU-03451,1,elite_private,2025,Term3_Apr_Jul,0,1,100,0,85.9,0,LOW
STU-03452,2,low_cost_private,2023,Term3_Apr_Jul,63.8,0,33.4,13,71.9,1,HIGH
STU-03453,3,public_state,2024,Term1_Sep_Dec,60,0,42.5,10,37.6,4,HIGH
STU-03454,1,elite_private,2025,Term3_Apr_Jul,0,1,100,0,79.2,0,LOW
STU-03455,2,low_cost_private,2023,Term1_Sep_Dec,22.3,0,57.0,0,57.0,1,MEDIUM
STU-03456,1,elite_private,2023,Term1_Sep_Dec,0,1,99.2,1,83.6,0,LOW
STU-03457,1,elite_private,2023,Term1_Sep_Dec,0,1,100,0,93.5,0,LOW
STU-03458,1,elite_private,2024,Term3_Apr_Jul,0,1,98.4,2,89.0,0,LOW
STU-03459,2,low_cost_private,2025,Term2_Jan_Apr,47.2,0,38.3,6,21.6,3,HIGH
STU-03460,1,elite_private,2025,Term2_Jan_Apr,0,1,97.8,1,86.9,0,LOW
STU-03461,3,public_state,2025,Term1_Sep_Dec,7.3,0,93.6,1,75.2,0,LOW
STU-03462,2,low_cost_private,2024,Term2_Jan_Apr,57.1,0,43.6,4,41.6,3,HIGH
STU-03463,3,public_state,2025,Term2_Jan_Apr,12.1,0,54.8,4,52.8,2,MEDIUM
STU-03464,2,low_cost_private,2024,Term2_Jan_Apr,28.6,0,52.8,16,41.5,4,HIGH
STU-03465,1,elite_private,2023,Term3_Apr_Jul,14,0,,,,,WITHDRAWN
STU-03466,2,low_cost_private,2024,Term2_Jan_Apr,96.5,0,58.3,9,52.9,3,HIGH
STU-03467,3,public_state,2025,Term1_Sep_Dec,19.1,0,50.8,11,57.4,1,MEDIUM
STU-03468,3,public_state,2025,Term1_Sep_Dec,16.8,0,69.3,0,51.5,2,MEDIUM
STU-03469,2,low_cost_private,2023,Term3_Apr_Jul,49.9,0,47.8,4,47.9,2,HIGH
STU-03470,1,elite_private,2025,Term2_Jan_Apr,14,0,,,,,WITHDRAWN
STU-03471,3,public_state,2024,Term2_Jan_Apr,15.4,0,53.1,11,31.6,3,HIGH
STU-03472,3,public_state,2025,Term2_Jan_Apr,10.9,0,48.2,8,33.4,2,HIGH
STU-03473,2,low_cost_private,2023,Term1_Sep_Dec,18.0,0,53.0,1,72.6,0,LOW
STU-03474,2,low_cost_private,2025,Term2_Jan_Apr,48.8,0,47.3,7,35.9,5,HIGH
STU-03475,3,public_state,2023,Term2_Jan_Apr,19.8,0,68.1,1,37.3,3,MEDIUM
STU-03476,2,low_cost_private,2024,Term2_Jan_Apr,75.5,0,49.8,16,50.4,3,HIGH
STU-03477,2,low_cost_private,2023,Term3_Apr_Jul,47.6,0,22.2,12,34.7,4,HIGH
STU-03478,2,low_cost_private,2023,Term3_Apr_Jul,55.0,0,33.8,13,38.6,2,HIGH
STU-03479,2,low_cost_private,2023,Term1_Sep_Dec,19.6,0,48.7,10,33.4,3,HIGH
STU-03480,2,low_cost_private,2024,Term1_Sep_Dec,20.6,0,88.6,0,75.2,0,LOW
STU-03481,1,elite_private,2023,Term2_Jan_Apr,0,1,99.2,1,79.9,0,LOW
STU-03482,3,public_state,2024,Term3_Apr_Jul,15.7,0,33.5,4,22.6,4,HIGH
STU-03483,3,public_state,2023,Term2_Jan_Apr,15.9,0,67.9,9,29.8,6,HIGH
STU-03484,2,low_cost_private,2025,Term3_Apr_Jul,35.0,0,40.4,10,44.8,4,HIGH
STU-03485,2,low_cost_private,2024,Term3_Apr_Jul,53.0,0,48.0,9,35.7,4,HIGH
STU-03486,3,public_state,2023,Term1_Sep_Dec,59.0,0,59.4,4,32.4,6,HIGH
STU-03487,3,public_state,2023,Term1_Sep_Dec,58.5,0,60.8,10,41.3,2,HIGH
STU-03488,1,elite_private,2024,Term2_Jan_Apr,0,1,99.2,1,92.3,0,LOW
STU-03489,2,low_cost_private,2025,Term2_Jan_Apr,15.3,0,88.7,1,89.6,0,LOW
STU-03490,3,public_state,2024,Term3_Apr_Jul,35.7,0,40.7,8,20,6,HIGH
STU-03491,2,low_cost_private,2024,Term2_Jan_Apr,26.4,0,49.2,0,37.2,3,MEDIUM
STU-03492,2,low_cost_private,2025,Term1_Sep_Dec,42.9,0,59.7,8,49.5,2,HIGH
STU-03493,3,public_state,2024,Term2_Jan_Apr,20.0,0,75.9,2,34.6,3,MEDIUM
STU-03494,1,elite_private,2024,Term1_Sep_Dec,0,1,100,0,85.7,0,LOW
STU-03495,2,low_cost_private,2025,Term1_Sep_Dec,16.7,0,87.3,0,82.4,0,LOW
STU-03496,3,public_state,2025,Term3_Apr_Jul,6.7,0,81.8,1,71.9,0,LOW
STU-03497,3,public_state,2024,Term1_Sep_Dec,51.3,0,66.3,3,33.5,4,HIGH
STU-03498,1,elite_private,2024,Term3_Apr_Jul,0,1,100,0,86.3,0,LOW
STU-03499,1,elite_private,2023,Term2_Jan_Apr,10.6,0,76.0,1,51.0,2,LOW
STU-03500,3,public_state,2025,Term1_Sep_Dec,19.9,0,60.9,0,51.7,4,MEDIUM
STU-03501,2,low_cost_private,2024,Term3_Apr_Jul,51.2,0,53.4,9,48.1,2,HIGH
STU-03502,2,low_cost_private,2023,Term3_Apr_Jul,27.9,0,45.9,6,51.4,1,MEDIUM
STU-03503,3,public_state,2024,Term1_Sep_Dec,23.2,0,57.4,3,42.1,2,MEDIUM
STU-03504,3,public_state,2025,Term2_Jan_Apr,7.3,0,46.7,5,24.7,4,HIGH
STU-03505,1,elite_private,2023,Term2_Jan_Apr,0,1,73.6,0,72.6,0,LOW
STU-03506,3,public_state,2024,Term2_Jan_Apr,6.9,0,92.5,1,78.4,0,LOW
STU-03507,2,low_cost_private,2025,Term3_Apr_Jul,82.6,0,52.0,13,43.2,3,HIGH
STU-03508,2,low_cost_private,2023,Term3_Apr_Jul,15.8,0,70.9,13,81.7,0,MEDIUM
STU-03509,3,public_state,2024,Term1_Sep_Dec,33.3,0,62.2,2,42.4,2,MEDIUM
STU-03510,1,elite_private,2023,Term2_Jan_Apr,0,1,100,0,87.7,0,LOW
STU-03511,2,low_cost_private,2025,Term3_Apr_Jul,14.9,0,46.5,6,43.9,2,MEDIUM
STU-03512,2,low_cost_private,2023,Term3_Apr_Jul,19.1,0,67.6,1,60.9,0,LOW
STU-03513,3,public_state,2024,Term2_Jan_Apr,5.7,0,90.5,2,67.7,0,LOW
STU-03514,3,public_state,2023,Term3_Apr_Jul,18.9,0,46.0,1,30.4,4,HIGH
STU-03515,1,elite_private,2025,Term3_Apr_Jul,5.6,0,67.7,0,45.2,1,LOW
STU-03516,2,low_cost_private,2024,Term1_Sep_Dec,30.5,0,61.4,4,53.6,1,MEDIUM
STU-03517,1,elite_private,2025,Term1_Sep_Dec,0,1,98.4,2,86.4,0,LOW
STU-03518,2,low_cost_private,2025,Term2_Jan_Apr,25.8,0,52.0,0,25,2,MEDIUM
STU-03519,2,low_cost_private,2025,Term3_Apr_Jul,60.1,0,37.9,11,43.7,3,HIGH
STU-03520,3,public_state,2025,Term2_Jan_Apr,37.7,0,59.6,8,47.4,2,HIGH
STU-03521,2,low_cost_private,2023,Term1_Sep_Dec,54.0,0,43.6,9,57.1,1,HIGH
STU-03522,2,low_cost_private,2025,Term1_Sep_Dec,41.6,0,38.2,12,20,4,HIGH
STU-03523,2,low_cost_private,2023,Term1_Sep_Dec,15.4,0,85.9,0,81.4,0,LOW
STU-03524,1,elite_private,2023,Term3_Apr_Jul,0,1,99.1,1,89.6,0,LOW
STU-03525,2,low_cost_private,2023,Term1_Sep_Dec,17.4,0,90.3,1,70.8,0,LOW
STU-03526,1,elite_private,2025,Term1_Sep_Dec,5.8,0,38.9,5,21.7,4,HIGH
STU-03527,2,low_cost_private,2024,Term3_Apr_Jul,36.0,0,41.8,9,20,3,HIGH
STU-03528,2,low_cost_private,2024,Term1_Sep_Dec,35.0,0,53.1,7,37.9,3,HIGH
STU-03529,2,low_cost_private,2023,Term2_Jan_Apr,17.0,0,88.9,0,78.6,0,LOW
STU-03530,2,low_cost_private,2024,Term3_Apr_Jul,35.5,0,52.9,13,67.5,0,MEDIUM
STU-03531,2,low_cost_private,2023,Term2_Jan_Apr,24.4,0,36.3,14,20,4,HIGH
STU-03532,1,elite_private,2023,Term1_Sep_Dec,1.6,0,84.7,0,69.5,1,LOW
STU-03533,1,elite_private,2024,Term1_Sep_Dec,0,1,100,0,93.8,0,LOW
STU-03534,1,elite_private,2025,Term3_Apr_Jul,5,0,50.8,5,51.6,2,MEDIUM
STU-03535,1,elite_private,2024,Term2_Jan_Apr,0,1,99.2,1,97.6,0,LOW
STU-03536,2,low_cost_private,2024,Term1_Sep_Dec,70.5,0,42.4,4,50.8,4,HIGH
STU-03537,3,public_state,2023,Term3_Apr_Jul,15.4,0,69.2,1,39.2,3,MEDIUM
STU-03538,1,elite_private,2024,Term1_Sep_Dec,13.1,0,65.9,2,34.1,3,MEDIUM
STU-03539,1,elite_private,2023,Term2_Jan_Apr,7.2,0,80.6,6,62.9,0,LOW
STU-03540,2,low_cost_private,2024,Term2_Jan_Apr,28.8,0,48.5,1,27.0,5,HIGH
STU-03541,2,low_cost_private,2023,Term1_Sep_Dec,78.8,0,53.5,4,35.0,5,HIGH
STU-03542,3,public_state,2023,Term1_Sep_Dec,25.8,0,45.0,9,27.4,4,HIGH
STU-03543,2,low_cost_private,2024,Term2_Jan_Apr,46.9,0,55.2,6,42.0,3,HIGH
STU-03544,2,low_cost_private,2023,Term1_Sep_Dec,41.0,0,64.8,7,40.4,3,HIGH
STU-03545,3,public_state,2025,Term2_Jan_Apr,44.5,0,48.4,10,28.1,5,HIGH
STU-03546,3,public_state,2025,Term2_Jan_Apr,56.5,0,63.4,10,42.8,4,HIGH
STU-03547,1,elite_private,2025,Term3_Apr_Jul,0,1,99.2,1,93.5,0,LOW
STU-03548,3,public_state,2025,Term3_Apr_Jul,17.3,0,30.6,11,38.9,5,HIGH
STU-03549,3,public_state,2023,Term3_Apr_Jul,60,0,41.8,9,38.8,7,HIGH
STU-03550,3,public_state,2025,Term2_Jan_Apr,7.3,0,66.0,0,30.1,3,MEDIUM
STU-03551,1,elite_private,2023,Term3_Apr_Jul,0,1,98.9,0,99.2,0,LOW
STU-03552,2,low_cost_private,2025,Term2_Jan_Apr,30.1,0,55.9,16,55.0,1,MEDIUM
STU-03553,2,low_cost_private,2023,Term1_Sep_Dec,18.6,0,88.9,1,78.8,0,LOW
STU-03554,3,public_state,2023,Term1_Sep_Dec,5.1,0,49.0,6,51.9,2,MEDIUM
STU-03555,1,elite_private,2024,Term1_Sep_Dec,0,1,99.2,1,93.2,0,LOW
STU-03556,1,elite_private,2023,Term2_Jan_Apr,0,1,98.8,0,96.0,0,LOW
STU-03557,3,public_state,2025,Term3_Apr_Jul,50.8,0,70.9,3,35.0,4,HIGH
STU-03558,3,public_state,2025,Term2_Jan_Apr,19.8,0,53.7,0,20,3,MEDIUM
STU-03559,1,elite_private,2024,Term3_Apr_Jul,0,1,99.2,1,99.8,0,LOW
STU-03560,3,public_state,2023,Term2_Jan_Apr,4.3,0,88.7,2,61.4,0,LOW
STU-03561,1,elite_private,2023,Term2_Jan_Apr,0,1,100,0,96.0,0,LOW
STU-03562,3,public_state,2025,Term3_Apr_Jul,60,0,58.3,9,67.8,0,MEDIUM
STU-03563,3,public_state,2025,Term3_Apr_Jul,28.0,0,57.0,0,39.2,4,MEDIUM
STU-03564,2,low_cost_private,2025,Term1_Sep_Dec,32.5,0,49.1,4,20,3,HIGH
STU-03565,3,public_state,2024,Term1_Sep_Dec,60,0,51.1,3,50.8,2,MEDIUM
STU-03566,2,low_cost_private,2023,Term1_Sep_Dec,31.2,0,40.1,4,20,3,HIGH
STU-03567,2,low_cost_private,2025,Term2_Jan_Apr,19.2,0,89.1,0,82.4,0,LOW
STU-03568,2,low_cost_private,2025,Term3_Apr_Jul,62.6,0,35.9,11,39.3,6,HIGH
STU-03569,2,low_cost_private,2025,Term2_Jan_Apr,53.1,0,53.2,11,40.7,4,HIGH
STU-03570,2,low_cost_private,2024,Term3_Apr_Jul,17.3,0,82.7,1,76.0,0,LOW
STU-03571,1,elite_private,2025,Term2_Jan_Apr,0,1,100,0,95.2,0,LOW
STU-03572,2,low_cost_private,2024,Term2_Jan_Apr,14.5,0,88.9,2,68.8,0,LOW
STU-03573,3,public_state,2025,Term1_Sep_Dec,21.3,0,57.5,1,30.4,5,HIGH
STU-03574,3,public_state,2024,Term1_Sep_Dec,30.3,0,61.3,7,60.1,0,MEDIUM
STU-03575,1,elite_private,2024,Term1_Sep_Dec,0,1,77.2,1,74.6,0,LOW
STU-03576,3,public_state,2023,Term3_Apr_Jul,49.4,0,52.2,0,31.7,3,MEDIUM
STU-03577,3,public_state,2025,Term3_Apr_Jul,17.0,0,41.9,1,57.5,0,MEDIUM
STU-03578,1,elite_private,2023,Term1_Sep_Dec,1.4,0,68.9,0,69.1,0,LOW
STU-03579,3,public_state,2023,Term1_Sep_Dec,3.1,0,86.5,3,72.3,0,LOW
STU-03580,3,public_state,2024,Term3_Apr_Jul,52.1,0,66.8,2,35.0,4,MEDIUM
STU-03581,1,elite_private,2025,Term1_Sep_Dec,0,1,100,0,86.7,0,LOW
STU-03582,1,elite_private,2023,Term1_Sep_Dec,0,1,99.2,1,91.0,0,LOW
STU-03583,1,elite_private,2024,Term3_Apr_Jul,7.5,0,89.2,1,72.1,0,LOW
STU-03584,1,elite_private,2024,Term1_Sep_Dec,0,1,100,0,93.5,0,LOW
STU-03585,1,elite_private,2025,Term1_Sep_Dec,0,1,99.2,1,92.4,0,LOW
STU-03586,2,low_cost_private,2023,Term1_Sep_Dec,30.2,0,52.8,11,50.0,2,HIGH
STU-03587,2,low_cost_private,2024,Term3_Apr_Jul,72.6,0,60.5,4,53.9,3,HIGH
STU-03588,1,elite_private,2025,Term1_Sep_Dec,0,1,85.4,1,62.6,0,LOW
STU-03589,3,public_state,2025,Term3_Apr_Jul,26.7,0,37.1,0,38.1,4,MEDIUM
STU-03590,2,low_cost_private,2024,Term2_Jan_Apr,28.8,0,72.0,4,47.2,1,MEDIUM
STU-03591,2,low_cost_private,2024,Term3_Apr_Jul,30.2,0,40.7,8,26.8,3,HIGH
STU-03592,1,elite_private,2024,Term2_Jan_Apr,0,1,100,0,91.9,0,LOW
STU-03593,2,low_cost_private,2023,Term3_Apr_Jul,18.4,0,47.9,0,67.1,1,MEDIUM
STU-03594,2,low_cost_private,2025,Term1_Sep_Dec,38.0,0,66.0,4,52.0,2,MEDIUM
STU-03595,3,public_state,2025,Term1_Sep_Dec,17.6,0,72.1,6,52.8,2,MEDIUM
STU-03596,1,elite_private,2024,Term1_Sep_Dec,0,1,99.2,1,89.2,0,LOW
STU-03597,2,low_cost_private,2023,Term2_Jan_Apr,18.7,0,90.3,1,79.3,0,LOW
STU-03598,2,low_cost_private,2023,Term2_Jan_Apr,15.7,0,90.5,0,73.5,0,LOW
STU-03599,2,low_cost_private,2024,Term2_Jan_Apr,13.8,0,70.4,0,39.5,4,MEDIUM
STU-03600,2,low_cost_private,2025,Term2_Jan_Apr,34.0,0,49.6,7,60.6,0,MEDIUM
STU-03601,3,public_state,2023,Term1_Sep_Dec,4.4,0,59.3,3,47.0,0,MEDIUM
STU-03602,3,public_state,2024,Term2_Jan_Apr,20.8,0,69.1,0,51.1,2,MEDIUM
STU-03603,2,low_cost_private,2023,Term2_Jan_Apr,33.9,0,68.8,13,53.9,1,MEDIUM
STU-03604,2,low_cost_private,2024,Term2_Jan_Apr,13.9,0,88.0,3,72.4,0,LOW
STU-03605,2,low_cost_private,2025,Term3_Apr_Jul,91.5,0,52.3,12,53.7,2,HIGH
STU-03606,2,low_cost_private,2025,Term1_Sep_Dec,61.3,0,45.0,9,58.9,1,HIGH
STU-03607,2,low_cost_private,2025,Term2_Jan_Apr,42.6,0,48.7,1,52.6,2,MEDIUM
STU-03608,3,public_state,2023,Term2_Jan_Apr,25.5,0,61.4,3,37.1,2,MEDIUM
STU-03609,2,low_cost_private,2024,Term1_Sep_Dec,45.4,0,41.4,15,61.5,1,HIGH
STU-03610,1,elite_private,2024,Term3_Apr_Jul,1.8,0,72.5,4,71.8,0,LOW
STU-03611,2,low_cost_private,2023,Term2_Jan_Apr,75.8,0,55.3,12,24.3,3,HIGH
STU-03612,3,public_state,2024,Term2_Jan_Apr,52.1,0,57.2,10,28.2,3,HIGH
STU-03613,3,public_state,2024,Term3_Apr_Jul,55.7,0,46.9,8,32.6,4,HIGH
STU-03614,2,low_cost_private,2025,Term1_Sep_Dec,26.0,0,56.7,9,25.2,4,HIGH
STU-03615,3,public_state,2025,Term3_Apr_Jul,54.0,0,36.0,6,38.7,5,HIGH
STU-03616,2,low_cost_private,2025,Term2_Jan_Apr,38.5,0,64.6,0,72.8,0,LOW
STU-03617,2,low_cost_private,2023,Term2_Jan_Apr,12.7,0,90.2,2,73.1,0,LOW
STU-03618,2,low_cost_private,2025,Term2_Jan_Apr,17.2,0,86.6,2,75.2,0,LOW
STU-03619,2,low_cost_private,2025,Term2_Jan_Apr,23.6,0,67.0,0,43.1,2,MEDIUM
STU-03620,3,public_state,2024,Term3_Apr_Jul,27.9,0,53.1,2,52.7,2,MEDIUM
STU-03621,3,public_state,2023,Term3_Apr_Jul,29.4,0,44.5,3,26.6,2,HIGH
STU-03622,3,public_state,2024,Term2_Jan_Apr,6.8,0,89.0,0,71.2,0,LOW
STU-03623,3,public_state,2024,Term1_Sep_Dec,11.2,0,61.3,1,27.9,5,MEDIUM
STU-03624,2,low_cost_private,2024,Term2_Jan_Apr,62.9,0,43.5,7,28.3,6,HIGH
STU-03625,1,elite_private,2023,Term2_Jan_Apr,0,1,99.7,0,89.6,0,LOW
STU-03626,3,public_state,2024,Term3_Apr_Jul,33.2,0,32.0,7,27.4,3,HIGH
STU-03627,3,public_state,2025,Term2_Jan_Apr,12.5,0,53.4,7,38.8,2,MEDIUM
STU-03628,1,elite_private,2024,Term2_Jan_Apr,5.5,0,70.6,3,71.9,0,LOW
STU-03629,2,low_cost_private,2023,Term3_Apr_Jul,16.0,0,83.1,1,84.6,0,LOW
STU-03630,1,elite_private,2023,Term3_Apr_Jul,11.5,0,64.1,6,47.4,2,MEDIUM
STU-03631,3,public_state,2025,Term3_Apr_Jul,60,0,39.0,6,24.0,5,HIGH
STU-03632,1,elite_private,2025,Term3_Apr_Jul,0,1,98.4,2,100,0,LOW
STU-03633,1,elite_private,2025,Term2_Jan_Apr,0,1,100,0,87.0,0,LOW
STU-03634,2,low_cost_private,2025,Term2_Jan_Apr,76.3,0,58.7,7,43.7,3,HIGH
STU-03635,2,low_cost_private,2024,Term1_Sep_Dec,48.7,0,32.5,14,27.9,4,HIGH
STU-03636,1,elite_private,2023,Term3_Apr_Jul,0,1,99.2,1,85.9,0,LOW
STU-03637,1,elite_private,2025,Term1_Sep_Dec,0.1,0,99.2,1,84.2,0,LOW
STU-03638,1,elite_private,2023,Term2_Jan_Apr,2.0,0,98.4,2,82.7,0,LOW
STU-03639,3,public_state,2025,Term3_Apr_Jul,30.4,0,47.3,11,40.2,4,HIGH
STU-03640,2,low_cost_private,2023,Term3_Apr_Jul,102.3,0,55.3,9,37.6,4,HIGH
STU-03641,1,elite_private,2024,Term3_Apr_Jul,0,1,98.3,0,97.6,0,LOW
STU-03642,1,elite_private,2025,Term2_Jan_Apr,0,1,65.5,1,60.3,0,LOW
STU-03643,2,low_cost_private,2024,Term2_Jan_Apr,34.1,0,57.2,0,36.4,3,MEDIUM
STU-03644,2,low_cost_private,2025,Term3_Apr_Jul,55.5,0,30.7,13,20,5,HIGH
STU-03645,1,elite_private,2024,Term1_Sep_Dec,0,1,99.6,0,88.2,0,LOW
STU-03646,3,public_state,2023,Term2_Jan_Apr,23.7,0,48.0,9,35.0,2,HIGH
STU-03647,3,public_state,2024,Term3_Apr_Jul,21.9,0,37.3,12,54.6,2,HIGH
STU-03648,2,low_cost_private,2025,Term2_Jan_Apr,18.5,0,47.6,8,64.3,0,MEDIUM
STU-03649,2,low_cost_private,2023,Term1_Sep_Dec,26.9,0,40.9,13,20,3,HIGH
STU-03650,2,low_cost_private,2024,Term2_Jan_Apr,87.9,0,34.8,13,33.8,4,HIGH
STU-03651,1,elite_private,2024,Term1_Sep_Dec,14,0,,,,,WITHDRAWN
STU-03652,2,low_cost_private,2024,Term2_Jan_Apr,50.4,0,49.2,4,48.1,4,HIGH
STU-03653,3,public_state,2024,Term3_Apr_Jul,13.6,0,46.5,5,45.4,3,MEDIUM
STU-03654,1,elite_private,2023,Term1_Sep_Dec,0,1,100,0,86.7,0,LOW
STU-03655,2,low_cost_private,2025,Term3_Apr_Jul,86.6,0,47.4,6,38.0,4,HIGH
STU-03656,2,low_cost_private,2024,Term1_Sep_Dec,96.0,0,53.6,1,51.7,1,MEDIUM
STU-03657,1,elite_private,2024,Term1_Sep_Dec,11.6,0,82.6,1,74.1,0,LOW
STU-03658,1,elite_private,2024,Term3_Apr_Jul,0,1,83.2,1,76.9,0,LOW
STU-03659,2,low_cost_private,2025,Term1_Sep_Dec,38.0,0,74.9,0,69.1,0,LOW
STU-03660,2,low_cost_private,2025,Term3_Apr_Jul,41.3,0,37.6,4,20,3,HIGH
STU-03661,3,public_state,2025,Term2_Jan_Apr,22.5,0,49.7,10,27.3,3,HIGH
STU-03662,1,elite_private,2024,Term2_Jan_Apr,3.6,0,63.0,0,64.5,0,LOW
STU-03663,2,low_cost_private,2024,Term2_Jan_Apr,18.6,0,87.1,2,79.7,0,LOW
STU-03664,1,elite_private,2025,Term3_Apr_Jul,1.6,0,99.2,1,90.8,0,LOW
STU-03665,2,low_cost_private,2024,Term2_Jan_Apr,19.7,0,88.9,1,78.7,0,LOW
STU-03666,3,public_state,2024,Term2_Jan_Apr,20.7,0,75.8,1,39.4,2,MEDIUM
STU-03667,3,public_state,2025,Term1_Sep_Dec,5.1,0,64.5,1,30.5,3,MEDIUM
STU-03668,1,elite_private,2024,Term2_Jan_Apr,11.6,0,76.6,0,65.0,0,LOW
STU-03669,2,low_cost_private,2023,Term3_Apr_Jul,66.2,0,48.8,12,48.6,2,HIGH
STU-03670,2,low_cost_private,2023,Term3_Apr_Jul,22.3,0,68.1,0,38.1,2,MEDIUM
STU-03671,1,elite_private,2023,Term2_Jan_Apr,1.9,0,86.0,5,61.3,0,LOW
STU-03672,2,low_cost_private,2025,Term2_Jan_Apr,25.2,0,84.1,1,30.4,2,MEDIUM
STU-03673,1,elite_private,2023,Term2_Jan_Apr,0,1,99.2,1,91.7,0,LOW
STU-03674,1,elite_private,2023,Term2_Jan_Apr,0,1,79.6,1,44.3,4,MEDIUM
STU-03675,2,low_cost_private,2023,Term2_Jan_Apr,32.8,0,59.4,4,29.3,3,HIGH
STU-03676,2,low_cost_private,2024,Term1_Sep_Dec,26.7,0,56.1,4,28.5,3,HIGH
STU-03677,2,low_cost_private,2024,Term3_Apr_Jul,43.6,0,43.0,11,30.6,4,HIGH
STU-03678,3,public_state,2023,Term3_Apr_Jul,60,0,42.3,7,22.5,4,HIGH
STU-03679,1,elite_private,2023,Term3_Apr_Jul,0,1,98.4,2,93.4,0,LOW
STU-03680,2,low_cost_private,2023,Term1_Sep_Dec,60.8,0,54.5,1,40.4,2,MEDIUM
STU-03681,1,elite_private,2025,Term2_Jan_Apr,0,1,100,0,84.9,0,LOW
STU-03682,3,public_state,2023,Term2_Jan_Apr,17.8,0,44.8,9,49.4,1,HIGH
STU-03683,2,low_cost_private,2025,Term1_Sep_Dec,19.5,0,90.8,0,76.6,0,LOW
STU-03684,2,low_cost_private,2024,Term3_Apr_Jul,25.2,0,46.4,8,20,4,HIGH
STU-03685,1,elite_private,2023,Term2_Jan_Apr,2.4,0,99.0,1,78.9,0,LOW
STU-03686,2,low_cost_private,2023,Term2_Jan_Apr,18.6,0,87.9,0,80.7,0,LOW
STU-03687,2,low_cost_private,2024,Term3_Apr_Jul,25.8,0,40.9,11,53.2,1,HIGH
STU-03688,2,low_cost_private,2024,Term3_Apr_Jul,21.3,0,53.6,1,20.0,3,MEDIUM
STU-03689,3,public_state,2023,Term2_Jan_Apr,9.4,0,91.5,1,67.9,0,LOW
STU-03690,1,elite_private,2023,Term1_Sep_Dec,0,1,98.4,2,91.9,0,LOW
STU-03691,1,elite_private,2023,Term1_Sep_Dec,0,1,99.2,1,98.8,0,LOW
STU-03692,2,low_cost_private,2024,Term2_Jan_Apr,62.5,0,45.9,11,46.8,2,HIGH
STU-03693,2,low_cost_private,2023,Term2_Jan_Apr,45.3,0,48.6,13,20,5,HIGH
STU-03694,2,low_cost_private,2023,Term3_Apr_Jul,37.9,0,16.0,5,29.4,3,HIGH
STU-03695,3,public_state,2024,Term3_Apr_Jul,17.4,0,81.5,0,50.8,0,LOW
STU-03696,2,low_cost_private,2024,Term3_Apr_Jul,20.3,0,82.4,0,65.8,0,LOW
STU-03697,2,low_cost_private,2025,Term3_Apr_Jul,13.3,0,61.9,6,35.1,4,MEDIUM
STU-03698,2,low_cost_private,2024,Term3_Apr_Jul,11.6,0,59.2,1,23.9,3,MEDIUM
STU-03699,2,low_cost_private,2023,Term2_Jan_Apr,53.6,0,44.3,9,38.5,3,HIGH
STU-03700,3,public_state,2023,Term1_Sep_Dec,60,0,56.2,3,32.0,5,HIGH
STU-03701,2,low_cost_private,2025,Term3_Apr_Jul,2.4,0,41.5,7,31.3,2,HIGH
STU-03702,3,public_state,2024,Term1_Sep_Dec,6.8,0,52.8,10,62.0,0,MEDIUM
STU-03703,3,public_state,2025,Term2_Jan_Apr,17.4,0,68.9,1,38.2,4,MEDIUM
STU-03704,2,low_cost_private,2024,Term3_Apr_Jul,17.7,0,85.3,1,79.1,0,LOW
STU-03705,2,low_cost_private,2023,Term2_Jan_Apr,49.2,0,44.6,7,54.6,2,HIGH
STU-03706,3,public_state,2023,Term1_Sep_Dec,28.7,0,55.8,6,43.5,3,MEDIUM
STU-03707,1,elite_private,2025,Term3_Apr_Jul,0.2,0,98.5,0,79.3,0,LOW
STU-03708,3,public_state,2024,Term3_Apr_Jul,7.0,0,82.2,0,74.6,0,LOW
STU-03709,2,low_cost_private,2024,Term2_Jan_Apr,15.6,0,86.9,2,72.7,0,LOW
STU-03710,1,elite_private,2024,Term2_Jan_Apr,14,0,,,,,WITHDRAWN
STU-03711,1,elite_private,2024,Term1_Sep_Dec,0,1,97.6,3,86.0,0,LOW
STU-03712,3,public_state,2024,Term1_Sep_Dec,39.6,0,63.0,7,30.7,4,HIGH
STU-03713,1,elite_private,2025,Term2_Jan_Apr,0,1,100,0,92.7,0,LOW
STU-03714,1,elite_private,2025,Term1_Sep_Dec,0,1,100,0,92.1,0,LOW
STU-03715,2,low_cost_private,2025,Term2_Jan_Apr,6.5,0,52.8,2,52.6,3,MEDIUM
STU-03716,1,elite_private,2025,Term1_Sep_Dec,10.7,0,67.7,5,82.3,0,LOW
STU-03717,1,elite_private,2024,Term3_Apr_Jul,0,1,99.2,1,88.8,0,LOW
STU-03718,1,elite_private,2023,Term3_Apr_Jul,14,0,,,,,WITHDRAWN
STU-03719,2,low_cost_private,2023,Term3_Apr_Jul,18.8,0,84.2,0,65.9,0,LOW
STU-03720,1,elite_private,2023,Term2_Jan_Apr,12.6,0,76.1,1,48.3,2,LOW
STU-03721,1,elite_private,2023,Term3_Apr_Jul,14,0,,,,,WITHDRAWN
STU-03722,2,low_cost_private,2023,Term3_Apr_Jul,54.0,0,52.9,1,27.0,3,HIGH
STU-03723,2,low_cost_private,2025,Term1_Sep_Dec,23.7,0,69.5,1,71.1,0,LOW
STU-03724,3,public_state,2024,Term3_Apr_Jul,60,0,47.0,2,34.7,3,HIGH
STU-03725,1,elite_private,2025,Term2_Jan_Apr,0,1,99.5,0,92.0,0,LOW
STU-03726,1,elite_private,2025,Term2_Jan_Apr,0,1,100,0,95.5,0,LOW
STU-03727,2,low_cost_private,2024,Term3_Apr_Jul,9.8,0,56.0,4,39.4,2,MEDIUM
STU-03728,2,low_cost_private,2023,Term2_Jan_Apr,67.5,0,55.9,1,51.5,2,MEDIUM
STU-03729,2,low_cost_private,2024,Term2_Jan_Apr,23.2,0,15.3,13,20,2,HIGH
STU-03730,3,public_state,2023,Term3_Apr_Jul,10.4,0,54.8,0,55.3,3,MEDIUM
STU-03731,1,elite_private,2023,Term3_Apr_Jul,0,1,100,0,87.5,0,LOW
STU-03732,2,low_cost_private,2025,Term2_Jan_Apr,79.4,0,45.2,9,36.4,4,HIGH
STU-03733,1,elite_private,2024,Term2_Jan_Apr,0,1,99.2,1,93.3,0,LOW
STU-03734,1,elite_private,2025,Term3_Apr_Jul,0.5,0,98.4,2,84.5,0,LOW
STU-03735,3,public_state,2025,Term1_Sep_Dec,35.0,0,45.2,11,61.7,2,HIGH
STU-03736,3,public_state,2024,Term3_Apr_Jul,6.0,0,82.2,1,62.5,0,LOW
STU-03737,1,elite_private,2024,Term3_Apr_Jul,0,1,100,0,100,0,LOW
STU-03738,2,low_cost_private,2024,Term1_Sep_Dec,60.2,0,46.8,8,51.4,3,HIGH
STU-03739,2,low_cost_private,2025,Term2_Jan_Apr,27.5,0,24.8,14,21.5,5,HIGH
STU-03740,3,public_state,2025,Term1_Sep_Dec,11.6,0,39.5,5,20,3,HIGH
STU-03741,1,elite_private,2025,Term2_Jan_Apr,14,0,,,,,WITHDRAWN
STU-03742,3,public_state,2024,Term1_Sep_Dec,60,0,54.7,0,52.6,1,MEDIUM
STU-03743,3,public_state,2025,Term3_Apr_Jul,42.6,0,54.5,4,51.6,2,MEDIUM
STU-03744,3,public_state,2024,Term2_Jan_Apr,27.4,0,53.8,1,42.0,3,MEDIUM
STU-03745,2,low_cost_private,2024,Term3_Apr_Jul,63.3,0,53.7,4,32.9,4,HIGH
STU-03746,2,low_cost_private,2023,Term3_Apr_Jul,59.8,0,63.8,13,41.9,3,HIGH
STU-03747,2,low_cost_private,2024,Term3_Apr_Jul,15.7,0,86.9,1,74.8,0,LOW
STU-03748,1,elite_private,2025,Term1_Sep_Dec,1.5,0,79.0,0,83.8,0,LOW
STU-03749,1,elite_private,2025,Term3_Apr_Jul,0,1,100,0,93.9,0,LOW
STU-03750,1,elite_private,2025,Term2_Jan_Apr,7.3,0,89.2,1,64.2,0,LOW
STU-03751,3,public_state,2024,Term1_Sep_Dec,41.7,0,44.0,8,35.9,6,HIGH
STU-03752,1,elite_private,2023,Term1_Sep_Dec,0,1,98.4,2,83.0,0,LOW
STU-03753,1,elite_private,2025,Term1_Sep_Dec,0,1,99.2,1,92.2,0,LOW
STU-03754,2,low_cost_private,2023,Term1_Sep_Dec,36.8,0,55.3,6,57.2,2,MEDIUM
STU-03755,2,low_cost_private,2025,Term2_Jan_Apr,23.6,0,65.3,4,38.2,3,MEDIUM
STU-03756,3,public_state,2024,Term1_Sep_Dec,9.1,0,77.6,1,38.2,5,MEDIUM
STU-03757,1,elite_private,2025,Term1_Sep_Dec,0,1,66.6,1,66.5,0,LOW
STU-03758,2,low_cost_private,2023,Term1_Sep_Dec,30.0,0,29.8,15,38.0,3,HIGH
STU-03759,3,public_state,2023,Term2_Jan_Apr,11.0,0,90.1,3,89.4,0,LOW
STU-03760,3,public_state,2024,Term1_Sep_Dec,18.0,0,58.5,5,42.4,3,MEDIUM
STU-03761,2,low_cost_private,2024,Term1_Sep_Dec,30.8,0,54.9,5,50.5,2,MEDIUM
STU-03762,1,elite_private,2024,Term2_Jan_Apr,0,1,99.2,1,100,0,LOW
STU-03763,2,low_cost_private,2024,Term3_Apr_Jul,35.6,0,56.3,6,60.1,0,MEDIUM
STU-03764,2,low_cost_private,2025,Term1_Sep_Dec,23.4,0,57.5,1,43.2,4,MEDIUM
STU-03765,2,low_cost_private,2025,Term1_Sep_Dec,13.8,0,86.6,2,81.9,0,LOW
STU-03766,2,low_cost_private,2023,Term1_Sep_Dec,36.3,0,68.8,1,45.3,4,MEDIUM
STU-03767,2,low_cost_private,2023,Term3_Apr_Jul,51.3,0,34.2,13,46.4,4,HIGH
STU-03768,1,elite_private,2024,Term2_Jan_Apr,0,1,100,0,96.3,0,LOW
STU-03769,1,elite_private,2025,Term2_Jan_Apr,0,1,99.8,0,93.1,0,LOW
STU-03770,3,public_state,2024,Term3_Apr_Jul,17.2,0,22.9,10,20,3,HIGH
STU-03771,3,public_state,2023,Term1_Sep_Dec,26.1,0,54.4,6,20,2,MEDIUM
STU-03772,2,low_cost_private,2025,Term1_Sep_Dec,35.1,0,46.7,13,43.5,4,HIGH
STU-03773,1,elite_private,2024,Term1_Sep_Dec,12.8,0,63.0,5,81.2,0,LOW
STU-03774,2,low_cost_private,2023,Term1_Sep_Dec,34.6,0,32.1,4,20,4,HIGH
STU-03775,1,elite_private,2025,Term1_Sep_Dec,0,1,100,0,95.9,0,LOW
STU-03776,2,low_cost_private,2025,Term1_Sep_Dec,45.9,0,69.2,8,44.7,2,MEDIUM
STU-03777,2,low_cost_private,2025,Term3_Apr_Jul,16.6,0,85.1,0,94.1,0,LOW
STU-03778,1,elite_private,2024,Term2_Jan_Apr,2.6,0,41.3,4,43.4,2,MEDIUM
STU-03779,3,public_state,2024,Term1_Sep_Dec,22.7,0,44.4,4,31.0,4,HIGH
STU-03780,3,public_state,2024,Term2_Jan_Apr,20.4,0,84.7,3,51.7,1,MEDIUM
STU-03781,3,public_state,2024,Term1_Sep_Dec,30.6,0,35.8,10,20,3,HIGH
STU-03782,2,low_cost_private,2025,Term3_Apr_Jul,44.1,0,26.9,6,22.6,2,HIGH
STU-03783,2,low_cost_private,2024,Term1_Sep_Dec,15.0,0,46.9,4,57.7,3,MEDIUM
STU-03784,1,elite_private,2024,Term3_Apr_Jul,0,1,100,0,86.9,0,LOW
STU-03785,2,low_cost_private,2024,Term3_Apr_Jul,27.3,0,34.2,12,38.7,4,HIGH
STU-03786,1,elite_private,2024,Term3_Apr_Jul,0,1,89.9,0,51.8,1,LOW
STU-03787,3,public_state,2024,Term1_Sep_Dec,32.7,0,79.8,0,32.7,5,MEDIUM
STU-03788,3,public_state,2023,Term3_Apr_Jul,8.7,0,81.7,2,71.3,0,LOW
STU-03789,2,low_cost_private,2023,Term1_Sep_Dec,54.3,0,49.9,0,38.6,4,HIGH
STU-03790,3,public_state,2025,Term3_Apr_Jul,28.1,0,43.4,7,20,3,HIGH
STU-03791,2,low_cost_private,2023,Term3_Apr_Jul,50.9,0,18.9,10,31.1,5,HIGH
STU-03792,2,low_cost_private,2024,Term3_Apr_Jul,64.8,0,32.2,13,37.3,4,HIGH
STU-03793,2,low_cost_private,2024,Term3_Apr_Jul,48.1,0,39.0,10,42.4,3,HIGH
STU-03794,3,public_state,2024,Term2_Jan_Apr,20.3,0,55.1,10,38.8,2,HIGH
STU-03795,2,low_cost_private,2024,Term3_Apr_Jul,47.4,0,45.9,12,46.8,5,HIGH
STU-03796,2,low_cost_private,2024,Term1_Sep_Dec,46.9,0,68.2,0,42.1,3,MEDIUM
STU-03797,2,low_cost_private,2023,Term3_Apr_Jul,16.7,0,49.2,13,75.1,0,MEDIUM
STU-03798,2,low_cost_private,2024,Term2_Jan_Apr,28.2,0,46.3,8,31.8,3,HIGH
STU-03799,1,elite_private,2025,Term1_Sep_Dec,0,1,98.3,1,88.3,0,LOW
STU-03800,1,elite_private,2023,Term3_Apr_Jul,6.1,0,73.4,3,46.2,2,MEDIUM
STU-03801,3,public_state,2024,Term3_Apr_Jul,30.8,0,40.3,2,38.9,6,HIGH
STU-03802,3,public_state,2024,Term3_Apr_Jul,22.2,0,39.9,0,20,4,MEDIUM
STU-03803,2,low_cost_private,2023,Term1_Sep_Dec,30.3,0,55.3,8,57.5,2,MEDIUM
STU-03804,3,public_state,2023,Term1_Sep_Dec,6.9,0,67.0,2,51.1,0,LOW
STU-03805,1,elite_private,2023,Term1_Sep_Dec,4.7,0,85.5,1,69.8,1,LOW
STU-03806,1,elite_private,2023,Term2_Jan_Apr,0,1,65.5,0,47.4,0,LOW
STU-03807,1,elite_private,2025,Term1_Sep_Dec,0,1,100,0,96.8,0,LOW
STU-03808,1,elite_private,2023,Term2_Jan_Apr,0,1,98.4,2,79.9,0,LOW
STU-03809,1,elite_private,2024,Term3_Apr_Jul,11.3,0,55.6,4,32.0,3,MEDIUM
STU-03810,2,low_cost_private,2025,Term2_Jan_Apr,19.6,0,46.4,4,41.1,4,HIGH
STU-03811,2,low_cost_private,2024,Term1_Sep_Dec,67.1,0,59.2,8,42.9,2,HIGH
STU-03812,2,low_cost_private,2025,Term3_Apr_Jul,46.1,0,60.7,10,45.0,2,HIGH
STU-03813,2,low_cost_private,2023,Term1_Sep_Dec,113.6,0,55.4,4,27.9,3,HIGH
STU-03814,1,elite_private,2024,Term3_Apr_Jul,0,1,100,0,92.0,0,LOW
STU-03815,3,public_state,2023,Term1_Sep_Dec,5.9,0,91.2,1,72.7,0,LOW
STU-03816,2,low_cost_private,2025,Term1_Sep_Dec,17.9,0,84.4,1,74.2,0,LOW
STU-03817,3,public_state,2025,Term3_Apr_Jul,37.7,0,47.8,8,40.4,3,HIGH
STU-03818,3,public_state,2023,Term2_Jan_Apr,3.5,0,65.2,0,31.7,2,MEDIUM
STU-03819,2,low_cost_private,2024,Term1_Sep_Dec,26.8,0,81.5,1,54.7,1,MEDIUM
STU-03820,1,elite_private,2025,Term2_Jan_Apr,0,1,100,0,97.4,0,LOW
STU-03821,2,low_cost_private,2023,Term2_Jan_Apr,24.4,0,67.2,6,37.1,2,MEDIUM
STU-03822,2,low_cost_private,2024,Term2_Jan_Apr,29.8,0,75.9,2,31.4,3,MEDIUM
STU-03823,1,elite_private,2025,Term1_Sep_Dec,0,1,100,0,97.4,0,LOW
STU-03824,2,low_cost_private,2023,Term1_Sep_Dec,68.6,0,42.1,1,50.4,2,HIGH
STU-03825,2,low_cost_private,2025,Term1_Sep_Dec,22.1,0,47.8,5,30.8,3,HIGH
STU-03826,2,low_cost_private,2024,Term3_Apr_Jul,26.1,0,49.4,1,31.6,3,HIGH
STU-03827,1,elite_private,2023,Term2_Jan_Apr,0,1,99.2,1,92.3,0,LOW
STU-03828,2,low_cost_private,2025,Term2_Jan_Apr,29.1,0,70.5,0,40.3,2,MEDIUM
STU-03829,3,public_state,2023,Term2_Jan_Apr,11.0,0,72.5,0,68.3,0,LOW
STU-03830,2,low_cost_private,2023,Term2_Jan_Apr,53.4,0,62.1,6,45.5,2,MEDIUM
STU-03831,3,public_state,2023,Term1_Sep_Dec,10.3,0,39.0,13,23.6,5,HIGH
STU-03832,1,elite_private,2024,Term2_Jan_Apr,11.3,0,47.6,4,64.7,0,MEDIUM
STU-03833,3,public_state,2024,Term2_Jan_Apr,15.7,0,47.2,1,40.3,4,MEDIUM
STU-03834,1,elite_private,2025,Term2_Jan_Apr,0,1,98.4,2,100,0,LOW
STU-03835,2,low_cost_private,2024,Term3_Apr_Jul,60.6,0,49.0,9,29.7,3,HIGH
STU-03836,3,public_state,2024,Term1_Sep_Dec,28.6,0,75.6,0,43.8,2,LOW
STU-03837,1,elite_private,2023,Term1_Sep_Dec,0,1,100,0,91.3,0,LOW
STU-03838,3,public_state,2025,Term2_Jan_Apr,16.8,0,47.4,14,50.9,0,MEDIUM
STU-03839,2,low_cost_private,2025,Term2_Jan_Apr,19.9,0,61.7,2,41.1,4,MEDIUM
STU-03840,2,low_cost_private,2023,Term1_Sep_Dec,55.7,0,60.3,9,36.7,6,HIGH
STU-03841,1,elite_private,2025,Term2_Jan_Apr,14,0,,,,,WITHDRAWN
STU-03842,2,low_cost_private,2025,Term3_Apr_Jul,43.6,0,58.2,4,43.5,4,HIGH
STU-03843,3,public_state,2023,Term2_Jan_Apr,20.8,0,33.2,4,38.1,4,HIGH
STU-03844,2,low_cost_private,2024,Term2_Jan_Apr,93.9,0,51.2,8,36.4,5,HIGH
STU-03845,3,public_state,2024,Term1_Sep_Dec,33.3,0,60.2,5,44.0,2,MEDIUM
STU-03846,1,elite_private,2025,Term1_Sep_Dec,0,1,97.6,3,82.9,0,LOW
STU-03847,2,low_cost_private,2023,Term2_Jan_Apr,38.9,0,27.0,10,20,3,HIGH
STU-03848,2,low_cost_private,2025,Term1_Sep_Dec,16.5,0,89.0,0,78.5,0,LOW
STU-03849,2,low_cost_private,2023,Term3_Apr_Jul,25.1,0,41.5,6,32.0,3,HIGH
STU-03850,1,elite_private,2024,Term3_Apr_Jul,0,1,99.2,1,97.6,0,LOW
STU-03851,2,low_cost_private,2024,Term1_Sep_Dec,47.7,0,44.3,4,29.3,4,HIGH
STU-03852,1,elite_private,2024,Term3_Apr_Jul,0,1,99.2,1,95.7,0,LOW
STU-03853,3,public_state,2025,Term2_Jan_Apr,23.8,0,68.6,3,25.4,3,MEDIUM
STU-03854,3,public_state,2025,Term2_Jan_Apr,21.2,0,88.8,0,25,2,MEDIUM
STU-03855,2,low_cost_private,2025,Term2_Jan_Apr,15.3,0,87.4,1,81.5,0,LOW
STU-03856,1,elite_private,2025,Term1_Sep_Dec,0,1,99.2,1,90.6,0,LOW
STU-03857,1,elite_private,2025,Term2_Jan_Apr,0,1,98.4,2,96.8,0,LOW
STU-03858,2,low_cost_private,2024,Term3_Apr_Jul,62.5,0,29.4,4,30.9,4,HIGH
STU-03859,2,low_cost_private,2025,Term2_Jan_Apr,43.8,0,29.1,9,32.0,5,HIGH
STU-03860,1,elite_private,2024,Term1_Sep_Dec,0,1,100,0,91.8,0,LOW
STU-03861,2,low_cost_private,2023,Term1_Sep_Dec,18.7,0,89.0,2,65.9,0,LOW
STU-03862,1,elite_private,2023,Term2_Jan_Apr,7.1,0,67.8,6,76.8,0,LOW
STU-03863,3,public_state,2025,Term2_Jan_Apr,22.7,0,49.4,5,25.0,4,HIGH
STU-03864,1,elite_private,2024,Term2_Jan_Apr,0,1,98.9,1,85.1,0,LOW
STU-03865,3,public_state,2024,Term3_Apr_Jul,23.7,0,45.7,8,80.1,0,MEDIUM
STU-03866,1,elite_private,2023,Term1_Sep_Dec,0,1,98.9,0,89.6,0,LOW
STU-03867,3,public_state,2023,Term2_Jan_Apr,9.6,0,67.4,1,56.8,1,LOW
STU-03868,3,public_state,2023,Term1_Sep_Dec,5.2,0,63.2,0,25,3,MEDIUM
STU-03869,3,public_state,2025,Term1_Sep_Dec,5.8,0,88.1,2,82.6,0,LOW
STU-03870,1,elite_private,2025,Term1_Sep_Dec,0,1,58.8,1,69.8,2,LOW
STU-03871,2,low_cost_private,2023,Term2_Jan_Apr,54.8,0,31.4,15,30.2,5,HIGH
STU-03872,2,low_cost_private,2024,Term3_Apr_Jul,101.3,0,55.5,9,67.7,0,MEDIUM
STU-03873,2,low_cost_private,2023,Term2_Jan_Apr,26.0,0,50.5,0,25.8,3,MEDIUM
STU-03874,1,elite_private,2023,Term2_Jan_Apr,3.1,0,61.7,1,71.3,0,LOW
STU-03875,2,low_cost_private,2023,Term3_Apr_Jul,15.2,0,85.5,1,86.8,0,LOW
STU-03876,3,public_state,2024,Term2_Jan_Apr,60,0,40.7,10,39.8,3,HIGH
STU-03877,3,public_state,2025,Term1_Sep_Dec,36.5,0,50.3,4,27.0,3,HIGH
STU-03878,2,low_cost_private,2024,Term2_Jan_Apr,77.1,0,54.4,10,59.0,2,HIGH
STU-03879,3,public_state,2023,Term1_Sep_Dec,13.3,0,70.3,0,32.9,3,MEDIUM
STU-03880,3,public_state,2025,Term3_Apr_Jul,32.4,0,30.3,7,29.6,2,HIGH
STU-03881,3,public_state,2025,Term2_Jan_Apr,11.9,0,43.9,6,51.4,3,MEDIUM
STU-03882,3,public_state,2025,Term3_Apr_Jul,13.0,0,59.6,0,50.5,0,LOW
STU-03883,1,elite_private,2025,Term2_Jan_Apr,0,1,98.4,2,94.8,0,LOW
STU-03884,2,low_cost_private,2024,Term3_Apr_Jul,23.6,0,51.5,9,29.2,2,HIGH
STU-03885,3,public_state,2023,Term1_Sep_Dec,24.7,0,60.1,11,34.3,2,HIGH
STU-03886,2,low_cost_private,2023,Term2_Jan_Apr,17.5,0,90.2,2,87.0,0,LOW
STU-03887,2,low_cost_private,2023,Term3_Apr_Jul,21.4,0,67.2,0,69.3,0,LOW
STU-03888,2,low_cost_private,2024,Term1_Sep_Dec,88.7,0,48.2,13,44.9,4,HIGH
STU-03889,2,low_cost_private,2024,Term1_Sep_Dec,32.2,0,22.5,14,20,3,HIGH
STU-03890,3,public_state,2025,Term1_Sep_Dec,14.3,0,47.2,9,20,4,HIGH
STU-03891,2,low_cost_private,2025,Term3_Apr_Jul,29.8,0,56.6,0,64.6,0,LOW
STU-03892,1,elite_private,2023,Term3_Apr_Jul,0,1,73.3,3,60.6,0,LOW
STU-03893,3,public_state,2024,Term1_Sep_Dec,20.5,0,59.4,0,50.5,3,MEDIUM
STU-03894,2,low_cost_private,2024,Term3_Apr_Jul,46.6,0,71.3,0,43.8,2,MEDIUM
STU-03895,3,public_state,2023,Term1_Sep_Dec,5.6,0,90.6,1,70.0,0,LOW
STU-03896,2,low_cost_private,2024,Term2_Jan_Apr,63.0,0,67.5,4,34.2,3,HIGH
STU-03897,3,public_state,2023,Term3_Apr_Jul,15.7,0,47.7,3,40.2,2,MEDIUM
STU-03898,2,low_cost_private,2025,Term1_Sep_Dec,50.6,0,68.6,10,58.0,0,MEDIUM
STU-03899,2,low_cost_private,2025,Term3_Apr_Jul,53.6,0,42.4,9,54.9,2,HIGH
STU-03900,3,public_state,2025,Term1_Sep_Dec,22.9,0,52.5,4,29.1,5,HIGH
STU-03901,2,low_cost_private,2023,Term3_Apr_Jul,35.3,0,63.2,4,36.2,5,HIGH
STU-03902,3,public_state,2025,Term1_Sep_Dec,28.5,0,62.8,0,45.5,1,MEDIUM
STU-03903,1,elite_private,2024,Term1_Sep_Dec,0,1,100,0,98.5,0,LOW
STU-03904,1,elite_private,2025,Term3_Apr_Jul,14,0,,,,,WITHDRAWN
STU-03905,2,low_cost_private,2025,Term3_Apr_Jul,38.3,0,38.4,5,40.8,3,HIGH
STU-03906,3,public_state,2023,Term2_Jan_Apr,31.1,0,44.0,9,29.9,3,HIGH
STU-03907,1,elite_private,2025,Term2_Jan_Apr,0,1,99.2,1,85.5,0,LOW
STU-03908,1,elite_private,2025,Term3_Apr_Jul,0,1,99.9,0,92.5,0,LOW
STU-03909,3,public_state,2024,Term2_Jan_Apr,16.1,0,69.9,8,25,2,MEDIUM
STU-03910,1,elite_private,2024,Term2_Jan_Apr,0,1,99.2,1,98.8,0,LOW
STU-03911,3,public_state,2024,Term2_Jan_Apr,11.7,0,56.2,0,23.9,4,MEDIUM
STU-03912,2,low_cost_private,2025,Term2_Jan_Apr,54.1,0,44.9,5,43.2,3,HIGH
STU-03913,3,public_state,2025,Term3_Apr_Jul,25.9,0,53.5,0,24.9,3,MEDIUM
STU-03914,2,low_cost_private,2025,Term1_Sep_Dec,12.2,0,88.4,0,77.2,0,LOW
STU-03915,3,public_state,2023,Term2_Jan_Apr,9.9,0,64.5,0,39.2,3,MEDIUM
STU-03916,2,low_cost_private,2024,Term3_Apr_Jul,33.1,0,48.8,7,20.2,5,HIGH
STU-03917,1,elite_private,2025,Term1_Sep_Dec,0,1,98.4,2,94.0,0,LOW
STU-03918,2,low_cost_private,2025,Term1_Sep_Dec,59.5,0,43.0,6,44.2,3,HIGH
STU-03919,2,low_cost_private,2023,Term2_Jan_Apr,57.1,0,54.8,1,45.0,4,MEDIUM
STU-03920,3,public_state,2025,Term3_Apr_Jul,58.9,0,56.9,6,39.0,4,HIGH
STU-03921,3,public_state,2024,Term1_Sep_Dec,10.0,0,93.1,1,75.7,0,LOW
STU-03922,2,low_cost_private,2024,Term3_Apr_Jul,28.6,0,29.9,9,45.8,1,HIGH
STU-03923,3,public_state,2025,Term1_Sep_Dec,26.2,0,65.4,3,24.7,3,MEDIUM
STU-03924,1,elite_private,2023,Term3_Apr_Jul,0,1,99.2,1,81.1,0,LOW
STU-03925,3,public_state,2025,Term1_Sep_Dec,27.6,0,72.4,11,36.8,4,HIGH
STU-03926,3,public_state,2023,Term2_Jan_Apr,20.0,0,40.6,5,20.5,2,HIGH
STU-03927,3,public_state,2023,Term3_Apr_Jul,29.8,0,63.1,0,20,4,MEDIUM
STU-03928,1,elite_private,2024,Term1_Sep_Dec,1.3,0,99.2,1,92.9,0,LOW
STU-03929,2,low_cost_private,2025,Term2_Jan_Apr,19.6,0,88.7,0,77.5,0,LOW
STU-03930,1,elite_private,2025,Term3_Apr_Jul,10.5,0,57.0,2,59.4,3,MEDIUM
STU-03931,2,low_cost_private,2024,Term3_Apr_Jul,58.1,0,52.5,9,40.3,2,HIGH
STU-03932,3,public_state,2023,Term3_Apr_Jul,15.4,0,41.0,0,30.0,4,MEDIUM
STU-03933,2,low_cost_private,2023,Term3_Apr_Jul,46.6,0,51.7,9,45.2,4,HIGH
STU-03934,1,elite_private,2025,Term1_Sep_Dec,0,1,99.2,1,100,0,LOW
STU-03935,2,low_cost_private,2023,Term3_Apr_Jul,72.9,0,26.3,13,38.0,4,HIGH
STU-03936,1,elite_private,2025,Term3_Apr_Jul,0,1,97.6,3,91.0,0,LOW
STU-03937,1,elite_private,2023,Term2_Jan_Apr,14,0,,,,,WITHDRAWN
STU-03938,2,low_cost_private,2024,Term2_Jan_Apr,16.6,0,89.0,0,69.6,0,LOW
STU-03939,3,public_state,2023,Term1_Sep_Dec,4.9,0,51.2,7,62.7,0,MEDIUM
STU-03940,2,low_cost_private,2024,Term1_Sep_Dec,35.5,0,23.9,8,23.7,2,HIGH
STU-03941,2,low_cost_private,2025,Term1_Sep_Dec,17.1,0,88.0,1,85.8,0,LOW
STU-03942,3,public_state,2024,Term3_Apr_Jul,7.2,0,52.2,7,53.4,2,MEDIUM
STU-03943,2,low_cost_private,2024,Term3_Apr_Jul,14.7,0,54.0,4,45.3,2,MEDIUM
STU-03944,3,public_state,2023,Term2_Jan_Apr,30.2,0,67.4,2,28.3,2,MEDIUM
STU-03945,1,elite_private,2023,Term1_Sep_Dec,14,0,,,,,WITHDRAWN
STU-03946,1,elite_private,2025,Term1_Sep_Dec,14,0,,,,,WITHDRAWN
STU-03947,2,low_cost_private,2024,Term1_Sep_Dec,61.4,0,57.7,8,43.6,3,HIGH
STU-03948,2,low_cost_private,2025,Term2_Jan_Apr,46.1,0,59.7,4,58.5,3,MEDIUM
STU-03949,3,public_state,2023,Term1_Sep_Dec,7.5,0,89.7,0,67.4,0,LOW
STU-03950,2,low_cost_private,2025,Term1_Sep_Dec,78.7,0,45.0,15,50.3,3,HIGH
STU-03951,1,elite_private,2024,Term3_Apr_Jul,0,1,100,0,88.4,0,LOW
STU-03952,3,public_state,2025,Term2_Jan_Apr,17.8,0,85.5,1,55.5,1,LOW
STU-03953,2,low_cost_private,2024,Term1_Sep_Dec,17.1,0,86.7,0,68.1,0,LOW
STU-03954,1,elite_private,2025,Term1_Sep_Dec,3.2,0,89.2,1,85,0,LOW
STU-03955,2,low_cost_private,2025,Term1_Sep_Dec,88.5,0,49.5,7,61.1,0,HIGH
STU-03956,1,elite_private,2025,Term1_Sep_Dec,0,1,100,0,82.8,0,LOW
STU-03957,2,low_cost_private,2025,Term1_Sep_Dec,113.8,0,50.1,13,42.2,2,HIGH
STU-03958,2,low_cost_private,2024,Term1_Sep_Dec,14.7,0,88.4,2,79.9,0,LOW
STU-03959,2,low_cost_private,2024,Term2_Jan_Apr,76.9,0,49.1,4,29.9,4,HIGH
STU-03960,1,elite_private,2023,Term3_Apr_Jul,0,1,100,0,78.6,0,LOW
STU-03961,3,public_state,2024,Term3_Apr_Jul,38.3,0,32.4,3,20,4,HIGH
STU-03962,2,low_cost_private,2024,Term1_Sep_Dec,87.2,0,60.8,5,45.0,3,HIGH
STU-03963,1,elite_private,2025,Term1_Sep_Dec,0,1,100,0,87.5,0,LOW
STU-03964,1,elite_private,2025,Term3_Apr_Jul,6.4,0,74.7,2,67.1,0,LOW
STU-03965,2,low_cost_private,2024,Term3_Apr_Jul,66.3,0,43.2,6,43.9,3,HIGH
STU-03966,2,low_cost_private,2023,Term1_Sep_Dec,38.4,0,48.2,8,27.9,4,HIGH
STU-03967,1,elite_private,2023,Term2_Jan_Apr,0,1,99.2,1,88.7,0,LOW
STU-03968,2,low_cost_private,2023,Term1_Sep_Dec,25.1,0,64.8,0,38.8,2,MEDIUM
STU-03969,3,public_state,2025,Term1_Sep_Dec,22.1,0,65.5,1,31.6,2,MEDIUM
STU-03970,1,elite_private,2024,Term1_Sep_Dec,14,0,,,,,WITHDRAWN
STU-03971,1,elite_private,2023,Term2_Jan_Apr,14,0,,,,,WITHDRAWN
STU-03972,3,public_state,2025,Term1_Sep_Dec,20.1,0,53.0,13,46.2,1,MEDIUM
STU-03973,3,public_state,2024,Term3_Apr_Jul,17.8,0,57.0,6,45.6,1,MEDIUM
STU-03974,2,low_cost_private,2025,Term2_Jan_Apr,25.5,0,54.6,11,45.2,3,HIGH
STU-03975,3,public_state,2025,Term3_Apr_Jul,30.9,0,24.9,12,20,2,HIGH
STU-03976,3,public_state,2025,Term3_Apr_Jul,3.1,0,34.9,3,44.2,3,MEDIUM
STU-03977,3,public_state,2023,Term3_Apr_Jul,16.7,0,33.9,11,20,4,HIGH
STU-03978,2,low_cost_private,2025,Term3_Apr_Jul,65.0,0,47.8,12,40.0,3,HIGH
STU-03979,1,elite_private,2025,Term1_Sep_Dec,12.8,0,65.8,0,83.7,1,LOW
STU-03980,2,low_cost_private,2023,Term3_Apr_Jul,32.8,0,61.7,5,38.3,4,HIGH
STU-03981,1,elite_private,2025,Term3_Apr_Jul,0.5,0,100,0,93.8,0,LOW
STU-03982,1,elite_private,2023,Term2_Jan_Apr,0,1,98.4,2,87.7,0,LOW
STU-03983,1,elite_private,2024,Term1_Sep_Dec,10.1,0,68.0,3,58.7,0,LOW
STU-03984,3,public_state,2023,Term2_Jan_Apr,17.7,0,53.7,14,47.9,2,MEDIUM
STU-03985,3,public_state,2023,Term2_Jan_Apr,34.5,0,47.5,6,20,3,HIGH
STU-03986,3,public_state,2024,Term3_Apr_Jul,26.5,0,55.8,11,28.4,4,HIGH
STU-03987,3,public_state,2023,Term3_Apr_Jul,6.9,0,63.8,1,34.0,2,MEDIUM
STU-03988,3,public_state,2024,Term2_Jan_Apr,13.5,0,66.3,0,24.6,4,MEDIUM
STU-03989,3,public_state,2023,Term3_Apr_Jul,14.0,0,50.0,3,63.8,0,MEDIUM
STU-03990,2,low_cost_private,2025,Term3_Apr_Jul,15.4,0,81.7,0,81.6,0,LOW
STU-03991,2,low_cost_private,2023,Term3_Apr_Jul,55.3,0,56.6,13,35.2,4,HIGH
STU-03992,2,low_cost_private,2023,Term1_Sep_Dec,62.8,0,51.0,13,34.0,3,HIGH
STU-03993,1,elite_private,2023,Term1_Sep_Dec,14,0,,,,,WITHDRAWN
STU-03994,2,low_cost_private,2024,Term3_Apr_Jul,16.1,0,87.4,0,69.7,0,LOW
STU-03995,3,public_state,2025,Term1_Sep_Dec,39.0,0,40.4,7,35.0,3,HIGH
STU-03996,1,elite_private,2024,Term1_Sep_Dec,0,1,100,0,96.7,0,LOW
STU-03997,1,elite_private,2024,Term1_Sep_Dec,0,1,99.2,1,85.6,0,LOW
STU-03998,1,elite_private,2025,Term2_Jan_Apr,0,1,98.7,1,89.9,0,LOW
STU-03999,1,elite_private,2025,Term3_Apr_Jul,0,1,100,0,94.7,0,LOW
STU-04000,2,low_cost_private,2023,Term2_Jan_Apr,19.3,0,91.7,0,71.8,0,LOW
STU-04001,2,low_cost_private,2024,Term2_Jan_Apr,26.8,0,61.7,4,52.8,3,MEDIUM
STU-04002,2,low_cost_private,2025,Term2_Jan_Apr,39.2,0,43.5,7,55.4,2,HIGH
STU-04003,1,elite_private,2025,Term3_Apr_Jul,0,1,100,0,98.2,0,LOW
STU-04004,2,low_cost_private,2023,Term1_Sep_Dec,63.5,0,42.3,5,20.1,4,HIGH
STU-04005,3,public_state,2024,Term1_Sep_Dec,60,0,62.3,7,43.3,3,HIGH
STU-04006,2,low_cost_private,2023,Term2_Jan_Apr,24.0,0,49.0,15,20,3,HIGH
STU-04007,2,low_cost_private,2025,Term3_Apr_Jul,78.9,0,62.2,0,29.5,3,HIGH
STU-04008,2,low_cost_private,2025,Term2_Jan_Apr,46.0,0,55.7,8,51.7,3,HIGH
STU-04009,1,elite_private,2024,Term3_Apr_Jul,9.9,0,41.7,7,62.4,1,MEDIUM
STU-04010,2,low_cost_private,2023,Term1_Sep_Dec,71.0,0,65.1,10,41.9,5,HIGH
STU-04011,3,public_state,2025,Term2_Jan_Apr,50.9,0,60.2,3,43.5,3,HIGH
STU-04012,1,elite_private,2025,Term1_Sep_Dec,0.4,0,80.0,1,69.2,0,LOW
STU-04013,3,public_state,2025,Term1_Sep_Dec,0.3,0,82.8,9,67.0,0,LOW
STU-04014,2,low_cost_private,2023,Term2_Jan_Apr,30.1,0,42.8,8,39.5,2,HIGH
STU-04015,3,public_state,2025,Term2_Jan_Apr,25.7,0,79.5,0,35.7,3,MEDIUM
STU-04016,3,public_state,2023,Term3_Apr_Jul,29.8,0,36.5,3,20,2,HIGH
STU-04017,2,low_cost_private,2024,Term1_Sep_Dec,25.6,0,68.4,7,42.6,2,MEDIUM
STU-04018,1,elite_private,2024,Term1_Sep_Dec,0,1,66.8,6,55.7,0,LOW
STU-04019,2,low_cost_private,2025,Term3_Apr_Jul,31.1,0,27.6,8,20,3,HIGH
STU-04020,1,elite_private,2023,Term1_Sep_Dec,0,1,97.9,2,80.0,0,LOW
STU-04021,1,elite_private,2024,Term2_Jan_Apr,13.6,0,61.8,0,69.0,0,LOW
STU-04022,2,low_cost_private,2024,Term1_Sep_Dec,23.9,0,59.8,14,44.4,3,HIGH
STU-04023,3,public_state,2025,Term3_Apr_Jul,4.4,0,35.1,7,25.2,4,HIGH
STU-04024,3,public_state,2024,Term3_Apr_Jul,27.1,0,54.0,0,24.0,3,MEDIUM
STU-04025,2,low_cost_private,2025,Term2_Jan_Apr,35.0,0,52.3,9,24.0,3,HIGH
STU-04026,2,low_cost_private,2024,Term2_Jan_Apr,44.7,0,34.6,8,35.0,3,HIGH
STU-04027,3,public_state,2023,Term2_Jan_Apr,19.9,0,66.0,6,47.2,3,MEDIUM
STU-04028,3,public_state,2024,Term2_Jan_Apr,60,0,66.5,3,30.8,6,HIGH
STU-04029,3,public_state,2024,Term2_Jan_Apr,40.3,0,57.8,1,35.6,3,HIGH
STU-04030,3,public_state,2025,Term1_Sep_Dec,60,0,50.3,9,54.2,2,HIGH
STU-04031,2,low_cost_private,2025,Term2_Jan_Apr,33.4,0,51.4,6,55.7,1,MEDIUM
STU-04032,2,low_cost_private,2024,Term3_Apr_Jul,28.9,0,49.5,11,29.7,4,HIGH
STU-04033,1,elite_private,2024,Term1_Sep_Dec,0,1,98.4,2,93.7,0,LOW
STU-04034,3,public_state,2025,Term2_Jan_Apr,24.6,0,50.2,1,45.6,1,MEDIUM
STU-04035,3,public_state,2023,Term3_Apr_Jul,3.4,0,81.2,0,71.7,0,LOW
STU-04036,2,low_cost_private,2023,Term1_Sep_Dec,39.2,0,32.1,12,20,3,HIGH
STU-04037,1,elite_private,2025,Term1_Sep_Dec,0,1,100,0,90.8,0,LOW
STU-04038,3,public_state,2024,Term3_Apr_Jul,16.8,0,26.0,0,56.5,0,MEDIUM
STU-04039,3,public_state,2024,Term2_Jan_Apr,21.3,0,69.1,0,48.2,2,MEDIUM
STU-04040,1,elite_private,2023,Term3_Apr_Jul,0,1,100,0,85.4,0,LOW
STU-04041,2,low_cost_private,2024,Term2_Jan_Apr,36.7,0,21.6,11,20.4,3,HIGH
STU-04042,2,low_cost_private,2023,Term3_Apr_Jul,25.2,0,61.8,2,58.4,0,MEDIUM
STU-04043,3,public_state,2024,Term2_Jan_Apr,32.8,0,63.0,0,38.4,5,HIGH
STU-04044,1,elite_private,2025,Term2_Jan_Apr,0,1,100,0,90.9,0,LOW
STU-04045,2,low_cost_private,2024,Term3_Apr_Jul,54.8,0,38.2,8,41.7,3,HIGH
STU-04046,2,low_cost_private,2024,Term2_Jan_Apr,15.3,0,48.4,1,52.3,1,MEDIUM
STU-04047,3,public_state,2024,Term1_Sep_Dec,14.7,0,70.6,5,25.7,3,MEDIUM
STU-04048,1,elite_private,2023,Term3_Apr_Jul,0,1,98.4,2,81.2,0,LOW
STU-04049,3,public_state,2025,Term2_Jan_Apr,0,1,82.6,0,35.3,2,LOW
STU-04050,2,low_cost_private,2023,Term2_Jan_Apr,30.9,0,38.7,14,26.1,4,HIGH
STU-04051,1,elite_private,2024,Term3_Apr_Jul,0,1,67.4,2,83.9,0,LOW
STU-04052,2,low_cost_private,2023,Term3_Apr_Jul,17.5,0,84.7,0,81.1,0,LOW
STU-04053,1,elite_private,2024,Term3_Apr_Jul,10.8,0,66.7,0,82.7,0,LOW
STU-04054,2,low_cost_private,2025,Term1_Sep_Dec,51.9,0,46.5,8,45.6,2,HIGH
STU-04055,3,public_state,2025,Term1_Sep_Dec,39.9,0,44.2,7,35.7,4,HIGH
STU-04056,1,elite_private,2024,Term2_Jan_Apr,0.1,0,100,0,92.1,0,LOW
STU-04057,2,low_cost_private,2025,Term1_Sep_Dec,24.4,0,31.0,0,24.5,3,MEDIUM
STU-04058,2,low_cost_private,2024,Term1_Sep_Dec,46.3,0,66.0,0,59.6,1,MEDIUM
STU-04059,2,low_cost_private,2024,Term2_Jan_Apr,45.0,0,36.5,11,44.7,2,HIGH
STU-04060,1,elite_private,2023,Term2_Jan_Apr,12.8,0,79.1,0,60.5,1,LOW
STU-04061,1,elite_private,2024,Term1_Sep_Dec,0,1,98.5,1,86.9,0,LOW
STU-04062,3,public_state,2024,Term1_Sep_Dec,18.2,0,53.2,2,40.9,3,MEDIUM
STU-04063,2,low_cost_private,2023,Term3_Apr_Jul,61.8,0,38.6,4,44.1,1,HIGH
STU-04064,2,low_cost_private,2023,Term2_Jan_Apr,37.8,0,50.5,16,40.9,3,HIGH
STU-04065,2,low_cost_private,2025,Term2_Jan_Apr,23.8,0,61.8,8,57.7,1,MEDIUM
STU-04066,3,public_state,2023,Term2_Jan_Apr,10.1,0,53.1,10,29.5,7,HIGH
STU-04067,2,low_cost_private,2024,Term3_Apr_Jul,46.8,0,45.1,11,25.1,2,HIGH
STU-04068,1,elite_private,2023,Term3_Apr_Jul,0,1,99.2,1,97.6,0,LOW
STU-04069,1,elite_private,2024,Term3_Apr_Jul,10.4,0,68.8,2,61.8,0,LOW
STU-04070,1,elite_private,2025,Term3_Apr_Jul,14,0,,,,,WITHDRAWN
STU-04071,3,public_state,2023,Term2_Jan_Apr,11.8,0,74.8,0,39.1,2,MEDIUM
STU-04072,3,public_state,2024,Term3_Apr_Jul,5.6,0,80.9,0,75.6,0,LOW
STU-04073,1,elite_private,2023,Term2_Jan_Apr,0,1,100,0,96.6,0,LOW
STU-04074,1,elite_private,2025,Term2_Jan_Apr,0,1,96.9,0,89.0,0,LOW
STU-04075,3,public_state,2023,Term3_Apr_Jul,6.9,0,80.1,0,77.6,0,LOW
STU-04076,2,low_cost_private,2025,Term2_Jan_Apr,29.4,0,36.5,7,20,5,HIGH
STU-04077,3,public_state,2025,Term2_Jan_Apr,13.5,0,55.1,4,54.0,1,MEDIUM
STU-04078,2,low_cost_private,2023,Term3_Apr_Jul,90.6,0,42.0,12,50.6,2,HIGH
STU-04079,3,public_state,2024,Term1_Sep_Dec,6.2,0,90.6,0,64.5,0,LOW
STU-04080,3,public_state,2025,Term2_Jan_Apr,18.6,0,38.2,7,24.8,4,HIGH
STU-04081,2,low_cost_private,2024,Term3_Apr_Jul,16.2,0,83.4,2,82.4,0,LOW
STU-04082,1,elite_private,2025,Term3_Apr_Jul,14,0,,,,,WITHDRAWN
STU-04083,2,low_cost_private,2024,Term3_Apr_Jul,50.6,0,46.4,4,38.7,4,HIGH
STU-04084,2,low_cost_private,2023,Term2_Jan_Apr,16.3,0,86.5,1,68.1,0,LOW
STU-04085,3,public_state,2024,Term1_Sep_Dec,13.4,0,56.6,0,41.3,2,MEDIUM
STU-04086,1,elite_private,2025,Term3_Apr_Jul,0,1,100,0,85.9,0,LOW
STU-04087,1,elite_private,2025,Term2_Jan_Apr,0,1,100,0,94.6,0,LOW
STU-04088,3,public_state,2025,Term1_Sep_Dec,16.6,0,63.9,0,25,2,MEDIUM
STU-04089,3,public_state,2023,Term2_Jan_Apr,20.9,0,58.8,7,50.4,3,HIGH
STU-04090,2,low_cost_private,2025,Term3_Apr_Jul,31.1,0,44.5,4,25,3,HIGH
STU-04091,2,low_cost_private,2025,Term3_Apr_Jul,31.2,0,44.5,0,68.1,0,MEDIUM
STU-04092,1,elite_private,2023,Term1_Sep_Dec,0,1,100,0,76.5,0,LOW
STU-04093,2,low_cost_private,2023,Term1_Sep_Dec,42.6,0,37.5,9,40.5,3,HIGH
STU-04094,1,elite_private,2023,Term2_Jan_Apr,0,1,97.6,3,87.6,0,LOW
STU-04095,1,elite_private,2023,Term2_Jan_Apr,0,1,100,0,87.6,0,LOW
STU-04096,3,public_state,2025,Term3_Apr_Jul,30.0,0,31.1,5,20,5,HIGH
STU-04097,3,public_state,2023,Term2_Jan_Apr,23.2,0,19.3,7,20,3,HIGH
STU-04098,3,public_state,2024,Term2_Jan_Apr,11.5,0,40.0,0,20,2,MEDIUM
STU-04099,2,low_cost_private,2025,Term3_Apr_Jul,49.6,0,27.3,6,20,4,HIGH
STU-04100,1,elite_private,2025,Term3_Apr_Jul,3.0,0,85.2,2,70.5,0,LOW
STU-04101,1,elite_private,2024,Term2_Jan_Apr,0,1,99.2,1,95.5,0,LOW
STU-04102,2,low_cost_private,2023,Term2_Jan_Apr,36.6,0,42.7,6,20,3,HIGH
STU-04103,3,public_state,2023,Term3_Apr_Jul,60,0,50.4,6,48.4,2,MEDIUM
STU-04104,2,low_cost_private,2024,Term2_Jan_Apr,71.0,0,55.3,8,37.8,5,HIGH
STU-04105,1,elite_private,2023,Term2_Jan_Apr,0,1,99.2,1,97.2,0,LOW
STU-04106,2,low_cost_private,2023,Term1_Sep_Dec,36.2,0,38.9,15,20.4,4,HIGH
STU-04107,3,public_state,2024,Term3_Apr_Jul,34.1,0,33.4,1,20,3,HIGH
STU-04108,3,public_state,2024,Term3_Apr_Jul,21.3,0,39.3,0,42.4,3,MEDIUM
STU-04109,2,low_cost_private,2023,Term3_Apr_Jul,39.6,0,16.8,4,20,4,HIGH
STU-04110,1,elite_private,2025,Term3_Apr_Jul,7.1,0,75.4,4,36.4,2,MEDIUM
STU-04111,3,public_state,2024,Term3_Apr_Jul,31.0,0,39.8,12,45.5,0,HIGH
STU-04112,2,low_cost_private,2025,Term1_Sep_Dec,59.3,0,73.8,4,34.8,4,HIGH
STU-04113,2,low_cost_private,2024,Term1_Sep_Dec,29.3,0,23.4,11,32.4,4,HIGH
STU-04114,1,elite_private,2025,Term2_Jan_Apr,0,1,99.2,1,93.6,0,LOW
STU-04115,1,elite_private,2025,Term3_Apr_Jul,10.6,0,69.5,0,68.7,0,LOW
STU-04116,2,low_cost_private,2024,Term3_Apr_Jul,47.8,0,36.8,9,24.5,5,HIGH
STU-04117,3,public_state,2023,Term2_Jan_Apr,4.8,0,58.8,1,60.5,0,LOW
STU-04118,3,public_state,2024,Term1_Sep_Dec,24.3,0,61.5,5,52.5,0,MEDIUM
STU-04119,3,public_state,2023,Term3_Apr_Jul,26.2,0,26.0,3,20,4,HIGH
STU-04120,3,public_state,2024,Term3_Apr_Jul,16.7,0,42.3,0,36.6,4,MEDIUM
STU-04121,1,elite_private,2023,Term2_Jan_Apr,0,1,100,0,91.2,0,LOW
STU-04122,2,low_cost_private,2023,Term3_Apr_Jul,15.5,0,80.6,2,73.7,0,LOW
STU-04123,3,public_state,2023,Term3_Apr_Jul,21.5,0,43.6,9,37.9,2,HIGH
STU-04124,2,low_cost_private,2024,Term2_Jan_Apr,22.6,0,71.6,0,55.6,0,LOW
STU-04125,1,elite_private,2025,Term3_Apr_Jul,14,0,,,,,WITHDRAWN
STU-04126,1,elite_private,2024,Term1_Sep_Dec,14,0,,,,,WITHDRAWN
STU-04127,1,elite_private,2025,Term3_Apr_Jul,0.8,0,80.4,1,50.0,2,LOW
STU-04128,3,public_state,2025,Term2_Jan_Apr,38.6,0,56.6,3,37.7,4,HIGH
STU-04129,3,public_state,2025,Term2_Jan_Apr,60,0,56.2,3,36.9,4,HIGH
STU-04130,1,elite_private,2025,Term2_Jan_Apr,0,1,99.2,1,91.6,0,LOW
STU-04131,2,low_cost_private,2024,Term3_Apr_Jul,20.6,0,85.2,1,74.4,0,LOW
STU-04132,2,low_cost_private,2023,Term1_Sep_Dec,53.1,0,50.3,4,20,3,HIGH
STU-04133,2,low_cost_private,2024,Term1_Sep_Dec,78.1,0,48.1,0,54.6,4,HIGH
STU-04134,3,public_state,2025,Term1_Sep_Dec,13.6,0,44.3,5,20,4,HIGH
STU-04135,3,public_state,2023,Term2_Jan_Apr,33.6,0,52.6,3,37.4,4,HIGH
STU-04136,2,low_cost_private,2024,Term2_Jan_Apr,42.6,0,31.7,8,33.3,3,HIGH
STU-04137,1,elite_private,2024,Term1_Sep_Dec,0,1,97.9,0,83.0,0,LOW
STU-04138,3,public_state,2025,Term3_Apr_Jul,38.3,0,35.7,5,54.1,2,HIGH
STU-04139,2,low_cost_private,2025,Term1_Sep_Dec,38.3,0,50.7,2,38.3,5,HIGH
STU-04140,1,elite_private,2024,Term2_Jan_Apr,4.2,0,80.9,0,61.8,0,LOW
STU-04141,1,elite_private,2023,Term3_Apr_Jul,3.9,0,58.7,1,55.2,2,MEDIUM
STU-04142,2,low_cost_private,2023,Term1_Sep_Dec,95.5,0,41.3,12,50.5,3,HIGH
STU-04143,2,low_cost_private,2025,Term1_Sep_Dec,26.9,0,49.2,10,34.6,4,HIGH
STU-04144,2,low_cost_private,2025,Term3_Apr_Jul,33.8,0,59.4,7,53.2,1,HIGH
STU-04145,2,low_cost_private,2023,Term2_Jan_Apr,35.8,0,84.8,0,55.7,1,LOW
STU-04146,2,low_cost_private,2024,Term1_Sep_Dec,68.6,0,50.1,15,45.9,2,HIGH
STU-04147,2,low_cost_private,2023,Term3_Apr_Jul,68.5,0,34.0,4,35.5,7,HIGH
STU-04148,3,public_state,2023,Term1_Sep_Dec,4.1,0,70.7,2,29.9,2,MEDIUM
STU-04149,1,elite_private,2023,Term3_Apr_Jul,10.1,0,66.9,0,40.1,2,LOW
STU-04150,2,low_cost_private,2023,Term2_Jan_Apr,38.7,0,22.8,12,27.3,4,HIGH
STU-04151,3,public_state,2023,Term1_Sep_Dec,29.6,0,53.7,9,26.1,4,HIGH
STU-04152,3,public_state,2025,Term2_Jan_Apr,56.8,0,67.3,4,42.5,4,MEDIUM
STU-04153,1,elite_private,2025,Term1_Sep_Dec,12.2,0,66.9,3,61.9,0,LOW
STU-04154,2,low_cost_private,2025,Term3_Apr_Jul,33.1,0,33.2,4,26.3,5,HIGH
STU-04155,2,low_cost_private,2023,Term2_Jan_Apr,66.5,0,61.7,4,39.7,4,HIGH
STU-04156,3,public_state,2023,Term1_Sep_Dec,24.7,0,49.9,10,35.0,4,HIGH
STU-04157,3,public_state,2024,Term2_Jan_Apr,60,0,49.9,5,24.1,4,HIGH
STU-04158,2,low_cost_private,2025,Term2_Jan_Apr,26.8,0,39.9,13,20,4,HIGH
STU-04159,2,low_cost_private,2023,Term1_Sep_Dec,36.3,0,64.5,12,53.1,4,HIGH
STU-04160,1,elite_private,2023,Term3_Apr_Jul,1.6,0,71.3,1,76.6,0,LOW
STU-04161,3,public_state,2023,Term1_Sep_Dec,9.3,0,94.2,0,73.1,0,LOW
STU-04162,2,low_cost_private,2023,Term2_Jan_Apr,81.9,0,47.3,4,35.7,4,HIGH
STU-04163,3,public_state,2023,Term3_Apr_Jul,47.4,0,47.0,7,33.3,3,HIGH
STU-04164,1,elite_private,2023,Term1_Sep_Dec,8.7,0,89.1,0,54.9,0,LOW
STU-04165,1,elite_private,2025,Term2_Jan_Apr,10.9,0,62.2,4,58.7,2,MEDIUM
STU-04166,1,elite_private,2025,Term2_Jan_Apr,14,0,,,,,WITHDRAWN
STU-04167,3,public_state,2025,Term1_Sep_Dec,32.4,0,56.6,1,39.0,3,HIGH
STU-04168,3,public_state,2025,Term2_Jan_Apr,21.0,0,82.7,0,67.3,0,LOW
STU-04169,3,public_state,2024,Term1_Sep_Dec,28.5,0,68.6,11,45.1,2,MEDIUM
STU-04170,1,elite_private,2024,Term2_Jan_Apr,10.9,0,86.0,0,55.3,1,LOW
STU-04171,3,public_state,2023,Term1_Sep_Dec,12.1,0,38.7,4,34.7,6,HIGH
STU-04172,3,public_state,2024,Term1_Sep_Dec,27.7,0,51.8,3,20,4,HIGH
STU-04173,1,elite_private,2024,Term1_Sep_Dec,14,0,,,,,WITHDRAWN
STU-04174,3,public_state,2023,Term3_Apr_Jul,60,0,44.9,8,48.4,4,HIGH
STU-04175,1,elite_private,2024,Term1_Sep_Dec,0,1,100,0,98.8,0,LOW
STU-04176,3,public_state,2025,Term2_Jan_Apr,41.2,0,31.4,9,20,4,HIGH
STU-04177,2,low_cost_private,2023,Term2_Jan_Apr,62.9,0,40.7,12,49.3,3,HIGH
STU-04178,1,elite_private,2025,Term2_Jan_Apr,11.0,0,54.6,2,33.3,6,MEDIUM
STU-04179,3,public_state,2023,Term2_Jan_Apr,8.9,0,65.0,2,38.4,4,MEDIUM
STU-04180,2,low_cost_private,2023,Term3_Apr_Jul,36.7,0,34.0,13,41.9,2,HIGH
STU-04181,1,elite_private,2024,Term2_Jan_Apr,0.2,0,65.3,0,59.5,4,LOW
STU-04182,1,elite_private,2024,Term3_Apr_Jul,10.7,0,76.9,3,50.6,2,MEDIUM
STU-04183,1,elite_private,2023,Term3_Apr_Jul,9.5,0,43.9,3,64.8,0,MEDIUM
STU-04184,2,low_cost_private,2025,Term2_Jan_Apr,96.1,0,59.3,1,42.4,2,MEDIUM
STU-04185,2,low_cost_private,2024,Term1_Sep_Dec,72.5,0,42.7,7,60.1,0,HIGH
STU-04186,3,public_state,2024,Term3_Apr_Jul,37.4,0,29.2,8,48.5,3,HIGH
STU-04187,1,elite_private,2023,Term3_Apr_Jul,0,1,100,0,89.9,0,LOW
STU-04188,1,elite_private,2025,Term2_Jan_Apr,0,1,100,0,87.1,0,LOW
STU-04189,1,elite_private,2023,Term3_Apr_Jul,0,1,98.0,1,85.5,0,LOW
STU-04190,2,low_cost_private,2024,Term1_Sep_Dec,21.9,0,64.8,8,37.4,3,HIGH
STU-04191,3,public_state,2025,Term1_Sep_Dec,60,0,68.6,3,30.7,5,HIGH
STU-04192,2,low_cost_private,2025,Term2_Jan_Apr,72.9,0,62.9,7,51.3,2,HIGH
STU-04193,2,low_cost_private,2024,Term1_Sep_Dec,62.8,0,40.9,12,42.1,3,HIGH
STU-04194,3,public_state,2025,Term2_Jan_Apr,17.6,0,59.5,2,56.3,1,MEDIUM
STU-04195,3,public_state,2025,Term3_Apr_Jul,11.2,0,65.8,0,60.8,0,LOW
STU-04196,1,elite_private,2023,Term1_Sep_Dec,0,1,98.4,2,96.1,0,LOW
STU-04197,3,public_state,2024,Term2_Jan_Apr,36.3,0,50.7,13,29.7,4,HIGH
STU-04198,1,elite_private,2023,Term3_Apr_Jul,0.3,0,52.8,2,52.4,2,MEDIUM
STU-04199,2,low_cost_private,2023,Term3_Apr_Jul,70.2,0,45.2,10,46.3,2,HIGH
STU-04200,1,elite_private,2023,Term1_Sep_Dec,10.1,0,65.3,4,51.8,2,MEDIUM
STU-04201,1,elite_private,2025,Term3_Apr_Jul,11.1,0,80.1,0,85,0,LOW
STU-04202,2,low_cost_private,2023,Term1_Sep_Dec,20.4,0,92.2,0,81.0,0,LOW
STU-04203,3,public_state,2025,Term2_Jan_Apr,5.3,0,92.9,1,67.0,0,LOW
STU-04204,1,elite_private,2023,Term2_Jan_Apr,0,1,99.2,1,86.3,0,LOW
STU-04205,1,elite_private,2024,Term2_Jan_Apr,6.7,0,62.4,2,38.9,4,MEDIUM
STU-04206,1,elite_private,2025,Term1_Sep_Dec,0,1,100,0,90.5,0,LOW
STU-04207,2,low_cost_private,2023,Term2_Jan_Apr,76.6,0,29.9,6,43.6,2,HIGH
STU-04208,3,public_state,2024,Term2_Jan_Apr,18.2,0,64.3,9,39.4,3,HIGH
STU-04209,3,public_state,2024,Term1_Sep_Dec,15.2,0,79.0,7,48.4,2,MEDIUM
STU-04210,2,low_cost_private,2024,Term1_Sep_Dec,23.6,0,66.6,2,48.3,2,MEDIUM
STU-04211,3,public_state,2025,Term1_Sep_Dec,30.4,0,35.5,3,20,4,HIGH
STU-04212,3,public_state,2024,Term3_Apr_Jul,24.1,0,38.9,0,25.8,4,MEDIUM
STU-04213,1,elite_private,2025,Term3_Apr_Jul,0,1,99.2,1,89.9,0,LOW
STU-04214,1,elite_private,2023,Term3_Apr_Jul,0,1,99.6,0,87.5,0,LOW
STU-04215,2,low_cost_private,2025,Term1_Sep_Dec,61.6,0,42.4,11,60.1,0,HIGH
STU-04216,3,public_state,2023,Term2_Jan_Apr,21.0,0,72.1,1,36.3,4,MEDIUM
STU-04217,2,low_cost_private,2024,Term3_Apr_Jul,54.8,0,35.1,13,55.8,1,HIGH
STU-04218,2,low_cost_private,2023,Term2_Jan_Apr,64.3,0,37.7,8,43.4,1,HIGH
STU-04219,1,elite_private,2025,Term2_Jan_Apr,0.1,0,100,0,84.3,0,LOW
STU-04220,1,elite_private,2023,Term3_Apr_Jul,0,1,100,0,94.7,0,LOW
STU-04221,2,low_cost_private,2023,Term2_Jan_Apr,12.0,0,41.6,8,20,3,HIGH
STU-04222,2,low_cost_private,2023,Term1_Sep_Dec,18.4,0,48.5,15,48.6,3,HIGH
STU-04223,1,elite_private,2023,Term3_Apr_Jul,11.0,0,71.5,1,73.0,0,LOW
STU-04224,3,public_state,2023,Term3_Apr_Jul,23.1,0,25.4,8,36.3,3,HIGH
STU-04225,2,low_cost_private,2023,Term2_Jan_Apr,66.0,0,40.1,7,40.3,2,HIGH
STU-04226,2,low_cost_private,2023,Term2_Jan_Apr,22.3,0,74.7,8,67.4,0,MEDIUM
STU-04227,1,elite_private,2023,Term3_Apr_Jul,6.5,0,86.6,0,60.2,0,LOW
STU-04228,3,public_state,2024,Term3_Apr_Jul,24.1,0,68.6,0,69.8,0,LOW
STU-04229,2,low_cost_private,2025,Term1_Sep_Dec,47.8,0,41.8,0,30.8,4,HIGH
STU-04230,1,elite_private,2024,Term1_Sep_Dec,0,1,100,0,87.6,0,LOW
STU-04231,3,public_state,2023,Term1_Sep_Dec,18.5,0,53.3,11,34.0,5,HIGH
STU-04232,2,low_cost_private,2023,Term1_Sep_Dec,16.1,0,90.7,0,77.2,0,LOW
STU-04233,2,low_cost_private,2024,Term3_Apr_Jul,34.2,0,31.7,13,44.6,2,HIGH
STU-04234,1,elite_private,2023,Term1_Sep_Dec,0,1,100,0,83.9,0,LOW
STU-04235,1,elite_private,2025,Term3_Apr_Jul,0,1,97.1,2,85.2,0,LOW
STU-04236,2,low_cost_private,2025,Term2_Jan_Apr,61.8,0,53.2,0,38.5,5,HIGH
STU-04237,3,public_state,2023,Term1_Sep_Dec,24.1,0,51.1,3,42.2,3,MEDIUM
STU-04238,1,elite_private,2025,Term2_Jan_Apr,0,1,99.2,1,83.7,0,LOW
STU-04239,1,elite_private,2024,Term3_Apr_Jul,0,1,58.6,4,73.1,0,LOW
STU-04240,1,elite_private,2025,Term1_Sep_Dec,0,1,100,0,93.9,0,LOW
STU-04241,3,public_state,2023,Term1_Sep_Dec,24.0,0,58.6,7,20.9,3,HIGH
STU-04242,3,public_state,2023,Term3_Apr_Jul,23.0,0,55.7,11,47.8,2,MEDIUM
STU-04243,3,public_state,2023,Term1_Sep_Dec,7.9,0,61.3,4,31.2,2,MEDIUM
STU-04244,2,low_cost_private,2023,Term2_Jan_Apr,34.8,0,54.9,2,55.9,1,MEDIUM
STU-04245,1,elite_private,2024,Term1_Sep_Dec,0.9,0,84.0,0,68.6,0,LOW
STU-04246,3,public_state,2023,Term1_Sep_Dec,16.4,0,72.0,0,30.0,2,MEDIUM
STU-04247,2,low_cost_private,2025,Term2_Jan_Apr,40.8,0,40.1,13,39.2,3,HIGH
STU-04248,2,low_cost_private,2023,Term2_Jan_Apr,37.1,0,47.0,8,47.3,1,HIGH
STU-04249,2,low_cost_private,2023,Term1_Sep_Dec,22.9,0,77.1,11,47.1,1,MEDIUM
STU-04250,1,elite_private,2024,Term3_Apr_Jul,0,1,98.4,2,93.0,0,LOW
STU-04251,3,public_state,2024,Term1_Sep_Dec,30.1,0,73.6,0,30.3,2,MEDIUM
STU-04252,2,low_cost_private,2025,Term2_Jan_Apr,45.6,0,55.6,13,61.8,0,MEDIUM
STU-04253,2,low_cost_private,2025,Term3_Apr_Jul,17.4,0,82.9,3,86.2,0,LOW
STU-04254,1,elite_private,2024,Term3_Apr_Jul,0,1,100,0,77.7,0,LOW
STU-04255,3,public_state,2025,Term3_Apr_Jul,23.4,0,49.1,8,25,2,HIGH
STU-04256,3,public_state,2023,Term2_Jan_Apr,5.6,0,50.7,0,73.9,0,LOW
STU-04257,3,public_state,2023,Term2_Jan_Apr,14.0,0,48.5,9,32.0,3,HIGH
STU-04258,3,public_state,2023,Term3_Apr_Jul,7.8,0,81.9,0,80.0,0,LOW
STU-04259,3,public_state,2025,Term2_Jan_Apr,27.7,0,64.3,9,50.0,2,MEDIUM
STU-04260,2,low_cost_private,2024,Term3_Apr_Jul,12.2,0,83.9,2,77.5,0,LOW
STU-04261,1,elite_private,2024,Term2_Jan_Apr,14,0,,,,,WITHDRAWN
STU-04262,3,public_state,2023,Term2_Jan_Apr,48.1,0,76.0,5,38.5,2,MEDIUM
STU-04263,2,low_cost_private,2024,Term1_Sep_Dec,108.3,0,60.3,8,26.8,4,HIGH
STU-04264,2,low_cost_private,2025,Term1_Sep_Dec,23.6,0,55.4,14,38.7,3,HIGH
STU-04265,2,low_cost_private,2025,Term2_Jan_Apr,74.7,0,57.2,1,40.9,3,HIGH
STU-04266,2,low_cost_private,2025,Term1_Sep_Dec,56.7,0,46.1,9,66.1,0,MEDIUM
STU-04267,2,low_cost_private,2023,Term1_Sep_Dec,25.3,0,22.4,5,25.1,3,HIGH
STU-04268,1,elite_private,2024,Term2_Jan_Apr,2.9,0,86.7,0,74.1,0,LOW
STU-04269,1,elite_private,2025,Term3_Apr_Jul,14,0,,,,,WITHDRAWN
STU-04270,2,low_cost_private,2025,Term1_Sep_Dec,30.1,0,53.8,15,53.9,1,HIGH
STU-04271,2,low_cost_private,2024,Term2_Jan_Apr,40.7,0,51.0,0,39.4,3,MEDIUM
STU-04272,3,public_state,2025,Term1_Sep_Dec,22.8,0,61.9,1,25,2,MEDIUM
STU-04273,2,low_cost_private,2024,Term2_Jan_Apr,27.1,0,67.4,2,43.5,2,MEDIUM
STU-04274,1,elite_private,2024,Term3_Apr_Jul,0,1,100,0,83.0,0,LOW
STU-04275,1,elite_private,2025,Term2_Jan_Apr,14,0,,,,,WITHDRAWN
STU-04276,3,public_state,2025,Term2_Jan_Apr,7.0,0,94.3,2,66.4,0,LOW
STU-04277,2,low_cost_private,2023,Term2_Jan_Apr,25.3,0,32.7,16,20,4,HIGH
STU-04278,2,low_cost_private,2025,Term1_Sep_Dec,16.0,0,89.7,0,82.3,0,LOW
STU-04279,2,low_cost_private,2023,Term3_Apr_Jul,18.8,0,81.8,1,80.1,0,LOW
STU-04280,2,low_cost_private,2024,Term2_Jan_Apr,39.8,0,63.4,4,43.6,2,MEDIUM
STU-04281,3,public_state,2025,Term3_Apr_Jul,26.1,0,50.6,0,31.5,2,MEDIUM
STU-04282,3,public_state,2024,Term1_Sep_Dec,7.3,0,92.5,1,60.1,0,LOW
STU-04283,2,low_cost_private,2023,Term3_Apr_Jul,30.6,0,16.8,12,47.6,1,HIGH
STU-04284,3,public_state,2025,Term3_Apr_Jul,10.7,0,68.5,0,53.7,2,LOW
STU-04285,1,elite_private,2025,Term3_Apr_Jul,0,1,100,0,95.7,0,LOW
STU-04286,3,public_state,2024,Term3_Apr_Jul,57.9,0,57.2,0,22.5,5,HIGH
STU-04287,2,low_cost_private,2024,Term3_Apr_Jul,29.3,0,43.1,0,66.9,1,MEDIUM
STU-04288,3,public_state,2024,Term2_Jan_Apr,20.3,0,35.8,7,20,2,HIGH
STU-04289,3,public_state,2025,Term1_Sep_Dec,31.7,0,60.2,6,58.2,2,MEDIUM
STU-04290,2,low_cost_private,2024,Term2_Jan_Apr,31.4,0,41.6,4,43.5,2,HIGH
STU-04291,3,public_state,2023,Term2_Jan_Apr,36.5,0,71.1,4,34.6,2,MEDIUM
STU-04292,3,public_state,2025,Term2_Jan_Apr,32.0,0,61.1,1,39.3,3,HIGH
STU-04293,2,low_cost_private,2023,Term2_Jan_Apr,20.5,0,67.9,0,63.1,0,LOW
STU-04294,1,elite_private,2025,Term2_Jan_Apr,0,1,100,0,94.0,0,LOW
STU-04295,1,elite_private,2023,Term3_Apr_Jul,0,1,100,0,92.6,0,LOW
STU-04296,1,elite_private,2024,Term1_Sep_Dec,0.1,0,100,0,100,0,LOW
STU-04297,1,elite_private,2023,Term2_Jan_Apr,0,1,100,0,94.1,0,LOW
STU-04298,1,elite_private,2025,Term3_Apr_Jul,0,1,99.2,1,85.9,0,LOW
STU-04299,2,low_cost_private,2024,Term3_Apr_Jul,51.5,0,60.5,5,45.3,3,HIGH
STU-04300,1,elite_private,2023,Term1_Sep_Dec,11.8,0,65.6,0,85,0,LOW
STU-04301,2,low_cost_private,2025,Term2_Jan_Apr,48.1,0,60.4,5,52.8,4,HIGH
STU-04302,1,elite_private,2024,Term2_Jan_Apr,0,1,58.4,0,63.2,0,LOW
STU-04303,2,low_cost_private,2025,Term2_Jan_Apr,75.0,0,44.8,16,38.7,5,HIGH
STU-04304,3,public_state,2023,Term2_Jan_Apr,24.7,0,61.9,13,46.4,2,MEDIUM
STU-04305,2,low_cost_private,2024,Term1_Sep_Dec,71.1,0,47.5,4,37.0,5,HIGH
STU-04306,3,public_state,2025,Term1_Sep_Dec,12.9,0,56.8,7,20,4,HIGH
STU-04307,2,low_cost_private,2024,Term3_Apr_Jul,36.5,0,57.0,8,54.8,0,MEDIUM
STU-04308,2,low_cost_private,2024,Term2_Jan_Apr,22.7,0,49.9,14,36.5,4,HIGH
STU-04309,2,low_cost_private,2024,Term3_Apr_Jul,34.8,0,53.9,4,35.0,4,HIGH
STU-04310,2,low_cost_private,2023,Term1_Sep_Dec,57.3,0,61.4,14,60.1,1,MEDIUM
STU-04311,1,elite_private,2023,Term3_Apr_Jul,0,1,100,0,90.7,0,LOW
STU-04312,2,low_cost_private,2024,Term1_Sep_Dec,58.3,0,55.0,10,45.3,3,HIGH
STU-04313,3,public_state,2024,Term3_Apr_Jul,15.6,0,52.5,0,29.5,6,MEDIUM
STU-04314,3,public_state,2023,Term3_Apr_Jul,18.8,0,46.8,3,35.2,3,HIGH
STU-04315,2,low_cost_private,2024,Term1_Sep_Dec,46.2,0,64.2,1,45.4,0,MEDIUM
STU-04316,1,elite_private,2024,Term3_Apr_Jul,6.1,0,74.7,0,60.4,0,LOW
STU-04317,3,public_state,2023,Term3_Apr_Jul,38.9,0,45.0,10,20,3,HIGH
STU-04318,3,public_state,2023,Term1_Sep_Dec,36.5,0,46.4,12,38.2,3,HIGH
STU-04319,2,low_cost_private,2025,Term1_Sep_Dec,102.2,0,63.1,8,42.0,4,HIGH
STU-04320,1,elite_private,2025,Term3_Apr_Jul,14,0,,,,,WITHDRAWN
STU-04321,3,public_state,2023,Term3_Apr_Jul,19.5,0,46.2,3,28.7,2,HIGH
STU-04322,3,public_state,2024,Term3_Apr_Jul,9.2,0,81.5,0,67.8,0,LOW
STU-04323,3,public_state,2024,Term2_Jan_Apr,3.5,0,76.6,0,44.4,4,LOW
STU-04324,2,low_cost_private,2023,Term2_Jan_Apr,72.3,0,41.9,11,46.5,4,HIGH
STU-04325,3,public_state,2024,Term3_Apr_Jul,19.6,0,33.0,3,39.8,3,HIGH
STU-04326,2,low_cost_private,2024,Term1_Sep_Dec,57.3,0,49.5,12,38.0,7,HIGH
STU-04327,1,elite_private,2025,Term2_Jan_Apr,0,1,90.0,0,72.7,0,LOW
STU-04328,2,low_cost_private,2024,Term1_Sep_Dec,48.3,0,46.9,6,62.9,1,MEDIUM
STU-04329,3,public_state,2023,Term2_Jan_Apr,5.7,0,59.6,10,40.5,2,MEDIUM
STU-04330,1,elite_private,2025,Term2_Jan_Apr,0,1,99.0,0,96.2,0,LOW
STU-04331,3,public_state,2023,Term2_Jan_Apr,47.5,0,55.7,5,46.3,1,MEDIUM
STU-04332,3,public_state,2024,Term1_Sep_Dec,15.3,0,62.8,1,42.8,2,MEDIUM
STU-04333,2,low_cost_private,2023,Term2_Jan_Apr,28.9,0,53.0,0,51.6,2,MEDIUM
STU-04334,2,low_cost_private,2024,Term2_Jan_Apr,16.2,0,88.4,1,87.4,0,LOW
STU-04335,1,elite_private,2024,Term2_Jan_Apr,14,0,,,,,WITHDRAWN
STU-04336,2,low_cost_private,2025,Term2_Jan_Apr,6.0,0,52.6,4,35.0,5,HIGH
STU-04337,3,public_state,2024,Term2_Jan_Apr,28.0,0,37.2,12,20,5,HIGH
STU-04338,1,elite_private,2023,Term3_Apr_Jul,0,1,100,0,91.8,0,LOW
STU-04339,3,public_state,2024,Term3_Apr_Jul,11.8,0,49.8,1,58.9,1,MEDIUM
STU-04340,2,low_cost_private,2023,Term3_Apr_Jul,53.5,0,48.6,7,32.9,4,HIGH
STU-04341,2,low_cost_private,2025,Term2_Jan_Apr,13.6,0,45.0,0,36.9,4,MEDIUM
STU-04342,1,elite_private,2023,Term3_Apr_Jul,0,1,99.2,1,79.1,0,LOW
STU-04343,2,low_cost_private,2024,Term1_Sep_Dec,34.5,0,62.3,4,54.5,1,MEDIUM
STU-04344,1,elite_private,2024,Term2_Jan_Apr,14,0,,,,,WITHDRAWN
STU-04345,3,public_state,2024,Term1_Sep_Dec,23.0,0,77.6,0,69.3,0,LOW
STU-04346,1,elite_private,2023,Term1_Sep_Dec,14,0,,,,,WITHDRAWN
STU-04347,1,elite_private,2025,Term1_Sep_Dec,0,1,100,0,95.3,0,LOW
STU-04348,1,elite_private,2024,Term3_Apr_Jul,0,1,97.9,1,95.0,0,LOW
STU-04349,2,low_cost_private,2024,Term3_Apr_Jul,46.4,0,61.5,2,36.3,3,HIGH
STU-04350,3,public_state,2025,Term1_Sep_Dec,5.1,0,93.6,0,60,0,LOW
STU-04351,1,elite_private,2025,Term3_Apr_Jul,0,1,99.2,1,87.1,0,LOW
STU-04352,3,public_state,2024,Term3_Apr_Jul,4.0,0,81.4,0,77.7,0,LOW
STU-04353,1,elite_private,2023,Term3_Apr_Jul,0,1,97.6,3,88.5,0,LOW
STU-04354,2,low_cost_private,2025,Term2_Jan_Apr,60.7,0,52.0,16,53.5,3,HIGH
STU-04355,2,low_cost_private,2023,Term2_Jan_Apr,29.3,0,87.2,1,51.9,4,MEDIUM
STU-04356,3,public_state,2025,Term1_Sep_Dec,44.2,0,39.3,7,20,5,HIGH
STU-04357,1,elite_private,2024,Term2_Jan_Apr,0,1,99.2,1,94.0,0,LOW
STU-04358,2,low_cost_private,2023,Term1_Sep_Dec,60.2,0,64.1,1,51.6,4,HIGH
STU-04359,1,elite_private,2023,Term2_Jan_Apr,0.1,0,100,0,84.6,0,LOW
STU-04360,3,public_state,2025,Term1_Sep_Dec,28.2,0,71.4,6,32.7,3,MEDIUM
STU-04361,2,low_cost_private,2024,Term1_Sep_Dec,19.4,0,92.1,0,78.3,0,LOW
STU-04362,1,elite_private,2025,Term2_Jan_Apr,7.5,0,85.8,1,70.7,0,LOW
STU-04363,3,public_state,2024,Term2_Jan_Apr,25.4,0,80.7,0,25,2,MEDIUM
STU-04364,3,public_state,2023,Term1_Sep_Dec,26.8,0,57.3,3,37.3,4,HIGH
STU-04365,1,elite_private,2023,Term2_Jan_Apr,0,1,98.4,2,87.5,0,LOW
STU-04366,2,low_cost_private,2024,Term3_Apr_Jul,38.7,0,50.7,4,36.7,3,HIGH
STU-04367,3,public_state,2024,Term2_Jan_Apr,60,0,44.9,2,42.6,3,HIGH
STU-04368,3,public_state,2025,Term3_Apr_Jul,13.3,0,73.0,4,38.8,2,MEDIUM
STU-04369,1,elite_private,2024,Term2_Jan_Apr,10.7,0,66.6,4,24.2,4,MEDIUM
STU-04370,2,low_cost_private,2023,Term2_Jan_Apr,57.2,0,53.5,1,44.6,3,MEDIUM
STU-04371,2,low_cost_private,2025,Term3_Apr_Jul,50.7,0,51.2,9,43.0,4,HIGH
STU-04372,3,public_state,2023,Term3_Apr_Jul,22.9,0,43.3,3,20,5,HIGH
STU-04373,2,low_cost_private,2023,Term2_Jan_Apr,36.9,0,39.9,4,20,3,HIGH
STU-04374,2,low_cost_private,2024,Term2_Jan_Apr,41.2,0,46.4,13,53.3,2,HIGH
STU-04375,3,public_state,2023,Term1_Sep_Dec,21.2,0,67.1,1,25.8,6,MEDIUM
STU-04376,2,low_cost_private,2024,Term2_Jan_Apr,44.7,0,38.4,13,54.5,3,HIGH
STU-04377,2,low_cost_private,2024,Term3_Apr_Jul,40.8,0,27.5,8,34.5,4,HIGH
STU-04378,1,elite_private,2025,Term2_Jan_Apr,6.0,0,78.1,0,69.4,0,LOW
STU-04379,1,elite_private,2024,Term1_Sep_Dec,0,1,100,0,100,0,LOW
STU-04380,2,low_cost_private,2024,Term1_Sep_Dec,55.7,0,56.3,13,47.0,3,HIGH
STU-04381,2,low_cost_private,2025,Term2_Jan_Apr,61.2,0,48.6,14,48.4,3,HIGH
STU-04382,3,public_state,2024,Term3_Apr_Jul,50.7,0,39.2,0,33.9,3,HIGH
STU-04383,1,elite_private,2023,Term3_Apr_Jul,0,1,100,0,78.0,0,LOW
STU-04384,3,public_state,2024,Term1_Sep_Dec,7.6,0,92.4,0,80.2,0,LOW
STU-04385,2,low_cost_private,2024,Term3_Apr_Jul,47.8,0,58.7,9,50.5,2,HIGH
STU-04386,2,low_cost_private,2023,Term3_Apr_Jul,35.2,0,45.5,5,45.0,3,HIGH
STU-04387,3,public_state,2024,Term1_Sep_Dec,14.3,0,62.9,9,24.4,4,HIGH
STU-04388,3,public_state,2025,Term2_Jan_Apr,12.6,0,71.3,9,55.7,0,MEDIUM
STU-04389,1,elite_private,2024,Term1_Sep_Dec,8.9,0,67.2,0,34.0,4,MEDIUM
STU-04390,1,elite_private,2023,Term3_Apr_Jul,0,1,100,0,89.3,0,LOW
STU-04391,1,elite_private,2024,Term3_Apr_Jul,1.5,0,80.9,7,58.4,1,MEDIUM
STU-04392,1,elite_private,2024,Term1_Sep_Dec,0,1,98.4,2,96.2,0,LOW
STU-04393,2,low_cost_private,2024,Term2_Jan_Apr,90.5,0,69.1,4,37.6,4,HIGH
STU-04394,2,low_cost_private,2023,Term3_Apr_Jul,52.0,0,53.1,13,45.8,4,HIGH
STU-04395,1,elite_private,2025,Term2_Jan_Apr,0,1,99.2,1,96.7,0,LOW
STU-04396,3,public_state,2025,Term1_Sep_Dec,16.2,0,48.6,3,25.9,4,HIGH
STU-04397,2,low_cost_private,2023,Term1_Sep_Dec,52.4,0,58.3,8,34.9,3,HIGH
STU-04398,3,public_state,2023,Term1_Sep_Dec,30.9,0,66.0,1,33.9,4,MEDIUM
STU-04399,1,elite_private,2025,Term2_Jan_Apr,0,1,100,0,94.5,0,LOW
STU-04400,3,public_state,2024,Term1_Sep_Dec,21.0,0,48.0,3,36.8,4,HIGH
STU-04401,1,elite_private,2025,Term1_Sep_Dec,9.1,0,78.6,0,75.2,0,LOW
STU-04402,2,low_cost_private,2025,Term2_Jan_Apr,50.3,0,61.3,8,45.8,2,HIGH
STU-04403,2,low_cost_private,2025,Term2_Jan_Apr,61.8,0,32.9,11,42.3,2,HIGH
STU-04404,2,low_cost_private,2025,Term3_Apr_Jul,88.7,0,57.5,7,37.5,5,HIGH
STU-04405,3,public_state,2023,Term1_Sep_Dec,8.2,0,60.8,7,42.6,3,MEDIUM
STU-04406,2,low_cost_private,2024,Term3_Apr_Jul,29.5,0,50.7,1,33.9,3,MEDIUM
STU-04407,1,elite_private,2024,Term1_Sep_Dec,0,1,99.2,1,95.0,0,LOW
STU-04408,3,public_state,2024,Term1_Sep_Dec,8.8,0,49.5,5,38.9,3,HIGH
STU-04409,3,public_state,2024,Term1_Sep_Dec,14.4,0,20.1,12,20.3,6,HIGH
STU-04410,2,low_cost_private,2025,Term3_Apr_Jul,32.4,0,75.9,0,64.5,0,LOW
STU-04411,3,public_state,2024,Term2_Jan_Apr,34.3,0,50.3,3,21.6,3,HIGH
STU-04412,1,elite_private,2025,Term3_Apr_Jul,14,0,,,,,WITHDRAWN
STU-04413,2,low_cost_private,2025,Term2_Jan_Apr,72.7,0,53.0,0,47.2,2,MEDIUM
STU-04414,2,low_cost_private,2023,Term2_Jan_Apr,64.2,0,51.9,5,36.5,4,HIGH
STU-04415,2,low_cost_private,2025,Term2_Jan_Apr,29.8,0,64.4,5,29.9,5,HIGH
STU-04416,2,low_cost_private,2025,Term2_Jan_Apr,64.4,0,49.6,4,38.1,6,HIGH
STU-04417,2,low_cost_private,2023,Term2_Jan_Apr,81.8,0,46.5,14,53.8,2,HIGH
STU-04418,2,low_cost_private,2023,Term2_Jan_Apr,35.6,0,49.1,11,46.8,3,HIGH
STU-04419,1,elite_private,2024,Term1_Sep_Dec,0,1,100,0,92.9,0,LOW
STU-04420,3,public_state,2025,Term2_Jan_Apr,37.4,0,47.6,7,20,4,HIGH
STU-04421,3,public_state,2024,Term1_Sep_Dec,2.0,0,61.2,0,55.2,3,MEDIUM
STU-04422,1,elite_private,2024,Term1_Sep_Dec,0,1,99.0,1,100,0,LOW
STU-04423,2,low_cost_private,2025,Term1_Sep_Dec,46.3,0,60.9,11,43.7,5,HIGH
STU-04424,3,public_state,2023,Term3_Apr_Jul,0,1,51.9,5,64.3,0,MEDIUM
STU-04425,2,low_cost_private,2023,Term1_Sep_Dec,54.2,0,45.6,10,39.8,4,HIGH
STU-04426,2,low_cost_private,2024,Term1_Sep_Dec,6.1,0,29.5,9,30.8,3,HIGH
STU-04427,2,low_cost_private,2025,Term3_Apr_Jul,16.1,0,85.6,0,75.1,0,LOW
STU-04428,3,public_state,2025,Term3_Apr_Jul,20.9,0,41.7,7,32.2,3,HIGH
STU-04429,1,elite_private,2024,Term3_Apr_Jul,0,1,94.7,0,89.2,0,LOW
STU-04430,3,public_state,2024,Term2_Jan_Apr,10.3,0,72.0,11,74.5,0,LOW
STU-04431,3,public_state,2025,Term2_Jan_Apr,19.5,0,59.2,0,43.9,3,MEDIUM
STU-04432,3,public_state,2024,Term2_Jan_Apr,10.8,0,69.9,2,40.2,3,MEDIUM
STU-04433,1,elite_private,2024,Term2_Jan_Apr,0,1,98.4,2,97.9,0,LOW
STU-04434,3,public_state,2024,Term3_Apr_Jul,12.4,0,55.7,4,50.4,4,MEDIUM
STU-04435,3,public_state,2025,Term1_Sep_Dec,29.1,0,56.5,0,47.1,4,MEDIUM
STU-04436,2,low_cost_private,2024,Term1_Sep_Dec,52.4,0,52.1,1,47.8,1,MEDIUM
STU-04437,2,low_cost_private,2025,Term3_Apr_Jul,81.6,0,54.7,4,30.9,6,HIGH
STU-04438,3,public_state,2023,Term2_Jan_Apr,22.4,0,64.5,0,48.4,1,MEDIUM
STU-04439,3,public_state,2023,Term2_Jan_Apr,18.7,0,72.0,0,34.0,2,MEDIUM
STU-04440,2,low_cost_private,2023,Term3_Apr_Jul,43.5,0,29.2,13,20,2,HIGH
STU-04441,2,low_cost_private,2024,Term2_Jan_Apr,99.7,0,74.5,1,51.6,3,MEDIUM
STU-04442,2,low_cost_private,2025,Term1_Sep_Dec,15.8,0,91.4,0,76.4,0,LOW
STU-04443,1,elite_private,2024,Term3_Apr_Jul,10.3,0,63.4,1,47.5,1,MEDIUM
STU-04444,3,public_state,2024,Term3_Apr_Jul,5,0,47.1,3,42.7,2,MEDIUM
STU-04445,3,public_state,2024,Term1_Sep_Dec,13.2,0,29.9,4,20,4,HIGH
STU-04446,2,low_cost_private,2024,Term1_Sep_Dec,37.6,0,44.3,14,28.4,5,HIGH
STU-04447,3,public_state,2025,Term1_Sep_Dec,0,1,58.6,8,20,4,HIGH
STU-04448,2,low_cost_private,2025,Term1_Sep_Dec,43.0,0,40.7,9,48.4,2,HIGH
STU-04449,2,low_cost_private,2024,Term3_Apr_Jul,94.2,0,47.6,6,48.4,3,HIGH
STU-04450,2,low_cost_private,2024,Term2_Jan_Apr,41.2,0,52.6,13,20,2,HIGH
STU-04451,3,public_state,2025,Term3_Apr_Jul,27.1,0,39.8,3,23.5,4,HIGH
STU-04452,3,public_state,2023,Term1_Sep_Dec,26.7,0,51.2,3,30.6,6,HIGH
STU-04453,2,low_cost_private,2025,Term2_Jan_Apr,16.2,0,87.8,2,69.0,0,LOW
STU-04454,3,public_state,2023,Term2_Jan_Apr,18.8,0,56.1,3,49.3,0,MEDIUM
STU-04455,3,public_state,2025,Term1_Sep_Dec,5.8,0,54.8,1,53.4,3,MEDIUM
STU-04456,1,elite_private,2024,Term1_Sep_Dec,0,1,99.2,1,96.9,0,LOW
STU-04457,3,public_state,2023,Term2_Jan_Apr,27.7,0,51.2,5,20,4,HIGH
STU-04458,2,low_cost_private,2023,Term1_Sep_Dec,40.4,0,58.4,11,40.6,5,HIGH
STU-04459,1,elite_private,2024,Term2_Jan_Apr,14,0,,,,,WITHDRAWN
STU-04460,2,low_cost_private,2025,Term1_Sep_Dec,21.0,0,47.7,4,28.2,2,HIGH
STU-04461,1,elite_private,2024,Term1_Sep_Dec,0,1,100,0,95.2,0,LOW
STU-04462,2,low_cost_private,2025,Term2_Jan_Apr,5,0,56.5,0,40.5,3,MEDIUM
STU-04463,1,elite_private,2024,Term2_Jan_Apr,0,1,99.2,1,100,0,LOW
STU-04464,3,public_state,2024,Term1_Sep_Dec,31.5,0,62.5,6,40.0,4,HIGH
STU-04465,1,elite_private,2023,Term3_Apr_Jul,0,1,80.4,0,74.9,0,LOW
STU-04466,3,public_state,2025,Term1_Sep_Dec,60,0,66.1,3,43.6,3,MEDIUM
STU-04467,2,low_cost_private,2025,Term2_Jan_Apr,30.0,0,58.7,1,70.5,1,MEDIUM
STU-04468,3,public_state,2024,Term1_Sep_Dec,45.5,0,39.6,6,26.3,5,HIGH
STU-04469,1,elite_private,2025,Term2_Jan_Apr,0,1,99.2,1,89.8,0,LOW
STU-04470,1,elite_private,2025,Term1_Sep_Dec,0,1,98.4,2,97.4,0,LOW
STU-04471,3,public_state,2025,Term3_Apr_Jul,49.9,0,52.2,1,24.0,6,HIGH
STU-04472,2,low_cost_private,2023,Term3_Apr_Jul,38.6,0,22.7,13,43.6,2,HIGH
STU-04473,2,low_cost_private,2024,Term3_Apr_Jul,19.1,0,82.8,0,78.0,0,LOW
STU-04474,1,elite_private,2023,Term2_Jan_Apr,0,1,100,0,92.8,0,LOW
STU-04475,3,public_state,2024,Term1_Sep_Dec,20.8,0,51.4,0,47.6,0,MEDIUM
STU-04476,1,elite_private,2023,Term1_Sep_Dec,0,1,100,0,90.8,0,LOW
STU-04477,2,low_cost_private,2025,Term3_Apr_Jul,35.5,0,49.0,4,27.9,4,HIGH
STU-04478,1,elite_private,2025,Term2_Jan_Apr,12.6,0,63.0,9,77.7,0,MEDIUM
STU-04479,2,low_cost_private,2023,Term1_Sep_Dec,18.3,0,85.0,3,80.3,0,LOW
STU-04480,3,public_state,2024,Term2_Jan_Apr,7.3,0,65.8,4,25,2,MEDIUM
STU-04481,2,low_cost_private,2025,Term2_Jan_Apr,59.4,0,53.2,8,49.7,2,HIGH
STU-04482,2,low_cost_private,2023,Term1_Sep_Dec,74.3,0,44.9,4,28.1,3,HIGH
STU-04483,1,elite_private,2024,Term3_Apr_Jul,14,0,,,,,WITHDRAWN
STU-04484,2,low_cost_private,2023,Term3_Apr_Jul,29.2,0,43.5,4,43.4,5,HIGH
STU-04485,3,public_state,2023,Term1_Sep_Dec,49.9,0,65.6,0,35.1,3,MEDIUM
STU-04486,2,low_cost_private,2023,Term2_Jan_Apr,62.9,0,29.0,9,43.2,2,HIGH
STU-04487,3,public_state,2024,Term2_Jan_Apr,33.3,0,71.2,2,46.6,1,MEDIUM
STU-04488,2,low_cost_private,2024,Term3_Apr_Jul,70.2,0,51.8,0,29.9,4,HIGH
STU-04489,3,public_state,2024,Term1_Sep_Dec,23.3,0,78.9,0,66.8,0,LOW
STU-04490,2,low_cost_private,2023,Term3_Apr_Jul,41.3,0,40.0,13,36.2,4,HIGH
STU-04491,2,low_cost_private,2024,Term2_Jan_Apr,41.9,0,41.7,16,42.4,2,HIGH
STU-04492,3,public_state,2024,Term1_Sep_Dec,19.1,0,45.6,0,55.2,2,MEDIUM
STU-04493,2,low_cost_private,2023,Term2_Jan_Apr,58.0,0,65.7,4,52.6,1,MEDIUM
STU-04494,2,low_cost_private,2023,Term2_Jan_Apr,53.8,0,38.6,7,38.7,4,HIGH
STU-04495,1,elite_private,2025,Term1_Sep_Dec,0,1,88.1,1,44.4,3,MEDIUM
STU-04496,3,public_state,2024,Term2_Jan_Apr,11.5,0,49.2,12,36.6,2,HIGH
STU-04497,2,low_cost_private,2023,Term3_Apr_Jul,35.6,0,20.4,4,20,2,HIGH
STU-04498,1,elite_private,2023,Term3_Apr_Jul,0,1,97.3,1,86.5,0,LOW
STU-04499,2,low_cost_private,2023,Term3_Apr_Jul,27.6,0,40.0,7,34.4,5,HIGH
STU-04500,2,low_cost_private,2025,Term1_Sep_Dec,13.0,0,86.3,8,67.3,0,LOW
STU-04501,2,low_cost_private,2025,Term2_Jan_Apr,24.2,0,57.5,0,42.0,2,MEDIUM
STU-04502,2,low_cost_private,2025,Term3_Apr_Jul,25.9,0,46.9,10,27.0,5,HIGH
STU-04503,1,elite_private,2024,Term1_Sep_Dec,0,1,100,0,85.9,0,LOW
STU-04504,3,public_state,2025,Term3_Apr_Jul,17.8,0,39.8,0,68.2,1,MEDIUM
STU-04505,3,public_state,2025,Term1_Sep_Dec,39.2,0,49.3,6,58.5,0,MEDIUM
STU-04506,2,low_cost_private,2024,Term3_Apr_Jul,61.7,0,38.2,10,44.7,2,HIGH
STU-04507,3,public_state,2024,Term3_Apr_Jul,25.1,0,56.2,0,37.9,2,MEDIUM
STU-04508,1,elite_private,2023,Term3_Apr_Jul,0,1,58.4,5,51.4,4,MEDIUM
STU-04509,2,low_cost_private,2024,Term2_Jan_Apr,30.1,0,43.9,11,65.5,0,MEDIUM
STU-04510,3,public_state,2023,Term1_Sep_Dec,22.2,0,57.8,0,27.9,3,MEDIUM
STU-04511,1,elite_private,2024,Term2_Jan_Apr,14,0,,,,,WITHDRAWN
STU-04512,1,elite_private,2023,Term1_Sep_Dec,0,1,96.8,4,97.9,0,LOW
STU-04513,1,elite_private,2025,Term2_Jan_Apr,0,1,99.2,1,92.3,0,LOW
STU-04514,1,elite_private,2023,Term2_Jan_Apr,0,1,98.4,2,95.8,0,LOW
STU-04515,1,elite_private,2024,Term3_Apr_Jul,0,1,98.4,2,90.5,0,LOW
STU-04516,3,public_state,2023,Term2_Jan_Apr,60,0,54.5,12,31.5,5,HIGH
STU-04517,2,low_cost_private,2023,Term1_Sep_Dec,13.2,0,87.3,0,79.0,0,LOW
STU-04518,1,elite_private,2024,Term2_Jan_Apr,14,0,,,,,WITHDRAWN
STU-04519,2,low_cost_private,2024,Term1_Sep_Dec,49.1,0,49.4,2,57.1,1,MEDIUM
STU-04520,3,public_state,2025,Term3_Apr_Jul,17.6,0,46.8,1,52.8,2,MEDIUM
STU-04521,3,public_state,2023,Term2_Jan_Apr,30.9,0,52.5,6,32.0,3,HIGH
STU-04522,3,public_state,2023,Term3_Apr_Jul,17.2,0,55.6,1,43.1,3,MEDIUM
STU-04523,2,low_cost_private,2025,Term1_Sep_Dec,35.7,0,35.1,11,42.7,3,HIGH
STU-04524,2,low_cost_private,2024,Term2_Jan_Apr,44.8,0,57.3,0,45.2,3,MEDIUM
STU-04525,3,public_state,2024,Term2_Jan_Apr,51.7,0,55.7,11,30.9,6,HIGH
STU-04526,1,elite_private,2025,Term1_Sep_Dec,0,1,100,0,93.0,0,LOW
STU-04527,1,elite_private,2023,Term2_Jan_Apr,5.6,0,76.8,2,55.9,1,LOW
STU-04528,3,public_state,2025,Term2_Jan_Apr,14.1,0,41.1,2,28.6,4,HIGH
STU-04529,3,public_state,2023,Term3_Apr_Jul,58.5,0,47.4,6,39.9,5,HIGH
STU-04530,3,public_state,2024,Term1_Sep_Dec,19.2,0,62.9,0,33.0,3,MEDIUM
STU-04531,3,public_state,2024,Term1_Sep_Dec,31.9,0,50.0,4,49.4,2,MEDIUM
STU-04532,2,low_cost_private,2025,Term1_Sep_Dec,15.4,0,87.2,0,94.5,0,LOW
STU-04533,2,low_cost_private,2024,Term2_Jan_Apr,58.8,0,42.0,1,49.0,1,MEDIUM
STU-04534,1,elite_private,2024,Term3_Apr_Jul,0,1,100,0,91.8,0,LOW
STU-04535,2,low_cost_private,2023,Term2_Jan_Apr,73.8,0,57.3,4,26.4,4,HIGH
STU-04536,3,public_state,2024,Term2_Jan_Apr,30.7,0,50.6,8,20,3,HIGH
STU-04537,2,low_cost_private,2024,Term1_Sep_Dec,32.2,0,35.6,8,39.6,5,HIGH
STU-04538,1,elite_private,2025,Term2_Jan_Apr,0,1,98.4,2,100,0,LOW
STU-04539,2,low_cost_private,2024,Term1_Sep_Dec,53.9,0,45.1,10,38.3,3,HIGH
STU-04540,1,elite_private,2023,Term2_Jan_Apr,0,1,99.2,1,90.1,0,LOW
STU-04541,3,public_state,2025,Term3_Apr_Jul,8.5,0,80.4,2,73.7,0,LOW
STU-04542,3,public_state,2024,Term2_Jan_Apr,16.6,0,58.3,1,45.5,2,MEDIUM
STU-04543,2,low_cost_private,2024,Term1_Sep_Dec,32.3,0,50.0,9,39.0,4,HIGH
STU-04544,2,low_cost_private,2023,Term3_Apr_Jul,14.3,0,87.1,1,71.9,0,LOW
STU-04545,2,low_cost_private,2024,Term2_Jan_Apr,36.1,0,62.3,5,54.5,2,MEDIUM
STU-04546,3,public_state,2024,Term2_Jan_Apr,32.4,0,50.4,8,46.4,4,HIGH
STU-04547,2,low_cost_private,2024,Term3_Apr_Jul,56.7,0,73.2,7,39.4,4,HIGH
STU-04548,1,elite_private,2025,Term3_Apr_Jul,3.0,0,73.3,4,72.4,0,LOW
STU-04549,2,low_cost_private,2024,Term1_Sep_Dec,26.4,0,55.7,0,39.7,5,MEDIUM
STU-04550,3,public_state,2025,Term2_Jan_Apr,50.8,0,49.3,7,45.4,1,HIGH
STU-04551,3,public_state,2023,Term3_Apr_Jul,12.0,0,44.7,8,46.9,1,MEDIUM
STU-04552,2,low_cost_private,2023,Term1_Sep_Dec,73.5,0,44.2,10,50.4,3,HIGH
STU-04553,2,low_cost_private,2025,Term1_Sep_Dec,16.6,0,58.1,9,52.7,3,HIGH
STU-04554,2,low_cost_private,2024,Term3_Apr_Jul,22.3,0,69.6,12,40.4,5,HIGH
STU-04555,3,public_state,2024,Term1_Sep_Dec,28.3,0,40.2,12,39.0,5,HIGH
STU-04556,3,public_state,2024,Term3_Apr_Jul,10.5,0,59.6,1,31.3,2,MEDIUM
STU-04557,3,public_state,2023,Term1_Sep_Dec,23.7,0,68.1,5,77.8,1,MEDIUM
STU-04558,2,low_cost_private,2025,Term3_Apr_Jul,16.7,0,83.7,1,68.4,0,LOW
STU-04559,3,public_state,2023,Term2_Jan_Apr,16.4,0,68.1,1,30.1,3,MEDIUM
STU-04560,2,low_cost_private,2025,Term2_Jan_Apr,81.3,0,39.3,9,29.1,5,HIGH
STU-04561,1,elite_private,2024,Term1_Sep_Dec,10.4,0,81.3,3,74.1,0,LOW
STU-04562,2,low_cost_private,2023,Term3_Apr_Jul,19.9,0,87.4,0,75.6,0,LOW
STU-04563,3,public_state,2025,Term2_Jan_Apr,60,0,42.5,7,40.9,2,HIGH
STU-04564,1,elite_private,2023,Term2_Jan_Apr,0,1,99.2,1,80.5,0,LOW
STU-04565,2,low_cost_private,2024,Term1_Sep_Dec,28.9,0,51.1,11,56.2,1,MEDIUM
STU-04566,2,low_cost_private,2025,Term2_Jan_Apr,55.0,0,36.5,15,36.4,5,HIGH
STU-04567,2,low_cost_private,2025,Term3_Apr_Jul,25.8,0,70.5,0,61.5,0,LOW
STU-04568,3,public_state,2024,Term2_Jan_Apr,19.1,0,78.5,1,46.0,3,MEDIUM
STU-04569,3,public_state,2025,Term3_Apr_Jul,17.1,0,36.3,1,38.8,5,HIGH
STU-04570,1,elite_private,2024,Term1_Sep_Dec,0,1,100,0,89.5,0,LOW
STU-04571,3,public_state,2023,Term1_Sep_Dec,46.1,0,54.3,9,40.2,3,HIGH
STU-04572,1,elite_private,2023,Term3_Apr_Jul,0,1,99.2,1,95.3,0,LOW
STU-04573,2,low_cost_private,2023,Term3_Apr_Jul,66.3,0,49.3,8,39.7,6,HIGH
STU-04574,2,low_cost_private,2025,Term2_Jan_Apr,26.4,0,52.5,0,40.1,3,MEDIUM
STU-04575,1,elite_private,2025,Term2_Jan_Apr,9.5,0,79.4,0,60.0,2,LOW
STU-04576,1,elite_private,2023,Term1_Sep_Dec,0,1,99.2,1,91.5,0,LOW
STU-04577,3,public_state,2025,Term2_Jan_Apr,31.6,0,54.5,16,31.4,2,HIGH
STU-04578,2,low_cost_private,2025,Term3_Apr_Jul,58.3,0,47.4,7,39.4,4,HIGH
STU-04579,2,low_cost_private,2023,Term3_Apr_Jul,60.9,0,39.1,6,31.9,3,HIGH
STU-04580,3,public_state,2025,Term1_Sep_Dec,30.9,0,58.4,6,49.3,0,MEDIUM
STU-04581,1,elite_private,2023,Term2_Jan_Apr,14,0,,,,,WITHDRAWN
STU-04582,3,public_state,2024,Term1_Sep_Dec,60,0,48.3,10,47.4,4,HIGH
STU-04583,3,public_state,2023,Term3_Apr_Jul,60,0,50.1,6,33.6,5,HIGH
STU-04584,3,public_state,2025,Term2_Jan_Apr,26.1,0,68.9,7,31.4,3,HIGH
STU-04585,3,public_state,2023,Term1_Sep_Dec,19.5,0,77.0,0,41.9,4,MEDIUM
STU-04586,2,low_cost_private,2025,Term3_Apr_Jul,68.0,0,68.9,6,51.8,3,HIGH
STU-04587,3,public_state,2025,Term1_Sep_Dec,23.7,0,30.9,7,20,3,HIGH
STU-04588,3,public_state,2024,Term1_Sep_Dec,35.7,0,41.1,9,25.3,2,HIGH
STU-04589,3,public_state,2024,Term2_Jan_Apr,17.2,0,64.1,13,43.7,2,MEDIUM
STU-04590,1,elite_private,2024,Term1_Sep_Dec,0,1,99.7,0,91.8,0,LOW
STU-04591,1,elite_private,2025,Term2_Jan_Apr,0,1,100,0,98.2,0,LOW
STU-04592,2,low_cost_private,2025,Term2_Jan_Apr,26.0,0,66.1,4,46.2,0,MEDIUM
STU-04593,1,elite_private,2024,Term2_Jan_Apr,0,1,99.2,1,88.8,0,LOW
STU-04594,2,low_cost_private,2023,Term3_Apr_Jul,36.3,0,23.3,9,20.7,3,HIGH
STU-04595,1,elite_private,2024,Term3_Apr_Jul,0,1,99.2,1,95.2,0,LOW
STU-04596,3,public_state,2024,Term1_Sep_Dec,5,0,51.5,10,50.0,1,MEDIUM
STU-04597,1,elite_private,2024,Term3_Apr_Jul,0,1,98.4,2,81.0,0,LOW
STU-04598,2,low_cost_private,2024,Term1_Sep_Dec,32.8,0,35.4,8,33.1,2,HIGH
STU-04599,2,low_cost_private,2025,Term2_Jan_Apr,56.4,0,50.3,6,44.3,3,HIGH
STU-04600,2,low_cost_private,2024,Term2_Jan_Apr,62.7,0,62.5,0,43.3,3,MEDIUM
STU-04601,1,elite_private,2024,Term2_Jan_Apr,0,1,100,0,79.2,0,LOW
STU-04602,3,public_state,2023,Term2_Jan_Apr,6.6,0,87.5,2,76.9,0,LOW
STU-04603,2,low_cost_private,2023,Term3_Apr_Jul,24.8,0,40.5,9,34.9,3,HIGH
STU-04604,1,elite_private,2024,Term3_Apr_Jul,0,1,100,0,86.0,0,LOW
STU-04605,2,low_cost_private,2025,Term2_Jan_Apr,23.6,0,71.9,0,53.7,1,MEDIUM
STU-04606,3,public_state,2024,Term1_Sep_Dec,7.9,0,92.6,1,82.4,0,LOW
STU-04607,3,public_state,2025,Term2_Jan_Apr,15.0,0,50.7,0,20,4,MEDIUM
STU-04608,1,elite_private,2024,Term2_Jan_Apr,0,1,100,0,88.5,0,LOW
STU-04609,3,public_state,2024,Term3_Apr_Jul,60,0,60.3,1,20,6,HIGH
STU-04610,3,public_state,2025,Term1_Sep_Dec,8.8,0,48.5,3,28.3,2,MEDIUM
STU-04611,3,public_state,2025,Term1_Sep_Dec,54.1,0,52.3,0,41.2,2,MEDIUM
STU-04612,3,public_state,2023,Term2_Jan_Apr,14.6,0,35.2,0,35.8,4,MEDIUM
STU-04613,1,elite_private,2023,Term3_Apr_Jul,0,1,87.6,3,78.9,0,LOW
STU-04614,3,public_state,2023,Term2_Jan_Apr,41.3,0,40.6,10,37.0,4,HIGH
STU-04615,2,low_cost_private,2025,Term3_Apr_Jul,94.1,0,67.6,4,40.2,4,HIGH
STU-04616,2,low_cost_private,2024,Term2_Jan_Apr,65.3,0,56.9,5,45.6,3,HIGH
STU-04617,1,elite_private,2025,Term1_Sep_Dec,14,0,,,,,WITHDRAWN
STU-04618,3,public_state,2024,Term1_Sep_Dec,7.2,0,68.9,3,54.2,1,MEDIUM
STU-04619,2,low_cost_private,2025,Term3_Apr_Jul,28.1,0,35.9,8,67.7,0,MEDIUM
STU-04620,2,low_cost_private,2024,Term1_Sep_Dec,16.4,0,86.5,1,86.4,0,LOW
STU-04621,2,low_cost_private,2024,Term3_Apr_Jul,32.5,0,50.1,7,20,4,HIGH
STU-04622,2,low_cost_private,2023,Term2_Jan_Apr,20.2,0,87.9,0,82.8,0,LOW
STU-04623,1,elite_private,2023,Term2_Jan_Apr,5.0,0,72.3,6,71.7,0,LOW
STU-04624,2,low_cost_private,2023,Term3_Apr_Jul,18.1,0,65.6,0,38.2,4,MEDIUM
STU-04625,2,low_cost_private,2024,Term2_Jan_Apr,15.9,0,88.6,0,71.5,0,LOW
STU-04626,1,elite_private,2025,Term3_Apr_Jul,0,1,99.7,0,100,0,LOW
STU-04627,3,public_state,2024,Term3_Apr_Jul,0,1,57.1,2,25,5,MEDIUM
STU-04628,1,elite_private,2023,Term2_Jan_Apr,0,1,98.8,0,94.7,0,LOW
STU-04629,1,elite_private,2025,Term1_Sep_Dec,0,1,99.2,1,95.0,0,LOW
STU-04630,2,low_cost_private,2025,Term2_Jan_Apr,24.5,0,40.2,11,21.3,3,HIGH
STU-04631,2,low_cost_private,2023,Term2_Jan_Apr,36.9,0,44.4,12,66.8,1,MEDIUM
STU-04632,2,low_cost_private,2023,Term1_Sep_Dec,15.8,0,89.3,0,84.2,0,LOW
STU-04633,3,public_state,2025,Term3_Apr_Jul,49.3,0,61.9,0,20,4,MEDIUM
STU-04634,2,low_cost_private,2024,Term2_Jan_Apr,15.0,0,87.6,0,72.5,0,LOW
STU-04635,3,public_state,2023,Term3_Apr_Jul,18.1,0,48.3,13,66.1,0,MEDIUM
STU-04636,1,elite_private,2024,Term1_Sep_Dec,14,0,,,,,WITHDRAWN
STU-04637,2,low_cost_private,2023,Term2_Jan_Apr,38.0,0,51.3,13,60.4,0,MEDIUM
STU-04638,1,elite_private,2024,Term2_Jan_Apr,0,1,58.4,3,46.3,3,MEDIUM
STU-04639,2,low_cost_private,2024,Term2_Jan_Apr,19.2,0,86.7,0,88.7,0,LOW
STU-04640,3,public_state,2023,Term2_Jan_Apr,16.7,0,66.2,3,54.8,2,MEDIUM
STU-04641,3,public_state,2023,Term3_Apr_Jul,7.6,0,37.9,13,50.3,1,MEDIUM
STU-04642,3,public_state,2024,Term2_Jan_Apr,40.0,0,57.6,5,31.1,3,HIGH
STU-04643,2,low_cost_private,2024,Term1_Sep_Dec,114.5,0,52.0,4,38.5,3,HIGH
STU-04644,1,elite_private,2025,Term3_Apr_Jul,0,1,99.2,1,88.9,0,LOW
STU-04645,2,low_cost_private,2024,Term1_Sep_Dec,43.3,0,38.3,11,37.2,2,HIGH
STU-04646,2,low_cost_private,2023,Term3_Apr_Jul,19.5,0,40.0,8,60.1,0,MEDIUM
STU-04647,2,low_cost_private,2023,Term1_Sep_Dec,32.9,0,47.2,8,24.3,2,HIGH
STU-04648,2,low_cost_private,2023,Term3_Apr_Jul,31.1,0,52.5,5,36.5,5,HIGH
STU-04649,2,low_cost_private,2023,Term1_Sep_Dec,87.8,0,59.0,0,37.9,5,HIGH
STU-04650,2,low_cost_private,2024,Term3_Apr_Jul,26.2,0,43.4,12,42.5,3,HIGH
STU-04651,1,elite_private,2024,Term3_Apr_Jul,0,1,99.2,1,96.2,0,LOW
STU-04652,1,elite_private,2025,Term1_Sep_Dec,12.8,0,82.1,1,85,0,LOW
STU-04653,2,low_cost_private,2025,Term1_Sep_Dec,21.1,0,91.5,1,79.4,0,LOW
STU-04654,1,elite_private,2023,Term3_Apr_Jul,1.5,0,89.2,1,85,0,LOW
STU-04655,2,low_cost_private,2024,Term3_Apr_Jul,39.5,0,29.0,13,20,4,HIGH
STU-04656,1,elite_private,2025,Term1_Sep_Dec,0,1,100,0,88.6,0,LOW
STU-04657,3,public_state,2025,Term3_Apr_Jul,18.6,0,27.6,4,23.6,5,HIGH
STU-04658,3,public_state,2025,Term3_Apr_Jul,31.6,0,54.5,13,20,3,HIGH
STU-04659,2,low_cost_private,2024,Term3_Apr_Jul,34.5,0,31.9,4,20,4,HIGH
STU-04660,3,public_state,2025,Term3_Apr_Jul,5.4,0,82.5,0,73.4,0,LOW
STU-04661,3,public_state,2024,Term3_Apr_Jul,7.3,0,82.3,1,77.0,0,LOW
STU-04662,2,low_cost_private,2024,Term3_Apr_Jul,45.4,0,48.0,4,43.6,2,HIGH
STU-04663,3,public_state,2024,Term1_Sep_Dec,46.7,0,71.4,3,20,6,HIGH
STU-04664,1,elite_private,2024,Term2_Jan_Apr,6.8,0,88.4,2,67.9,0,LOW
STU-04665,3,public_state,2023,Term2_Jan_Apr,12.5,0,66.6,1,51.0,0,LOW
STU-04666,3,public_state,2023,Term1_Sep_Dec,8.2,0,90.9,2,60.5,0,LOW
STU-04667,3,public_state,2025,Term1_Sep_Dec,25.6,0,43.6,1,32.3,4,HIGH
STU-04668,2,low_cost_private,2024,Term2_Jan_Apr,15.0,0,91.2,1,78.7,0,LOW
STU-04669,2,low_cost_private,2025,Term3_Apr_Jul,18.7,0,84.3,1,91.9,0,LOW
STU-04670,2,low_cost_private,2025,Term1_Sep_Dec,46.9,0,48.2,1,32.8,5,HIGH
STU-04671,3,public_state,2024,Term1_Sep_Dec,56.9,0,42.8,10,24.9,6,HIGH
STU-04672,3,public_state,2025,Term1_Sep_Dec,18.8,0,67.1,1,58.0,2,MEDIUM
STU-04673,2,low_cost_private,2024,Term3_Apr_Jul,24.8,0,48.9,12,63.4,0,MEDIUM
STU-04674,3,public_state,2025,Term3_Apr_Jul,15.5,0,55.9,0,53.6,1,MEDIUM
STU-04675,3,public_state,2025,Term1_Sep_Dec,2.7,0,70.3,0,55.2,0,LOW
STU-04676,3,public_state,2024,Term2_Jan_Apr,13.9,0,52.9,11,20,3,HIGH
STU-04677,2,low_cost_private,2023,Term3_Apr_Jul,29.0,0,48.1,4,32.8,2,HIGH
STU-04678,1,elite_private,2025,Term2_Jan_Apr,0.1,0,78.0,0,62.7,0,LOW
STU-04679,3,public_state,2025,Term1_Sep_Dec,10.5,0,62.3,7,42.2,2,MEDIUM
STU-04680,1,elite_private,2023,Term1_Sep_Dec,0,1,99.2,1,95.6,0,LOW
STU-04681,3,public_state,2023,Term1_Sep_Dec,60,0,62.8,10,32.7,4,HIGH
STU-04682,3,public_state,2024,Term3_Apr_Jul,17.9,0,38.2,12,30.8,3,HIGH
STU-04683,1,elite_private,2023,Term3_Apr_Jul,0,1,100,0,86.4,0,LOW
STU-04684,3,public_state,2025,Term1_Sep_Dec,58.0,0,76.0,1,39.1,7,MEDIUM
STU-04685,2,low_cost_private,2025,Term3_Apr_Jul,18.8,0,82.7,1,68.7,0,LOW
STU-04686,3,public_state,2023,Term3_Apr_Jul,20.8,0,34.7,0,20,4,MEDIUM
STU-04687,1,elite_private,2024,Term1_Sep_Dec,0,1,97.6,3,92.6,0,LOW
STU-04688,3,public_state,2024,Term2_Jan_Apr,4.8,0,88.0,1,40.4,3,MEDIUM
STU-04689,2,low_cost_private,2024,Term3_Apr_Jul,20.4,0,85.3,0,83.8,0,LOW
STU-04690,2,low_cost_private,2025,Term2_Jan_Apr,42.1,0,54.8,4,35.7,6,HIGH
STU-04691,1,elite_private,2024,Term2_Jan_Apr,11.6,0,71.4,1,74.5,0,LOW
STU-04692,2,low_cost_private,2024,Term3_Apr_Jul,35.7,0,30.9,9,33.0,3,HIGH
STU-04693,3,public_state,2025,Term3_Apr_Jul,46.9,0,23.4,10,38.3,6,HIGH
STU-04694,2,low_cost_private,2025,Term3_Apr_Jul,20.8,0,40.3,2,55.5,1,MEDIUM
STU-04695,2,low_cost_private,2025,Term3_Apr_Jul,40.9,0,38.2,13,33.8,3,HIGH
STU-04696,3,public_state,2023,Term2_Jan_Apr,3.7,0,86.8,0,29.2,2,LOW
STU-04697,3,public_state,2024,Term3_Apr_Jul,6.0,0,84.4,0,78.2,0,LOW
STU-04698,3,public_state,2024,Term1_Sep_Dec,24.3,0,49.3,12,24.1,4,HIGH
STU-04699,1,elite_private,2023,Term1_Sep_Dec,4.5,0,72.2,4,82.3,0,LOW
STU-04700,2,low_cost_private,2023,Term2_Jan_Apr,53.3,0,37.1,6,39.4,6,HIGH
STU-04701,3,public_state,2024,Term1_Sep_Dec,18.7,0,62.9,10,41.7,4,HIGH
STU-04702,3,public_state,2023,Term1_Sep_Dec,22.5,0,61.1,5,55.7,1,MEDIUM
STU-04703,1,elite_private,2025,Term2_Jan_Apr,0,1,97.4,2,96.5,0,LOW
STU-04704,2,low_cost_private,2025,Term3_Apr_Jul,42.6,0,45.8,5,36.3,4,HIGH
STU-04705,1,elite_private,2024,Term1_Sep_Dec,0,1,99.2,1,98.5,0,LOW
STU-04706,2,low_cost_private,2023,Term2_Jan_Apr,49.4,0,65.6,0,48.6,3,MEDIUM
STU-04707,2,low_cost_private,2025,Term2_Jan_Apr,62.0,0,47.8,1,47.7,2,HIGH
STU-04708,2,low_cost_private,2024,Term1_Sep_Dec,56.4,0,44.9,6,43.8,2,HIGH
STU-04709,2,low_cost_private,2024,Term3_Apr_Jul,15.8,0,83.7,0,73.0,0,LOW
STU-04710,1,elite_private,2025,Term2_Jan_Apr,0,1,98.4,2,88.5,0,LOW
STU-04711,1,elite_private,2023,Term3_Apr_Jul,0,1,100,0,86.7,0,LOW
STU-04712,1,elite_private,2025,Term1_Sep_Dec,10.5,0,54.1,1,58.1,2,MEDIUM
STU-04713,2,low_cost_private,2025,Term1_Sep_Dec,35.2,0,51.2,1,47.7,3,MEDIUM
STU-04714,2,low_cost_private,2024,Term1_Sep_Dec,15.4,0,86.1,1,83.8,0,LOW
STU-04715,3,public_state,2025,Term1_Sep_Dec,15.6,0,62.5,1,53.3,3,MEDIUM
STU-04716,2,low_cost_private,2025,Term2_Jan_Apr,41.4,0,50.7,12,32.1,3,HIGH
STU-04717,2,low_cost_private,2025,Term2_Jan_Apr,15.7,0,91.6,0,80.9,0,LOW
STU-04718,1,elite_private,2023,Term3_Apr_Jul,10.7,0,75.8,1,60.7,0,LOW
STU-04719,3,public_state,2025,Term3_Apr_Jul,17.1,0,55.1,5,61.0,0,MEDIUM
STU-04720,2,low_cost_private,2024,Term2_Jan_Apr,56.7,0,53.0,12,31.7,4,HIGH
STU-04721,2,low_cost_private,2023,Term2_Jan_Apr,74.8,0,58.8,6,38.8,5,HIGH
STU-04722,2,low_cost_private,2025,Term1_Sep_Dec,16.6,0,88.8,0,85.1,0,LOW
STU-04723,2,low_cost_private,2025,Term1_Sep_Dec,105.8,0,55.5,2,36.4,5,HIGH
STU-04724,2,low_cost_private,2025,Term3_Apr_Jul,20.8,0,54.4,8,55.9,2,MEDIUM
STU-04725,3,public_state,2023,Term3_Apr_Jul,5.4,0,59.5,0,53.2,1,MEDIUM
STU-04726,2,low_cost_private,2024,Term1_Sep_Dec,69.8,0,32.2,11,64.5,2,HIGH
STU-04727,2,low_cost_private,2023,Term3_Apr_Jul,79.6,0,56.0,10,49.6,1,HIGH
STU-04728,2,low_cost_private,2024,Term1_Sep_Dec,49.6,0,50.1,15,35.1,6,HIGH
STU-04729,2,low_cost_private,2025,Term3_Apr_Jul,44.5,0,34.4,9,39.4,5,HIGH
STU-04730,3,public_state,2024,Term2_Jan_Apr,3.9,0,56.0,0,44.6,5,MEDIUM
STU-04731,1,elite_private,2023,Term3_Apr_Jul,14,0,,,,,WITHDRAWN
STU-04732,1,elite_private,2025,Term2_Jan_Apr,0,1,99.2,1,94.6,0,LOW
STU-04733,2,low_cost_private,2023,Term3_Apr_Jul,38.2,0,40.8,4,61.0,0,MEDIUM
STU-04734,1,elite_private,2023,Term1_Sep_Dec,0,1,100,0,84.0,0,LOW
STU-04735,3,public_state,2023,Term3_Apr_Jul,11.0,0,38.4,1,38.1,4,MEDIUM
STU-04736,2,low_cost_private,2024,Term3_Apr_Jul,33.5,0,54.4,0,44.9,3,MEDIUM
STU-04737,3,public_state,2024,Term2_Jan_Apr,21.8,0,76.4,7,25,2,MEDIUM
STU-04738,1,elite_private,2025,Term3_Apr_Jul,0,1,100,0,84.6,0,LOW
STU-04739,3,public_state,2025,Term3_Apr_Jul,5.5,0,46.6,13,35.1,2,HIGH
STU-04740,3,public_state,2024,Term3_Apr_Jul,22.2,0,31.3,9,20,2,HIGH
STU-04741,1,elite_private,2025,Term3_Apr_Jul,0,1,100,0,94.0,0,LOW
STU-04742,2,low_cost_private,2024,Term3_Apr_Jul,32.6,0,34.6,13,40.4,3,HIGH
STU-04743,2,low_cost_private,2024,Term1_Sep_Dec,38.3,0,46.8,5,27.4,5,HIGH
STU-04744,2,low_cost_private,2024,Term1_Sep_Dec,38.0,0,52.5,7,43.0,5,HIGH
STU-04745,2,low_cost_private,2025,Term3_Apr_Jul,26.6,0,51.0,0,29.5,4,MEDIUM
STU-04746,3,public_state,2024,Term1_Sep_Dec,12.2,0,77.4,7,46.9,2,MEDIUM
STU-04747,1,elite_private,2023,Term1_Sep_Dec,0,1,99.2,1,86.0,0,LOW
STU-04748,3,public_state,2025,Term3_Apr_Jul,40.0,0,59.2,13,34.3,2,HIGH
STU-04749,2,low_cost_private,2024,Term1_Sep_Dec,15.5,0,48.6,0,48.8,2,MEDIUM
STU-04750,3,public_state,2024,Term3_Apr_Jul,27.4,0,32.5,6,20,5,HIGH
STU-04751,1,elite_private,2024,Term1_Sep_Dec,0,1,100,0,93.6,0,LOW
STU-04752,2,low_cost_private,2025,Term1_Sep_Dec,43.3,0,48.5,0,41.7,3,MEDIUM
STU-04753,1,elite_private,2025,Term3_Apr_Jul,0,1,98.4,2,84.1,0,LOW
STU-04754,3,public_state,2023,Term3_Apr_Jul,15.2,0,35.8,3,20,2,HIGH
STU-04755,2,low_cost_private,2025,Term2_Jan_Apr,70.6,0,68.0,0,47.2,3,MEDIUM
STU-04756,2,low_cost_private,2024,Term3_Apr_Jul,26.4,0,53.6,9,22.1,4,HIGH
STU-04757,2,low_cost_private,2025,Term2_Jan_Apr,27.9,0,58.5,16,21.0,5,HIGH
STU-04758,2,low_cost_private,2023,Term3_Apr_Jul,53.0,0,50.5,12,41.8,1,HIGH
STU-04759,3,public_state,2025,Term1_Sep_Dec,7.7,0,55.3,0,20,3,MEDIUM
STU-04760,3,public_state,2025,Term3_Apr_Jul,20.9,0,55.3,0,33.0,3,MEDIUM
STU-04761,2,low_cost_private,2023,Term1_Sep_Dec,25.5,0,49.8,7,28.6,2,HIGH
STU-04762,3,public_state,2023,Term2_Jan_Apr,16.1,0,72.3,2,55.1,0,LOW
STU-04763,1,elite_private,2025,Term3_Apr_Jul,4.7,0,85.6,0,50.2,3,LOW
STU-04764,2,low_cost_private,2025,Term1_Sep_Dec,68.1,0,49.1,1,41.3,2,HIGH
STU-04765,1,elite_private,2025,Term3_Apr_Jul,0,1,79.2,1,69.2,1,LOW
STU-04766,3,public_state,2023,Term1_Sep_Dec,16.5,0,62.6,4,40.9,2,MEDIUM
STU-04767,2,low_cost_private,2024,Term1_Sep_Dec,30.3,0,53.6,0,52.6,1,MEDIUM
STU-04768,3,public_state,2023,Term1_Sep_Dec,28.1,0,59.9,1,30.9,2,MEDIUM
STU-04769,1,elite_private,2023,Term3_Apr_Jul,0,1,100,0,94.6,0,LOW
STU-04770,1,elite_private,2024,Term1_Sep_Dec,14,0,,,,,WITHDRAWN
STU-04771,3,public_state,2023,Term1_Sep_Dec,14.5,0,69.3,0,38.3,3,MEDIUM
STU-04772,3,public_state,2023,Term2_Jan_Apr,5.0,0,91.3,0,60,0,LOW
STU-04773,3,public_state,2024,Term1_Sep_Dec,25.2,0,63.1,0,45.3,2,MEDIUM
STU-04774,3,public_state,2025,Term2_Jan_Apr,12.2,0,64.0,0,29.4,2,MEDIUM
STU-04775,1,elite_private,2024,Term1_Sep_Dec,0,1,99.2,1,99.7,0,LOW
STU-04776,3,public_state,2023,Term1_Sep_Dec,11.6,0,65.5,1,44.2,2,MEDIUM
STU-04777,2,low_cost_private,2023,Term3_Apr_Jul,82.1,0,55.1,2,42.1,1,MEDIUM
STU-04778,1,elite_private,2024,Term2_Jan_Apr,0,1,98.5,1,90.5,0,LOW
STU-04779,3,public_state,2025,Term3_Apr_Jul,6.9,0,46.8,0,67.0,0,LOW
STU-04780,3,public_state,2025,Term2_Jan_Apr,24.0,0,49.9,0,45.9,1,MEDIUM
STU-04781,2,low_cost_private,2025,Term1_Sep_Dec,27.8,0,54.3,6,34.3,4,HIGH
STU-04782,3,public_state,2024,Term1_Sep_Dec,27.9,0,37.2,8,20,5,HIGH
STU-04783,2,low_cost_private,2024,Term3_Apr_Jul,26.5,0,35.6,6,51.5,1,MEDIUM
STU-04784,1,elite_private,2024,Term1_Sep_Dec,0,1,99.2,1,93.6,0,LOW
STU-04785,2,low_cost_private,2024,Term3_Apr_Jul,48.6,0,52.6,9,27.3,4,HIGH
STU-04786,1,elite_private,2025,Term2_Jan_Apr,0,1,98.4,2,94.5,0,LOW
STU-04787,1,elite_private,2024,Term3_Apr_Jul,14,0,,,,,WITHDRAWN
STU-04788,1,elite_private,2024,Term2_Jan_Apr,0.1,0,100,0,98.8,0,LOW
STU-04789,1,elite_private,2025,Term1_Sep_Dec,0,1,99.2,1,91.7,0,LOW
STU-04790,2,low_cost_private,2024,Term1_Sep_Dec,30.7,0,38.3,4,43.3,4,HIGH
STU-04791,1,elite_private,2023,Term1_Sep_Dec,14,0,,,,,WITHDRAWN
STU-04792,1,elite_private,2025,Term2_Jan_Apr,10.5,0,80.0,0,57.0,1,LOW
STU-04793,3,public_state,2024,Term2_Jan_Apr,16.9,0,39.8,7,32.5,4,HIGH
STU-04794,2,low_cost_private,2025,Term1_Sep_Dec,17.1,0,92.8,1,74.7,0,LOW
STU-04795,3,public_state,2024,Term3_Apr_Jul,26.2,0,36.1,1,39.1,4,HIGH
STU-04796,1,elite_private,2025,Term2_Jan_Apr,14,0,,,,,WITHDRAWN
STU-04797,3,public_state,2025,Term1_Sep_Dec,18.1,0,52.4,9,25.6,3,HIGH
STU-04798,1,elite_private,2025,Term1_Sep_Dec,11.2,0,89.2,1,78.3,0,LOW
STU-04799,2,low_cost_private,2024,Term1_Sep_Dec,18.1,0,87.6,0,67.6,0,LOW
STU-04800,3,public_state,2025,Term3_Apr_Jul,12.7,0,81.1,1,73.3,0,LOW
STU-04801,3,public_state,2024,Term2_Jan_Apr,20.1,0,44.0,3,20,4,HIGH
STU-04802,1,elite_private,2025,Term3_Apr_Jul,0,1,100,0,88.2,0,LOW
STU-04803,2,low_cost_private,2024,Term2_Jan_Apr,20.5,0,87.2,0,66.6,0,LOW
STU-04804,3,public_state,2025,Term1_Sep_Dec,0,1,50.7,1,20,5,MEDIUM
STU-04805,2,low_cost_private,2025,Term1_Sep_Dec,20.1,0,38.7,12,45.8,1,HIGH
STU-04806,3,public_state,2024,Term2_Jan_Apr,60,0,71.7,3,36.4,5,HIGH
STU-04807,2,low_cost_private,2024,Term3_Apr_Jul,79.9,0,38.1,13,56.4,0,HIGH
STU-04808,1,elite_private,2023,Term3_Apr_Jul,0,1,100,0,83.7,0,LOW
STU-04809,2,low_cost_private,2025,Term2_Jan_Apr,18.2,0,83.1,5,90.0,0,LOW
STU-04810,1,elite_private,2025,Term1_Sep_Dec,14,0,,,,,WITHDRAWN
STU-04811,1,elite_private,2025,Term1_Sep_Dec,14,0,,,,,WITHDRAWN
STU-04812,2,low_cost_private,2023,Term1_Sep_Dec,42.5,0,58.7,5,40.6,2,MEDIUM
STU-04813,1,elite_private,2025,Term2_Jan_Apr,0,1,100,0,91.5,0,LOW
STU-04814,3,public_state,2023,Term2_Jan_Apr,32.3,0,63.3,12,56.4,1,MEDIUM
STU-04815,3,public_state,2023,Term3_Apr_Jul,57.4,0,69.0,1,28.7,3,MEDIUM
STU-04816,1,elite_private,2025,Term1_Sep_Dec,0,1,100,0,89.3,0,LOW
STU-04817,2,low_cost_private,2023,Term3_Apr_Jul,12.1,0,55.0,0,25.4,3,MEDIUM
STU-04818,1,elite_private,2023,Term2_Jan_Apr,14,0,,,,,WITHDRAWN
STU-04819,2,low_cost_private,2024,Term2_Jan_Apr,28.9,0,40.5,1,34.8,4,HIGH
STU-04820,2,low_cost_private,2024,Term1_Sep_Dec,82.3,0,50.6,6,25.9,4,HIGH
STU-04821,3,public_state,2025,Term2_Jan_Apr,9.4,0,73.6,4,43.0,3,MEDIUM
STU-04822,2,low_cost_private,2023,Term1_Sep_Dec,59.0,0,37.6,4,32.6,4,HIGH
STU-04823,1,elite_private,2025,Term1_Sep_Dec,0,1,100,0,70.5,0,LOW
STU-04824,2,low_cost_private,2025,Term1_Sep_Dec,22.9,0,84.3,0,55.4,2,LOW
STU-04825,3,public_state,2023,Term1_Sep_Dec,11.4,0,65.3,1,46.3,3,MEDIUM
STU-04826,2,low_cost_private,2024,Term1_Sep_Dec,62.8,0,39.8,8,47.3,1,HIGH
STU-04827,3,public_state,2024,Term2_Jan_Apr,8.4,0,91.1,0,74.8,0,LOW
STU-04828,1,elite_private,2023,Term2_Jan_Apr,0,1,98.4,2,100,0,LOW
STU-04829,1,elite_private,2024,Term3_Apr_Jul,13.0,0,74.8,2,85,0,LOW
STU-04830,1,elite_private,2024,Term2_Jan_Apr,0,1,99.2,1,76.5,0,LOW
STU-04831,1,elite_private,2023,Term3_Apr_Jul,0,1,99.2,1,94.9,0,LOW
STU-04832,1,elite_private,2024,Term3_Apr_Jul,0,1,100,0,97.8,0,LOW
STU-04833,3,public_state,2025,Term3_Apr_Jul,15.7,0,31.6,7,41.8,3,HIGH
STU-04834,3,public_state,2025,Term3_Apr_Jul,17.8,0,52.3,0,50.1,3,MEDIUM
STU-04835,3,public_state,2023,Term2_Jan_Apr,4.5,0,88.7,2,79.6,0,LOW
STU-04836,2,low_cost_private,2023,Term3_Apr_Jul,16.9,0,50.3,0,61.5,0,LOW
STU-04837,3,public_state,2025,Term2_Jan_Apr,29.9,0,63.6,4,20.5,4,HIGH
STU-04838,3,public_state,2023,Term1_Sep_Dec,22.6,0,57.2,4,29.4,6,HIGH
STU-04839,2,low_cost_private,2025,Term2_Jan_Apr,15.9,0,89.8,1,79.7,0,LOW
STU-04840,1,elite_private,2023,Term2_Jan_Apr,14,0,,,,,WITHDRAWN
STU-04841,2,low_cost_private,2024,Term3_Apr_Jul,61.1,0,44.3,9,41.9,4,HIGH
STU-04842,3,public_state,2025,Term3_Apr_Jul,14.8,0,42.5,8,35.8,2,HIGH
STU-04843,2,low_cost_private,2023,Term1_Sep_Dec,5,0,37.4,14,26.4,3,HIGH
STU-04844,1,elite_private,2024,Term1_Sep_Dec,14,0,,,,,WITHDRAWN
STU-04845,2,low_cost_private,2025,Term2_Jan_Apr,16.2,0,64.4,0,20,3,MEDIUM
STU-04846,1,elite_private,2025,Term1_Sep_Dec,0,1,99.2,1,83.6,0,LOW
STU-04847,3,public_state,2024,Term2_Jan_Apr,27.6,0,69.2,0,58.1,2,LOW
STU-04848,1,elite_private,2025,Term3_Apr_Jul,14,0,,,,,WITHDRAWN
STU-04849,2,low_cost_private,2025,Term1_Sep_Dec,88.6,0,58.8,0,36.6,4,HIGH
STU-04850,1,elite_private,2025,Term2_Jan_Apr,14,0,,,,,WITHDRAWN
STU-04851,1,elite_private,2024,Term2_Jan_Apr,1.9,0,73.9,2,69.8,0,LOW
STU-04852,1,elite_private,2024,Term1_Sep_Dec,0,1,98.4,2,94.6,0,LOW
STU-04853,2,low_cost_private,2024,Term1_Sep_Dec,30.4,0,48.7,0,25.5,4,HIGH
STU-04854,2,low_cost_private,2024,Term3_Apr_Jul,25.0,0,39.1,11,53.2,2,HIGH
STU-04855,3,public_state,2023,Term1_Sep_Dec,10.4,0,69.7,1,64.8,0,LOW
STU-04856,2,low_cost_private,2023,Term3_Apr_Jul,34.6,0,53.1,13,48.7,0,MEDIUM
STU-04857,3,public_state,2024,Term3_Apr_Jul,3.4,0,79.5,2,60.7,0,LOW
STU-04858,1,elite_private,2024,Term2_Jan_Apr,0,1,100,0,96.0,0,LOW
STU-04859,1,elite_private,2023,Term2_Jan_Apr,7.1,0,86.0,5,80.1,0,LOW
STU-04860,2,low_cost_private,2023,Term1_Sep_Dec,50.6,0,67.8,9,47.2,4,HIGH
STU-04861,1,elite_private,2023,Term1_Sep_Dec,14,0,,,,,WITHDRAWN
STU-04862,3,public_state,2023,Term2_Jan_Apr,13.1,0,37.0,7,20,5,HIGH
STU-04863,2,low_cost_private,2025,Term1_Sep_Dec,16.1,0,90.1,0,73.8,0,LOW
STU-04864,3,public_state,2025,Term2_Jan_Apr,13.2,0,66.0,11,36.8,5,HIGH
STU-04865,2,low_cost_private,2025,Term2_Jan_Apr,23.0,0,47.2,9,41.7,4,HIGH
STU-04866,3,public_state,2025,Term1_Sep_Dec,15.3,0,56.2,3,43.4,3,MEDIUM
STU-04867,1,elite_private,2025,Term1_Sep_Dec,0,1,100,0,95.6,0,LOW
STU-04868,2,low_cost_private,2023,Term1_Sep_Dec,25.4,0,43.4,12,37.9,5,HIGH
STU-04869,1,elite_private,2024,Term2_Jan_Apr,0,1,100,0,87.1,0,LOW
STU-04870,2,low_cost_private,2023,Term2_Jan_Apr,46.1,0,48.9,8,39.8,5,HIGH
STU-04871,2,low_cost_private,2024,Term3_Apr_Jul,17.3,0,44.3,11,47.0,2,HIGH
STU-04872,1,elite_private,2025,Term2_Jan_Apr,0,1,96.5,1,92.1,0,LOW
STU-04873,3,public_state,2023,Term3_Apr_Jul,16.1,0,39.7,12,20,4,HIGH
STU-04874,2,low_cost_private,2025,Term1_Sep_Dec,24.1,0,66.3,0,31.2,4,MEDIUM
STU-04875,2,low_cost_private,2025,Term1_Sep_Dec,59.0,0,47.2,10,22.7,4,HIGH
STU-04876,2,low_cost_private,2024,Term2_Jan_Apr,45.2,0,37.6,5,25.3,4,HIGH
STU-04877,2,low_cost_private,2025,Term1_Sep_Dec,11.7,0,66.4,0,60.4,2,LOW
STU-04878,1,elite_private,2024,Term1_Sep_Dec,0,1,98.4,2,97.1,0,LOW
STU-04879,3,public_state,2025,Term1_Sep_Dec,38.6,0,26.7,14,20,5,HIGH
STU-04880,3,public_state,2025,Term1_Sep_Dec,7.4,0,91.4,0,78.1,0,LOW
STU-04881,2,low_cost_private,2025,Term3_Apr_Jul,34.0,0,44.0,13,20,4,HIGH
STU-04882,1,elite_private,2025,Term3_Apr_Jul,0.3,0,98.4,2,85.2,0,LOW
STU-04883,1,elite_private,2025,Term2_Jan_Apr,0,1,100,0,95.3,0,LOW
STU-04884,1,elite_private,2023,Term2_Jan_Apr,0,1,100,0,81.7,0,LOW
STU-04885,3,public_state,2024,Term1_Sep_Dec,4.0,0,52.8,10,26.7,4,HIGH
STU-04886,3,public_state,2025,Term3_Apr_Jul,15.8,0,39.0,13,48.0,2,HIGH
STU-04887,3,public_state,2024,Term1_Sep_Dec,49.7,0,64.9,4,53.0,2,MEDIUM
STU-04888,2,low_cost_private,2024,Term2_Jan_Apr,35.8,0,37.8,4,20,4,HIGH
STU-04889,2,low_cost_private,2023,Term3_Apr_Jul,52.4,0,45.5,8,26.8,4,HIGH
STU-04890,1,elite_private,2023,Term2_Jan_Apr,0,1,100,0,90.2,0,LOW
STU-04891,2,low_cost_private,2025,Term1_Sep_Dec,17.8,0,90.2,0,69.9,0,LOW
STU-04892,3,public_state,2024,Term3_Apr_Jul,4.3,0,45.3,1,33.7,3,MEDIUM
STU-04893,3,public_state,2024,Term2_Jan_Apr,22.9,0,46.0,9,30.5,6,HIGH
STU-04894,3,public_state,2024,Term2_Jan_Apr,22.1,0,72.2,0,45.3,1,MEDIUM
STU-04895,3,public_state,2024,Term3_Apr_Jul,19.4,0,56.0,3,37.7,2,MEDIUM
STU-04896,2,low_cost_private,2023,Term2_Jan_Apr,69.6,0,45.8,8,55.3,0,HIGH
STU-04897,2,low_cost_private,2025,Term2_Jan_Apr,62.4,0,62.8,11,37.8,4,HIGH
STU-04898,1,elite_private,2024,Term2_Jan_Apr,0,1,99.2,1,95.3,0,LOW
STU-04899,3,public_state,2023,Term1_Sep_Dec,28.2,0,63.1,3,30.5,3,HIGH
STU-04900,2,low_cost_private,2023,Term2_Jan_Apr,44.4,0,59.8,14,50.1,2,HIGH
STU-04901,2,low_cost_private,2025,Term2_Jan_Apr,17.4,0,64.5,1,41.9,3,MEDIUM
STU-04902,2,low_cost_private,2023,Term3_Apr_Jul,44.9,0,61.4,13,45.6,3,HIGH
STU-04903,3,public_state,2023,Term3_Apr_Jul,12.7,0,27.6,3,25.7,3,HIGH
STU-04904,3,public_state,2025,Term3_Apr_Jul,6.5,0,80.0,0,79.8,0,LOW
STU-04905,1,elite_private,2024,Term1_Sep_Dec,0,1,99.2,1,84.8,0,LOW
STU-04906,3,public_state,2024,Term1_Sep_Dec,28.9,0,71.0,13,56.8,3,MEDIUM
STU-04907,1,elite_private,2025,Term3_Apr_Jul,0,1,99.2,1,91.5,0,LOW
STU-04908,2,low_cost_private,2024,Term1_Sep_Dec,67.7,0,59.7,10,30.2,4,HIGH
STU-04909,2,low_cost_private,2025,Term3_Apr_Jul,31.3,0,39.0,8,20,5,HIGH
STU-04910,1,elite_private,2025,Term2_Jan_Apr,0,1,72.6,1,60.1,0,LOW
STU-04911,2,low_cost_private,2023,Term2_Jan_Apr,19.3,0,66.7,0,33.6,3,MEDIUM
STU-04912,1,elite_private,2025,Term2_Jan_Apr,0,1,100,0,100,0,LOW
STU-04913,3,public_state,2023,Term3_Apr_Jul,46.1,0,57.7,10,43.4,3,HIGH
STU-04914,1,elite_private,2023,Term1_Sep_Dec,0,1,100,0,100,0,LOW
STU-04915,3,public_state,2023,Term2_Jan_Apr,28.3,0,19.8,3,20,4,HIGH
STU-04916,2,low_cost_private,2023,Term1_Sep_Dec,12.5,0,90.7,1,66.4,0,LOW
STU-04917,2,low_cost_private,2023,Term2_Jan_Apr,73.2,0,70.2,8,40.5,3,HIGH
STU-04918,3,public_state,2023,Term3_Apr_Jul,20.1,0,52.0,3,39.3,3,HIGH
STU-04919,1,elite_private,2025,Term3_Apr_Jul,14,0,,,,,WITHDRAWN
STU-04920,1,elite_private,2025,Term1_Sep_Dec,0.0,0,87.6,0,65.2,0,LOW
STU-04921,1,elite_private,2024,Term1_Sep_Dec,8.4,0,84.6,1,43.0,4,MEDIUM
STU-04922,2,low_cost_private,2023,Term3_Apr_Jul,73.7,0,39.5,5,46.2,3,HIGH
STU-04923,3,public_state,2025,Term3_Apr_Jul,25.0,0,52.3,2,65.8,0,LOW
STU-04924,2,low_cost_private,2023,Term3_Apr_Jul,33.8,0,42.1,13,39.9,6,HIGH
STU-04925,2,low_cost_private,2023,Term1_Sep_Dec,17.8,0,86.8,1,76.7,0,LOW
STU-04926,2,low_cost_private,2024,Term1_Sep_Dec,11.7,0,49.5,4,46.5,2,MEDIUM
STU-04927,1,elite_private,2023,Term1_Sep_Dec,0,1,99.2,1,82.8,0,LOW
STU-04928,3,public_state,2023,Term1_Sep_Dec,0,1,68.4,3,31.5,4,MEDIUM
STU-04929,3,public_state,2024,Term2_Jan_Apr,3.9,0,90.8,0,68.2,0,LOW
STU-04930,3,public_state,2024,Term1_Sep_Dec,17.5,0,65.3,1,64.4,0,LOW
STU-04931,1,elite_private,2023,Term3_Apr_Jul,0,1,100,0,87.5,0,LOW
STU-04932,2,low_cost_private,2023,Term1_Sep_Dec,19.2,0,89.7,0,75.0,0,LOW
STU-04933,2,low_cost_private,2025,Term3_Apr_Jul,41.9,0,20.1,10,20,2,HIGH
STU-04934,2,low_cost_private,2025,Term3_Apr_Jul,18.0,0,82.3,2,75.2,0,LOW
STU-04935,3,public_state,2023,Term3_Apr_Jul,8.0,0,80.4,0,64.3,0,LOW
STU-04936,2,low_cost_private,2023,Term3_Apr_Jul,35.3,0,46.8,13,44.9,2,HIGH
STU-04937,1,elite_private,2024,Term3_Apr_Jul,0,1,100,0,93.7,0,LOW
STU-04938,2,low_cost_private,2024,Term3_Apr_Jul,18.0,0,60.8,13,49.0,1,MEDIUM
STU-04939,2,low_cost_private,2023,Term3_Apr_Jul,74.8,0,68.5,0,58.1,0,MEDIUM
STU-04940,2,low_cost_private,2025,Term3_Apr_Jul,2.1,0,63.3,0,36.4,3,MEDIUM
STU-04941,1,elite_private,2024,Term2_Jan_Apr,0,1,100,0,93.7,0,LOW
STU-04942,3,public_state,2025,Term1_Sep_Dec,60,0,41.6,1,29.0,4,HIGH
STU-04943,1,elite_private,2025,Term3_Apr_Jul,0,1,99.2,1,93.6,0,LOW
STU-04944,1,elite_private,2024,Term2_Jan_Apr,0,1,100,0,83.2,0,LOW
STU-04945,2,low_cost_private,2025,Term2_Jan_Apr,66.0,0,69.2,0,40.2,2,MEDIUM
STU-04946,2,low_cost_private,2025,Term1_Sep_Dec,19.4,0,88.9,0,72.7,0,LOW
STU-04947,3,public_state,2025,Term3_Apr_Jul,16.3,0,39.1,4,20,2,HIGH
STU-04948,2,low_cost_private,2023,Term1_Sep_Dec,17.2,0,92.5,0,74.8,0,LOW
STU-04949,2,low_cost_private,2023,Term3_Apr_Jul,46.7,0,28.1,1,38.9,5,HIGH
STU-04950,3,public_state,2025,Term2_Jan_Apr,18.2,0,62.2,5,49.7,2,MEDIUM
STU-04951,1,elite_private,2023,Term1_Sep_Dec,0,1,100,0,100,0,LOW
STU-04952,3,public_state,2023,Term3_Apr_Jul,6.3,0,44.4,2,31.7,4,MEDIUM
STU-04953,2,low_cost_private,2024,Term1_Sep_Dec,60.2,0,63.6,8,53.7,4,HIGH
STU-04954,1,elite_private,2025,Term3_Apr_Jul,10.7,0,85.4,5,62.7,2,LOW
STU-04955,1,elite_private,2023,Term1_Sep_Dec,0,1,100,0,92.0,0,LOW
STU-04956,3,public_state,2023,Term3_Apr_Jul,50.0,0,39.2,10,28.4,5,HIGH
STU-04957,1,elite_private,2024,Term1_Sep_Dec,3.6,0,62.7,1,75.7,0,LOW
STU-04958,2,low_cost_private,2023,Term1_Sep_Dec,16.6,0,87.6,0,76.0,0,LOW
STU-04959,3,public_state,2024,Term2_Jan_Apr,10.1,0,73.3,1,45.2,2,MEDIUM
STU-04960,2,low_cost_private,2023,Term2_Jan_Apr,5,0,40.7,16,51.4,3,HIGH
STU-04961,2,low_cost_private,2025,Term3_Apr_Jul,30.4,0,48.6,6,21.1,2,HIGH
STU-04962,2,low_cost_private,2025,Term1_Sep_Dec,25.9,0,66.7,14,24.1,4,HIGH
STU-04963,1,elite_private,2024,Term1_Sep_Dec,3.6,0,76.4,1,60.3,0,LOW
STU-04964,1,elite_private,2025,Term2_Jan_Apr,0,1,99.2,1,89.5,0,LOW
STU-04965,3,public_state,2024,Term1_Sep_Dec,14.3,0,50.5,14,34.1,2,HIGH
STU-04966,2,low_cost_private,2023,Term2_Jan_Apr,35.9,0,47.0,9,37.1,5,HIGH
STU-04967,2,low_cost_private,2025,Term1_Sep_Dec,37.5,0,55.1,1,40.2,3,MEDIUM
STU-04968,3,public_state,2024,Term2_Jan_Apr,13.6,0,60.0,1,44.7,3,MEDIUM
STU-04969,1,elite_private,2023,Term1_Sep_Dec,0,1,100,0,87.9,0,LOW
STU-04970,1,elite_private,2024,Term1_Sep_Dec,9.0,0,74.1,4,67.2,0,LOW
STU-04971,3,public_state,2023,Term1_Sep_Dec,27.7,0,62.5,0,29.4,3,MEDIUM
STU-04972,2,low_cost_private,2023,Term3_Apr_Jul,35.5,0,60.1,0,50.4,1,MEDIUM
STU-04973,2,low_cost_private,2025,Term2_Jan_Apr,16.6,0,66.2,0,80.8,0,LOW
STU-04974,2,low_cost_private,2023,Term2_Jan_Apr,19.4,0,85.9,1,86.6,0,LOW
STU-04975,2,low_cost_private,2025,Term1_Sep_Dec,33.0,0,44.1,9,46.0,2,HIGH
STU-04976,1,elite_private,2025,Term1_Sep_Dec,4.5,0,73.8,4,76.6,0,LOW
STU-04977,3,public_state,2023,Term2_Jan_Apr,17.8,0,74.7,10,70.4,0,MEDIUM
STU-04978,2,low_cost_private,2023,Term1_Sep_Dec,40.3,0,52.8,3,35.5,4,HIGH
STU-04979,3,public_state,2025,Term3_Apr_Jul,36.0,0,24.3,9,20,3,HIGH
STU-04980,1,elite_private,2025,Term3_Apr_Jul,0,1,99.1,1,96.2,0,LOW
STU-04981,1,elite_private,2023,Term3_Apr_Jul,0,1,74.1,4,45.0,3,MEDIUM
STU-04982,1,elite_private,2025,Term1_Sep_Dec,13.2,0,69.1,2,78.2,0,LOW
STU-04983,2,low_cost_private,2024,Term1_Sep_Dec,16.4,0,91.0,1,65.0,0,LOW
STU-04984,1,elite_private,2025,Term3_Apr_Jul,0.8,0,100,0,94.0,0,LOW
STU-04985,2,low_cost_private,2023,Term1_Sep_Dec,44.5,0,47.2,13,34.3,4,HIGH
STU-04986,3,public_state,2024,Term2_Jan_Apr,18.8,0,62.8,0,32.2,4,MEDIUM
STU-04987,1,elite_private,2025,Term3_Apr_Jul,0,1,99.2,1,84.5,0,LOW
STU-04988,3,public_state,2024,Term2_Jan_Apr,11.8,0,52.1,8,22.7,5,HIGH
STU-04989,2,low_cost_private,2023,Term3_Apr_Jul,62.5,0,49.6,11,20,4,HIGH
STU-04990,1,elite_private,2024,Term1_Sep_Dec,0,1,98.4,1,87.4,0,LOW
STU-04991,3,public_state,2024,Term3_Apr_Jul,15.2,0,36.8,5,40.9,3,HIGH
STU-04992,1,elite_private,2023,Term1_Sep_Dec,0,1,100,0,99.4,0,LOW
STU-04993,2,low_cost_private,2025,Term1_Sep_Dec,69.3,0,43.2,9,35.3,4,HIGH
STU-04994,2,low_cost_private,2025,Term3_Apr_Jul,65.6,0,46.0,4,28.1,5,HIGH
STU-04995,2,low_cost_private,2025,Term1_Sep_Dec,100.9,0,48.4,4,44.2,2,HIGH
STU-04996,1,elite_private,2023,Term2_Jan_Apr,0,1,99.2,1,94.4,0,LOW
STU-04997,3,public_state,2023,Term3_Apr_Jul,8.7,0,45.5,7,34.8,2,HIGH
STU-04998,2,low_cost_private,2023,Term1_Sep_Dec,35.3,0,33.1,8,43.9,4,HIGH
STU-04999,2,low_cost_private,2024,Term1_Sep_Dec,53.4,0,49.4,9,20.1,4,HIGH
STU-05000,2,low_cost_private,2024,Term2_Jan_Apr,24.0,0,52.8,7,42.2,3,HIGH
STU-05001,3,public_state,2025,Term1_Sep_Dec,31.1,0,52.1,7,33.8,5,HIGH
STU-05002,3,public_state,2024,Term1_Sep_Dec,39.2,0,63.7,9,33.4,5,HIGH
STU-05003,1,elite_private,2024,Term3_Apr_Jul,0,1,99.2,1,95.2,0,LOW
STU-05004,1,elite_private,2023,Term1_Sep_Dec,0,1,96.6,2,93.2,0,LOW
STU-05005,2,low_cost_private,2023,Term1_Sep_Dec,14.3,0,89.6,0,88.5,0,LOW
STU-05006,2,low_cost_private,2024,Term3_Apr_Jul,53.3,0,63.4,2,38.7,5,HIGH
STU-05007,2,low_cost_private,2024,Term3_Apr_Jul,25.8,0,65.7,8,38.7,2,MEDIUM
STU-05008,1,elite_private,2024,Term3_Apr_Jul,0,1,99.2,1,92.1,0,LOW
STU-05009,1,elite_private,2024,Term1_Sep_Dec,0,1,100,0,89.5,0,LOW
STU-05010,2,low_cost_private,2024,Term2_Jan_Apr,40.5,0,40.2,11,35.2,5,HIGH
STU-05011,1,elite_private,2025,Term3_Apr_Jul,0,1,99.2,1,88.7,0,LOW
STU-05012,2,low_cost_private,2023,Term1_Sep_Dec,37.1,0,61.1,0,63.2,0,MEDIUM
STU-05013,1,elite_private,2025,Term2_Jan_Apr,1.9,0,100,0,96.5,0,LOW
STU-05014,3,public_state,2024,Term2_Jan_Apr,7.0,0,87.0,2,70.3,0,LOW
STU-05015,1,elite_private,2024,Term3_Apr_Jul,0,1,99.2,1,92.7,0,LOW
STU-05016,1,elite_private,2023,Term2_Jan_Apr,5.2,0,88.4,2,70.0,0,LOW
STU-05017,3,public_state,2023,Term2_Jan_Apr,7.1,0,88.3,0,63.7,0,LOW
STU-05018,3,public_state,2024,Term3_Apr_Jul,27.6,0,46.0,3,27.1,4,HIGH
STU-05019,2,low_cost_private,2023,Term3_Apr_Jul,44.4,0,67.1,9,52.6,2,MEDIUM
STU-05020,3,public_state,2024,Term1_Sep_Dec,39.4,0,57.8,2,48.7,2,MEDIUM
STU-05021,2,low_cost_private,2024,Term2_Jan_Apr,48.3,0,54.4,4,40.8,5,HIGH
STU-05022,3,public_state,2024,Term1_Sep_Dec,20.6,0,28.0,12,21.3,4,HIGH
STU-05023,1,elite_private,2024,Term1_Sep_Dec,0,1,98.4,2,85.9,0,LOW
STU-05024,2,low_cost_private,2024,Term3_Apr_Jul,35.2,0,44.4,9,55.2,1,HIGH
STU-05025,1,elite_private,2024,Term1_Sep_Dec,8.8,0,79.7,5,65.7,0,LOW
STU-05026,3,public_state,2023,Term3_Apr_Jul,23.7,0,45.1,8,28.4,3,HIGH
STU-05027,2,low_cost_private,2024,Term1_Sep_Dec,44.0,0,41.4,12,38.7,4,HIGH
STU-05028,2,low_cost_private,2025,Term2_Jan_Apr,80.4,0,66.2,8,41.7,2,HIGH
STU-05029,2,low_cost_private,2025,Term3_Apr_Jul,45.1,0,45.0,10,39.5,3,HIGH
STU-05030,3,public_state,2024,Term3_Apr_Jul,30.9,0,63.0,3,40.5,3,HIGH
STU-05031,3,public_state,2025,Term3_Apr_Jul,16.7,0,37.2,10,24.5,4,HIGH
STU-05032,1,elite_private,2024,Term2_Jan_Apr,0,1,100,0,88.4,0,LOW
STU-05033,3,public_state,2025,Term3_Apr_Jul,11.9,0,51.8,1,59.0,3,MEDIUM
STU-05034,3,public_state,2025,Term2_Jan_Apr,24.0,0,71.6,4,69.4,0,LOW
STU-05035,1,elite_private,2025,Term3_Apr_Jul,0,1,96.5,0,92.2,0,LOW
STU-05036,1,elite_private,2025,Term2_Jan_Apr,11.1,0,69.7,3,53.0,1,MEDIUM
STU-05037,3,public_state,2023,Term2_Jan_Apr,10.9,0,53.3,0,56.9,2,LOW
STU-05038,1,elite_private,2023,Term1_Sep_Dec,7.5,0,75.3,3,76.9,1,LOW
STU-05039,3,public_state,2024,Term2_Jan_Apr,7.4,0,69.9,1,25,2,MEDIUM
STU-05040,2,low_cost_private,2024,Term1_Sep_Dec,58.3,0,39.4,9,48.6,2,HIGH
STU-05041,3,public_state,2024,Term2_Jan_Apr,19.0,0,35.8,1,32.0,4,HIGH
STU-05042,2,low_cost_private,2024,Term3_Apr_Jul,37.2,0,35.6,4,20,2,HIGH
STU-05043,1,elite_private,2024,Term1_Sep_Dec,0,1,100,0,97.7,0,LOW
STU-05044,1,elite_private,2023,Term1_Sep_Dec,14,0,,,,,WITHDRAWN
STU-05045,3,public_state,2023,Term2_Jan_Apr,5.4,0,80.6,0,56.6,2,LOW
STU-05046,1,elite_private,2023,Term1_Sep_Dec,0,1,100,0,86.2,0,LOW
STU-05047,2,low_cost_private,2025,Term1_Sep_Dec,34.1,0,60.3,4,45.4,2,MEDIUM
STU-05048,2,low_cost_private,2025,Term2_Jan_Apr,106.5,0,51.5,2,34.6,5,HIGH
STU-05049,2,low_cost_private,2023,Term3_Apr_Jul,13.5,0,64.1,12,55.0,2,MEDIUM
STU-05050,1,elite_private,2023,Term1_Sep_Dec,10.8,0,60.1,1,41.7,3,MEDIUM
STU-05051,2,low_cost_private,2023,Term3_Apr_Jul,39.1,0,46.9,11,20,3,HIGH
STU-05052,3,public_state,2023,Term3_Apr_Jul,41.2,0,35.1,8,35.3,3,HIGH
STU-05053,3,public_state,2025,Term1_Sep_Dec,13.6,0,62.6,5,44.5,2,MEDIUM
STU-05054,2,low_cost_private,2025,Term1_Sep_Dec,54.2,0,62.7,0,46.1,1,MEDIUM
STU-05055,2,low_cost_private,2024,Term3_Apr_Jul,37.0,0,42.3,8,35.4,3,HIGH
STU-05056,3,public_state,2023,Term3_Apr_Jul,23.6,0,49.8,7,33.3,3,HIGH
STU-05057,3,public_state,2023,Term2_Jan_Apr,21.0,0,67.2,12,25,2,MEDIUM
STU-05058,2,low_cost_private,2023,Term2_Jan_Apr,27.0,0,37.9,0,68.0,0,LOW
STU-05059,1,elite_private,2023,Term1_Sep_Dec,14,0,,,,,WITHDRAWN
STU-05060,3,public_state,2024,Term2_Jan_Apr,24.3,0,57.5,7,43.3,5,HIGH
STU-05061,3,public_state,2024,Term3_Apr_Jul,18.1,0,42.8,12,20,3,HIGH
STU-05062,3,public_state,2023,Term2_Jan_Apr,53.9,0,72.8,8,42.5,2,MEDIUM
STU-05063,2,low_cost_private,2024,Term2_Jan_Apr,52.6,0,37.4,10,48.6,3,HIGH
STU-05064,2,low_cost_private,2023,Term3_Apr_Jul,25.0,0,48.9,6,31.1,3,HIGH
STU-05065,2,low_cost_private,2023,Term1_Sep_Dec,35.6,0,71.5,1,65.5,0,LOW
STU-05066,3,public_state,2024,Term1_Sep_Dec,19.1,0,37.0,7,20,3,HIGH
STU-05067,2,low_cost_private,2024,Term3_Apr_Jul,22.9,0,40.7,2,23.0,3,HIGH
STU-05068,1,elite_private,2024,Term3_Apr_Jul,0,1,99.2,1,96.5,0,LOW
STU-05069,3,public_state,2023,Term2_Jan_Apr,9.6,0,76.3,6,40.1,3,MEDIUM
STU-05070,2,low_cost_private,2025,Term3_Apr_Jul,64.6,0,52.3,2,36.8,4,HIGH
STU-05071,1,elite_private,2025,Term3_Apr_Jul,0,1,100,0,89.3,0,LOW
STU-05072,1,elite_private,2024,Term3_Apr_Jul,14,0,,,,,WITHDRAWN
STU-05073,3,public_state,2024,Term2_Jan_Apr,37.2,0,30.7,6,20,3,HIGH
STU-05074,3,public_state,2024,Term2_Jan_Apr,60,0,42.3,11,58.7,0,MEDIUM
STU-05075,2,low_cost_private,2023,Term2_Jan_Apr,59.8,0,66.5,2,28.6,6,HIGH
STU-05076,3,public_state,2025,Term2_Jan_Apr,19.7,0,60.6,3,45.4,1,MEDIUM
STU-05077,2,low_cost_private,2025,Term1_Sep_Dec,31.8,0,64.9,0,53.9,1,MEDIUM
STU-05078,1,elite_private,2025,Term1_Sep_Dec,14,0,,,,,WITHDRAWN
STU-05079,2,low_cost_private,2023,Term2_Jan_Apr,30.9,0,38.7,15,34.0,4,HIGH
STU-05080,3,public_state,2024,Term1_Sep_Dec,38.4,0,36.1,5,20,4,HIGH
STU-05081,1,elite_private,2025,Term2_Jan_Apr,0,1,100,0,87.9,0,LOW
STU-05082,3,public_state,2024,Term2_Jan_Apr,17.3,0,65.1,1,51.9,1,MEDIUM
STU-05083,1,elite_private,2025,Term3_Apr_Jul,0,1,99.2,1,89.1,0,LOW
STU-05084,1,elite_private,2025,Term2_Jan_Apr,0,1,99.2,1,92.5,0,LOW
STU-05085,1,elite_private,2024,Term3_Apr_Jul,11.8,0,40.6,1,53.5,2,MEDIUM
STU-05086,3,public_state,2024,Term1_Sep_Dec,43.2,0,65.3,1,26.8,3,MEDIUM
STU-05087,1,elite_private,2025,Term3_Apr_Jul,0,1,98.2,0,93.5,0,LOW
STU-05088,1,elite_private,2025,Term1_Sep_Dec,14,0,,,,,WITHDRAWN
STU-05089,2,low_cost_private,2023,Term3_Apr_Jul,43.8,0,63.4,5,33.1,3,HIGH
STU-05090,3,public_state,2023,Term3_Apr_Jul,23.8,0,65.3,0,20,3,MEDIUM
STU-05091,2,low_cost_private,2025,Term1_Sep_Dec,18.9,0,85.2,1,65.2,0,LOW
STU-05092,2,low_cost_private,2024,Term2_Jan_Apr,44.2,0,35.9,6,23.6,3,HIGH
STU-05093,2,low_cost_private,2025,Term3_Apr_Jul,34.9,0,52.6,6,51.8,1,MEDIUM
STU-05094,3,public_state,2023,Term1_Sep_Dec,31.8,0,56.6,6,43.8,3,HIGH
STU-05095,1,elite_private,2024,Term3_Apr_Jul,6.0,0,89.2,1,85,0,LOW
STU-05096,3,public_state,2023,Term1_Sep_Dec,21.6,0,36.6,10,26.7,5,HIGH
STU-05097,1,elite_private,2025,Term2_Jan_Apr,11.4,0,73.1,2,38.1,3,MEDIUM
STU-05098,3,public_state,2025,Term1_Sep_Dec,18.0,0,53.1,11,30.5,4,HIGH
STU-05099,3,public_state,2025,Term3_Apr_Jul,32.2,0,30.6,6,39.8,3,HIGH
STU-05100,1,elite_private,2023,Term2_Jan_Apr,0,1,96.8,2,75.8,0,LOW
STU-05101,1,elite_private,2023,Term1_Sep_Dec,0,1,100,0,89.5,0,LOW
STU-05102,1,elite_private,2025,Term3_Apr_Jul,0,1,72.2,3,85,0,LOW
STU-05103,1,elite_private,2024,Term3_Apr_Jul,0,1,99.2,1,89.0,0,LOW
STU-05104,1,elite_private,2024,Term2_Jan_Apr,0,1,97.9,1,100,0,LOW
STU-05105,1,elite_private,2024,Term3_Apr_Jul,9.6,0,87.6,3,56.1,2,LOW
STU-05106,2,low_cost_private,2024,Term2_Jan_Apr,74.3,0,39.4,7,52.0,4,HIGH
STU-05107,1,elite_private,2024,Term2_Jan_Apr,0,1,97.6,3,83.5,0,LOW
STU-05108,3,public_state,2023,Term2_Jan_Apr,5.3,0,93.8,1,68.7,0,LOW
STU-05109,3,public_state,2024,Term3_Apr_Jul,15.3,0,52.3,9,50.0,1,MEDIUM
STU-05110,3,public_state,2025,Term2_Jan_Apr,21.9,0,66.2,0,74.5,0,LOW
STU-05111,2,low_cost_private,2024,Term2_Jan_Apr,76.8,0,44.5,4,53.5,2,HIGH
STU-05112,1,elite_private,2024,Term2_Jan_Apr,14,0,,,,,WITHDRAWN
STU-05113,3,public_state,2023,Term2_Jan_Apr,6.8,0,91.9,0,61.9,0,LOW
STU-05114,2,low_cost_private,2023,Term2_Jan_Apr,67.9,0,54.1,12,53.3,2,HIGH
STU-05115,3,public_state,2025,Term2_Jan_Apr,12.8,0,62.8,0,20,3,MEDIUM
STU-05116,3,public_state,2025,Term1_Sep_Dec,22.0,0,41.2,8,32.7,4,HIGH
STU-05117,1,elite_private,2023,Term3_Apr_Jul,0,1,99.2,1,94.4,0,LOW
STU-05118,2,low_cost_private,2025,Term3_Apr_Jul,63.1,0,50.0,0,32.7,6,HIGH
STU-05119,2,low_cost_private,2025,Term2_Jan_Apr,18.7,0,85.7,2,76.0,0,LOW
STU-05120,2,low_cost_private,2023,Term1_Sep_Dec,40.6,0,37.3,12,30.4,2,HIGH
STU-05121,3,public_state,2024,Term1_Sep_Dec,22.2,0,42.3,3,20,3,HIGH
STU-05122,3,public_state,2025,Term2_Jan_Apr,44.2,0,34.9,11,20,2,HIGH
STU-05123,2,low_cost_private,2023,Term2_Jan_Apr,19.4,0,90.5,2,77.4,0,LOW
STU-05124,3,public_state,2023,Term2_Jan_Apr,23.3,0,68.9,5,52.4,1,MEDIUM
STU-05125,1,elite_private,2025,Term3_Apr_Jul,14,0,,,,,WITHDRAWN
STU-05126,3,public_state,2025,Term2_Jan_Apr,14.5,0,61.9,2,29.2,2,MEDIUM
STU-05127,2,low_cost_private,2024,Term2_Jan_Apr,40.3,0,50.5,8,58.6,2,MEDIUM
STU-05128,1,elite_private,2025,Term1_Sep_Dec,0,1,99.2,1,90.3,0,LOW
STU-05129,2,low_cost_private,2024,Term2_Jan_Apr,81.8,0,53.9,7,33.7,5,HIGH
STU-05130,3,public_state,2025,Term1_Sep_Dec,7.7,0,92.5,0,76.5,0,LOW
STU-05131,3,public_state,2025,Term2_Jan_Apr,17.1,0,65.7,0,42.3,3,MEDIUM
STU-05132,2,low_cost_private,2023,Term2_Jan_Apr,53.9,0,59.7,1,45.2,2,MEDIUM
STU-05133,2,low_cost_private,2025,Term2_Jan_Apr,51.6,0,35.9,9,27.3,3,HIGH
STU-05134,2,low_cost_private,2023,Term1_Sep_Dec,65.1,0,46.5,8,32.9,5,HIGH
STU-05135,3,public_state,2025,Term3_Apr_Jul,54.8,0,47.4,1,36.9,5,HIGH
STU-05136,2,low_cost_private,2025,Term1_Sep_Dec,31.3,0,69.6,13,37.0,3,HIGH
STU-05137,3,public_state,2024,Term3_Apr_Jul,14.3,0,30.8,0,33.6,2,MEDIUM
STU-05138,2,low_cost_private,2025,Term3_Apr_Jul,29.5,0,43.2,0,26.8,2,MEDIUM
STU-05139,1,elite_private,2023,Term3_Apr_Jul,14,0,,,,,WITHDRAWN
STU-05140,1,elite_private,2025,Term2_Jan_Apr,0,1,100,0,87.9,0,LOW
STU-05141,1,elite_private,2023,Term2_Jan_Apr,14,0,,,,,WITHDRAWN
STU-05142,3,public_state,2023,Term2_Jan_Apr,60,0,38.4,6,35.0,4,HIGH
STU-05143,1,elite_private,2023,Term3_Apr_Jul,0,1,98.4,2,98.8,0,LOW
STU-05144,2,low_cost_private,2025,Term3_Apr_Jul,48.7,0,60.6,6,21.6,4,HIGH
STU-05145,2,low_cost_private,2023,Term1_Sep_Dec,36.9,0,56.4,14,33.2,3,HIGH
STU-05146,3,public_state,2023,Term3_Apr_Jul,27.1,0,44.9,8,28.3,4,HIGH
STU-05147,3,public_state,2025,Term1_Sep_Dec,5.9,0,60.6,9,60.1,0,MEDIUM
STU-05148,3,public_state,2024,Term1_Sep_Dec,12.2,0,67.2,1,40.1,2,MEDIUM
STU-05149,2,low_cost_private,2024,Term1_Sep_Dec,104.5,0,52.4,6,38.9,4,HIGH
STU-05150,3,public_state,2024,Term3_Apr_Jul,0,1,37.1,3,40.6,3,MEDIUM
STU-05151,2,low_cost_private,2025,Term1_Sep_Dec,17.8,0,80.2,12,79.0,0,LOW
STU-05152,2,low_cost_private,2025,Term3_Apr_Jul,20.6,0,31.5,13,21.3,4,HIGH
STU-05153,2,low_cost_private,2024,Term3_Apr_Jul,17.6,0,81.9,3,75.2,0,LOW
STU-05154,3,public_state,2024,Term3_Apr_Jul,8.7,0,83.9,0,75.0,0,LOW
STU-05155,2,low_cost_private,2024,Term3_Apr_Jul,44.3,0,34.3,6,39.7,6,HIGH
STU-05156,2,low_cost_private,2024,Term1_Sep_Dec,97.0,0,58.2,1,33.7,5,HIGH
STU-05157,2,low_cost_private,2024,Term3_Apr_Jul,94.2,0,41.6,6,32.7,6,HIGH
STU-05158,2,low_cost_private,2025,Term2_Jan_Apr,19.9,0,88.5,0,82.1,0,LOW
STU-05159,2,low_cost_private,2024,Term3_Apr_Jul,37.1,0,46.6,7,43.7,2,HIGH
STU-05160,1,elite_private,2024,Term1_Sep_Dec,6.1,0,80.8,0,70.5,0,LOW
STU-05161,2,low_cost_private,2025,Term2_Jan_Apr,33.5,0,59.5,0,53.2,3,MEDIUM
STU-05162,2,low_cost_private,2024,Term1_Sep_Dec,68.9,0,54.5,11,46.5,3,HIGH
STU-05163,3,public_state,2023,Term3_Apr_Jul,19.5,0,55.9,1,40.8,3,MEDIUM
STU-05164,2,low_cost_private,2023,Term1_Sep_Dec,83.2,0,46.8,4,31.5,6,HIGH
STU-05165,1,elite_private,2025,Term1_Sep_Dec,0,1,65.3,0,53.3,0,LOW
STU-05166,1,elite_private,2023,Term2_Jan_Apr,0,1,100,0,75.5,0,LOW
STU-05167,2,low_cost_private,2023,Term3_Apr_Jul,31.4,0,55.2,1,66.1,0,MEDIUM
STU-05168,1,elite_private,2025,Term1_Sep_Dec,0,1,100,0,83.3,0,LOW
STU-05169,1,elite_private,2023,Term1_Sep_Dec,5.7,0,70.6,0,58.8,0,LOW
STU-05170,2,low_cost_private,2023,Term2_Jan_Apr,40.7,0,40.5,12,39.3,6,HIGH
STU-05171,1,elite_private,2023,Term2_Jan_Apr,0,1,100,0,88.4,0,LOW
STU-05172,1,elite_private,2025,Term1_Sep_Dec,10.0,0,61.9,4,59.3,1,MEDIUM
STU-05173,3,public_state,2023,Term1_Sep_Dec,28.5,0,69.4,7,45.8,1,MEDIUM
STU-05174,1,elite_private,2025,Term3_Apr_Jul,14,0,,,,,WITHDRAWN
STU-05175,2,low_cost_private,2025,Term3_Apr_Jul,18.3,0,80.0,1,78.1,0,LOW
STU-05176,2,low_cost_private,2025,Term3_Apr_Jul,49.3,0,39.3,13,39.6,6,HIGH
STU-05177,2,low_cost_private,2023,Term3_Apr_Jul,68.5,0,59.9,0,36.5,4,HIGH
STU-05178,2,low_cost_private,2024,Term1_Sep_Dec,17.9,0,89.3,1,74.7,0,LOW
STU-05179,2,low_cost_private,2023,Term2_Jan_Apr,37.9,0,39.1,5,59.2,2,MEDIUM
STU-05180,2,low_cost_private,2023,Term2_Jan_Apr,23.3,0,48.5,5,49.6,3,HIGH
STU-05181,2,low_cost_private,2023,Term1_Sep_Dec,31.7,0,65.0,11,52.6,0,MEDIUM
STU-05182,2,low_cost_private,2024,Term3_Apr_Jul,27.5,0,64.3,2,61.3,0,MEDIUM
STU-05183,1,elite_private,2025,Term2_Jan_Apr,0,1,97.4,2,98.7,0,LOW
STU-05184,1,elite_private,2023,Term1_Sep_Dec,0,1,99.2,1,90.2,0,LOW
STU-05185,2,low_cost_private,2023,Term3_Apr_Jul,29.1,0,43.5,10,50.8,2,HIGH
STU-05186,2,low_cost_private,2023,Term2_Jan_Apr,44.0,0,51.4,10,40.9,2,HIGH
STU-05187,1,elite_private,2024,Term2_Jan_Apr,0,1,100,0,82.5,0,LOW
STU-05188,2,low_cost_private,2024,Term1_Sep_Dec,85.7,0,68.9,10,27.4,5,HIGH
STU-05189,3,public_state,2023,Term2_Jan_Apr,18.3,0,72.6,0,58.8,1,LOW
STU-05190,1,elite_private,2024,Term3_Apr_Jul,0,1,99.1,0,91.4,0,LOW
STU-05191,3,public_state,2023,Term1_Sep_Dec,60,0,51.1,12,20.7,3,HIGH
STU-05192,3,public_state,2024,Term2_Jan_Apr,9.4,0,62.6,3,45.7,2,MEDIUM
STU-05193,1,elite_private,2023,Term3_Apr_Jul,0,1,99.2,1,83.8,0,LOW
STU-05194,2,low_cost_private,2024,Term1_Sep_Dec,57.5,0,45.4,0,59.4,0,MEDIUM
STU-05195,1,elite_private,2025,Term3_Apr_Jul,9.6,0,52.6,2,46.7,2,MEDIUM
STU-05196,3,public_state,2025,Term2_Jan_Apr,11.4,0,78.3,0,50.9,2,LOW
STU-05197,1,elite_private,2025,Term3_Apr_Jul,14,0,,,,,WITHDRAWN
STU-05198,2,low_cost_private,2024,Term2_Jan_Apr,16.9,0,56.5,0,20,4,MEDIUM
STU-05199,3,public_state,2025,Term1_Sep_Dec,23.6,0,68.3,5,29.7,4,MEDIUM
STU-05200,3,public_state,2024,Term2_Jan_Apr,12.9,0,45.0,1,20,3,MEDIUM
STU-05201,3,public_state,2024,Term2_Jan_Apr,11.4,0,67.6,0,35.6,3,MEDIUM
STU-05202,2,low_cost_private,2024,Term2_Jan_Apr,67.2,0,34.9,2,41.7,3,HIGH
STU-05203,2,low_cost_private,2024,Term1_Sep_Dec,33.6,0,66.5,6,48.8,1,MEDIUM
STU-05204,1,elite_private,2023,Term2_Jan_Apr,0,1,100,0,95.4,0,LOW
STU-05205,2,low_cost_private,2023,Term2_Jan_Apr,68.2,0,37.7,9,31.1,5,HIGH
STU-05206,3,public_state,2023,Term2_Jan_Apr,44.6,0,56.7,1,33.3,4,HIGH
STU-05207,1,elite_private,2023,Term2_Jan_Apr,14,0,,,,,WITHDRAWN
STU-05208,2,low_cost_private,2025,Term2_Jan_Apr,16.4,0,75.3,0,54.6,3,MEDIUM
STU-05209,1,elite_private,2023,Term1_Sep_Dec,0,1,98.4,2,80.2,0,LOW
STU-05210,2,low_cost_private,2025,Term1_Sep_Dec,52.8,0,58.1,7,30.4,3,HIGH
STU-05211,2,low_cost_private,2023,Term3_Apr_Jul,31.6,0,35.5,7,34.1,3,HIGH
STU-05212,1,elite_private,2025,Term2_Jan_Apr,14,0,,,,,WITHDRAWN
STU-05213,2,low_cost_private,2023,Term1_Sep_Dec,61.1,0,63.3,4,52.4,2,HIGH
STU-05214,1,elite_private,2024,Term1_Sep_Dec,0,1,96.0,5,91.3,0,LOW
STU-05215,1,elite_private,2023,Term1_Sep_Dec,0,1,100,0,90.4,0,LOW
STU-05216,3,public_state,2023,Term3_Apr_Jul,24.5,0,38.7,2,42.1,3,MEDIUM
STU-05217,3,public_state,2023,Term3_Apr_Jul,6.1,0,48.9,3,38.7,3,HIGH
STU-05218,2,low_cost_private,2023,Term2_Jan_Apr,18.6,0,88.0,1,76.2,0,LOW
STU-05219,3,public_state,2023,Term2_Jan_Apr,4.7,0,50.7,13,34.0,3,HIGH
STU-05220,2,low_cost_private,2025,Term2_Jan_Apr,52.9,0,47.4,15,42.8,5,HIGH
STU-05221,3,public_state,2024,Term1_Sep_Dec,38.3,0,77.4,0,29.1,5,MEDIUM
STU-05222,1,elite_private,2023,Term3_Apr_Jul,0,1,67.0,1,45.3,3,MEDIUM
STU-05223,2,low_cost_private,2025,Term2_Jan_Apr,38.5,0,63.9,11,28.5,7,HIGH
STU-05224,3,public_state,2023,Term2_Jan_Apr,60,0,52.5,3,41.1,2,MEDIUM
STU-05225,2,low_cost_private,2025,Term1_Sep_Dec,29.6,0,68.8,0,34.9,3,MEDIUM
STU-05226,1,elite_private,2024,Term3_Apr_Jul,0,1,100,0,81.8,0,LOW
STU-05227,1,elite_private,2024,Term3_Apr_Jul,0.9,0,98.4,2,91.0,0,LOW
STU-05228,2,low_cost_private,2023,Term1_Sep_Dec,22.8,0,57.5,4,27.8,5,HIGH
STU-05229,2,low_cost_private,2025,Term1_Sep_Dec,67.2,0,43.8,0,28.7,5,HIGH
STU-05230,2,low_cost_private,2025,Term2_Jan_Apr,34.8,0,59.0,8,41.2,3,HIGH
STU-05231,3,public_state,2025,Term2_Jan_Apr,22.2,0,61.6,2,20,4,MEDIUM
STU-05232,3,public_state,2023,Term2_Jan_Apr,33.3,0,49.4,4,39.2,3,HIGH
STU-05233,2,low_cost_private,2023,Term2_Jan_Apr,17.3,0,87.0,1,71.3,0,LOW
STU-05234,1,elite_private,2025,Term3_Apr_Jul,14,0,,,,,WITHDRAWN
STU-05235,1,elite_private,2025,Term2_Jan_Apr,0,1,98.3,2,94.6,0,LOW
STU-05236,1,elite_private,2024,Term1_Sep_Dec,0,1,100,0,97.0,0,LOW
STU-05237,3,public_state,2025,Term3_Apr_Jul,60,0,43.7,7,36.1,6,HIGH
STU-05238,2,low_cost_private,2023,Term1_Sep_Dec,42.3,0,16.8,4,20,4,HIGH
STU-05239,2,low_cost_private,2025,Term2_Jan_Apr,27.5,0,64.8,0,53.1,1,MEDIUM
STU-05240,1,elite_private,2024,Term3_Apr_Jul,14,0,,,,,WITHDRAWN
STU-05241,2,low_cost_private,2023,Term1_Sep_Dec,20.0,0,66.7,1,46.5,3,MEDIUM
STU-05242,2,low_cost_private,2023,Term1_Sep_Dec,17.1,0,90.6,0,74.2,0,LOW
STU-05243,3,public_state,2024,Term2_Jan_Apr,7.3,0,90.1,0,76.3,0,LOW
STU-05244,1,elite_private,2025,Term2_Jan_Apr,14,0,,,,,WITHDRAWN
STU-05245,1,elite_private,2025,Term3_Apr_Jul,14,0,,,,,WITHDRAWN
STU-05246,1,elite_private,2024,Term1_Sep_Dec,0,1,99.2,1,86.7,0,LOW
STU-05247,2,low_cost_private,2025,Term2_Jan_Apr,88.3,0,56.2,2,51.3,4,HIGH
STU-05248,2,low_cost_private,2025,Term1_Sep_Dec,19.8,0,54.5,4,38.0,3,HIGH
STU-05249,2,low_cost_private,2023,Term2_Jan_Apr,54.4,0,77.9,8,48.3,4,MEDIUM
STU-05250,2,low_cost_private,2025,Term2_Jan_Apr,57.3,0,75.1,0,57.4,0,LOW
STU-05251,2,low_cost_private,2023,Term3_Apr_Jul,50.0,0,66.7,2,36.1,3,MEDIUM
STU-05252,2,low_cost_private,2025,Term2_Jan_Apr,37.9,0,44.6,16,59.7,0,MEDIUM
STU-05253,2,low_cost_private,2024,Term3_Apr_Jul,37.5,0,44.3,13,37.8,2,HIGH
STU-05254,1,elite_private,2024,Term2_Jan_Apr,0,1,99.2,1,100,0,LOW
STU-05255,1,elite_private,2025,Term3_Apr_Jul,14,0,,,,,WITHDRAWN
STU-05256,2,low_cost_private,2024,Term2_Jan_Apr,41.4,0,52.8,4,27.6,4,HIGH
STU-05257,2,low_cost_private,2025,Term1_Sep_Dec,75.6,0,60.7,15,42.7,3,HIGH
STU-05258,1,elite_private,2025,Term3_Apr_Jul,0.5,0,67.7,0,47.4,3,MEDIUM
STU-05259,1,elite_private,2024,Term3_Apr_Jul,0,1,99.2,1,81.1,0,LOW
STU-05260,3,public_state,2024,Term1_Sep_Dec,20.8,0,33.7,7,30.1,4,HIGH
STU-05261,2,low_cost_private,2023,Term2_Jan_Apr,29.7,0,36.0,11,35.4,4,HIGH
STU-05262,1,elite_private,2023,Term2_Jan_Apr,0,1,100,0,79.2,0,LOW
STU-05263,2,low_cost_private,2023,Term1_Sep_Dec,49.0,0,41.3,4,33.0,6,HIGH
STU-05264,3,public_state,2025,Term2_Jan_Apr,8.1,0,67.2,1,37.1,2,MEDIUM
STU-05265,2,low_cost_private,2023,Term2_Jan_Apr,34.5,0,52.7,4,38.8,4,HIGH
STU-05266,2,low_cost_private,2025,Term3_Apr_Jul,17.5,0,32.9,4,28.4,3,HIGH
STU-05267,2,low_cost_private,2025,Term2_Jan_Apr,80.1,0,67.8,1,20,5,HIGH
STU-05268,2,low_cost_private,2025,Term1_Sep_Dec,28.8,0,63.2,15,66.3,0,MEDIUM
STU-05269,2,low_cost_private,2024,Term2_Jan_Apr,16.4,0,89.9,2,79.8,0,LOW
STU-05270,2,low_cost_private,2025,Term3_Apr_Jul,58.2,0,44.8,13,27.4,6,HIGH
STU-05271,2,low_cost_private,2025,Term1_Sep_Dec,68.1,0,54.1,13,40.9,3,HIGH
STU-05272,2,low_cost_private,2023,Term1_Sep_Dec,91.4,0,66.0,1,36.6,5,HIGH
STU-05273,1,elite_private,2025,Term3_Apr_Jul,0,1,90.0,0,74.2,0,LOW
STU-05274,2,low_cost_private,2023,Term1_Sep_Dec,14.9,0,86.2,0,81.0,0,LOW
STU-05275,3,public_state,2024,Term2_Jan_Apr,60,0,45.4,1,43.2,1,MEDIUM
STU-05276,1,elite_private,2023,Term1_Sep_Dec,0.0,0,82.3,0,58.9,2,LOW
STU-05277,1,elite_private,2024,Term2_Jan_Apr,1.4,0,61.5,6,32.1,5,HIGH
STU-05278,3,public_state,2024,Term1_Sep_Dec,22.4,0,59.2,0,54.3,3,MEDIUM
STU-05279,1,elite_private,2025,Term2_Jan_Apr,0,1,100,0,84.9,0,LOW
STU-05280,3,public_state,2023,Term1_Sep_Dec,34.6,0,44.7,8,36.8,2,HIGH
STU-05281,2,low_cost_private,2023,Term2_Jan_Apr,74.4,0,43.5,2,40.5,3,HIGH
STU-05282,1,elite_private,2023,Term1_Sep_Dec,0,1,100,0,88.2,0,LOW
STU-05283,2,low_cost_private,2023,Term3_Apr_Jul,53.6,0,37.0,4,34.8,4,HIGH
STU-05284,1,elite_private,2025,Term1_Sep_Dec,0,1,98.4,2,88.8,0,LOW
STU-05285,3,public_state,2025,Term2_Jan_Apr,23.3,0,46.9,6,26.2,2,HIGH
STU-05286,2,low_cost_private,2025,Term2_Jan_Apr,15.5,0,89.9,0,78.1,0,LOW
STU-05287,2,low_cost_private,2025,Term1_Sep_Dec,18.1,0,85.4,0,80.8,0,LOW
STU-05288,2,low_cost_private,2023,Term2_Jan_Apr,19.4,0,90.4,0,81.3,0,LOW
STU-05289,1,elite_private,2023,Term2_Jan_Apr,14,0,,,,,WITHDRAWN
STU-05290,3,public_state,2024,Term2_Jan_Apr,25.0,0,63.1,1,41.1,3,MEDIUM
STU-05291,3,public_state,2024,Term3_Apr_Jul,60,0,44.7,8,40.7,3,HIGH
STU-05292,2,low_cost_private,2024,Term1_Sep_Dec,87.3,0,60.4,7,49.7,2,HIGH
STU-05293,1,elite_private,2025,Term1_Sep_Dec,0,1,100,0,90.7,0,LOW
STU-05294,2,low_cost_private,2024,Term3_Apr_Jul,59.4,0,46.7,0,56.4,0,MEDIUM
STU-05295,3,public_state,2023,Term2_Jan_Apr,12.3,0,64.8,0,46.4,0,LOW
STU-05296,3,public_state,2023,Term2_Jan_Apr,15.8,0,57.2,7,52.3,2,MEDIUM
STU-05297,2,low_cost_private,2023,Term2_Jan_Apr,50.8,0,43.1,8,30.8,5,HIGH
STU-05298,3,public_state,2024,Term2_Jan_Apr,7.0,0,73.0,2,50.3,2,MEDIUM
STU-05299,2,low_cost_private,2025,Term3_Apr_Jul,65.6,0,48.2,2,26.6,5,HIGH
STU-05300,3,public_state,2024,Term3_Apr_Jul,35.2,0,24.9,11,28.6,4,HIGH
STU-05301,2,low_cost_private,2025,Term2_Jan_Apr,17.2,0,90.9,1,78.3,0,LOW
STU-05302,2,low_cost_private,2024,Term2_Jan_Apr,48.9,0,49.3,6,47.6,1,HIGH
STU-05303,3,public_state,2025,Term1_Sep_Dec,52.0,0,41.9,15,20,5,HIGH
STU-05304,2,low_cost_private,2024,Term1_Sep_Dec,21.6,0,45.0,5,20,2,HIGH
STU-05305,3,public_state,2023,Term1_Sep_Dec,2.8,0,94.0,0,71.4,0,LOW
STU-05306,3,public_state,2024,Term3_Apr_Jul,26.7,0,43.4,4,20,5,HIGH
STU-05307,2,low_cost_private,2024,Term2_Jan_Apr,17.9,0,52.6,0,31.4,2,MEDIUM
STU-05308,1,elite_private,2023,Term3_Apr_Jul,0,1,100,0,88.3,0,LOW
STU-05309,3,public_state,2025,Term3_Apr_Jul,8.2,0,52.8,3,53.3,1,MEDIUM
STU-05310,2,low_cost_private,2025,Term3_Apr_Jul,53.7,0,27.4,4,26.5,2,HIGH
STU-05311,2,low_cost_private,2025,Term3_Apr_Jul,84.7,0,50.0,3,43.8,3,HIGH
STU-05312,2,low_cost_private,2023,Term3_Apr_Jul,39.8,0,41.0,2,50.6,2,MEDIUM
STU-05313,2,low_cost_private,2023,Term1_Sep_Dec,65.3,0,58.6,5,53.6,2,HIGH
STU-05314,3,public_state,2025,Term3_Apr_Jul,11.1,0,20.0,0,20,3,MEDIUM
STU-05315,3,public_state,2023,Term2_Jan_Apr,17.6,0,40.6,8,37.4,3,HIGH
STU-05316,2,low_cost_private,2024,Term3_Apr_Jul,53.0,0,52.4,5,29.1,3,HIGH
STU-05317,1,elite_private,2025,Term2_Jan_Apr,0,1,100,0,86.6,0,LOW
STU-05318,1,elite_private,2025,Term2_Jan_Apr,0,1,64.3,0,44.8,2,MEDIUM
STU-05319,1,elite_private,2023,Term1_Sep_Dec,0,1,97.6,3,84.9,0,LOW
STU-05320,1,elite_private,2025,Term1_Sep_Dec,0,1,99.2,1,92.8,0,LOW
STU-05321,1,elite_private,2023,Term1_Sep_Dec,0,1,98.4,2,88.8,0,LOW
STU-05322,2,low_cost_private,2024,Term2_Jan_Apr,80.4,0,61.4,1,52.1,2,MEDIUM
STU-05323,1,elite_private,2025,Term1_Sep_Dec,10.4,0,82.6,3,66.7,0,LOW
STU-05324,3,public_state,2025,Term1_Sep_Dec,32.8,0,56.1,5,26.8,4,HIGH
STU-05325,1,elite_private,2024,Term1_Sep_Dec,3.4,0,48.9,5,29.4,3,HIGH
STU-05326,3,public_state,2025,Term3_Apr_Jul,12.4,0,62.1,3,33.4,3,MEDIUM
STU-05327,2,low_cost_private,2025,Term3_Apr_Jul,29.4,0,45.5,2,57.3,2,MEDIUM
STU-05328,2,low_cost_private,2025,Term2_Jan_Apr,18.4,0,51.0,4,38.3,3,HIGH
STU-05329,3,public_state,2025,Term3_Apr_Jul,5.7,0,35.2,1,46.0,0,MEDIUM
STU-05330,2,low_cost_private,2023,Term1_Sep_Dec,15.4,0,86.1,1,73.8,0,LOW
STU-05331,2,low_cost_private,2025,Term2_Jan_Apr,25.7,0,70.4,0,50.4,1,MEDIUM
STU-05332,1,elite_private,2024,Term2_Jan_Apr,7.2,0,70.1,0,79.1,0,LOW
STU-05333,2,low_cost_private,2025,Term3_Apr_Jul,39.7,0,24.7,9,20,3,HIGH
STU-05334,1,elite_private,2023,Term3_Apr_Jul,0,1,96.0,2,86.5,0,LOW
STU-05335,2,low_cost_private,2025,Term2_Jan_Apr,35.4,0,18.1,14,20.7,3,HIGH
STU-05336,2,low_cost_private,2023,Term2_Jan_Apr,19.1,0,90.8,1,73.5,0,LOW
STU-05337,1,elite_private,2023,Term1_Sep_Dec,0,1,99.2,1,90.8,0,LOW
STU-05338,2,low_cost_private,2025,Term1_Sep_Dec,32.9,0,42.7,8,25.6,6,HIGH
STU-05339,1,elite_private,2025,Term2_Jan_Apr,0,1,100,0,89.3,0,LOW
STU-05340,2,low_cost_private,2025,Term1_Sep_Dec,40.5,0,44.8,9,31.3,4,HIGH
STU-05341,1,elite_private,2025,Term3_Apr_Jul,0,1,100,0,85.0,0,LOW
STU-05342,2,low_cost_private,2025,Term2_Jan_Apr,61.4,0,72.5,6,44.8,1,MEDIUM
STU-05343,2,low_cost_private,2023,Term3_Apr_Jul,51.2,0,47.9,13,30.5,5,HIGH
STU-05344,2,low_cost_private,2023,Term3_Apr_Jul,75.6,0,58.2,3,27.1,4,HIGH
STU-05345,2,low_cost_private,2023,Term3_Apr_Jul,102.1,0,67.5,4,46.2,1,MEDIUM
STU-05346,1,elite_private,2024,Term3_Apr_Jul,0,1,100,0,84.6,0,LOW
STU-05347,2,low_cost_private,2024,Term3_Apr_Jul,17.4,0,84.7,2,75.0,0,LOW
STU-05348,2,low_cost_private,2023,Term2_Jan_Apr,5,0,61.7,4,50.3,4,MEDIUM
STU-05349,2,low_cost_private,2024,Term2_Jan_Apr,28.4,0,27.4,4,32.3,5,HIGH
STU-05350,1,elite_private,2024,Term3_Apr_Jul,2.7,0,99.2,1,99.4,0,LOW
STU-05351,3,public_state,2025,Term3_Apr_Jul,17.3,0,52.2,3,48.2,3,MEDIUM
STU-05352,1,elite_private,2023,Term1_Sep_Dec,14,0,,,,,WITHDRAWN
STU-05353,1,elite_private,2023,Term2_Jan_Apr,0,1,99.2,1,99.1,0,LOW
STU-05354,1,elite_private,2025,Term1_Sep_Dec,0,1,97.3,1,99.5,0,LOW
STU-05355,3,public_state,2025,Term3_Apr_Jul,33.2,0,42.7,3,20,3,HIGH
STU-05356,2,low_cost_private,2025,Term3_Apr_Jul,39.6,0,26.9,9,23.6,3,HIGH
STU-05357,2,low_cost_private,2025,Term3_Apr_Jul,55.5,0,71.7,0,28.3,3,MEDIUM
STU-05358,2,low_cost_private,2025,Term2_Jan_Apr,15.1,0,92.6,0,73.1,0,LOW
STU-05359,3,public_state,2025,Term2_Jan_Apr,13.0,0,68.9,4,39.7,4,MEDIUM
STU-05360,2,low_cost_private,2025,Term1_Sep_Dec,18.1,0,84.5,0,77.0,0,LOW
STU-05361,1,elite_private,2024,Term3_Apr_Jul,0,1,97.6,3,85.7,0,LOW
STU-05362,1,elite_private,2023,Term1_Sep_Dec,0,1,98.4,2,91.5,0,LOW
STU-05363,3,public_state,2024,Term3_Apr_Jul,22.7,0,37.8,11,26.3,3,HIGH
STU-05364,2,low_cost_private,2024,Term2_Jan_Apr,32.7,0,44.2,10,39.8,4,HIGH
STU-05365,3,public_state,2024,Term1_Sep_Dec,20.6,0,53.3,3,26.8,2,MEDIUM
STU-05366,1,elite_private,2024,Term2_Jan_Apr,1.1,0,98.4,2,92.5,0,LOW
STU-05367,3,public_state,2024,Term2_Jan_Apr,31.5,0,36.4,16,26.2,4,HIGH
STU-05368,2,low_cost_private,2023,Term1_Sep_Dec,28.0,0,49.1,4,20,2,HIGH
STU-05369,2,low_cost_private,2023,Term1_Sep_Dec,78.8,0,58.1,5,31.7,6,HIGH
STU-05370,3,public_state,2024,Term3_Apr_Jul,26.5,0,60.2,3,46.1,2,MEDIUM
STU-05371,3,public_state,2025,Term1_Sep_Dec,13.8,0,81.3,1,38.6,2,MEDIUM
STU-05372,2,low_cost_private,2023,Term3_Apr_Jul,35.1,0,51.1,1,39.2,4,HIGH
STU-05373,2,low_cost_private,2025,Term3_Apr_Jul,19.4,0,64.4,1,60.2,0,MEDIUM
STU-05374,2,low_cost_private,2025,Term1_Sep_Dec,75.2,0,42.8,7,60.1,0,HIGH
STU-05375,1,elite_private,2024,Term3_Apr_Jul,0,1,99.6,0,90.7,0,LOW
STU-05376,1,elite_private,2023,Term3_Apr_Jul,0,1,100,0,87.3,0,LOW
STU-05377,3,public_state,2024,Term2_Jan_Apr,18.4,0,40.4,9,20,4,HIGH
STU-05378,2,low_cost_private,2024,Term3_Apr_Jul,16.6,0,83.3,1,79.0,0,LOW
STU-05379,3,public_state,2023,Term2_Jan_Apr,7.3,0,56.2,8,28.7,3,HIGH
STU-05380,1,elite_private,2025,Term3_Apr_Jul,0,1,100,0,82.8,0,LOW
STU-05381,1,elite_private,2023,Term2_Jan_Apr,0,1,64.2,0,76.2,0,LOW
STU-05382,3,public_state,2024,Term1_Sep_Dec,28.0,0,64.6,5,27.3,4,HIGH
STU-05383,2,low_cost_private,2025,Term3_Apr_Jul,18.5,0,88.0,1,86.2,0,LOW
STU-05384,3,public_state,2023,Term2_Jan_Apr,33.9,0,49.6,7,34.5,3,HIGH
STU-05385,1,elite_private,2025,Term3_Apr_Jul,0,1,98.4,2,92.1,0,LOW
STU-05386,2,low_cost_private,2023,Term3_Apr_Jul,66.5,0,18.6,8,51.6,3,HIGH
STU-05387,3,public_state,2023,Term1_Sep_Dec,22.9,0,63.8,3,57.5,1,MEDIUM
STU-05388,3,public_state,2024,Term1_Sep_Dec,24.3,0,51.1,10,20,4,HIGH
STU-05389,3,public_state,2024,Term2_Jan_Apr,33.2,0,32.0,15,20,4,HIGH
STU-05390,1,elite_private,2025,Term1_Sep_Dec,0,1,99.3,0,88.0,0,LOW
STU-05391,1,elite_private,2024,Term2_Jan_Apr,1.7,0,80.4,1,66.9,0,LOW
STU-05392,2,low_cost_private,2024,Term2_Jan_Apr,54.1,0,55.0,1,28.2,5,HIGH
STU-05393,3,public_state,2024,Term1_Sep_Dec,6.4,0,86.3,1,41.7,4,MEDIUM
STU-05394,3,public_state,2024,Term1_Sep_Dec,15.1,0,66.0,7,31.0,4,HIGH
STU-05395,3,public_state,2024,Term2_Jan_Apr,17.4,0,75.4,0,38.1,2,MEDIUM
STU-05396,2,low_cost_private,2023,Term2_Jan_Apr,26.3,0,37.8,4,20,4,HIGH
STU-05397,2,low_cost_private,2023,Term3_Apr_Jul,81.4,0,54.1,0,50.1,3,MEDIUM
STU-05398,2,low_cost_private,2023,Term2_Jan_Apr,45.7,0,54.8,7,49.8,1,HIGH
STU-05399,2,low_cost_private,2025,Term1_Sep_Dec,52.8,0,37.6,8,51.0,2,HIGH
STU-05400,1,elite_private,2025,Term1_Sep_Dec,0,1,100,0,96.5,0,LOW
STU-05401,1,elite_private,2023,Term2_Jan_Apr,0,1,98.4,2,89.1,0,LOW
STU-05402,3,public_state,2023,Term2_Jan_Apr,18.6,0,79.2,2,47.2,1,MEDIUM
STU-05403,3,public_state,2023,Term3_Apr_Jul,22.7,0,44.9,0,58.4,1,MEDIUM
STU-05404,3,public_state,2023,Term3_Apr_Jul,27.9,0,34.3,4,31.0,3,HIGH
STU-05405,1,elite_private,2023,Term2_Jan_Apr,14,0,,,,,WITHDRAWN
STU-05406,2,low_cost_private,2024,Term2_Jan_Apr,74.1,0,46.2,15,38.9,6,HIGH
STU-05407,1,elite_private,2023,Term2_Jan_Apr,0,1,99.2,1,89.8,0,LOW
STU-05408,2,low_cost_private,2023,Term2_Jan_Apr,94.6,0,62.5,16,43.0,4,HIGH
STU-05409,1,elite_private,2023,Term2_Jan_Apr,3.4,0,68.9,3,54.7,1,MEDIUM
STU-05410,1,elite_private,2024,Term1_Sep_Dec,9.3,0,67.5,2,60.0,1,LOW
STU-05411,1,elite_private,2024,Term3_Apr_Jul,14,0,,,,,WITHDRAWN
STU-05412,3,public_state,2023,Term2_Jan_Apr,24.8,0,70.5,4,50.4,1,MEDIUM
STU-05413,1,elite_private,2025,Term1_Sep_Dec,0,1,98.9,1,89.3,0,LOW
STU-05414,2,low_cost_private,2025,Term2_Jan_Apr,22.9,0,56.8,0,53.5,0,MEDIUM
STU-05415,3,public_state,2025,Term1_Sep_Dec,24.8,0,44.8,6,20,2,HIGH
STU-05416,2,low_cost_private,2024,Term1_Sep_Dec,30.9,0,44.1,15,25.7,4,HIGH
STU-05417,2,low_cost_private,2023,Term2_Jan_Apr,20.7,0,40.8,9,20,3,HIGH
STU-05418,1,elite_private,2023,Term3_Apr_Jul,0,1,100,0,89.6,0,LOW
STU-05419,2,low_cost_private,2023,Term1_Sep_Dec,18.3,0,90.0,2,70.2,0,LOW
STU-05420,3,public_state,2023,Term1_Sep_Dec,12.2,0,53.2,9,29.3,4,HIGH
STU-05421,2,low_cost_private,2024,Term1_Sep_Dec,103.0,0,44.5,15,49.3,3,HIGH
STU-05422,3,public_state,2024,Term3_Apr_Jul,60,0,66.1,11,39.7,4,HIGH
STU-05423,1,elite_private,2024,Term2_Jan_Apr,0,1,100,0,86.0,0,LOW
STU-05424,1,elite_private,2023,Term2_Jan_Apr,14,0,,,,,WITHDRAWN
STU-05425,3,public_state,2024,Term3_Apr_Jul,7.6,0,81.2,0,67.3,0,LOW
STU-05426,1,elite_private,2023,Term3_Apr_Jul,14,0,,,,,WITHDRAWN
STU-05427,3,public_state,2025,Term1_Sep_Dec,0,1,42.0,7,46.1,1,MEDIUM
STU-05428,3,public_state,2025,Term3_Apr_Jul,55.8,0,56.4,1,28.9,5,HIGH
STU-05429,2,low_cost_private,2024,Term3_Apr_Jul,86.6,0,55.7,10,34.7,5,HIGH
STU-05430,3,public_state,2023,Term2_Jan_Apr,15.1,0,35.7,10,20,4,HIGH
STU-05431,2,low_cost_private,2025,Term3_Apr_Jul,30.0,0,32.8,11,46.9,2,HIGH
STU-05432,2,low_cost_private,2023,Term1_Sep_Dec,37.6,0,47.4,7,39.6,4,HIGH
STU-05433,2,low_cost_private,2025,Term1_Sep_Dec,21.5,0,39.6,15,24.2,3,HIGH
STU-05434,3,public_state,2025,Term2_Jan_Apr,10.1,0,81.5,1,41.3,4,MEDIUM
STU-05435,2,low_cost_private,2025,Term1_Sep_Dec,43.4,0,34.5,10,37.6,3,HIGH
STU-05436,3,public_state,2023,Term3_Apr_Jul,6.0,0,73.8,0,36.0,3,MEDIUM
STU-05437,3,public_state,2024,Term1_Sep_Dec,24.6,0,62.3,3,26.7,3,HIGH
STU-05438,3,public_state,2023,Term2_Jan_Apr,10.0,0,61.9,8,46.9,1,MEDIUM
STU-05439,1,elite_private,2023,Term1_Sep_Dec,0,1,99.2,1,93.0,0,LOW
STU-05440,1,elite_private,2025,Term2_Jan_Apr,0,1,100,0,93.6,0,LOW
STU-05441,1,elite_private,2024,Term1_Sep_Dec,13.2,0,67.4,3,55.3,2,MEDIUM
STU-05442,2,low_cost_private,2023,Term2_Jan_Apr,77.2,0,55.8,4,47.1,2,HIGH
STU-05443,3,public_state,2025,Term1_Sep_Dec,59.2,0,43.8,10,46.9,3,HIGH
STU-05444,1,elite_private,2025,Term1_Sep_Dec,14,0,,,,,WITHDRAWN
STU-05445,1,elite_private,2025,Term1_Sep_Dec,0,1,97.3,2,100,0,LOW
STU-05446,2,low_cost_private,2024,Term3_Apr_Jul,67.8,0,54.6,13,36.5,5,HIGH
STU-05447,3,public_state,2025,Term2_Jan_Apr,13.1,0,59.0,9,43.9,3,MEDIUM
STU-05448,1,elite_private,2025,Term3_Apr_Jul,0,1,99.6,0,84.0,0,LOW
STU-05449,2,low_cost_private,2023,Term2_Jan_Apr,38.3,0,49.4,4,32.9,4,HIGH
STU-05450,3,public_state,2025,Term3_Apr_Jul,38.0,0,57.0,4,28.0,3,HIGH
STU-05451,1,elite_private,2023,Term1_Sep_Dec,0,1,99.7,0,90.1,0,LOW
STU-05452,2,low_cost_private,2024,Term1_Sep_Dec,25.1,0,67.2,1,57.7,0,LOW
STU-05453,1,elite_private,2023,Term2_Jan_Apr,0,1,98.4,2,83.1,0,LOW
STU-05454,3,public_state,2024,Term3_Apr_Jul,14.8,0,55.2,1,36.1,3,MEDIUM
STU-05455,1,elite_private,2025,Term3_Apr_Jul,0,1,97.9,2,88.2,0,LOW
STU-05456,1,elite_private,2024,Term3_Apr_Jul,9.7,0,53.1,1,46.9,2,MEDIUM
STU-05457,3,public_state,2023,Term3_Apr_Jul,17.4,0,53.6,0,30.7,2,MEDIUM
STU-05458,2,low_cost_private,2024,Term3_Apr_Jul,38.9,0,37.9,8,62.1,0,MEDIUM
STU-05459,1,elite_private,2024,Term3_Apr_Jul,11.7,0,77.7,2,70.2,0,LOW
STU-05460,2,low_cost_private,2023,Term2_Jan_Apr,34.2,0,23.5,8,29.5,3,HIGH
STU-05461,3,public_state,2025,Term3_Apr_Jul,28.5,0,46.8,2,40.6,4,MEDIUM
STU-05462,1,elite_private,2023,Term2_Jan_Apr,0,1,99.2,1,91.2,0,LOW
STU-05463,3,public_state,2025,Term3_Apr_Jul,25.0,0,55.2,0,33.4,4,MEDIUM
STU-05464,2,low_cost_private,2023,Term3_Apr_Jul,38.1,0,35.1,13,22.2,3,HIGH
STU-05465,1,elite_private,2023,Term2_Jan_Apr,0,1,98.4,2,89.3,0,LOW
STU-05466,2,low_cost_private,2025,Term3_Apr_Jul,30.8,0,19.5,4,20,3,HIGH
STU-05467,3,public_state,2023,Term3_Apr_Jul,8.1,0,82.8,2,76.0,0,LOW
STU-05468,3,public_state,2023,Term2_Jan_Apr,28.4,0,79.9,0,29.9,2,MEDIUM
STU-05469,1,elite_private,2024,Term3_Apr_Jul,0,1,97.6,3,91.2,0,LOW
STU-05470,3,public_state,2025,Term2_Jan_Apr,4.2,0,91.0,2,71.6,0,LOW
STU-05471,3,public_state,2023,Term1_Sep_Dec,10.9,0,49.8,7,50.9,2,MEDIUM
STU-05472,2,low_cost_private,2024,Term1_Sep_Dec,15.1,0,57.7,5,44.8,2,MEDIUM
STU-05473,1,elite_private,2023,Term1_Sep_Dec,0,1,99.2,1,85.4,0,LOW
STU-05474,3,public_state,2023,Term1_Sep_Dec,7.7,0,91.7,1,67.3,0,LOW
STU-05475,2,low_cost_private,2024,Term3_Apr_Jul,41.9,0,55.4,4,49.3,3,HIGH
STU-05476,1,elite_private,2025,Term1_Sep_Dec,0,1,89.2,1,58.1,2,LOW
STU-05477,2,low_cost_private,2025,Term1_Sep_Dec,46.4,0,53.2,5,34.9,6,HIGH
STU-05478,2,low_cost_private,2023,Term1_Sep_Dec,89.2,0,52.6,0,36.7,6,HIGH
STU-05479,2,low_cost_private,2025,Term2_Jan_Apr,55.5,0,37.6,11,36.8,4,HIGH
STU-05480,2,low_cost_private,2025,Term2_Jan_Apr,44.8,0,40.8,13,34.8,6,HIGH
STU-05481,2,low_cost_private,2023,Term2_Jan_Apr,25.9,0,68.6,1,79.3,0,LOW
STU-05482,1,elite_private,2024,Term2_Jan_Apr,0,1,98.4,2,91.8,0,LOW
STU-05483,1,elite_private,2023,Term3_Apr_Jul,7.7,0,67.0,3,51.3,1,MEDIUM
STU-05484,1,elite_private,2025,Term3_Apr_Jul,0,1,98.4,2,89.0,0,LOW
STU-05485,1,elite_private,2024,Term2_Jan_Apr,14,0,,,,,WITHDRAWN
STU-05486,3,public_state,2025,Term2_Jan_Apr,10.2,0,64.9,4,25,3,MEDIUM
STU-05487,1,elite_private,2025,Term1_Sep_Dec,0,1,100,0,97.8,0,LOW
STU-05488,2,low_cost_private,2023,Term1_Sep_Dec,9.1,0,56.8,13,36.3,2,MEDIUM
STU-05489,2,low_cost_private,2024,Term1_Sep_Dec,26.3,0,68.3,0,44.6,2,MEDIUM
STU-05490,3,public_state,2023,Term3_Apr_Jul,32.5,0,29.7,12,40.2,2,HIGH
STU-05491,3,public_state,2023,Term3_Apr_Jul,25.7,0,44.4,7,39.9,3,HIGH
STU-05492,3,public_state,2023,Term2_Jan_Apr,17.6,0,58.9,5,50.8,2,MEDIUM
STU-05493,3,public_state,2025,Term3_Apr_Jul,5.3,0,78.3,4,75.7,0,LOW
STU-05494,1,elite_private,2023,Term3_Apr_Jul,0,1,99.7,0,96.0,0,LOW
STU-05495,1,elite_private,2023,Term1_Sep_Dec,0,1,100,0,83.4,0,LOW
STU-05496,2,low_cost_private,2025,Term2_Jan_Apr,40.3,0,62.7,15,54.5,3,HIGH
STU-05497,2,low_cost_private,2023,Term1_Sep_Dec,21.1,0,88.7,1,82.6,0,LOW
STU-05498,2,low_cost_private,2023,Term2_Jan_Apr,19.6,0,90.1,0,80.1,0,LOW
STU-05499,3,public_state,2025,Term1_Sep_Dec,10.6,0,61.4,0,47.0,0,LOW
STU-05500,3,public_state,2023,Term1_Sep_Dec,12.5,0,29.2,12,28.3,5,HIGH
STU-05501,2,low_cost_private,2024,Term1_Sep_Dec,32.1,0,46.6,12,53.9,2,HIGH
STU-05502,2,low_cost_private,2024,Term1_Sep_Dec,49.0,0,71.0,0,49.9,1,MEDIUM
STU-05503,2,low_cost_private,2023,Term2_Jan_Apr,16.3,0,89.5,1,71.0,0,LOW
STU-05504,1,elite_private,2023,Term3_Apr_Jul,0,1,100,0,91.0,0,LOW
STU-05505,1,elite_private,2024,Term3_Apr_Jul,0,1,96.8,4,95.0,0,LOW
STU-05506,3,public_state,2025,Term2_Jan_Apr,16.2,0,63.5,14,48.4,2,MEDIUM
STU-05507,3,public_state,2023,Term3_Apr_Jul,42.6,0,22.7,0,25.9,4,HIGH
STU-05508,1,elite_private,2023,Term2_Jan_Apr,0,1,33.5,2,22.3,5,HIGH
STU-05509,1,elite_private,2025,Term3_Apr_Jul,10.9,0,74.0,3,79.6,0,LOW
STU-05510,2,low_cost_private,2024,Term3_Apr_Jul,69.3,0,40.6,13,38.6,5,HIGH
STU-05511,2,low_cost_private,2024,Term3_Apr_Jul,39.4,0,47.8,7,20,5,HIGH
STU-05512,2,low_cost_private,2024,Term2_Jan_Apr,58.6,0,49.2,16,41.8,2,HIGH
STU-05513,2,low_cost_private,2024,Term3_Apr_Jul,38.1,0,42.8,10,24.6,2,HIGH
STU-05514,1,elite_private,2025,Term3_Apr_Jul,0,1,100,0,99.8,0,LOW
STU-05515,1,elite_private,2025,Term1_Sep_Dec,0,1,99.2,1,92.5,0,LOW
STU-05516,1,elite_private,2024,Term3_Apr_Jul,0,1,100,0,100.0,0,LOW
STU-05517,1,elite_private,2023,Term2_Jan_Apr,0,1,99.2,1,83.5,0,LOW
STU-05518,2,low_cost_private,2024,Term2_Jan_Apr,17.8,0,87.1,0,78.8,0,LOW
STU-05519,2,low_cost_private,2024,Term2_Jan_Apr,69.8,0,45.5,9,31.8,5,HIGH
STU-05520,3,public_state,2023,Term3_Apr_Jul,17.8,0,24.4,9,50.7,2,HIGH
STU-05521,1,elite_private,2023,Term1_Sep_Dec,0,1,68.6,3,62.2,0,LOW
STU-05522,3,public_state,2024,Term3_Apr_Jul,22.3,0,58.9,7,60.1,0,MEDIUM
STU-05523,1,elite_private,2025,Term2_Jan_Apr,0,1,100,0,87.4,0,LOW
STU-05524,2,low_cost_private,2023,Term1_Sep_Dec,24.8,0,52.0,4,43.7,2,MEDIUM
STU-05525,2,low_cost_private,2024,Term1_Sep_Dec,15.1,0,90.4,1,77.6,0,LOW
STU-05526,3,public_state,2023,Term2_Jan_Apr,5.5,0,66.2,6,20,5,MEDIUM
STU-05527,3,public_state,2025,Term3_Apr_Jul,25.2,0,55.7,5,25,4,HIGH
STU-05528,2,low_cost_private,2023,Term3_Apr_Jul,34.5,0,42.2,10,36.3,4,HIGH
STU-05529,2,low_cost_private,2024,Term1_Sep_Dec,55.9,0,51.4,2,43.0,3,MEDIUM
STU-05530,2,low_cost_private,2023,Term2_Jan_Apr,17.8,0,88.1,1,85.8,0,LOW
STU-05531,2,low_cost_private,2023,Term2_Jan_Apr,47.8,0,25.2,16,54.7,3,HIGH
STU-05532,2,low_cost_private,2024,Term3_Apr_Jul,72.4,0,43.2,7,43.7,2,HIGH
STU-05533,1,elite_private,2025,Term2_Jan_Apr,4.4,0,49.0,7,51.8,0,MEDIUM
STU-05534,2,low_cost_private,2023,Term2_Jan_Apr,37.9,0,44.7,16,20,2,HIGH
STU-05535,3,public_state,2023,Term2_Jan_Apr,13.8,0,73.7,3,33.7,3,MEDIUM
STU-05536,3,public_state,2023,Term1_Sep_Dec,9.7,0,79.1,0,46.8,1,LOW
STU-05537,3,public_state,2024,Term1_Sep_Dec,9.7,0,51.6,3,37.7,6,HIGH
STU-05538,1,elite_private,2024,Term2_Jan_Apr,0.1,0,99.2,1,92.7,0,LOW
STU-05539,3,public_state,2025,Term3_Apr_Jul,18.5,0,37.2,7,26.6,3,HIGH
STU-05540,3,public_state,2025,Term3_Apr_Jul,39.1,0,30.4,9,24.7,3,HIGH
STU-05541,2,low_cost_private,2025,Term2_Jan_Apr,83.0,0,64.3,8,56.7,0,MEDIUM
STU-05542,1,elite_private,2025,Term3_Apr_Jul,0,1,99.2,1,90.6,0,LOW
STU-05543,3,public_state,2024,Term2_Jan_Apr,34.3,0,23.3,8,20,2,HIGH
STU-05544,2,low_cost_private,2025,Term2_Jan_Apr,16.6,0,90.1,0,71.3,0,LOW
STU-05545,2,low_cost_private,2024,Term3_Apr_Jul,16.7,0,59.5,4,55.8,1,MEDIUM
STU-05546,1,elite_private,2023,Term3_Apr_Jul,8.4,0,54.3,1,56.5,1,MEDIUM
STU-05547,2,low_cost_private,2023,Term2_Jan_Apr,43.3,0,64.9,1,36.4,4,HIGH
STU-05548,2,low_cost_private,2023,Term2_Jan_Apr,55.6,0,43.7,6,29.0,4,HIGH
STU-05549,3,public_state,2024,Term3_Apr_Jul,0,1,47.0,0,53.1,0,MEDIUM
STU-05550,2,low_cost_private,2025,Term1_Sep_Dec,37.5,0,46.5,9,28.7,4,HIGH
STU-05551,1,elite_private,2024,Term3_Apr_Jul,0,1,100,0,95.5,0,LOW
STU-05552,1,elite_private,2025,Term3_Apr_Jul,14,0,,,,,WITHDRAWN
STU-05553,2,low_cost_private,2025,Term3_Apr_Jul,42.2,0,56.9,4,43.1,1,MEDIUM
STU-05554,2,low_cost_private,2024,Term2_Jan_Apr,50.9,0,52.3,12,43.4,4,HIGH
STU-05555,3,public_state,2025,Term1_Sep_Dec,4.1,0,66.8,0,28.7,3,MEDIUM
STU-05556,1,elite_private,2023,Term2_Jan_Apr,0,1,99.2,1,92.9,0,LOW
STU-05557,3,public_state,2024,Term1_Sep_Dec,11.3,0,63.8,5,63.3,0,MEDIUM
STU-05558,2,low_cost_private,2025,Term3_Apr_Jul,92.5,0,66.1,10,27.2,5,HIGH
STU-05559,3,public_state,2024,Term3_Apr_Jul,29.3,0,41.6,1,44.9,3,MEDIUM
STU-05560,2,low_cost_private,2025,Term1_Sep_Dec,49.2,0,40.3,4,20,2,HIGH
STU-05561,3,public_state,2024,Term3_Apr_Jul,13.2,0,39.9,12,20,3,HIGH
STU-05562,2,low_cost_private,2023,Term3_Apr_Jul,67.8,0,40.7,13,37.0,8,HIGH
STU-05563,1,elite_private,2023,Term3_Apr_Jul,0,1,98.0,0,96.4,0,LOW
STU-05564,3,public_state,2024,Term2_Jan_Apr,28.2,0,68.2,10,40.9,2,MEDIUM
STU-05565,2,low_cost_private,2024,Term1_Sep_Dec,53.5,0,62.3,8,59.2,1,MEDIUM
STU-05566,2,low_cost_private,2023,Term3_Apr_Jul,21.1,0,33.8,8,35.9,4,HIGH
STU-05567,3,public_state,2025,Term3_Apr_Jul,4.1,0,77.7,8,68.7,0,LOW
STU-05568,3,public_state,2025,Term3_Apr_Jul,40.0,0,50.4,1,28.9,3,HIGH
STU-05569,2,low_cost_private,2025,Term2_Jan_Apr,34.3,0,48.9,14,42.6,2,HIGH
STU-05570,2,low_cost_private,2024,Term1_Sep_Dec,44.4,0,30.4,8,21.6,3,HIGH
STU-05571,2,low_cost_private,2024,Term3_Apr_Jul,49.8,0,54.1,8,42.0,1,HIGH
STU-05572,2,low_cost_private,2024,Term1_Sep_Dec,17.8,0,86.0,2,75.1,0,LOW
STU-05573,2,low_cost_private,2023,Term2_Jan_Apr,80.9,0,58.9,9,53.7,1,HIGH
STU-05574,1,elite_private,2024,Term2_Jan_Apr,0,1,99.2,1,95.5,0,LOW
STU-05575,2,low_cost_private,2024,Term2_Jan_Apr,48.9,0,59.8,1,26.9,5,HIGH
STU-05576,2,low_cost_private,2023,Term2_Jan_Apr,59.8,0,68.5,7,24.6,6,HIGH
STU-05577,2,low_cost_private,2025,Term3_Apr_Jul,42.7,0,31.4,8,41.2,2,HIGH
STU-05578,3,public_state,2024,Term2_Jan_Apr,20.7,0,48.5,3,32.4,4,HIGH
STU-05579,2,low_cost_private,2025,Term1_Sep_Dec,43.8,0,22.7,14,23.3,4,HIGH
STU-05580,1,elite_private,2023,Term3_Apr_Jul,14,0,,,,,WITHDRAWN
STU-05581,3,public_state,2025,Term2_Jan_Apr,14.4,0,47.5,4,30.5,3,HIGH
STU-05582,1,elite_private,2024,Term1_Sep_Dec,0,1,98.4,2,91.5,0,LOW
STU-05583,3,public_state,2024,Term3_Apr_Jul,27.3,0,34.9,3,20,5,HIGH
STU-05584,2,low_cost_private,2025,Term3_Apr_Jul,38.3,0,45.2,0,38.7,2,MEDIUM
STU-05585,1,elite_private,2023,Term2_Jan_Apr,0,1,100,0,92.4,0,LOW
STU-05586,3,public_state,2023,Term1_Sep_Dec,14.2,0,65.4,2,54.1,2,MEDIUM
STU-05587,2,low_cost_private,2025,Term2_Jan_Apr,66.8,0,58.7,5,34.5,4,HIGH
STU-05588,1,elite_private,2023,Term3_Apr_Jul,0,1,100,0,100,0,LOW
STU-05589,3,public_state,2023,Term3_Apr_Jul,8.9,0,28.9,6,20,5,HIGH
STU-05590,1,elite_private,2025,Term3_Apr_Jul,6.9,0,69.1,3,65.1,1,LOW
STU-05591,1,elite_private,2024,Term2_Jan_Apr,0,1,99.2,1,82.8,0,LOW
STU-05592,1,elite_private,2025,Term3_Apr_Jul,0,1,99.8,0,89.8,0,LOW
STU-05593,3,public_state,2025,Term1_Sep_Dec,5,0,55.9,0,38.3,4,MEDIUM
STU-05594,2,low_cost_private,2025,Term3_Apr_Jul,90.9,0,24.2,1,42.1,2,HIGH
STU-05595,3,public_state,2023,Term1_Sep_Dec,11.3,0,50.6,0,43.5,2,MEDIUM
STU-05596,2,low_cost_private,2025,Term1_Sep_Dec,66.8,0,46.0,11,36.9,7,HIGH
STU-05597,2,low_cost_private,2025,Term1_Sep_Dec,28.8,0,46.9,12,29.9,3,HIGH
STU-05598,2,low_cost_private,2024,Term1_Sep_Dec,18.2,0,89.4,0,65.2,0,LOW
STU-05599,1,elite_private,2023,Term1_Sep_Dec,0,1,100,0,89.6,0,LOW
STU-05600,2,low_cost_private,2023,Term2_Jan_Apr,99.5,0,49.5,0,43.6,1,MEDIUM
STU-05601,1,elite_private,2023,Term1_Sep_Dec,0,1,100,0,88.1,0,LOW
STU-05602,2,low_cost_private,2024,Term2_Jan_Apr,59.5,0,38.0,8,38.1,4,HIGH
STU-05603,2,low_cost_private,2024,Term3_Apr_Jul,26.1,0,57.4,0,47.2,4,MEDIUM
STU-05604,1,elite_private,2025,Term2_Jan_Apr,0,1,99.2,1,93.0,0,LOW
STU-05605,1,elite_private,2023,Term1_Sep_Dec,8.0,0,65.1,1,57.6,1,LOW
STU-05606,2,low_cost_private,2025,Term3_Apr_Jul,33.2,0,44.6,13,53.7,1,HIGH
STU-05607,3,public_state,2024,Term2_Jan_Apr,20.0,0,66.1,0,45.8,2,MEDIUM
STU-05608,2,low_cost_private,2023,Term2_Jan_Apr,15.1,0,90.6,0,78.3,0,LOW
STU-05609,3,public_state,2025,Term1_Sep_Dec,27.4,0,71.8,9,41.7,2,MEDIUM
STU-05610,1,elite_private,2023,Term3_Apr_Jul,0,1,100,0,84.2,0,LOW
STU-05611,2,low_cost_private,2024,Term3_Apr_Jul,72.3,0,35.9,9,47.2,3,HIGH
STU-05612,1,elite_private,2023,Term2_Jan_Apr,7.6,0,57.1,1,62.4,0,LOW
STU-05613,3,public_state,2025,Term3_Apr_Jul,25.9,0,39.8,3,20,2,HIGH
STU-05614,2,low_cost_private,2025,Term1_Sep_Dec,21.9,0,36.9,2,20,4,HIGH
STU-05615,2,low_cost_private,2023,Term1_Sep_Dec,62.9,0,49.4,2,57.3,0,MEDIUM
STU-05616,2,low_cost_private,2023,Term1_Sep_Dec,58.3,0,52.3,10,46.0,3,HIGH
STU-05617,1,elite_private,2023,Term3_Apr_Jul,0,1,99.2,1,98.4,0,LOW
STU-05618,2,low_cost_private,2024,Term1_Sep_Dec,19.3,0,84.2,2,74.3,0,LOW
STU-05619,3,public_state,2025,Term2_Jan_Apr,20.3,0,70.0,0,28.2,3,MEDIUM
STU-05620,2,low_cost_private,2025,Term3_Apr_Jul,34.7,0,28.6,6,40.3,4,HIGH
STU-05621,1,elite_private,2023,Term2_Jan_Apr,0,1,100,0,86.2,0,LOW
STU-05622,2,low_cost_private,2023,Term1_Sep_Dec,38.3,0,15,11,39.2,3,HIGH
STU-05623,1,elite_private,2025,Term2_Jan_Apr,1.7,0,73.9,7,46.8,1,MEDIUM
STU-05624,2,low_cost_private,2024,Term2_Jan_Apr,47.8,0,36.4,7,28.1,5,HIGH
STU-05625,2,low_cost_private,2023,Term1_Sep_Dec,39.5,0,72.1,2,29.7,4,MEDIUM
STU-05626,1,elite_private,2025,Term2_Jan_Apr,0,1,99.2,1,83.9,0,LOW
STU-05627,3,public_state,2024,Term1_Sep_Dec,28.4,0,55.9,7,41.6,2,MEDIUM
STU-05628,3,public_state,2025,Term1_Sep_Dec,38.1,0,48.8,11,40.4,2,HIGH
STU-05629,2,low_cost_private,2024,Term2_Jan_Apr,16.8,0,87.6,1,82.5,0,LOW
STU-05630,3,public_state,2024,Term3_Apr_Jul,47.3,0,31.9,8,36.2,3,HIGH
STU-05631,2,low_cost_private,2024,Term1_Sep_Dec,18.6,0,84.5,3,81.9,0,LOW
STU-05632,1,elite_private,2025,Term2_Jan_Apr,0,1,100,0,96.9,0,LOW
STU-05633,3,public_state,2024,Term2_Jan_Apr,7.0,0,90.8,1,68.3,0,LOW
STU-05634,1,elite_private,2024,Term1_Sep_Dec,0.2,0,100,0,86.1,0,LOW
STU-05635,1,elite_private,2023,Term3_Apr_Jul,14,0,,,,,WITHDRAWN
STU-05636,1,elite_private,2025,Term1_Sep_Dec,0,1,80.2,0,73.3,1,LOW
STU-05637,2,low_cost_private,2024,Term1_Sep_Dec,46.7,0,49.5,10,51.1,3,HIGH
STU-05638,2,low_cost_private,2023,Term2_Jan_Apr,61.5,0,54.4,9,23.9,4,HIGH
STU-05639,1,elite_private,2025,Term1_Sep_Dec,0,1,99.2,1,85.8,0,LOW
STU-05640,3,public_state,2025,Term3_Apr_Jul,17.0,0,35.7,7,51.4,2,HIGH
STU-05641,3,public_state,2024,Term2_Jan_Apr,15.9,0,82.0,0,59.2,2,LOW
STU-05642,3,public_state,2023,Term3_Apr_Jul,13.7,0,58.6,4,48.2,3,MEDIUM
STU-05643,3,public_state,2024,Term3_Apr_Jul,41.0,0,57.9,6,32.6,5,HIGH
STU-05644,2,low_cost_private,2023,Term3_Apr_Jul,35.8,0,54.9,8,37.7,5,HIGH
STU-05645,1,elite_private,2024,Term3_Apr_Jul,14.0,0,,,,,WITHDRAWN
STU-05646,3,public_state,2025,Term3_Apr_Jul,56.5,0,51.0,1,23.9,5,HIGH
STU-05647,2,low_cost_private,2025,Term1_Sep_Dec,22.5,0,39.3,8,20,5,HIGH
STU-05648,3,public_state,2025,Term1_Sep_Dec,9.2,0,58.5,0,20,2,MEDIUM
STU-05649,3,public_state,2024,Term1_Sep_Dec,21.5,0,75.6,1,71.5,0,LOW
STU-05650,2,low_cost_private,2025,Term3_Apr_Jul,36.0,0,56.7,11,58.6,3,HIGH
STU-05651,2,low_cost_private,2024,Term2_Jan_Apr,38.2,0,46.2,12,36.6,4,HIGH
STU-05652,2,low_cost_private,2024,Term2_Jan_Apr,25.3,0,45.0,5,44.3,3,HIGH
STU-05653,1,elite_private,2023,Term1_Sep_Dec,9.5,0,73.2,1,66.7,1,LOW
STU-05654,3,public_state,2023,Term3_Apr_Jul,58.7,0,54.4,0,36.2,5,HIGH
STU-05655,2,low_cost_private,2023,Term1_Sep_Dec,33.8,0,37.1,6,51.6,2,HIGH
STU-05656,1,elite_private,2024,Term3_Apr_Jul,13.3,0,72.3,1,48.7,3,MEDIUM
STU-05657,3,public_state,2025,Term2_Jan_Apr,40.6,0,56.9,14,20,2,HIGH
STU-05658,2,low_cost_private,2024,Term2_Jan_Apr,34.8,0,78.6,8,51.6,3,MEDIUM
STU-05659,3,public_state,2023,Term3_Apr_Jul,13.4,0,28.6,13,60.5,0,MEDIUM
STU-05660,3,public_state,2024,Term2_Jan_Apr,15.7,0,37.0,3,20,4,HIGH
STU-05661,1,elite_private,2024,Term2_Jan_Apr,0,1,100,0,90.0,0,LOW
STU-05662,1,elite_private,2024,Term3_Apr_Jul,1.5,0,63.7,0,46.6,1,MEDIUM
STU-05663,3,public_state,2025,Term2_Jan_Apr,23.2,0,56.9,1,57.7,0,MEDIUM
STU-05664,3,public_state,2024,Term2_Jan_Apr,16.7,0,33.1,0,20,3,MEDIUM
STU-05665,2,low_cost_private,2023,Term1_Sep_Dec,47.8,0,45.4,6,44.7,4,HIGH
STU-05666,2,low_cost_private,2025,Term2_Jan_Apr,16.4,0,87.1,1,69.9,0,LOW
STU-05667,2,low_cost_private,2023,Term2_Jan_Apr,10.2,0,41.3,1,27.8,5,HIGH
STU-05668,3,public_state,2023,Term1_Sep_Dec,5.8,0,92.6,0,79.4,0,LOW
STU-05669,1,elite_private,2025,Term3_Apr_Jul,0,1,100,0,91.3,0,LOW
STU-05670,2,low_cost_private,2024,Term2_Jan_Apr,27.8,0,54.9,6,23.7,3,HIGH
STU-05671,2,low_cost_private,2025,Term2_Jan_Apr,14.8,0,86.7,1,85.4,0,LOW
STU-05672,3,public_state,2023,Term2_Jan_Apr,45.6,0,54.1,3,35.6,4,HIGH
STU-05673,2,low_cost_private,2023,Term2_Jan_Apr,23.9,0,56.5,4,32.2,3,HIGH
STU-05674,2,low_cost_private,2024,Term1_Sep_Dec,20.2,0,22.2,14,20,4,HIGH
STU-05675,3,public_state,2024,Term3_Apr_Jul,5,0,62.9,0,30.3,5,MEDIUM
STU-05676,1,elite_private,2025,Term1_Sep_Dec,14,0,,,,,WITHDRAWN
STU-05677,1,elite_private,2024,Term1_Sep_Dec,0,1,82.7,1,85,0,LOW
STU-05678,1,elite_private,2025,Term2_Jan_Apr,14,0,,,,,WITHDRAWN
STU-05679,1,elite_private,2025,Term3_Apr_Jul,0,1,99.2,1,89.9,0,LOW
STU-05680,2,low_cost_private,2023,Term2_Jan_Apr,120,0,48.1,15,50.1,4,HIGH
STU-05681,1,elite_private,2024,Term1_Sep_Dec,6.9,0,79.7,2,38.9,4,MEDIUM
STU-05682,1,elite_private,2023,Term1_Sep_Dec,14,0,,,,,WITHDRAWN
STU-05683,2,low_cost_private,2023,Term3_Apr_Jul,90.2,0,44.2,4,45.5,2,HIGH
STU-05684,2,low_cost_private,2025,Term2_Jan_Apr,81.6,0,49.5,11,40.1,3,HIGH
STU-05685,1,elite_private,2023,Term3_Apr_Jul,0,1,98.4,2,95.6,0,LOW
STU-05686,2,low_cost_private,2025,Term3_Apr_Jul,73.3,0,43.6,6,41.8,3,HIGH
STU-05687,2,low_cost_private,2024,Term2_Jan_Apr,28.6,0,52.8,14,59.0,1,MEDIUM
STU-05688,2,low_cost_private,2024,Term1_Sep_Dec,26.5,0,62.1,1,41.6,6,MEDIUM
STU-05689,2,low_cost_private,2025,Term3_Apr_Jul,57.8,0,42.7,1,43.3,2,MEDIUM
STU-05690,2,low_cost_private,2023,Term3_Apr_Jul,28.1,0,35.6,0,64.9,0,MEDIUM
STU-05691,3,public_state,2024,Term2_Jan_Apr,15.9,0,45.4,11,38.2,2,HIGH
STU-05692,3,public_state,2023,Term1_Sep_Dec,27.1,0,40.3,15,20,4,HIGH
STU-05693,2,low_cost_private,2023,Term1_Sep_Dec,18.6,0,68.2,1,52.4,1,MEDIUM
STU-05694,1,elite_private,2025,Term3_Apr_Jul,0,1,97.9,1,90.3,0,LOW
STU-05695,1,elite_private,2025,Term1_Sep_Dec,0,1,99.2,1,100,0,LOW
STU-05696,2,low_cost_private,2023,Term3_Apr_Jul,76.7,0,34.4,8,50.9,2,HIGH
STU-05697,1,elite_private,2023,Term2_Jan_Apr,14,0,,,,,WITHDRAWN
STU-05698,2,low_cost_private,2023,Term1_Sep_Dec,30.3,0,46.6,9,24.3,4,HIGH
STU-05699,3,public_state,2024,Term3_Apr_Jul,1.2,0,47.5,0,27.5,3,MEDIUM
STU-05700,2,low_cost_private,2024,Term3_Apr_Jul,17.8,0,80.6,2,86.6,0,LOW
STU-05701,2,low_cost_private,2025,Term3_Apr_Jul,49.8,0,51.0,1,39.2,6,HIGH
STU-05702,1,elite_private,2023,Term2_Jan_Apr,0,1,99.4,0,94.6,0,LOW
STU-05703,2,low_cost_private,2024,Term3_Apr_Jul,0,1,59.2,11,67.0,0,MEDIUM
STU-05704,1,elite_private,2023,Term2_Jan_Apr,0,1,98.1,2,83.2,0,LOW
STU-05705,1,elite_private,2024,Term2_Jan_Apr,14,0,,,,,WITHDRAWN
STU-05706,2,low_cost_private,2023,Term3_Apr_Jul,29.8,0,46.7,12,33.9,5,HIGH
STU-05707,2,low_cost_private,2025,Term3_Apr_Jul,17.9,0,83.7,1,73.4,0,LOW
STU-05708,1,elite_private,2024,Term2_Jan_Apr,14,0,,,,,WITHDRAWN
STU-05709,2,low_cost_private,2023,Term2_Jan_Apr,42.3,0,32.6,10,20,2,HIGH
STU-05710,1,elite_private,2023,Term3_Apr_Jul,11.8,0,58.9,2,41.4,4,MEDIUM
STU-05711,3,public_state,2023,Term1_Sep_Dec,23.1,0,45.9,0,20,4,MEDIUM
STU-05712,2,low_cost_private,2023,Term2_Jan_Apr,59.9,0,81.5,2,33.6,5,MEDIUM
STU-05713,2,low_cost_private,2024,Term1_Sep_Dec,22.0,0,28.4,4,20,4,HIGH
STU-05714,1,elite_private,2024,Term3_Apr_Jul,14,0,,,,,WITHDRAWN
STU-05715,3,public_state,2023,Term3_Apr_Jul,22.4,0,41.4,1,20,2,MEDIUM
STU-05716,1,elite_private,2023,Term3_Apr_Jul,0,1,98.4,2,84.1,0,LOW
STU-05717,2,low_cost_private,2024,Term1_Sep_Dec,19.8,0,92.0,0,77.9,0,LOW
STU-05718,3,public_state,2024,Term2_Jan_Apr,24.7,0,58.6,0,20,4,MEDIUM
STU-05719,2,low_cost_private,2025,Term3_Apr_Jul,65.1,0,56.1,9,48.1,3,HIGH
STU-05720,2,low_cost_private,2025,Term2_Jan_Apr,17.1,0,88.6,1,87.3,0,LOW
STU-05721,3,public_state,2024,Term3_Apr_Jul,60,0,38.1,4,44.1,3,HIGH
STU-05722,3,public_state,2025,Term1_Sep_Dec,4.8,0,95.5,1,74.3,0,LOW
STU-05723,2,low_cost_private,2023,Term2_Jan_Apr,14.5,0,87.0,1,68.2,0,LOW
STU-05724,3,public_state,2024,Term1_Sep_Dec,60,0,59.0,0,36.8,5,HIGH
STU-05725,1,elite_private,2025,Term2_Jan_Apr,5.6,0,58.5,4,46.4,2,MEDIUM
STU-05726,2,low_cost_private,2025,Term3_Apr_Jul,62.0,0,34.3,4,65.0,0,MEDIUM
STU-05727,2,low_cost_private,2024,Term1_Sep_Dec,52.5,0,69.0,2,36.6,5,HIGH
STU-05728,2,low_cost_private,2025,Term2_Jan_Apr,45.8,0,32.1,6,20.9,5,HIGH
STU-05729,2,low_cost_private,2023,Term1_Sep_Dec,88.3,0,72.5,0,51.6,2,MEDIUM
STU-05730,1,elite_private,2023,Term1_Sep_Dec,0,1,98.4,2,96.0,0,LOW
STU-05731,1,elite_private,2024,Term1_Sep_Dec,13.0,0,81.6,0,85,0,LOW
STU-05732,3,public_state,2025,Term3_Apr_Jul,56.1,0,45.6,8,47.0,2,HIGH
STU-05733,3,public_state,2023,Term1_Sep_Dec,12.6,0,46.2,6,36.4,2,MEDIUM
STU-05734,1,elite_private,2024,Term3_Apr_Jul,0,1,100,0,89.5,0,LOW
STU-05735,2,low_cost_private,2024,Term1_Sep_Dec,72.3,0,47.2,15,52.7,2,HIGH
STU-05736,2,low_cost_private,2025,Term3_Apr_Jul,17.7,0,85.6,0,80.6,0,LOW
STU-05737,1,elite_private,2023,Term2_Jan_Apr,0,1,100,0,100,0,LOW
STU-05738,2,low_cost_private,2025,Term3_Apr_Jul,42.6,0,46.4,13,20,3,HIGH
STU-05739,1,elite_private,2023,Term2_Jan_Apr,0,1,97.9,1,87.2,0,LOW
STU-05740,2,low_cost_private,2025,Term2_Jan_Apr,23.2,0,70.8,1,84.8,0,LOW
STU-05741,2,low_cost_private,2023,Term1_Sep_Dec,20.9,0,67.7,1,46.6,1,MEDIUM
STU-05742,3,public_state,2023,Term1_Sep_Dec,45.8,0,28.7,9,20,3,HIGH
STU-05743,3,public_state,2023,Term3_Apr_Jul,16.4,0,45.0,9,29.4,2,HIGH
STU-05744,2,low_cost_private,2024,Term1_Sep_Dec,54.7,0,57.4,5,43.7,2,MEDIUM
STU-05745,3,public_state,2025,Term2_Jan_Apr,60,0,44.6,6,28.4,6,HIGH
STU-05746,3,public_state,2025,Term1_Sep_Dec,60,0,37.7,3,32.8,4,HIGH
STU-05747,1,elite_private,2023,Term3_Apr_Jul,0,1,100,0,93.7,0,LOW
STU-05748,2,low_cost_private,2023,Term3_Apr_Jul,14.5,0,82.4,0,76.3,0,LOW
STU-05749,3,public_state,2023,Term3_Apr_Jul,60,0,49.8,7,31.1,4,HIGH
STU-05750,3,public_state,2023,Term1_Sep_Dec,13.0,0,71.2,0,55.4,1,LOW
STU-05751,3,public_state,2025,Term3_Apr_Jul,48.3,0,28.5,13,43.7,3,HIGH
STU-05752,3,public_state,2023,Term2_Jan_Apr,60,0,38.1,6,39.5,5,HIGH
STU-05753,2,low_cost_private,2024,Term1_Sep_Dec,39.4,0,38.1,6,38.0,4,HIGH
STU-05754,3,public_state,2025,Term3_Apr_Jul,22.5,0,43.1,1,59.0,3,MEDIUM
STU-05755,1,elite_private,2025,Term1_Sep_Dec,14,0,,,,,WITHDRAWN
STU-05756,3,public_state,2024,Term2_Jan_Apr,6.8,0,70.6,4,51.4,1,MEDIUM
STU-05757,3,public_state,2025,Term2_Jan_Apr,60,0,41.9,0,25.7,5,HIGH
STU-05758,2,low_cost_private,2024,Term2_Jan_Apr,68.9,0,60.9,3,41.5,3,HIGH
STU-05759,2,low_cost_private,2025,Term3_Apr_Jul,93.3,0,35.2,0,54.2,3,HIGH
STU-05760,1,elite_private,2024,Term1_Sep_Dec,0,1,99.2,1,100,0,LOW
STU-05761,2,low_cost_private,2025,Term1_Sep_Dec,17.6,0,89.8,0,78.0,0,LOW
STU-05762,3,public_state,2023,Term3_Apr_Jul,23.4,0,35.5,9,20,4,HIGH
STU-05763,2,low_cost_private,2023,Term1_Sep_Dec,25.9,0,38.1,6,32.0,3,HIGH
STU-05764,2,low_cost_private,2023,Term1_Sep_Dec,52.1,0,37.8,13,36.1,4,HIGH
STU-05765,1,elite_private,2024,Term1_Sep_Dec,14,0,,,,,WITHDRAWN
STU-05766,2,low_cost_private,2024,Term3_Apr_Jul,13.5,0,82.6,0,79.2,0,LOW
STU-05767,1,elite_private,2024,Term1_Sep_Dec,0,1,99.2,1,87.0,0,LOW
STU-05768,3,public_state,2024,Term2_Jan_Apr,60,0,66.2,4,43.4,1,MEDIUM
STU-05769,2,low_cost_private,2023,Term3_Apr_Jul,18.8,0,87.5,0,82.7,0,LOW
STU-05770,2,low_cost_private,2024,Term1_Sep_Dec,51.9,0,48.3,4,73.0,1,MEDIUM
STU-05771,3,public_state,2023,Term3_Apr_Jul,34.4,0,44.0,6,28.6,5,HIGH
STU-05772,3,public_state,2024,Term2_Jan_Apr,41.3,0,44.7,5,30.1,4,HIGH
STU-05773,2,low_cost_private,2025,Term1_Sep_Dec,69.3,0,63.5,10,43.4,1,HIGH
STU-05774,2,low_cost_private,2025,Term3_Apr_Jul,44.9,0,55.1,8,32.9,5,HIGH
STU-05775,1,elite_private,2023,Term2_Jan_Apr,0,1,98.4,2,93.3,0,LOW
STU-05776,2,low_cost_private,2023,Term2_Jan_Apr,30.6,0,47.9,16,32.0,2,HIGH
STU-05777,3,public_state,2023,Term1_Sep_Dec,8.1,0,92.4,1,72.9,0,LOW
STU-05778,1,elite_private,2024,Term2_Jan_Apr,0,1,100,0,90.0,0,LOW
STU-05779,3,public_state,2025,Term3_Apr_Jul,13.7,0,40.6,9,49.5,2,MEDIUM
STU-05780,3,public_state,2025,Term1_Sep_Dec,16.7,0,52.0,1,35.1,2,MEDIUM
STU-05781,1,elite_private,2025,Term3_Apr_Jul,14,0,,,,,WITHDRAWN
STU-05782,2,low_cost_private,2023,Term1_Sep_Dec,20.9,0,89.2,1,85.9,0,LOW
STU-05783,1,elite_private,2023,Term2_Jan_Apr,14,0,,,,,WITHDRAWN
STU-05784,2,low_cost_private,2025,Term2_Jan_Apr,85.0,0,49.8,11,36.4,4,HIGH
STU-05785,3,public_state,2023,Term3_Apr_Jul,25.1,0,60.0,7,33.1,3,HIGH
STU-05786,2,low_cost_private,2025,Term3_Apr_Jul,81.0,0,44.8,4,55.5,0,MEDIUM
STU-05787,3,public_state,2024,Term2_Jan_Apr,58.8,0,43.1,11,46.8,3,HIGH
STU-05788,1,elite_private,2023,Term1_Sep_Dec,8.0,0,67.9,0,66.2,1,LOW
STU-05789,1,elite_private,2024,Term1_Sep_Dec,0,1,99.0,0,90.5,0,LOW
STU-05790,1,elite_private,2023,Term1_Sep_Dec,14,0,,,,,WITHDRAWN
STU-05791,2,low_cost_private,2024,Term3_Apr_Jul,52.7,0,34.9,1,39.2,3,HIGH
STU-05792,2,low_cost_private,2023,Term2_Jan_Apr,39.2,0,58.8,8,20,4,HIGH
STU-05793,1,elite_private,2023,Term1_Sep_Dec,0,1,99.2,1,88.7,0,LOW
STU-05794,1,elite_private,2023,Term2_Jan_Apr,12.9,0,87.2,1,80.6,0,LOW
STU-05795,3,public_state,2024,Term1_Sep_Dec,19.7,0,45.9,3,25,3,HIGH
STU-05796,2,low_cost_private,2023,Term3_Apr_Jul,18.2,0,82.0,1,70.8,0,LOW
STU-05797,3,public_state,2024,Term2_Jan_Apr,36.7,0,51.9,14,45.0,0,MEDIUM
STU-05798,1,elite_private,2023,Term3_Apr_Jul,9.2,0,64.1,0,76.1,2,LOW
STU-05799,2,low_cost_private,2023,Term3_Apr_Jul,13.4,0,56.1,2,48.9,2,MEDIUM
STU-05800,3,public_state,2023,Term2_Jan_Apr,19.1,0,54.4,3,31.3,4,HIGH
STU-05801,2,low_cost_private,2024,Term3_Apr_Jul,65.8,0,26.6,4,46.5,3,HIGH
STU-05802,3,public_state,2024,Term1_Sep_Dec,39.8,0,48.6,14,42.4,2,HIGH
STU-05803,1,elite_private,2025,Term2_Jan_Apr,5,0,61.2,1,68.1,1,LOW
STU-05804,1,elite_private,2024,Term2_Jan_Apr,0,1,99.2,1,93.3,0,LOW
STU-05805,2,low_cost_private,2025,Term3_Apr_Jul,20.2,0,41.7,5,31.5,4,HIGH
STU-05806,1,elite_private,2025,Term3_Apr_Jul,14,0,,,,,WITHDRAWN
STU-05807,1,elite_private,2023,Term3_Apr_Jul,0,1,100,0,89.5,0,LOW
STU-05808,3,public_state,2023,Term2_Jan_Apr,17.0,0,80.0,0,35.1,3,MEDIUM
STU-05809,2,low_cost_private,2025,Term2_Jan_Apr,52.5,0,71.7,0,43.2,3,MEDIUM
STU-05810,2,low_cost_private,2025,Term2_Jan_Apr,23.1,0,57.0,0,49.4,0,MEDIUM
STU-05811,1,elite_private,2024,Term1_Sep_Dec,0,1,99.2,1,88.6,0,LOW
STU-05812,2,low_cost_private,2024,Term2_Jan_Apr,61.2,0,54.1,8,33.2,5,HIGH
STU-05813,1,elite_private,2023,Term3_Apr_Jul,0,1,100,0,95.3,0,LOW
STU-05814,2,low_cost_private,2023,Term1_Sep_Dec,44.5,0,58.2,1,60.4,0,MEDIUM
STU-05815,3,public_state,2025,Term3_Apr_Jul,18.8,0,30.7,11,34.0,4,HIGH
STU-05816,2,low_cost_private,2023,Term2_Jan_Apr,90.7,0,40.6,12,41.0,2,HIGH
STU-05817,2,low_cost_private,2025,Term2_Jan_Apr,85.5,0,50.6,4,47.0,1,HIGH
STU-05818,2,low_cost_private,2025,Term2_Jan_Apr,48.6,0,55.5,5,42.2,2,MEDIUM
STU-05819,3,public_state,2025,Term1_Sep_Dec,38.6,0,41.2,8,31.6,4,HIGH
STU-05820,1,elite_private,2024,Term1_Sep_Dec,6.9,0,80.5,4,61.1,0,LOW
STU-05821,3,public_state,2023,Term3_Apr_Jul,38.4,0,52.6,9,59.0,1,MEDIUM
STU-05822,3,public_state,2024,Term1_Sep_Dec,35.7,0,62.1,9,30.4,2,HIGH
STU-05823,1,elite_private,2025,Term2_Jan_Apr,0,1,100,0,82.9,0,LOW
STU-05824,1,elite_private,2025,Term2_Jan_Apr,0,1,74.2,1,57.0,3,MEDIUM
STU-05825,2,low_cost_private,2024,Term3_Apr_Jul,61.4,0,44.8,0,37.7,5,HIGH
STU-05826,2,low_cost_private,2023,Term1_Sep_Dec,72.2,0,51.2,4,33.1,4,HIGH
STU-05827,2,low_cost_private,2025,Term2_Jan_Apr,74.6,0,50.2,1,46.2,4,HIGH
STU-05828,2,low_cost_private,2025,Term2_Jan_Apr,45.4,0,66.2,14,31.7,3,HIGH
STU-05829,1,elite_private,2024,Term2_Jan_Apr,4.3,0,67.7,6,66.6,0,LOW
STU-05830,2,low_cost_private,2024,Term2_Jan_Apr,66.3,0,38.2,16,32.9,5,HIGH
STU-05831,1,elite_private,2025,Term2_Jan_Apr,0,1,98.4,2,74.0,0,LOW
STU-05832,2,low_cost_private,2024,Term2_Jan_Apr,70.1,0,49.5,16,50.8,3,HIGH
STU-05833,2,low_cost_private,2023,Term1_Sep_Dec,38.6,0,57.7,11,56.5,0,MEDIUM
STU-05834,2,low_cost_private,2024,Term1_Sep_Dec,18.1,0,91.0,1,82.0,0,LOW
STU-05835,2,low_cost_private,2025,Term2_Jan_Apr,70.8,0,65.8,8,41.5,2,HIGH
STU-05836,3,public_state,2023,Term1_Sep_Dec,29.3,0,71.1,2,50.3,2,MEDIUM
STU-05837,2,low_cost_private,2025,Term1_Sep_Dec,40.0,0,62.4,2,47.1,2,MEDIUM
STU-05838,2,low_cost_private,2023,Term3_Apr_Jul,55.8,0,51.3,13,45.7,3,HIGH
STU-05839,3,public_state,2024,Term3_Apr_Jul,14.4,0,45.9,1,33.9,2,MEDIUM
STU-05840,1,elite_private,2023,Term3_Apr_Jul,0,1,100,0,92.4,0,LOW
STU-05841,2,low_cost_private,2023,Term2_Jan_Apr,34.0,0,58.8,8,49.0,5,HIGH
STU-05842,2,low_cost_private,2023,Term2_Jan_Apr,74.3,0,40.6,4,35.8,4,HIGH
STU-05843,2,low_cost_private,2025,Term3_Apr_Jul,84.6,0,46.3,4,37.9,7,HIGH
STU-05844,1,elite_private,2025,Term2_Jan_Apr,6.1,0,75.4,0,54.8,2,LOW
STU-05845,3,public_state,2025,Term2_Jan_Apr,6.6,0,92.1,2,63.7,0,LOW
STU-05846,1,elite_private,2023,Term3_Apr_Jul,0,1,83.5,3,68.3,0,LOW
STU-05847,2,low_cost_private,2025,Term1_Sep_Dec,32.8,0,28.8,11,20,2,HIGH
STU-05848,1,elite_private,2024,Term2_Jan_Apr,0,1,99.2,1,93.3,0,LOW
STU-05849,1,elite_private,2023,Term3_Apr_Jul,0.5,0,98.4,2,87.8,0,LOW
STU-05850,3,public_state,2025,Term1_Sep_Dec,18.3,0,68.2,13,46.5,2,MEDIUM
STU-05851,3,public_state,2023,Term3_Apr_Jul,10.7,0,50.5,11,20.6,3,HIGH
STU-05852,1,elite_private,2023,Term3_Apr_Jul,13.3,0,90.0,0,67.9,0,LOW
STU-05853,3,public_state,2025,Term1_Sep_Dec,38.9,0,47.2,3,26.1,3,HIGH
STU-05854,1,elite_private,2023,Term1_Sep_Dec,8.5,0,74.8,1,46.0,5,MEDIUM
STU-05855,2,low_cost_private,2024,Term2_Jan_Apr,67.5,0,50.3,10,44.0,3,HIGH
STU-05856,2,low_cost_private,2025,Term3_Apr_Jul,25.2,0,43.2,4,29.2,6,HIGH
STU-05857,1,elite_private,2024,Term1_Sep_Dec,0,1,99.2,1,86.6,0,LOW
STU-05858,3,public_state,2023,Term1_Sep_Dec,38.5,0,62.4,6,25,4,HIGH
STU-05859,2,low_cost_private,2023,Term3_Apr_Jul,19.2,0,84.3,0,86.5,0,LOW
STU-05860,3,public_state,2024,Term3_Apr_Jul,12.2,0,48.0,0,40.6,4,MEDIUM
STU-05861,1,elite_private,2025,Term1_Sep_Dec,0,1,99.2,1,83.0,0,LOW
STU-05862,3,public_state,2024,Term3_Apr_Jul,29.8,0,62.1,0,49.8,1,MEDIUM
STU-05863,3,public_state,2023,Term3_Apr_Jul,22.1,0,25.2,4,28.8,5,HIGH
STU-05864,1,elite_private,2025,Term1_Sep_Dec,2.0,0,72.6,1,71.1,0,LOW
STU-05865,1,elite_private,2025,Term2_Jan_Apr,0,1,99.2,1,100,0,LOW
STU-05866,3,public_state,2023,Term1_Sep_Dec,17.2,0,39.2,7,20,4,HIGH
STU-05867,3,public_state,2025,Term2_Jan_Apr,27.9,0,45.2,3,41.9,4,HIGH
STU-05868,1,elite_private,2024,Term3_Apr_Jul,4.2,0,66.0,0,37.4,3,MEDIUM
STU-05869,3,public_state,2025,Term2_Jan_Apr,16.4,0,69.1,1,64.2,2,MEDIUM
STU-05870,1,elite_private,2025,Term1_Sep_Dec,0.4,0,99.2,1,88.2,0,LOW
STU-05871,3,public_state,2025,Term3_Apr_Jul,52.5,0,38.9,5,58.0,0,MEDIUM
STU-05872,3,public_state,2024,Term1_Sep_Dec,21.0,0,81.7,4,64.1,0,LOW
STU-05873,3,public_state,2025,Term3_Apr_Jul,29.8,0,49.4,0,59.0,2,MEDIUM
STU-05874,2,low_cost_private,2023,Term1_Sep_Dec,47.6,0,42.8,4,24.8,4,HIGH
STU-05875,1,elite_private,2023,Term3_Apr_Jul,3.8,0,64.5,0,56.3,1,LOW
STU-05876,1,elite_private,2024,Term2_Jan_Apr,0,1,100,0,84.0,0,LOW
STU-05877,2,low_cost_private,2024,Term3_Apr_Jul,49.6,0,31.5,13,43.4,1,HIGH
STU-05878,2,low_cost_private,2024,Term2_Jan_Apr,28.7,0,42.1,6,28.0,4,HIGH
STU-05879,3,public_state,2024,Term2_Jan_Apr,9.5,0,69.2,0,66.0,1,LOW
STU-05880,1,elite_private,2024,Term3_Apr_Jul,0,1,100,0,86.7,0,LOW
STU-05881,3,public_state,2025,Term2_Jan_Apr,14.3,0,68.1,3,27.1,5,HIGH
STU-05882,3,public_state,2023,Term1_Sep_Dec,5.7,0,93.1,0,74.2,0,LOW
STU-05883,3,public_state,2023,Term3_Apr_Jul,13.3,0,27.6,6,24.0,3,HIGH
STU-05884,1,elite_private,2025,Term3_Apr_Jul,5.2,0,66.7,3,47.8,1,MEDIUM
STU-05885,2,low_cost_private,2025,Term1_Sep_Dec,31.7,0,49.5,0,40.2,1,MEDIUM
STU-05886,2,low_cost_private,2023,Term2_Jan_Apr,46.2,0,76.4,9,45.3,1,MEDIUM
STU-05887,1,elite_private,2024,Term1_Sep_Dec,0,1,100,0,90.7,0,LOW
STU-05888,3,public_state,2023,Term1_Sep_Dec,22.0,0,48.6,0,20,4,MEDIUM
STU-05889,3,public_state,2025,Term1_Sep_Dec,15.5,0,53.5,1,20,3,MEDIUM
STU-05890,2,low_cost_private,2025,Term3_Apr_Jul,18.2,0,85.9,0,85.0,0,LOW
STU-05891,2,low_cost_private,2024,Term2_Jan_Apr,36.2,0,28.3,4,50.9,2,HIGH
STU-05892,2,low_cost_private,2025,Term2_Jan_Apr,67.4,0,56.3,10,28.1,5,HIGH
STU-05893,2,low_cost_private,2024,Term2_Jan_Apr,56.3,0,35.9,6,47.4,2,HIGH
STU-05894,3,public_state,2023,Term1_Sep_Dec,13.5,0,40.4,4,29.8,4,HIGH
STU-05895,3,public_state,2023,Term1_Sep_Dec,19.7,0,28.5,5,20,2,HIGH
STU-05896,3,public_state,2023,Term1_Sep_Dec,21.5,0,62.0,1,55.0,0,MEDIUM
STU-05897,1,elite_private,2024,Term1_Sep_Dec,0,1,100,0,81.2,0,LOW
STU-05898,2,low_cost_private,2024,Term3_Apr_Jul,51.8,0,41.9,6,42.5,1,HIGH
STU-05899,1,elite_private,2023,Term1_Sep_Dec,0,1,99.2,1,90.6,0,LOW
STU-05900,1,elite_private,2025,Term1_Sep_Dec,11.9,0,78.6,5,76.2,0,LOW
STU-05901,2,low_cost_private,2023,Term1_Sep_Dec,20.8,0,38.5,15,52.1,1,HIGH
STU-05902,3,public_state,2023,Term2_Jan_Apr,13.7,0,66.6,5,20,4,MEDIUM
STU-05903,3,public_state,2024,Term3_Apr_Jul,36.7,0,15,8,20,4,HIGH
STU-05904,2,low_cost_private,2025,Term1_Sep_Dec,31.1,0,56.2,13,27.8,4,HIGH
STU-05905,1,elite_private,2025,Term2_Jan_Apr,0,1,99.2,1,83.2,0,LOW
STU-05906,1,elite_private,2023,Term1_Sep_Dec,0,1,72.1,1,71.1,0,LOW
STU-05907,2,low_cost_private,2024,Term1_Sep_Dec,55.8,0,34.3,9,62.9,1,HIGH
STU-05908,1,elite_private,2023,Term1_Sep_Dec,14,0,,,,,WITHDRAWN
STU-05909,3,public_state,2025,Term2_Jan_Apr,10.4,0,90.3,1,65.0,0,LOW
STU-05910,2,low_cost_private,2023,Term2_Jan_Apr,71.3,0,46.5,0,52.5,1,MEDIUM
STU-05911,2,low_cost_private,2024,Term1_Sep_Dec,81.1,0,55.7,2,32.5,5,HIGH
STU-05912,3,public_state,2024,Term1_Sep_Dec,52.5,0,54.1,6,30.0,5,HIGH
STU-05913,2,low_cost_private,2024,Term1_Sep_Dec,14.7,0,85.6,1,76.5,0,LOW
STU-05914,2,low_cost_private,2024,Term3_Apr_Jul,97.3,0,45.7,12,41.9,2,HIGH
STU-05915,1,elite_private,2025,Term1_Sep_Dec,0,1,99.2,1,96.4,0,LOW
STU-05916,3,public_state,2023,Term1_Sep_Dec,25.0,0,65.2,6,25,4,MEDIUM
STU-05917,2,low_cost_private,2025,Term3_Apr_Jul,15.1,0,83.7,1,77.6,0,LOW
STU-05918,3,public_state,2024,Term1_Sep_Dec,23.1,0,63.3,12,50.0,3,HIGH
STU-05919,1,elite_private,2024,Term3_Apr_Jul,0,1,100,0,99.2,0,LOW
STU-05920,3,public_state,2023,Term1_Sep_Dec,38.1,0,67.1,0,34.7,3,MEDIUM
STU-05921,2,low_cost_private,2023,Term2_Jan_Apr,17.0,0,56.0,0,81.2,0,LOW
STU-05922,2,low_cost_private,2024,Term3_Apr_Jul,69.4,0,59.8,4,49.7,3,HIGH
STU-05923,2,low_cost_private,2024,Term3_Apr_Jul,69.6,0,57.7,7,30.6,5,HIGH
STU-05924,2,low_cost_private,2024,Term3_Apr_Jul,18.5,0,88.3,0,79.5,0,LOW
STU-05925,2,low_cost_private,2024,Term1_Sep_Dec,34.7,0,49.8,0,49.4,3,MEDIUM
STU-05926,3,public_state,2024,Term3_Apr_Jul,26.8,0,39.9,3,28.4,3,HIGH
STU-05927,3,public_state,2024,Term2_Jan_Apr,60,0,41.5,6,45.8,2,HIGH
STU-05928,2,low_cost_private,2025,Term2_Jan_Apr,18.7,0,87.9,2,68.1,0,LOW
STU-05929,3,public_state,2025,Term2_Jan_Apr,38.1,0,72.8,1,35.9,3,MEDIUM
STU-05930,2,low_cost_private,2025,Term3_Apr_Jul,48.7,0,26.7,13,39.9,5,HIGH
STU-05931,1,elite_private,2024,Term1_Sep_Dec,0,1,75.4,0,59.0,0,LOW
STU-05932,3,public_state,2024,Term2_Jan_Apr,10.9,0,50.3,8,40.6,2,MEDIUM
STU-05933,2,low_cost_private,2023,Term1_Sep_Dec,33.1,0,46.7,4,56.3,2,MEDIUM
STU-05934,2,low_cost_private,2025,Term1_Sep_Dec,44.5,0,48.5,14,20,3,HIGH
STU-05935,3,public_state,2023,Term2_Jan_Apr,12.3,0,49.9,1,40.8,3,MEDIUM
STU-05936,1,elite_private,2023,Term1_Sep_Dec,0,1,99.2,1,83.8,0,LOW
STU-05937,2,low_cost_private,2023,Term3_Apr_Jul,32.1,0,70.0,0,58.7,3,MEDIUM
STU-05938,2,low_cost_private,2023,Term2_Jan_Apr,34.6,0,34.7,9,50.5,2,HIGH
STU-05939,1,elite_private,2024,Term2_Jan_Apr,0,1,83.4,1,58.8,2,LOW
STU-05940,3,public_state,2025,Term2_Jan_Apr,49.9,0,46.6,15,20,4,HIGH
STU-05941,1,elite_private,2025,Term2_Jan_Apr,0,1,100,0,87.6,0,LOW
STU-05942,1,elite_private,2023,Term3_Apr_Jul,0,1,100,0,92.7,0,LOW
STU-05943,2,low_cost_private,2025,Term3_Apr_Jul,39.6,0,58.7,0,38.8,4,MEDIUM
STU-05944,3,public_state,2024,Term1_Sep_Dec,40.9,0,50.2,9,23.1,5,HIGH
STU-05945,2,low_cost_private,2025,Term2_Jan_Apr,32.4,0,53.4,4,33.7,3,HIGH
STU-05946,1,elite_private,2025,Term3_Apr_Jul,7.9,0,68.4,4,59.7,1,MEDIUM
STU-05947,2,low_cost_private,2024,Term2_Jan_Apr,57.1,0,48.0,0,42.7,4,MEDIUM
STU-05948,2,low_cost_private,2025,Term3_Apr_Jul,59.3,0,51.4,9,42.9,2,HIGH
STU-05949,2,low_cost_private,2025,Term1_Sep_Dec,36.4,0,56.5,1,58.5,0,MEDIUM
STU-05950,1,elite_private,2023,Term1_Sep_Dec,0,1,99.2,1,87.7,0,LOW
STU-05951,1,elite_private,2025,Term2_Jan_Apr,0,1,100,0,99.8,0,LOW
STU-05952,2,low_cost_private,2023,Term1_Sep_Dec,91.2,0,62.6,0,38.5,5,HIGH
STU-05953,3,public_state,2024,Term2_Jan_Apr,50.9,0,56.0,3,22.2,4,HIGH
STU-05954,2,low_cost_private,2024,Term1_Sep_Dec,30.0,0,57.4,0,35.9,2,MEDIUM
STU-05955,3,public_state,2023,Term3_Apr_Jul,25.4,0,40.8,3,32.4,4,HIGH
STU-05956,3,public_state,2023,Term3_Apr_Jul,6.6,0,74.9,9,69.6,0,LOW
STU-05957,3,public_state,2023,Term2_Jan_Apr,23.1,0,55.5,6,20,5,HIGH
STU-05958,1,elite_private,2024,Term3_Apr_Jul,1.5,0,76.6,4,70.8,1,LOW
STU-05959,2,low_cost_private,2023,Term2_Jan_Apr,25.2,0,49.5,12,75.4,0,MEDIUM
STU-05960,2,low_cost_private,2023,Term2_Jan_Apr,47.5,0,68.9,1,46.7,2,MEDIUM
STU-05961,2,low_cost_private,2023,Term3_Apr_Jul,16.2,0,83.7,1,89.4,0,LOW
STU-05962,1,elite_private,2023,Term2_Jan_Apr,0,1,100,0,80.3,0,LOW
STU-05963,3,public_state,2023,Term2_Jan_Apr,23.5,0,52.3,2,60.0,0,MEDIUM
STU-05964,2,low_cost_private,2024,Term2_Jan_Apr,53.7,0,41.4,16,36.9,3,HIGH
STU-05965,2,low_cost_private,2024,Term2_Jan_Apr,28.6,0,63.8,0,34.9,7,MEDIUM
STU-05966,1,elite_private,2023,Term1_Sep_Dec,7.3,0,80.8,4,74.7,0,LOW
STU-05967,1,elite_private,2023,Term1_Sep_Dec,1.8,0,99.2,1,88.6,0,LOW
STU-05968,3,public_state,2025,Term3_Apr_Jul,20.6,0,32.8,4,47.2,2,MEDIUM
STU-05969,2,low_cost_private,2023,Term1_Sep_Dec,97.6,0,63.3,8,46.2,1,HIGH
STU-05970,1,elite_private,2023,Term1_Sep_Dec,3.1,0,82.5,3,67.9,1,LOW
STU-05971,2,low_cost_private,2023,Term1_Sep_Dec,15.1,0,55.4,8,37.4,3,HIGH
STU-05972,3,public_state,2024,Term2_Jan_Apr,29.6,0,23.6,12,36.2,2,HIGH
STU-05973,3,public_state,2024,Term3_Apr_Jul,60,0,51.8,7,37.3,3,HIGH
STU-05974,2,low_cost_private,2024,Term1_Sep_Dec,23.9,0,28.0,0,20,5,HIGH
STU-05975,2,low_cost_private,2024,Term2_Jan_Apr,16.5,0,88.3,3,77.7,0,LOW
STU-05976,2,low_cost_private,2024,Term2_Jan_Apr,43.9,0,73.5,4,46.5,2,MEDIUM
STU-05977,2,low_cost_private,2024,Term3_Apr_Jul,35.7,0,61.4,4,47.3,1,MEDIUM
STU-05978,2,low_cost_private,2023,Term1_Sep_Dec,32.7,0,56.5,5,24.5,3,HIGH
STU-05979,2,low_cost_private,2023,Term2_Jan_Apr,19.7,0,89.9,0,87.3,0,LOW
STU-05980,3,public_state,2024,Term2_Jan_Apr,13.7,0,72.5,1,47.2,0,LOW
STU-05981,3,public_state,2024,Term3_Apr_Jul,4.3,0,63.7,3,55.6,1,MEDIUM
STU-05982,3,public_state,2025,Term1_Sep_Dec,23.2,0,56.7,9,20,4,HIGH
STU-05983,1,elite_private,2024,Term1_Sep_Dec,0,1,98.6,0,86.6,0,LOW
STU-05984,3,public_state,2024,Term1_Sep_Dec,58.2,0,75.4,0,30.5,4,MEDIUM
STU-05985,1,elite_private,2023,Term1_Sep_Dec,0,1,99.2,1,90.0,0,LOW
STU-05986,2,low_cost_private,2023,Term3_Apr_Jul,53.0,0,34.9,13,38.1,6,HIGH
STU-05987,1,elite_private,2024,Term2_Jan_Apr,0.3,0,99.2,1,87.7,0,LOW
STU-05988,2,low_cost_private,2024,Term1_Sep_Dec,46.8,0,68.8,12,42.8,1,MEDIUM
STU-05989,2,low_cost_private,2024,Term3_Apr_Jul,27.6,0,33.5,7,20,4,HIGH
STU-05990,3,public_state,2025,Term1_Sep_Dec,60,0,49.8,0,21.9,5,HIGH
STU-05991,2,low_cost_private,2024,Term3_Apr_Jul,15.3,0,67.0,12,36.5,5,HIGH
STU-05992,2,low_cost_private,2025,Term2_Jan_Apr,18.6,0,93.7,0,86.7,0,LOW
STU-05993,2,low_cost_private,2025,Term2_Jan_Apr,69.3,0,53.5,1,23.8,4,HIGH
STU-05994,1,elite_private,2023,Term3_Apr_Jul,0,1,99.2,1,100,0,LOW
STU-05995,3,public_state,2023,Term1_Sep_Dec,21.6,0,39.1,5,30.0,2,HIGH
STU-05996,2,low_cost_private,2024,Term3_Apr_Jul,21.6,0,60.9,0,59.6,2,MEDIUM
STU-05997,2,low_cost_private,2023,Term2_Jan_Apr,35.3,0,63.1,0,39.6,2,MEDIUM
STU-05998,1,elite_private,2024,Term1_Sep_Dec,0,1,78.6,4,58.2,4,MEDIUM
STU-05999,3,public_state,2025,Term2_Jan_Apr,17.3,0,38.9,13,20,3,HIGH
STU-06000,2,low_cost_private,2025,Term2_Jan_Apr,23.9,0,41.1,10,24.2,4,HIGH
STU-06001,2,low_cost_private,2025,Term1_Sep_Dec,33.7,0,64.2,2,45.0,2,MEDIUM
STU-06002,1,elite_private,2025,Term1_Sep_Dec,14,0,,,,,WITHDRAWN
STU-06003,3,public_state,2023,Term2_Jan_Apr,34.0,0,69.9,4,53.0,1,MEDIUM
STU-06004,2,low_cost_private,2024,Term3_Apr_Jul,40.6,0,65.3,4,20,3,HIGH
STU-06005,2,low_cost_private,2024,Term3_Apr_Jul,19.7,0,63.3,0,57.0,1,MEDIUM
STU-06006,3,public_state,2025,Term1_Sep_Dec,31.9,0,59.5,10,27.3,5,HIGH
STU-06007,1,elite_private,2025,Term3_Apr_Jul,0,1,99.2,1,94.7,0,LOW
STU-06008,1,elite_private,2023,Term3_Apr_Jul,14,0,,,,,WITHDRAWN
STU-06009,1,elite_private,2024,Term2_Jan_Apr,0,1,96.8,2,100,0,LOW
STU-06010,3,public_state,2023,Term2_Jan_Apr,28.9,0,49.3,6,53.1,3,HIGH
STU-06011,1,elite_private,2024,Term2_Jan_Apr,14,0,,,,,WITHDRAWN
STU-06012,2,low_cost_private,2024,Term1_Sep_Dec,15.5,0,88.1,1,74.6,0,LOW
STU-06013,1,elite_private,2025,Term3_Apr_Jul,0,1,100,0,89.8,0,LOW
STU-06014,3,public_state,2025,Term1_Sep_Dec,14.5,0,71.8,6,37.5,3,MEDIUM
STU-06015,3,public_state,2023,Term1_Sep_Dec,31.0,0,61.1,15,28.3,5,HIGH
STU-06016,2,low_cost_private,2025,Term2_Jan_Apr,18.7,0,30.8,12,32.6,5,HIGH
STU-06017,3,public_state,2025,Term3_Apr_Jul,60,0,34.4,11,37.2,4,HIGH
STU-06018,1,elite_private,2023,Term1_Sep_Dec,14.0,0,,,,,WITHDRAWN
STU-06019,2,low_cost_private,2024,Term2_Jan_Apr,37.5,0,58.5,4,37.0,5,HIGH
STU-06020,2,low_cost_private,2024,Term2_Jan_Apr,27.6,0,31.1,1,20,2,MEDIUM
STU-06021,2,low_cost_private,2025,Term3_Apr_Jul,26.9,0,25.3,4,20,5,HIGH
STU-06022,1,elite_private,2023,Term2_Jan_Apr,0,1,98.6,0,85.1,0,LOW
STU-06023,2,low_cost_private,2024,Term3_Apr_Jul,52.9,0,43.2,9,35.4,3,HIGH
STU-06024,1,elite_private,2024,Term2_Jan_Apr,0,1,100,0,94.7,0,LOW
STU-06025,3,public_state,2025,Term3_Apr_Jul,26.7,0,44.2,0,51.3,2,MEDIUM
STU-06026,1,elite_private,2025,Term1_Sep_Dec,0,1,100,0,92.0,0,LOW
STU-06027,2,low_cost_private,2023,Term1_Sep_Dec,53.8,0,47.6,0,53.5,1,MEDIUM
STU-06028,2,low_cost_private,2024,Term1_Sep_Dec,35.0,0,64.1,4,40.5,4,HIGH
STU-06029,1,elite_private,2023,Term3_Apr_Jul,14,0,,,,,WITHDRAWN
STU-06030,2,low_cost_private,2023,Term3_Apr_Jul,17.4,0,40.8,0,32.7,3,MEDIUM
STU-06031,2,low_cost_private,2024,Term3_Apr_Jul,21.5,0,37.8,10,46.5,1,HIGH
STU-06032,3,public_state,2025,Term3_Apr_Jul,10.8,0,50.3,9,48.7,2,MEDIUM
STU-06033,2,low_cost_private,2023,Term3_Apr_Jul,42.6,0,43.5,7,22.4,4,HIGH
STU-06034,1,elite_private,2023,Term1_Sep_Dec,2.1,0,100,0,88.9,0,LOW
STU-06035,2,low_cost_private,2023,Term2_Jan_Apr,35.5,0,27.1,11,26.2,3,HIGH
STU-06036,1,elite_private,2025,Term1_Sep_Dec,0,1,100,0,86.6,0,LOW
STU-06037,3,public_state,2025,Term3_Apr_Jul,22.1,0,31.4,7,26.0,2,HIGH
STU-06038,3,public_state,2025,Term3_Apr_Jul,12.0,0,35.5,8,20,3,HIGH
STU-06039,1,elite_private,2025,Term1_Sep_Dec,0,1,100,0,88.1,0,LOW
STU-06040,1,elite_private,2025,Term3_Apr_Jul,14,0,,,,,WITHDRAWN
STU-06041,3,public_state,2023,Term2_Jan_Apr,24.0,0,50.7,3,55.6,1,MEDIUM
STU-06042,2,low_cost_private,2023,Term2_Jan_Apr,55.4,0,40.8,9,60.5,1,HIGH
STU-06043,1,elite_private,2023,Term1_Sep_Dec,0,1,99.2,1,86.4,0,LOW
STU-06044,2,low_cost_private,2024,Term1_Sep_Dec,51.9,0,37.1,7,58.9,2,HIGH
STU-06045,1,elite_private,2024,Term1_Sep_Dec,3.3,0,77.6,1,69.1,0,LOW
STU-06046,2,low_cost_private,2023,Term1_Sep_Dec,35.0,0,46.0,10,40.5,2,HIGH
STU-06047,1,elite_private,2024,Term2_Jan_Apr,5.2,0,54.4,2,52.4,2,MEDIUM
STU-06048,3,public_state,2023,Term3_Apr_Jul,4.8,0,80.4,0,69.7,0,LOW
STU-06049,1,elite_private,2023,Term1_Sep_Dec,0,1,97.6,3,86.3,0,LOW
STU-06050,2,low_cost_private,2023,Term2_Jan_Apr,38.5,0,56.4,2,46.8,1,MEDIUM
STU-06051,2,low_cost_private,2024,Term1_Sep_Dec,56.9,0,50.5,8,28.0,4,HIGH
STU-06052,1,elite_private,2025,Term1_Sep_Dec,0.0,0,100,0,98.2,0,LOW
STU-06053,3,public_state,2024,Term3_Apr_Jul,19.7,0,44.6,2,43.6,2,MEDIUM
STU-06054,2,low_cost_private,2024,Term3_Apr_Jul,30.6,0,62.0,5,42.3,4,HIGH
STU-06055,2,low_cost_private,2023,Term3_Apr_Jul,16.1,0,80.0,3,73.9,0,LOW
STU-06056,3,public_state,2023,Term3_Apr_Jul,52.9,0,57.6,11,24.2,5,HIGH
STU-06057,2,low_cost_private,2023,Term3_Apr_Jul,21.5,0,45.4,4,34.1,4,HIGH
STU-06058,3,public_state,2023,Term3_Apr_Jul,11.3,0,51.3,2,44.0,2,MEDIUM
STU-06059,2,low_cost_private,2024,Term3_Apr_Jul,23.8,0,49.6,6,37.9,5,HIGH
STU-06060,2,low_cost_private,2023,Term3_Apr_Jul,74.1,0,46.2,5,35.9,5,HIGH
STU-06061,3,public_state,2024,Term3_Apr_Jul,18.1,0,20.2,11,20.9,4,HIGH
STU-06062,2,low_cost_private,2023,Term1_Sep_Dec,17.5,0,61.6,9,32.3,3,HIGH
STU-06063,3,public_state,2023,Term3_Apr_Jul,27.7,0,51.8,1,56.2,3,MEDIUM
STU-06064,3,public_state,2023,Term2_Jan_Apr,16.3,0,61.4,10,32.0,4,HIGH
STU-06065,1,elite_private,2025,Term1_Sep_Dec,0.2,0,98.4,2,80.7,0,LOW
STU-06066,1,elite_private,2024,Term2_Jan_Apr,14,0,,,,,WITHDRAWN
STU-06067,3,public_state,2023,Term2_Jan_Apr,15.9,0,49.3,0,46.1,1,MEDIUM
STU-06068,2,low_cost_private,2023,Term2_Jan_Apr,20.2,0,88.0,2,84.9,0,LOW
STU-06069,1,elite_private,2024,Term2_Jan_Apr,0,1,100,0,94.0,0,LOW
STU-06070,3,public_state,2025,Term3_Apr_Jul,9.6,0,81.9,1,69.8,0,LOW
STU-06071,2,low_cost_private,2024,Term1_Sep_Dec,18.7,0,49.4,0,21.6,3,MEDIUM
STU-06072,3,public_state,2023,Term1_Sep_Dec,19.8,0,48.0,0,48.2,3,MEDIUM
STU-06073,3,public_state,2023,Term2_Jan_Apr,33.7,0,68.0,7,23.0,3,HIGH
STU-06074,2,low_cost_private,2023,Term1_Sep_Dec,39.5,0,51.1,8,37.0,3,HIGH
STU-06075,3,public_state,2025,Term2_Jan_Apr,30.8,0,67.7,12,42.1,3,HIGH
STU-06076,3,public_state,2023,Term2_Jan_Apr,24.3,0,85.9,0,35.1,2,MEDIUM
STU-06077,3,public_state,2023,Term2_Jan_Apr,19.5,0,53.6,12,24.9,5,HIGH
STU-06078,2,low_cost_private,2025,Term3_Apr_Jul,43.0,0,39.3,13,50.6,2,HIGH
STU-06079,2,low_cost_private,2023,Term3_Apr_Jul,61.9,0,57.7,4,63.4,1,MEDIUM
STU-06080,2,low_cost_private,2025,Term1_Sep_Dec,13.1,0,83.6,3,62.1,0,LOW
STU-06081,1,elite_private,2024,Term1_Sep_Dec,7.3,0,73.7,1,64.3,0,LOW
STU-06082,1,elite_private,2025,Term3_Apr_Jul,6.9,0,81.2,4,73.8,0,LOW
STU-06083,3,public_state,2025,Term3_Apr_Jul,5.6,0,49.3,1,20,2,MEDIUM
STU-06084,1,elite_private,2023,Term1_Sep_Dec,0,1,100,0,86.2,0,LOW
STU-06085,3,public_state,2025,Term3_Apr_Jul,23.2,0,63.0,0,68.6,0,LOW
STU-06086,1,elite_private,2025,Term1_Sep_Dec,0,1,100,0,90.0,0,LOW
STU-06087,3,public_state,2025,Term1_Sep_Dec,20.8,0,75.0,1,20,3,MEDIUM
STU-06088,3,public_state,2025,Term3_Apr_Jul,38.2,0,39.8,13,20,3,HIGH
STU-06089,3,public_state,2025,Term2_Jan_Apr,28.7,0,60.6,1,48.4,1,MEDIUM
STU-06090,3,public_state,2024,Term2_Jan_Apr,32.2,0,53.1,9,45.6,1,HIGH
STU-06091,2,low_cost_private,2023,Term2_Jan_Apr,30.0,0,51.6,13,47.9,2,MEDIUM
STU-06092,3,public_state,2023,Term3_Apr_Jul,15.1,0,57.2,0,33.3,5,MEDIUM
STU-06093,2,low_cost_private,2024,Term2_Jan_Apr,48.7,0,48.5,0,52.5,1,MEDIUM
STU-06094,2,low_cost_private,2025,Term3_Apr_Jul,41.7,0,56.1,8,54.8,1,HIGH
STU-06095,2,low_cost_private,2024,Term3_Apr_Jul,18.0,0,83.4,1,63.0,0,LOW
STU-06096,2,low_cost_private,2024,Term1_Sep_Dec,24.8,0,28.6,4,36.1,4,HIGH
STU-06097,3,public_state,2023,Term1_Sep_Dec,32.0,0,26.5,8,26.1,2,HIGH
STU-06098,3,public_state,2025,Term1_Sep_Dec,2.8,0,71.6,3,45.6,1,MEDIUM
STU-06099,2,low_cost_private,2023,Term3_Apr_Jul,24.7,0,44.2,1,32.8,5,HIGH
STU-06100,2,low_cost_private,2023,Term1_Sep_Dec,59.1,0,45.5,6,33.5,2,HIGH
STU-06101,1,elite_private,2023,Term1_Sep_Dec,0,1,99.2,1,85.5,0,LOW
STU-06102,2,low_cost_private,2024,Term1_Sep_Dec,26.9,0,72.5,0,50.1,1,MEDIUM
STU-06103,1,elite_private,2024,Term3_Apr_Jul,12.9,0,78.6,0,63.3,0,LOW
STU-06104,2,low_cost_private,2025,Term3_Apr_Jul,15.9,0,85.1,1,74.6,0,LOW
STU-06105,2,low_cost_private,2023,Term3_Apr_Jul,69.5,0,30.3,6,46.3,2,HIGH
STU-06106,2,low_cost_private,2025,Term2_Jan_Apr,39.8,0,52.6,4,58.5,1,MEDIUM
STU-06107,1,elite_private,2023,Term1_Sep_Dec,0,1,99.2,1,92.5,0,LOW
STU-06108,1,elite_private,2024,Term1_Sep_Dec,5.8,0,82.7,0,55.1,3,LOW
STU-06109,1,elite_private,2025,Term1_Sep_Dec,14,0,,,,,WITHDRAWN
STU-06110,3,public_state,2023,Term3_Apr_Jul,16.7,0,50.0,2,25,2,MEDIUM
STU-06111,1,elite_private,2024,Term1_Sep_Dec,14,0,,,,,WITHDRAWN
STU-06112,2,low_cost_private,2023,Term2_Jan_Apr,86.9,0,44.1,10,58.5,0,HIGH
STU-06113,3,public_state,2023,Term2_Jan_Apr,13.0,0,56.0,8,25,3,HIGH
STU-06114,1,elite_private,2023,Term3_Apr_Jul,0,1,98.4,2,86.6,0,LOW
STU-06115,2,low_cost_private,2025,Term2_Jan_Apr,68.0,0,54.1,0,48.7,2,MEDIUM
STU-06116,1,elite_private,2024,Term2_Jan_Apr,0,1,98.4,2,97.9,0,LOW
STU-06117,2,low_cost_private,2023,Term2_Jan_Apr,41.3,0,41.9,15,45.5,2,HIGH
STU-06118,3,public_state,2024,Term1_Sep_Dec,41.2,0,47.7,7,20,6,HIGH
STU-06119,2,low_cost_private,2024,Term2_Jan_Apr,22.4,0,71.3,5,49.4,1,MEDIUM
STU-06120,3,public_state,2023,Term2_Jan_Apr,26.5,0,49.2,16,29.1,5,HIGH
STU-06121,2,low_cost_private,2024,Term1_Sep_Dec,81.1,0,52.3,6,29.6,5,HIGH
STU-06122,1,elite_private,2024,Term2_Jan_Apr,14,0,,,,,WITHDRAWN
STU-06123,2,low_cost_private,2024,Term2_Jan_Apr,54.9,0,51.6,13,32.2,5,HIGH
STU-06124,2,low_cost_private,2023,Term2_Jan_Apr,49.4,0,38.9,16,20,4,HIGH
STU-06125,3,public_state,2024,Term2_Jan_Apr,28.7,0,25.6,0,20,5,HIGH
STU-06126,3,public_state,2024,Term3_Apr_Jul,60,0,44.7,3,26.0,5,HIGH
STU-06127,2,low_cost_private,2025,Term3_Apr_Jul,38.8,0,41.4,12,59.2,2,HIGH
STU-06128,1,elite_private,2023,Term1_Sep_Dec,14,0,,,,,WITHDRAWN
STU-06129,2,low_cost_private,2024,Term1_Sep_Dec,29.4,0,50.8,0,42.8,3,MEDIUM
STU-06130,3,public_state,2025,Term2_Jan_Apr,0.5,0,51.8,3,28.6,2,MEDIUM
STU-06131,1,elite_private,2024,Term3_Apr_Jul,14,0,,,,,WITHDRAWN
STU-06132,2,low_cost_private,2023,Term1_Sep_Dec,40.1,0,31.7,5,20,2,HIGH
STU-06133,2,low_cost_private,2025,Term1_Sep_Dec,37.6,0,40.4,4,31.4,4,HIGH
STU-06134,3,public_state,2024,Term1_Sep_Dec,12.5,0,74.0,1,32.8,2,MEDIUM
STU-06135,3,public_state,2025,Term2_Jan_Apr,11.2,0,56.1,3,38.2,4,MEDIUM
STU-06136,1,elite_private,2024,Term2_Jan_Apr,14,0,,,,,WITHDRAWN
STU-06137,2,low_cost_private,2024,Term3_Apr_Jul,19.6,0,53.1,11,27.5,3,HIGH
STU-06138,3,public_state,2023,Term3_Apr_Jul,4.6,0,31.2,1,20,3,MEDIUM
STU-06139,2,low_cost_private,2024,Term3_Apr_Jul,96.0,0,30.0,13,48.1,1,HIGH
STU-06140,1,elite_private,2023,Term1_Sep_Dec,0,1,78.2,2,64.2,1,LOW
STU-06141,1,elite_private,2025,Term3_Apr_Jul,0,1,100,0,93.1,0,LOW
STU-06142,3,public_state,2024,Term3_Apr_Jul,21.6,0,54.3,3,25.7,3,HIGH
STU-06143,3,public_state,2024,Term3_Apr_Jul,30.8,0,41.0,10,33.2,4,HIGH
STU-06144,1,elite_private,2023,Term3_Apr_Jul,0,1,99.2,1,88.9,0,LOW
STU-06145,3,public_state,2024,Term2_Jan_Apr,5.2,0,91.4,0,65.6,0,LOW
STU-06146,2,low_cost_private,2023,Term2_Jan_Apr,66.9,0,47.8,16,59.9,1,HIGH
STU-06147,3,public_state,2025,Term3_Apr_Jul,36.0,0,37.5,10,38.9,5,HIGH
STU-06148,1,elite_private,2024,Term3_Apr_Jul,0,1,99.2,1,90.2,0,LOW
STU-06149,3,public_state,2025,Term1_Sep_Dec,8.2,0,73.1,3,35.8,2,MEDIUM
STU-06150,1,elite_private,2023,Term3_Apr_Jul,0,1,99.2,1,89.5,0,LOW
STU-06151,2,low_cost_private,2024,Term3_Apr_Jul,35.4,0,57.1,12,69.7,0,MEDIUM
STU-06152,3,public_state,2023,Term3_Apr_Jul,7.4,0,83.9,0,74.1,0,LOW
STU-06153,1,elite_private,2023,Term1_Sep_Dec,0,1,100,0,87.3,0,LOW
STU-06154,2,low_cost_private,2023,Term1_Sep_Dec,69.9,0,49.2,11,44.2,2,HIGH
STU-06155,2,low_cost_private,2024,Term3_Apr_Jul,52.0,0,38.6,13,43.6,2,HIGH
STU-06156,1,elite_private,2023,Term2_Jan_Apr,0,1,100,0,100,0,LOW
STU-06157,2,low_cost_private,2024,Term2_Jan_Apr,74.6,0,53.5,1,29.5,3,HIGH
STU-06158,1,elite_private,2025,Term3_Apr_Jul,0,1,83.6,0,53.9,1,LOW
STU-06159,3,public_state,2023,Term3_Apr_Jul,17.2,0,61.3,4,56.7,2,MEDIUM
STU-06160,3,public_state,2025,Term3_Apr_Jul,26.8,0,46.5,1,44.1,3,MEDIUM
STU-06161,2,low_cost_private,2025,Term3_Apr_Jul,56.2,0,44.8,4,40.3,3,HIGH
STU-06162,2,low_cost_private,2024,Term1_Sep_Dec,19.3,0,89.2,2,76.8,0,LOW
STU-06163,3,public_state,2025,Term2_Jan_Apr,11.2,0,41.7,11,22.5,3,HIGH
STU-06164,3,public_state,2025,Term2_Jan_Apr,28.2,0,49.0,6,73.4,0,MEDIUM
STU-06165,2,low_cost_private,2025,Term3_Apr_Jul,58.1,0,35.8,12,50.1,4,HIGH
STU-06166,3,public_state,2025,Term2_Jan_Apr,15.3,0,54.9,6,45.4,0,MEDIUM
STU-06167,1,elite_private,2023,Term3_Apr_Jul,0,1,99.2,1,83.1,0,LOW
STU-06168,3,public_state,2024,Term3_Apr_Jul,60,0,40.0,13,40.5,3,HIGH
STU-06169,2,low_cost_private,2025,Term3_Apr_Jul,28.5,0,51.6,0,60.5,0,LOW
STU-06170,1,elite_private,2025,Term2_Jan_Apr,0,1,100,0,92.7,0,LOW
STU-06171,2,low_cost_private,2024,Term2_Jan_Apr,71.3,0,40.0,16,40.7,2,HIGH
STU-06172,1,elite_private,2023,Term1_Sep_Dec,0,1,100,0,93.9,0,LOW
STU-06173,3,public_state,2025,Term3_Apr_Jul,20.5,0,40.6,12,31.4,4,HIGH
STU-06174,1,elite_private,2024,Term2_Jan_Apr,0,1,99.2,1,93.3,0,LOW
STU-06175,2,low_cost_private,2024,Term2_Jan_Apr,64.9,0,63.7,13,30.1,6,HIGH
STU-06176,1,elite_private,2023,Term2_Jan_Apr,0,1,63.4,0,59.1,1,LOW
STU-06177,1,elite_private,2023,Term1_Sep_Dec,0,1,99.2,1,99.7,0,LOW
STU-06178,1,elite_private,2025,Term3_Apr_Jul,0,1,99.2,1,90.5,0,LOW
STU-06179,2,low_cost_private,2024,Term2_Jan_Apr,13.6,0,87.3,0,70.3,0,LOW
STU-06180,2,low_cost_private,2024,Term2_Jan_Apr,28.1,0,46.7,13,57.8,2,MEDIUM
STU-06181,2,low_cost_private,2025,Term3_Apr_Jul,52.3,0,66.2,4,33.8,5,HIGH
STU-06182,3,public_state,2023,Term1_Sep_Dec,50.9,0,61.9,4,20,5,HIGH
STU-06183,3,public_state,2023,Term1_Sep_Dec,29.6,0,51.6,10,38.3,4,HIGH
STU-06184,3,public_state,2025,Term2_Jan_Apr,17.3,0,57.7,8,36.7,4,HIGH
STU-06185,1,elite_private,2025,Term3_Apr_Jul,5.6,0,84.2,0,69.2,0,LOW
STU-06186,2,low_cost_private,2024,Term2_Jan_Apr,25.0,0,70.6,0,34.4,4,MEDIUM
STU-06187,2,low_cost_private,2025,Term2_Jan_Apr,73.9,0,64.3,4,20,3,HIGH
STU-06188,2,low_cost_private,2023,Term2_Jan_Apr,37.1,0,50.2,4,28.8,4,HIGH
STU-06189,3,public_state,2024,Term2_Jan_Apr,6.5,0,53.7,11,49.5,0,MEDIUM
STU-06190,2,low_cost_private,2024,Term3_Apr_Jul,16.5,0,84.0,0,84.3,0,LOW
STU-06191,1,elite_private,2024,Term1_Sep_Dec,0,1,100,0,100,0,LOW
STU-06192,1,elite_private,2023,Term3_Apr_Jul,0.4,0,99.2,1,88.9,0,LOW
STU-06193,2,low_cost_private,2024,Term1_Sep_Dec,48.9,0,68.4,4,53.8,4,MEDIUM
STU-06194,1,elite_private,2023,Term1_Sep_Dec,0,1,99.9,0,98.9,0,LOW
STU-06195,3,public_state,2024,Term1_Sep_Dec,28.5,0,56.0,1,52.0,2,MEDIUM
STU-06196,1,elite_private,2024,Term3_Apr_Jul,0,1,100,0,85.4,0,LOW
STU-06197,1,elite_private,2025,Term2_Jan_Apr,0,1,98.4,2,92.3,0,LOW
STU-06198,1,elite_private,2024,Term2_Jan_Apr,14,0,,,,,WITHDRAWN
STU-06199,2,low_cost_private,2025,Term1_Sep_Dec,79.0,0,48.3,7,23.1,5,HIGH
STU-06200,1,elite_private,2024,Term3_Apr_Jul,0,1,100,0,92.2,0,LOW
STU-06201,2,low_cost_private,2025,Term3_Apr_Jul,29.5,0,51.7,13,69.2,0,MEDIUM
STU-06202,2,low_cost_private,2023,Term1_Sep_Dec,74.7,0,48.1,12,52.5,2,HIGH
STU-06203,2,low_cost_private,2024,Term2_Jan_Apr,44.8,0,36.6,8,30.4,3,HIGH
STU-06204,1,elite_private,2023,Term1_Sep_Dec,0,1,100,0,85.4,0,LOW
STU-06205,2,low_cost_private,2025,Term3_Apr_Jul,51.4,0,39.3,4,44.6,2,HIGH
STU-06206,2,low_cost_private,2025,Term1_Sep_Dec,48.7,0,22.4,7,27.7,4,HIGH
STU-06207,2,low_cost_private,2023,Term1_Sep_Dec,52.7,0,43.0,6,51.4,4,HIGH
STU-06208,1,elite_private,2025,Term2_Jan_Apr,0,1,99.8,0,95.1,0,LOW
STU-06209,2,low_cost_private,2024,Term3_Apr_Jul,6.6,0,57.5,3,51.4,2,MEDIUM
STU-06210,1,elite_private,2025,Term1_Sep_Dec,0,1,99.2,1,97.0,0,LOW
STU-06211,2,low_cost_private,2024,Term3_Apr_Jul,43.3,0,60.2,4,60.7,0,MEDIUM
STU-06212,3,public_state,2025,Term2_Jan_Apr,39.5,0,39.0,3,20.6,5,HIGH
STU-06213,1,elite_private,2023,Term2_Jan_Apr,6.9,0,66.9,1,61.1,1,LOW
STU-06214,1,elite_private,2024,Term3_Apr_Jul,0.7,0,100,0,93.0,0,LOW
STU-06215,1,elite_private,2025,Term3_Apr_Jul,0,1,99.2,1,95.4,0,LOW
STU-06216,1,elite_private,2023,Term3_Apr_Jul,0,1,99.2,1,100,0,LOW
STU-06217,3,public_state,2023,Term3_Apr_Jul,6.9,0,81.8,1,80.2,0,LOW
STU-06218,2,low_cost_private,2025,Term3_Apr_Jul,40.9,0,21.1,7,24.9,4,HIGH
STU-06219,1,elite_private,2023,Term2_Jan_Apr,0,1,98.4,2,94.3,0,LOW
STU-06220,2,low_cost_private,2023,Term1_Sep_Dec,22.5,0,49.6,0,38.5,4,MEDIUM
STU-06221,2,low_cost_private,2025,Term3_Apr_Jul,20.6,0,32.0,7,63.0,1,MEDIUM
STU-06222,3,public_state,2025,Term2_Jan_Apr,27.9,0,56.1,11,25.2,4,HIGH
STU-06223,2,low_cost_private,2023,Term1_Sep_Dec,46.7,0,41.5,7,40.7,4,HIGH
STU-06224,3,public_state,2024,Term2_Jan_Apr,8.7,0,90.5,1,67.9,0,LOW
STU-06225,2,low_cost_private,2025,Term3_Apr_Jul,41.2,0,66.8,9,49.7,3,HIGH
STU-06226,2,low_cost_private,2024,Term2_Jan_Apr,63.3,0,46.5,7,42.5,3,HIGH
STU-06227,1,elite_private,2023,Term3_Apr_Jul,14,0,,,,,WITHDRAWN
STU-06228,3,public_state,2025,Term3_Apr_Jul,8.0,0,79.2,1,68.1,0,LOW
STU-06229,1,elite_private,2023,Term2_Jan_Apr,0,1,100,0,96.1,0,LOW
STU-06230,2,low_cost_private,2023,Term2_Jan_Apr,24.7,0,63.0,0,28.4,4,MEDIUM
STU-06231,1,elite_private,2023,Term2_Jan_Apr,14,0,,,,,WITHDRAWN
STU-06232,1,elite_private,2025,Term3_Apr_Jul,0,1,100,0,94.2,0,LOW
STU-06233,2,low_cost_private,2025,Term2_Jan_Apr,21.0,0,40.6,12,38.0,3,HIGH
STU-06234,1,elite_private,2025,Term3_Apr_Jul,0.6,0,98.4,2,95.0,0,LOW
STU-06235,3,public_state,2023,Term3_Apr_Jul,30.0,0,44.8,6,29.7,5,HIGH
STU-06236,3,public_state,2023,Term3_Apr_Jul,14.0,0,72.7,0,33.3,4,MEDIUM
STU-06237,1,elite_private,2023,Term2_Jan_Apr,14,0,,,,,WITHDRAWN
STU-06238,2,low_cost_private,2024,Term3_Apr_Jul,67.4,0,53.2,13,41.3,3,HIGH
STU-06239,2,low_cost_private,2024,Term3_Apr_Jul,51.6,0,43.7,8,20,4,HIGH
STU-06240,3,public_state,2025,Term2_Jan_Apr,31.1,0,53.1,0,34.5,2,MEDIUM
STU-06241,3,public_state,2023,Term2_Jan_Apr,24.0,0,66.6,0,39.9,3,MEDIUM
STU-06242,2,low_cost_private,2024,Term1_Sep_Dec,31.2,0,47.2,4,27.2,5,HIGH
STU-06243,3,public_state,2024,Term1_Sep_Dec,56.4,0,70.2,0,44.6,1,MEDIUM
STU-06244,2,low_cost_private,2023,Term2_Jan_Apr,16.5,0,90.1,1,71.1,0,LOW
STU-06245,2,low_cost_private,2023,Term2_Jan_Apr,25.6,0,51.4,4,29.6,4,HIGH
STU-06246,1,elite_private,2024,Term2_Jan_Apr,0,1,94.8,1,81.1,0,LOW
STU-06247,3,public_state,2025,Term1_Sep_Dec,5.2,0,60.4,1,56.4,0,LOW
STU-06248,2,low_cost_private,2023,Term3_Apr_Jul,48.5,0,45.6,13,71.8,1,MEDIUM
STU-06249,3,public_state,2023,Term2_Jan_Apr,9.3,0,65.8,4,40.8,4,MEDIUM
STU-06250,1,elite_private,2024,Term3_Apr_Jul,0,1,98.4,2,82.3,0,LOW
STU-06251,3,public_state,2025,Term1_Sep_Dec,33.4,0,75.9,3,39.2,3,MEDIUM
STU-06252,2,low_cost_private,2025,Term3_Apr_Jul,84.0,0,37.9,11,35.3,5,HIGH
STU-06253,1,elite_private,2024,Term2_Jan_Apr,0,1,100,0,80.4,0,LOW
STU-06254,3,public_state,2025,Term2_Jan_Apr,45.0,0,44.1,3,34.8,5,HIGH
STU-06255,3,public_state,2023,Term1_Sep_Dec,16.6,0,76.9,0,71.4,0,LOW
STU-06256,3,public_state,2024,Term1_Sep_Dec,7.9,0,45.8,3,36.6,3,HIGH
STU-06257,2,low_cost_private,2024,Term2_Jan_Apr,17.5,0,87.6,0,81.6,0,LOW
STU-06258,3,public_state,2023,Term1_Sep_Dec,60,0,61.8,5,24.9,6,HIGH
STU-06259,1,elite_private,2024,Term2_Jan_Apr,0,1,99.2,1,100.0,0,LOW
STU-06260,1,elite_private,2025,Term3_Apr_Jul,9.5,0,67.3,2,46.7,2,MEDIUM
STU-06261,2,low_cost_private,2025,Term2_Jan_Apr,35.0,0,60.0,1,58.1,2,MEDIUM
STU-06262,1,elite_private,2024,Term2_Jan_Apr,4.9,0,50.2,4,29.6,4,MEDIUM
STU-06263,2,low_cost_private,2023,Term1_Sep_Dec,29.0,0,62.9,2,50.8,0,MEDIUM
STU-06264,3,public_state,2023,Term1_Sep_Dec,32.0,0,63.1,9,30.7,3,HIGH
STU-06265,3,public_state,2025,Term3_Apr_Jul,5,0,29.7,13,36.7,6,HIGH
STU-06266,1,elite_private,2024,Term1_Sep_Dec,0,1,100,0,99.0,0,LOW
STU-06267,2,low_cost_private,2025,Term3_Apr_Jul,31.2,0,25.1,11,20,4,HIGH
STU-06268,2,low_cost_private,2023,Term1_Sep_Dec,23.9,0,69.3,0,64.5,1,LOW
STU-06269,2,low_cost_private,2023,Term1_Sep_Dec,90.7,0,51.8,9,54.9,3,HIGH
STU-06270,2,low_cost_private,2024,Term1_Sep_Dec,86.0,0,56.9,9,45.4,4,HIGH
STU-06271,1,elite_private,2024,Term3_Apr_Jul,0,1,100,0,89.1,0,LOW
STU-06272,2,low_cost_private,2025,Term1_Sep_Dec,30.4,0,55.3,0,54.2,1,MEDIUM
STU-06273,1,elite_private,2025,Term1_Sep_Dec,9.0,0,76.0,0,63.7,2,LOW
STU-06274,3,public_state,2023,Term1_Sep_Dec,19.5,0,68.9,2,32.4,4,MEDIUM
STU-06275,2,low_cost_private,2025,Term2_Jan_Apr,16.6,0,88.0,0,68.7,0,LOW
STU-06276,2,low_cost_private,2023,Term3_Apr_Jul,19.8,0,34.2,12,45.9,3,HIGH
STU-06277,1,elite_private,2025,Term1_Sep_Dec,11.2,0,77.3,0,70.5,0,LOW
STU-06278,1,elite_private,2023,Term1_Sep_Dec,0,1,98.1,0,87.2,0,LOW
STU-06279,1,elite_private,2023,Term1_Sep_Dec,0,1,98.4,2,86.5,0,LOW
STU-06280,1,elite_private,2025,Term1_Sep_Dec,0,1,100,0,83.6,0,LOW
STU-06281,1,elite_private,2025,Term1_Sep_Dec,2.4,0,73.2,4,85,1,LOW
STU-06282,3,public_state,2024,Term1_Sep_Dec,25.3,0,58.6,0,42.8,4,MEDIUM
STU-06283,2,low_cost_private,2025,Term1_Sep_Dec,44.6,0,58.6,5,39.7,5,HIGH
STU-06284,1,elite_private,2023,Term1_Sep_Dec,5.7,0,70.3,1,52.5,3,MEDIUM
STU-06285,2,low_cost_private,2025,Term1_Sep_Dec,65.8,0,60.9,0,31.7,3,HIGH
STU-06286,1,elite_private,2025,Term1_Sep_Dec,6.8,0,60.2,7,56.7,1,MEDIUM
STU-06287,2,low_cost_private,2023,Term3_Apr_Jul,20.6,0,33.8,13,37.9,5,HIGH
STU-06288,1,elite_private,2025,Term2_Jan_Apr,13.3,0,61.2,3,48.1,3,MEDIUM
STU-06289,3,public_state,2023,Term1_Sep_Dec,7.1,0,64.8,6,49.3,3,MEDIUM
STU-06290,2,low_cost_private,2024,Term1_Sep_Dec,36.9,0,60.6,8,46.9,4,HIGH
STU-06291,3,public_state,2023,Term2_Jan_Apr,6.2,0,90.9,1,70.8,0,LOW
STU-06292,3,public_state,2023,Term3_Apr_Jul,38.7,0,39.9,5,29.2,2,HIGH
STU-06293,1,elite_private,2024,Term1_Sep_Dec,7.0,0,80.6,1,85,0,LOW
STU-06294,1,elite_private,2025,Term1_Sep_Dec,0,1,99.8,0,88.0,0,LOW
STU-06295,1,elite_private,2023,Term3_Apr_Jul,0,1,100,0,85.3,0,LOW
STU-06296,2,low_cost_private,2025,Term1_Sep_Dec,27.0,0,70.4,0,31.4,2,MEDIUM
STU-06297,3,public_state,2023,Term3_Apr_Jul,3.4,0,56.1,0,50.8,2,MEDIUM
STU-06298,1,elite_private,2024,Term3_Apr_Jul,0,1,83.8,0,62.0,0,LOW
STU-06299,1,elite_private,2025,Term3_Apr_Jul,0,1,97.8,1,87.9,0,LOW
STU-06300,1,elite_private,2024,Term2_Jan_Apr,0,1,100,0,85.3,0,LOW
STU-06301,1,elite_private,2025,Term3_Apr_Jul,14,0,,,,,WITHDRAWN
STU-06302,2,low_cost_private,2024,Term2_Jan_Apr,60.8,0,66.1,0,50.9,1,MEDIUM
STU-06303,3,public_state,2023,Term3_Apr_Jul,18.4,0,36.9,0,23.1,4,MEDIUM
STU-06304,3,public_state,2023,Term2_Jan_Apr,17.5,0,54.4,0,44.2,2,MEDIUM
STU-06305,2,low_cost_private,2025,Term1_Sep_Dec,17.8,0,90.7,0,69.7,0,LOW
STU-06306,2,low_cost_private,2024,Term3_Apr_Jul,64.4,0,58.7,6,41.9,3,HIGH
STU-06307,2,low_cost_private,2024,Term3_Apr_Jul,40.4,0,47.2,4,43.6,4,HIGH
STU-06308,2,low_cost_private,2025,Term3_Apr_Jul,28.0,0,62.2,1,24.3,5,HIGH
STU-06309,2,low_cost_private,2023,Term3_Apr_Jul,15.0,0,82.1,0,88.6,0,LOW
STU-06310,3,public_state,2024,Term1_Sep_Dec,27.0,0,39.4,11,51.7,2,HIGH
STU-06311,1,elite_private,2023,Term2_Jan_Apr,5.5,0,74.4,4,55.5,1,MEDIUM
STU-06312,2,low_cost_private,2025,Term1_Sep_Dec,67.6,0,68.9,3,56.4,0,MEDIUM
STU-06313,1,elite_private,2023,Term1_Sep_Dec,0,1,99.2,1,85.0,0,LOW
STU-06314,1,elite_private,2024,Term2_Jan_Apr,0,1,100,0,93.5,0,LOW
STU-06315,2,low_cost_private,2024,Term2_Jan_Apr,48.7,0,47.6,14,44.8,3,HIGH
STU-06316,1,elite_private,2025,Term3_Apr_Jul,14,0,,,,,WITHDRAWN
STU-06317,2,low_cost_private,2024,Term2_Jan_Apr,23.4,0,68.6,1,25,2,MEDIUM
STU-06318,1,elite_private,2025,Term2_Jan_Apr,0,1,100,0,81.8,0,LOW
STU-06319,2,low_cost_private,2025,Term3_Apr_Jul,42.8,0,44.6,8,38.1,2,HIGH
STU-06320,3,public_state,2023,Term3_Apr_Jul,4.7,0,79.2,1,68.1,0,LOW
STU-06321,2,low_cost_private,2025,Term1_Sep_Dec,18.6,0,91.6,0,82.8,0,LOW
STU-06322,2,low_cost_private,2025,Term1_Sep_Dec,50.8,0,58.4,1,41.6,2,MEDIUM
STU-06323,3,public_state,2024,Term3_Apr_Jul,18.6,0,64.7,3,42.0,2,MEDIUM
STU-06324,3,public_state,2023,Term3_Apr_Jul,19.9,0,46.7,7,20,4,HIGH
STU-06325,3,public_state,2025,Term2_Jan_Apr,28.1,0,37.0,16,36.4,5,HIGH
STU-06326,2,low_cost_private,2023,Term1_Sep_Dec,79.1,0,35.2,4,60.3,1,HIGH
STU-06327,3,public_state,2024,Term1_Sep_Dec,30.9,0,35.9,11,25,4,HIGH
STU-06328,2,low_cost_private,2023,Term1_Sep_Dec,16.8,0,80.3,10,78.4,0,LOW
STU-06329,3,public_state,2023,Term3_Apr_Jul,60,0,39.5,13,33.2,5,HIGH
STU-06330,1,elite_private,2024,Term3_Apr_Jul,1.2,0,98.4,2,81.6,0,LOW
STU-06331,3,public_state,2024,Term1_Sep_Dec,13.9,0,50.5,2,62.0,0,LOW
STU-06332,1,elite_private,2024,Term1_Sep_Dec,0,1,99.2,1,91.1,0,LOW
STU-06333,2,low_cost_private,2023,Term2_Jan_Apr,72.5,0,48.9,10,42.2,4,HIGH
STU-06334,2,low_cost_private,2023,Term3_Apr_Jul,67.1,0,44.3,12,42.1,4,HIGH
STU-06335,2,low_cost_private,2025,Term3_Apr_Jul,14.1,0,84.3,1,81.8,0,LOW
STU-06336,2,low_cost_private,2024,Term1_Sep_Dec,18.5,0,89.4,0,73.9,0,LOW
STU-06337,3,public_state,2025,Term2_Jan_Apr,22.7,0,64.6,0,30.1,4,MEDIUM
STU-06338,1,elite_private,2025,Term3_Apr_Jul,0,1,100,0,84.9,0,LOW
STU-06339,3,public_state,2023,Term3_Apr_Jul,17.5,0,41.1,8,21.6,4,HIGH
STU-06340,2,low_cost_private,2023,Term2_Jan_Apr,21.3,0,46.7,6,25.9,3,HIGH
STU-06341,2,low_cost_private,2024,Term2_Jan_Apr,82.2,0,37.2,13,38.8,3,HIGH
STU-06342,2,low_cost_private,2025,Term2_Jan_Apr,22.7,0,43.8,1,20,4,HIGH
STU-06343,1,elite_private,2023,Term1_Sep_Dec,2.3,0,73.3,1,72.2,0,LOW
STU-06344,2,low_cost_private,2024,Term2_Jan_Apr,56.9,0,41.2,10,47.6,3,HIGH
STU-06345,2,low_cost_private,2024,Term1_Sep_Dec,69.7,0,67.4,15,45.5,2,HIGH
STU-06346,2,low_cost_private,2024,Term3_Apr_Jul,56.8,0,37.0,6,38.4,6,HIGH
STU-06347,3,public_state,2023,Term2_Jan_Apr,25.3,0,57.3,3,32.8,3,HIGH
STU-06348,2,low_cost_private,2025,Term3_Apr_Jul,58.5,0,27.2,7,26.9,6,HIGH
STU-06349,2,low_cost_private,2025,Term3_Apr_Jul,39.8,0,31.6,11,36.9,4,HIGH
STU-06350,1,elite_private,2025,Term1_Sep_Dec,0,1,100,0,98.2,0,LOW
STU-06351,2,low_cost_private,2024,Term1_Sep_Dec,16.2,0,36.6,11,44.6,4,HIGH
STU-06352,2,low_cost_private,2024,Term3_Apr_Jul,31.4,0,49.9,4,53.7,2,HIGH
STU-06353,2,low_cost_private,2023,Term2_Jan_Apr,81.1,0,53.1,5,31.1,4,HIGH
STU-06354,3,public_state,2025,Term3_Apr_Jul,60,0,57.7,1,30.9,5,HIGH
STU-06355,1,elite_private,2025,Term2_Jan_Apr,0,1,100,0,96.7,0,LOW
STU-06356,2,low_cost_private,2023,Term2_Jan_Apr,33.7,0,57.1,4,47.1,2,MEDIUM
STU-06357,1,elite_private,2023,Term2_Jan_Apr,0,1,73.7,2,63.6,0,LOW
STU-06358,2,low_cost_private,2023,Term2_Jan_Apr,63.9,0,55.3,4,32.5,6,HIGH
STU-06359,3,public_state,2024,Term2_Jan_Apr,4.3,0,88.4,1,81.1,0,LOW
STU-06360,2,low_cost_private,2023,Term2_Jan_Apr,87.1,0,55.1,11,48.8,4,HIGH
STU-06361,3,public_state,2025,Term3_Apr_Jul,5.2,0,81.0,4,79.6,0,LOW
STU-06362,1,elite_private,2025,Term3_Apr_Jul,10.0,0,88.4,2,56.9,0,LOW
STU-06363,1,elite_private,2024,Term3_Apr_Jul,0.5,0,99.2,1,84.2,0,LOW
STU-06364,2,low_cost_private,2025,Term2_Jan_Apr,33.4,0,46.7,7,26.9,3,HIGH
STU-06365,2,low_cost_private,2025,Term1_Sep_Dec,39.4,0,44.3,2,35.6,2,HIGH
STU-06366,2,low_cost_private,2025,Term1_Sep_Dec,17.7,0,58.9,0,54.2,2,MEDIUM
STU-06367,2,low_cost_private,2023,Term1_Sep_Dec,31.8,0,50.1,14,39.4,5,HIGH
STU-06368,2,low_cost_private,2025,Term2_Jan_Apr,54.5,0,53.6,11,36.7,4,HIGH
STU-06369,3,public_state,2025,Term3_Apr_Jul,7.8,0,78.0,3,72.6,0,LOW
STU-06370,2,low_cost_private,2023,Term1_Sep_Dec,17.6,0,89.5,1,78.5,0,LOW
STU-06371,1,elite_private,2025,Term3_Apr_Jul,8.8,0,72.7,2,72.2,0,LOW
STU-06372,1,elite_private,2025,Term1_Sep_Dec,0,1,100,0,78.6,0,LOW
STU-06373,3,public_state,2023,Term2_Jan_Apr,14.3,0,42.6,2,28.1,4,HIGH
STU-06374,1,elite_private,2025,Term2_Jan_Apr,8.2,0,73.2,6,82.8,0,LOW
STU-06375,2,low_cost_private,2024,Term1_Sep_Dec,17.3,0,27.1,0,27.5,5,HIGH
STU-06376,1,elite_private,2023,Term2_Jan_Apr,0,1,99.2,1,83.1,0,LOW
STU-06377,2,low_cost_private,2024,Term1_Sep_Dec,48.5,0,57.7,8,43.1,3,HIGH
STU-06378,2,low_cost_private,2023,Term3_Apr_Jul,52.4,0,65.1,4,40.1,4,MEDIUM
STU-06379,1,elite_private,2023,Term1_Sep_Dec,0,1,100,0,100,0,LOW
STU-06380,2,low_cost_private,2024,Term2_Jan_Apr,57.2,0,52.9,11,50.1,3,HIGH
STU-06381,3,public_state,2024,Term2_Jan_Apr,25.2,0,67.9,6,44.9,4,MEDIUM
STU-06382,3,public_state,2024,Term2_Jan_Apr,0,1,33.4,10,33.4,4,HIGH
STU-06383,3,public_state,2025,Term3_Apr_Jul,20.5,0,32.3,6,25,2,HIGH
STU-06384,3,public_state,2025,Term3_Apr_Jul,28.5,0,65.9,1,41.0,3,MEDIUM
STU-06385,2,low_cost_private,2023,Term1_Sep_Dec,26.4,0,53.5,1,41.5,4,MEDIUM
STU-06386,3,public_state,2025,Term1_Sep_Dec,23.0,0,34.9,5,20,5,HIGH
STU-06387,3,public_state,2023,Term2_Jan_Apr,34.3,0,56.1,11,54.7,1,HIGH
STU-06388,1,elite_private,2023,Term1_Sep_Dec,0,1,100,0,96.0,0,LOW
STU-06389,2,low_cost_private,2024,Term1_Sep_Dec,10.8,0,40.8,14,43.4,2,MEDIUM
STU-06390,2,low_cost_private,2025,Term1_Sep_Dec,31.0,0,48.2,13,32.4,4,HIGH
STU-06391,2,low_cost_private,2025,Term2_Jan_Apr,53.1,0,56.0,10,38.6,4,HIGH
STU-06392,2,low_cost_private,2023,Term1_Sep_Dec,43.9,0,63.1,4,20,2,HIGH
STU-06393,1,elite_private,2023,Term2_Jan_Apr,0,1,99.2,1,92.8,0,LOW
STU-06394,3,public_state,2024,Term3_Apr_Jul,30.5,0,50.3,1,49.3,1,MEDIUM
STU-06395,2,low_cost_private,2023,Term1_Sep_Dec,45.5,0,48.1,8,34.6,4,HIGH
STU-06396,1,elite_private,2025,Term2_Jan_Apr,0,1,100,0,100,0,LOW
STU-06397,2,low_cost_private,2024,Term1_Sep_Dec,15.6,0,87.7,1,80.7,0,LOW
STU-06398,1,elite_private,2024,Term1_Sep_Dec,11.0,0,69.1,6,85,0,LOW
STU-06399,3,public_state,2023,Term2_Jan_Apr,13.7,0,51.8,1,37.0,2,MEDIUM
STU-06400,3,public_state,2025,Term1_Sep_Dec,18.3,0,59.3,0,60.7,0,LOW
STU-06401,1,elite_private,2025,Term3_Apr_Jul,0,1,99.2,1,99.8,0,LOW
STU-06402,1,elite_private,2025,Term3_Apr_Jul,0,1,100,0,86.1,0,LOW
STU-06403,2,low_cost_private,2023,Term1_Sep_Dec,16.0,0,86.8,0,74.6,0,LOW
STU-06404,2,low_cost_private,2024,Term1_Sep_Dec,39.2,0,52.9,4,55.2,0,MEDIUM
STU-06405,2,low_cost_private,2024,Term2_Jan_Apr,49.0,0,46.1,0,31.5,5,HIGH
STU-06406,2,low_cost_private,2023,Term1_Sep_Dec,57.8,0,24.9,13,33.9,4,HIGH
STU-06407,2,low_cost_private,2023,Term1_Sep_Dec,17.6,0,72.0,14,56.0,1,MEDIUM
STU-06408,2,low_cost_private,2023,Term2_Jan_Apr,17.3,0,87.4,1,76.1,0,LOW
STU-06409,3,public_state,2024,Term3_Apr_Jul,12.1,0,42.6,5,35.8,5,HIGH
STU-06410,3,public_state,2024,Term2_Jan_Apr,14.6,0,28.6,11,20,4,HIGH
STU-06411,3,public_state,2024,Term3_Apr_Jul,39.2,0,44.6,3,29.7,2,HIGH
STU-06412,2,low_cost_private,2023,Term2_Jan_Apr,31.4,0,40.5,13,41.7,2,HIGH
STU-06413,1,elite_private,2025,Term1_Sep_Dec,0,1,99.2,1,78.6,0,LOW
STU-06414,2,low_cost_private,2025,Term3_Apr_Jul,43.8,0,40.2,11,38.2,4,HIGH
STU-06415,3,public_state,2024,Term1_Sep_Dec,4.5,0,91.5,3,76.4,0,LOW
STU-06416,2,low_cost_private,2023,Term1_Sep_Dec,93.2,0,44.3,9,40.4,2,HIGH
STU-06417,2,low_cost_private,2023,Term2_Jan_Apr,61.4,0,34.1,16,45.7,4,HIGH
STU-06418,2,low_cost_private,2025,Term2_Jan_Apr,24.4,0,57.1,6,35.1,4,HIGH
STU-06419,1,elite_private,2023,Term3_Apr_Jul,0,1,77.6,1,49.4,3,MEDIUM
STU-06420,2,low_cost_private,2023,Term3_Apr_Jul,29.3,0,56.5,0,69.6,0,LOW
STU-06421,3,public_state,2025,Term1_Sep_Dec,14.8,0,45.1,0,58.6,3,MEDIUM
STU-06422,3,public_state,2023,Term1_Sep_Dec,59.5,0,57.0,0,44.1,4,MEDIUM
STU-06423,1,elite_private,2025,Term2_Jan_Apr,5.3,0,77.2,0,64.1,0,LOW
STU-06424,3,public_state,2025,Term2_Jan_Apr,48.9,0,38.4,8,44.1,2,HIGH
STU-06425,2,low_cost_private,2023,Term1_Sep_Dec,16.5,0,89.4,0,83.0,0,LOW
STU-06426,2,low_cost_private,2024,Term3_Apr_Jul,35.7,0,34.1,9,20.3,2,HIGH
STU-06427,1,elite_private,2023,Term3_Apr_Jul,14,0,,,,,WITHDRAWN
STU-06428,1,elite_private,2025,Term3_Apr_Jul,14,0,,,,,WITHDRAWN
STU-06429,1,elite_private,2023,Term3_Apr_Jul,0,1,63.9,2,45.8,0,MEDIUM
STU-06430,2,low_cost_private,2024,Term2_Jan_Apr,78.7,0,40.7,11,26.0,4,HIGH
STU-06431,1,elite_private,2023,Term1_Sep_Dec,0,1,87.6,3,71.0,0,LOW
STU-06432,3,public_state,2025,Term3_Apr_Jul,25.8,0,49.4,0,57.4,2,MEDIUM
STU-06433,1,elite_private,2024,Term1_Sep_Dec,0,1,99.2,1,89.6,0,LOW
STU-06434,1,elite_private,2023,Term1_Sep_Dec,5.0,0,89.2,1,77.4,0,LOW
STU-06435,1,elite_private,2023,Term1_Sep_Dec,0,1,99.2,1,83.5,0,LOW
STU-06436,1,elite_private,2024,Term3_Apr_Jul,0,1,99.2,1,87.5,0,LOW
STU-06437,3,public_state,2023,Term3_Apr_Jul,57.3,0,50.5,3,48.9,2,MEDIUM
STU-06438,2,low_cost_private,2025,Term2_Jan_Apr,27.6,0,78.6,0,46.7,0,LOW
STU-06439,3,public_state,2023,Term2_Jan_Apr,17.7,0,62.9,3,40.6,3,MEDIUM
STU-06440,3,public_state,2024,Term2_Jan_Apr,33.8,0,50.4,5,44.0,3,HIGH
STU-06441,2,low_cost_private,2023,Term2_Jan_Apr,56.3,0,52.6,16,53.3,2,HIGH
STU-06442,1,elite_private,2025,Term3_Apr_Jul,14,0,,,,,WITHDRAWN
STU-06443,2,low_cost_private,2023,Term3_Apr_Jul,73.1,0,62.1,10,46.8,2,HIGH
STU-06444,1,elite_private,2024,Term2_Jan_Apr,0,1,98.4,2,86.6,0,LOW
STU-06445,2,low_cost_private,2023,Term2_Jan_Apr,88.1,0,58.6,1,39.9,6,HIGH
STU-06446,3,public_state,2023,Term2_Jan_Apr,47.1,0,70.2,5,40.9,1,MEDIUM
STU-06447,3,public_state,2025,Term1_Sep_Dec,29.5,0,46.4,10,23.1,5,HIGH
STU-06448,1,elite_private,2024,Term2_Jan_Apr,0,1,100,0,85.1,0,LOW
STU-06449,2,low_cost_private,2024,Term2_Jan_Apr,47.4,0,41.5,7,33.4,5,HIGH
STU-06450,2,low_cost_private,2023,Term3_Apr_Jul,56.0,0,23.9,5,27.3,4,HIGH
STU-06451,1,elite_private,2023,Term1_Sep_Dec,0,1,98.4,2,85.4,0,LOW
STU-06452,1,elite_private,2025,Term2_Jan_Apr,14,0,,,,,WITHDRAWN
STU-06453,2,low_cost_private,2025,Term2_Jan_Apr,20.6,0,89.5,1,83.7,0,LOW
STU-06454,2,low_cost_private,2024,Term1_Sep_Dec,85.2,0,57.7,5,60.7,2,MEDIUM
STU-06455,2,low_cost_private,2023,Term1_Sep_Dec,82.1,0,56.8,9,41.6,2,HIGH
STU-06456,2,low_cost_private,2024,Term3_Apr_Jul,18.3,0,82.8,2,71.2,0,LOW
STU-06457,1,elite_private,2024,Term2_Jan_Apr,0,1,96.9,3,86.3,0,LOW
STU-06458,3,public_state,2025,Term3_Apr_Jul,22.4,0,37.0,7,30.4,5,HIGH
STU-06459,2,low_cost_private,2024,Term3_Apr_Jul,22.0,0,56.6,7,28.4,4,HIGH
STU-06460,2,low_cost_private,2023,Term2_Jan_Apr,37.0,0,64.4,14,45.8,4,HIGH
STU-06461,3,public_state,2023,Term1_Sep_Dec,30.4,0,41.7,10,20,3,HIGH
STU-06462,3,public_state,2025,Term2_Jan_Apr,24.6,0,72.9,4,53.4,0,MEDIUM
STU-06463,2,low_cost_private,2023,Term1_Sep_Dec,41.7,0,68.8,11,29.6,2,HIGH
STU-06464,1,elite_private,2023,Term2_Jan_Apr,0,1,100,0,81.2,0,LOW
STU-06465,1,elite_private,2024,Term1_Sep_Dec,0,1,99.2,1,88.5,0,LOW
STU-06466,1,elite_private,2023,Term1_Sep_Dec,11.1,0,70.8,3,71.6,1,LOW
STU-06467,2,low_cost_private,2025,Term1_Sep_Dec,28.0,0,54.0,1,31.6,4,MEDIUM
STU-06468,1,elite_private,2023,Term2_Jan_Apr,0,1,99.2,1,93.4,0,LOW
STU-06469,3,public_state,2025,Term2_Jan_Apr,22.5,0,65.3,1,31.4,4,MEDIUM
STU-06470,1,elite_private,2025,Term1_Sep_Dec,0,1,100,0,100,0,LOW
STU-06471,1,elite_private,2024,Term2_Jan_Apr,0,1,100,0,91.1,0,LOW
STU-06472,2,low_cost_private,2024,Term2_Jan_Apr,76.2,0,57.7,0,52.5,2,MEDIUM
STU-06473,2,low_cost_private,2023,Term1_Sep_Dec,21.2,0,44.6,5,50.2,2,MEDIUM
STU-06474,3,public_state,2023,Term3_Apr_Jul,23.9,0,46.9,3,31.3,3,HIGH
STU-06475,3,public_state,2024,Term2_Jan_Apr,30.6,0,70.7,9,37.0,5,HIGH
STU-06476,1,elite_private,2025,Term3_Apr_Jul,0,1,99.2,1,92.2,0,LOW
STU-06477,3,public_state,2025,Term2_Jan_Apr,23.0,0,65.2,1,25,3,MEDIUM
STU-06478,3,public_state,2025,Term3_Apr_Jul,25.4,0,45.4,0,25,2,MEDIUM
STU-06479,3,public_state,2024,Term1_Sep_Dec,9.1,0,89.9,0,68.7,0,LOW
STU-06480,1,elite_private,2023,Term1_Sep_Dec,0,1,94.9,2,91.0,0,LOW
STU-06481,1,elite_private,2024,Term3_Apr_Jul,0,1,74.8,4,76.5,1,LOW
STU-06482,3,public_state,2025,Term1_Sep_Dec,9.6,0,43.9,9,48.8,1,MEDIUM
STU-06483,2,low_cost_private,2023,Term1_Sep_Dec,41.3,0,29.1,10,20,2,HIGH
STU-06484,2,low_cost_private,2024,Term2_Jan_Apr,36.5,0,34.2,5,20,2,HIGH
STU-06485,3,public_state,2024,Term3_Apr_Jul,10.6,0,39.4,11,20,4,HIGH
STU-06486,2,low_cost_private,2023,Term3_Apr_Jul,39.4,0,51.0,13,25.5,6,HIGH
STU-06487,2,low_cost_private,2025,Term1_Sep_Dec,14.7,0,44.0,4,34.2,3,HIGH
STU-06488,1,elite_private,2023,Term3_Apr_Jul,0,1,99.2,1,92.4,0,LOW
STU-06489,3,public_state,2023,Term2_Jan_Apr,21.6,0,65.7,8,45.1,1,MEDIUM
STU-06490,3,public_state,2024,Term1_Sep_Dec,28.5,0,46.3,11,65.4,0,MEDIUM
STU-06491,1,elite_private,2023,Term3_Apr_Jul,14,0,,,,,WITHDRAWN
STU-06492,2,low_cost_private,2023,Term3_Apr_Jul,41.4,0,45.8,4,41.2,2,HIGH
STU-06493,2,low_cost_private,2025,Term2_Jan_Apr,18.0,0,72.6,0,25,4,MEDIUM
STU-06494,2,low_cost_private,2025,Term1_Sep_Dec,60.7,0,50.0,6,26.8,5,HIGH
STU-06495,2,low_cost_private,2023,Term2_Jan_Apr,63.0,0,52.2,0,41.7,3,MEDIUM
STU-06496,3,public_state,2025,Term2_Jan_Apr,52.1,0,77.1,0,25.1,4,MEDIUM
STU-06497,2,low_cost_private,2024,Term3_Apr_Jul,26.9,0,32.2,13,20,3,HIGH
STU-06498,2,low_cost_private,2024,Term1_Sep_Dec,66.5,0,41.2,4,36.0,3,HIGH
STU-06499,1,elite_private,2025,Term1_Sep_Dec,1.3,0,98.7,0,95.0,0,LOW
STU-06500,1,elite_private,2024,Term3_Apr_Jul,0,1,80.0,0,59.1,2,LOW
STU-06501,2,low_cost_private,2023,Term2_Jan_Apr,41.9,0,32.8,7,33.1,5,HIGH
STU-06502,1,elite_private,2024,Term3_Apr_Jul,3.7,0,56.3,2,35.2,4,MEDIUM
STU-06503,1,elite_private,2025,Term1_Sep_Dec,1.7,0,100,0,89.5,0,LOW
STU-06504,3,public_state,2023,Term2_Jan_Apr,60,0,41.6,11,50.3,4,HIGH
STU-06505,2,low_cost_private,2024,Term2_Jan_Apr,22.2,0,38.2,14,22.7,3,HIGH
STU-06506,1,elite_private,2024,Term2_Jan_Apr,0,1,100,0,90.1,0,LOW
STU-06507,2,low_cost_private,2025,Term1_Sep_Dec,74.2,0,52.3,2,50.8,2,MEDIUM
STU-06508,2,low_cost_private,2024,Term3_Apr_Jul,71.4,0,30.7,10,41.4,2,HIGH
STU-06509,1,elite_private,2023,Term2_Jan_Apr,0,1,100,0,91.9,0,LOW
STU-06510,2,low_cost_private,2024,Term3_Apr_Jul,17.1,0,85.1,1,83.8,0,LOW
STU-06511,2,low_cost_private,2024,Term2_Jan_Apr,93.5,0,26.7,7,39.5,4,HIGH
STU-06512,3,public_state,2024,Term3_Apr_Jul,11.8,0,56.0,2,48.5,1,MEDIUM
STU-06513,1,elite_private,2024,Term2_Jan_Apr,14,0,,,,,WITHDRAWN
STU-06514,3,public_state,2025,Term3_Apr_Jul,24.2,0,52.7,3,53.6,2,MEDIUM
STU-06515,1,elite_private,2023,Term2_Jan_Apr,0,1,100,0,82.5,0,LOW
STU-06516,2,low_cost_private,2023,Term1_Sep_Dec,13.5,0,69.1,2,49.9,1,MEDIUM
STU-06517,2,low_cost_private,2023,Term2_Jan_Apr,49.0,0,31.1,13,48.0,0,HIGH
STU-06518,3,public_state,2025,Term1_Sep_Dec,14.7,0,68.4,7,36.0,3,HIGH
STU-06519,3,public_state,2024,Term3_Apr_Jul,44.7,0,46.2,9,37.7,6,HIGH
STU-06520,2,low_cost_private,2024,Term3_Apr_Jul,14.1,0,81.4,3,73.7,0,LOW
STU-06521,3,public_state,2023,Term2_Jan_Apr,48.1,0,61.3,1,41.2,2,MEDIUM
STU-06522,2,low_cost_private,2024,Term1_Sep_Dec,39.6,0,45.6,11,31.7,4,HIGH
STU-06523,3,public_state,2023,Term3_Apr_Jul,15.2,0,32.3,13,55.7,2,MEDIUM
STU-06524,1,elite_private,2025,Term1_Sep_Dec,0,1,48.9,0,32.9,3,MEDIUM
STU-06525,2,low_cost_private,2024,Term2_Jan_Apr,83.5,0,63.2,0,33.2,6,HIGH
STU-06526,2,low_cost_private,2025,Term2_Jan_Apr,21.4,0,50.3,8,40.2,5,HIGH
STU-06527,3,public_state,2025,Term3_Apr_Jul,60,0,49.0,4,46.9,2,HIGH
STU-06528,3,public_state,2024,Term2_Jan_Apr,19.9,0,27.4,8,29.9,5,HIGH
STU-06529,3,public_state,2025,Term2_Jan_Apr,12.6,0,41.8,3,39.3,3,HIGH
STU-06530,2,low_cost_private,2023,Term1_Sep_Dec,24.3,0,53.1,13,44.5,2,MEDIUM
STU-06531,2,low_cost_private,2025,Term1_Sep_Dec,25.6,0,45.6,9,46.3,2,HIGH
STU-06532,2,low_cost_private,2024,Term3_Apr_Jul,63.6,0,45.5,0,46.5,2,MEDIUM
STU-06533,2,low_cost_private,2025,Term1_Sep_Dec,15.4,0,86.6,2,72.1,0,LOW
STU-06534,2,low_cost_private,2025,Term3_Apr_Jul,39.7,0,19.4,7,38.3,2,HIGH
STU-06535,2,low_cost_private,2024,Term1_Sep_Dec,42.6,0,68.6,4,37.7,4,HIGH
STU-06536,2,low_cost_private,2025,Term2_Jan_Apr,57.4,0,44.0,16,37.2,5,HIGH
STU-06537,1,elite_private,2024,Term2_Jan_Apr,0,1,82.6,0,63.7,0,LOW
STU-06538,1,elite_private,2023,Term3_Apr_Jul,14,0,,,,,WITHDRAWN
STU-06539,3,public_state,2023,Term3_Apr_Jul,31.1,0,51.7,13,26.3,4,HIGH
STU-06540,1,elite_private,2023,Term1_Sep_Dec,0.9,0,86.8,4,72.6,0,LOW
STU-06541,2,low_cost_private,2024,Term3_Apr_Jul,16.3,0,88.0,0,76.6,0,LOW
STU-06542,1,elite_private,2024,Term2_Jan_Apr,6.0,0,69.1,1,66.6,0,LOW
STU-06543,3,public_state,2023,Term3_Apr_Jul,60,0,46.5,3,36.7,3,HIGH
STU-06544,2,low_cost_private,2025,Term2_Jan_Apr,36.6,0,54.0,2,45.2,1,MEDIUM
STU-06545,2,low_cost_private,2024,Term1_Sep_Dec,17.4,0,90.3,1,69.1,0,LOW
STU-06546,2,low_cost_private,2023,Term1_Sep_Dec,43.2,0,32.5,9,20,5,HIGH
STU-06547,2,low_cost_private,2024,Term1_Sep_Dec,26.9,0,41.1,12,34.0,2,HIGH
STU-06548,3,public_state,2024,Term3_Apr_Jul,18.1,0,58.6,7,20,4,HIGH
STU-06549,2,low_cost_private,2025,Term1_Sep_Dec,39.0,0,53.2,5,46.3,1,MEDIUM
STU-06550,1,elite_private,2025,Term3_Apr_Jul,0,1,27.2,1,27.8,3,MEDIUM
STU-06551,1,elite_private,2023,Term1_Sep_Dec,14,0,,,,,WITHDRAWN
STU-06552,3,public_state,2023,Term2_Jan_Apr,10.2,0,86.8,0,60,0,LOW
STU-06553,2,low_cost_private,2025,Term2_Jan_Apr,13.8,0,87.7,1,80.4,0,LOW
STU-06554,3,public_state,2024,Term3_Apr_Jul,5.0,0,70.2,1,62.2,1,LOW
STU-06555,3,public_state,2023,Term2_Jan_Apr,29.7,0,55.0,1,24.7,4,MEDIUM
STU-06556,1,elite_private,2025,Term1_Sep_Dec,2.8,0,58.0,1,76.9,0,LOW
STU-06557,2,low_cost_private,2025,Term3_Apr_Jul,13.1,0,48.9,13,34.1,2,HIGH
STU-06558,2,low_cost_private,2025,Term3_Apr_Jul,18.3,0,85.6,0,72.5,0,LOW
STU-06559,3,public_state,2025,Term3_Apr_Jul,24.0,0,36.3,0,22.5,4,MEDIUM
STU-06560,2,low_cost_private,2023,Term2_Jan_Apr,44.2,0,74.4,1,36.2,3,MEDIUM
STU-06561,1,elite_private,2024,Term3_Apr_Jul,10.8,0,70.3,4,74.3,0,LOW
STU-06562,1,elite_private,2025,Term2_Jan_Apr,0,1,100,0,88.2,0,LOW
STU-06563,2,low_cost_private,2023,Term2_Jan_Apr,30.9,0,53.3,8,35.3,5,HIGH
STU-06564,3,public_state,2024,Term1_Sep_Dec,27.3,0,48.6,8,28.9,4,HIGH
STU-06565,2,low_cost_private,2023,Term3_Apr_Jul,31.1,0,27.7,13,22.5,3,HIGH
STU-06566,3,public_state,2023,Term2_Jan_Apr,19.7,0,59.9,1,34.9,3,MEDIUM
STU-06567,2,low_cost_private,2025,Term3_Apr_Jul,40.5,0,59.7,10,52.9,3,HIGH
STU-06568,1,elite_private,2024,Term2_Jan_Apr,0,1,98.4,2,89.6,0,LOW
STU-06569,2,low_cost_private,2025,Term3_Apr_Jul,20.4,0,59.2,0,45.5,0,MEDIUM
STU-06570,2,low_cost_private,2023,Term2_Jan_Apr,40.8,0,52.6,13,50.3,2,HIGH
STU-06571,2,low_cost_private,2023,Term1_Sep_Dec,38.0,0,36.0,10,47.2,1,HIGH
STU-06572,1,elite_private,2025,Term3_Apr_Jul,4.2,0,79.1,1,79.9,0,LOW
STU-06573,2,low_cost_private,2023,Term3_Apr_Jul,17.8,0,86.7,1,81.2,0,LOW
STU-06574,2,low_cost_private,2023,Term1_Sep_Dec,20.6,0,85.5,1,84.0,0,LOW
STU-06575,2,low_cost_private,2025,Term3_Apr_Jul,27.3,0,42.1,0,44.7,3,MEDIUM
STU-06576,3,public_state,2024,Term3_Apr_Jul,27.6,0,53.0,1,42.5,3,MEDIUM
STU-06577,3,public_state,2023,Term3_Apr_Jul,46.4,0,36.8,4,44.7,2,HIGH
STU-06578,1,elite_private,2025,Term3_Apr_Jul,14,0,,,,,WITHDRAWN
STU-06579,1,elite_private,2024,Term2_Jan_Apr,0,1,99.7,0,92.3,0,LOW
STU-06580,3,public_state,2024,Term1_Sep_Dec,7.2,0,93.2,1,72.6,0,LOW
STU-06581,3,public_state,2023,Term1_Sep_Dec,60,0,73.5,0,46.5,3,MEDIUM
STU-06582,1,elite_private,2025,Term3_Apr_Jul,7.8,0,33.6,1,41.6,3,MEDIUM
STU-06583,3,public_state,2023,Term3_Apr_Jul,22.8,0,35.2,2,26.9,5,HIGH
STU-06584,1,elite_private,2023,Term1_Sep_Dec,1.1,0,97.9,0,83.6,0,LOW
STU-06585,2,low_cost_private,2023,Term3_Apr_Jul,24.8,0,61.7,0,68.0,0,LOW
STU-06586,2,low_cost_private,2025,Term3_Apr_Jul,50.1,0,30.9,9,28.5,3,HIGH
STU-06587,1,elite_private,2024,Term3_Apr_Jul,0,1,52.5,4,34.5,4,MEDIUM
STU-06588,3,public_state,2025,Term3_Apr_Jul,30.5,0,38.9,4,36.0,3,HIGH
STU-06589,3,public_state,2024,Term2_Jan_Apr,24.6,0,70.8,1,32.4,3,MEDIUM
STU-06590,1,elite_private,2024,Term2_Jan_Apr,0,1,100,0,83.2,0,LOW
STU-06591,3,public_state,2024,Term3_Apr_Jul,45.5,0,62.8,3,48.5,2,MEDIUM
STU-06592,2,low_cost_private,2024,Term2_Jan_Apr,67.3,0,55.7,16,56.8,2,HIGH
STU-06593,2,low_cost_private,2023,Term1_Sep_Dec,40.1,0,64.8,1,44.9,1,MEDIUM
STU-06594,3,public_state,2025,Term2_Jan_Apr,36.9,0,51.7,3,20,3,HIGH
STU-06595,1,elite_private,2024,Term1_Sep_Dec,0,1,99.2,1,90.2,0,LOW
STU-06596,3,public_state,2025,Term1_Sep_Dec,21.3,0,58.6,6,43.7,4,MEDIUM
STU-06597,2,low_cost_private,2024,Term3_Apr_Jul,53.3,0,55.9,13,50.1,2,HIGH
STU-06598,2,low_cost_private,2023,Term3_Apr_Jul,24.2,0,33.2,7,39.0,5,HIGH
STU-06599,3,public_state,2023,Term1_Sep_Dec,19.4,0,68.8,3,34.5,3,MEDIUM
STU-06600,3,public_state,2024,Term3_Apr_Jul,24.7,0,67.4,4,25.0,2,MEDIUM
STU-06601,1,elite_private,2025,Term1_Sep_Dec,0,1,96.3,0,89.5,0,LOW
STU-06602,3,public_state,2025,Term1_Sep_Dec,21.2,0,56.9,1,46.5,2,MEDIUM
STU-06603,2,low_cost_private,2024,Term1_Sep_Dec,47.8,0,34.6,12,53.2,2,HIGH
STU-06604,3,public_state,2024,Term1_Sep_Dec,20.3,0,28.8,8,20,5,HIGH
STU-06605,3,public_state,2023,Term2_Jan_Apr,60,0,49.1,7,34.6,4,HIGH
STU-06606,3,public_state,2023,Term1_Sep_Dec,40.6,0,74.6,3,33.2,7,HIGH
STU-06607,3,public_state,2025,Term2_Jan_Apr,37.6,0,43.4,3,28.5,4,HIGH
STU-06608,1,elite_private,2023,Term2_Jan_Apr,6.9,0,73.0,0,69.2,0,LOW
STU-06609,3,public_state,2024,Term1_Sep_Dec,60,0,78.8,1,50.9,3,MEDIUM
STU-06610,2,low_cost_private,2025,Term2_Jan_Apr,21.5,0,40.7,10,37.1,5,HIGH
STU-06611,3,public_state,2023,Term1_Sep_Dec,13.7,0,60.4,2,20,4,MEDIUM
STU-06612,2,low_cost_private,2025,Term2_Jan_Apr,70.0,0,52.1,2,26.3,6,HIGH
STU-06613,2,low_cost_private,2024,Term1_Sep_Dec,14.3,0,92.4,0,77.0,0,LOW
STU-06614,1,elite_private,2025,Term2_Jan_Apr,0,1,99.2,1,81.9,0,LOW
STU-06615,3,public_state,2024,Term2_Jan_Apr,41.1,0,58.3,4,41.4,1,MEDIUM
STU-06616,3,public_state,2023,Term2_Jan_Apr,15.8,0,62.9,2,59.1,1,MEDIUM
STU-06617,1,elite_private,2025,Term2_Jan_Apr,7.5,0,55.2,4,59.9,0,MEDIUM
STU-06618,1,elite_private,2024,Term2_Jan_Apr,0,1,100,0,82.2,0,LOW
STU-06619,1,elite_private,2024,Term1_Sep_Dec,0.5,0,99.2,1,85.0,0,LOW
STU-06620,1,elite_private,2024,Term3_Apr_Jul,4.6,0,52.9,4,57.9,2,MEDIUM
STU-06621,1,elite_private,2023,Term3_Apr_Jul,0,1,99.2,1,81.4,0,LOW
STU-06622,3,public_state,2024,Term3_Apr_Jul,8.1,0,82.1,0,76.6,0,LOW
STU-06623,2,low_cost_private,2025,Term2_Jan_Apr,22.0,0,43.7,6,29.4,3,HIGH
STU-06624,3,public_state,2024,Term3_Apr_Jul,1.3,0,39.4,13,20,4,HIGH
STU-06625,1,elite_private,2025,Term3_Apr_Jul,0,1,97.4,1,83.7,0,LOW
STU-06626,3,public_state,2025,Term2_Jan_Apr,6.4,0,64.2,0,46.0,2,MEDIUM
STU-06627,1,elite_private,2023,Term3_Apr_Jul,0,1,100,0,89.0,0,LOW
STU-06628,1,elite_private,2023,Term3_Apr_Jul,0,1,100,0,98.8,0,LOW
STU-06629,2,low_cost_private,2024,Term2_Jan_Apr,21.0,0,43.2,4,65.3,0,MEDIUM
STU-06630,2,low_cost_private,2024,Term3_Apr_Jul,16.3,0,86.8,0,76.0,0,LOW
STU-06631,1,elite_private,2023,Term3_Apr_Jul,14,0,,,,,WITHDRAWN
STU-06632,1,elite_private,2025,Term1_Sep_Dec,6.5,0,67.5,3,67.7,0,LOW
STU-06633,3,public_state,2024,Term3_Apr_Jul,41.8,0,34.8,4,35.8,5,HIGH
STU-06634,3,public_state,2025,Term1_Sep_Dec,60,0,68.2,3,35.3,5,HIGH
STU-06635,2,low_cost_private,2023,Term2_Jan_Apr,48.1,0,54.6,10,37.3,3,HIGH
STU-06636,3,public_state,2024,Term1_Sep_Dec,57.9,0,52.2,0,24.7,4,MEDIUM
STU-06637,3,public_state,2024,Term1_Sep_Dec,23.9,0,56.9,4,29.6,5,HIGH
STU-06638,3,public_state,2024,Term1_Sep_Dec,25.7,0,47.1,4,23.4,3,HIGH
STU-06639,2,low_cost_private,2025,Term1_Sep_Dec,55.7,0,49.0,11,60.5,0,MEDIUM
STU-06640,3,public_state,2023,Term1_Sep_Dec,16.5,0,55.3,8,63.7,1,MEDIUM
STU-06641,1,elite_private,2024,Term3_Apr_Jul,0,1,85.8,1,65.0,0,LOW
STU-06642,2,low_cost_private,2024,Term2_Jan_Apr,17.0,0,87.0,0,82.8,0,LOW
STU-06643,3,public_state,2023,Term3_Apr_Jul,46.7,0,52.1,6,34.6,4,HIGH
STU-06644,1,elite_private,2023,Term1_Sep_Dec,9.3,0,90.0,0,85,0,LOW
STU-06645,2,low_cost_private,2025,Term3_Apr_Jul,78.1,0,39.7,7,62.5,2,HIGH
STU-06646,1,elite_private,2025,Term2_Jan_Apr,0,1,100,0,89.4,0,LOW
STU-06647,2,low_cost_private,2023,Term3_Apr_Jul,17.9,0,71.7,0,51.0,1,MEDIUM
STU-06648,1,elite_private,2025,Term3_Apr_Jul,0,1,99.2,1,91.1,0,LOW
STU-06649,2,low_cost_private,2024,Term3_Apr_Jul,47.2,0,52.9,12,20,4,HIGH
STU-06650,1,elite_private,2025,Term1_Sep_Dec,11.2,0,75.9,1,40.2,3,MEDIUM
STU-06651,1,elite_private,2024,Term1_Sep_Dec,14,0,,,,,WITHDRAWN
STU-06652,1,elite_private,2025,Term2_Jan_Apr,10.8,0,65.8,0,70.3,0,LOW
STU-06653,2,low_cost_private,2023,Term3_Apr_Jul,36.8,0,41.6,9,37.6,2,HIGH
STU-06654,2,low_cost_private,2025,Term3_Apr_Jul,23.7,0,48.2,8,71.9,0,MEDIUM
STU-06655,2,low_cost_private,2025,Term2_Jan_Apr,18.8,0,46.1,0,26.2,4,MEDIUM
STU-06656,3,public_state,2024,Term1_Sep_Dec,27.6,0,51.0,15,51.7,0,MEDIUM
STU-06657,2,low_cost_private,2023,Term2_Jan_Apr,67.5,0,52.8,5,33.4,4,HIGH
STU-06658,2,low_cost_private,2024,Term1_Sep_Dec,76.0,0,48.1,0,60.7,0,MEDIUM
STU-06659,3,public_state,2025,Term3_Apr_Jul,8.4,0,57.3,6,60.1,0,MEDIUM
STU-06660,1,elite_private,2023,Term2_Jan_Apr,0,1,100,0,88.1,0,LOW
STU-06661,2,low_cost_private,2025,Term2_Jan_Apr,42.0,0,64.5,5,36.1,4,HIGH
STU-06662,3,public_state,2025,Term3_Apr_Jul,27.5,0,30.1,11,20,3,HIGH
STU-06663,2,low_cost_private,2024,Term2_Jan_Apr,28.6,0,45.7,7,20,4,HIGH
STU-06664,3,public_state,2024,Term1_Sep_Dec,15.6,0,62.1,1,51.6,1,MEDIUM
STU-06665,1,elite_private,2024,Term3_Apr_Jul,0,1,99.2,1,100.0,0,LOW
STU-06666,3,public_state,2024,Term3_Apr_Jul,24.3,0,48.2,8,44.0,4,HIGH
STU-06667,2,low_cost_private,2024,Term2_Jan_Apr,74.3,0,45.1,6,35.7,4,HIGH
STU-06668,1,elite_private,2024,Term3_Apr_Jul,6.9,0,90.0,0,65.6,0,LOW
STU-06669,3,public_state,2025,Term3_Apr_Jul,32.4,0,57.7,5,60.3,0,MEDIUM
STU-06670,3,public_state,2023,Term1_Sep_Dec,20.7,0,85.4,0,54.4,0,LOW
STU-06671,1,elite_private,2023,Term2_Jan_Apr,1.1,0,100,0,90.7,0,LOW
STU-06672,2,low_cost_private,2023,Term2_Jan_Apr,80.3,0,74.7,4,36.9,3,HIGH
STU-06673,1,elite_private,2025,Term2_Jan_Apr,10.3,0,68.0,1,44.0,2,MEDIUM
STU-06674,2,low_cost_private,2023,Term2_Jan_Apr,31.2,0,56.9,14,66.6,0,MEDIUM
STU-06675,3,public_state,2025,Term2_Jan_Apr,17.4,0,57.8,0,48.4,2,MEDIUM
STU-06676,2,low_cost_private,2023,Term1_Sep_Dec,18.2,0,32.6,15,62.1,0,MEDIUM
STU-06677,1,elite_private,2024,Term3_Apr_Jul,14,0,,,,,WITHDRAWN
STU-06678,1,elite_private,2025,Term2_Jan_Apr,14,0,,,,,WITHDRAWN
STU-06679,2,low_cost_private,2024,Term3_Apr_Jul,33.7,0,23.7,4,20,3,HIGH
STU-06680,2,low_cost_private,2024,Term1_Sep_Dec,43.3,0,56.2,15,34.1,4,HIGH
STU-06681,3,public_state,2024,Term2_Jan_Apr,16.7,0,70.8,1,26.5,4,MEDIUM
STU-06682,2,low_cost_private,2024,Term2_Jan_Apr,50.9,0,55.1,11,42.6,2,HIGH
STU-06683,2,low_cost_private,2023,Term1_Sep_Dec,69.9,0,46.3,1,36.5,5,HIGH
STU-06684,2,low_cost_private,2023,Term1_Sep_Dec,98.5,0,49.1,15,54.9,4,HIGH
STU-06685,2,low_cost_private,2025,Term3_Apr_Jul,25.7,0,47.0,8,28.7,5,HIGH
STU-06686,1,elite_private,2023,Term3_Apr_Jul,0,1,100,0,87.0,0,LOW
STU-06687,1,elite_private,2024,Term1_Sep_Dec,14,0,,,,,WITHDRAWN
STU-06688,3,public_state,2024,Term1_Sep_Dec,10.6,0,72.2,0,27.0,4,MEDIUM
STU-06689,2,low_cost_private,2023,Term3_Apr_Jul,23.6,0,55.0,0,28.6,4,MEDIUM
STU-06690,2,low_cost_private,2024,Term2_Jan_Apr,27.0,0,57.0,1,72.9,1,MEDIUM
STU-06691,1,elite_private,2024,Term1_Sep_Dec,0,1,99.2,1,92.7,0,LOW
STU-06692,2,low_cost_private,2024,Term1_Sep_Dec,23.1,0,68.8,5,52.3,2,MEDIUM
STU-06693,2,low_cost_private,2024,Term1_Sep_Dec,22.1,0,40.3,15,51.2,2,HIGH
STU-06694,2,low_cost_private,2024,Term2_Jan_Apr,16.8,0,91.3,1,69.2,0,LOW
STU-06695,3,public_state,2023,Term3_Apr_Jul,28.7,0,33.8,13,20,5,HIGH
STU-06696,1,elite_private,2025,Term3_Apr_Jul,0,1,100,0,86.7,0,LOW
STU-06697,1,elite_private,2024,Term2_Jan_Apr,0,1,100,0,87.6,0,LOW
STU-06698,2,low_cost_private,2025,Term2_Jan_Apr,58.8,0,54.8,14,20,5,HIGH
STU-06699,2,low_cost_private,2023,Term1_Sep_Dec,32.9,0,30.8,10,30.5,2,HIGH
STU-06700,3,public_state,2023,Term3_Apr_Jul,30.1,0,25.7,12,34.9,4,HIGH
STU-06701,2,low_cost_private,2023,Term3_Apr_Jul,23.8,0,27.7,11,31.2,6,HIGH
STU-06702,3,public_state,2024,Term3_Apr_Jul,18.4,0,45.2,0,43.4,2,MEDIUM
STU-06703,1,elite_private,2024,Term2_Jan_Apr,0,1,100,0,79.5,0,LOW
STU-06704,3,public_state,2023,Term2_Jan_Apr,16.5,0,50.9,1,30.3,3,MEDIUM
STU-06705,1,elite_private,2023,Term3_Apr_Jul,0,1,97.6,3,88.4,0,LOW
STU-06706,2,low_cost_private,2025,Term3_Apr_Jul,12.8,0,23.6,13,40.7,3,HIGH
STU-06707,2,low_cost_private,2023,Term3_Apr_Jul,72.7,0,50.2,7,28.4,4,HIGH
STU-06708,1,elite_private,2025,Term2_Jan_Apr,0,1,99.2,1,83.7,0,LOW
STU-06709,3,public_state,2023,Term2_Jan_Apr,15.3,0,75.2,6,40.8,2,MEDIUM
STU-06710,1,elite_private,2025,Term2_Jan_Apr,0,1,98.4,2,85.2,0,LOW
STU-06711,2,low_cost_private,2024,Term1_Sep_Dec,16.2,0,87.3,2,79.2,0,LOW
STU-06712,1,elite_private,2024,Term1_Sep_Dec,0,1,100,0,98.9,0,LOW
STU-06713,2,low_cost_private,2025,Term2_Jan_Apr,31.6,0,46.6,8,28.5,2,HIGH
STU-06714,3,public_state,2023,Term2_Jan_Apr,54.6,0,53.8,12,31.3,5,HIGH
STU-06715,1,elite_private,2024,Term1_Sep_Dec,8.4,0,86.0,5,84.7,0,LOW
STU-06716,2,low_cost_private,2023,Term1_Sep_Dec,31.9,0,28.4,14,33.2,4,HIGH
STU-06717,3,public_state,2025,Term3_Apr_Jul,27.8,0,44.5,7,20,5,HIGH
STU-06718,2,low_cost_private,2024,Term1_Sep_Dec,18.1,0,53.3,1,40.3,4,MEDIUM
STU-06719,2,low_cost_private,2025,Term3_Apr_Jul,55.0,0,52.6,9,66.3,0,MEDIUM
STU-06720,2,low_cost_private,2023,Term2_Jan_Apr,78.8,0,44.3,2,21.0,4,HIGH
STU-06721,1,elite_private,2023,Term2_Jan_Apr,0,1,100,0,90.2,0,LOW
STU-06722,1,elite_private,2023,Term1_Sep_Dec,0,1,99.2,1,94.8,0,LOW
STU-06723,3,public_state,2025,Term1_Sep_Dec,6.5,0,90.9,1,68.8,0,LOW
STU-06724,3,public_state,2024,Term1_Sep_Dec,46.5,0,43.0,10,34.7,4,HIGH
STU-06725,3,public_state,2025,Term1_Sep_Dec,5.4,0,89.1,0,75.0,0,LOW
STU-06726,1,elite_private,2023,Term2_Jan_Apr,14,0,,,,,WITHDRAWN
STU-06727,3,public_state,2024,Term3_Apr_Jul,25.0,0,65.3,9,20,2,MEDIUM
STU-06728,2,low_cost_private,2023,Term1_Sep_Dec,33.4,0,46.4,7,56.0,0,MEDIUM
STU-06729,3,public_state,2025,Term1_Sep_Dec,25.2,0,70.2,11,46.7,2,MEDIUM
STU-06730,1,elite_private,2024,Term3_Apr_Jul,6.8,0,89.8,0,54.5,2,LOW
STU-06731,1,elite_private,2023,Term2_Jan_Apr,3.4,0,90.0,0,71.2,0,LOW
STU-06732,2,low_cost_private,2025,Term2_Jan_Apr,57.7,0,45.7,14,54.3,4,HIGH
STU-06733,3,public_state,2024,Term2_Jan_Apr,20.0,0,88.4,2,25.4,3,MEDIUM
STU-06734,3,public_state,2024,Term2_Jan_Apr,30.4,0,61.3,1,69.9,0,MEDIUM
STU-06735,2,low_cost_private,2024,Term3_Apr_Jul,35.6,0,32.8,4,43.6,5,HIGH
STU-06736,3,public_state,2023,Term3_Apr_Jul,19.9,0,67.8,1,44.0,2,MEDIUM
STU-06737,1,elite_private,2025,Term2_Jan_Apr,1.2,0,100,0,90.9,0,LOW
STU-06738,3,public_state,2025,Term2_Jan_Apr,31.7,0,68.2,3,44.5,2,MEDIUM
STU-06739,2,low_cost_private,2025,Term1_Sep_Dec,12.1,0,50.8,5,34.8,4,MEDIUM
STU-06740,1,elite_private,2025,Term3_Apr_Jul,0,1,99.2,1,96.5,0,LOW
STU-06741,2,low_cost_private,2025,Term3_Apr_Jul,47.2,0,35.8,10,50.7,2,HIGH
STU-06742,2,low_cost_private,2023,Term2_Jan_Apr,45.2,0,33.0,8,30.4,2,HIGH
STU-06743,2,low_cost_private,2023,Term1_Sep_Dec,55.2,0,48.5,15,49.2,3,HIGH
STU-06744,3,public_state,2025,Term3_Apr_Jul,3.9,0,52.7,0,40.1,3,MEDIUM
STU-06745,3,public_state,2023,Term2_Jan_Apr,60,0,60.4,3,39.6,3,HIGH
STU-06746,2,low_cost_private,2024,Term1_Sep_Dec,16.6,0,65.4,0,25,2,MEDIUM
STU-06747,2,low_cost_private,2025,Term1_Sep_Dec,51.4,0,34.5,9,40.8,1,HIGH
STU-06748,3,public_state,2025,Term3_Apr_Jul,0,1,49.7,1,41.9,3,MEDIUM
STU-06749,1,elite_private,2025,Term3_Apr_Jul,0,1,96.0,0,97.4,0,LOW
STU-06750,1,elite_private,2025,Term1_Sep_Dec,8.2,0,66.7,2,65.8,0,LOW
STU-06751,2,low_cost_private,2025,Term2_Jan_Apr,58.7,0,32.3,7,48.2,2,HIGH
STU-06752,2,low_cost_private,2024,Term2_Jan_Apr,67.4,0,58.7,4,46.6,2,HIGH
STU-06753,1,elite_private,2023,Term2_Jan_Apr,14,0,,,,,WITHDRAWN
STU-06754,1,elite_private,2025,Term3_Apr_Jul,0,1,100,0,88.7,0,LOW
STU-06755,2,low_cost_private,2023,Term1_Sep_Dec,58.6,0,50.8,4,20.5,4,HIGH
STU-06756,3,public_state,2024,Term2_Jan_Apr,12.6,0,69.6,1,63.2,2,LOW
STU-06757,3,public_state,2024,Term3_Apr_Jul,60,0,47.7,3,31.1,5,HIGH
STU-06758,2,low_cost_private,2024,Term2_Jan_Apr,59.5,0,49.9,11,54.0,1,HIGH
STU-06759,2,low_cost_private,2023,Term3_Apr_Jul,39.8,0,29.3,1,39.1,2,HIGH
STU-06760,2,low_cost_private,2023,Term1_Sep_Dec,42.9,0,47.2,8,30.1,2,HIGH
STU-06761,1,elite_private,2023,Term3_Apr_Jul,12.9,0,85.8,1,74.3,0,LOW
STU-06762,1,elite_private,2024,Term2_Jan_Apr,1.9,0,57.8,1,64.0,0,LOW
STU-06763,3,public_state,2024,Term3_Apr_Jul,8.7,0,83.5,2,67.5,0,LOW
STU-06764,1,elite_private,2025,Term1_Sep_Dec,0,1,100,0,96.8,0,LOW
STU-06765,1,elite_private,2023,Term3_Apr_Jul,4.2,0,80.0,2,61.4,1,LOW
STU-06766,3,public_state,2024,Term1_Sep_Dec,2.0,0,39.0,9,33.1,2,HIGH
STU-06767,3,public_state,2023,Term1_Sep_Dec,26.0,0,53.3,1,33.3,2,MEDIUM
STU-06768,3,public_state,2024,Term2_Jan_Apr,14.6,0,51.4,3,67.6,1,MEDIUM
STU-06769,2,low_cost_private,2024,Term3_Apr_Jul,51.6,0,42.0,1,53.2,2,MEDIUM
STU-06770,3,public_state,2025,Term2_Jan_Apr,6.8,0,55.7,0,31.6,2,MEDIUM
STU-06771,1,elite_private,2024,Term3_Apr_Jul,14,0,,,,,WITHDRAWN
STU-06772,3,public_state,2025,Term3_Apr_Jul,24.0,0,62.4,0,35.0,3,MEDIUM
STU-06773,2,low_cost_private,2024,Term2_Jan_Apr,29.4,0,69.0,9,35.7,3,HIGH
STU-06774,3,public_state,2023,Term3_Apr_Jul,17.1,0,48.2,1,29.6,2,MEDIUM
STU-06775,1,elite_private,2023,Term2_Jan_Apr,4.9,0,89.2,1,48.1,3,MEDIUM
STU-06776,3,public_state,2023,Term3_Apr_Jul,7.6,0,79.2,1,69.9,0,LOW
STU-06777,2,low_cost_private,2025,Term2_Jan_Apr,67.9,0,45.4,11,47.4,2,HIGH
STU-06778,2,low_cost_private,2024,Term3_Apr_Jul,29.5,0,65.2,7,39.5,6,HIGH
STU-06779,2,low_cost_private,2023,Term1_Sep_Dec,68.4,0,58.4,0,50.3,2,MEDIUM
STU-06780,2,low_cost_private,2023,Term1_Sep_Dec,19.4,0,87.3,0,73.7,0,LOW
STU-06781,1,elite_private,2025,Term1_Sep_Dec,0,1,98.4,2,90.3,0,LOW
STU-06782,3,public_state,2025,Term1_Sep_Dec,29.9,0,19.2,11,20,3,HIGH
STU-06783,3,public_state,2024,Term1_Sep_Dec,19.2,0,48.0,1,20,3,HIGH
STU-06784,2,low_cost_private,2023,Term1_Sep_Dec,69.9,0,66.3,0,56.2,0,MEDIUM
STU-06785,2,low_cost_private,2023,Term1_Sep_Dec,19.4,0,53.7,15,41.1,4,HIGH
STU-06786,2,low_cost_private,2023,Term2_Jan_Apr,46.4,0,69.0,13,39.2,3,HIGH
STU-06787,2,low_cost_private,2025,Term1_Sep_Dec,11.9,0,25.7,12,25.6,4,HIGH
STU-06788,2,low_cost_private,2025,Term3_Apr_Jul,43.0,0,49.9,4,25.6,4,HIGH
STU-06789,3,public_state,2024,Term2_Jan_Apr,18.7,0,41.7,9,30.3,3,HIGH
STU-06790,3,public_state,2025,Term3_Apr_Jul,33.7,0,44.9,11,52.0,1,HIGH
STU-06791,3,public_state,2023,Term1_Sep_Dec,3.3,0,37.7,0,20,6,MEDIUM
STU-06792,3,public_state,2025,Term1_Sep_Dec,7.6,0,93.1,0,75.3,0,LOW
STU-06793,3,public_state,2023,Term1_Sep_Dec,28.4,0,77.1,0,36.8,2,MEDIUM
STU-06794,3,public_state,2023,Term2_Jan_Apr,15.9,0,62.3,3,52.2,3,MEDIUM
STU-06795,2,low_cost_private,2024,Term1_Sep_Dec,24.4,0,50.1,12,27.3,4,HIGH
STU-06796,3,public_state,2025,Term3_Apr_Jul,23.5,0,58.1,0,45.0,2,MEDIUM
STU-06797,2,low_cost_private,2025,Term3_Apr_Jul,22.8,0,58.8,6,50.0,2,MEDIUM
STU-06798,3,public_state,2025,Term2_Jan_Apr,28.7,0,87.6,3,49.0,1,MEDIUM
STU-06799,2,low_cost_private,2023,Term2_Jan_Apr,32.9,0,48.3,11,42.5,2,HIGH
STU-06800,2,low_cost_private,2024,Term3_Apr_Jul,15.2,0,82.6,1,70.6,0,LOW
STU-06801,1,elite_private,2025,Term3_Apr_Jul,0,1,100,0,100,0,LOW
STU-06802,1,elite_private,2025,Term1_Sep_Dec,14,0,,,,,WITHDRAWN
STU-06803,3,public_state,2023,Term1_Sep_Dec,22.9,0,50.7,10,33.7,2,HIGH
STU-06804,3,public_state,2025,Term2_Jan_Apr,32.6,0,61.8,7,23.2,5,HIGH
STU-06805,2,low_cost_private,2023,Term3_Apr_Jul,14.1,0,85.3,1,73.1,0,LOW
STU-06806,3,public_state,2024,Term1_Sep_Dec,18.7,0,44.8,8,32.4,2,HIGH
STU-06807,1,elite_private,2024,Term1_Sep_Dec,0,1,98.4,2,96.6,0,LOW
STU-06808,1,elite_private,2025,Term1_Sep_Dec,14,0,,,,,WITHDRAWN
STU-06809,3,public_state,2023,Term3_Apr_Jul,26.6,0,45.0,5,43.8,3,HIGH
STU-06810,2,low_cost_private,2025,Term3_Apr_Jul,78.4,0,34.5,12,43.1,3,HIGH
STU-06811,2,low_cost_private,2023,Term3_Apr_Jul,47.0,0,33.5,7,30.4,5,HIGH
STU-06812,2,low_cost_private,2023,Term2_Jan_Apr,22.9,0,58.2,6,70.8,0,MEDIUM
STU-06813,1,elite_private,2023,Term3_Apr_Jul,0,1,99.2,1,93.4,0,LOW
STU-06814,2,low_cost_private,2025,Term3_Apr_Jul,15.9,0,85.5,1,69.5,0,LOW
STU-06815,3,public_state,2024,Term3_Apr_Jul,33.6,0,53.0,7,43.6,4,HIGH
STU-06816,1,elite_private,2023,Term1_Sep_Dec,12.2,0,57.6,3,52.3,1,MEDIUM
STU-06817,2,low_cost_private,2024,Term3_Apr_Jul,28.1,0,62.0,0,43.8,5,MEDIUM
STU-06818,1,elite_private,2024,Term3_Apr_Jul,0,1,97.5,2,84.6,0,LOW
STU-06819,1,elite_private,2024,Term3_Apr_Jul,9.6,0,74.8,1,52.1,1,MEDIUM
STU-06820,2,low_cost_private,2023,Term3_Apr_Jul,66.3,0,46.1,0,37.6,6,HIGH
STU-06821,1,elite_private,2023,Term1_Sep_Dec,0,1,99.2,1,85.5,0,LOW
STU-06822,1,elite_private,2024,Term2_Jan_Apr,14,0,,,,,WITHDRAWN
STU-06823,1,elite_private,2023,Term3_Apr_Jul,0,1,99.1,1,79.0,0,LOW
STU-06824,3,public_state,2024,Term2_Jan_Apr,15.0,0,59.9,6,48.8,2,MEDIUM
STU-06825,2,low_cost_private,2025,Term1_Sep_Dec,14.3,0,73.1,1,40.8,2,MEDIUM
STU-06826,2,low_cost_private,2023,Term2_Jan_Apr,37.9,0,48.5,12,39.5,2,HIGH
STU-06827,2,low_cost_private,2024,Term1_Sep_Dec,31.5,0,45.0,11,56.0,0,MEDIUM
STU-06828,1,elite_private,2023,Term2_Jan_Apr,0,1,100,0,95.6,0,LOW
STU-06829,1,elite_private,2024,Term1_Sep_Dec,0,1,100,0,84.2,0,LOW
STU-06830,1,elite_private,2024,Term3_Apr_Jul,0,1,100,0,98.6,0,LOW
STU-06831,1,elite_private,2025,Term2_Jan_Apr,0,1,98.4,2,90.6,0,LOW
STU-06832,3,public_state,2025,Term2_Jan_Apr,6.5,0,93.6,0,71.4,0,LOW
STU-06833,2,low_cost_private,2024,Term2_Jan_Apr,63.6,0,31.6,15,34.6,6,HIGH
STU-06834,2,low_cost_private,2023,Term1_Sep_Dec,83.3,0,52.0,1,28.8,4,HIGH
STU-06835,3,public_state,2025,Term3_Apr_Jul,10.4,0,42.1,3,25.8,3,HIGH
STU-06836,3,public_state,2024,Term3_Apr_Jul,60,0,44.4,8,34.0,5,HIGH
STU-06837,3,public_state,2025,Term3_Apr_Jul,6.1,0,50.3,0,20,3,MEDIUM
STU-06838,3,public_state,2025,Term1_Sep_Dec,8.6,0,67.8,3,46.6,2,MEDIUM
STU-06839,2,low_cost_private,2023,Term2_Jan_Apr,46.6,0,42.7,16,50.5,0,HIGH
STU-06840,1,elite_private,2024,Term3_Apr_Jul,14,0,,,,,WITHDRAWN
STU-06841,2,low_cost_private,2024,Term1_Sep_Dec,25.2,0,41.2,8,20,2,HIGH
STU-06842,2,low_cost_private,2024,Term3_Apr_Jul,16.2,0,82.9,1,78.0,0,LOW
STU-06843,3,public_state,2025,Term2_Jan_Apr,23.9,0,73.6,0,65.5,1,LOW
STU-06844,2,low_cost_private,2024,Term1_Sep_Dec,29.1,0,57.6,11,43.0,4,HIGH
STU-06845,1,elite_private,2024,Term3_Apr_Jul,0,1,100,0,90.7,0,LOW
STU-06846,1,elite_private,2025,Term2_Jan_Apr,0,1,100,0,99.1,0,LOW
STU-06847,1,elite_private,2023,Term2_Jan_Apr,0,1,96.9,1,95.6,0,LOW
STU-06848,3,public_state,2024,Term1_Sep_Dec,24.9,0,47.8,1,43.2,4,MEDIUM
STU-06849,1,elite_private,2023,Term1_Sep_Dec,0,1,100,0,86.1,0,LOW
STU-06850,2,low_cost_private,2024,Term3_Apr_Jul,15.6,0,84.3,1,70.6,0,LOW
STU-06851,1,elite_private,2024,Term1_Sep_Dec,6.7,0,66.7,0,67.9,1,LOW
STU-06852,2,low_cost_private,2024,Term3_Apr_Jul,85.1,0,59.4,13,45.5,4,HIGH
STU-06853,2,low_cost_private,2024,Term1_Sep_Dec,62.3,0,57.7,7,45.4,3,HIGH
STU-06854,2,low_cost_private,2025,Term1_Sep_Dec,28.7,0,51.0,2,43.1,3,MEDIUM
STU-06855,3,public_state,2024,Term1_Sep_Dec,24.2,0,74.2,4,43.1,2,MEDIUM
STU-06856,2,low_cost_private,2023,Term3_Apr_Jul,23.5,0,63.7,1,53.2,2,MEDIUM
STU-06857,3,public_state,2024,Term2_Jan_Apr,15.7,0,62.7,12,25,2,HIGH
STU-06858,1,elite_private,2025,Term1_Sep_Dec,0,1,98.4,0,78.3,0,LOW
STU-06859,2,low_cost_private,2024,Term1_Sep_Dec,30.3,0,54.4,11,42.2,4,HIGH
STU-06860,1,elite_private,2025,Term2_Jan_Apr,0.1,0,100,0,93.5,0,LOW
STU-06861,2,low_cost_private,2023,Term2_Jan_Apr,50.0,0,51.6,12,45.3,1,HIGH
STU-06862,2,low_cost_private,2023,Term3_Apr_Jul,15.0,0,83.3,1,84.0,0,LOW
STU-06863,2,low_cost_private,2024,Term3_Apr_Jul,57.5,0,41.5,11,42.4,3,HIGH
STU-06864,2,low_cost_private,2023,Term1_Sep_Dec,25.0,0,59.3,6,44.8,4,MEDIUM
STU-06865,1,elite_private,2023,Term2_Jan_Apr,6.7,0,65.2,4,29.2,4,MEDIUM
STU-06866,1,elite_private,2023,Term2_Jan_Apr,14,0,,,,,WITHDRAWN
STU-06867,2,low_cost_private,2024,Term3_Apr_Jul,49.0,0,43.4,8,51.9,3,HIGH
STU-06868,1,elite_private,2025,Term3_Apr_Jul,0,1,64.7,5,47.3,2,MEDIUM
STU-06869,2,low_cost_private,2025,Term1_Sep_Dec,35.6,0,53.9,8,40.3,3,HIGH
STU-06870,2,low_cost_private,2025,Term1_Sep_Dec,30.7,0,55.2,6,53.3,1,MEDIUM
STU-06871,3,public_state,2023,Term2_Jan_Apr,17.4,0,61.1,2,37.9,2,MEDIUM
STU-06872,1,elite_private,2025,Term2_Jan_Apr,0,1,67.1,0,63.3,0,LOW
STU-06873,1,elite_private,2023,Term1_Sep_Dec,11.1,0,74.6,0,70.6,1,LOW
STU-06874,2,low_cost_private,2024,Term3_Apr_Jul,5,0,52.1,7,40.9,2,MEDIUM
STU-06875,1,elite_private,2023,Term2_Jan_Apr,0,1,99.2,1,96.3,0,LOW
STU-06876,1,elite_private,2023,Term3_Apr_Jul,0,1,99.2,1,100,0,LOW
STU-06877,1,elite_private,2025,Term3_Apr_Jul,7.3,0,90.0,0,59.0,1,LOW
STU-06878,3,public_state,2023,Term1_Sep_Dec,7.6,0,96.3,1,69.7,0,LOW
STU-06879,3,public_state,2024,Term1_Sep_Dec,30.1,0,46.0,6,29.6,4,HIGH
STU-06880,2,low_cost_private,2025,Term3_Apr_Jul,69.4,0,55.8,8,48.8,4,HIGH
STU-06881,2,low_cost_private,2023,Term2_Jan_Apr,41.0,0,44.3,0,34.0,4,HIGH
STU-06882,1,elite_private,2025,Term3_Apr_Jul,0,1,100,0,95.7,0,LOW
STU-06883,3,public_state,2023,Term3_Apr_Jul,13.0,0,34.9,9,31.5,5,HIGH
STU-06884,2,low_cost_private,2025,Term1_Sep_Dec,77.4,0,53.9,9,37.0,4,HIGH
STU-06885,1,elite_private,2025,Term2_Jan_Apr,0,1,98.4,1,100,0,LOW
STU-06886,1,elite_private,2023,Term2_Jan_Apr,14,0,,,,,WITHDRAWN
STU-06887,2,low_cost_private,2024,Term2_Jan_Apr,72.7,0,48.4,9,47.6,1,HIGH
STU-06888,3,public_state,2023,Term2_Jan_Apr,60,0,49.5,3,49.2,2,HIGH
STU-06889,3,public_state,2025,Term1_Sep_Dec,11.5,0,66.6,0,39.7,2,MEDIUM
STU-06890,3,public_state,2024,Term1_Sep_Dec,50.5,0,43.7,8,20.3,4,HIGH
STU-06891,2,low_cost_private,2025,Term1_Sep_Dec,39.2,0,47.1,7,43.2,5,HIGH
STU-06892,1,elite_private,2023,Term2_Jan_Apr,11.6,0,85.8,0,71.7,0,LOW
STU-06893,3,public_state,2025,Term1_Sep_Dec,17.5,0,53.0,5,20,3,HIGH
STU-06894,2,low_cost_private,2023,Term2_Jan_Apr,120,0,25.0,8,37.8,5,HIGH
STU-06895,2,low_cost_private,2025,Term1_Sep_Dec,29.6,0,24.8,1,22.6,5,HIGH
STU-06896,3,public_state,2025,Term3_Apr_Jul,25.1,0,56.7,10,49.7,1,MEDIUM
STU-06897,3,public_state,2025,Term2_Jan_Apr,12.0,0,60.6,0,40.4,3,MEDIUM
STU-06898,1,elite_private,2024,Term2_Jan_Apr,14,0,,,,,WITHDRAWN
STU-06899,1,elite_private,2024,Term2_Jan_Apr,0,1,99.2,1,88.2,0,LOW
STU-06900,2,low_cost_private,2025,Term2_Jan_Apr,65.9,0,39.0,6,28.3,3,HIGH
STU-06901,3,public_state,2024,Term1_Sep_Dec,25.8,0,49.4,11,44.6,2,HIGH
STU-06902,3,public_state,2024,Term1_Sep_Dec,45.1,0,62.4,10,39.7,6,HIGH
STU-06903,1,elite_private,2024,Term1_Sep_Dec,0,1,100,0,87.5,0,LOW
STU-06904,2,low_cost_private,2024,Term2_Jan_Apr,17.6,0,88.0,2,75.0,0,LOW
STU-06905,3,public_state,2023,Term1_Sep_Dec,29.5,0,58.3,4,43.2,4,MEDIUM
STU-06906,2,low_cost_private,2024,Term3_Apr_Jul,17.5,0,81.1,1,77.2,0,LOW
STU-06907,1,elite_private,2025,Term1_Sep_Dec,0,1,99.2,1,92.1,0,LOW
STU-06908,2,low_cost_private,2023,Term3_Apr_Jul,17.6,0,45.4,0,73.6,0,LOW
STU-06909,2,low_cost_private,2025,Term3_Apr_Jul,30.6,0,47.8,9,58.5,2,HIGH
STU-06910,1,elite_private,2024,Term3_Apr_Jul,14,0,,,,,WITHDRAWN
STU-06911,3,public_state,2023,Term3_Apr_Jul,11.0,0,19.0,12,20,2,HIGH
STU-06912,2,low_cost_private,2025,Term3_Apr_Jul,63.1,0,58.6,0,35.2,5,HIGH
STU-06913,2,low_cost_private,2025,Term1_Sep_Dec,17.8,0,25.1,13,26.4,3,HIGH
STU-06914,1,elite_private,2025,Term1_Sep_Dec,14,0,,,,,WITHDRAWN
STU-06915,1,elite_private,2025,Term3_Apr_Jul,11.8,0,89.2,1,47.5,2,LOW
STU-06916,2,low_cost_private,2023,Term3_Apr_Jul,13.3,0,84.6,1,32.6,4,MEDIUM
STU-06917,3,public_state,2023,Term3_Apr_Jul,9.1,0,37.6,5,40.9,4,MEDIUM
STU-06918,2,low_cost_private,2025,Term1_Sep_Dec,17.0,0,88.4,1,79.4,0,LOW
STU-06919,3,public_state,2025,Term3_Apr_Jul,29.0,0,39.9,0,20,3,MEDIUM
STU-06920,3,public_state,2024,Term1_Sep_Dec,39.8,0,40.9,6,34.4,4,HIGH
STU-06921,3,public_state,2025,Term2_Jan_Apr,12.2,0,53.3,8,46.0,4,MEDIUM
STU-06922,2,low_cost_private,2024,Term3_Apr_Jul,17.2,0,86.8,1,76.4,0,LOW
STU-06923,1,elite_private,2025,Term3_Apr_Jul,0,1,97.6,3,94.3,0,LOW
STU-06924,3,public_state,2024,Term3_Apr_Jul,6.1,0,47.5,1,59.1,4,MEDIUM
STU-06925,2,low_cost_private,2024,Term3_Apr_Jul,51.1,0,31.9,9,20,5,HIGH
STU-06926,1,elite_private,2024,Term2_Jan_Apr,2.3,0,98.8,0,84.2,0,LOW
STU-06927,3,public_state,2024,Term2_Jan_Apr,13.8,0,66.2,2,59.7,1,LOW
STU-06928,1,elite_private,2024,Term3_Apr_Jul,0.4,0,98.4,2,94.7,0,LOW
STU-06929,2,low_cost_private,2023,Term2_Jan_Apr,57.5,0,62.3,4,47.7,2,MEDIUM
STU-06930,3,public_state,2024,Term3_Apr_Jul,17.5,0,49.0,10,38.7,2,HIGH
STU-06931,1,elite_private,2025,Term3_Apr_Jul,0,1,96.7,2,83.7,0,LOW
STU-06932,1,elite_private,2023,Term1_Sep_Dec,2.0,0,65.8,2,49.7,1,MEDIUM
STU-06933,1,elite_private,2025,Term1_Sep_Dec,14,0,,,,,WITHDRAWN
STU-06934,2,low_cost_private,2023,Term1_Sep_Dec,20.7,0,71.3,0,85,0,LOW
STU-06935,3,public_state,2024,Term3_Apr_Jul,44.1,0,64.1,7,32.0,4,HIGH
STU-06936,2,low_cost_private,2023,Term1_Sep_Dec,48.9,0,47.0,9,59.7,1,HIGH
STU-06937,2,low_cost_private,2024,Term2_Jan_Apr,93.9,0,49.5,11,53.1,3,HIGH
STU-06938,2,low_cost_private,2023,Term1_Sep_Dec,70.9,0,58.3,0,55.8,2,MEDIUM
STU-06939,2,low_cost_private,2023,Term3_Apr_Jul,82.0,0,53.8,9,41.2,4,HIGH
STU-06940,3,public_state,2025,Term3_Apr_Jul,17.3,0,31.0,10,36.5,5,HIGH
STU-06941,3,public_state,2025,Term3_Apr_Jul,21.9,0,54.1,4,67.4,0,MEDIUM
STU-06942,3,public_state,2024,Term3_Apr_Jul,13.1,0,30.9,10,33.7,4,HIGH
STU-06943,3,public_state,2023,Term1_Sep_Dec,33.3,0,66.9,7,22.1,4,HIGH
STU-06944,2,low_cost_private,2025,Term2_Jan_Apr,5,0,51.6,2,51.0,2,MEDIUM
STU-06945,3,public_state,2023,Term1_Sep_Dec,30.3,0,59.0,2,36.4,7,HIGH
STU-06946,2,low_cost_private,2024,Term1_Sep_Dec,16.4,0,88.6,0,89.2,0,LOW
STU-06947,1,elite_private,2023,Term2_Jan_Apr,0.2,0,99.2,1,91.1,0,LOW
STU-06948,2,low_cost_private,2024,Term2_Jan_Apr,41.5,0,53.2,6,44.8,3,HIGH
STU-06949,1,elite_private,2023,Term2_Jan_Apr,0,1,100,0,90.0,0,LOW
STU-06950,1,elite_private,2024,Term1_Sep_Dec,11.0,0,87.7,0,55.8,3,LOW
STU-06951,3,public_state,2024,Term1_Sep_Dec,52.0,0,59.8,9,42.9,4,HIGH
STU-06952,3,public_state,2024,Term1_Sep_Dec,30.6,0,38.4,9,20.2,2,HIGH
STU-06953,2,low_cost_private,2024,Term3_Apr_Jul,10.7,0,49.6,0,44.5,3,MEDIUM
STU-06954,3,public_state,2024,Term1_Sep_Dec,8.5,0,94.5,0,71.7,0,LOW
STU-06955,2,low_cost_private,2025,Term2_Jan_Apr,64.3,0,56.3,2,33.7,4,HIGH
STU-06956,1,elite_private,2025,Term2_Jan_Apr,0,1,99.2,1,95.1,0,LOW
STU-06957,2,low_cost_private,2025,Term2_Jan_Apr,30.5,0,67.9,13,47.4,0,MEDIUM
STU-06958,1,elite_private,2023,Term2_Jan_Apr,0,1,98.5,1,95.4,0,LOW
STU-06959,2,low_cost_private,2023,Term3_Apr_Jul,34.9,0,48.1,13,40.3,3,HIGH
STU-06960,2,low_cost_private,2023,Term1_Sep_Dec,63.8,0,42.0,11,38.0,6,HIGH
STU-06961,1,elite_private,2024,Term2_Jan_Apr,14,0,,,,,WITHDRAWN
STU-06962,1,elite_private,2024,Term3_Apr_Jul,14,0,,,,,WITHDRAWN
STU-06963,2,low_cost_private,2024,Term2_Jan_Apr,29.8,0,60.0,1,68.6,0,LOW
STU-06964,2,low_cost_private,2023,Term3_Apr_Jul,58.4,0,52.8,13,43.6,2,HIGH
STU-06965,3,public_state,2024,Term1_Sep_Dec,39.4,0,69.1,4,37.7,3,HIGH
STU-06966,2,low_cost_private,2025,Term2_Jan_Apr,92.0,0,54.8,12,57.2,0,MEDIUM
STU-06967,2,low_cost_private,2024,Term2_Jan_Apr,53.6,0,73.1,7,47.2,1,MEDIUM
STU-06968,3,public_state,2023,Term3_Apr_Jul,25.6,0,25.2,1,21.4,5,HIGH
STU-06969,1,elite_private,2024,Term1_Sep_Dec,14,0,,,,,WITHDRAWN
STU-06970,3,public_state,2023,Term3_Apr_Jul,43.3,0,44.9,8,51.1,3,HIGH
STU-06971,3,public_state,2025,Term3_Apr_Jul,27.9,0,35.1,8,26.1,3,HIGH
STU-06972,2,low_cost_private,2025,Term1_Sep_Dec,35.0,0,48.2,9,20.7,3,HIGH
STU-06973,2,low_cost_private,2024,Term3_Apr_Jul,14.0,0,83.3,1,84.1,0,LOW
STU-06974,1,elite_private,2024,Term2_Jan_Apr,0,1,97.8,1,100,0,LOW
STU-06975,2,low_cost_private,2025,Term1_Sep_Dec,40.5,0,50.4,14,36.6,5,HIGH
STU-06976,1,elite_private,2025,Term1_Sep_Dec,2.1,0,63.8,4,53.8,2,MEDIUM
STU-06977,2,low_cost_private,2024,Term3_Apr_Jul,32.8,0,43.3,1,46.4,1,MEDIUM
STU-06978,2,low_cost_private,2023,Term1_Sep_Dec,19.2,0,23.6,5,20,4,HIGH
STU-06979,1,elite_private,2023,Term1_Sep_Dec,14,0,,,,,WITHDRAWN
STU-06980,1,elite_private,2023,Term3_Apr_Jul,6.8,0,64.7,2,49.6,2,MEDIUM
STU-06981,1,elite_private,2025,Term1_Sep_Dec,0,1,100,0,81.5,0,LOW
STU-06982,2,low_cost_private,2023,Term1_Sep_Dec,21.7,0,52.5,1,47.2,2,MEDIUM
STU-06983,2,low_cost_private,2023,Term1_Sep_Dec,21.8,0,83.7,2,90.0,0,LOW
STU-06984,2,low_cost_private,2024,Term1_Sep_Dec,19.3,0,62.3,0,31.3,3,MEDIUM
STU-06985,3,public_state,2025,Term1_Sep_Dec,28.7,0,63.0,7,41.3,3,HIGH
STU-06986,3,public_state,2024,Term3_Apr_Jul,15.8,0,23.6,3,20,4,HIGH
STU-06987,2,low_cost_private,2025,Term3_Apr_Jul,26.6,0,51.6,13,35.3,3,HIGH
STU-06988,2,low_cost_private,2023,Term2_Jan_Apr,54.3,0,45.3,16,42.0,3,HIGH
STU-06989,2,low_cost_private,2023,Term2_Jan_Apr,13.8,0,70.1,4,50.6,0,MEDIUM
STU-06990,1,elite_private,2024,Term1_Sep_Dec,0,1,100,0,90.9,0,LOW
STU-06991,3,public_state,2023,Term1_Sep_Dec,16.5,0,77.3,0,55.4,3,LOW
STU-06992,1,elite_private,2023,Term2_Jan_Apr,0,1,100,0,97.4,0,LOW
STU-06993,2,low_cost_private,2025,Term1_Sep_Dec,47.6,0,56.3,10,38.1,7,HIGH
STU-06994,3,public_state,2024,Term1_Sep_Dec,5.0,0,93.5,0,76.0,0,LOW
STU-06995,3,public_state,2023,Term2_Jan_Apr,3.0,0,61.7,1,27.6,2,MEDIUM
STU-06996,2,low_cost_private,2024,Term1_Sep_Dec,44.8,0,31.8,10,36.6,4,HIGH
STU-06997,1,elite_private,2025,Term2_Jan_Apr,5.9,0,72.4,0,60.3,0,LOW
STU-06998,2,low_cost_private,2025,Term2_Jan_Apr,18.5,0,85.1,1,81.3,0,LOW
STU-06999,1,elite_private,2025,Term1_Sep_Dec,0.2,0,98.4,2,91.9,0,LOW
STU-07000,2,low_cost_private,2025,Term2_Jan_Apr,23.1,0,64.8,0,34.5,5,MEDIUM
STU-07001,1,elite_private,2025,Term1_Sep_Dec,0,1,97.6,3,97.2,0,LOW
STU-07002,2,low_cost_private,2025,Term3_Apr_Jul,29.8,0,47.7,0,43.9,4,MEDIUM
STU-07003,3,public_state,2024,Term1_Sep_Dec,10.1,0,77.4,3,61.2,1,LOW
STU-07004,1,elite_private,2025,Term3_Apr_Jul,0,1,100,0,85.3,0,LOW
STU-07005,3,public_state,2023,Term2_Jan_Apr,34.2,0,57.7,3,36.1,6,HIGH
STU-07006,2,low_cost_private,2023,Term3_Apr_Jul,16.0,0,84.4,0,81.2,0,LOW
STU-07007,2,low_cost_private,2025,Term1_Sep_Dec,31.9,0,66.8,9,33.3,5,HIGH
STU-07008,3,public_state,2023,Term3_Apr_Jul,29.9,0,35.6,3,61.2,1,MEDIUM
STU-07009,1,elite_private,2023,Term2_Jan_Apr,0,1,100,0,96.4,0,LOW
STU-07010,3,public_state,2023,Term3_Apr_Jul,16.6,0,21.8,0,20,2,MEDIUM
STU-07011,1,elite_private,2025,Term2_Jan_Apr,0,1,100,0,94.6,0,LOW
STU-07012,3,public_state,2024,Term2_Jan_Apr,36.0,0,48.1,7,30.3,4,HIGH
STU-07013,2,low_cost_private,2025,Term3_Apr_Jul,24.3,0,69.1,4,24.8,4,MEDIUM
STU-07014,1,elite_private,2024,Term2_Jan_Apr,0,1,100,0,94.5,0,LOW
STU-07015,1,elite_private,2024,Term2_Jan_Apr,0,1,100,0,82.7,0,LOW
STU-07016,2,low_cost_private,2025,Term2_Jan_Apr,18.3,0,30.5,16,31.4,3,HIGH
STU-07017,2,low_cost_private,2023,Term3_Apr_Jul,64.2,0,40.0,10,53.9,3,HIGH
STU-07018,1,elite_private,2025,Term3_Apr_Jul,0,1,100,0,89.1,0,LOW
STU-07019,1,elite_private,2023,Term3_Apr_Jul,0,1,100,0,96.9,0,LOW
STU-07020,2,low_cost_private,2023,Term1_Sep_Dec,56.2,0,37.8,4,43.7,1,HIGH
STU-07021,3,public_state,2023,Term1_Sep_Dec,43.8,0,62.5,1,51.8,3,MEDIUM
STU-07022,2,low_cost_private,2024,Term1_Sep_Dec,23.7,0,56.3,6,39.8,4,HIGH
STU-07023,2,low_cost_private,2024,Term3_Apr_Jul,91.1,0,65.3,9,38.8,7,HIGH
STU-07024,3,public_state,2023,Term1_Sep_Dec,17.5,0,65.9,0,30.1,2,MEDIUM
STU-07025,2,low_cost_private,2024,Term1_Sep_Dec,50.8,0,45.0,11,20.3,4,HIGH
STU-07026,2,low_cost_private,2024,Term1_Sep_Dec,46.5,0,47.8,0,45.5,2,MEDIUM
STU-07027,2,low_cost_private,2023,Term1_Sep_Dec,17.4,0,90.6,0,73.0,0,LOW
STU-07028,1,elite_private,2024,Term2_Jan_Apr,0,1,100,0,93.4,0,LOW
STU-07029,3,public_state,2023,Term1_Sep_Dec,31.1,0,67.6,10,51.8,1,MEDIUM
STU-07030,2,low_cost_private,2024,Term3_Apr_Jul,63.6,0,52.2,13,37.0,4,HIGH
STU-07031,3,public_state,2025,Term1_Sep_Dec,22.4,0,57.1,6,20,5,HIGH
STU-07032,3,public_state,2023,Term3_Apr_Jul,21.7,0,35.2,7,20,3,HIGH
STU-07033,3,public_state,2024,Term2_Jan_Apr,4.3,0,63.3,9,51.2,3,MEDIUM
STU-07034,1,elite_private,2024,Term1_Sep_Dec,7.0,0,79.2,1,40.4,3,MEDIUM
STU-07035,1,elite_private,2025,Term3_Apr_Jul,10.1,0,65.8,1,46.3,0,LOW
STU-07036,2,low_cost_private,2024,Term2_Jan_Apr,15.7,0,87.5,2,68.9,0,LOW
STU-07037,2,low_cost_private,2025,Term2_Jan_Apr,44.3,0,54.6,10,44.5,2,HIGH
STU-07038,2,low_cost_private,2023,Term3_Apr_Jul,50.2,0,38.4,3,52.5,3,HIGH
STU-07039,3,public_state,2024,Term1_Sep_Dec,6.7,0,91.0,1,67.7,0,LOW
STU-07040,2,low_cost_private,2023,Term3_Apr_Jul,42.7,0,29.9,13,32.1,4,HIGH
STU-07041,3,public_state,2025,Term3_Apr_Jul,55.9,0,42.9,3,25.7,5,HIGH
STU-07042,1,elite_private,2025,Term2_Jan_Apr,0,1,96.0,5,90.6,0,LOW
STU-07043,2,low_cost_private,2023,Term2_Jan_Apr,80.2,0,60.0,4,46.9,1,HIGH
STU-07044,2,low_cost_private,2025,Term3_Apr_Jul,29.7,0,31.0,2,41.8,2,MEDIUM
STU-07045,3,public_state,2023,Term3_Apr_Jul,15.2,0,46.0,0,39.6,2,MEDIUM
STU-07046,2,low_cost_private,2025,Term3_Apr_Jul,41.7,0,47.6,13,44.5,2,HIGH
STU-07047,3,public_state,2023,Term2_Jan_Apr,23.3,0,62.2,2,42.5,4,MEDIUM
STU-07048,2,low_cost_private,2024,Term3_Apr_Jul,36.6,0,43.0,6,44.7,4,HIGH
STU-07049,3,public_state,2024,Term2_Jan_Apr,12.9,0,72.3,3,61.3,0,LOW
STU-07050,1,elite_private,2023,Term1_Sep_Dec,0,1,100,0,89.0,0,LOW
STU-07051,3,public_state,2025,Term1_Sep_Dec,16.9,0,59.1,3,43.0,2,MEDIUM
STU-07052,2,low_cost_private,2023,Term2_Jan_Apr,29.5,0,15,10,47.1,2,HIGH
STU-07053,2,low_cost_private,2025,Term1_Sep_Dec,53.0,0,40.2,7,35.3,4,HIGH
STU-07054,1,elite_private,2023,Term3_Apr_Jul,0,1,98.4,2,98.3,0,LOW
STU-07055,2,low_cost_private,2025,Term3_Apr_Jul,78.1,0,59.0,1,42.1,2,MEDIUM
STU-07056,2,low_cost_private,2024,Term1_Sep_Dec,43.3,0,71.1,0,37.4,4,MEDIUM
STU-07057,1,elite_private,2024,Term3_Apr_Jul,5.9,0,89.2,1,54.9,1,LOW
STU-07058,2,low_cost_private,2024,Term2_Jan_Apr,91.6,0,45.0,13,22.8,4,HIGH
STU-07059,2,low_cost_private,2023,Term1_Sep_Dec,46.1,0,40.3,9,32.7,5,HIGH
STU-07060,2,low_cost_private,2024,Term2_Jan_Apr,29.2,0,40.5,1,43.1,4,MEDIUM
STU-07061,3,public_state,2024,Term3_Apr_Jul,11.0,0,60.9,0,46.2,2,MEDIUM
STU-07062,2,low_cost_private,2023,Term3_Apr_Jul,16.0,0,83.9,1,74.2,0,LOW
STU-07063,3,public_state,2023,Term2_Jan_Apr,20.8,0,63.3,0,25.0,3,MEDIUM
STU-07064,1,elite_private,2023,Term1_Sep_Dec,0,1,100,0,90.3,0,LOW
STU-07065,1,elite_private,2023,Term2_Jan_Apr,0,1,99.2,1,80.9,0,LOW
STU-07066,2,low_cost_private,2023,Term3_Apr_Jul,39.4,0,21.0,7,21.2,2,HIGH
STU-07067,3,public_state,2025,Term3_Apr_Jul,18.8,0,58.8,0,20,2,MEDIUM
STU-07068,1,elite_private,2024,Term3_Apr_Jul,0,1,99.2,1,84.1,0,LOW
STU-07069,2,low_cost_private,2024,Term2_Jan_Apr,18.1,0,88.2,1,82.2,0,LOW
STU-07070,1,elite_private,2023,Term1_Sep_Dec,10.4,0,76.4,4,66.1,2,LOW
STU-07071,3,public_state,2023,Term3_Apr_Jul,18.7,0,21.2,7,24.2,4,HIGH
STU-07072,1,elite_private,2025,Term1_Sep_Dec,0,1,99.2,1,98.5,0,LOW
STU-07073,2,low_cost_private,2024,Term3_Apr_Jul,18.8,0,85.6,1,72.3,0,LOW
STU-07074,2,low_cost_private,2024,Term2_Jan_Apr,58.3,0,54.7,4,25.1,5,HIGH
STU-07075,1,elite_private,2024,Term3_Apr_Jul,14,0,,,,,WITHDRAWN
STU-07076,1,elite_private,2023,Term2_Jan_Apr,0,1,100,0,94.5,0,LOW
STU-07077,3,public_state,2025,Term2_Jan_Apr,34.0,0,33.8,10,26.1,4,HIGH
STU-07078,2,low_cost_private,2025,Term2_Jan_Apr,78.4,0,53.3,7,41.2,4,HIGH
STU-07079,1,elite_private,2025,Term3_Apr_Jul,0,1,100,0,100,0,LOW
STU-07080,3,public_state,2025,Term2_Jan_Apr,16.4,0,70.6,1,47.2,2,MEDIUM
STU-07081,1,elite_private,2024,Term2_Jan_Apr,0,1,98.4,2,93.4,0,LOW
STU-07082,2,low_cost_private,2024,Term3_Apr_Jul,35.8,0,61.0,4,30.9,3,HIGH
STU-07083,2,low_cost_private,2024,Term1_Sep_Dec,68.0,0,40.5,7,46.1,2,HIGH
STU-07084,3,public_state,2025,Term1_Sep_Dec,10.8,0,55.4,8,25,3,HIGH
STU-07085,3,public_state,2023,Term2_Jan_Apr,17.3,0,82.2,1,41.3,2,MEDIUM
STU-07086,2,low_cost_private,2023,Term1_Sep_Dec,31.3,0,75.7,0,51.7,0,LOW
STU-07087,1,elite_private,2023,Term1_Sep_Dec,14,0,,,,,WITHDRAWN
STU-07088,2,low_cost_private,2024,Term2_Jan_Apr,22.3,0,63.7,13,24.6,5,HIGH
STU-07089,2,low_cost_private,2024,Term2_Jan_Apr,83.4,0,66.6,7,30.0,4,HIGH
STU-07090,2,low_cost_private,2024,Term3_Apr_Jul,22.9,0,15,7,20.2,2,HIGH
STU-07091,1,elite_private,2025,Term2_Jan_Apr,5,0,77.0,3,55.4,1,LOW
STU-07092,3,public_state,2023,Term2_Jan_Apr,15.1,0,68.4,3,46.3,2,MEDIUM
STU-07093,1,elite_private,2023,Term1_Sep_Dec,0,1,99.7,0,91.7,0,LOW
STU-07094,2,low_cost_private,2025,Term2_Jan_Apr,14.5,0,88.2,2,76.0,0,LOW
STU-07095,3,public_state,2024,Term1_Sep_Dec,15.8,0,71.6,8,34.2,2,MEDIUM
STU-07096,3,public_state,2024,Term2_Jan_Apr,60,0,50.2,1,43.2,2,MEDIUM
STU-07097,3,public_state,2025,Term1_Sep_Dec,6.1,0,92.3,0,79.4,0,LOW
STU-07098,2,low_cost_private,2023,Term3_Apr_Jul,33.7,0,52.5,13,31.0,3,HIGH
STU-07099,2,low_cost_private,2024,Term2_Jan_Apr,41.7,0,50.9,13,33.5,4,HIGH
STU-07100,1,elite_private,2025,Term2_Jan_Apr,0,1,99.2,1,87.5,0,LOW
STU-07101,1,elite_private,2024,Term1_Sep_Dec,2.7,0,98.9,0,96.2,0,LOW
STU-07102,3,public_state,2023,Term2_Jan_Apr,19.0,0,58.5,12,42.4,2,MEDIUM
STU-07103,2,low_cost_private,2024,Term1_Sep_Dec,29.6,0,58.4,15,44.5,3,HIGH
STU-07104,3,public_state,2023,Term1_Sep_Dec,6.6,0,92.4,0,67.8,0,LOW
STU-07105,1,elite_private,2023,Term2_Jan_Apr,0.4,0,99.2,1,84.9,0,LOW
STU-07106,1,elite_private,2023,Term1_Sep_Dec,0,1,100,0,98.6,0,LOW
STU-07107,3,public_state,2025,Term3_Apr_Jul,11.6,0,39.7,1,53.2,0,MEDIUM
STU-07108,2,low_cost_private,2023,Term2_Jan_Apr,74.7,0,54.9,4,49.3,1,HIGH
STU-07109,1,elite_private,2024,Term3_Apr_Jul,0,1,100,0,99.8,0,LOW
STU-07110,2,low_cost_private,2024,Term1_Sep_Dec,37.6,0,41.6,11,52.2,1,HIGH
STU-07111,1,elite_private,2023,Term2_Jan_Apr,0,1,99.2,1,98.7,0,LOW
STU-07112,1,elite_private,2023,Term3_Apr_Jul,0,1,99.2,1,90.3,0,LOW
STU-07113,1,elite_private,2024,Term2_Jan_Apr,0,1,100,0,79.9,0,LOW
STU-07114,3,public_state,2025,Term1_Sep_Dec,6.7,0,92.0,1,78.1,0,LOW
STU-07115,2,low_cost_private,2025,Term3_Apr_Jul,89.7,0,25.2,4,28.5,3,HIGH
STU-07116,3,public_state,2023,Term3_Apr_Jul,15.2,0,35.4,0,54.5,2,MEDIUM
STU-07117,3,public_state,2025,Term1_Sep_Dec,16.8,0,44.7,5,20,4,HIGH
STU-07118,2,low_cost_private,2025,Term1_Sep_Dec,27.6,0,44.9,8,29.4,5,HIGH
STU-07119,3,public_state,2023,Term1_Sep_Dec,20.1,0,36.6,10,48.7,3,HIGH
STU-07120,1,elite_private,2023,Term1_Sep_Dec,0.2,0,100,0,98.3,0,LOW
STU-07121,1,elite_private,2025,Term1_Sep_Dec,0,1,98.4,2,97.6,0,LOW
STU-07122,1,elite_private,2023,Term1_Sep_Dec,4.3,0,79.7,1,79.0,0,LOW
STU-07123,2,low_cost_private,2023,Term2_Jan_Apr,45.8,0,54.8,0,37.4,5,HIGH
STU-07124,2,low_cost_private,2024,Term2_Jan_Apr,39.9,0,76.3,1,35.5,4,MEDIUM
STU-07125,2,low_cost_private,2025,Term3_Apr_Jul,60.4,0,43.0,8,52.3,2,HIGH
STU-07126,2,low_cost_private,2024,Term3_Apr_Jul,93.1,0,38.0,2,31.2,6,HIGH
STU-07127,1,elite_private,2025,Term1_Sep_Dec,14,0,,,,,WITHDRAWN
STU-07128,3,public_state,2023,Term2_Jan_Apr,28.6,0,47.7,12,36.5,2,HIGH
STU-07129,2,low_cost_private,2025,Term1_Sep_Dec,15.9,0,92.5,0,79.0,0,LOW
STU-07130,1,elite_private,2023,Term1_Sep_Dec,0,1,99.2,1,89.6,0,LOW
STU-07131,2,low_cost_private,2025,Term3_Apr_Jul,60.1,0,41.7,6,32.6,5,HIGH
STU-07132,1,elite_private,2025,Term1_Sep_Dec,14,0,,,,,WITHDRAWN
STU-07133,3,public_state,2024,Term1_Sep_Dec,2.8,0,49.1,1,39.7,3,MEDIUM
STU-07134,3,public_state,2024,Term2_Jan_Apr,0,1,57.5,3,40.5,2,MEDIUM
STU-07135,3,public_state,2023,Term3_Apr_Jul,6.2,0,83.6,1,66.6,0,LOW
STU-07136,2,low_cost_private,2023,Term3_Apr_Jul,45.3,0,36.4,6,52.7,3,HIGH
STU-07137,1,elite_private,2023,Term1_Sep_Dec,14,0,,,,,WITHDRAWN
STU-07138,1,elite_private,2024,Term1_Sep_Dec,0,1,100,0,92.2,0,LOW
STU-07139,3,public_state,2025,Term3_Apr_Jul,60,0,45.2,10,40.1,2,HIGH
STU-07140,3,public_state,2025,Term2_Jan_Apr,7.5,0,59.4,9,37.1,2,MEDIUM
STU-07141,2,low_cost_private,2025,Term2_Jan_Apr,59.8,0,45.1,13,42.4,3,HIGH
STU-07142,1,elite_private,2024,Term3_Apr_Jul,11.5,0,65.6,0,77.9,0,LOW
STU-07143,2,low_cost_private,2025,Term2_Jan_Apr,34.7,0,42.4,16,43.9,4,HIGH
STU-07144,1,elite_private,2023,Term1_Sep_Dec,14,0,,,,,WITHDRAWN
STU-07145,3,public_state,2024,Term1_Sep_Dec,7.6,0,92.1,1,68.0,0,LOW
STU-07146,1,elite_private,2024,Term3_Apr_Jul,0,1,80.6,2,53.8,3,MEDIUM
STU-07147,2,low_cost_private,2023,Term3_Apr_Jul,59.9,0,57.3,7,21.7,3,HIGH
STU-07148,3,public_state,2023,Term1_Sep_Dec,16.6,0,57.0,3,20,3,HIGH
STU-07149,3,public_state,2025,Term2_Jan_Apr,60,0,71.3,3,33.0,5,HIGH
STU-07150,3,public_state,2023,Term1_Sep_Dec,20.5,0,73.9,6,39.5,2,MEDIUM
STU-07151,1,elite_private,2024,Term1_Sep_Dec,0,1,52.5,0,70.2,0,LOW
STU-07152,1,elite_private,2024,Term3_Apr_Jul,1.5,0,77.0,0,61.9,0,LOW
STU-07153,2,low_cost_private,2024,Term3_Apr_Jul,43.2,0,40.8,11,67.1,0,MEDIUM
STU-07154,2,low_cost_private,2023,Term1_Sep_Dec,57.3,0,36.2,7,65.5,3,HIGH
STU-07155,3,public_state,2025,Term3_Apr_Jul,60,0,69.8,9,30.9,6,HIGH
STU-07156,2,low_cost_private,2025,Term2_Jan_Apr,31.6,0,38.5,9,34.7,3,HIGH
STU-07157,2,low_cost_private,2023,Term1_Sep_Dec,48.1,0,39.7,4,53.5,2,HIGH
STU-07158,2,low_cost_private,2023,Term2_Jan_Apr,19.2,0,88.6,0,76.0,0,LOW
STU-07159,3,public_state,2025,Term2_Jan_Apr,15.2,0,68.9,0,30.9,6,MEDIUM
STU-07160,2,low_cost_private,2025,Term2_Jan_Apr,16.9,0,91.7,0,78.8,0,LOW
STU-07161,3,public_state,2024,Term2_Jan_Apr,9.5,0,64.7,5,73.0,0,LOW
STU-07162,2,low_cost_private,2025,Term1_Sep_Dec,17.1,0,90.1,0,79.2,0,LOW
STU-07163,1,elite_private,2025,Term3_Apr_Jul,14,0,,,,,WITHDRAWN
STU-07164,1,elite_private,2024,Term2_Jan_Apr,0,1,99.2,1,96.6,0,LOW
STU-07165,2,low_cost_private,2024,Term2_Jan_Apr,46.7,0,25.1,10,31.9,5,HIGH
STU-07166,3,public_state,2023,Term1_Sep_Dec,29.2,0,52.8,7,20.6,2,HIGH
STU-07167,1,elite_private,2025,Term3_Apr_Jul,0,1,100,0,87.2,0,LOW
STU-07168,2,low_cost_private,2025,Term3_Apr_Jul,36.4,0,29.6,13,36.3,5,HIGH
STU-07169,1,elite_private,2025,Term3_Apr_Jul,14,0,,,,,WITHDRAWN
STU-07170,1,elite_private,2024,Term1_Sep_Dec,14,0,,,,,WITHDRAWN
STU-07171,3,public_state,2024,Term1_Sep_Dec,12.1,0,90.0,0,72.6,0,LOW
STU-07172,1,elite_private,2025,Term3_Apr_Jul,0,1,100,0,95.2,0,LOW
STU-07173,3,public_state,2025,Term1_Sep_Dec,28.8,0,62.0,6,25.4,2,MEDIUM
STU-07174,1,elite_private,2023,Term2_Jan_Apr,0,1,99.2,1,89.8,0,LOW
STU-07175,1,elite_private,2023,Term2_Jan_Apr,0,1,99.2,1,94.1,0,LOW
STU-07176,1,elite_private,2023,Term3_Apr_Jul,0,1,99.2,1,100,0,LOW
STU-07177,2,low_cost_private,2023,Term3_Apr_Jul,16.4,0,82.8,1,79.9,0,LOW
STU-07178,2,low_cost_private,2023,Term2_Jan_Apr,24.1,0,72.8,1,51.2,3,MEDIUM
STU-07179,2,low_cost_private,2023,Term3_Apr_Jul,44.7,0,46.3,4,38.6,4,HIGH
STU-07180,3,public_state,2023,Term2_Jan_Apr,14.2,0,42.6,7,48.0,0,MEDIUM
STU-07181,1,elite_private,2024,Term3_Apr_Jul,0,1,100,0,83.8,0,LOW
STU-07182,2,low_cost_private,2024,Term1_Sep_Dec,84.0,0,38.4,5,28.5,5,HIGH
STU-07183,1,elite_private,2024,Term1_Sep_Dec,0,1,97.6,3,85.8,0,LOW
STU-07184,1,elite_private,2023,Term1_Sep_Dec,10.6,0,61.5,5,41.5,2,MEDIUM
STU-07185,1,elite_private,2024,Term3_Apr_Jul,0,1,100,0,86.6,0,LOW
STU-07186,1,elite_private,2023,Term1_Sep_Dec,0,1,99.2,1,99.0,0,LOW
STU-07187,2,low_cost_private,2024,Term2_Jan_Apr,38.8,0,40.2,8,39.2,6,HIGH
STU-07188,1,elite_private,2024,Term2_Jan_Apr,0,1,99.2,1,91.3,0,LOW
STU-07189,2,low_cost_private,2023,Term2_Jan_Apr,14.2,0,86.8,2,73.6,0,LOW
STU-07190,1,elite_private,2023,Term3_Apr_Jul,9.4,0,55.0,3,49.6,2,MEDIUM
STU-07191,1,elite_private,2024,Term1_Sep_Dec,0,1,99.2,1,85.8,0,LOW
STU-07192,1,elite_private,2025,Term3_Apr_Jul,0,1,79.5,6,63.5,0,LOW
STU-07193,2,low_cost_private,2025,Term2_Jan_Apr,14.8,0,48.5,0,51.2,1,MEDIUM
STU-07194,2,low_cost_private,2025,Term1_Sep_Dec,15.1,0,89.8,1,80.6,0,LOW
STU-07195,3,public_state,2024,Term3_Apr_Jul,25.7,0,38.9,13,44.2,3,HIGH
STU-07196,2,low_cost_private,2025,Term3_Apr_Jul,46.9,0,44.8,13,21.2,6,HIGH
STU-07197,2,low_cost_private,2024,Term2_Jan_Apr,18.7,0,46.7,11,20.2,4,HIGH
STU-07198,1,elite_private,2025,Term1_Sep_Dec,0,1,100,0,81.5,0,LOW
STU-07199,2,low_cost_private,2025,Term2_Jan_Apr,44.5,0,67.7,4,51.2,0,MEDIUM
STU-07200,2,low_cost_private,2023,Term3_Apr_Jul,72.8,0,42.6,5,44.9,4,HIGH
STU-07201,2,low_cost_private,2023,Term1_Sep_Dec,38.1,0,45.8,15,59.9,1,HIGH
STU-07202,3,public_state,2024,Term1_Sep_Dec,24.3,0,65.8,10,36.2,5,HIGH
STU-07203,2,low_cost_private,2024,Term2_Jan_Apr,80.2,0,48.8,8,48.9,1,HIGH
STU-07204,2,low_cost_private,2025,Term1_Sep_Dec,101.9,0,50.7,9,31.5,4,HIGH
STU-07205,1,elite_private,2023,Term3_Apr_Jul,1.7,0,84.6,1,51.5,3,MEDIUM
STU-07206,3,public_state,2025,Term2_Jan_Apr,5.2,0,65.8,6,45.9,2,MEDIUM
STU-07207,3,public_state,2024,Term3_Apr_Jul,23.6,0,62.2,1,28.7,5,HIGH
STU-07208,1,elite_private,2023,Term2_Jan_Apr,14,0,,,,,WITHDRAWN
STU-07209,3,public_state,2024,Term1_Sep_Dec,10.8,0,69.4,1,35.2,3,MEDIUM
STU-07210,3,public_state,2025,Term1_Sep_Dec,42.4,0,53.6,5,33.3,5,HIGH
STU-07211,3,public_state,2025,Term1_Sep_Dec,22.4,0,61.0,0,20,2,MEDIUM
STU-07212,3,public_state,2024,Term2_Jan_Apr,16.8,0,38.1,6,20.7,5,HIGH
STU-07213,1,elite_private,2024,Term3_Apr_Jul,6.0,0,83.2,3,52.9,0,LOW
STU-07214,2,low_cost_private,2025,Term1_Sep_Dec,81.9,0,54.5,15,43.4,3,HIGH
STU-07215,1,elite_private,2023,Term2_Jan_Apr,0,1,98.4,2,95.8,0,LOW
STU-07216,2,low_cost_private,2025,Term3_Apr_Jul,29.6,0,43.7,4,54.5,1,MEDIUM
STU-07217,1,elite_private,2025,Term2_Jan_Apr,0,1,98.4,2,87.6,0,LOW
STU-07218,3,public_state,2025,Term1_Sep_Dec,23.7,0,42.9,3,35.5,2,HIGH
STU-07219,2,low_cost_private,2025,Term2_Jan_Apr,80.5,0,50.2,1,50.3,2,MEDIUM
STU-07220,3,public_state,2023,Term2_Jan_Apr,5.3,0,92.2,1,66.3,0,LOW
STU-07221,1,elite_private,2025,Term1_Sep_Dec,13.1,0,79.2,0,51.3,0,LOW
STU-07222,3,public_state,2024,Term2_Jan_Apr,14.6,0,58.1,1,44.2,2,MEDIUM
STU-07223,2,low_cost_private,2024,Term2_Jan_Apr,47.5,0,53.8,14,39.6,5,HIGH
STU-07224,2,low_cost_private,2025,Term1_Sep_Dec,46.6,0,53.5,2,41.2,2,MEDIUM
STU-07225,2,low_cost_private,2023,Term1_Sep_Dec,57.3,0,37.5,10,48.5,3,HIGH
STU-07226,2,low_cost_private,2025,Term2_Jan_Apr,48.5,0,50.4,10,42.0,3,HIGH
STU-07227,3,public_state,2025,Term3_Apr_Jul,12.5,0,25.2,3,20,3,HIGH
STU-07228,2,low_cost_private,2025,Term3_Apr_Jul,64.8,0,48.5,13,41.5,2,HIGH
STU-07229,3,public_state,2025,Term3_Apr_Jul,45.6,0,42.7,1,20,6,HIGH
STU-07230,3,public_state,2025,Term1_Sep_Dec,18.0,0,68.5,7,45.5,1,MEDIUM
STU-07231,3,public_state,2023,Term1_Sep_Dec,19.3,0,67.5,1,42.3,2,MEDIUM
STU-07232,2,low_cost_private,2025,Term1_Sep_Dec,42.3,0,55.9,13,20,4,HIGH
STU-07233,2,low_cost_private,2023,Term2_Jan_Apr,29.0,0,34.6,14,27.5,2,HIGH
STU-07234,2,low_cost_private,2024,Term1_Sep_Dec,14.2,0,88.6,1,80.0,0,LOW
STU-07235,3,public_state,2023,Term2_Jan_Apr,7.2,0,77.2,16,33.8,5,MEDIUM
STU-07236,2,low_cost_private,2025,Term1_Sep_Dec,30.5,0,45.2,12,27.1,4,HIGH
STU-07237,2,low_cost_private,2024,Term1_Sep_Dec,83.6,0,44.7,10,36.6,4,HIGH
STU-07238,3,public_state,2025,Term1_Sep_Dec,11.2,0,70.8,10,36.2,3,MEDIUM
STU-07239,2,low_cost_private,2025,Term2_Jan_Apr,62.6,0,59.2,2,62.3,1,MEDIUM
STU-07240,1,elite_private,2025,Term1_Sep_Dec,0,1,99.2,1,96.6,0,LOW
STU-07241,1,elite_private,2023,Term3_Apr_Jul,0,1,99.2,1,89.0,0,LOW
STU-07242,2,low_cost_private,2025,Term1_Sep_Dec,69.7,0,51.5,15,43.1,2,HIGH
STU-07243,2,low_cost_private,2023,Term2_Jan_Apr,17.3,0,66.7,1,65.2,0,LOW
STU-07244,1,elite_private,2023,Term1_Sep_Dec,0,1,100,0,85.6,0,LOW
STU-07245,1,elite_private,2023,Term3_Apr_Jul,0,1,96.8,4,88.0,0,LOW
STU-07246,2,low_cost_private,2023,Term3_Apr_Jul,14.1,0,85.2,0,80.6,0,LOW
STU-07247,1,elite_private,2024,Term3_Apr_Jul,7.4,0,71.6,0,47.7,1,LOW
STU-07248,1,elite_private,2023,Term1_Sep_Dec,0,1,99.7,0,90.1,0,LOW
STU-07249,2,low_cost_private,2023,Term1_Sep_Dec,60.0,0,41.9,11,50.9,2,HIGH
STU-07250,2,low_cost_private,2025,Term3_Apr_Jul,23.6,0,44.9,0,34.1,4,MEDIUM
STU-07251,2,low_cost_private,2023,Term1_Sep_Dec,36.0,0,69.8,0,43.5,4,MEDIUM
STU-07252,3,public_state,2025,Term2_Jan_Apr,6.3,0,93.9,0,76.2,0,LOW
STU-07253,1,elite_private,2025,Term1_Sep_Dec,0,1,98.4,2,93.3,0,LOW
STU-07254,3,public_state,2023,Term1_Sep_Dec,37.8,0,58.9,7,20,3,HIGH
STU-07255,3,public_state,2023,Term2_Jan_Apr,6.6,0,92.5,0,64.1,0,LOW
STU-07256,1,elite_private,2023,Term2_Jan_Apr,11.1,0,74.3,1,73.3,0,LOW
STU-07257,2,low_cost_private,2024,Term3_Apr_Jul,17.0,0,85.9,0,77.7,0,LOW
STU-07258,3,public_state,2025,Term3_Apr_Jul,40.5,0,31.7,7,20,4,HIGH
STU-07259,3,public_state,2024,Term3_Apr_Jul,7.5,0,83.0,0,60.4,0,LOW
STU-07260,3,public_state,2023,Term1_Sep_Dec,26.4,0,35.5,1,20,6,HIGH
STU-07261,3,public_state,2023,Term1_Sep_Dec,48.6,0,34.1,6,43.2,3,HIGH
STU-07262,2,low_cost_private,2025,Term3_Apr_Jul,28.6,0,44.7,8,20,5,HIGH
STU-07263,2,low_cost_private,2023,Term1_Sep_Dec,60.3,0,53.7,1,46.3,2,MEDIUM
STU-07264,2,low_cost_private,2025,Term3_Apr_Jul,41.6,0,39.9,11,31.7,5,HIGH
STU-07265,1,elite_private,2024,Term3_Apr_Jul,0,1,99.2,1,95.0,0,LOW
STU-07266,3,public_state,2024,Term3_Apr_Jul,60,0,59.9,5,53.1,2,MEDIUM
STU-07267,1,elite_private,2024,Term3_Apr_Jul,0,1,79.7,0,73.3,1,LOW
STU-07268,2,low_cost_private,2025,Term1_Sep_Dec,16.7,0,56.6,7,25,2,HIGH
STU-07269,2,low_cost_private,2025,Term2_Jan_Apr,69.3,0,61.6,11,25.9,4,HIGH
STU-07270,3,public_state,2024,Term1_Sep_Dec,10.9,0,63.9,0,56.4,2,LOW
STU-07271,1,elite_private,2025,Term3_Apr_Jul,0,1,100,0,82.2,0,LOW
STU-07272,2,low_cost_private,2023,Term3_Apr_Jul,10.8,0,27.5,11,31.3,5,HIGH
STU-07273,1,elite_private,2023,Term3_Apr_Jul,0,1,99.2,1,95.8,0,LOW
STU-07274,1,elite_private,2024,Term2_Jan_Apr,0,1,98.4,2,92.4,0,LOW
STU-07275,2,low_cost_private,2024,Term2_Jan_Apr,24.7,0,43.2,1,46.9,1,MEDIUM
STU-07276,1,elite_private,2023,Term2_Jan_Apr,0,1,100,0,99.7,0,LOW
STU-07277,3,public_state,2025,Term1_Sep_Dec,27.6,0,75.7,3,70.0,0,LOW
STU-07278,2,low_cost_private,2025,Term2_Jan_Apr,40.2,0,59.4,9,47.7,2,HIGH
STU-07279,2,low_cost_private,2024,Term3_Apr_Jul,34.4,0,41.3,11,48.5,2,HIGH
STU-07280,1,elite_private,2024,Term1_Sep_Dec,0,1,98.5,1,93.4,0,LOW
STU-07281,1,elite_private,2023,Term3_Apr_Jul,0,1,99.2,1,87.5,0,LOW
STU-07282,3,public_state,2025,Term3_Apr_Jul,29.5,0,44.3,3,20,4,HIGH
STU-07283,2,low_cost_private,2024,Term2_Jan_Apr,40.5,0,61.6,12,37.3,4,HIGH
STU-07284,3,public_state,2023,Term1_Sep_Dec,21.0,0,51.3,3,36.7,3,HIGH
STU-07285,1,elite_private,2024,Term1_Sep_Dec,11.0,0,67.2,3,44.2,3,MEDIUM
STU-07286,2,low_cost_private,2025,Term2_Jan_Apr,42.6,0,56.6,9,26.8,4,HIGH
STU-07287,2,low_cost_private,2025,Term2_Jan_Apr,29.4,0,61.9,0,50.8,2,MEDIUM
STU-07288,2,low_cost_private,2023,Term2_Jan_Apr,96.7,0,44.4,9,70.0,0,MEDIUM
STU-07289,3,public_state,2023,Term2_Jan_Apr,27.3,0,47.9,2,50.8,1,MEDIUM
STU-07290,1,elite_private,2025,Term1_Sep_Dec,14,0,,,,,WITHDRAWN
STU-07291,2,low_cost_private,2025,Term1_Sep_Dec,17.2,0,64.3,4,41.9,2,MEDIUM
STU-07292,1,elite_private,2024,Term2_Jan_Apr,2.8,0,77.5,1,73.5,0,LOW
STU-07293,1,elite_private,2025,Term2_Jan_Apr,0,1,100,0,94.3,0,LOW
STU-07294,1,elite_private,2023,Term1_Sep_Dec,0,1,100,0,94.5,0,LOW
STU-07295,2,low_cost_private,2023,Term2_Jan_Apr,64.1,0,50.7,4,42.2,2,HIGH
STU-07296,2,low_cost_private,2025,Term1_Sep_Dec,63.5,0,58.0,15,36.1,3,HIGH
STU-07297,1,elite_private,2025,Term2_Jan_Apr,0.2,0,52.4,2,38.5,4,MEDIUM
STU-07298,1,elite_private,2024,Term1_Sep_Dec,7.6,0,83.6,0,70.5,0,LOW
STU-07299,2,low_cost_private,2025,Term2_Jan_Apr,25.5,0,39.0,4,38.6,3,HIGH
STU-07300,1,elite_private,2024,Term1_Sep_Dec,6.1,0,79.6,3,52.7,2,MEDIUM
STU-07301,2,low_cost_private,2025,Term1_Sep_Dec,61.8,0,64.0,4,61.0,2,MEDIUM
STU-07302,2,low_cost_private,2025,Term3_Apr_Jul,64.1,0,51.8,11,56.9,2,HIGH
STU-07303,2,low_cost_private,2023,Term2_Jan_Apr,83.6,0,47.1,8,51.4,2,HIGH
STU-07304,3,public_state,2024,Term1_Sep_Dec,11.3,0,43.6,5,20,4,HIGH
STU-07305,3,public_state,2025,Term1_Sep_Dec,24.6,0,53.3,6,33.5,3,HIGH
STU-07306,1,elite_private,2023,Term1_Sep_Dec,0,1,98.4,2,100,0,LOW
STU-07307,3,public_state,2023,Term1_Sep_Dec,27.7,0,57.2,0,69.3,0,LOW
STU-07308,3,public_state,2023,Term2_Jan_Apr,4.9,0,80.4,0,42.7,3,LOW
STU-07309,2,low_cost_private,2024,Term3_Apr_Jul,76.2,0,52.8,4,47.2,2,HIGH
STU-07310,2,low_cost_private,2025,Term2_Jan_Apr,70.2,0,46.4,8,36.9,4,HIGH
STU-07311,2,low_cost_private,2025,Term2_Jan_Apr,50.7,0,64.0,6,50.5,3,HIGH
STU-07312,3,public_state,2024,Term3_Apr_Jul,3.6,0,47.6,0,20,5,MEDIUM
STU-07313,3,public_state,2024,Term2_Jan_Apr,25.9,0,55.1,6,20,2,MEDIUM
STU-07314,3,public_state,2024,Term2_Jan_Apr,60,0,50.1,3,39.0,6,HIGH
STU-07315,3,public_state,2024,Term3_Apr_Jul,15.4,0,55.5,9,37.5,3,HIGH
STU-07316,1,elite_private,2023,Term2_Jan_Apr,14,0,,,,,WITHDRAWN
STU-07317,1,elite_private,2024,Term1_Sep_Dec,0,1,98.4,2,88.0,0,LOW
STU-07318,1,elite_private,2023,Term3_Apr_Jul,0,1,100,0,95.4,0,LOW
STU-07319,3,public_state,2024,Term1_Sep_Dec,28.0,0,29.6,15,21.4,3,HIGH
STU-07320,1,elite_private,2024,Term3_Apr_Jul,12.7,0,44.9,0,27.3,4,MEDIUM
STU-07321,2,low_cost_private,2025,Term1_Sep_Dec,46.2,0,33.7,8,32.0,2,HIGH
STU-07322,3,public_state,2024,Term2_Jan_Apr,11.1,0,67.9,0,65.0,0,LOW
STU-07323,1,elite_private,2025,Term3_Apr_Jul,0,1,98.4,2,96.6,0,LOW
STU-07324,2,low_cost_private,2023,Term1_Sep_Dec,82.2,0,41.7,15,35.2,3,HIGH
STU-07325,2,low_cost_private,2024,Term3_Apr_Jul,5,0,67.5,9,40.1,4,MEDIUM
STU-07326,1,elite_private,2024,Term2_Jan_Apr,0,1,100,0,93.4,0,LOW
STU-07327,1,elite_private,2025,Term3_Apr_Jul,6.0,0,48.6,1,85,0,LOW
STU-07328,1,elite_private,2024,Term2_Jan_Apr,0,1,97.6,2,90.9,0,LOW
STU-07329,1,elite_private,2023,Term1_Sep_Dec,14,0,,,,,WITHDRAWN
STU-07330,2,low_cost_private,2025,Term3_Apr_Jul,27.7,0,40.1,13,52.8,3,HIGH
STU-07331,1,elite_private,2023,Term3_Apr_Jul,0,1,98.4,2,86.3,0,LOW
STU-07332,3,public_state,2024,Term2_Jan_Apr,12.4,0,53.0,0,40.0,3,MEDIUM
STU-07333,1,elite_private,2024,Term1_Sep_Dec,0,1,99.2,1,92.5,0,LOW
STU-07334,3,public_state,2023,Term3_Apr_Jul,12.1,0,39.2,10,20.4,3,HIGH
STU-07335,1,elite_private,2025,Term1_Sep_Dec,0,1,100,0,86.2,0,LOW
STU-07336,3,public_state,2025,Term1_Sep_Dec,40.3,0,49.5,3,36.7,4,HIGH
STU-07337,2,low_cost_private,2025,Term3_Apr_Jul,55.9,0,46.2,0,47.9,3,MEDIUM
STU-07338,2,low_cost_private,2024,Term1_Sep_Dec,89.8,0,48.0,0,29.9,4,HIGH
STU-07339,1,elite_private,2023,Term3_Apr_Jul,0,1,100,0,93.0,0,LOW
STU-07340,1,elite_private,2024,Term2_Jan_Apr,0,1,100,0,92.6,0,LOW
STU-07341,2,low_cost_private,2024,Term2_Jan_Apr,23.3,0,55.2,1,38.3,2,MEDIUM
STU-07342,1,elite_private,2023,Term2_Jan_Apr,0,1,87.6,3,85,1,LOW
STU-07343,3,public_state,2024,Term1_Sep_Dec,6.0,0,62.8,0,40.7,4,MEDIUM
STU-07344,2,low_cost_private,2025,Term3_Apr_Jul,76.6,0,45.0,8,32.4,3,HIGH
STU-07345,2,low_cost_private,2023,Term2_Jan_Apr,62.4,0,52.9,0,51.0,4,MEDIUM
STU-07346,3,public_state,2025,Term3_Apr_Jul,8.8,0,56.7,7,66.0,0,MEDIUM
STU-07347,1,elite_private,2025,Term2_Jan_Apr,7.1,0,80.3,1,54.6,2,LOW
STU-07348,3,public_state,2023,Term2_Jan_Apr,7.8,0,88.8,1,65.1,0,LOW
STU-07349,1,elite_private,2024,Term1_Sep_Dec,4.5,0,79.6,2,81.9,0,LOW
STU-07350,2,low_cost_private,2023,Term2_Jan_Apr,59.6,0,45.5,7,42.1,2,HIGH
STU-07351,2,low_cost_private,2023,Term2_Jan_Apr,28.7,0,37.4,14,42.4,2,HIGH
STU-07352,2,low_cost_private,2023,Term2_Jan_Apr,37.4,0,43.8,11,56.5,0,MEDIUM
STU-07353,3,public_state,2023,Term1_Sep_Dec,26.4,0,52.9,3,29.5,4,HIGH
STU-07354,3,public_state,2023,Term2_Jan_Apr,12.5,0,69.0,3,41.5,3,MEDIUM
STU-07355,2,low_cost_private,2025,Term1_Sep_Dec,16.5,0,87.1,1,78.1,0,LOW
STU-07356,3,public_state,2025,Term1_Sep_Dec,15.7,0,69.3,0,32.2,2,MEDIUM
STU-07357,1,elite_private,2025,Term1_Sep_Dec,0,1,99.2,1,89.3,0,LOW
STU-07358,1,elite_private,2025,Term2_Jan_Apr,0,1,100,0,87.7,0,LOW
STU-07359,3,public_state,2024,Term1_Sep_Dec,4.1,0,91.2,2,73.3,0,LOW
STU-07360,3,public_state,2025,Term3_Apr_Jul,17.4,0,42.0,0,20,3,MEDIUM
STU-07361,2,low_cost_private,2024,Term2_Jan_Apr,46.1,0,65.8,4,53.6,0,MEDIUM
STU-07362,1,elite_private,2024,Term2_Jan_Apr,0,1,98.9,0,93.4,0,LOW
STU-07363,3,public_state,2023,Term2_Jan_Apr,29.2,0,66.2,7,32.4,4,HIGH
STU-07364,3,public_state,2025,Term3_Apr_Jul,8.8,0,80.4,1,74.9,0,LOW
STU-07365,2,low_cost_private,2023,Term3_Apr_Jul,17.5,0,84.0,0,80.9,0,LOW
STU-07366,3,public_state,2024,Term1_Sep_Dec,23.0,0,70.3,3,46.0,1,MEDIUM
STU-07367,2,low_cost_private,2025,Term2_Jan_Apr,33.9,0,39.3,4,38.8,7,HIGH
STU-07368,1,elite_private,2024,Term2_Jan_Apr,0,1,100,0,91.9,0,LOW
STU-07369,3,public_state,2023,Term2_Jan_Apr,27.9,0,76.7,7,67.6,0,LOW
STU-07370,2,low_cost_private,2023,Term3_Apr_Jul,18.2,0,81.0,0,83.3,0,LOW
STU-07371,2,low_cost_private,2024,Term3_Apr_Jul,99.7,0,49.1,5,47.8,3,HIGH
STU-07372,2,low_cost_private,2023,Term3_Apr_Jul,39.7,0,37.5,9,20,4,HIGH
STU-07373,2,low_cost_private,2025,Term1_Sep_Dec,78.9,0,47.3,6,41.9,2,HIGH
STU-07374,2,low_cost_private,2025,Term3_Apr_Jul,41.9,0,51.9,8,37.7,3,HIGH
STU-07375,1,elite_private,2025,Term2_Jan_Apr,0,1,100,0,97.7,0,LOW
STU-07376,1,elite_private,2025,Term2_Jan_Apr,0,1,99.2,1,94.4,0,LOW
STU-07377,1,elite_private,2025,Term3_Apr_Jul,0,1,100,0,99.4,0,LOW
STU-07378,2,low_cost_private,2024,Term2_Jan_Apr,60.1,0,35.0,9,33.3,4,HIGH
STU-07379,2,low_cost_private,2025,Term1_Sep_Dec,65.7,0,73.5,0,51.4,1,MEDIUM
STU-07380,1,elite_private,2024,Term2_Jan_Apr,0,1,100,0,88.1,0,LOW
STU-07381,1,elite_private,2025,Term2_Jan_Apr,0,1,96.4,1,76.9,0,LOW
STU-07382,2,low_cost_private,2024,Term2_Jan_Apr,34.3,0,51.1,14,41.9,5,HIGH
STU-07383,1,elite_private,2024,Term1_Sep_Dec,7.1,0,82.5,5,74.1,0,LOW
STU-07384,3,public_state,2025,Term1_Sep_Dec,16.7,0,54.8,9,57.7,2,MEDIUM
STU-07385,3,public_state,2023,Term3_Apr_Jul,15.6,0,57.4,0,27.7,4,MEDIUM
STU-07386,3,public_state,2024,Term2_Jan_Apr,14.5,0,74.9,0,62.7,0,LOW
STU-07387,2,low_cost_private,2024,Term2_Jan_Apr,16.5,0,87.0,0,87.0,0,LOW
STU-07388,3,public_state,2023,Term3_Apr_Jul,20.1,0,42.4,0,61.5,1,MEDIUM
STU-07389,2,low_cost_private,2023,Term2_Jan_Apr,27.2,0,37.1,8,31.1,3,HIGH
STU-07390,2,low_cost_private,2025,Term3_Apr_Jul,93.5,0,41.3,4,37.7,5,HIGH
STU-07391,3,public_state,2024,Term2_Jan_Apr,8.4,0,87.9,1,71.4,0,LOW
STU-07392,3,public_state,2024,Term1_Sep_Dec,9.0,0,57.4,13,46.5,2,MEDIUM
STU-07393,3,public_state,2023,Term2_Jan_Apr,28.5,0,63.1,0,28.0,3,MEDIUM
STU-07394,3,public_state,2023,Term2_Jan_Apr,11.9,0,38.5,11,20,3,HIGH
STU-07395,1,elite_private,2025,Term1_Sep_Dec,0,1,99.2,0,80.2,0,LOW
STU-07396,2,low_cost_private,2023,Term1_Sep_Dec,58.2,0,56.8,4,31.1,4,HIGH
STU-07397,2,low_cost_private,2024,Term3_Apr_Jul,15.5,0,83.3,0,70.4,0,LOW
STU-07398,2,low_cost_private,2025,Term3_Apr_Jul,31.0,0,40.2,8,36.5,4,HIGH
STU-07399,1,elite_private,2025,Term1_Sep_Dec,0.5,0,99.2,1,94.5,0,LOW
STU-07400,1,elite_private,2024,Term3_Apr_Jul,0,1,100,0,92.2,0,LOW
STU-07401,3,public_state,2024,Term1_Sep_Dec,28.4,0,40.9,4,20,3,HIGH
STU-07402,1,elite_private,2023,Term3_Apr_Jul,0,1,73.7,2,59.3,1,LOW
STU-07403,3,public_state,2024,Term3_Apr_Jul,5.7,0,56.4,0,42.6,2,MEDIUM
STU-07404,2,low_cost_private,2023,Term3_Apr_Jul,33.1,0,63.5,0,63.2,2,MEDIUM
STU-07405,2,low_cost_private,2024,Term2_Jan_Apr,62.1,0,69.3,0,39.6,5,HIGH
STU-07406,3,public_state,2025,Term1_Sep_Dec,56.5,0,55.3,1,37.8,6,HIGH
STU-07407,3,public_state,2025,Term2_Jan_Apr,49.7,0,48.5,9,52.8,2,HIGH
STU-07408,2,low_cost_private,2025,Term1_Sep_Dec,71.3,0,68.3,4,73.7,0,MEDIUM
STU-07409,2,low_cost_private,2025,Term2_Jan_Apr,15.3,0,85.4,2,76.7,0,LOW
STU-07410,2,low_cost_private,2025,Term3_Apr_Jul,79.6,0,52.5,10,34.2,3,HIGH
STU-07411,1,elite_private,2025,Term2_Jan_Apr,11.5,0,84.4,0,81.7,0,LOW
STU-07412,2,low_cost_private,2024,Term1_Sep_Dec,38.2,0,77.2,9,28.3,2,MEDIUM
STU-07413,2,low_cost_private,2023,Term1_Sep_Dec,49.2,0,30.6,9,25.7,2,HIGH
STU-07414,1,elite_private,2025,Term2_Jan_Apr,0,1,98.4,2,94.1,0,LOW
STU-07415,1,elite_private,2025,Term1_Sep_Dec,0,1,99.2,1,88.6,0,LOW
STU-07416,2,low_cost_private,2025,Term3_Apr_Jul,23.9,0,62.4,0,37.0,3,MEDIUM
STU-07417,1,elite_private,2023,Term1_Sep_Dec,10.9,0,56.2,3,68.3,0,LOW
STU-07418,1,elite_private,2023,Term2_Jan_Apr,0,1,99.2,1,81.9,0,LOW
STU-07419,3,public_state,2025,Term2_Jan_Apr,53.2,0,57.7,3,25.4,3,HIGH
STU-07420,2,low_cost_private,2025,Term2_Jan_Apr,66.6,0,56.8,0,35.5,4,HIGH
STU-07421,1,elite_private,2025,Term1_Sep_Dec,3.3,0,68.4,0,56.9,0,LOW
STU-07422,2,low_cost_private,2023,Term2_Jan_Apr,70.1,0,59.2,4,55.2,1,MEDIUM
STU-07423,2,low_cost_private,2025,Term2_Jan_Apr,29.6,0,43.9,9,25.7,6,HIGH
STU-07424,2,low_cost_private,2023,Term1_Sep_Dec,36.2,0,41.5,4,41.6,4,HIGH
STU-07425,3,public_state,2023,Term1_Sep_Dec,33.2,0,51.3,3,20,4,HIGH
STU-07426,1,elite_private,2023,Term3_Apr_Jul,0,1,99.8,0,74.1,0,LOW
STU-07427,1,elite_private,2023,Term2_Jan_Apr,14,0,,,,,WITHDRAWN
STU-07428,2,low_cost_private,2025,Term3_Apr_Jul,32.0,0,37.4,6,45.0,1,HIGH
STU-07429,3,public_state,2025,Term2_Jan_Apr,42.5,0,62.5,10,43.0,4,HIGH
STU-07430,3,public_state,2025,Term1_Sep_Dec,54.6,0,65.5,5,40.5,2,MEDIUM
STU-07431,3,public_state,2023,Term2_Jan_Apr,22.2,0,56.7,11,29.0,5,HIGH
STU-07432,3,public_state,2023,Term2_Jan_Apr,22.5,0,64.5,5,47.5,1,MEDIUM
STU-07433,3,public_state,2023,Term1_Sep_Dec,46.6,0,57.5,10,47.0,1,HIGH
STU-07434,3,public_state,2024,Term2_Jan_Apr,16.2,0,38.3,8,20,3,HIGH
STU-07435,1,elite_private,2025,Term3_Apr_Jul,0,1,77.9,1,56.0,1,LOW
STU-07436,2,low_cost_private,2024,Term1_Sep_Dec,46.8,0,85.0,2,53.6,2,MEDIUM
STU-07437,3,public_state,2023,Term1_Sep_Dec,60,0,55.6,3,44.1,2,MEDIUM
STU-07438,2,low_cost_private,2023,Term3_Apr_Jul,17.9,0,63.6,0,53.5,2,MEDIUM
STU-07439,1,elite_private,2023,Term2_Jan_Apr,0,1,98.4,2,85.1,0,LOW
STU-07440,3,public_state,2023,Term3_Apr_Jul,18.9,0,54.6,3,21.4,3,HIGH
STU-07441,3,public_state,2024,Term1_Sep_Dec,22.2,0,25.7,7,20,3,HIGH
STU-07442,2,low_cost_private,2023,Term1_Sep_Dec,33.8,0,71.8,5,33.6,3,HIGH
STU-07443,1,elite_private,2025,Term1_Sep_Dec,0,1,98.4,2,93.9,0,LOW
STU-07444,1,elite_private,2023,Term2_Jan_Apr,0,1,100,0,89.8,0,LOW
STU-07445,1,elite_private,2023,Term2_Jan_Apr,0,1,100,0,90.1,0,LOW
STU-07446,3,public_state,2024,Term3_Apr_Jul,30.3,0,35.6,3,37.7,4,HIGH
STU-07447,2,low_cost_private,2024,Term2_Jan_Apr,37.9,0,21.6,8,20,3,HIGH
STU-07448,1,elite_private,2023,Term3_Apr_Jul,0,1,71.1,1,59.4,0,LOW
STU-07449,2,low_cost_private,2025,Term3_Apr_Jul,19.0,0,40.3,13,62.3,0,MEDIUM
STU-07450,1,elite_private,2024,Term2_Jan_Apr,0,1,99.2,1,89.0,0,LOW
STU-07451,2,low_cost_private,2025,Term2_Jan_Apr,16.9,0,90.8,0,69.7,0,LOW
STU-07452,2,low_cost_private,2023,Term3_Apr_Jul,29.4,0,66.6,9,20,3,HIGH
STU-07453,1,elite_private,2023,Term2_Jan_Apr,0,1,98.9,0,95.6,0,LOW
STU-07454,3,public_state,2023,Term2_Jan_Apr,12.3,0,62.6,0,25,2,MEDIUM
STU-07455,1,elite_private,2025,Term3_Apr_Jul,14,0,,,,,WITHDRAWN
STU-07456,1,elite_private,2024,Term1_Sep_Dec,0,1,99.2,1,91.4,0,LOW
STU-07457,2,low_cost_private,2023,Term1_Sep_Dec,71.4,0,42.0,13,42.5,3,HIGH
STU-07458,1,elite_private,2024,Term1_Sep_Dec,0,1,99.2,1,94.6,0,LOW
STU-07459,3,public_state,2025,Term2_Jan_Apr,20.2,0,41.9,8,20,3,HIGH
STU-07460,2,low_cost_private,2025,Term1_Sep_Dec,31.1,0,38.1,14,39.3,3,HIGH
STU-07461,1,elite_private,2024,Term1_Sep_Dec,14,0,,,,,WITHDRAWN
STU-07462,1,elite_private,2023,Term2_Jan_Apr,13.1,0,85.5,1,59.3,1,LOW
STU-07463,1,elite_private,2024,Term1_Sep_Dec,14,0,,,,,WITHDRAWN
STU-07464,2,low_cost_private,2024,Term3_Apr_Jul,88.9,0,62.1,9,30.2,6,HIGH
STU-07465,1,elite_private,2025,Term1_Sep_Dec,0,1,100,0,95.0,0,LOW
STU-07466,3,public_state,2025,Term2_Jan_Apr,29.2,0,79.4,0,29.5,5,MEDIUM
STU-07467,2,low_cost_private,2024,Term1_Sep_Dec,19.8,0,89.7,0,78.0,0,LOW
STU-07468,3,public_state,2023,Term2_Jan_Apr,37.8,0,55.6,10,51.2,2,HIGH
STU-07469,1,elite_private,2024,Term3_Apr_Jul,0.3,0,98.4,2,82.5,0,LOW
STU-07470,3,public_state,2024,Term3_Apr_Jul,6.1,0,68.2,2,38.3,2,MEDIUM
STU-07471,1,elite_private,2024,Term1_Sep_Dec,14,0,,,,,WITHDRAWN
STU-07472,3,public_state,2023,Term1_Sep_Dec,18.5,0,44.3,5,20.2,4,HIGH
STU-07473,1,elite_private,2025,Term1_Sep_Dec,0,1,99.2,1,88.5,0,LOW
STU-07474,1,elite_private,2025,Term1_Sep_Dec,0,1,99.7,0,98.8,0,LOW
STU-07475,2,low_cost_private,2024,Term2_Jan_Apr,10.2,0,56.1,0,43.9,2,MEDIUM
STU-07476,2,low_cost_private,2024,Term1_Sep_Dec,15.1,0,89.4,0,75.8,0,LOW
STU-07477,1,elite_private,2025,Term1_Sep_Dec,0,1,98.4,2,95.8,0,LOW
STU-07478,3,public_state,2023,Term1_Sep_Dec,26.9,0,58.8,4,36.4,4,HIGH
STU-07479,1,elite_private,2025,Term1_Sep_Dec,0,1,100,0,82.4,0,LOW
STU-07480,1,elite_private,2024,Term2_Jan_Apr,0.1,0,99.2,1,88.3,0,LOW
STU-07481,2,low_cost_private,2023,Term2_Jan_Apr,79.3,0,66.3,8,43.9,2,HIGH
STU-07482,3,public_state,2024,Term1_Sep_Dec,60,0,49.8,5,44.4,3,HIGH
STU-07483,3,public_state,2024,Term2_Jan_Apr,27.3,0,58.6,3,38.4,3,HIGH
STU-07484,3,public_state,2025,Term2_Jan_Apr,26.6,0,43.6,14,42.1,3,HIGH
STU-07485,2,low_cost_private,2025,Term2_Jan_Apr,33.4,0,64.1,4,60.9,0,MEDIUM
STU-07486,2,low_cost_private,2023,Term2_Jan_Apr,21.5,0,40.6,16,66.1,0,MEDIUM
STU-07487,3,public_state,2023,Term2_Jan_Apr,19.5,0,73.0,1,27.4,2,MEDIUM
STU-07488,2,low_cost_private,2023,Term3_Apr_Jul,47.2,0,34.7,12,39.5,6,HIGH
STU-07489,1,elite_private,2024,Term1_Sep_Dec,0,1,99.2,1,89.3,0,LOW
STU-07490,2,low_cost_private,2024,Term2_Jan_Apr,55.0,0,53.4,5,45.7,2,MEDIUM
STU-07491,2,low_cost_private,2025,Term1_Sep_Dec,34.7,0,46.6,8,20,3,HIGH
STU-07492,3,public_state,2024,Term3_Apr_Jul,6.9,0,81.2,0,62.8,0,LOW
STU-07493,2,low_cost_private,2024,Term1_Sep_Dec,37.5,0,62.5,7,31.4,4,HIGH
STU-07494,3,public_state,2024,Term2_Jan_Apr,39.7,0,36.6,9,33.6,2,HIGH
STU-07495,2,low_cost_private,2023,Term2_Jan_Apr,31.4,0,70.0,0,46.9,1,MEDIUM
STU-07496,3,public_state,2025,Term3_Apr_Jul,29.6,0,49.4,8,30.3,5,HIGH
STU-07497,1,elite_private,2025,Term3_Apr_Jul,0,1,99.2,1,100,0,LOW
STU-07498,1,elite_private,2023,Term3_Apr_Jul,8.7,0,66.0,2,23.5,3,MEDIUM
STU-07499,3,public_state,2023,Term1_Sep_Dec,1.2,0,49.5,3,29.4,4,HIGH
STU-07500,2,low_cost_private,2024,Term3_Apr_Jul,75.0,0,22.3,13,45.3,2,HIGH
STU-07501,1,elite_private,2025,Term2_Jan_Apr,14,0,,,,,WITHDRAWN
STU-07502,2,low_cost_private,2024,Term1_Sep_Dec,21.5,0,55.4,14,57.5,0,MEDIUM
STU-07503,2,low_cost_private,2025,Term1_Sep_Dec,57.3,0,37.7,10,51.4,4,HIGH
STU-07504,2,low_cost_private,2025,Term2_Jan_Apr,29.5,0,64.2,6,77.7,0,MEDIUM
STU-07505,2,low_cost_private,2024,Term3_Apr_Jul,49.8,0,41.3,0,44.1,4,MEDIUM
STU-07506,2,low_cost_private,2023,Term2_Jan_Apr,20.7,0,74.4,5,38.9,2,MEDIUM
STU-07507,3,public_state,2025,Term1_Sep_Dec,25.5,0,68.2,0,48.7,3,MEDIUM
STU-07508,3,public_state,2025,Term2_Jan_Apr,60,0,61.2,9,21.7,5,HIGH
STU-07509,2,low_cost_private,2023,Term3_Apr_Jul,89.3,0,47.9,12,52.4,4,HIGH
STU-07510,1,elite_private,2023,Term3_Apr_Jul,0,1,100,0,85.2,0,LOW
STU-07511,3,public_state,2023,Term2_Jan_Apr,9.1,0,61.5,13,41.6,2,MEDIUM
STU-07512,1,elite_private,2023,Term3_Apr_Jul,0,1,99.2,1,95.9,0,LOW
STU-07513,3,public_state,2024,Term2_Jan_Apr,15.4,0,62.4,0,46.8,2,MEDIUM
STU-07514,3,public_state,2025,Term2_Jan_Apr,19.3,0,61.9,7,38.3,3,HIGH
STU-07515,2,low_cost_private,2024,Term1_Sep_Dec,60.3,0,39.1,5,46.0,1,HIGH
STU-07516,1,elite_private,2023,Term3_Apr_Jul,0,1,99.2,1,81.5,0,LOW
STU-07517,2,low_cost_private,2025,Term3_Apr_Jul,17.1,0,82.4,1,73.0,0,LOW
STU-07518,1,elite_private,2023,Term3_Apr_Jul,4.0,0,100,0,87.2,0,LOW
STU-07519,3,public_state,2025,Term2_Jan_Apr,40.6,0,72.7,0,44.1,2,MEDIUM
STU-07520,2,low_cost_private,2024,Term1_Sep_Dec,49.1,0,65.0,6,44.2,3,MEDIUM
STU-07521,1,elite_private,2025,Term1_Sep_Dec,13.9,0,61.7,1,50.8,1,MEDIUM
STU-07522,1,elite_private,2024,Term1_Sep_Dec,0,1,100,0,94.3,0,LOW
STU-07523,2,low_cost_private,2024,Term3_Apr_Jul,24.8,0,53.2,9,20,5,HIGH
STU-07524,3,public_state,2025,Term2_Jan_Apr,35.7,0,36.1,10,20,3,HIGH
STU-07525,1,elite_private,2024,Term3_Apr_Jul,11.0,0,84.8,0,46.9,3,LOW
STU-07526,2,low_cost_private,2025,Term3_Apr_Jul,14.8,0,19.2,1,20,3,HIGH
STU-07527,3,public_state,2025,Term1_Sep_Dec,18.1,0,60.2,1,36.9,3,MEDIUM
STU-07528,3,public_state,2023,Term3_Apr_Jul,26.0,0,44.8,1,20,2,MEDIUM
STU-07529,1,elite_private,2025,Term3_Apr_Jul,14,0,,,,,WITHDRAWN
STU-07530,1,elite_private,2023,Term1_Sep_Dec,14,0,,,,,WITHDRAWN
STU-07531,3,public_state,2025,Term2_Jan_Apr,5.5,0,89.9,1,77.0,0,LOW
STU-07532,1,elite_private,2023,Term1_Sep_Dec,8.4,0,70.7,5,62.0,0,LOW
STU-07533,1,elite_private,2023,Term1_Sep_Dec,0,1,100,0,96.1,0,LOW
STU-07534,2,low_cost_private,2024,Term3_Apr_Jul,17.0,0,83.6,1,81.7,0,LOW
STU-07535,3,public_state,2024,Term1_Sep_Dec,39.9,0,53.6,4,35.2,3,HIGH
STU-07536,2,low_cost_private,2025,Term1_Sep_Dec,42.8,0,45.3,5,41.9,4,HIGH
STU-07537,3,public_state,2025,Term3_Apr_Jul,6.4,0,83.9,0,73.0,0,LOW
STU-07538,3,public_state,2023,Term2_Jan_Apr,35.4,0,43.0,3,28.9,3,HIGH
STU-07539,1,elite_private,2024,Term3_Apr_Jul,0,1,100,0,95.3,0,LOW
STU-07540,1,elite_private,2023,Term3_Apr_Jul,0,1,100,0,85.2,0,LOW
STU-07541,2,low_cost_private,2024,Term3_Apr_Jul,11.5,0,45.1,4,75.6,0,MEDIUM
STU-07542,3,public_state,2025,Term1_Sep_Dec,13.4,0,75.4,4,29.0,2,MEDIUM
STU-07543,1,elite_private,2024,Term3_Apr_Jul,0,1,98.4,2,96.8,0,LOW
STU-07544,3,public_state,2025,Term3_Apr_Jul,20.2,0,59.2,2,33.8,3,MEDIUM
STU-07545,2,low_cost_private,2025,Term1_Sep_Dec,83.1,0,39.5,4,22.2,5,HIGH
STU-07546,1,elite_private,2025,Term2_Jan_Apr,0,1,98.4,1,85.3,0,LOW
STU-07547,3,public_state,2025,Term2_Jan_Apr,12.9,0,59.7,9,54.4,1,MEDIUM
STU-07548,2,low_cost_private,2023,Term1_Sep_Dec,56.0,0,41.9,13,44.4,2,HIGH
STU-07549,2,low_cost_private,2024,Term2_Jan_Apr,64.8,0,40.2,0,52.0,2,MEDIUM
STU-07550,1,elite_private,2025,Term3_Apr_Jul,0,1,99.2,1,91.3,0,LOW
STU-07551,2,low_cost_private,2023,Term2_Jan_Apr,11.7,0,59.8,0,49.6,2,MEDIUM
STU-07552,1,elite_private,2025,Term2_Jan_Apr,0,1,100,0,89.0,0,LOW
STU-07553,1,elite_private,2024,Term1_Sep_Dec,1.0,0,100,0,100,0,LOW
STU-07554,2,low_cost_private,2024,Term1_Sep_Dec,79.8,0,59.2,6,48.4,2,HIGH
STU-07555,1,elite_private,2024,Term3_Apr_Jul,0,1,100,0,81.5,0,LOW
STU-07556,3,public_state,2023,Term3_Apr_Jul,21.6,0,45.0,0,49.4,1,MEDIUM
STU-07557,1,elite_private,2025,Term3_Apr_Jul,14,0,,,,,WITHDRAWN
STU-07558,2,low_cost_private,2025,Term3_Apr_Jul,53.6,0,31.1,13,38.0,6,HIGH
STU-07559,2,low_cost_private,2024,Term3_Apr_Jul,30.8,0,39.1,5,36.0,2,HIGH
STU-07560,1,elite_private,2025,Term2_Jan_Apr,0,1,100,0,97.8,0,LOW
STU-07561,2,low_cost_private,2023,Term1_Sep_Dec,35.4,0,47.6,8,39.4,5,HIGH
STU-07562,2,low_cost_private,2023,Term1_Sep_Dec,46.4,0,54.5,8,33.5,5,HIGH
STU-07563,1,elite_private,2024,Term1_Sep_Dec,0,1,100,0,91.3,0,LOW
STU-07564,2,low_cost_private,2025,Term3_Apr_Jul,87.3,0,40.2,0,47.6,2,MEDIUM
STU-07565,2,low_cost_private,2023,Term2_Jan_Apr,50.3,0,53.7,0,46.3,2,MEDIUM
STU-07566,3,public_state,2025,Term3_Apr_Jul,52.9,0,18.6,8,45.3,1,HIGH
STU-07567,3,public_state,2024,Term2_Jan_Apr,2.7,0,82.8,5,69.7,1,LOW
STU-07568,3,public_state,2025,Term3_Apr_Jul,3.0,0,50.8,1,32.3,3,MEDIUM
STU-07569,2,low_cost_private,2024,Term2_Jan_Apr,29.2,0,48.4,0,55.1,2,MEDIUM
STU-07570,1,elite_private,2025,Term2_Jan_Apr,0,1,98.4,2,100,0,LOW
STU-07571,2,low_cost_private,2023,Term1_Sep_Dec,49.5,0,55.9,15,33.2,4,HIGH
STU-07572,1,elite_private,2023,Term1_Sep_Dec,3.5,0,57.4,2,72.1,0,LOW
STU-07573,3,public_state,2023,Term3_Apr_Jul,35.4,0,23.9,13,62.8,1,HIGH
STU-07574,2,low_cost_private,2025,Term3_Apr_Jul,53.4,0,62.8,6,47.9,4,HIGH
STU-07575,1,elite_private,2025,Term1_Sep_Dec,0,1,99.2,1,93.9,0,LOW
STU-07576,3,public_state,2023,Term3_Apr_Jul,15.3,0,60.6,0,39.0,2,MEDIUM
STU-07577,3,public_state,2024,Term1_Sep_Dec,12.7,0,71.8,1,48.3,1,MEDIUM
STU-07578,1,elite_private,2025,Term2_Jan_Apr,4.6,0,64.5,0,85,0,LOW
STU-07579,3,public_state,2023,Term1_Sep_Dec,21.6,0,51.7,4,23.4,5,HIGH
STU-07580,1,elite_private,2024,Term3_Apr_Jul,5.6,0,74.0,1,58.4,1,LOW
STU-07581,3,public_state,2024,Term3_Apr_Jul,11.5,0,38.5,3,46.4,1,MEDIUM
STU-07582,1,elite_private,2024,Term2_Jan_Apr,14,0,,,,,WITHDRAWN
STU-07583,3,public_state,2023,Term3_Apr_Jul,16.4,0,44.5,2,54.9,0,MEDIUM
STU-07584,2,low_cost_private,2025,Term3_Apr_Jul,88.3,0,54.0,12,42.6,3,HIGH
STU-07585,2,low_cost_private,2025,Term2_Jan_Apr,35.0,0,64.1,7,51.1,2,HIGH
STU-07586,2,low_cost_private,2024,Term1_Sep_Dec,44.1,0,46.4,7,25.4,5,HIGH
STU-07587,2,low_cost_private,2025,Term3_Apr_Jul,29.3,0,48.8,7,50.3,1,HIGH
STU-07588,2,low_cost_private,2025,Term1_Sep_Dec,45.2,0,48.7,9,20,3,HIGH
STU-07589,3,public_state,2024,Term1_Sep_Dec,60,0,67.4,0,30.6,4,MEDIUM
STU-07590,1,elite_private,2024,Term1_Sep_Dec,0,1,77.6,2,71.6,0,LOW
STU-07591,1,elite_private,2025,Term1_Sep_Dec,0,1,98.4,2,86.5,0,LOW
STU-07592,3,public_state,2023,Term1_Sep_Dec,25.2,0,46.6,10,20.8,3,HIGH
STU-07593,3,public_state,2025,Term1_Sep_Dec,60,0,51.1,14,27.6,5,HIGH
STU-07594,2,low_cost_private,2023,Term2_Jan_Apr,40.5,0,61.9,9,46.7,1,HIGH
STU-07595,1,elite_private,2024,Term2_Jan_Apr,0,1,99.2,1,93.5,0,LOW
STU-07596,3,public_state,2025,Term2_Jan_Apr,14.2,0,58.1,1,38.8,2,MEDIUM
STU-07597,2,low_cost_private,2025,Term3_Apr_Jul,33.0,0,45.8,12,21.2,3,HIGH
STU-07598,3,public_state,2023,Term3_Apr_Jul,13.8,0,27.9,9,20,3,HIGH
STU-07599,3,public_state,2025,Term1_Sep_Dec,14.4,0,68.2,0,55.3,2,LOW
STU-07600,1,elite_private,2025,Term1_Sep_Dec,0,1,100,0,81.5,0,LOW
STU-07601,2,low_cost_private,2023,Term2_Jan_Apr,20.1,0,88.4,2,74.3,0,LOW
STU-07602,3,public_state,2024,Term2_Jan_Apr,11.9,0,76.7,1,47.5,1,LOW
STU-07603,2,low_cost_private,2024,Term1_Sep_Dec,23.0,0,26.3,15,20,3,HIGH
STU-07604,1,elite_private,2023,Term2_Jan_Apr,0,1,99.2,1,89.8,0,LOW
STU-07605,1,elite_private,2024,Term1_Sep_Dec,14,0,,,,,WITHDRAWN
STU-07606,3,public_state,2023,Term1_Sep_Dec,60,0,37.6,13,24.2,6,HIGH
STU-07607,1,elite_private,2023,Term3_Apr_Jul,7.4,0,74.9,1,61.4,1,LOW
STU-07608,1,elite_private,2023,Term1_Sep_Dec,12.3,0,69.5,1,57.2,2,LOW
STU-07609,3,public_state,2025,Term1_Sep_Dec,46.0,0,56.2,7,41.0,1,HIGH
STU-07610,1,elite_private,2024,Term1_Sep_Dec,0,1,76.2,2,51.6,2,LOW
STU-07611,1,elite_private,2024,Term2_Jan_Apr,0,1,100,0,93.2,0,LOW
STU-07612,2,low_cost_private,2023,Term1_Sep_Dec,22.4,0,50.1,4,59.2,0,MEDIUM
STU-07613,1,elite_private,2024,Term3_Apr_Jul,0,1,99.2,1,91.3,0,LOW
STU-07614,2,low_cost_private,2023,Term1_Sep_Dec,22.9,0,27.1,8,20,3,HIGH
STU-07615,2,low_cost_private,2023,Term3_Apr_Jul,29.1,0,38.4,7,26.4,4,HIGH
STU-07616,2,low_cost_private,2023,Term3_Apr_Jul,48.1,0,36.6,13,52.0,2,HIGH
STU-07617,2,low_cost_private,2023,Term1_Sep_Dec,14.0,0,90.0,0,76.0,0,LOW
STU-07618,1,elite_private,2024,Term2_Jan_Apr,0,1,100,0,93.0,0,LOW
STU-07619,3,public_state,2025,Term3_Apr_Jul,57.3,0,48.5,0,43.6,3,MEDIUM
STU-07620,1,elite_private,2025,Term1_Sep_Dec,12.9,0,53.3,5,54.9,1,MEDIUM
STU-07621,1,elite_private,2023,Term2_Jan_Apr,14,0,,,,,WITHDRAWN
STU-07622,2,low_cost_private,2023,Term1_Sep_Dec,14.1,0,89.5,1,80.2,0,LOW
STU-07623,1,elite_private,2024,Term2_Jan_Apr,0,1,99.2,1,91.9,0,LOW
STU-07624,1,elite_private,2023,Term2_Jan_Apr,0,1,100,0,88.1,0,LOW
STU-07625,1,elite_private,2025,Term1_Sep_Dec,14,0,,,,,WITHDRAWN
STU-07626,2,low_cost_private,2025,Term1_Sep_Dec,36.1,0,40.9,4,22.4,2,HIGH
STU-07627,2,low_cost_private,2023,Term1_Sep_Dec,22.5,0,41.3,4,44.3,2,MEDIUM
STU-07628,1,elite_private,2025,Term2_Jan_Apr,0,1,98.4,2,92.7,0,LOW
STU-07629,1,elite_private,2023,Term2_Jan_Apr,14,0,,,,,WITHDRAWN
STU-07630,3,public_state,2024,Term2_Jan_Apr,26.7,0,61.8,8,22.5,5,HIGH
STU-07631,2,low_cost_private,2024,Term1_Sep_Dec,31.7,0,52.5,6,25.8,3,HIGH
STU-07632,3,public_state,2025,Term2_Jan_Apr,11.6,0,71.0,2,33.9,2,MEDIUM
STU-07633,2,low_cost_private,2025,Term2_Jan_Apr,15.5,0,86.9,2,72.3,0,LOW
STU-07634,1,elite_private,2024,Term1_Sep_Dec,0,1,98.4,2,92.9,0,LOW
STU-07635,2,low_cost_private,2025,Term2_Jan_Apr,23.9,0,45.9,5,45.8,2,MEDIUM
STU-07636,1,elite_private,2023,Term1_Sep_Dec,12.2,0,62.4,1,74.6,1,LOW
STU-07637,2,low_cost_private,2025,Term2_Jan_Apr,65.2,0,58.3,3,45.7,2,HIGH
STU-07638,3,public_state,2024,Term2_Jan_Apr,14.7,0,72.8,1,20,5,MEDIUM
STU-07639,3,public_state,2024,Term1_Sep_Dec,58.2,0,50.9,3,46.7,2,MEDIUM
STU-07640,2,low_cost_private,2024,Term3_Apr_Jul,72.0,0,55.9,5,55.2,0,MEDIUM
STU-07641,2,low_cost_private,2024,Term3_Apr_Jul,58.8,0,60.5,1,41.4,3,MEDIUM
STU-07642,2,low_cost_private,2024,Term2_Jan_Apr,6.9,0,65.1,10,62.3,0,MEDIUM
STU-07643,2,low_cost_private,2023,Term3_Apr_Jul,24.0,0,62.9,0,54.9,4,MEDIUM
STU-07644,2,low_cost_private,2024,Term1_Sep_Dec,36.7,0,76.4,4,37.3,4,MEDIUM
STU-07645,1,elite_private,2025,Term2_Jan_Apr,7.5,0,58.0,0,64.2,0,LOW
STU-07646,1,elite_private,2024,Term1_Sep_Dec,0,1,99.2,1,97.0,0,LOW
STU-07647,1,elite_private,2024,Term1_Sep_Dec,0,1,100,0,100,0,LOW
STU-07648,3,public_state,2023,Term2_Jan_Apr,34.4,0,58.0,6,43.9,4,HIGH
STU-07649,1,elite_private,2024,Term1_Sep_Dec,14,0,,,,,WITHDRAWN
STU-07650,2,low_cost_private,2024,Term1_Sep_Dec,90.0,0,48.7,4,36.6,4,HIGH
STU-07651,1,elite_private,2025,Term3_Apr_Jul,14,0,,,,,WITHDRAWN
STU-07652,2,low_cost_private,2024,Term2_Jan_Apr,27.2,0,62.6,0,56.6,1,MEDIUM
STU-07653,3,public_state,2024,Term3_Apr_Jul,21.6,0,46.0,0,39.5,2,MEDIUM
STU-07654,2,low_cost_private,2024,Term1_Sep_Dec,79.7,0,50.4,6,53.9,2,HIGH
STU-07655,1,elite_private,2024,Term3_Apr_Jul,14,0,,,,,WITHDRAWN
STU-07656,3,public_state,2023,Term3_Apr_Jul,53.0,0,44.6,6,41.4,3,HIGH
STU-07657,3,public_state,2023,Term3_Apr_Jul,54.8,0,36.4,6,55.1,2,MEDIUM
STU-07658,3,public_state,2025,Term2_Jan_Apr,11.9,0,65.5,0,60.7,1,LOW
STU-07659,1,elite_private,2024,Term3_Apr_Jul,1.0,0,99.2,1,84.4,0,LOW
STU-07660,1,elite_private,2025,Term1_Sep_Dec,0,1,100,0,83.0,0,LOW
STU-07661,2,low_cost_private,2023,Term2_Jan_Apr,77.9,0,54.8,1,41.9,2,MEDIUM
STU-07662,1,elite_private,2025,Term1_Sep_Dec,0,1,99.2,1,90.5,0,LOW
STU-07663,2,low_cost_private,2025,Term3_Apr_Jul,63.8,0,36.0,1,24.7,4,HIGH
STU-07664,1,elite_private,2023,Term1_Sep_Dec,3.4,0,63.9,1,59.9,2,MEDIUM
STU-07665,3,public_state,2025,Term3_Apr_Jul,16.7,0,60.3,3,55.1,3,MEDIUM
STU-07666,2,low_cost_private,2025,Term2_Jan_Apr,29.7,0,29.6,13,29.0,4,HIGH
STU-07667,2,low_cost_private,2025,Term3_Apr_Jul,42.9,0,49.2,4,20,3,HIGH
STU-07668,2,low_cost_private,2024,Term1_Sep_Dec,67.9,0,59.6,8,40.9,2,HIGH
STU-07669,1,elite_private,2023,Term3_Apr_Jul,0,1,99.2,1,100,0,LOW
STU-07670,1,elite_private,2024,Term2_Jan_Apr,1.5,0,60.0,3,64.1,0,MEDIUM
STU-07671,3,public_state,2023,Term2_Jan_Apr,4.8,0,90.6,2,70.8,0,LOW
STU-07672,3,public_state,2025,Term2_Jan_Apr,17.3,0,56.1,4,28.5,2,MEDIUM
STU-07673,1,elite_private,2025,Term3_Apr_Jul,0,1,98.4,2,96.6,0,LOW
STU-07674,2,low_cost_private,2024,Term2_Jan_Apr,94.9,0,51.3,4,44.9,2,HIGH
STU-07675,3,public_state,2025,Term2_Jan_Apr,17.5,0,31.0,8,20,5,HIGH
STU-07676,3,public_state,2025,Term3_Apr_Jul,46.3,0,48.4,6,29.4,5,HIGH
STU-07677,1,elite_private,2024,Term3_Apr_Jul,0,1,100,0,86.2,0,LOW
STU-07678,1,elite_private,2024,Term2_Jan_Apr,0,1,99.2,1,85.0,0,LOW
STU-07679,2,low_cost_private,2025,Term1_Sep_Dec,25.2,0,43.2,14,25.4,5,HIGH
STU-07680,2,low_cost_private,2023,Term3_Apr_Jul,36.7,0,52.1,9,43.0,2,HIGH
STU-07681,1,elite_private,2023,Term3_Apr_Jul,14,0,,,,,WITHDRAWN
STU-07682,2,low_cost_private,2025,Term3_Apr_Jul,33.0,0,64.3,4,38.8,3,HIGH
STU-07683,2,low_cost_private,2024,Term1_Sep_Dec,28.1,0,48.2,9,32.9,3,HIGH
STU-07684,2,low_cost_private,2024,Term1_Sep_Dec,72.8,0,59.3,4,43.4,2,HIGH
STU-07685,1,elite_private,2023,Term1_Sep_Dec,0,1,100,0,91.4,0,LOW
STU-07686,2,low_cost_private,2025,Term3_Apr_Jul,17.8,0,58.4,0,39.9,3,MEDIUM
STU-07687,2,low_cost_private,2025,Term1_Sep_Dec,16.8,0,87.2,2,74.9,0,LOW
STU-07688,1,elite_private,2025,Term1_Sep_Dec,0,1,97.6,3,93.1,0,LOW
STU-07689,2,low_cost_private,2024,Term1_Sep_Dec,21.3,0,87.6,1,80.5,0,LOW
STU-07690,2,low_cost_private,2025,Term1_Sep_Dec,81.0,0,72.6,12,46.6,3,HIGH
STU-07691,2,low_cost_private,2025,Term1_Sep_Dec,33.5,0,43.1,0,67.0,1,MEDIUM
STU-07692,3,public_state,2025,Term2_Jan_Apr,13.6,0,78.5,8,39.2,2,MEDIUM
STU-07693,1,elite_private,2023,Term2_Jan_Apr,0,1,98.3,1,74.7,0,LOW
STU-07694,3,public_state,2024,Term2_Jan_Apr,2.5,0,75.4,4,40.1,5,MEDIUM
STU-07695,2,low_cost_private,2024,Term3_Apr_Jul,80.2,0,57.9,0,44.4,3,MEDIUM
STU-07696,2,low_cost_private,2025,Term3_Apr_Jul,18.8,0,46.9,0,45.4,2,MEDIUM
STU-07697,2,low_cost_private,2025,Term2_Jan_Apr,35.8,0,63.8,8,40.5,5,HIGH
STU-07698,2,low_cost_private,2024,Term2_Jan_Apr,18.7,0,52.8,11,47.0,2,MEDIUM
STU-07699,3,public_state,2023,Term1_Sep_Dec,16.5,0,75.0,3,38.5,2,MEDIUM
STU-07700,3,public_state,2023,Term1_Sep_Dec,4.9,0,89.1,2,70.4,0,LOW
STU-07701,1,elite_private,2025,Term2_Jan_Apr,12.0,0,65.1,0,29.8,3,MEDIUM
STU-07702,1,elite_private,2023,Term2_Jan_Apr,0,1,100,0,100,0,LOW
STU-07703,3,public_state,2023,Term1_Sep_Dec,32.2,0,54.3,6,54.4,2,MEDIUM
STU-07704,2,low_cost_private,2025,Term2_Jan_Apr,74.3,0,60.6,7,50.1,1,HIGH
STU-07705,1,elite_private,2025,Term3_Apr_Jul,0,1,99.2,1,100,0,LOW
STU-07706,1,elite_private,2023,Term2_Jan_Apr,6.8,0,80.4,6,43.7,2,MEDIUM
STU-07707,3,public_state,2023,Term3_Apr_Jul,13.1,0,58.3,1,25.1,3,MEDIUM
STU-07708,2,low_cost_private,2023,Term3_Apr_Jul,17.2,0,84.8,2,71.0,0,LOW
STU-07709,3,public_state,2025,Term2_Jan_Apr,60,0,68.2,5,25.5,3,HIGH
STU-07710,1,elite_private,2024,Term3_Apr_Jul,0,1,83.2,4,85,0,LOW
STU-07711,3,public_state,2023,Term3_Apr_Jul,4.5,0,55.1,0,35.5,5,MEDIUM
STU-07712,1,elite_private,2024,Term3_Apr_Jul,14,0,,,,,WITHDRAWN
STU-07713,3,public_state,2023,Term1_Sep_Dec,23.5,0,77.3,3,72.9,0,LOW
STU-07714,3,public_state,2025,Term3_Apr_Jul,3.6,0,67.4,0,25,4,MEDIUM
STU-07715,3,public_state,2023,Term1_Sep_Dec,24.2,0,52.3,11,27.6,2,HIGH
STU-07716,1,elite_private,2025,Term2_Jan_Apr,0.2,0,99.2,1,90.8,0,LOW
STU-07717,1,elite_private,2023,Term1_Sep_Dec,0,1,100,0,80.5,0,LOW
STU-07718,1,elite_private,2024,Term2_Jan_Apr,0,1,100,0,95.8,0,LOW
STU-07719,2,low_cost_private,2023,Term3_Apr_Jul,24.5,0,61.8,12,63.9,0,MEDIUM
STU-07720,3,public_state,2024,Term1_Sep_Dec,20.0,0,34.9,3,22.6,3,HIGH
STU-07721,1,elite_private,2023,Term3_Apr_Jul,2.9,0,90.0,0,76.3,0,LOW
STU-07722,3,public_state,2024,Term2_Jan_Apr,28.7,0,74.3,0,25,2,MEDIUM
STU-07723,1,elite_private,2025,Term2_Jan_Apr,9.5,0,80.0,0,55.0,2,LOW
STU-07724,2,low_cost_private,2024,Term2_Jan_Apr,85.2,0,60.3,1,66.9,0,MEDIUM
STU-07725,2,low_cost_private,2023,Term2_Jan_Apr,38.0,0,83.6,0,58.6,0,LOW
STU-07726,2,low_cost_private,2025,Term2_Jan_Apr,54.8,0,63.1,4,20,3,HIGH
STU-07727,3,public_state,2024,Term3_Apr_Jul,19.9,0,60.7,0,61.6,1,MEDIUM
STU-07728,3,public_state,2024,Term3_Apr_Jul,5.3,0,79.6,2,64.9,0,LOW
STU-07729,2,low_cost_private,2023,Term1_Sep_Dec,17.9,0,86.2,2,80.8,0,LOW
STU-07730,2,low_cost_private,2025,Term2_Jan_Apr,112.4,0,44.6,1,39.0,5,HIGH
STU-07731,3,public_state,2023,Term1_Sep_Dec,1.5,0,64.7,0,46.0,0,LOW
STU-07732,1,elite_private,2025,Term3_Apr_Jul,3.3,0,77.6,0,72.4,0,LOW
STU-07733,2,low_cost_private,2024,Term1_Sep_Dec,28.4,0,44.6,15,35.9,4,HIGH
STU-07734,1,elite_private,2024,Term2_Jan_Apr,0.1,0,98.9,1,84.2,0,LOW
STU-07735,1,elite_private,2025,Term3_Apr_Jul,1.7,0,82.4,2,70.0,0,LOW
STU-07736,2,low_cost_private,2025,Term1_Sep_Dec,55.4,0,45.4,5,34.4,6,HIGH
STU-07737,1,elite_private,2025,Term1_Sep_Dec,9.8,0,81.1,0,85,0,LOW
STU-07738,2,low_cost_private,2024,Term2_Jan_Apr,67.3,0,63.4,8,39.8,3,HIGH
STU-07739,2,low_cost_private,2024,Term1_Sep_Dec,54.3,0,65.8,8,32.3,6,HIGH
STU-07740,3,public_state,2024,Term2_Jan_Apr,60,0,66.3,0,52.2,2,MEDIUM
STU-07741,2,low_cost_private,2023,Term2_Jan_Apr,67.0,0,52.4,11,43.7,2,HIGH
STU-07742,2,low_cost_private,2025,Term1_Sep_Dec,45.0,0,62.3,4,42.4,2,MEDIUM
STU-07743,2,low_cost_private,2023,Term2_Jan_Apr,28.6,0,41.1,12,35.4,4,HIGH
STU-07744,2,low_cost_private,2025,Term3_Apr_Jul,49.7,0,44.6,6,45.4,1,HIGH
STU-07745,1,elite_private,2025,Term2_Jan_Apr,14,0,,,,,WITHDRAWN
STU-07746,3,public_state,2024,Term3_Apr_Jul,7.3,0,44.4,0,35.9,3,MEDIUM
STU-07747,3,public_state,2024,Term1_Sep_Dec,20.6,0,66.8,1,45.7,0,MEDIUM
STU-07748,1,elite_private,2023,Term3_Apr_Jul,0,1,100,0,86.9,0,LOW
STU-07749,1,elite_private,2025,Term2_Jan_Apr,0.9,0,61.9,1,78.6,0,LOW
STU-07750,3,public_state,2024,Term1_Sep_Dec,34.8,0,52.4,9,27.5,4,HIGH
STU-07751,2,low_cost_private,2023,Term2_Jan_Apr,55.9,0,64.0,13,36.0,5,HIGH
STU-07752,3,public_state,2025,Term3_Apr_Jul,33.4,0,39.4,10,33.1,5,HIGH
STU-07753,1,elite_private,2023,Term2_Jan_Apr,14,0,,,,,WITHDRAWN
STU-07754,3,public_state,2023,Term2_Jan_Apr,9.7,0,53.7,6,62.1,0,MEDIUM
STU-07755,2,low_cost_private,2025,Term1_Sep_Dec,37.3,0,60.5,11,33.3,2,HIGH
STU-07756,2,low_cost_private,2025,Term1_Sep_Dec,18.3,0,90.2,0,76.0,0,LOW
STU-07757,3,public_state,2024,Term2_Jan_Apr,16.7,0,71.5,0,41.9,2,MEDIUM
STU-07758,2,low_cost_private,2025,Term1_Sep_Dec,37.1,0,62.6,3,35.6,5,HIGH
STU-07759,2,low_cost_private,2025,Term3_Apr_Jul,26.0,0,22.9,13,20,5,HIGH
STU-07760,3,public_state,2023,Term1_Sep_Dec,6.2,0,93.9,0,81.4,0,LOW
STU-07761,2,low_cost_private,2023,Term2_Jan_Apr,38.4,0,60.3,4,55.2,0,MEDIUM
STU-07762,2,low_cost_private,2025,Term3_Apr_Jul,19.8,0,84.2,0,73.9,0,LOW
STU-07763,1,elite_private,2025,Term2_Jan_Apr,0.7,0,47.9,4,40.9,4,MEDIUM
STU-07764,1,elite_private,2023,Term2_Jan_Apr,0,1,98.4,2,88.5,0,LOW
STU-07765,1,elite_private,2024,Term1_Sep_Dec,0,1,98.0,2,100,0,LOW
STU-07766,3,public_state,2025,Term1_Sep_Dec,34.1,0,52.5,3,48.4,2,MEDIUM
STU-07767,2,low_cost_private,2025,Term2_Jan_Apr,19.3,0,46.1,13,31.6,4,HIGH
STU-07768,1,elite_private,2023,Term3_Apr_Jul,14,0,,,,,WITHDRAWN
STU-07769,2,low_cost_private,2023,Term1_Sep_Dec,61.2,0,50.7,6,50.9,2,HIGH
STU-07770,1,elite_private,2023,Term2_Jan_Apr,11.2,0,76.8,4,41.0,4,MEDIUM
STU-07771,3,public_state,2024,Term3_Apr_Jul,24.2,0,38.1,8,30.7,2,HIGH
STU-07772,1,elite_private,2024,Term1_Sep_Dec,14,0,,,,,WITHDRAWN
STU-07773,1,elite_private,2023,Term1_Sep_Dec,0.9,0,99.2,1,96.1,0,LOW
STU-07774,3,public_state,2023,Term3_Apr_Jul,36.4,0,62.4,7,34.5,2,HIGH
STU-07775,1,elite_private,2025,Term3_Apr_Jul,0,1,100,0,85.6,0,LOW
STU-07776,1,elite_private,2025,Term1_Sep_Dec,0.9,0,79.2,1,54.5,1,LOW
STU-07777,1,elite_private,2023,Term2_Jan_Apr,0,1,88.2,0,67.1,0,LOW
STU-07778,2,low_cost_private,2023,Term3_Apr_Jul,21.3,0,49.5,13,39.5,4,HIGH
STU-07779,3,public_state,2025,Term3_Apr_Jul,60,0,48.3,9,32.5,5,HIGH
STU-07780,1,elite_private,2025,Term1_Sep_Dec,0,1,100,0,86.1,0,LOW
STU-07781,1,elite_private,2025,Term3_Apr_Jul,0,1,100,0,90.9,0,LOW
STU-07782,3,public_state,2024,Term1_Sep_Dec,23.3,0,37.0,1,52.8,1,MEDIUM
STU-07783,2,low_cost_private,2023,Term3_Apr_Jul,30.5,0,53.1,11,38.9,4,HIGH
STU-07784,1,elite_private,2023,Term1_Sep_Dec,0,1,100,0,100,0,LOW
STU-07785,3,public_state,2024,Term3_Apr_Jul,5.6,0,79.2,1,68.8,0,LOW
STU-07786,2,low_cost_private,2024,Term2_Jan_Apr,36.2,0,34.0,12,34.8,6,HIGH
STU-07787,2,low_cost_private,2023,Term1_Sep_Dec,31.5,0,33.0,13,26.7,3,HIGH
STU-07788,1,elite_private,2023,Term3_Apr_Jul,2.0,0,65.5,0,54.3,3,MEDIUM
STU-07789,1,elite_private,2024,Term2_Jan_Apr,0,1,98.4,2,89.4,0,LOW
STU-07790,2,low_cost_private,2024,Term1_Sep_Dec,77.9,0,32.8,11,33.7,4,HIGH
STU-07791,2,low_cost_private,2025,Term2_Jan_Apr,34.5,0,56.7,1,34.9,3,HIGH
STU-07792,2,low_cost_private,2023,Term1_Sep_Dec,45.3,0,51.3,11,44.9,5,HIGH
STU-07793,2,low_cost_private,2024,Term3_Apr_Jul,75.3,0,37.6,10,46.5,3,HIGH
STU-07794,2,low_cost_private,2024,Term2_Jan_Apr,23.7,0,40.1,4,20,4,HIGH
STU-07795,2,low_cost_private,2024,Term1_Sep_Dec,23.7,0,54.3,14,31.8,4,HIGH
STU-07796,3,public_state,2024,Term3_Apr_Jul,60,0,56.1,6,26.4,3,HIGH
STU-07797,2,low_cost_private,2025,Term3_Apr_Jul,23.8,0,57.8,7,48.2,1,MEDIUM
STU-07798,1,elite_private,2025,Term2_Jan_Apr,14,0,,,,,WITHDRAWN
STU-07799,2,low_cost_private,2024,Term2_Jan_Apr,36.0,0,53.1,15,33.1,3,HIGH
STU-07800,1,elite_private,2023,Term2_Jan_Apr,14,0,,,,,WITHDRAWN
STU-07801,1,elite_private,2025,Term2_Jan_Apr,0,1,99.2,1,86.7,0,LOW
STU-07802,3,public_state,2024,Term1_Sep_Dec,22.0,0,57.0,1,56.9,2,MEDIUM
STU-07803,1,elite_private,2024,Term3_Apr_Jul,0,1,99.8,0,98.5,0,LOW
STU-07804,2,low_cost_private,2023,Term1_Sep_Dec,64.8,0,53.4,4,29.3,4,HIGH
STU-07805,3,public_state,2024,Term2_Jan_Apr,36.8,0,51.1,3,36.6,3,HIGH
STU-07806,1,elite_private,2024,Term1_Sep_Dec,5.5,0,67.6,4,27.9,5,MEDIUM
STU-07807,2,low_cost_private,2025,Term3_Apr_Jul,49.9,0,54.4,13,32.6,4,HIGH
STU-07808,1,elite_private,2024,Term1_Sep_Dec,14,0,,,,,WITHDRAWN
STU-07809,1,elite_private,2024,Term3_Apr_Jul,0,1,99.2,1,88.0,0,LOW
STU-07810,1,elite_private,2023,Term2_Jan_Apr,0.2,0,100,0,83.3,0,LOW
STU-07811,2,low_cost_private,2023,Term3_Apr_Jul,42.3,0,50.5,13,33.2,4,HIGH
STU-07812,1,elite_private,2023,Term3_Apr_Jul,0,1,100,0,100,0,LOW
STU-07813,1,elite_private,2023,Term2_Jan_Apr,10.8,0,86.2,0,72.6,0,LOW
STU-07814,1,elite_private,2025,Term3_Apr_Jul,0,1,100,0,84.0,0,LOW
STU-07815,2,low_cost_private,2025,Term2_Jan_Apr,93.6,0,32.1,5,41.7,4,HIGH
STU-07816,1,elite_private,2024,Term1_Sep_Dec,0,1,98.4,2,86.7,0,LOW
STU-07817,2,low_cost_private,2023,Term1_Sep_Dec,48.9,0,63.5,1,43.7,2,MEDIUM
STU-07818,1,elite_private,2023,Term2_Jan_Apr,0,1,100,0,91.8,0,LOW
STU-07819,2,low_cost_private,2023,Term2_Jan_Apr,44.9,0,50.5,15,41.4,4,HIGH
STU-07820,1,elite_private,2024,Term1_Sep_Dec,0,1,98.4,2,89.4,0,LOW
STU-07821,3,public_state,2024,Term2_Jan_Apr,15.8,0,56.8,0,79.4,0,LOW
STU-07822,3,public_state,2024,Term2_Jan_Apr,6.6,0,67.0,10,37.6,6,HIGH
STU-07823,1,elite_private,2023,Term2_Jan_Apr,0,1,99.2,1,94.1,0,LOW
STU-07824,2,low_cost_private,2024,Term1_Sep_Dec,68.7,0,39.5,8,54.4,3,HIGH
STU-07825,1,elite_private,2023,Term1_Sep_Dec,0,1,97.6,3,100,0,LOW
STU-07826,1,elite_private,2023,Term3_Apr_Jul,0,1,100,0,100,0,LOW
STU-07827,3,public_state,2023,Term3_Apr_Jul,20.0,0,60.5,0,28.3,4,MEDIUM
STU-07828,3,public_state,2023,Term2_Jan_Apr,14.9,0,55.6,12,44.7,3,HIGH
STU-07829,2,low_cost_private,2025,Term1_Sep_Dec,15.9,0,89.0,0,90.1,0,LOW
STU-07830,3,public_state,2025,Term3_Apr_Jul,11.0,0,51.7,1,34.2,3,MEDIUM
STU-07831,3,public_state,2023,Term1_Sep_Dec,20.1,0,47.8,1,20,5,HIGH
STU-07832,1,elite_private,2023,Term1_Sep_Dec,11.6,0,80.4,0,85,1,LOW
STU-07833,1,elite_private,2023,Term2_Jan_Apr,0,1,100,0,93.7,0,LOW
STU-07834,2,low_cost_private,2024,Term2_Jan_Apr,14.6,0,89.0,1,77.1,0,LOW
STU-07835,3,public_state,2025,Term3_Apr_Jul,16.3,0,69.1,4,41.5,2,MEDIUM
STU-07836,2,low_cost_private,2024,Term2_Jan_Apr,16.9,0,89.7,2,73.5,0,LOW
STU-07837,2,low_cost_private,2025,Term1_Sep_Dec,44.6,0,51.6,13,33.8,3,HIGH
STU-07838,1,elite_private,2024,Term1_Sep_Dec,0,1,100,0,91.5,0,LOW
STU-07839,1,elite_private,2023,Term1_Sep_Dec,14,0,,,,,WITHDRAWN
STU-07840,1,elite_private,2023,Term2_Jan_Apr,0,1,97.9,0,95.2,0,LOW
STU-07841,2,low_cost_private,2025,Term1_Sep_Dec,16.5,0,85.7,1,83.3,0,LOW
STU-07842,3,public_state,2024,Term3_Apr_Jul,27.5,0,48.7,0,41.5,2,MEDIUM
STU-07843,3,public_state,2025,Term2_Jan_Apr,13.4,0,65.2,11,25,3,MEDIUM
STU-07844,2,low_cost_private,2024,Term3_Apr_Jul,16.5,0,88.5,0,76.5,0,LOW
STU-07845,1,elite_private,2024,Term3_Apr_Jul,0,1,99.2,1,100,0,LOW
STU-07846,2,low_cost_private,2024,Term3_Apr_Jul,19.1,0,61.1,7,62.9,2,MEDIUM
STU-07847,1,elite_private,2025,Term2_Jan_Apr,0,1,100,0,91.7,0,LOW
STU-07848,2,low_cost_private,2024,Term2_Jan_Apr,61.8,0,47.4,6,34.1,4,HIGH
STU-07849,1,elite_private,2025,Term3_Apr_Jul,14,0,,,,,WITHDRAWN
STU-07850,2,low_cost_private,2023,Term1_Sep_Dec,65.4,0,39.6,6,45.4,3,HIGH
STU-07851,1,elite_private,2024,Term1_Sep_Dec,0,1,100,0,79.6,0,LOW
STU-07852,3,public_state,2024,Term2_Jan_Apr,45.0,0,50.5,5,20.8,5,HIGH
STU-07853,1,elite_private,2024,Term1_Sep_Dec,11.7,0,39.1,0,63.2,1,MEDIUM
STU-07854,2,low_cost_private,2023,Term3_Apr_Jul,16.6,0,83.1,1,74.8,0,LOW
STU-07855,2,low_cost_private,2023,Term2_Jan_Apr,35.6,0,47.6,11,48.7,1,HIGH
STU-07856,2,low_cost_private,2025,Term3_Apr_Jul,14.9,0,86.7,1,60,0,LOW
STU-07857,1,elite_private,2024,Term1_Sep_Dec,0,1,85.8,1,58.2,1,LOW
STU-07858,3,public_state,2024,Term1_Sep_Dec,8.9,0,55.0,6,36.4,2,MEDIUM
STU-07859,3,public_state,2023,Term3_Apr_Jul,19.4,0,54.3,0,35.9,2,MEDIUM
STU-07860,3,public_state,2025,Term2_Jan_Apr,60,0,61.6,2,32.2,5,HIGH
STU-07861,3,public_state,2025,Term3_Apr_Jul,18.7,0,55.9,0,29.3,4,MEDIUM
STU-07862,3,public_state,2023,Term1_Sep_Dec,36.1,0,58.0,12,47.0,1,HIGH
STU-07863,1,elite_private,2024,Term3_Apr_Jul,0,1,97.6,3,99.3,0,LOW
STU-07864,2,low_cost_private,2023,Term1_Sep_Dec,89.7,0,38.6,8,28.7,4,HIGH
STU-07865,3,public_state,2025,Term3_Apr_Jul,10.2,0,79.7,1,66.2,0,LOW
STU-07866,2,low_cost_private,2023,Term2_Jan_Apr,26.1,0,57.3,1,35.7,3,MEDIUM
STU-07867,1,elite_private,2024,Term1_Sep_Dec,0,1,99.2,1,95.5,0,LOW
STU-07868,3,public_state,2024,Term2_Jan_Apr,6.7,0,92.1,2,73.3,0,LOW
STU-07869,1,elite_private,2023,Term2_Jan_Apr,14,0,,,,,WITHDRAWN
STU-07870,1,elite_private,2024,Term3_Apr_Jul,14,0,,,,,WITHDRAWN
STU-07871,1,elite_private,2025,Term1_Sep_Dec,9.6,0,89.2,1,82.1,1,LOW
STU-07872,3,public_state,2023,Term1_Sep_Dec,17.0,0,44.3,8,20,2,HIGH
STU-07873,2,low_cost_private,2024,Term2_Jan_Apr,78.6,0,66.2,6,49.5,3,HIGH
STU-07874,1,elite_private,2023,Term1_Sep_Dec,0,1,99.2,1,91.1,0,LOW
STU-07875,1,elite_private,2024,Term1_Sep_Dec,0,1,99.2,1,88.8,0,LOW
STU-07876,3,public_state,2024,Term1_Sep_Dec,6.7,0,94.4,0,73.0,0,LOW
STU-07877,2,low_cost_private,2024,Term1_Sep_Dec,36.2,0,44.7,0,54.6,3,MEDIUM
STU-07878,3,public_state,2023,Term1_Sep_Dec,35.3,0,63.4,0,40.9,5,MEDIUM
STU-07879,2,low_cost_private,2023,Term1_Sep_Dec,59.0,0,45.7,9,52.9,4,HIGH
STU-07880,3,public_state,2023,Term1_Sep_Dec,60,0,48.8,10,26.1,4,HIGH
STU-07881,2,low_cost_private,2024,Term1_Sep_Dec,43.5,0,42.1,14,56.9,0,MEDIUM
STU-07882,3,public_state,2023,Term2_Jan_Apr,9.2,0,69.5,14,26.0,3,MEDIUM
STU-07883,3,public_state,2024,Term3_Apr_Jul,40.1,0,48.1,7,25.1,4,HIGH
STU-07884,3,public_state,2025,Term2_Jan_Apr,52.1,0,36.2,3,35.4,3,HIGH
STU-07885,2,low_cost_private,2023,Term3_Apr_Jul,35.7,0,44.2,4,80.9,2,MEDIUM
STU-07886,1,elite_private,2024,Term2_Jan_Apr,14,0,,,,,WITHDRAWN
STU-07887,3,public_state,2024,Term3_Apr_Jul,60,0,43.8,3,35.4,4,HIGH
STU-07888,1,elite_private,2023,Term3_Apr_Jul,0,1,99.2,1,85.0,0,LOW
STU-07889,1,elite_private,2025,Term2_Jan_Apr,0,1,99.2,1,84.6,0,LOW
STU-07890,3,public_state,2025,Term2_Jan_Apr,4.4,0,81.9,1,69.9,0,LOW
STU-07891,1,elite_private,2025,Term2_Jan_Apr,0,1,99.2,1,97.6,0,LOW
STU-07892,3,public_state,2025,Term1_Sep_Dec,10.9,0,74.6,0,45.0,2,LOW
STU-07893,3,public_state,2023,Term3_Apr_Jul,22.3,0,43.2,8,51.8,2,HIGH
STU-07894,2,low_cost_private,2024,Term3_Apr_Jul,17.5,0,82.2,2,81.9,0,LOW
STU-07895,1,elite_private,2025,Term3_Apr_Jul,5,0,71.7,2,55.9,0,LOW
STU-07896,1,elite_private,2024,Term3_Apr_Jul,0,1,98.7,0,85.2,0,LOW
STU-07897,1,elite_private,2025,Term1_Sep_Dec,0,1,98.4,2,77.2,0,LOW
STU-07898,2,low_cost_private,2023,Term2_Jan_Apr,36.4,0,53.8,6,43.6,1,MEDIUM
STU-07899,1,elite_private,2023,Term2_Jan_Apr,8.8,0,90.0,0,58.6,3,LOW
STU-07900,2,low_cost_private,2024,Term1_Sep_Dec,36.8,0,50.1,5,34.7,4,HIGH
STU-07901,1,elite_private,2023,Term2_Jan_Apr,12.3,0,62.6,0,85,0,LOW
STU-07902,1,elite_private,2024,Term3_Apr_Jul,0,1,100,0,85.8,0,LOW
STU-07903,3,public_state,2024,Term2_Jan_Apr,15.5,0,83.4,7,32.9,2,MEDIUM
STU-07904,3,public_state,2023,Term2_Jan_Apr,56.5,0,37.9,3,30.7,5,HIGH
STU-07905,3,public_state,2023,Term1_Sep_Dec,0.2,0,43.8,9,26.5,3,HIGH
STU-07906,2,low_cost_private,2024,Term2_Jan_Apr,14.3,0,88.7,2,80.0,0,LOW
STU-07907,2,low_cost_private,2025,Term2_Jan_Apr,79.6,0,44.4,0,49.9,3,HIGH
STU-07908,2,low_cost_private,2025,Term2_Jan_Apr,18.8,0,86.6,0,70.0,0,LOW
STU-07909,1,elite_private,2025,Term1_Sep_Dec,14,0,,,,,WITHDRAWN
STU-07910,2,low_cost_private,2024,Term3_Apr_Jul,36.0,0,40.6,8,28.6,4,HIGH
STU-07911,3,public_state,2023,Term1_Sep_Dec,6.8,0,88.5,0,71.1,0,LOW
STU-07912,2,low_cost_private,2025,Term2_Jan_Apr,58.2,0,48.4,5,51.5,1,HIGH
STU-07913,3,public_state,2023,Term2_Jan_Apr,16.7,0,74.6,3,53.7,1,MEDIUM
STU-07914,2,low_cost_private,2025,Term2_Jan_Apr,84.3,0,55.7,4,56.5,1,MEDIUM
STU-07915,1,elite_private,2023,Term3_Apr_Jul,1.2,0,66.8,3,77.4,0,LOW
STU-07916,2,low_cost_private,2024,Term2_Jan_Apr,29.0,0,38.1,4,20,4,HIGH
STU-07917,1,elite_private,2023,Term1_Sep_Dec,0,1,100,0,100,0,LOW
STU-07918,2,low_cost_private,2023,Term2_Jan_Apr,42.8,0,68.5,11,51.0,2,MEDIUM
STU-07919,3,public_state,2025,Term3_Apr_Jul,8.1,0,30.1,8,33.5,3,HIGH
STU-07920,2,low_cost_private,2023,Term2_Jan_Apr,28.0,0,58.4,0,49.9,2,MEDIUM
STU-07921,1,elite_private,2025,Term1_Sep_Dec,0,1,98.4,2,89.2,0,LOW
STU-07922,3,public_state,2023,Term1_Sep_Dec,19.4,0,41.8,4,28.3,3,HIGH
STU-07923,1,elite_private,2023,Term2_Jan_Apr,0,1,72.6,4,72.2,1,LOW
STU-07924,3,public_state,2024,Term2_Jan_Apr,4.8,0,88.3,0,76.9,0,LOW
STU-07925,2,low_cost_private,2025,Term2_Jan_Apr,41.6,0,53.2,5,20,4,HIGH
STU-07926,2,low_cost_private,2025,Term3_Apr_Jul,18.8,0,44.8,13,22.0,4,HIGH
STU-07927,2,low_cost_private,2024,Term1_Sep_Dec,49.9,0,52.8,9,30.1,4,HIGH
STU-07928,3,public_state,2023,Term1_Sep_Dec,58.8,0,56.5,5,50.2,2,MEDIUM
STU-07929,2,low_cost_private,2025,Term3_Apr_Jul,55.5,0,53.5,5,44.4,3,HIGH
STU-07930,2,low_cost_private,2023,Term1_Sep_Dec,67.0,0,51.4,10,29.2,3,HIGH
STU-07931,1,elite_private,2023,Term3_Apr_Jul,0,1,100,0,95.3,0,LOW
STU-07932,3,public_state,2024,Term2_Jan_Apr,14.0,0,45.3,4,30.7,2,MEDIUM
STU-07933,2,low_cost_private,2025,Term1_Sep_Dec,48.8,0,69.5,0,35.2,4,MEDIUM
STU-07934,3,public_state,2025,Term3_Apr_Jul,5.7,0,24.9,0,62.7,0,LOW
STU-07935,3,public_state,2025,Term1_Sep_Dec,24.6,0,75.2,0,36.5,2,MEDIUM
STU-07936,3,public_state,2023,Term1_Sep_Dec,42.0,0,46.5,4,44.7,2,HIGH
STU-07937,1,elite_private,2025,Term3_Apr_Jul,14,0,,,,,WITHDRAWN
STU-07938,2,low_cost_private,2023,Term1_Sep_Dec,59.3,0,48.9,7,43.9,3,HIGH
STU-07939,3,public_state,2023,Term2_Jan_Apr,10.4,0,67.8,8,57.0,2,MEDIUM
STU-07940,3,public_state,2024,Term2_Jan_Apr,35.6,0,52.5,6,27.5,3,HIGH
STU-07941,2,low_cost_private,2025,Term1_Sep_Dec,28.5,0,50.0,8,65.4,0,MEDIUM
STU-07942,2,low_cost_private,2023,Term2_Jan_Apr,66.7,0,37.2,7,47.3,3,HIGH
STU-07943,2,low_cost_private,2023,Term1_Sep_Dec,47.0,0,38.2,14,42.4,2,HIGH
STU-07944,2,low_cost_private,2025,Term2_Jan_Apr,39.4,0,63.6,6,40.6,3,HIGH
STU-07945,3,public_state,2024,Term3_Apr_Jul,31.2,0,46.3,8,42.7,4,HIGH
STU-07946,1,elite_private,2025,Term2_Jan_Apr,0,1,99.2,1,98.0,0,LOW
STU-07947,1,elite_private,2025,Term2_Jan_Apr,0,1,100,0,92.3,0,LOW
STU-07948,1,elite_private,2025,Term1_Sep_Dec,14,0,,,,,WITHDRAWN
STU-07949,2,low_cost_private,2025,Term2_Jan_Apr,62.6,0,44.6,11,42.2,1,HIGH
STU-07950,3,public_state,2023,Term1_Sep_Dec,21.7,0,58.1,7,38.8,2,HIGH
STU-07951,2,low_cost_private,2025,Term3_Apr_Jul,87.3,0,46.0,9,31.0,5,HIGH
STU-07952,2,low_cost_private,2024,Term3_Apr_Jul,15.7,0,47.1,7,35.9,4,HIGH
STU-07953,1,elite_private,2025,Term3_Apr_Jul,1.0,0,99.2,1,89.8,0,LOW
STU-07954,2,low_cost_private,2023,Term3_Apr_Jul,28.8,0,41.6,6,25,3,HIGH
STU-07955,3,public_state,2023,Term1_Sep_Dec,0.9,0,57.7,8,51.8,3,MEDIUM
STU-07956,1,elite_private,2023,Term3_Apr_Jul,14,0,,,,,WITHDRAWN
STU-07957,2,low_cost_private,2024,Term1_Sep_Dec,18.8,0,91.1,2,69.2,0,LOW
STU-07958,2,low_cost_private,2025,Term3_Apr_Jul,28.6,0,58.0,4,42.4,3,MEDIUM
STU-07959,1,elite_private,2023,Term3_Apr_Jul,5.5,0,69.7,6,64.8,1,MEDIUM
STU-07960,2,low_cost_private,2025,Term1_Sep_Dec,62.9,0,47.1,4,54.1,2,HIGH
STU-07961,3,public_state,2025,Term3_Apr_Jul,60,0,58.4,10,47.1,3,HIGH
STU-07962,2,low_cost_private,2025,Term2_Jan_Apr,81.7,0,50.3,9,39.3,4,HIGH
STU-07963,2,low_cost_private,2024,Term2_Jan_Apr,17.1,0,90.0,1,74.8,0,LOW
STU-07964,1,elite_private,2025,Term1_Sep_Dec,14,0,,,,,WITHDRAWN
STU-07965,2,low_cost_private,2024,Term1_Sep_Dec,58.9,0,57.4,1,45.8,3,MEDIUM
STU-07966,2,low_cost_private,2024,Term2_Jan_Apr,43.5,0,56.0,5,48.5,2,MEDIUM
STU-07967,1,elite_private,2024,Term2_Jan_Apr,14,0,,,,,WITHDRAWN
STU-07968,1,elite_private,2025,Term2_Jan_Apr,0,1,98.0,1,88.8,0,LOW
STU-07969,2,low_cost_private,2024,Term2_Jan_Apr,37.1,0,59.1,4,20,5,HIGH
STU-07970,3,public_state,2023,Term2_Jan_Apr,58.1,0,60.2,9,39.3,5,HIGH
STU-07971,1,elite_private,2023,Term1_Sep_Dec,0,1,100,0,83.5,0,LOW
STU-07972,3,public_state,2025,Term2_Jan_Apr,35.4,0,53.4,9,20,2,HIGH
STU-07973,3,public_state,2023,Term1_Sep_Dec,4.9,0,91.3,0,72.7,0,LOW
STU-07974,2,low_cost_private,2023,Term2_Jan_Apr,32.0,0,73.5,1,63.9,0,MEDIUM
STU-07975,2,low_cost_private,2024,Term1_Sep_Dec,12.5,0,61.8,0,46.6,2,MEDIUM
STU-07976,3,public_state,2025,Term2_Jan_Apr,14.4,0,62.1,0,43.7,4,MEDIUM
STU-07977,3,public_state,2023,Term2_Jan_Apr,9.3,0,76.9,5,58.4,2,LOW
STU-07978,2,low_cost_private,2023,Term1_Sep_Dec,57.8,0,50.3,8,41.1,2,HIGH
STU-07979,1,elite_private,2025,Term2_Jan_Apr,0,1,100,0,91.2,0,LOW
STU-07980,3,public_state,2025,Term1_Sep_Dec,60,0,57.3,3,32.3,4,HIGH
STU-07981,2,low_cost_private,2025,Term2_Jan_Apr,47.6,0,25.8,10,20,2,HIGH
STU-07982,1,elite_private,2023,Term1_Sep_Dec,3.8,0,64.7,3,65.7,0,LOW
STU-07983,1,elite_private,2025,Term2_Jan_Apr,0,1,100,0,100,0,LOW
STU-07984,1,elite_private,2023,Term3_Apr_Jul,10.8,0,79.2,1,70.7,1,LOW
STU-07985,2,low_cost_private,2023,Term3_Apr_Jul,16.9,0,86.3,1,77.1,0,LOW
STU-07986,2,low_cost_private,2025,Term2_Jan_Apr,32.6,0,59.4,1,46.5,0,MEDIUM
STU-07987,2,low_cost_private,2023,Term2_Jan_Apr,34.0,0,62.3,8,58.3,3,HIGH
STU-07988,2,low_cost_private,2023,Term2_Jan_Apr,75.8,0,53.8,4,39.5,5,HIGH
STU-07989,1,elite_private,2024,Term3_Apr_Jul,0,1,80.5,1,34.5,2,MEDIUM
STU-07990,1,elite_private,2025,Term2_Jan_Apr,0,1,77.1,0,61.0,1,LOW
STU-07991,1,elite_private,2025,Term2_Jan_Apr,0,1,99.2,1,98.7,0,LOW
STU-07992,3,public_state,2023,Term2_Jan_Apr,60,0,46.3,3,33.5,5,HIGH
STU-07993,2,low_cost_private,2024,Term1_Sep_Dec,64.4,0,47.2,13,40.6,2,HIGH
STU-07994,1,elite_private,2025,Term3_Apr_Jul,0,1,98.4,2,90.2,0,LOW
STU-07995,3,public_state,2024,Term2_Jan_Apr,14.0,0,64.4,1,41.2,3,MEDIUM
STU-07996,1,elite_private,2025,Term2_Jan_Apr,0.1,0,99.2,1,83.4,0,LOW
STU-07997,2,low_cost_private,2025,Term1_Sep_Dec,22.9,0,43.5,6,38.3,4,HIGH
STU-07998,2,low_cost_private,2024,Term1_Sep_Dec,22.1,0,64.8,1,50.3,3,MEDIUM
STU-07999,1,elite_private,2025,Term1_Sep_Dec,14,0,,,,,WITHDRAWN
STU-08000,2,low_cost_private,2024,Term2_Jan_Apr,16.6,0,85.9,1,75.9,0,LOW
STU-08001,3,public_state,2023,Term3_Apr_Jul,18.4,0,56.1,1,74.0,1,MEDIUM
STU-08002,1,elite_private,2023,Term2_Jan_Apr,0,1,99.2,1,90.5,0,LOW
STU-08003,3,public_state,2024,Term3_Apr_Jul,32.0,0,45.2,3,39.3,4,HIGH
STU-08004,3,public_state,2023,Term2_Jan_Apr,17.7,0,66.2,3,59.0,2,MEDIUM
STU-08005,2,low_cost_private,2024,Term3_Apr_Jul,55.8,0,30.4,13,49.1,4,HIGH
STU-08006,1,elite_private,2024,Term2_Jan_Apr,0,1,94.1,3,85.9,0,LOW
STU-08007,2,low_cost_private,2024,Term2_Jan_Apr,16.6,0,87.1,0,75.0,0,LOW
STU-08008,2,low_cost_private,2025,Term3_Apr_Jul,24.4,0,52.9,13,35.0,5,HIGH
STU-08009,3,public_state,2025,Term3_Apr_Jul,25.7,0,36.4,3,49.3,4,HIGH
STU-08010,3,public_state,2025,Term1_Sep_Dec,17.7,0,57.2,4,25,3,HIGH
STU-08011,2,low_cost_private,2024,Term3_Apr_Jul,113.1,0,48.4,1,50.5,1,HIGH
STU-08012,3,public_state,2023,Term2_Jan_Apr,7.6,0,92.0,0,89.0,0,LOW
STU-08013,2,low_cost_private,2023,Term3_Apr_Jul,14.0,0,81.0,0,73.6,0,LOW
STU-08014,2,low_cost_private,2025,Term1_Sep_Dec,65.2,0,56.4,2,57.6,1,MEDIUM
STU-08015,2,low_cost_private,2023,Term3_Apr_Jul,42.7,0,53.4,8,29.2,2,HIGH
STU-08016,2,low_cost_private,2023,Term2_Jan_Apr,34.3,0,44.6,8,38.9,5,HIGH
STU-08017,3,public_state,2025,Term3_Apr_Jul,24.8,0,50.3,8,38.8,2,HIGH
STU-08018,2,low_cost_private,2025,Term1_Sep_Dec,26.5,0,65.2,4,42.3,2,MEDIUM
STU-08019,1,elite_private,2024,Term1_Sep_Dec,0,1,100,0,100,0,LOW
STU-08020,1,elite_private,2023,Term3_Apr_Jul,14,0,,,,,WITHDRAWN
STU-08021,3,public_state,2025,Term1_Sep_Dec,35.1,0,62.6,3,31.1,4,HIGH
STU-08022,1,elite_private,2025,Term3_Apr_Jul,10.8,0,74.8,1,64.6,0,LOW
STU-08023,1,elite_private,2025,Term2_Jan_Apr,0,1,98.9,1,91.8,0,LOW
STU-08024,3,public_state,2023,Term2_Jan_Apr,20.8,0,64.0,7,27.3,3,HIGH
STU-08025,3,public_state,2025,Term1_Sep_Dec,27.7,0,69.6,3,47.6,2,MEDIUM
STU-08026,2,low_cost_private,2024,Term2_Jan_Apr,21.2,0,71.7,1,25,3,MEDIUM
STU-08027,1,elite_private,2024,Term3_Apr_Jul,0,1,99.2,1,94.2,0,LOW
STU-08028,2,low_cost_private,2025,Term2_Jan_Apr,15.4,0,88.2,1,78.2,0,LOW
STU-08029,3,public_state,2024,Term1_Sep_Dec,14.6,0,34.0,11,55.6,1,MEDIUM
STU-08030,1,elite_private,2024,Term2_Jan_Apr,0,1,76.1,1,42.7,2,LOW
STU-08031,2,low_cost_private,2023,Term1_Sep_Dec,19.0,0,57.0,1,48.2,2,MEDIUM
STU-08032,2,low_cost_private,2024,Term2_Jan_Apr,73.8,0,46.8,11,42.2,4,HIGH
STU-08033,3,public_state,2023,Term2_Jan_Apr,24.3,0,76.9,0,39.3,3,MEDIUM
STU-08034,1,elite_private,2025,Term1_Sep_Dec,0,1,99.2,1,100,0,LOW
STU-08035,2,low_cost_private,2023,Term3_Apr_Jul,40.1,0,51.4,13,35.9,4,HIGH
STU-08036,2,low_cost_private,2025,Term2_Jan_Apr,73.2,0,56.6,10,49.9,2,HIGH
STU-08037,2,low_cost_private,2024,Term3_Apr_Jul,27.1,0,53.8,4,45.3,2,MEDIUM
STU-08038,3,public_state,2024,Term3_Apr_Jul,39.7,0,51.9,0,38.7,3,MEDIUM
STU-08039,2,low_cost_private,2024,Term1_Sep_Dec,12.9,0,90.0,0,76.3,0,LOW
STU-08040,2,low_cost_private,2025,Term2_Jan_Apr,43.0,0,57.6,10,30.9,4,HIGH
STU-08041,3,public_state,2023,Term1_Sep_Dec,20.4,0,71.6,2,40.0,2,MEDIUM
STU-08042,1,elite_private,2023,Term1_Sep_Dec,0,1,99.2,1,92.2,0,LOW
STU-08043,3,public_state,2025,Term1_Sep_Dec,13.0,0,61.2,2,75.2,0,LOW
STU-08044,3,public_state,2023,Term1_Sep_Dec,17.0,0,69.0,0,61.3,0,LOW
STU-08045,1,elite_private,2023,Term1_Sep_Dec,0,1,99.2,1,90.8,0,LOW
STU-08046,1,elite_private,2024,Term1_Sep_Dec,6.6,0,66.8,0,75.2,0,LOW
STU-08047,1,elite_private,2025,Term2_Jan_Apr,0,1,98.4,2,92.9,0,LOW
STU-08048,2,low_cost_private,2025,Term3_Apr_Jul,34.6,0,57.4,12,39.0,3,HIGH
STU-08049,2,low_cost_private,2025,Term1_Sep_Dec,29.0,0,43.9,4,43.2,2,MEDIUM
STU-08050,2,low_cost_private,2025,Term1_Sep_Dec,22.3,0,63.6,4,66.5,0,MEDIUM
STU-08051,2,low_cost_private,2023,Term1_Sep_Dec,27.1,0,56.3,0,20,2,MEDIUM
STU-08052,1,elite_private,2023,Term3_Apr_Jul,0,1,99.2,1,85.2,0,LOW
STU-08053,1,elite_private,2025,Term1_Sep_Dec,11.4,0,78.6,4,77.7,1,LOW
STU-08054,3,public_state,2024,Term2_Jan_Apr,21.9,0,67.5,1,27.6,4,MEDIUM
STU-08055,3,public_state,2024,Term1_Sep_Dec,60,0,52.0,4,41.2,4,HIGH
STU-08056,1,elite_private,2024,Term3_Apr_Jul,0,1,96.6,0,85.6,0,LOW
STU-08057,3,public_state,2024,Term2_Jan_Apr,14.8,0,80.5,1,52.3,2,MEDIUM
STU-08058,2,low_cost_private,2025,Term1_Sep_Dec,87.6,0,51.8,2,45.4,4,HIGH
STU-08059,3,public_state,2025,Term1_Sep_Dec,19.8,0,57.8,1,44.4,2,MEDIUM
STU-08060,3,public_state,2024,Term3_Apr_Jul,20.8,0,33.7,8,39.0,2,HIGH
STU-08061,3,public_state,2024,Term1_Sep_Dec,20.3,0,39.6,0,20,2,MEDIUM
STU-08062,3,public_state,2023,Term1_Sep_Dec,16.4,0,61.7,7,47.0,2,MEDIUM
STU-08063,2,low_cost_private,2025,Term1_Sep_Dec,42.4,0,70.0,13,76.4,0,MEDIUM
STU-08064,1,elite_private,2024,Term1_Sep_Dec,0,1,98.2,0,90.7,0,LOW
STU-08065,1,elite_private,2023,Term2_Jan_Apr,14,0,,,,,WITHDRAWN
STU-08066,2,low_cost_private,2025,Term1_Sep_Dec,40.0,0,25.2,12,31.5,6,HIGH
STU-08067,3,public_state,2025,Term3_Apr_Jul,9.5,0,55.4,10,64.2,0,MEDIUM
STU-08068,2,low_cost_private,2024,Term2_Jan_Apr,67.4,0,58.0,2,32.1,5,HIGH
STU-08069,3,public_state,2024,Term2_Jan_Apr,4.3,0,92.2,0,67.5,0,LOW
STU-08070,3,public_state,2023,Term1_Sep_Dec,40.9,0,73.7,4,38.3,5,HIGH
STU-08071,3,public_state,2024,Term3_Apr_Jul,12.5,0,60.6,1,33.7,4,MEDIUM
STU-08072,3,public_state,2023,Term3_Apr_Jul,29.3,0,49.5,7,55.2,2,MEDIUM
STU-08073,1,elite_private,2023,Term2_Jan_Apr,14,0,,,,,WITHDRAWN
STU-08074,3,public_state,2025,Term1_Sep_Dec,28.1,0,41.7,0,21.5,3,MEDIUM
STU-08075,2,low_cost_private,2023,Term3_Apr_Jul,17.2,0,54.7,4,39.2,3,HIGH
STU-08076,3,public_state,2025,Term1_Sep_Dec,31.0,0,58.2,3,52.2,2,MEDIUM
STU-08077,1,elite_private,2023,Term3_Apr_Jul,0,1,99.2,1,87.3,0,LOW
STU-08078,2,low_cost_private,2023,Term3_Apr_Jul,87.6,0,41.8,11,38.2,3,HIGH
STU-08079,2,low_cost_private,2025,Term3_Apr_Jul,18.5,0,84.0,1,72.3,0,LOW
STU-08080,2,low_cost_private,2023,Term2_Jan_Apr,18.1,0,87.7,2,67.0,0,LOW
STU-08081,3,public_state,2025,Term2_Jan_Apr,15.0,0,66.3,4,47.2,3,MEDIUM
STU-08082,2,low_cost_private,2025,Term1_Sep_Dec,36.2,0,47.9,12,31.4,4,HIGH
STU-08083,2,low_cost_private,2023,Term2_Jan_Apr,41.8,0,63.5,0,29.7,6,HIGH
STU-08084,2,low_cost_private,2023,Term2_Jan_Apr,67.0,0,40.7,6,36.9,6,HIGH
STU-08085,3,public_state,2023,Term3_Apr_Jul,22.9,0,45.4,2,25,3,HIGH
STU-08086,1,elite_private,2023,Term3_Apr_Jul,0,1,98.4,2,88.7,0,LOW
STU-08087,3,public_state,2024,Term1_Sep_Dec,56.1,0,36.0,0,31.0,4,HIGH
STU-08088,2,low_cost_private,2025,Term2_Jan_Apr,28.7,0,60.3,14,58.5,2,MEDIUM
STU-08089,2,low_cost_private,2025,Term3_Apr_Jul,31.1,0,64.5,0,21.5,4,MEDIUM
STU-08090,2,low_cost_private,2024,Term1_Sep_Dec,19.0,0,89.3,0,77.8,0,LOW
STU-08091,2,low_cost_private,2024,Term3_Apr_Jul,18.0,0,87.5,1,75.0,0,LOW
STU-08092,2,low_cost_private,2023,Term2_Jan_Apr,16.9,0,89.5,2,69.3,0,LOW
STU-08093,1,elite_private,2023,Term3_Apr_Jul,0,1,100,0,91.3,0,LOW
STU-08094,1,elite_private,2024,Term3_Apr_Jul,0,1,100,0,88.4,0,LOW
STU-08095,3,public_state,2024,Term3_Apr_Jul,8.0,0,83.9,0,73.3,0,LOW
STU-08096,2,low_cost_private,2025,Term1_Sep_Dec,43.2,0,27.6,10,29.2,4,HIGH
STU-08097,3,public_state,2024,Term2_Jan_Apr,16.5,0,47.4,12,37.2,2,HIGH
STU-08098,3,public_state,2023,Term2_Jan_Apr,16.4,0,59.4,8,59.7,1,MEDIUM
STU-08099,2,low_cost_private,2023,Term3_Apr_Jul,83.4,0,42.6,1,48.4,2,HIGH
STU-08100,1,elite_private,2023,Term1_Sep_Dec,0,1,99.2,1,96.2,0,LOW
STU-08101,3,public_state,2024,Term1_Sep_Dec,6.6,0,92.9,0,65.9,0,LOW
STU-08102,2,low_cost_private,2023,Term1_Sep_Dec,14.0,0,87.9,0,74.8,0,LOW
STU-08103,3,public_state,2024,Term2_Jan_Apr,7.1,0,91.4,1,67.6,0,LOW
STU-08104,1,elite_private,2023,Term1_Sep_Dec,14,0,,,,,WITHDRAWN
STU-08105,2,low_cost_private,2023,Term1_Sep_Dec,100.6,0,61.8,14,42.7,3,HIGH
STU-08106,3,public_state,2024,Term2_Jan_Apr,25.9,0,49.4,1,20,4,HIGH
STU-08107,1,elite_private,2024,Term3_Apr_Jul,9.6,0,80.4,0,61.8,0,LOW
STU-08108,3,public_state,2024,Term1_Sep_Dec,8.3,0,91.2,3,72.2,0,LOW
STU-08109,2,low_cost_private,2023,Term2_Jan_Apr,59.1,0,52.9,1,66.9,0,MEDIUM
STU-08110,1,elite_private,2024,Term1_Sep_Dec,0,1,98.4,2,96.0,0,LOW
STU-08111,1,elite_private,2023,Term1_Sep_Dec,0,1,100,0,85.4,0,LOW
STU-08112,3,public_state,2025,Term3_Apr_Jul,12.1,0,51.4,1,64.5,0,LOW
STU-08113,3,public_state,2023,Term2_Jan_Apr,54.4,0,64.0,1,38.8,5,HIGH
STU-08114,1,elite_private,2024,Term1_Sep_Dec,0,1,100,0,99.0,0,LOW
STU-08115,3,public_state,2023,Term2_Jan_Apr,37.0,0,66.1,7,23.9,6,HIGH
STU-08116,1,elite_private,2023,Term2_Jan_Apr,0,1,99.2,1,97.8,0,LOW
STU-08117,3,public_state,2025,Term1_Sep_Dec,17.6,0,49.2,3,32.1,4,HIGH
STU-08118,2,low_cost_private,2024,Term2_Jan_Apr,70.2,0,64.2,6,42.8,2,HIGH
STU-08119,3,public_state,2024,Term2_Jan_Apr,27.8,0,78.2,1,30.5,5,MEDIUM
STU-08120,1,elite_private,2025,Term2_Jan_Apr,0,1,100,0,92.5,0,LOW
STU-08121,3,public_state,2025,Term1_Sep_Dec,47.2,0,37.2,14,43.8,1,HIGH
STU-08122,3,public_state,2023,Term2_Jan_Apr,15.5,0,70.6,2,26.0,4,MEDIUM
STU-08123,3,public_state,2023,Term1_Sep_Dec,26.8,0,43.2,6,30.9,6,HIGH
STU-08124,2,low_cost_private,2023,Term3_Apr_Jul,20.6,0,84.8,0,79.2,0,LOW
STU-08125,2,low_cost_private,2023,Term3_Apr_Jul,17.7,0,86.4,0,73.5,0,LOW
STU-08126,1,elite_private,2025,Term3_Apr_Jul,0,1,100,0,87.8,0,LOW
STU-08127,2,low_cost_private,2025,Term3_Apr_Jul,28.4,0,31.5,4,65.8,0,MEDIUM
STU-08128,2,low_cost_private,2025,Term3_Apr_Jul,28.6,0,46.8,10,39.4,3,HIGH
STU-08129,3,public_state,2025,Term1_Sep_Dec,1.9,0,70.0,1,25,4,MEDIUM
STU-08130,3,public_state,2023,Term2_Jan_Apr,10.7,0,42.5,10,25,4,HIGH
STU-08131,3,public_state,2024,Term1_Sep_Dec,19.4,0,44.3,7,70.0,0,MEDIUM
STU-08132,2,low_cost_private,2023,Term3_Apr_Jul,37.2,0,27.5,10,25.1,4,HIGH
STU-08133,1,elite_private,2024,Term2_Jan_Apr,5.7,0,69.1,1,79.9,0,LOW
STU-08134,1,elite_private,2023,Term2_Jan_Apr,14,0,,,,,WITHDRAWN
STU-08135,1,elite_private,2023,Term3_Apr_Jul,14,0,,,,,WITHDRAWN
STU-08136,2,low_cost_private,2024,Term1_Sep_Dec,24.6,0,33.7,8,28.9,4,HIGH
STU-08137,3,public_state,2024,Term3_Apr_Jul,20.9,0,37.8,8,25.7,2,HIGH
STU-08138,3,public_state,2025,Term1_Sep_Dec,46.5,0,59.9,4,24.1,3,HIGH
STU-08139,1,elite_private,2023,Term1_Sep_Dec,14,0,,,,,WITHDRAWN
STU-08140,3,public_state,2024,Term2_Jan_Apr,37.4,0,61.8,6,42.9,3,HIGH
STU-08141,2,low_cost_private,2024,Term1_Sep_Dec,48.4,0,39.5,13,40.9,3,HIGH
STU-08142,2,low_cost_private,2024,Term3_Apr_Jul,31.4,0,35.8,10,28.9,3,HIGH
STU-08143,3,public_state,2023,Term3_Apr_Jul,19.9,0,47.3,1,32.5,2,MEDIUM
STU-08144,3,public_state,2024,Term3_Apr_Jul,3.7,0,84.5,0,75.5,0,LOW
STU-08145,2,low_cost_private,2024,Term1_Sep_Dec,91.5,0,39.7,9,37.6,4,HIGH
STU-08146,2,low_cost_private,2024,Term3_Apr_Jul,63.0,0,43.7,11,47.2,3,HIGH
STU-08147,2,low_cost_private,2025,Term1_Sep_Dec,70.5,0,64.4,9,45.5,4,HIGH
STU-08148,3,public_state,2024,Term1_Sep_Dec,11.9,0,51.0,8,31.7,4,HIGH
STU-08149,2,low_cost_private,2025,Term1_Sep_Dec,43.5,0,50.2,6,20,4,HIGH
STU-08150,2,low_cost_private,2025,Term2_Jan_Apr,15.7,0,89.1,1,75.4,0,LOW
STU-08151,1,elite_private,2023,Term2_Jan_Apr,0,1,79.2,0,38.3,3,MEDIUM
STU-08152,3,public_state,2024,Term2_Jan_Apr,29.3,0,51.6,10,22.3,5,HIGH
STU-08153,2,low_cost_private,2024,Term3_Apr_Jul,19.8,0,83.7,0,89.1,0,LOW
STU-08154,1,elite_private,2023,Term2_Jan_Apr,0,1,100,0,86.3,0,LOW
STU-08155,2,low_cost_private,2025,Term3_Apr_Jul,16.2,0,84.0,0,74.7,0,LOW
STU-08156,3,public_state,2024,Term2_Jan_Apr,21.2,0,50.9,2,36.8,3,MEDIUM
STU-08157,2,low_cost_private,2024,Term1_Sep_Dec,37.7,0,40.3,9,37.5,4,HIGH
STU-08158,1,elite_private,2024,Term3_Apr_Jul,9.7,0,75.8,4,68.4,0,LOW
STU-08159,2,low_cost_private,2023,Term2_Jan_Apr,16.2,0,88.9,1,74.7,0,LOW
STU-08160,2,low_cost_private,2023,Term3_Apr_Jul,88.9,0,43.9,9,33.1,4,HIGH
STU-08161,2,low_cost_private,2025,Term3_Apr_Jul,18.4,0,82.2,1,74.4,0,LOW
STU-08162,3,public_state,2025,Term2_Jan_Apr,8.5,0,49.2,11,31.2,5,HIGH
STU-08163,1,elite_private,2023,Term2_Jan_Apr,0,1,100,0,93.4,0,LOW
STU-08164,2,low_cost_private,2024,Term3_Apr_Jul,16.9,0,83.0,2,79.6,0,LOW
STU-08165,3,public_state,2024,Term1_Sep_Dec,54.9,0,66.6,3,37.5,4,HIGH
STU-08166,2,low_cost_private,2023,Term1_Sep_Dec,50.6,0,62.9,6,40.4,3,HIGH
STU-08167,2,low_cost_private,2025,Term3_Apr_Jul,67.0,0,51.7,4,28.5,4,HIGH
STU-08168,1,elite_private,2025,Term3_Apr_Jul,0,1,99.2,1,80.1,0,LOW
STU-08169,2,low_cost_private,2024,Term2_Jan_Apr,17.6,0,86.8,3,86.0,0,LOW
STU-08170,2,low_cost_private,2024,Term3_Apr_Jul,20.5,0,81.7,1,60,0,LOW
STU-08171,3,public_state,2023,Term3_Apr_Jul,8.7,0,80.8,2,69.8,0,LOW
STU-08172,1,elite_private,2024,Term2_Jan_Apr,7.9,0,60.5,5,59.4,0,MEDIUM
STU-08173,2,low_cost_private,2023,Term2_Jan_Apr,48.3,0,52.1,0,26.9,3,MEDIUM
STU-08174,2,low_cost_private,2025,Term2_Jan_Apr,42.7,0,50.9,15,30.8,3,HIGH
STU-08175,2,low_cost_private,2025,Term1_Sep_Dec,38.0,0,44.3,8,22.6,3,HIGH
STU-08176,1,elite_private,2023,Term2_Jan_Apr,0,1,99.2,1,96.8,0,LOW
STU-08177,2,low_cost_private,2023,Term1_Sep_Dec,81.9,0,72.0,0,40.8,3,MEDIUM
STU-08178,2,low_cost_private,2024,Term3_Apr_Jul,80.1,0,57.3,1,24.8,5,HIGH
STU-08179,1,elite_private,2023,Term3_Apr_Jul,14,0,,,,,WITHDRAWN
STU-08180,2,low_cost_private,2023,Term1_Sep_Dec,14.7,0,90.1,1,86.9,0,LOW
STU-08181,1,elite_private,2025,Term2_Jan_Apr,0,1,100,0,91.7,0,LOW
STU-08182,3,public_state,2025,Term2_Jan_Apr,24.4,0,69.4,8,20,4,HIGH
STU-08183,2,low_cost_private,2023,Term2_Jan_Apr,30.6,0,59.9,10,25,3,HIGH
STU-08184,1,elite_private,2025,Term2_Jan_Apr,0,1,87.6,3,85,1,LOW
STU-08185,2,low_cost_private,2025,Term1_Sep_Dec,22.6,0,68.1,1,68.9,0,LOW
STU-08186,1,elite_private,2025,Term2_Jan_Apr,7.0,0,69.1,6,36.4,2,MEDIUM
STU-08187,3,public_state,2024,Term2_Jan_Apr,8.5,0,54.3,6,20,3,MEDIUM
STU-08188,3,public_state,2023,Term2_Jan_Apr,11.9,0,48.2,6,44.6,2,MEDIUM
STU-08189,1,elite_private,2025,Term2_Jan_Apr,12.0,0,74.4,3,76.5,0,LOW
STU-08190,2,low_cost_private,2025,Term2_Jan_Apr,69.5,0,66.9,8,48.3,2,HIGH
STU-08191,3,public_state,2023,Term2_Jan_Apr,6.0,0,46.2,8,44.8,2,MEDIUM
STU-08192,2,low_cost_private,2024,Term2_Jan_Apr,36.4,0,38.3,16,44.6,3,HIGH
STU-08193,2,low_cost_private,2023,Term3_Apr_Jul,14.0,0,51.9,11,40.5,4,MEDIUM
STU-08194,2,low_cost_private,2024,Term3_Apr_Jul,34.3,0,33.9,9,26.3,3,HIGH
STU-08195,1,elite_private,2024,Term1_Sep_Dec,14,0,,,,,WITHDRAWN
STU-08196,3,public_state,2023,Term2_Jan_Apr,10.4,0,41.5,10,20.1,4,HIGH
STU-08197,2,low_cost_private,2024,Term3_Apr_Jul,18.8,0,45.0,4,25.1,4,HIGH
STU-08198,1,elite_private,2023,Term2_Jan_Apr,0,1,98.0,1,84.9,0,LOW
STU-08199,2,low_cost_private,2025,Term3_Apr_Jul,72.1,0,31.8,5,39.2,4,HIGH
STU-08200,2,low_cost_private,2024,Term3_Apr_Jul,77.5,0,39.4,10,49.7,3,HIGH
STU-08201,2,low_cost_private,2024,Term1_Sep_Dec,66.4,0,35.6,10,48.7,4,HIGH
STU-08202,1,elite_private,2023,Term2_Jan_Apr,0,1,99.2,1,88.6,0,LOW
STU-08203,2,low_cost_private,2023,Term2_Jan_Apr,29.5,0,51.8,0,57.7,1,MEDIUM
STU-08204,1,elite_private,2025,Term1_Sep_Dec,0,1,67.0,1,81.3,0,LOW
STU-08205,1,elite_private,2024,Term2_Jan_Apr,0,1,97.1,1,90.4,0,LOW
STU-08206,1,elite_private,2025,Term3_Apr_Jul,0,1,98.4,2,82.8,0,LOW
STU-08207,3,public_state,2023,Term1_Sep_Dec,9.3,0,69.3,4,65.2,0,LOW
STU-08208,1,elite_private,2025,Term3_Apr_Jul,0,1,99.2,1,84.4,0,LOW
STU-08209,3,public_state,2025,Term2_Jan_Apr,33.3,0,31.7,10,54.6,0,HIGH
STU-08210,1,elite_private,2024,Term1_Sep_Dec,0.9,0,99.2,1,86.4,0,LOW
STU-08211,1,elite_private,2024,Term1_Sep_Dec,2.6,0,70.8,2,45.8,1,MEDIUM
STU-08212,3,public_state,2024,Term3_Apr_Jul,13.5,0,25.3,3,31.2,4,HIGH
STU-08213,1,elite_private,2023,Term1_Sep_Dec,0,1,100,0,80.5,0,LOW
STU-08214,2,low_cost_private,2023,Term1_Sep_Dec,84.0,0,47.6,7,34.4,5,HIGH
STU-08215,3,public_state,2023,Term2_Jan_Apr,17.7,0,45.7,6,21.8,3,HIGH
STU-08216,2,low_cost_private,2025,Term2_Jan_Apr,18.4,0,86.4,1,70.0,0,LOW
STU-08217,2,low_cost_private,2024,Term2_Jan_Apr,16.6,0,88.3,1,84.2,0,LOW
STU-08218,2,low_cost_private,2024,Term1_Sep_Dec,27.0,0,15,8,20,4,HIGH
STU-08219,2,low_cost_private,2023,Term3_Apr_Jul,38.0,0,50.4,0,65.6,0,LOW
STU-08220,3,public_state,2024,Term1_Sep_Dec,26.2,0,60.3,9,25,4,HIGH
STU-08221,1,elite_private,2025,Term1_Sep_Dec,0,1,100,0,94.4,0,LOW
STU-08222,3,public_state,2023,Term3_Apr_Jul,18.5,0,52.4,1,35.9,2,MEDIUM
STU-08223,1,elite_private,2023,Term2_Jan_Apr,0,1,100,0,89.9,0,LOW
STU-08224,3,public_state,2023,Term2_Jan_Apr,25.9,0,63.2,1,35.0,6,HIGH
STU-08225,2,low_cost_private,2023,Term1_Sep_Dec,49.9,0,48.9,9,54.5,4,HIGH
STU-08226,2,low_cost_private,2024,Term3_Apr_Jul,50.5,0,50.5,7,23.1,4,HIGH
STU-08227,3,public_state,2025,Term3_Apr_Jul,25.2,0,47.5,13,26.0,4,HIGH
STU-08228,2,low_cost_private,2025,Term1_Sep_Dec,59.5,0,41.9,0,46.1,1,MEDIUM
STU-08229,2,low_cost_private,2024,Term3_Apr_Jul,29.4,0,59.3,2,28.8,2,MEDIUM
STU-08230,1,elite_private,2025,Term1_Sep_Dec,14,0,,,,,WITHDRAWN
STU-08231,3,public_state,2024,Term3_Apr_Jul,32.6,0,38.9,5,37.9,4,HIGH
STU-08232,2,low_cost_private,2023,Term3_Apr_Jul,15.8,0,85.3,0,78.0,0,LOW
STU-08233,1,elite_private,2023,Term1_Sep_Dec,0,1,99.1,1,90.8,0,LOW
STU-08234,3,public_state,2023,Term2_Jan_Apr,50.8,0,62.0,3,37.5,7,HIGH
STU-08235,3,public_state,2023,Term1_Sep_Dec,36.1,0,65.6,7,32.8,3,HIGH
STU-08236,2,low_cost_private,2024,Term2_Jan_Apr,47.4,0,33.9,11,40.2,3,HIGH
STU-08237,1,elite_private,2023,Term1_Sep_Dec,0,1,99.2,1,84.3,0,LOW
STU-08238,1,elite_private,2025,Term1_Sep_Dec,0,1,100,0,87.2,0,LOW
STU-08239,1,elite_private,2025,Term2_Jan_Apr,11.3,0,56.3,0,62.7,1,LOW
STU-08240,3,public_state,2025,Term2_Jan_Apr,24.8,0,57.9,10,38.5,2,HIGH
STU-08241,2,low_cost_private,2024,Term1_Sep_Dec,58.9,0,52.6,4,31.9,5,HIGH
STU-08242,2,low_cost_private,2024,Term3_Apr_Jul,45.1,0,27.5,10,26.3,3,HIGH
STU-08243,2,low_cost_private,2024,Term3_Apr_Jul,26.9,0,35.4,0,33.8,6,HIGH
STU-08244,1,elite_private,2025,Term3_Apr_Jul,14,0,,,,,WITHDRAWN
STU-08245,1,elite_private,2023,Term3_Apr_Jul,6.5,0,68.9,1,47.2,1,MEDIUM
STU-08246,1,elite_private,2023,Term1_Sep_Dec,0,1,100,0,82.2,0,LOW
STU-08247,2,low_cost_private,2025,Term1_Sep_Dec,17.6,0,88.3,1,73.4,0,LOW
STU-08248,2,low_cost_private,2023,Term3_Apr_Jul,23.3,0,39.6,4,20,2,HIGH
STU-08249,3,public_state,2024,Term3_Apr_Jul,28.5,0,43.9,9,20,5,HIGH
STU-08250,2,low_cost_private,2023,Term2_Jan_Apr,66.0,0,43.1,9,46.8,3,HIGH
STU-08251,3,public_state,2025,Term1_Sep_Dec,31.9,0,63.1,3,20,3,HIGH
STU-08252,1,elite_private,2024,Term2_Jan_Apr,0,1,100,0,90.9,0,LOW
STU-08253,2,low_cost_private,2023,Term1_Sep_Dec,24.2,0,66.2,10,49.3,2,MEDIUM
STU-08254,1,elite_private,2024,Term2_Jan_Apr,14,0,,,,,WITHDRAWN
STU-08255,3,public_state,2025,Term3_Apr_Jul,12.3,0,48.6,11,52.8,0,MEDIUM
STU-08256,2,low_cost_private,2024,Term2_Jan_Apr,25.1,0,46.6,4,34.2,2,HIGH
STU-08257,2,low_cost_private,2023,Term2_Jan_Apr,74.1,0,39.6,15,43.6,2,HIGH
STU-08258,2,low_cost_private,2025,Term1_Sep_Dec,17.9,0,87.8,1,79.3,0,LOW
STU-08259,1,elite_private,2024,Term2_Jan_Apr,14,0,,,,,WITHDRAWN
STU-08260,2,low_cost_private,2023,Term2_Jan_Apr,38.3,0,30.7,12,27.6,2,HIGH
STU-08261,1,elite_private,2024,Term2_Jan_Apr,9.4,0,79.2,2,72.2,0,LOW
STU-08262,2,low_cost_private,2025,Term2_Jan_Apr,45.9,0,45.4,10,23.9,4,HIGH
STU-08263,2,low_cost_private,2024,Term2_Jan_Apr,16.3,0,88.2,2,83.0,0,LOW
STU-08264,1,elite_private,2025,Term2_Jan_Apr,0,1,100,0,90.2,0,LOW
STU-08265,2,low_cost_private,2024,Term3_Apr_Jul,36.9,0,32.9,4,33.7,4,HIGH
STU-08266,2,low_cost_private,2025,Term1_Sep_Dec,28.5,0,54.0,10,42.4,3,HIGH
STU-08267,2,low_cost_private,2024,Term3_Apr_Jul,33.5,0,38.0,7,31.0,3,HIGH
STU-08268,1,elite_private,2023,Term3_Apr_Jul,0,1,98.4,2,89.3,0,LOW
STU-08269,2,low_cost_private,2024,Term2_Jan_Apr,16.2,0,89.4,0,67.7,0,LOW
STU-08270,2,low_cost_private,2023,Term1_Sep_Dec,66.0,0,41.5,11,51.8,2,HIGH
STU-08271,2,low_cost_private,2025,Term2_Jan_Apr,35.0,0,40.7,16,30.7,5,HIGH
STU-08272,1,elite_private,2024,Term1_Sep_Dec,5.3,0,80.5,0,75.9,0,LOW
STU-08273,1,elite_private,2023,Term1_Sep_Dec,14,0,,,,,WITHDRAWN
STU-08274,1,elite_private,2025,Term3_Apr_Jul,0.4,0,100,0,92.3,0,LOW
STU-08275,2,low_cost_private,2025,Term1_Sep_Dec,16.6,0,89.0,3,67.9,0,LOW
STU-08276,1,elite_private,2023,Term1_Sep_Dec,14,0,,,,,WITHDRAWN
STU-08277,3,public_state,2024,Term2_Jan_Apr,29.6,0,38.4,5,21.9,2,HIGH
STU-08278,2,low_cost_private,2025,Term3_Apr_Jul,63.1,0,42.5,10,30.8,4,HIGH
STU-08279,2,low_cost_private,2023,Term2_Jan_Apr,43.2,0,52.8,11,20,5,HIGH
STU-08280,1,elite_private,2023,Term3_Apr_Jul,0,1,100,0,85.3,0,LOW
STU-08281,2,low_cost_private,2023,Term3_Apr_Jul,30.9,0,63.9,6,48.8,2,MEDIUM
STU-08282,3,public_state,2025,Term2_Jan_Apr,6.5,0,80.9,0,61.2,1,LOW
STU-08283,3,public_state,2024,Term2_Jan_Apr,60,0,57.5,5,20,3,HIGH
STU-08284,1,elite_private,2023,Term1_Sep_Dec,0,1,100,0,92.0,0,LOW
STU-08285,1,elite_private,2023,Term1_Sep_Dec,0,1,98.4,2,80.2,0,LOW
STU-08286,2,low_cost_private,2025,Term3_Apr_Jul,21.3,0,39.6,8,20.2,4,HIGH
STU-08287,2,low_cost_private,2025,Term2_Jan_Apr,43.9,0,46.1,4,39.6,5,HIGH
STU-08288,1,elite_private,2023,Term3_Apr_Jul,0,1,100,0,92.5,0,LOW
STU-08289,3,public_state,2024,Term2_Jan_Apr,14.1,0,65.1,0,20,4,MEDIUM
STU-08290,3,public_state,2023,Term2_Jan_Apr,3.4,0,67.7,0,44.6,3,MEDIUM
STU-08291,1,elite_private,2023,Term2_Jan_Apr,0,1,98.3,1,87.7,0,LOW
STU-08292,1,elite_private,2025,Term2_Jan_Apr,14,0,,,,,WITHDRAWN
STU-08293,2,low_cost_private,2025,Term2_Jan_Apr,50.7,0,46.1,4,41.5,2,HIGH
STU-08294,1,elite_private,2024,Term3_Apr_Jul,0,1,98.4,2,85.4,0,LOW
STU-08295,2,low_cost_private,2024,Term1_Sep_Dec,43.8,0,58.3,4,20,4,HIGH
STU-08296,2,low_cost_private,2025,Term1_Sep_Dec,53.6,0,61.6,7,36.1,3,HIGH
STU-08297,2,low_cost_private,2024,Term2_Jan_Apr,34.1,0,51.3,14,41.9,3,HIGH
STU-08298,1,elite_private,2023,Term1_Sep_Dec,5.2,0,79.2,1,52.8,0,LOW
STU-08299,1,elite_private,2025,Term2_Jan_Apr,0,1,98.4,2,91.4,0,LOW
STU-08300,3,public_state,2024,Term2_Jan_Apr,24.0,0,63.7,13,53.4,1,MEDIUM
STU-08301,2,low_cost_private,2025,Term3_Apr_Jul,46.1,0,46.5,2,69.5,0,MEDIUM
STU-08302,3,public_state,2023,Term1_Sep_Dec,60,0,74.5,4,37.7,5,HIGH
STU-08303,3,public_state,2025,Term2_Jan_Apr,11.9,0,48.7,5,32.6,5,HIGH
STU-08304,1,elite_private,2024,Term3_Apr_Jul,14,0,,,,,WITHDRAWN
STU-08305,3,public_state,2025,Term3_Apr_Jul,40.5,0,48.8,1,38.6,4,HIGH
STU-08306,3,public_state,2024,Term3_Apr_Jul,9.2,0,30.2,1,20,4,MEDIUM
STU-08307,2,low_cost_private,2025,Term2_Jan_Apr,29.8,0,42.5,1,39.3,4,HIGH
STU-08308,3,public_state,2024,Term2_Jan_Apr,32.1,0,44.2,1,20,2,HIGH
STU-08309,1,elite_private,2025,Term3_Apr_Jul,0,1,69.1,1,49.4,2,MEDIUM
STU-08310,1,elite_private,2024,Term3_Apr_Jul,4.1,0,74.2,1,73.9,0,LOW
STU-08311,3,public_state,2024,Term1_Sep_Dec,21.7,0,34.8,1,20,4,HIGH
STU-08312,2,low_cost_private,2024,Term1_Sep_Dec,57.6,0,47.1,7,38.6,3,HIGH
STU-08313,2,low_cost_private,2025,Term1_Sep_Dec,29.2,0,22.3,4,39.0,3,HIGH
STU-08314,1,elite_private,2025,Term1_Sep_Dec,0,1,100,0,89.5,0,LOW
STU-08315,3,public_state,2023,Term3_Apr_Jul,22.1,0,36.5,1,42.5,4,MEDIUM
STU-08316,2,low_cost_private,2023,Term1_Sep_Dec,18.7,0,87.9,2,78.2,0,LOW
STU-08317,3,public_state,2025,Term2_Jan_Apr,6.3,0,89.6,1,67.6,0,LOW
STU-08318,1,elite_private,2023,Term3_Apr_Jul,0,1,100,0,86.3,0,LOW
STU-08319,2,low_cost_private,2023,Term3_Apr_Jul,74.3,0,50.9,11,49.0,3,HIGH
STU-08320,2,low_cost_private,2024,Term2_Jan_Apr,27.0,0,69.5,1,71.1,1,LOW
STU-08321,1,elite_private,2025,Term3_Apr_Jul,0,1,85.2,6,61.9,1,LOW
STU-08322,1,elite_private,2023,Term3_Apr_Jul,0.9,0,98.1,1,97.7,0,LOW
STU-08323,2,low_cost_private,2023,Term3_Apr_Jul,52.0,0,58.8,4,48.6,1,MEDIUM
STU-08324,2,low_cost_private,2025,Term2_Jan_Apr,14.0,0,38.1,12,20,5,HIGH
STU-08325,1,elite_private,2025,Term3_Apr_Jul,0,1,98.4,2,92.3,0,LOW
STU-08326,3,public_state,2025,Term1_Sep_Dec,14.2,0,43.2,3,34.0,2,HIGH
STU-08327,1,elite_private,2025,Term3_Apr_Jul,0,1,98.4,2,88.9,0,LOW
STU-08328,1,elite_private,2024,Term2_Jan_Apr,3.5,0,99.2,1,90.7,0,LOW
STU-08329,1,elite_private,2024,Term1_Sep_Dec,8.4,0,79.2,0,73.2,0,LOW
STU-08330,3,public_state,2023,Term2_Jan_Apr,17.6,0,64.6,0,50.2,3,MEDIUM
STU-08331,1,elite_private,2023,Term2_Jan_Apr,12.6,0,76.9,1,55.2,2,LOW
STU-08332,2,low_cost_private,2025,Term3_Apr_Jul,55.6,0,38.6,4,49.7,1,HIGH
STU-08333,2,low_cost_private,2025,Term1_Sep_Dec,45.3,0,33.8,8,37.3,4,HIGH
STU-08334,2,low_cost_private,2024,Term3_Apr_Jul,51.2,0,65.8,11,39.4,3,HIGH
STU-08335,1,elite_private,2023,Term3_Apr_Jul,14,0,,,,,WITHDRAWN
STU-08336,3,public_state,2025,Term2_Jan_Apr,60,0,58.5,1,24.6,3,HIGH
STU-08337,1,elite_private,2023,Term3_Apr_Jul,2.6,0,87.8,1,82.4,0,LOW
STU-08338,3,public_state,2024,Term2_Jan_Apr,19.3,0,82.6,1,47.9,1,MEDIUM
STU-08339,3,public_state,2024,Term1_Sep_Dec,23.2,0,48.7,6,39.3,4,HIGH
STU-08340,3,public_state,2025,Term3_Apr_Jul,13.2,0,48.3,1,42.8,2,MEDIUM
STU-08341,1,elite_private,2023,Term3_Apr_Jul,13.5,0,81.4,1,71.3,1,LOW
STU-08342,2,low_cost_private,2025,Term1_Sep_Dec,32.5,0,38.7,15,24.6,3,HIGH
STU-08343,1,elite_private,2024,Term1_Sep_Dec,0,1,100,0,100,0,LOW
STU-08344,2,low_cost_private,2025,Term2_Jan_Apr,27.5,0,48.0,14,28.4,5,HIGH
STU-08345,3,public_state,2024,Term3_Apr_Jul,12.7,0,35.9,11,45.4,3,HIGH
STU-08346,1,elite_private,2024,Term2_Jan_Apr,0,1,99.2,1,91.5,0,LOW
STU-08347,3,public_state,2025,Term2_Jan_Apr,0.4,0,72.0,0,50.5,2,LOW
STU-08348,2,low_cost_private,2024,Term1_Sep_Dec,58.6,0,54.0,1,41.0,2,MEDIUM
STU-08349,3,public_state,2025,Term2_Jan_Apr,8.5,0,92.8,1,67.3,0,LOW
STU-08350,2,low_cost_private,2025,Term3_Apr_Jul,30.9,0,48.5,4,48.9,1,HIGH
STU-08351,3,public_state,2023,Term2_Jan_Apr,8.4,0,90.6,1,69.3,0,LOW
STU-08352,2,low_cost_private,2023,Term3_Apr_Jul,99.1,0,56.2,1,48.0,2,MEDIUM
STU-08353,3,public_state,2025,Term1_Sep_Dec,26.8,0,43.6,12,20.2,4,HIGH
STU-08354,3,public_state,2023,Term1_Sep_Dec,12.9,0,42.7,7,20,4,HIGH
STU-08355,2,low_cost_private,2023,Term2_Jan_Apr,45.6,0,35.2,14,31.6,3,HIGH
STU-08356,1,elite_private,2025,Term3_Apr_Jul,0,1,99.2,1,85.8,0,LOW
STU-08357,2,low_cost_private,2025,Term3_Apr_Jul,17.2,0,84.1,1,72.8,0,LOW
STU-08358,2,low_cost_private,2023,Term1_Sep_Dec,64.2,0,39.7,10,38.1,5,HIGH
STU-08359,1,elite_private,2025,Term1_Sep_Dec,0,1,100,0,87.1,0,LOW
STU-08360,2,low_cost_private,2025,Term2_Jan_Apr,16.4,0,87.1,2,78.7,0,LOW
STU-08361,2,low_cost_private,2025,Term3_Apr_Jul,14.6,0,42.1,4,26.5,5,HIGH
STU-08362,1,elite_private,2024,Term3_Apr_Jul,0,1,99.2,1,99.1,0,LOW
STU-08363,3,public_state,2023,Term3_Apr_Jul,21.2,0,55.9,5,31.4,2,MEDIUM
STU-08364,2,low_cost_private,2023,Term1_Sep_Dec,71.6,0,46.6,8,59.4,2,HIGH
STU-08365,2,low_cost_private,2023,Term1_Sep_Dec,34.0,0,54.1,7,37.6,4,HIGH
STU-08366,3,public_state,2023,Term3_Apr_Jul,6.3,0,53.0,7,58.4,1,MEDIUM
STU-08367,2,low_cost_private,2024,Term1_Sep_Dec,37.5,0,36.6,12,39.4,5,HIGH
STU-08368,2,low_cost_private,2025,Term1_Sep_Dec,37.3,0,28.8,15,30.9,3,HIGH
STU-08369,3,public_state,2023,Term3_Apr_Jul,15.2,0,61.1,0,51.9,4,MEDIUM
STU-08370,1,elite_private,2024,Term1_Sep_Dec,0,1,99.2,1,96.2,0,LOW
STU-08371,1,elite_private,2025,Term3_Apr_Jul,11.3,0,74.0,2,66.8,0,LOW
STU-08372,3,public_state,2023,Term1_Sep_Dec,11.5,0,91.1,0,77.4,0,LOW
STU-08373,1,elite_private,2025,Term1_Sep_Dec,7.7,0,83.6,0,76.2,0,LOW
STU-08374,3,public_state,2025,Term1_Sep_Dec,19.5,0,76.0,5,65.0,1,LOW
STU-08375,1,elite_private,2023,Term1_Sep_Dec,14,0,,,,,WITHDRAWN
STU-08376,1,elite_private,2024,Term3_Apr_Jul,14,0,,,,,WITHDRAWN
STU-08377,1,elite_private,2023,Term1_Sep_Dec,0,1,98.9,1,99.8,0,LOW
STU-08378,1,elite_private,2025,Term3_Apr_Jul,0,1,100,0,85.4,0,LOW
STU-08379,2,low_cost_private,2023,Term2_Jan_Apr,28.4,0,29.6,7,36.7,4,HIGH
STU-08380,3,public_state,2024,Term3_Apr_Jul,8.4,0,80.6,0,63.0,0,LOW
STU-08381,1,elite_private,2025,Term2_Jan_Apr,0,1,99.2,1,92.2,0,LOW
STU-08382,1,elite_private,2024,Term3_Apr_Jul,0,1,98.3,0,100,0,LOW
STU-08383,2,low_cost_private,2023,Term1_Sep_Dec,63.6,0,49.5,15,50.0,2,HIGH
STU-08384,2,low_cost_private,2023,Term1_Sep_Dec,29.4,0,50.5,7,32.7,2,HIGH
STU-08385,3,public_state,2023,Term2_Jan_Apr,13.4,0,59.5,0,47.2,2,MEDIUM
STU-08386,1,elite_private,2025,Term2_Jan_Apr,14,0,,,,,WITHDRAWN
STU-08387,3,public_state,2024,Term1_Sep_Dec,20.8,0,42.2,9,20,4,HIGH
STU-08388,2,low_cost_private,2025,Term1_Sep_Dec,27.5,0,66.2,4,46.6,1,MEDIUM
STU-08389,3,public_state,2025,Term1_Sep_Dec,22.5,0,53.4,1,35.9,4,MEDIUM
STU-08390,1,elite_private,2024,Term3_Apr_Jul,0,1,73.6,5,72.4,0,LOW
STU-08391,3,public_state,2025,Term1_Sep_Dec,16.1,0,47.5,4,20,4,HIGH
STU-08392,2,low_cost_private,2025,Term3_Apr_Jul,59.3,0,58.7,0,24.9,4,MEDIUM
STU-08393,2,low_cost_private,2023,Term2_Jan_Apr,43.0,0,36.8,9,33.5,4,HIGH
STU-08394,2,low_cost_private,2025,Term2_Jan_Apr,23.7,0,65.6,9,41.0,2,MEDIUM
STU-08395,2,low_cost_private,2025,Term2_Jan_Apr,89.7,0,40.7,8,46.5,3,HIGH
STU-08396,3,public_state,2025,Term2_Jan_Apr,7.7,0,63.3,1,30.9,3,MEDIUM
STU-08397,2,low_cost_private,2025,Term2_Jan_Apr,48.7,0,64.8,3,39.4,5,HIGH
STU-08398,2,low_cost_private,2025,Term2_Jan_Apr,81.6,0,54.1,4,42.4,3,HIGH
STU-08399,3,public_state,2024,Term3_Apr_Jul,23.3,0,67.2,0,66.9,0,LOW
STU-08400,3,public_state,2023,Term2_Jan_Apr,60,0,49.1,6,43.9,3,HIGH
STU-08401,1,elite_private,2023,Term3_Apr_Jul,0.3,0,70.4,2,34.1,4,MEDIUM
STU-08402,2,low_cost_private,2025,Term3_Apr_Jul,14.7,0,81.7,0,77.6,0,LOW
STU-08403,3,public_state,2023,Term3_Apr_Jul,24.2,0,35.2,3,20,4,HIGH
STU-08404,2,low_cost_private,2025,Term2_Jan_Apr,25.1,0,47.8,8,43.8,4,HIGH
STU-08405,1,elite_private,2025,Term1_Sep_Dec,0,1,100,0,86.7,0,LOW
STU-08406,2,low_cost_private,2025,Term2_Jan_Apr,24.5,0,64.4,0,27.8,4,MEDIUM
STU-08407,3,public_state,2024,Term3_Apr_Jul,0.7,0,56.7,1,53.4,2,MEDIUM
STU-08408,2,low_cost_private,2024,Term1_Sep_Dec,50.3,0,31.2,8,35.7,6,HIGH
STU-08409,3,public_state,2025,Term2_Jan_Apr,16.0,0,44.6,3,20,2,HIGH
STU-08410,1,elite_private,2024,Term2_Jan_Apr,0,1,63.7,2,54.9,0,MEDIUM
STU-08411,1,elite_private,2025,Term1_Sep_Dec,0,1,100,0,89.5,0,LOW
STU-08412,3,public_state,2024,Term1_Sep_Dec,0.4,0,75.7,3,36.2,4,MEDIUM
STU-08413,1,elite_private,2024,Term1_Sep_Dec,0,1,90.0,0,42.0,4,LOW
STU-08414,2,low_cost_private,2025,Term2_Jan_Apr,16.5,0,84.5,3,73.6,0,LOW
STU-08415,3,public_state,2024,Term3_Apr_Jul,33.6,0,38.0,7,34.4,2,HIGH
STU-08416,3,public_state,2024,Term2_Jan_Apr,28.4,0,48.2,9,20,4,HIGH
STU-08417,1,elite_private,2025,Term1_Sep_Dec,0,1,71.6,3,64.4,0,LOW
STU-08418,1,elite_private,2024,Term2_Jan_Apr,0,1,100,0,77.4,0,LOW
STU-08419,1,elite_private,2023,Term3_Apr_Jul,0,1,99.2,0,91.2,0,LOW
STU-08420,3,public_state,2024,Term1_Sep_Dec,24.1,0,49.6,0,21.8,3,MEDIUM
STU-08421,2,low_cost_private,2025,Term2_Jan_Apr,47.3,0,59.5,4,42.6,2,MEDIUM
STU-08422,2,low_cost_private,2023,Term1_Sep_Dec,31.4,0,45.9,8,51.6,2,HIGH
STU-08423,2,low_cost_private,2025,Term2_Jan_Apr,18.4,0,89.6,1,73.4,0,LOW
STU-08424,2,low_cost_private,2023,Term1_Sep_Dec,44.6,0,44.2,4,46.0,3,HIGH
STU-08425,1,elite_private,2025,Term1_Sep_Dec,0.1,0,53.7,1,49.4,2,MEDIUM
STU-08426,2,low_cost_private,2023,Term2_Jan_Apr,27.1,0,40.5,8,31.0,3,HIGH
STU-08427,3,public_state,2025,Term1_Sep_Dec,10.6,0,55.0,6,20,2,MEDIUM
STU-08428,3,public_state,2024,Term2_Jan_Apr,16.2,0,45.0,7,32.9,4,HIGH
STU-08429,2,low_cost_private,2023,Term2_Jan_Apr,58.8,0,45.0,5,54.6,3,HIGH
STU-08430,2,low_cost_private,2024,Term3_Apr_Jul,43.5,0,48.8,0,34.1,4,HIGH
STU-08431,2,low_cost_private,2023,Term1_Sep_Dec,43.5,0,31.6,7,32.9,3,HIGH
STU-08432,1,elite_private,2025,Term3_Apr_Jul,0,1,100,0,98.2,0,LOW
STU-08433,1,elite_private,2024,Term2_Jan_Apr,14,0,,,,,WITHDRAWN
STU-08434,3,public_state,2023,Term2_Jan_Apr,32.0,0,56.8,8,20,4,HIGH
STU-08435,3,public_state,2023,Term2_Jan_Apr,47.7,0,46.9,8,47.0,2,HIGH
STU-08436,1,elite_private,2025,Term1_Sep_Dec,0,1,99.2,1,87.5,0,LOW
STU-08437,1,elite_private,2023,Term2_Jan_Apr,0,1,99.2,1,97.5,0,LOW
STU-08438,2,low_cost_private,2024,Term1_Sep_Dec,16.1,0,89.1,1,82.3,0,LOW
STU-08439,1,elite_private,2025,Term2_Jan_Apr,2.3,0,73.4,1,52.5,2,MEDIUM
STU-08440,2,low_cost_private,2025,Term1_Sep_Dec,61.2,0,47.3,4,36.9,5,HIGH
STU-08441,2,low_cost_private,2025,Term3_Apr_Jul,58.0,0,62.9,0,47.9,2,MEDIUM
STU-08442,2,low_cost_private,2025,Term1_Sep_Dec,13.3,0,89.0,0,79.7,0,LOW
STU-08443,1,elite_private,2023,Term2_Jan_Apr,0,1,97.9,1,92.1,0,LOW
STU-08444,3,public_state,2025,Term3_Apr_Jul,25.0,0,72.4,0,52.5,0,LOW
STU-08445,2,low_cost_private,2025,Term3_Apr_Jul,44.0,0,28.2,13,31.5,3,HIGH
STU-08446,3,public_state,2024,Term1_Sep_Dec,31.2,0,59.3,5,36.1,3,HIGH
STU-08447,1,elite_private,2025,Term1_Sep_Dec,0,1,99.2,1,82.6,0,LOW
STU-08448,2,low_cost_private,2025,Term3_Apr_Jul,15.7,0,88.2,1,76.7,0,LOW
STU-08449,2,low_cost_private,2023,Term1_Sep_Dec,62.0,0,64.2,7,36.5,5,HIGH
STU-08450,1,elite_private,2023,Term1_Sep_Dec,1.6,0,98.4,2,94.0,0,LOW
STU-08451,3,public_state,2025,Term2_Jan_Apr,21.5,0,63.6,10,50.7,1,MEDIUM
STU-08452,1,elite_private,2023,Term2_Jan_Apr,0,1,99.2,1,100,0,LOW
STU-08453,2,low_cost_private,2023,Term2_Jan_Apr,35.2,0,15,11,20,2,HIGH
STU-08454,3,public_state,2025,Term3_Apr_Jul,46.0,0,58.8,3,30.4,3,HIGH
STU-08455,2,low_cost_private,2025,Term1_Sep_Dec,70.5,0,49.4,4,27.7,4,HIGH
STU-08456,3,public_state,2023,Term1_Sep_Dec,5.6,0,57.7,1,47.9,0,MEDIUM
STU-08457,3,public_state,2024,Term2_Jan_Apr,54.8,0,58.4,11,23.2,5,HIGH
STU-08458,2,low_cost_private,2023,Term3_Apr_Jul,46.8,0,42.5,9,48.5,0,HIGH
STU-08459,2,low_cost_private,2023,Term3_Apr_Jul,20.8,0,37.5,9,71.8,0,MEDIUM
STU-08460,2,low_cost_private,2024,Term1_Sep_Dec,46.8,0,41.7,0,37.1,5,HIGH
STU-08461,1,elite_private,2024,Term2_Jan_Apr,0,1,99.2,1,85.1,0,LOW
STU-08462,1,elite_private,2024,Term3_Apr_Jul,0,1,98.5,1,85.1,0,LOW
STU-08463,1,elite_private,2024,Term1_Sep_Dec,0,1,100,0,84.1,0,LOW
STU-08464,3,public_state,2023,Term2_Jan_Apr,16.8,0,55.7,2,25,4,MEDIUM
STU-08465,3,public_state,2025,Term2_Jan_Apr,17.6,0,37.7,3,39.7,4,HIGH
STU-08466,2,low_cost_private,2023,Term3_Apr_Jul,22.2,0,31.9,4,28.1,4,HIGH
STU-08467,1,elite_private,2023,Term2_Jan_Apr,0,1,99.2,1,89.2,0,LOW
STU-08468,2,low_cost_private,2024,Term3_Apr_Jul,67.2,0,35.3,13,44.7,3,HIGH
STU-08469,1,elite_private,2024,Term2_Jan_Apr,0,1,86.8,4,74.6,1,LOW
STU-08470,3,public_state,2025,Term3_Apr_Jul,16.0,0,52.4,7,54.3,1,MEDIUM
STU-08471,2,low_cost_private,2025,Term1_Sep_Dec,41.5,0,22.8,10,20.5,3,HIGH
STU-08472,2,low_cost_private,2024,Term2_Jan_Apr,32.0,0,42.0,11,24.4,4,HIGH
STU-08473,2,low_cost_private,2023,Term2_Jan_Apr,90.3,0,59.6,4,33.8,3,HIGH
STU-08474,1,elite_private,2025,Term2_Jan_Apr,0,1,99.2,1,93.1,0,LOW
STU-08475,2,low_cost_private,2024,Term1_Sep_Dec,20.0,0,90.6,0,75.7,0,LOW
STU-08476,3,public_state,2025,Term1_Sep_Dec,21.5,0,41.1,8,32.1,3,HIGH
STU-08477,1,elite_private,2023,Term1_Sep_Dec,14,0,,,,,WITHDRAWN
STU-08478,3,public_state,2024,Term1_Sep_Dec,33.7,0,62.2,3,37.0,2,HIGH
STU-08479,2,low_cost_private,2024,Term1_Sep_Dec,39.6,0,54.7,10,32.1,4,HIGH
STU-08480,2,low_cost_private,2024,Term1_Sep_Dec,36.7,0,71.2,11,37.9,2,HIGH
STU-08481,2,low_cost_private,2025,Term2_Jan_Apr,42.5,0,57.0,7,20,4,HIGH
STU-08482,2,low_cost_private,2023,Term2_Jan_Apr,30.8,0,54.7,11,25.9,5,HIGH
STU-08483,2,low_cost_private,2025,Term3_Apr_Jul,62.3,0,45.7,4,53.2,2,HIGH
STU-08484,3,public_state,2024,Term3_Apr_Jul,21.5,0,25.2,12,20,3,HIGH
STU-08485,2,low_cost_private,2024,Term2_Jan_Apr,15.4,0,80.8,1,40.8,2,MEDIUM
STU-08486,2,low_cost_private,2025,Term2_Jan_Apr,25.5,0,49.8,7,46.1,1,HIGH
STU-08487,3,public_state,2023,Term3_Apr_Jul,12.8,0,32.8,2,61.1,0,MEDIUM
STU-08488,1,elite_private,2025,Term1_Sep_Dec,0,1,100,0,100,0,LOW
STU-08489,3,public_state,2024,Term2_Jan_Apr,7.5,0,92.2,1,72.8,0,LOW
STU-08490,2,low_cost_private,2023,Term2_Jan_Apr,14.3,0,85.1,0,77.8,0,LOW
STU-08491,2,low_cost_private,2025,Term1_Sep_Dec,58.4,0,53.5,0,39.9,6,HIGH
STU-08492,3,public_state,2025,Term1_Sep_Dec,7.0,0,57.2,0,62.4,0,LOW
STU-08493,2,low_cost_private,2025,Term3_Apr_Jul,60.8,0,49.8,0,29.8,6,HIGH
STU-08494,2,low_cost_private,2025,Term1_Sep_Dec,14.8,0,89.4,3,75.4,0,LOW
STU-08495,3,public_state,2023,Term1_Sep_Dec,11.7,0,69.3,1,75.3,0,LOW
STU-08496,2,low_cost_private,2024,Term2_Jan_Apr,37.4,0,62.9,4,46.8,3,HIGH
STU-08497,3,public_state,2024,Term1_Sep_Dec,12.7,0,43.1,3,20,3,HIGH
STU-08498,3,public_state,2024,Term3_Apr_Jul,3.0,0,62.8,0,46.5,2,MEDIUM
STU-08499,2,low_cost_private,2023,Term2_Jan_Apr,86.7,0,63.3,4,34.3,4,HIGH
STU-08500,1,elite_private,2023,Term3_Apr_Jul,13.1,0,71.8,1,64.3,1,LOW
STU-08501,3,public_state,2023,Term1_Sep_Dec,43.2,0,52.6,6,33.2,4,HIGH
STU-08502,2,low_cost_private,2023,Term2_Jan_Apr,57.5,0,50.7,12,52.6,4,HIGH
STU-08503,3,public_state,2025,Term3_Apr_Jul,41.5,0,48.9,7,30.2,4,HIGH
STU-08504,3,public_state,2024,Term3_Apr_Jul,8.2,0,81.3,0,69.6,0,LOW
STU-08505,1,elite_private,2023,Term1_Sep_Dec,0,1,99.2,1,92.6,0,LOW
STU-08506,3,public_state,2025,Term2_Jan_Apr,17.6,0,63.3,2,25,4,MEDIUM
STU-08507,3,public_state,2025,Term2_Jan_Apr,23.8,0,75.3,2,40.9,5,MEDIUM
STU-08508,3,public_state,2024,Term2_Jan_Apr,60,0,61.0,7,36.7,4,HIGH
STU-08509,2,low_cost_private,2023,Term3_Apr_Jul,38.8,0,15,8,20,5,HIGH
STU-08510,1,elite_private,2024,Term1_Sep_Dec,14,0,,,,,WITHDRAWN
STU-08511,1,elite_private,2025,Term3_Apr_Jul,0,1,66.6,4,67.6,0,LOW
STU-08512,2,low_cost_private,2024,Term3_Apr_Jul,78.0,0,43.2,9,31.2,5,HIGH
STU-08513,1,elite_private,2025,Term3_Apr_Jul,6.4,0,53.7,2,48.9,1,MEDIUM
STU-08514,2,low_cost_private,2023,Term3_Apr_Jul,64.6,0,50.3,0,34.9,6,HIGH
STU-08515,1,elite_private,2024,Term1_Sep_Dec,14,0,,,,,WITHDRAWN
STU-08516,3,public_state,2023,Term2_Jan_Apr,55.2,0,50.4,10,40.3,3,HIGH
STU-08517,2,low_cost_private,2023,Term3_Apr_Jul,65.6,0,42.7,7,41.5,4,HIGH
STU-08518,1,elite_private,2023,Term3_Apr_Jul,14,0,,,,,WITHDRAWN
STU-08519,1,elite_private,2023,Term2_Jan_Apr,10.8,0,79.2,1,45.3,1,LOW
STU-08520,1,elite_private,2025,Term3_Apr_Jul,6.3,0,80.7,5,76.0,0,LOW
STU-08521,2,low_cost_private,2024,Term3_Apr_Jul,13.5,0,81.5,2,86.1,0,LOW
STU-08522,1,elite_private,2023,Term2_Jan_Apr,9.5,0,72.5,0,57.0,1,LOW
STU-08523,2,low_cost_private,2023,Term3_Apr_Jul,41.7,0,67.5,11,35.8,2,HIGH
STU-08524,3,public_state,2023,Term1_Sep_Dec,43.3,0,60.0,1,31.9,4,HIGH
STU-08525,3,public_state,2024,Term1_Sep_Dec,12.3,0,74.2,1,41.7,2,MEDIUM
STU-08526,1,elite_private,2025,Term3_Apr_Jul,9.5,0,57.1,1,67.1,0,LOW
STU-08527,2,low_cost_private,2023,Term3_Apr_Jul,17.4,0,84.5,0,77.0,0,LOW
STU-08528,3,public_state,2025,Term3_Apr_Jul,21.3,0,46.4,1,41.9,2,MEDIUM
STU-08529,3,public_state,2023,Term2_Jan_Apr,8.5,0,54.6,1,39.5,2,MEDIUM
STU-08530,1,elite_private,2023,Term1_Sep_Dec,0,1,99.2,1,86.1,0,LOW
STU-08531,2,low_cost_private,2024,Term1_Sep_Dec,66.9,0,41.6,14,41.9,1,HIGH
STU-08532,1,elite_private,2024,Term1_Sep_Dec,0,1,99.2,1,100,0,LOW
STU-08533,2,low_cost_private,2023,Term1_Sep_Dec,42.5,0,54.5,12,30.9,2,HIGH
STU-08534,1,elite_private,2024,Term1_Sep_Dec,0,1,100,0,88.1,0,LOW
STU-08535,3,public_state,2024,Term1_Sep_Dec,60,0,31.2,3,37.1,4,HIGH
STU-08536,2,low_cost_private,2024,Term3_Apr_Jul,54.4,0,51.4,9,31.6,4,HIGH
STU-08537,2,low_cost_private,2025,Term1_Sep_Dec,87.7,0,52.6,0,42.1,2,MEDIUM
STU-08538,2,low_cost_private,2023,Term2_Jan_Apr,12.4,0,87.3,0,73.1,0,LOW
STU-08539,2,low_cost_private,2025,Term2_Jan_Apr,16.1,0,86.3,2,76.1,0,LOW
STU-08540,1,elite_private,2024,Term2_Jan_Apr,0,1,99.2,1,97.6,0,LOW
STU-08541,1,elite_private,2025,Term2_Jan_Apr,14,0,,,,,WITHDRAWN
STU-08542,3,public_state,2023,Term1_Sep_Dec,10.1,0,82.4,0,27.9,2,LOW
STU-08543,2,low_cost_private,2025,Term2_Jan_Apr,37.8,0,69.0,7,37.5,3,HIGH
STU-08544,1,elite_private,2025,Term2_Jan_Apr,13.6,0,82.5,1,62.9,0,LOW
STU-08545,1,elite_private,2025,Term3_Apr_Jul,14.0,0,,,,,WITHDRAWN
STU-08546,3,public_state,2025,Term3_Apr_Jul,26.2,0,34.4,6,33.2,3,HIGH
STU-08547,3,public_state,2024,Term1_Sep_Dec,35.2,0,58.5,9,20,4,HIGH
STU-08548,1,elite_private,2024,Term1_Sep_Dec,0.6,0,68.7,4,57.2,4,MEDIUM
STU-08549,3,public_state,2023,Term3_Apr_Jul,49.6,0,64.0,1,46.1,3,MEDIUM
STU-08550,2,low_cost_private,2023,Term1_Sep_Dec,15.7,0,88.4,0,69.9,0,LOW
STU-08551,2,low_cost_private,2024,Term1_Sep_Dec,39.4,0,44.3,10,33.9,3,HIGH
STU-08552,2,low_cost_private,2023,Term3_Apr_Jul,71.1,0,44.2,10,22.5,4,HIGH
STU-08553,2,low_cost_private,2024,Term2_Jan_Apr,62.0,0,57.3,6,42.0,3,HIGH
STU-08554,3,public_state,2023,Term3_Apr_Jul,60,0,41.4,13,21.5,5,HIGH
STU-08555,2,low_cost_private,2024,Term3_Apr_Jul,45.2,0,45.5,13,37.9,4,HIGH
STU-08556,2,low_cost_private,2025,Term3_Apr_Jul,37.2,0,40.0,4,38.9,4,HIGH
STU-08557,3,public_state,2024,Term2_Jan_Apr,21.4,0,39.3,7,31.4,5,HIGH
STU-08558,2,low_cost_private,2024,Term1_Sep_Dec,88.5,0,41.1,7,43.3,2,HIGH
STU-08559,1,elite_private,2025,Term3_Apr_Jul,0,1,99.2,1,91.1,0,LOW
STU-08560,3,public_state,2023,Term1_Sep_Dec,16.0,0,65.0,3,46.1,0,MEDIUM
STU-08561,2,low_cost_private,2023,Term1_Sep_Dec,52.6,0,47.2,14,30.0,5,HIGH
STU-08562,1,elite_private,2025,Term2_Jan_Apr,0,1,100,0,99.4,0,LOW
STU-08563,2,low_cost_private,2023,Term1_Sep_Dec,32.5,0,25.8,13,64.3,0,MEDIUM
STU-08564,3,public_state,2025,Term2_Jan_Apr,20.9,0,64.1,10,42.8,4,HIGH
STU-08565,2,low_cost_private,2025,Term3_Apr_Jul,53.0,0,51.1,4,25.8,6,HIGH
STU-08566,2,low_cost_private,2023,Term1_Sep_Dec,25.9,0,48.0,0,27.1,4,MEDIUM
STU-08567,3,public_state,2025,Term3_Apr_Jul,12.7,0,59.3,0,42.8,3,MEDIUM
STU-08568,2,low_cost_private,2024,Term2_Jan_Apr,56.4,0,63.3,0,20,5,HIGH
STU-08569,1,elite_private,2024,Term3_Apr_Jul,0,1,97.8,1,88.6,0,LOW
STU-08570,1,elite_private,2024,Term3_Apr_Jul,2.6,0,89.0,0,26.8,2,LOW
STU-08571,2,low_cost_private,2025,Term1_Sep_Dec,26.4,0,55.3,4,42.5,4,MEDIUM
STU-08572,2,low_cost_private,2023,Term1_Sep_Dec,20.0,0,62.8,1,44.4,2,MEDIUM
STU-08573,1,elite_private,2024,Term1_Sep_Dec,0,1,100,0,79.1,0,LOW
STU-08574,2,low_cost_private,2024,Term3_Apr_Jul,37.8,0,55.3,0,30.2,7,HIGH
STU-08575,3,public_state,2024,Term1_Sep_Dec,29.9,0,60.1,1,24.7,3,MEDIUM
STU-08576,2,low_cost_private,2023,Term3_Apr_Jul,80.2,0,49.8,4,49.0,2,HIGH
STU-08577,3,public_state,2024,Term3_Apr_Jul,37.2,0,52.0,3,42.3,1,MEDIUM
STU-08578,3,public_state,2024,Term2_Jan_Apr,30.3,0,56.3,9,37.1,5,HIGH
STU-08579,2,low_cost_private,2025,Term1_Sep_Dec,66.1,0,57.9,0,59.0,0,MEDIUM
STU-08580,3,public_state,2024,Term1_Sep_Dec,19.9,0,66.4,7,35.9,3,HIGH
STU-08581,2,low_cost_private,2024,Term1_Sep_Dec,48.1,0,74.3,0,43.5,3,MEDIUM
STU-08582,3,public_state,2025,Term2_Jan_Apr,30.6,0,27.9,6,20,4,HIGH
STU-08583,2,low_cost_private,2025,Term3_Apr_Jul,73.2,0,64.7,11,50.2,2,HIGH
STU-08584,3,public_state,2025,Term3_Apr_Jul,60,0,58.0,6,23.1,6,HIGH
STU-08585,1,elite_private,2023,Term3_Apr_Jul,9.3,0,77.1,0,71.9,0,LOW
STU-08586,3,public_state,2024,Term1_Sep_Dec,5.3,0,90.9,0,74.5,0,LOW
STU-08587,2,low_cost_private,2023,Term3_Apr_Jul,26.2,0,58.4,0,46.6,1,MEDIUM
STU-08588,1,elite_private,2023,Term3_Apr_Jul,14,0,,,,,WITHDRAWN
STU-08589,3,public_state,2024,Term2_Jan_Apr,21.0,0,58.6,4,39.6,2,MEDIUM
STU-08590,1,elite_private,2024,Term2_Jan_Apr,0,1,99.2,1,96.5,0,LOW
STU-08591,3,public_state,2025,Term2_Jan_Apr,60,0,58.2,5,25.3,4,HIGH
STU-08592,3,public_state,2024,Term3_Apr_Jul,5.9,0,79.9,1,72.1,0,LOW
STU-08593,1,elite_private,2025,Term1_Sep_Dec,0,1,98.4,2,82.5,0,LOW
STU-08594,2,low_cost_private,2025,Term2_Jan_Apr,28.1,0,39.8,4,27.8,3,HIGH
STU-08595,3,public_state,2025,Term3_Apr_Jul,8.9,0,54.3,4,27.0,2,MEDIUM
STU-08596,2,low_cost_private,2024,Term2_Jan_Apr,18.8,0,89.0,2,77.9,0,LOW
STU-08597,1,elite_private,2024,Term2_Jan_Apr,0,1,98.5,1,81.5,0,LOW
STU-08598,3,public_state,2025,Term1_Sep_Dec,20.6,0,53.9,7,33.1,2,HIGH
STU-08599,1,elite_private,2023,Term3_Apr_Jul,0,1,100,0,92.5,0,LOW
STU-08600,1,elite_private,2025,Term2_Jan_Apr,0,1,100,0,86.4,0,LOW
STU-08601,2,low_cost_private,2023,Term2_Jan_Apr,58.8,0,57.4,16,47.8,2,HIGH
STU-08602,3,public_state,2023,Term2_Jan_Apr,18.8,0,52.7,9,41.6,4,HIGH
STU-08603,2,low_cost_private,2025,Term2_Jan_Apr,59.4,0,47.5,9,38.6,4,HIGH
STU-08604,2,low_cost_private,2024,Term1_Sep_Dec,41.7,0,36.9,1,37.7,3,HIGH
STU-08605,1,elite_private,2024,Term3_Apr_Jul,0,1,99.2,1,84.8,0,LOW
STU-08606,3,public_state,2025,Term2_Jan_Apr,9.0,0,76.5,3,46.3,1,MEDIUM
STU-08607,3,public_state,2023,Term3_Apr_Jul,8.9,0,37.9,9,28.6,3,HIGH
STU-08608,2,low_cost_private,2024,Term1_Sep_Dec,85.0,0,42.2,13,49.8,4,HIGH
STU-08609,3,public_state,2025,Term2_Jan_Apr,21.7,0,61.6,0,46.0,1,MEDIUM
STU-08610,2,low_cost_private,2025,Term1_Sep_Dec,41.6,0,53.4,4,31.0,5,HIGH
STU-08611,1,elite_private,2025,Term2_Jan_Apr,14,0,,,,,WITHDRAWN
STU-08612,3,public_state,2025,Term2_Jan_Apr,33.0,0,57.3,8,28.1,3,HIGH
STU-08613,3,public_state,2025,Term3_Apr_Jul,60,0,34.8,8,20,2,HIGH
STU-08614,3,public_state,2023,Term3_Apr_Jul,60,0,43.0,11,38.3,3,HIGH
STU-08615,2,low_cost_private,2025,Term2_Jan_Apr,77.6,0,59.9,9,59.4,0,MEDIUM
STU-08616,1,elite_private,2025,Term3_Apr_Jul,4.8,0,82.1,7,62.0,0,LOW
STU-08617,1,elite_private,2025,Term2_Jan_Apr,2.7,0,71.9,3,54.1,1,MEDIUM
STU-08618,2,low_cost_private,2023,Term1_Sep_Dec,76.0,0,46.2,10,48.0,3,HIGH
STU-08619,1,elite_private,2023,Term2_Jan_Apr,9.6,0,90.0,0,85,0,LOW
STU-08620,1,elite_private,2024,Term1_Sep_Dec,14,0,,,,,WITHDRAWN
STU-08621,2,low_cost_private,2025,Term1_Sep_Dec,48.2,0,47.9,4,33.2,5,HIGH
STU-08622,2,low_cost_private,2024,Term2_Jan_Apr,85.9,0,50.0,6,40.7,3,HIGH
STU-08623,1,elite_private,2024,Term3_Apr_Jul,0,1,100,0,98.5,0,LOW
STU-08624,1,elite_private,2023,Term2_Jan_Apr,0,1,100,0,91.8,0,LOW
STU-08625,2,low_cost_private,2024,Term2_Jan_Apr,17.0,0,91.1,1,78.6,0,LOW
STU-08626,1,elite_private,2023,Term1_Sep_Dec,0,1,100,0,100,0,LOW
STU-08627,2,low_cost_private,2025,Term3_Apr_Jul,22.2,0,51.9,0,23.0,4,MEDIUM
STU-08628,3,public_state,2024,Term2_Jan_Apr,52.4,0,47.8,7,47.8,1,HIGH
STU-08629,3,public_state,2023,Term1_Sep_Dec,21.7,0,43.2,9,20,4,HIGH
STU-08630,2,low_cost_private,2023,Term1_Sep_Dec,27.3,0,52.8,0,41.3,2,MEDIUM
STU-08631,3,public_state,2025,Term1_Sep_Dec,7.9,0,68.4,0,44.3,2,LOW
STU-08632,2,low_cost_private,2025,Term3_Apr_Jul,104.3,0,50.3,1,34.8,5,HIGH
STU-08633,3,public_state,2025,Term2_Jan_Apr,18.2,0,61.0,1,62.0,0,MEDIUM
STU-08634,1,elite_private,2025,Term2_Jan_Apr,0,1,100,0,96.7,0,LOW
STU-08635,2,low_cost_private,2023,Term2_Jan_Apr,64.0,0,65.3,8,41.9,4,HIGH
STU-08636,3,public_state,2023,Term2_Jan_Apr,10.7,0,65.1,3,54.7,2,MEDIUM
STU-08637,3,public_state,2023,Term1_Sep_Dec,20.5,0,67.6,1,32.5,2,MEDIUM
STU-08638,2,low_cost_private,2025,Term2_Jan_Apr,30.0,0,48.4,6,42.6,3,HIGH
STU-08639,3,public_state,2023,Term1_Sep_Dec,5,0,59.2,13,33.9,4,HIGH
STU-08640,1,elite_private,2023,Term2_Jan_Apr,14,0,,,,,WITHDRAWN
STU-08641,2,low_cost_private,2023,Term3_Apr_Jul,55.5,0,49.9,7,48.2,2,HIGH
STU-08642,3,public_state,2023,Term2_Jan_Apr,10.9,0,55.6,5,43.2,1,MEDIUM
STU-08643,3,public_state,2024,Term2_Jan_Apr,4.1,0,90.3,0,68.0,0,LOW
STU-08644,2,low_cost_private,2024,Term1_Sep_Dec,11.6,0,91.8,1,78.9,0,LOW
STU-08645,3,public_state,2024,Term2_Jan_Apr,30.9,0,47.7,12,37.7,4,HIGH
STU-08646,3,public_state,2025,Term2_Jan_Apr,7.9,0,92.8,0,72.7,0,LOW
STU-08647,2,low_cost_private,2024,Term2_Jan_Apr,24.4,0,46.3,11,25.3,4,HIGH
STU-08648,3,public_state,2024,Term1_Sep_Dec,13.4,0,63.6,7,33.4,2,MEDIUM
STU-08649,1,elite_private,2025,Term2_Jan_Apr,0,1,99.2,1,90.6,0,LOW
STU-08650,2,low_cost_private,2024,Term2_Jan_Apr,58.6,0,51.7,11,39.8,3,HIGH
STU-08651,2,low_cost_private,2023,Term2_Jan_Apr,21.1,0,41.7,9,43.7,2,HIGH
STU-08652,2,low_cost_private,2025,Term3_Apr_Jul,24.7,0,58.5,0,46.4,2,MEDIUM
STU-08653,2,low_cost_private,2025,Term1_Sep_Dec,57.1,0,43.3,4,56.3,0,MEDIUM
STU-08654,2,low_cost_private,2024,Term2_Jan_Apr,40.4,0,56.8,0,47.6,3,MEDIUM
STU-08655,1,elite_private,2024,Term3_Apr_Jul,0,1,100,0,100,0,LOW
STU-08656,2,low_cost_private,2025,Term1_Sep_Dec,76.8,0,67.7,0,58.4,0,MEDIUM
STU-08657,3,public_state,2024,Term3_Apr_Jul,16.7,0,46.9,0,33.5,3,MEDIUM
STU-08658,1,elite_private,2024,Term1_Sep_Dec,0,1,99.2,1,87.0,0,LOW
STU-08659,2,low_cost_private,2025,Term3_Apr_Jul,38.1,0,40.2,10,42.3,2,HIGH
STU-08660,1,elite_private,2025,Term3_Apr_Jul,14,0,,,,,WITHDRAWN
STU-08661,2,low_cost_private,2024,Term3_Apr_Jul,55.7,0,62.5,2,48.3,2,MEDIUM
STU-08662,1,elite_private,2023,Term3_Apr_Jul,0,1,98.4,2,88.8,0,LOW
STU-08663,1,elite_private,2025,Term3_Apr_Jul,0,1,99.2,1,86.2,0,LOW
STU-08664,1,elite_private,2025,Term3_Apr_Jul,0,1,99.2,1,86.3,0,LOW
STU-08665,3,public_state,2024,Term2_Jan_Apr,17.9,0,71.9,3,25.1,3,MEDIUM
STU-08666,2,low_cost_private,2024,Term3_Apr_Jul,85.0,0,26.9,4,42.9,4,HIGH
STU-08667,3,public_state,2025,Term1_Sep_Dec,1.8,0,66.2,1,38.0,3,MEDIUM
STU-08668,2,low_cost_private,2023,Term2_Jan_Apr,66.2,0,38.7,12,38.4,5,HIGH
STU-08669,3,public_state,2024,Term3_Apr_Jul,49.2,0,64.6,8,37.1,4,HIGH
STU-08670,2,low_cost_private,2023,Term2_Jan_Apr,78.0,0,45.6,8,38.1,3,HIGH
STU-08671,3,public_state,2025,Term1_Sep_Dec,10.8,0,64.9,0,40.3,3,MEDIUM
STU-08672,3,public_state,2025,Term2_Jan_Apr,9.1,0,89.0,1,68.6,0,LOW
STU-08673,2,low_cost_private,2023,Term2_Jan_Apr,13.9,0,54.2,4,45.3,2,MEDIUM
STU-08674,1,elite_private,2025,Term3_Apr_Jul,0,1,100,0,92.2,0,LOW
STU-08675,3,public_state,2024,Term2_Jan_Apr,54.7,0,70.9,6,30.8,4,HIGH
STU-08676,1,elite_private,2024,Term1_Sep_Dec,11.8,0,41.5,3,32.4,4,HIGH
STU-08677,2,low_cost_private,2024,Term1_Sep_Dec,31.3,0,37.7,5,34.8,4,HIGH
STU-08678,2,low_cost_private,2024,Term3_Apr_Jul,51.9,0,61.6,0,37.2,3,MEDIUM
STU-08679,3,public_state,2023,Term1_Sep_Dec,25.7,0,23.6,6,20,4,HIGH
STU-08680,1,elite_private,2024,Term2_Jan_Apr,0,1,98.6,1,92.5,0,LOW
STU-08681,3,public_state,2023,Term1_Sep_Dec,13.9,0,73.9,6,53.9,2,MEDIUM
STU-08682,3,public_state,2025,Term2_Jan_Apr,4.8,0,73.1,0,39.6,4,MEDIUM
STU-08683,1,elite_private,2024,Term1_Sep_Dec,0,1,99.2,1,97.1,0,LOW
STU-08684,2,low_cost_private,2023,Term1_Sep_Dec,46.1,0,60.2,0,41.6,4,MEDIUM
STU-08685,1,elite_private,2025,Term1_Sep_Dec,0,1,97.6,2,89.6,0,LOW
STU-08686,3,public_state,2023,Term1_Sep_Dec,5.0,0,39.4,0,36.4,3,MEDIUM
STU-08687,2,low_cost_private,2025,Term2_Jan_Apr,54.6,0,45.2,15,41.9,3,HIGH
STU-08688,1,elite_private,2024,Term3_Apr_Jul,5.3,0,72.1,1,75.3,0,LOW
STU-08689,2,low_cost_private,2023,Term1_Sep_Dec,64.4,0,65.5,13,37.8,6,HIGH
STU-08690,2,low_cost_private,2024,Term1_Sep_Dec,53.2,0,49.5,14,27.4,5,HIGH
STU-08691,2,low_cost_private,2025,Term3_Apr_Jul,40.4,0,45.0,11,27.0,3,HIGH
STU-08692,3,public_state,2024,Term3_Apr_Jul,60,0,41.0,11,23.4,4,HIGH
STU-08693,1,elite_private,2023,Term2_Jan_Apr,0,1,99.2,1,83.2,0,LOW
STU-08694,2,low_cost_private,2025,Term2_Jan_Apr,15.5,0,86.5,0,78.6,0,LOW
STU-08695,2,low_cost_private,2023,Term1_Sep_Dec,61.0,0,44.6,6,40.3,4,HIGH
STU-08696,2,low_cost_private,2023,Term2_Jan_Apr,38.0,0,48.5,4,35.8,5,HIGH
STU-08697,2,low_cost_private,2024,Term2_Jan_Apr,52.0,0,38.1,7,46.8,1,HIGH
STU-08698,3,public_state,2023,Term1_Sep_Dec,20.1,0,44.7,1,20,5,HIGH
STU-08699,2,low_cost_private,2024,Term1_Sep_Dec,29.3,0,67.1,0,35.4,3,MEDIUM
STU-08700,1,elite_private,2025,Term2_Jan_Apr,0,1,100,0,95.0,0,LOW
STU-08701,1,elite_private,2024,Term3_Apr_Jul,9.4,0,61.2,0,49.3,0,LOW
STU-08702,3,public_state,2023,Term3_Apr_Jul,8.0,0,57.9,4,28.6,2,MEDIUM
STU-08703,1,elite_private,2025,Term3_Apr_Jul,0,1,100,0,95.7,0,LOW
STU-08704,1,elite_private,2024,Term2_Jan_Apr,0,1,100,0,79.7,0,LOW
STU-08705,2,low_cost_private,2024,Term3_Apr_Jul,21.8,0,37.7,7,20,3,HIGH
STU-08706,1,elite_private,2025,Term3_Apr_Jul,14,0,,,,,WITHDRAWN
STU-08707,1,elite_private,2024,Term3_Apr_Jul,8.5,0,46.8,1,85,1,MEDIUM
STU-08708,2,low_cost_private,2024,Term3_Apr_Jul,74.4,0,33.5,6,58.6,0,MEDIUM
STU-08709,1,elite_private,2023,Term2_Jan_Apr,0,1,97.6,3,86.3,0,LOW
STU-08710,3,public_state,2023,Term2_Jan_Apr,13.8,0,68.8,8,54.9,1,MEDIUM
STU-08711,3,public_state,2024,Term3_Apr_Jul,19.9,0,45.0,0,47.0,3,MEDIUM
STU-08712,2,low_cost_private,2025,Term1_Sep_Dec,17.2,0,86.7,2,72.8,0,LOW
STU-08713,2,low_cost_private,2023,Term3_Apr_Jul,97.5,0,46.3,13,43.2,2,HIGH
STU-08714,1,elite_private,2023,Term1_Sep_Dec,0,1,70.5,7,66.2,0,LOW
STU-08715,2,low_cost_private,2024,Term2_Jan_Apr,51.7,0,24.5,7,44.5,4,HIGH
STU-08716,2,low_cost_private,2025,Term1_Sep_Dec,29.9,0,65.0,5,37.8,3,MEDIUM
STU-08717,1,elite_private,2024,Term2_Jan_Apr,0,1,100,0,94.2,0,LOW
STU-08718,3,public_state,2023,Term1_Sep_Dec,29.9,0,53.9,0,20,3,MEDIUM
STU-08719,2,low_cost_private,2025,Term2_Jan_Apr,37.4,0,52.5,6,25.6,3,HIGH
STU-08720,1,elite_private,2025,Term3_Apr_Jul,0.3,0,79.3,0,59.9,0,LOW
STU-08721,3,public_state,2025,Term1_Sep_Dec,5.6,0,66.5,0,36.8,2,MEDIUM
STU-08722,2,low_cost_private,2024,Term1_Sep_Dec,20.9,0,60.4,2,38.6,4,MEDIUM
STU-08723,1,elite_private,2025,Term3_Apr_Jul,0,1,61.5,0,23.2,3,MEDIUM
STU-08724,3,public_state,2023,Term3_Apr_Jul,44.2,0,50.8,4,20,6,HIGH
STU-08725,2,low_cost_private,2023,Term2_Jan_Apr,17.9,0,89.4,3,87.7,0,LOW
STU-08726,2,low_cost_private,2025,Term3_Apr_Jul,14.8,0,85.3,2,76.8,0,LOW
STU-08727,2,low_cost_private,2024,Term2_Jan_Apr,22.7,0,27.9,0,53.9,2,MEDIUM
STU-08728,3,public_state,2025,Term1_Sep_Dec,19.2,0,76.1,8,41.6,2,MEDIUM
STU-08729,3,public_state,2024,Term1_Sep_Dec,49.9,0,59.1,8,23.9,5,HIGH
STU-08730,1,elite_private,2025,Term1_Sep_Dec,0,1,99.2,1,93.9,0,LOW
STU-08731,2,low_cost_private,2024,Term1_Sep_Dec,70.8,0,61.6,1,42.0,2,MEDIUM
STU-08732,3,public_state,2023,Term1_Sep_Dec,18.1,0,54.5,10,43.1,2,MEDIUM
STU-08733,3,public_state,2025,Term1_Sep_Dec,32.1,0,68.4,6,49.1,3,MEDIUM
STU-08734,2,low_cost_private,2025,Term1_Sep_Dec,26.5,0,63.8,4,71.7,0,MEDIUM
STU-08735,3,public_state,2023,Term3_Apr_Jul,60,0,49.8,3,53.9,1,HIGH
STU-08736,2,low_cost_private,2023,Term1_Sep_Dec,16.6,0,91.0,0,71.4,0,LOW
STU-08737,2,low_cost_private,2025,Term1_Sep_Dec,41.8,0,52.3,9,36.7,3,HIGH
STU-08738,2,low_cost_private,2023,Term3_Apr_Jul,73.0,0,39.9,13,43.5,3,HIGH
STU-08739,2,low_cost_private,2024,Term3_Apr_Jul,30.5,0,61.1,0,54.3,1,MEDIUM
STU-08740,3,public_state,2025,Term1_Sep_Dec,10.9,0,46.1,7,55.2,3,MEDIUM
STU-08741,2,low_cost_private,2024,Term3_Apr_Jul,36.7,0,48.0,7,26.3,4,HIGH
STU-08742,3,public_state,2023,Term1_Sep_Dec,26.5,0,67.5,0,52.1,0,LOW
STU-08743,2,low_cost_private,2023,Term3_Apr_Jul,75.6,0,60.5,1,33.2,5,HIGH
STU-08744,2,low_cost_private,2025,Term1_Sep_Dec,18.9,0,87.8,2,72.9,0,LOW
STU-08745,2,low_cost_private,2024,Term1_Sep_Dec,25.5,0,39.9,4,27.9,4,HIGH
STU-08746,3,public_state,2025,Term3_Apr_Jul,6.8,0,43.9,6,29.1,4,HIGH
STU-08747,1,elite_private,2025,Term3_Apr_Jul,14,0,,,,,WITHDRAWN
STU-08748,3,public_state,2024,Term1_Sep_Dec,36.0,0,49.7,7,20,4,HIGH
STU-08749,3,public_state,2023,Term2_Jan_Apr,17.3,0,42.9,9,22.0,5,HIGH
STU-08750,1,elite_private,2024,Term3_Apr_Jul,0,1,98.4,2,95.8,0,LOW
STU-08751,3,public_state,2023,Term2_Jan_Apr,30.9,0,82.8,0,43.7,2,MEDIUM
STU-08752,1,elite_private,2025,Term3_Apr_Jul,0,1,99.2,1,83.9,0,LOW
STU-08753,2,low_cost_private,2023,Term1_Sep_Dec,30.4,0,39.2,9,20,4,HIGH
STU-08754,3,public_state,2023,Term1_Sep_Dec,19.1,0,61.2,1,49.5,0,MEDIUM
STU-08755,3,public_state,2025,Term3_Apr_Jul,50.4,0,55.8,0,33.2,4,MEDIUM
STU-08756,2,low_cost_private,2024,Term1_Sep_Dec,70.3,0,45.2,6,41.7,3,HIGH
STU-08757,1,elite_private,2024,Term2_Jan_Apr,0,1,100,0,91.0,0,LOW
STU-08758,1,elite_private,2025,Term2_Jan_Apr,4.3,0,79.6,0,57.6,1,LOW
STU-08759,2,low_cost_private,2025,Term2_Jan_Apr,98.6,0,37.1,14,50.1,1,HIGH
STU-08760,2,low_cost_private,2025,Term3_Apr_Jul,71.6,0,38.3,6,26.1,6,HIGH
STU-08761,1,elite_private,2024,Term3_Apr_Jul,0,1,98.4,2,89.6,0,LOW
STU-08762,2,low_cost_private,2025,Term1_Sep_Dec,59.5,0,59.0,7,36.1,4,HIGH
STU-08763,3,public_state,2025,Term1_Sep_Dec,32.8,0,67.7,3,20,5,HIGH
STU-08764,1,elite_private,2025,Term3_Apr_Jul,0,1,100,0,87.1,0,LOW
STU-08765,1,elite_private,2024,Term1_Sep_Dec,0,1,100,0,83.8,0,LOW
STU-08766,1,elite_private,2024,Term2_Jan_Apr,14,0,,,,,WITHDRAWN
STU-08767,3,public_state,2025,Term2_Jan_Apr,16.4,0,60.7,6,59.3,0,MEDIUM
STU-08768,3,public_state,2025,Term1_Sep_Dec,27.8,0,29.0,0,24.7,5,HIGH
STU-08769,3,public_state,2025,Term1_Sep_Dec,15.6,0,59.8,1,71.7,1,MEDIUM
STU-08770,2,low_cost_private,2024,Term3_Apr_Jul,38.2,0,25.7,13,40.0,4,HIGH
STU-08771,2,low_cost_private,2024,Term2_Jan_Apr,16.7,0,41.4,13,25.4,4,HIGH
STU-08772,3,public_state,2025,Term1_Sep_Dec,12.3,0,34.5,9,71.8,1,MEDIUM
STU-08773,3,public_state,2025,Term1_Sep_Dec,27.0,0,80.3,0,44.8,2,LOW
STU-08774,1,elite_private,2024,Term3_Apr_Jul,3.7,0,82.8,0,45.5,2,LOW
STU-08775,1,elite_private,2024,Term1_Sep_Dec,0,1,98.6,0,88.7,0,LOW
STU-08776,3,public_state,2024,Term2_Jan_Apr,19.9,0,36.1,13,38.6,2,HIGH
STU-08777,3,public_state,2024,Term3_Apr_Jul,15.3,0,43.5,4,29.1,4,HIGH
STU-08778,2,low_cost_private,2024,Term2_Jan_Apr,24.4,0,54.8,4,55.6,2,MEDIUM
STU-08779,2,low_cost_private,2023,Term3_Apr_Jul,15.0,0,84.0,1,79.0,0,LOW
STU-08780,2,low_cost_private,2023,Term2_Jan_Apr,19.7,0,48.6,11,63.8,2,MEDIUM
STU-08781,1,elite_private,2025,Term2_Jan_Apr,0,1,100,0,87.9,0,LOW
STU-08782,2,low_cost_private,2024,Term3_Apr_Jul,18.6,0,79.4,2,80.8,0,LOW
STU-08783,1,elite_private,2025,Term1_Sep_Dec,0,1,99.2,1,88.5,0,LOW
STU-08784,2,low_cost_private,2024,Term1_Sep_Dec,16.1,0,87.6,1,85.8,0,LOW
STU-08785,1,elite_private,2024,Term2_Jan_Apr,0,1,97.8,1,95.6,0,LOW
STU-08786,2,low_cost_private,2023,Term3_Apr_Jul,42.2,0,46.1,4,66.7,0,MEDIUM
STU-08787,2,low_cost_private,2024,Term1_Sep_Dec,26.7,0,39.8,14,70.2,1,MEDIUM
STU-08788,1,elite_private,2024,Term3_Apr_Jul,0,1,100,0,83.4,0,LOW
STU-08789,2,low_cost_private,2023,Term2_Jan_Apr,61.6,0,64.8,1,51.3,2,MEDIUM
STU-08790,1,elite_private,2024,Term1_Sep_Dec,0,1,65.5,1,66.9,0,LOW
STU-08791,3,public_state,2023,Term2_Jan_Apr,37.8,0,49.4,0,44.5,2,MEDIUM
STU-08792,2,low_cost_private,2023,Term3_Apr_Jul,36.7,0,34.5,11,21.7,3,HIGH
STU-08793,1,elite_private,2025,Term2_Jan_Apr,0,1,98.4,2,92.3,0,LOW
STU-08794,3,public_state,2025,Term1_Sep_Dec,16.2,0,57.6,3,51.6,3,MEDIUM
STU-08795,3,public_state,2023,Term3_Apr_Jul,3.6,0,56.1,1,36.0,2,MEDIUM
STU-08796,1,elite_private,2023,Term3_Apr_Jul,10.9,0,64.3,4,53.9,1,MEDIUM
STU-08797,3,public_state,2023,Term1_Sep_Dec,7.8,0,92.2,1,73.5,0,LOW
STU-08798,2,low_cost_private,2025,Term1_Sep_Dec,31.6,0,57.9,15,20,6,HIGH
STU-08799,1,elite_private,2025,Term1_Sep_Dec,0,1,99.2,1,86.9,0,LOW
STU-08800,1,elite_private,2025,Term3_Apr_Jul,10.9,0,66.1,4,69.9,1,LOW
STU-08801,3,public_state,2025,Term2_Jan_Apr,60,0,64.4,7,24.2,6,HIGH
STU-08802,1,elite_private,2025,Term3_Apr_Jul,14,0,,,,,WITHDRAWN
STU-08803,3,public_state,2023,Term3_Apr_Jul,36.3,0,41.4,8,31.3,3,HIGH
STU-08804,3,public_state,2023,Term2_Jan_Apr,4.4,0,69.2,3,62.2,1,MEDIUM
STU-08805,3,public_state,2025,Term1_Sep_Dec,6.4,0,91.2,1,70.0,0,LOW
STU-08806,2,low_cost_private,2025,Term3_Apr_Jul,16.4,0,87.9,1,69.6,0,LOW
STU-08807,3,public_state,2025,Term2_Jan_Apr,20.3,0,65.7,15,30.2,2,MEDIUM
STU-08808,3,public_state,2025,Term3_Apr_Jul,20.3,0,51.0,9,46.4,0,MEDIUM
STU-08809,3,public_state,2025,Term3_Apr_Jul,24.9,0,44.7,3,20,3,HIGH
STU-08810,2,low_cost_private,2024,Term1_Sep_Dec,76.6,0,60.2,7,35.2,3,HIGH
STU-08811,1,elite_private,2025,Term1_Sep_Dec,2.4,0,87.6,3,64.8,0,LOW
STU-08812,1,elite_private,2025,Term2_Jan_Apr,0,1,86.8,1,56.8,1,LOW
STU-08813,3,public_state,2025,Term3_Apr_Jul,8.4,0,28.6,5,35.0,2,MEDIUM
STU-08814,2,low_cost_private,2024,Term2_Jan_Apr,70.4,0,24.0,16,60.1,2,HIGH
STU-08815,2,low_cost_private,2024,Term1_Sep_Dec,66.8,0,66.2,7,34.2,3,HIGH
STU-08816,2,low_cost_private,2023,Term3_Apr_Jul,62.0,0,60.7,7,48.0,4,HIGH
STU-08817,2,low_cost_private,2024,Term1_Sep_Dec,30.2,0,26.2,7,21.9,4,HIGH
STU-08818,3,public_state,2023,Term3_Apr_Jul,13.2,0,43.5,1,46.0,2,MEDIUM
STU-08819,2,low_cost_private,2024,Term2_Jan_Apr,49.6,0,44.9,6,39.4,5,HIGH
STU-08820,3,public_state,2025,Term2_Jan_Apr,3.5,0,92.8,2,71.5,0,LOW
STU-08821,2,low_cost_private,2024,Term1_Sep_Dec,21.4,0,85.4,2,78.8,0,LOW
STU-08822,2,low_cost_private,2024,Term2_Jan_Apr,40.7,0,49.9,10,70.9,0,MEDIUM
STU-08823,1,elite_private,2025,Term3_Apr_Jul,0,1,99.5,0,77.4,0,LOW
STU-08824,1,elite_private,2025,Term3_Apr_Jul,0,1,99.2,1,89.6,0,LOW
STU-08825,3,public_state,2023,Term1_Sep_Dec,5.2,0,90.0,1,68.6,0,LOW
STU-08826,2,low_cost_private,2025,Term1_Sep_Dec,62.9,0,44.4,4,20.5,4,HIGH
STU-08827,2,low_cost_private,2023,Term3_Apr_Jul,34.1,0,52.2,13,42.4,5,HIGH
STU-08828,3,public_state,2025,Term2_Jan_Apr,17.9,0,63.3,3,48.7,2,MEDIUM
STU-08829,2,low_cost_private,2023,Term2_Jan_Apr,53.0,0,50.2,4,49.2,2,MEDIUM
STU-08830,1,elite_private,2024,Term1_Sep_Dec,14,0,,,,,WITHDRAWN
STU-08831,1,elite_private,2025,Term1_Sep_Dec,0,1,100,0,96.4,0,LOW
STU-08832,3,public_state,2023,Term1_Sep_Dec,60,0,46.2,3,48.8,2,HIGH
STU-08833,2,low_cost_private,2024,Term3_Apr_Jul,17.0,0,80.1,1,82.2,0,LOW
STU-08834,2,low_cost_private,2025,Term1_Sep_Dec,18.2,0,89.1,1,71.3,0,LOW
STU-08835,3,public_state,2023,Term3_Apr_Jul,27.7,0,59.3,5,48.5,2,MEDIUM
STU-08836,3,public_state,2023,Term2_Jan_Apr,9.5,0,49.4,7,26.2,2,HIGH
STU-08837,2,low_cost_private,2023,Term1_Sep_Dec,70.6,0,39.1,8,58.7,0,HIGH
STU-08838,2,low_cost_private,2025,Term3_Apr_Jul,52.1,0,45.8,5,37.8,5,HIGH
STU-08839,3,public_state,2023,Term1_Sep_Dec,11.2,0,48.6,3,27.2,4,HIGH
STU-08840,2,low_cost_private,2023,Term1_Sep_Dec,50.7,0,57.6,6,53.5,4,HIGH
STU-08841,2,low_cost_private,2024,Term3_Apr_Jul,68.6,0,46.3,8,64.2,0,HIGH
STU-08842,3,public_state,2024,Term1_Sep_Dec,10.9,0,90.2,1,67.0,0,LOW
STU-08843,2,low_cost_private,2025,Term1_Sep_Dec,47.1,0,36.5,10,42.9,3,HIGH
STU-08844,2,low_cost_private,2025,Term1_Sep_Dec,36.7,0,25.6,14,37.3,5,HIGH
STU-08845,3,public_state,2023,Term1_Sep_Dec,49.9,0,58.7,12,32.6,4,HIGH
STU-08846,3,public_state,2024,Term3_Apr_Jul,22.5,0,40.9,12,20,3,HIGH
STU-08847,2,low_cost_private,2025,Term1_Sep_Dec,15.9,0,86.0,2,74.0,0,LOW
STU-08848,1,elite_private,2023,Term1_Sep_Dec,0,1,99.2,1,99.4,0,LOW
STU-08849,3,public_state,2023,Term3_Apr_Jul,55.8,0,22.3,8,34.2,4,HIGH
STU-08850,3,public_state,2024,Term1_Sep_Dec,13.3,0,62.2,12,48.3,2,MEDIUM
STU-08851,2,low_cost_private,2023,Term2_Jan_Apr,39.2,0,45.1,4,20,4,HIGH
STU-08852,1,elite_private,2025,Term2_Jan_Apr,14,0,,,,,WITHDRAWN
STU-08853,2,low_cost_private,2025,Term1_Sep_Dec,21.6,0,47.2,0,43.5,2,MEDIUM
STU-08854,2,low_cost_private,2023,Term2_Jan_Apr,39.4,0,50.0,0,50.0,2,MEDIUM
STU-08855,2,low_cost_private,2023,Term3_Apr_Jul,23.5,0,41.5,11,52.4,4,HIGH
STU-08856,3,public_state,2024,Term1_Sep_Dec,13.1,0,54.2,6,37.7,3,MEDIUM
STU-08857,2,low_cost_private,2024,Term1_Sep_Dec,26.2,0,59.9,0,66.0,0,LOW
STU-08858,3,public_state,2025,Term1_Sep_Dec,23.1,0,66.2,1,39.8,3,MEDIUM
STU-08859,1,elite_private,2023,Term3_Apr_Jul,0,1,100,0,89.0,0,LOW
STU-08860,2,low_cost_private,2025,Term2_Jan_Apr,26.1,0,55.8,6,25.7,5,HIGH
STU-08861,1,elite_private,2024,Term1_Sep_Dec,5.2,0,61.9,5,67.9,0,LOW
STU-08862,3,public_state,2024,Term1_Sep_Dec,16.6,0,53.5,8,61.7,1,MEDIUM
STU-08863,1,elite_private,2023,Term2_Jan_Apr,8.6,0,74.5,3,45.1,3,MEDIUM
STU-08864,2,low_cost_private,2024,Term3_Apr_Jul,38.9,0,30.5,10,22.1,4,HIGH
STU-08865,3,public_state,2024,Term1_Sep_Dec,44.3,0,69.2,8,41.9,3,HIGH
STU-08866,2,low_cost_private,2024,Term1_Sep_Dec,16.2,0,86.2,2,73.5,0,LOW
STU-08867,3,public_state,2024,Term1_Sep_Dec,30.5,0,43.6,12,30.9,3,HIGH
STU-08868,2,low_cost_private,2024,Term3_Apr_Jul,24.0,0,43.5,0,20,3,MEDIUM
STU-08869,3,public_state,2023,Term2_Jan_Apr,17.8,0,50.2,2,40.0,3,MEDIUM
STU-08870,1,elite_private,2024,Term1_Sep_Dec,7.0,0,75.5,2,74.2,1,LOW
STU-08871,1,elite_private,2023,Term1_Sep_Dec,0,1,99.2,1,94.5,0,LOW
STU-08872,2,low_cost_private,2025,Term1_Sep_Dec,37.6,0,38.6,4,20,3,HIGH
STU-08873,2,low_cost_private,2025,Term1_Sep_Dec,89.6,0,52.1,0,34.4,5,HIGH
STU-08874,3,public_state,2025,Term3_Apr_Jul,29.6,0,48.1,6,38.3,4,HIGH
STU-08875,1,elite_private,2023,Term2_Jan_Apr,0,1,100,0,95.9,0,LOW
STU-08876,2,low_cost_private,2023,Term1_Sep_Dec,28.1,0,56.6,0,45.3,2,MEDIUM
STU-08877,3,public_state,2024,Term2_Jan_Apr,6.7,0,87.8,0,69.1,0,LOW
STU-08878,3,public_state,2024,Term1_Sep_Dec,45.0,0,66.7,12,39.3,4,HIGH
STU-08879,3,public_state,2023,Term3_Apr_Jul,11.7,0,52.3,4,25,3,MEDIUM
STU-08880,2,low_cost_private,2025,Term2_Jan_Apr,34.5,0,49.7,4,55.7,0,MEDIUM
STU-08881,2,low_cost_private,2024,Term2_Jan_Apr,69.5,0,53.8,13,42.8,2,HIGH
STU-08882,2,low_cost_private,2025,Term1_Sep_Dec,17.2,0,90.7,0,75.2,0,LOW
STU-08883,2,low_cost_private,2024,Term1_Sep_Dec,45.5,0,48.0,0,49.3,4,MEDIUM
STU-08884,2,low_cost_private,2025,Term1_Sep_Dec,17.0,0,86.7,1,90.7,0,LOW
STU-08885,3,public_state,2024,Term1_Sep_Dec,31.9,0,61.5,11,46.1,2,HIGH
STU-08886,3,public_state,2025,Term3_Apr_Jul,11.4,0,61.5,1,41.4,3,MEDIUM
STU-08887,2,low_cost_private,2025,Term2_Jan_Apr,53.7,0,43.3,12,26.8,5,HIGH
STU-08888,2,low_cost_private,2024,Term1_Sep_Dec,74.9,0,58.8,4,39.2,5,HIGH
STU-08889,2,low_cost_private,2024,Term3_Apr_Jul,85.9,0,41.2,1,33.2,5,HIGH
STU-08890,3,public_state,2023,Term3_Apr_Jul,60,0,61.2,0,38.8,4,MEDIUM
STU-08891,2,low_cost_private,2023,Term1_Sep_Dec,57.8,0,48.5,7,46.6,3,HIGH
STU-08892,1,elite_private,2025,Term3_Apr_Jul,0,1,100,0,94.3,0,LOW
STU-08893,1,elite_private,2024,Term2_Jan_Apr,0,1,97.0,1,82.4,0,LOW
STU-08894,1,elite_private,2023,Term2_Jan_Apr,0,1,99.2,1,88.1,0,LOW
STU-08895,2,low_cost_private,2023,Term3_Apr_Jul,39.6,0,15,13,20,2,HIGH
STU-08896,2,low_cost_private,2024,Term3_Apr_Jul,34.0,0,25.7,8,23.3,4,HIGH
STU-08897,3,public_state,2025,Term1_Sep_Dec,7.4,0,72.4,0,25,3,MEDIUM
STU-08898,2,low_cost_private,2024,Term2_Jan_Apr,25.4,0,71.6,1,33.1,3,MEDIUM
STU-08899,2,low_cost_private,2024,Term3_Apr_Jul,26.2,0,31.6,13,20,4,HIGH
STU-08900,3,public_state,2023,Term1_Sep_Dec,26.6,0,42.7,0,57.9,2,MEDIUM
STU-08901,2,low_cost_private,2023,Term1_Sep_Dec,43.0,0,21.9,14,20,4,HIGH
STU-08902,2,low_cost_private,2024,Term1_Sep_Dec,50.5,0,43.0,7,20.3,5,HIGH
STU-08903,2,low_cost_private,2024,Term2_Jan_Apr,64.0,0,43.7,10,51.4,2,HIGH
STU-08904,3,public_state,2023,Term2_Jan_Apr,14.4,0,63.1,1,38.6,4,MEDIUM
STU-08905,1,elite_private,2025,Term1_Sep_Dec,0,1,96.6,0,86.9,0,LOW
STU-08906,3,public_state,2024,Term1_Sep_Dec,11.8,0,52.2,11,29.6,2,MEDIUM
STU-08907,2,low_cost_private,2025,Term3_Apr_Jul,34.0,0,31.6,4,20,3,HIGH
STU-08908,3,public_state,2024,Term2_Jan_Apr,38.5,0,79.4,7,39.6,5,HIGH
STU-08909,2,low_cost_private,2025,Term1_Sep_Dec,24.3,0,59.3,0,32.3,3,MEDIUM
STU-08910,2,low_cost_private,2025,Term2_Jan_Apr,19.7,0,88.5,0,85.1,0,LOW
STU-08911,1,elite_private,2025,Term1_Sep_Dec,14,0,,,,,WITHDRAWN
STU-08912,2,low_cost_private,2025,Term2_Jan_Apr,75.2,0,54.9,10,59.5,0,MEDIUM
STU-08913,1,elite_private,2025,Term3_Apr_Jul,13.3,0,74.6,0,60.1,0,LOW
STU-08914,1,elite_private,2024,Term2_Jan_Apr,0,1,100,0,96.2,0,LOW
STU-08915,2,low_cost_private,2025,Term1_Sep_Dec,27.1,0,80.6,1,35.0,5,MEDIUM
STU-08916,3,public_state,2023,Term3_Apr_Jul,27.7,0,52.1,3,40.6,4,MEDIUM
STU-08917,1,elite_private,2025,Term1_Sep_Dec,0,1,99.2,1,91.1,0,LOW
STU-08918,2,low_cost_private,2025,Term2_Jan_Apr,19.6,0,83.3,0,71.7,0,LOW
STU-08919,3,public_state,2024,Term3_Apr_Jul,4.2,0,82.6,1,77.3,0,LOW
STU-08920,3,public_state,2024,Term3_Apr_Jul,5.2,0,83.5,0,68.7,0,LOW
STU-08921,3,public_state,2025,Term2_Jan_Apr,19.5,0,71.7,2,25.4,4,MEDIUM
STU-08922,3,public_state,2023,Term1_Sep_Dec,17.1,0,72.0,1,59.7,2,MEDIUM
STU-08923,3,public_state,2023,Term3_Apr_Jul,35.0,0,59.5,1,60.3,0,MEDIUM
STU-08924,3,public_state,2023,Term1_Sep_Dec,8.8,0,62.1,14,21.4,4,HIGH
STU-08925,2,low_cost_private,2024,Term3_Apr_Jul,30.8,0,48.9,6,38.3,4,HIGH
STU-08926,2,low_cost_private,2024,Term1_Sep_Dec,24.3,0,44.1,1,20,4,HIGH
STU-08927,1,elite_private,2025,Term3_Apr_Jul,1.1,0,98.4,2,88.2,0,LOW
STU-08928,2,low_cost_private,2023,Term2_Jan_Apr,34.2,0,30.1,14,50.1,2,HIGH
STU-08929,3,public_state,2023,Term1_Sep_Dec,17.7,0,71.4,0,25,2,MEDIUM
STU-08930,3,public_state,2024,Term2_Jan_Apr,5.6,0,89.8,2,60,0,LOW
STU-08931,3,public_state,2025,Term3_Apr_Jul,28.6,0,47.7,0,25,3,MEDIUM
STU-08932,2,low_cost_private,2024,Term2_Jan_Apr,26.4,0,50.4,4,51.8,1,MEDIUM
STU-08933,2,low_cost_private,2024,Term1_Sep_Dec,71.7,0,51.7,5,34.1,4,HIGH
STU-08934,1,elite_private,2024,Term2_Jan_Apr,0,1,100,0,93.8,0,LOW
STU-08935,1,elite_private,2024,Term3_Apr_Jul,10.9,0,52.8,2,45.8,2,MEDIUM
STU-08936,3,public_state,2025,Term3_Apr_Jul,30.4,0,30.6,9,34.1,2,HIGH
STU-08937,1,elite_private,2024,Term3_Apr_Jul,9.0,0,81.9,0,46.3,1,LOW
STU-08938,3,public_state,2024,Term1_Sep_Dec,9.8,0,57.7,1,33.8,3,MEDIUM
STU-08939,3,public_state,2024,Term1_Sep_Dec,32.3,0,47.5,9,25,5,HIGH
STU-08940,2,low_cost_private,2024,Term2_Jan_Apr,24.7,0,34.2,4,46.3,2,MEDIUM
STU-08941,2,low_cost_private,2024,Term1_Sep_Dec,28.7,0,44.7,8,43.8,2,HIGH
STU-08942,2,low_cost_private,2024,Term1_Sep_Dec,49.9,0,36.9,7,26.9,4,HIGH
STU-08943,1,elite_private,2024,Term2_Jan_Apr,14,0,,,,,WITHDRAWN
STU-08944,2,low_cost_private,2023,Term1_Sep_Dec,18.6,0,90.6,0,66.1,0,LOW
STU-08945,3,public_state,2024,Term2_Jan_Apr,8.2,0,60.6,0,55.8,1,LOW
STU-08946,1,elite_private,2025,Term2_Jan_Apr,9.8,0,71.6,2,85,0,LOW
STU-08947,2,low_cost_private,2023,Term2_Jan_Apr,18.2,0,89.6,0,72.5,0,LOW
STU-08948,3,public_state,2023,Term3_Apr_Jul,60,0,29.3,9,45.3,3,HIGH
STU-08949,1,elite_private,2024,Term3_Apr_Jul,0,1,99.2,1,88.5,0,LOW
STU-08950,3,public_state,2025,Term1_Sep_Dec,39.7,0,38.8,12,43.3,5,HIGH
STU-08951,3,public_state,2024,Term1_Sep_Dec,0,1,33.8,9,20,4,HIGH
STU-08952,2,low_cost_private,2025,Term1_Sep_Dec,34.3,0,45.6,15,41.6,1,HIGH
STU-08953,1,elite_private,2024,Term1_Sep_Dec,10.5,0,73.6,5,66.2,0,LOW
STU-08954,1,elite_private,2025,Term1_Sep_Dec,0.8,0,98.8,0,89.5,0,LOW
STU-08955,3,public_state,2025,Term2_Jan_Apr,28.1,0,47.0,1,62.8,0,MEDIUM
STU-08956,3,public_state,2024,Term3_Apr_Jul,13.4,0,52.7,6,38.2,2,MEDIUM
STU-08957,1,elite_private,2023,Term1_Sep_Dec,7.1,0,57.6,2,60.0,1,MEDIUM
STU-08958,1,elite_private,2024,Term3_Apr_Jul,0,1,98.4,2,88.6,0,LOW
STU-08959,2,low_cost_private,2023,Term3_Apr_Jul,23.0,0,43.2,5,27.6,3,HIGH
STU-08960,2,low_cost_private,2025,Term3_Apr_Jul,67.9,0,56.0,4,47.7,2,HIGH
STU-08961,3,public_state,2023,Term3_Apr_Jul,13.2,0,48.0,4,50.5,2,MEDIUM
STU-08962,3,public_state,2025,Term3_Apr_Jul,26.1,0,20.6,13,20,4,HIGH
STU-08963,3,public_state,2024,Term1_Sep_Dec,40.2,0,44.5,9,50.0,4,HIGH
STU-08964,1,elite_private,2024,Term2_Jan_Apr,0,1,98.9,1,100,0,LOW
STU-08965,2,low_cost_private,2023,Term1_Sep_Dec,73.0,0,43.2,12,36.4,5,HIGH
STU-08966,2,low_cost_private,2023,Term1_Sep_Dec,36.9,0,32.3,8,20,3,HIGH
STU-08967,2,low_cost_private,2024,Term3_Apr_Jul,68.2,0,52.7,13,53.1,2,HIGH
STU-08968,3,public_state,2025,Term1_Sep_Dec,22.2,0,27.6,3,30.0,3,HIGH
STU-08969,3,public_state,2025,Term1_Sep_Dec,20.1,0,38.6,0,20,5,HIGH
STU-08970,1,elite_private,2024,Term2_Jan_Apr,0,1,98.5,1,98.7,0,LOW
STU-08971,1,elite_private,2023,Term3_Apr_Jul,0,1,99.2,1,92.6,0,LOW
STU-08972,3,public_state,2025,Term2_Jan_Apr,3.2,0,57.0,0,20,4,MEDIUM
STU-08973,1,elite_private,2024,Term1_Sep_Dec,0,1,96.2,4,85.0,0,LOW
STU-08974,1,elite_private,2024,Term1_Sep_Dec,0,1,99.0,1,85.2,0,LOW
STU-08975,2,low_cost_private,2023,Term1_Sep_Dec,56.4,0,52.2,1,31.8,4,HIGH
STU-08976,1,elite_private,2025,Term3_Apr_Jul,14,0,,,,,WITHDRAWN
STU-08977,2,low_cost_private,2025,Term1_Sep_Dec,14.4,0,89.5,0,82.4,0,LOW
STU-08978,3,public_state,2023,Term3_Apr_Jul,31.6,0,48.3,3,24.9,7,HIGH
STU-08979,1,elite_private,2023,Term3_Apr_Jul,0,1,76.6,1,52.8,2,LOW
STU-08980,3,public_state,2023,Term2_Jan_Apr,33.2,0,38.7,1,37.4,4,HIGH
STU-08981,2,low_cost_private,2025,Term1_Sep_Dec,23.7,0,71.8,0,53.8,2,MEDIUM
STU-08982,2,low_cost_private,2025,Term1_Sep_Dec,54.7,0,48.9,4,36.4,4,HIGH
STU-08983,3,public_state,2023,Term3_Apr_Jul,20.4,0,64.7,10,48.2,2,MEDIUM
STU-08984,2,low_cost_private,2025,Term2_Jan_Apr,35.6,0,45.4,4,30.8,2,HIGH
STU-08985,3,public_state,2025,Term3_Apr_Jul,47.8,0,52.0,5,39.9,5,HIGH
STU-08986,1,elite_private,2024,Term1_Sep_Dec,1.1,0,82.7,1,78.1,0,LOW
STU-08987,2,low_cost_private,2024,Term3_Apr_Jul,55.6,0,55.8,9,49.8,1,HIGH
STU-08988,3,public_state,2024,Term3_Apr_Jul,18.1,0,44.5,0,20,4,MEDIUM
STU-08989,3,public_state,2023,Term3_Apr_Jul,21.0,0,27.5,2,20,5,HIGH
STU-08990,3,public_state,2024,Term1_Sep_Dec,60,0,73.2,7,38.0,4,HIGH
STU-08991,1,elite_private,2024,Term2_Jan_Apr,0,1,100,0,89.8,0,LOW
STU-08992,1,elite_private,2025,Term3_Apr_Jul,10.7,0,71.5,0,70.7,0,LOW
STU-08993,1,elite_private,2023,Term1_Sep_Dec,0.9,0,98.4,2,92.3,0,LOW
STU-08994,2,low_cost_private,2023,Term2_Jan_Apr,30.4,0,48.7,15,29.3,2,HIGH
STU-08995,1,elite_private,2024,Term3_Apr_Jul,9.4,0,70.0,0,66.0,1,LOW
STU-08996,3,public_state,2023,Term3_Apr_Jul,30.3,0,49.7,7,49.4,4,HIGH
STU-08997,2,low_cost_private,2024,Term2_Jan_Apr,57.1,0,54.7,9,35.6,4,HIGH
STU-08998,1,elite_private,2025,Term3_Apr_Jul,0,1,99.2,1,96.1,0,LOW
STU-08999,2,low_cost_private,2025,Term2_Jan_Apr,15.7,0,52.6,4,27.0,4,HIGH
STU-09000,1,elite_private,2024,Term3_Apr_Jul,0,1,99.2,1,85.5,0,LOW
STU-09001,3,public_state,2024,Term3_Apr_Jul,22.3,0,45.4,0,41.6,2,MEDIUM
STU-09002,1,elite_private,2024,Term3_Apr_Jul,2.4,0,77.6,3,73.1,0,LOW
STU-09003,1,elite_private,2023,Term2_Jan_Apr,0,1,99.2,1,93.1,0,LOW
STU-09004,1,elite_private,2025,Term2_Jan_Apr,0,1,100,0,96.2,0,LOW
STU-09005,2,low_cost_private,2025,Term1_Sep_Dec,70.5,0,61.5,0,41.5,1,MEDIUM
STU-09006,1,elite_private,2025,Term1_Sep_Dec,0,1,100,0,86.4,0,LOW
STU-09007,3,public_state,2025,Term1_Sep_Dec,34.7,0,59.4,6,37.2,2,HIGH
STU-09008,3,public_state,2025,Term2_Jan_Apr,7.1,0,93.4,0,61.0,0,LOW
STU-09009,2,low_cost_private,2025,Term1_Sep_Dec,17.5,0,65.6,5,27.4,3,MEDIUM
STU-09010,2,low_cost_private,2023,Term3_Apr_Jul,67.5,0,53.5,1,44.8,1,MEDIUM
STU-09011,1,elite_private,2025,Term1_Sep_Dec,0,1,100,0,83.7,0,LOW
STU-09012,3,public_state,2025,Term3_Apr_Jul,23.7,0,48.8,0,33.9,3,MEDIUM
STU-09013,1,elite_private,2024,Term3_Apr_Jul,10.5,0,86.2,0,67.8,0,LOW
STU-09014,2,low_cost_private,2024,Term3_Apr_Jul,20.9,0,82.9,1,75.3,0,LOW
STU-09015,2,low_cost_private,2025,Term3_Apr_Jul,16.2,0,82.5,1,69.8,0,LOW
STU-09016,2,low_cost_private,2025,Term2_Jan_Apr,49.2,0,48.7,5,55.6,1,MEDIUM
STU-09017,3,public_state,2025,Term3_Apr_Jul,46.6,0,59.2,12,32.4,5,HIGH
STU-09018,2,low_cost_private,2025,Term2_Jan_Apr,33.9,0,65.1,1,44.0,2,MEDIUM
STU-09019,2,low_cost_private,2023,Term3_Apr_Jul,15.9,0,85.0,0,74.2,0,LOW
STU-09020,1,elite_private,2023,Term1_Sep_Dec,0,1,98.9,1,95.1,0,LOW
STU-09021,3,public_state,2023,Term3_Apr_Jul,22.9,0,50.6,1,49.7,1,MEDIUM
STU-09022,2,low_cost_private,2023,Term1_Sep_Dec,56.1,0,36.5,8,24.4,3,HIGH
STU-09023,1,elite_private,2023,Term1_Sep_Dec,0,1,100,0,90.8,0,LOW
STU-09024,2,low_cost_private,2024,Term3_Apr_Jul,14.3,0,83.2,0,78.2,0,LOW
STU-09025,3,public_state,2024,Term3_Apr_Jul,41.2,0,52.8,0,29.9,5,HIGH
STU-09026,2,low_cost_private,2023,Term1_Sep_Dec,20.0,0,79.9,0,66.8,0,LOW
STU-09027,1,elite_private,2024,Term2_Jan_Apr,4.2,0,50.3,1,85,1,LOW
STU-09028,1,elite_private,2023,Term2_Jan_Apr,0,1,98.2,1,91.0,0,LOW
STU-09029,2,low_cost_private,2023,Term1_Sep_Dec,37.6,0,40.6,15,24.5,5,HIGH
STU-09030,2,low_cost_private,2024,Term3_Apr_Jul,18.4,0,38.6,1,20.2,3,HIGH
STU-09031,3,public_state,2024,Term2_Jan_Apr,22.4,0,57.3,1,20,5,HIGH
STU-09032,1,elite_private,2025,Term2_Jan_Apr,6.3,0,60.5,3,61.6,0,MEDIUM
STU-09033,3,public_state,2024,Term1_Sep_Dec,16.1,0,72.4,7,36.0,2,MEDIUM
STU-09034,3,public_state,2024,Term2_Jan_Apr,23.9,0,74.9,0,30.8,5,MEDIUM
STU-09035,3,public_state,2025,Term2_Jan_Apr,26.2,0,55.8,0,50.2,1,MEDIUM
STU-09036,2,low_cost_private,2025,Term3_Apr_Jul,17.6,0,84.5,2,75.2,0,LOW
STU-09037,3,public_state,2023,Term1_Sep_Dec,16.0,0,45.0,2,30.7,3,HIGH
STU-09038,2,low_cost_private,2025,Term2_Jan_Apr,47.0,0,62.4,5,20,4,HIGH
STU-09039,3,public_state,2025,Term1_Sep_Dec,6.8,0,53.3,0,32.1,3,MEDIUM
STU-09040,2,low_cost_private,2023,Term3_Apr_Jul,25.5,0,59.4,0,35.8,5,MEDIUM
STU-09041,2,low_cost_private,2025,Term2_Jan_Apr,52.0,0,55.9,6,52.5,3,HIGH
STU-09042,3,public_state,2025,Term1_Sep_Dec,13.2,0,20.0,0,20,4,MEDIUM
STU-09043,3,public_state,2023,Term1_Sep_Dec,35.9,0,60.6,3,27.4,3,HIGH
STU-09044,1,elite_private,2025,Term3_Apr_Jul,7.2,0,67.2,1,66.7,0,LOW
STU-09045,2,low_cost_private,2025,Term1_Sep_Dec,74.9,0,58.0,11,40.9,2,HIGH
STU-09046,1,elite_private,2023,Term2_Jan_Apr,0,1,99.2,1,83.0,0,LOW
STU-09047,1,elite_private,2025,Term3_Apr_Jul,0,1,100,0,90.5,0,LOW
STU-09048,3,public_state,2025,Term1_Sep_Dec,16.4,0,62.8,3,44.0,5,HIGH
STU-09049,1,elite_private,2024,Term3_Apr_Jul,14,0,,,,,WITHDRAWN
STU-09050,2,low_cost_private,2025,Term2_Jan_Apr,28.7,0,51.0,4,65.9,0,MEDIUM
STU-09051,3,public_state,2024,Term2_Jan_Apr,18.3,0,46.5,0,34.0,2,MEDIUM
STU-09052,2,low_cost_private,2025,Term2_Jan_Apr,21.7,0,57.0,1,49.6,2,MEDIUM
STU-09053,3,public_state,2025,Term3_Apr_Jul,28.4,0,44.3,3,20,3,HIGH
STU-09054,2,low_cost_private,2023,Term3_Apr_Jul,77.3,0,54.8,9,41.4,1,HIGH
STU-09055,2,low_cost_private,2023,Term3_Apr_Jul,18.8,0,86.4,1,76.6,0,LOW
STU-09056,3,public_state,2023,Term2_Jan_Apr,18.7,0,50.1,3,31.0,3,HIGH
STU-09057,3,public_state,2024,Term1_Sep_Dec,40.1,0,55.7,9,49.0,3,HIGH
STU-09058,2,low_cost_private,2023,Term1_Sep_Dec,21.5,0,60.1,0,50.1,0,MEDIUM
STU-09059,3,public_state,2024,Term3_Apr_Jul,45.1,0,47.6,1,22.3,6,HIGH
STU-09060,2,low_cost_private,2024,Term1_Sep_Dec,79.8,0,61.0,13,56.3,0,MEDIUM
STU-09061,1,elite_private,2024,Term2_Jan_Apr,0,1,97.1,0,93.3,0,LOW
STU-09062,1,elite_private,2023,Term2_Jan_Apr,0,1,100,0,93.1,0,LOW
STU-09063,2,low_cost_private,2023,Term1_Sep_Dec,71.2,0,41.1,1,36.2,5,HIGH
STU-09064,3,public_state,2024,Term2_Jan_Apr,16.4,0,60.5,0,25,3,MEDIUM
STU-09065,2,low_cost_private,2024,Term3_Apr_Jul,23.4,0,46.2,8,57.3,1,MEDIUM
STU-09066,2,low_cost_private,2023,Term3_Apr_Jul,80.1,0,55.1,11,48.4,4,HIGH
STU-09067,2,low_cost_private,2023,Term1_Sep_Dec,54.8,0,38.2,14,46.1,3,HIGH
STU-09068,1,elite_private,2025,Term2_Jan_Apr,0,1,98.0,1,84.1,0,LOW
STU-09069,1,elite_private,2023,Term2_Jan_Apr,12.0,0,68.0,1,61.1,0,LOW
STU-09070,3,public_state,2025,Term1_Sep_Dec,23.9,0,45.7,9,34.6,3,HIGH
STU-09071,2,low_cost_private,2023,Term3_Apr_Jul,54.2,0,40.7,11,32.3,5,HIGH
STU-09072,2,low_cost_private,2023,Term1_Sep_Dec,57.6,0,43.7,15,38.7,4,HIGH
STU-09073,2,low_cost_private,2024,Term2_Jan_Apr,16.9,0,92.1,1,70.9,0,LOW
STU-09074,1,elite_private,2025,Term2_Jan_Apr,0.9,0,69.4,1,53.1,0,LOW
STU-09075,3,public_state,2025,Term3_Apr_Jul,23.1,0,71.7,1,37.3,3,MEDIUM
STU-09076,3,public_state,2025,Term2_Jan_Apr,3.0,0,46.2,0,35.6,3,MEDIUM
STU-09077,1,elite_private,2024,Term1_Sep_Dec,0,1,100,0,91.5,0,LOW
STU-09078,2,low_cost_private,2023,Term2_Jan_Apr,14.3,0,86.9,0,77.3,0,LOW
STU-09079,2,low_cost_private,2024,Term2_Jan_Apr,29.3,0,40.5,0,38.7,3,MEDIUM
STU-09080,2,low_cost_private,2023,Term1_Sep_Dec,80.5,0,54.3,4,51.8,2,HIGH
STU-09081,3,public_state,2024,Term2_Jan_Apr,23.3,0,62.0,3,52.4,1,MEDIUM
STU-09082,1,elite_private,2024,Term2_Jan_Apr,0,1,99.2,0,82.6,0,LOW
STU-09083,2,low_cost_private,2024,Term2_Jan_Apr,10.7,0,46.1,13,59.8,1,MEDIUM
STU-09084,1,elite_private,2023,Term3_Apr_Jul,11.5,0,67.0,2,57.8,2,LOW
STU-09085,1,elite_private,2025,Term2_Jan_Apr,0,1,99.2,1,97.0,0,LOW
STU-09086,1,elite_private,2024,Term1_Sep_Dec,0,1,100,0,96.7,0,LOW
STU-09087,3,public_state,2024,Term3_Apr_Jul,20.2,0,48.2,3,50.8,3,HIGH
STU-09088,3,public_state,2025,Term1_Sep_Dec,2.8,0,56.8,3,45.5,2,MEDIUM
STU-09089,3,public_state,2024,Term1_Sep_Dec,6.4,0,71.3,1,47.3,1,MEDIUM
STU-09090,1,elite_private,2023,Term3_Apr_Jul,0,1,98.8,0,89.3,0,LOW
STU-09091,2,low_cost_private,2024,Term1_Sep_Dec,64.6,0,44.3,7,38.4,5,HIGH
STU-09092,1,elite_private,2025,Term3_Apr_Jul,14,0,,,,,WITHDRAWN
STU-09093,3,public_state,2023,Term2_Jan_Apr,8.9,0,89.8,0,60,0,LOW
STU-09094,3,public_state,2023,Term1_Sep_Dec,6.8,0,91.0,0,63.7,0,LOW
STU-09095,1,elite_private,2024,Term2_Jan_Apr,0,1,98.2,0,83.7,0,LOW
STU-09096,3,public_state,2024,Term2_Jan_Apr,20.7,0,66.5,3,55.2,1,MEDIUM
STU-09097,1,elite_private,2023,Term2_Jan_Apr,6.9,0,61.5,5,69.6,1,MEDIUM
STU-09098,1,elite_private,2023,Term1_Sep_Dec,0,1,100,0,91.1,0,LOW
STU-09099,2,low_cost_private,2025,Term3_Apr_Jul,84.6,0,50.2,7,48.2,4,HIGH
STU-09100,2,low_cost_private,2025,Term3_Apr_Jul,23.3,0,34.7,13,43.0,2,HIGH
STU-09101,1,elite_private,2025,Term3_Apr_Jul,0,1,98.4,2,93.3,0,LOW
STU-09102,1,elite_private,2023,Term1_Sep_Dec,0,1,98.4,2,95.7,0,LOW
STU-09103,2,low_cost_private,2025,Term1_Sep_Dec,43.2,0,62.5,12,61.2,0,MEDIUM
STU-09104,3,public_state,2025,Term1_Sep_Dec,21.0,0,51.1,11,36.4,2,HIGH
STU-09105,1,elite_private,2023,Term1_Sep_Dec,0,1,100,0,100,0,LOW
STU-09106,2,low_cost_private,2023,Term1_Sep_Dec,14.7,0,62.3,1,70.4,0,LOW
STU-09107,1,elite_private,2025,Term2_Jan_Apr,1.5,0,73.7,1,54.1,3,MEDIUM
STU-09108,1,elite_private,2024,Term2_Jan_Apr,0,1,100,0,87.3,0,LOW
STU-09109,2,low_cost_private,2025,Term3_Apr_Jul,14.0,0,36.9,2,47.0,2,MEDIUM
STU-09110,2,low_cost_private,2024,Term3_Apr_Jul,23.0,0,60.9,2,51.7,1,MEDIUM
STU-09111,2,low_cost_private,2025,Term1_Sep_Dec,80.6,0,62.9,0,47.6,5,HIGH
STU-09112,1,elite_private,2025,Term2_Jan_Apr,0,1,100,0,96.1,0,LOW
STU-09113,2,low_cost_private,2024,Term3_Apr_Jul,9.4,0,49.8,7,37.3,5,HIGH
STU-09114,2,low_cost_private,2025,Term2_Jan_Apr,18.3,0,87.1,0,79.2,0,LOW
STU-09115,2,low_cost_private,2025,Term1_Sep_Dec,20.9,0,49.4,0,54.3,1,MEDIUM
STU-09116,3,public_state,2024,Term3_Apr_Jul,28.0,0,28.6,1,30.0,4,HIGH
STU-09117,1,elite_private,2024,Term1_Sep_Dec,9.6,0,56.9,2,56.4,1,MEDIUM
STU-09118,1,elite_private,2023,Term3_Apr_Jul,0,1,96.4,0,85.1,0,LOW
STU-09119,1,elite_private,2025,Term2_Jan_Apr,0,1,60.6,1,72.7,0,LOW
STU-09120,2,low_cost_private,2024,Term3_Apr_Jul,42.1,0,29.8,12,21.2,4,HIGH
STU-09121,3,public_state,2023,Term3_Apr_Jul,6.3,0,43.1,0,24.6,4,MEDIUM
STU-09122,1,elite_private,2024,Term2_Jan_Apr,8.2,0,78.6,1,52.3,1,LOW
STU-09123,3,public_state,2025,Term1_Sep_Dec,13.7,0,57.3,2,42.6,3,MEDIUM
STU-09124,3,public_state,2025,Term2_Jan_Apr,56.1,0,46.7,1,38.7,3,HIGH
STU-09125,2,low_cost_private,2023,Term2_Jan_Apr,20.2,0,87.2,0,73.0,0,LOW
STU-09126,2,low_cost_private,2023,Term2_Jan_Apr,20.6,0,53.3,16,28.7,2,HIGH
STU-09127,3,public_state,2023,Term2_Jan_Apr,60,0,64.1,1,34.4,6,HIGH
STU-09128,3,public_state,2025,Term2_Jan_Apr,19.3,0,42.6,1,26.9,4,HIGH
STU-09129,2,low_cost_private,2025,Term3_Apr_Jul,12.0,0,36.6,0,53.7,1,MEDIUM
STU-09130,3,public_state,2025,Term3_Apr_Jul,24.9,0,35.5,11,20,4,HIGH
STU-09131,2,low_cost_private,2024,Term2_Jan_Apr,46.3,0,33.5,13,22.1,2,HIGH
STU-09132,2,low_cost_private,2024,Term1_Sep_Dec,92.6,0,50.3,14,67.9,1,MEDIUM
STU-09133,1,elite_private,2024,Term2_Jan_Apr,0,1,99.2,0,92.8,0,LOW
STU-09134,2,low_cost_private,2023,Term1_Sep_Dec,64.7,0,52.4,15,35.2,3,HIGH
STU-09135,2,low_cost_private,2023,Term1_Sep_Dec,16.0,0,88.5,0,90.2,0,LOW
STU-09136,3,public_state,2025,Term2_Jan_Apr,20.3,0,25.7,7,20,3,HIGH
STU-09137,2,low_cost_private,2023,Term3_Apr_Jul,82.6,0,54.1,13,37.5,4,HIGH
STU-09138,2,low_cost_private,2024,Term3_Apr_Jul,18.5,0,85.4,0,75.4,0,LOW
STU-09139,2,low_cost_private,2024,Term1_Sep_Dec,30.9,0,45.7,1,46.5,4,HIGH
STU-09140,2,low_cost_private,2023,Term1_Sep_Dec,78.5,0,45.5,10,27.2,4,HIGH
STU-09141,3,public_state,2023,Term3_Apr_Jul,19.7,0,38.4,11,20,4,HIGH
STU-09142,1,elite_private,2024,Term1_Sep_Dec,14,0,,,,,WITHDRAWN
STU-09143,2,low_cost_private,2023,Term3_Apr_Jul,18.4,0,83.1,0,70.2,0,LOW
STU-09144,1,elite_private,2023,Term1_Sep_Dec,0,1,98.4,2,100,0,LOW
STU-09145,3,public_state,2025,Term3_Apr_Jul,17.7,0,36.8,13,48.1,1,HIGH
STU-09146,2,low_cost_private,2025,Term2_Jan_Apr,30.9,0,73.1,0,37.2,2,MEDIUM
STU-09147,1,elite_private,2025,Term1_Sep_Dec,0,1,99.1,0,92.4,0,LOW
STU-09148,2,low_cost_private,2023,Term1_Sep_Dec,68.8,0,45.8,9,47.5,1,HIGH
STU-09149,1,elite_private,2023,Term2_Jan_Apr,4.6,0,51.9,2,62.7,0,LOW
STU-09150,1,elite_private,2023,Term1_Sep_Dec,0,1,100,0,97.3,0,LOW
STU-09151,1,elite_private,2024,Term2_Jan_Apr,0,1,100,0,94.1,0,LOW
STU-09152,1,elite_private,2024,Term2_Jan_Apr,1.7,0,98.1,0,87.6,0,LOW
STU-09153,2,low_cost_private,2024,Term3_Apr_Jul,51.5,0,51.6,0,42.4,4,MEDIUM
STU-09154,2,low_cost_private,2024,Term2_Jan_Apr,35.8,0,57.7,7,45.5,3,HIGH
STU-09155,3,public_state,2024,Term2_Jan_Apr,3.0,0,55.5,0,50.8,2,MEDIUM
STU-09156,1,elite_private,2024,Term1_Sep_Dec,0,1,66.8,2,66.7,0,LOW
STU-09157,1,elite_private,2024,Term3_Apr_Jul,0,1,98.4,2,92.9,0,LOW
STU-09158,2,low_cost_private,2025,Term1_Sep_Dec,11.0,0,87.0,2,69.7,0,LOW
STU-09159,2,low_cost_private,2024,Term2_Jan_Apr,56.1,0,36.2,6,20,5,HIGH
STU-09160,3,public_state,2024,Term3_Apr_Jul,14.1,0,36.5,0,25,2,MEDIUM
STU-09161,2,low_cost_private,2024,Term1_Sep_Dec,14.1,0,90.2,0,78.4,0,LOW
STU-09162,1,elite_private,2023,Term3_Apr_Jul,0,1,100,0,86.9,0,LOW
STU-09163,1,elite_private,2023,Term2_Jan_Apr,0,1,100,0,93.4,0,LOW
STU-09164,2,low_cost_private,2024,Term3_Apr_Jul,63.5,0,34.5,8,55.9,0,HIGH
STU-09165,3,public_state,2025,Term1_Sep_Dec,18.2,0,37.0,9,20,4,HIGH
STU-09166,1,elite_private,2024,Term3_Apr_Jul,14,0,,,,,WITHDRAWN
STU-09167,1,elite_private,2024,Term1_Sep_Dec,0,1,96.8,4,100,0,LOW
STU-09168,1,elite_private,2023,Term2_Jan_Apr,0,1,73.2,2,67.9,0,LOW
STU-09169,2,low_cost_private,2023,Term3_Apr_Jul,17.8,0,83.2,1,68.8,0,LOW
STU-09170,2,low_cost_private,2023,Term3_Apr_Jul,15.1,0,83.2,1,73.4,0,LOW
STU-09171,3,public_state,2025,Term3_Apr_Jul,9.8,0,56.8,6,50.2,3,MEDIUM
STU-09172,2,low_cost_private,2023,Term3_Apr_Jul,29.6,0,31.8,13,20,4,HIGH
STU-09173,2,low_cost_private,2025,Term3_Apr_Jul,37.6,0,33.5,11,43.2,4,HIGH
STU-09174,3,public_state,2023,Term3_Apr_Jul,15.7,0,53.9,3,27.8,5,HIGH
STU-09175,2,low_cost_private,2024,Term3_Apr_Jul,80.7,0,41.9,10,38.2,4,HIGH
STU-09176,2,low_cost_private,2024,Term1_Sep_Dec,12.7,0,60.1,3,60.1,0,MEDIUM
STU-09177,3,public_state,2024,Term1_Sep_Dec,18.4,0,69.8,1,51.5,1,MEDIUM
STU-09178,1,elite_private,2023,Term1_Sep_Dec,0,1,98.4,2,91.9,0,LOW
STU-09179,2,low_cost_private,2023,Term2_Jan_Apr,51.7,0,58.8,12,49.8,2,HIGH
STU-09180,2,low_cost_private,2023,Term2_Jan_Apr,39.2,0,58.5,1,31.9,3,HIGH
STU-09181,1,elite_private,2025,Term1_Sep_Dec,0.2,0,99.2,1,90.2,0,LOW
STU-09182,2,low_cost_private,2025,Term3_Apr_Jul,26.4,0,44.2,0,47.0,2,MEDIUM
STU-09183,3,public_state,2025,Term3_Apr_Jul,18.5,0,47.2,7,20,3,HIGH
STU-09184,2,low_cost_private,2025,Term2_Jan_Apr,69.3,0,64.6,15,25.5,4,HIGH
STU-09185,1,elite_private,2025,Term3_Apr_Jul,10.4,0,71.8,5,34.1,2,MEDIUM
STU-09186,3,public_state,2025,Term3_Apr_Jul,42.5,0,18.6,8,25.5,5,HIGH
STU-09187,3,public_state,2023,Term3_Apr_Jul,18.7,0,57.9,6,38.4,3,HIGH
STU-09188,2,low_cost_private,2024,Term2_Jan_Apr,60.5,0,60.4,1,52.9,2,MEDIUM
STU-09189,2,low_cost_private,2024,Term2_Jan_Apr,41.9,0,43.7,10,20,3,HIGH
STU-09190,2,low_cost_private,2025,Term2_Jan_Apr,88.0,0,50.7,4,43.2,3,HIGH
STU-09191,2,low_cost_private,2025,Term3_Apr_Jul,53.9,0,26.9,9,27.3,3,HIGH
STU-09192,3,public_state,2024,Term1_Sep_Dec,37.7,0,65.7,6,51.0,3,MEDIUM
STU-09193,3,public_state,2023,Term2_Jan_Apr,50.3,0,51.9,9,50.4,3,HIGH
STU-09194,2,low_cost_private,2025,Term2_Jan_Apr,36.5,0,80.8,0,72.0,0,LOW
STU-09195,3,public_state,2024,Term1_Sep_Dec,14.0,0,74.8,2,51.5,0,LOW
STU-09196,1,elite_private,2025,Term3_Apr_Jul,0,1,100,0,99.3,0,LOW
STU-09197,3,public_state,2023,Term3_Apr_Jul,26.2,0,47.9,5,23.7,4,HIGH
STU-09198,2,low_cost_private,2024,Term3_Apr_Jul,58.8,0,38.1,1,59.4,0,MEDIUM
STU-09199,2,low_cost_private,2025,Term2_Jan_Apr,47.1,0,59.5,4,22.0,4,HIGH
STU-09200,1,elite_private,2023,Term2_Jan_Apr,0,1,99.2,1,88.7,0,LOW
STU-09201,3,public_state,2024,Term2_Jan_Apr,2.5,0,74.0,0,58.2,0,LOW
STU-09202,1,elite_private,2024,Term2_Jan_Apr,0,1,100,0,83.5,0,LOW
STU-09203,2,low_cost_private,2025,Term2_Jan_Apr,47.1,0,43.0,11,38.7,4,HIGH
STU-09204,3,public_state,2025,Term2_Jan_Apr,32.8,0,62.5,3,36.4,2,HIGH
STU-09205,3,public_state,2024,Term1_Sep_Dec,26.1,0,57.0,8,29.7,4,HIGH
STU-09206,3,public_state,2024,Term3_Apr_Jul,14.6,0,53.9,2,46.0,0,MEDIUM
STU-09207,3,public_state,2025,Term1_Sep_Dec,5.3,0,93.4,2,73.7,0,LOW
STU-09208,3,public_state,2024,Term1_Sep_Dec,10.5,0,65.8,3,79.2,0,LOW
STU-09209,1,elite_private,2024,Term1_Sep_Dec,6.1,0,56.6,3,63.2,1,MEDIUM
STU-09210,3,public_state,2025,Term3_Apr_Jul,6.2,0,83.5,1,78.8,0,LOW
STU-09211,2,low_cost_private,2025,Term2_Jan_Apr,16.8,0,64.4,2,37.2,2,MEDIUM
STU-09212,2,low_cost_private,2023,Term2_Jan_Apr,65.0,0,53.0,3,38.6,3,HIGH
STU-09213,3,public_state,2025,Term3_Apr_Jul,9.6,0,32.9,12,44.0,5,HIGH
STU-09214,2,low_cost_private,2025,Term3_Apr_Jul,70.8,0,62.4,4,34.7,3,HIGH
STU-09215,2,low_cost_private,2025,Term2_Jan_Apr,41.8,0,49.1,9,46.5,2,HIGH
STU-09216,1,elite_private,2023,Term2_Jan_Apr,0,1,86.8,4,58.2,4,MEDIUM
STU-09217,2,low_cost_private,2024,Term3_Apr_Jul,50.7,0,33.0,13,42.8,3,HIGH
STU-09218,3,public_state,2024,Term1_Sep_Dec,23.6,0,51.4,3,50.4,4,MEDIUM
STU-09219,1,elite_private,2025,Term1_Sep_Dec,0,1,95.2,6,83.9,0,LOW
STU-09220,1,elite_private,2023,Term1_Sep_Dec,0,1,100,0,86.5,0,LOW
STU-09221,2,low_cost_private,2025,Term1_Sep_Dec,49.6,0,67.7,8,41.6,1,MEDIUM
STU-09222,1,elite_private,2024,Term2_Jan_Apr,0,1,100,0,96.9,0,LOW
STU-09223,1,elite_private,2023,Term1_Sep_Dec,14,0,,,,,WITHDRAWN
STU-09224,1,elite_private,2023,Term1_Sep_Dec,0,1,83.9,1,52.5,4,MEDIUM
STU-09225,1,elite_private,2024,Term1_Sep_Dec,0,1,99.1,0,84.8,0,LOW
STU-09226,2,low_cost_private,2024,Term3_Apr_Jul,16.0,0,84.2,0,77.6,0,LOW
STU-09227,2,low_cost_private,2025,Term3_Apr_Jul,27.2,0,50.9,0,25,3,MEDIUM
STU-09228,2,low_cost_private,2023,Term2_Jan_Apr,47.0,0,57.6,5,47.2,3,HIGH
STU-09229,2,low_cost_private,2023,Term1_Sep_Dec,53.1,0,33.0,15,60.0,1,HIGH
STU-09230,2,low_cost_private,2023,Term1_Sep_Dec,46.2,0,37.2,5,41.1,3,HIGH
STU-09231,2,low_cost_private,2025,Term2_Jan_Apr,38.9,0,42.3,11,20,2,HIGH
STU-09232,3,public_state,2023,Term3_Apr_Jul,6.5,0,56.5,0,47.4,0,LOW
STU-09233,2,low_cost_private,2024,Term3_Apr_Jul,32.2,0,49.4,7,60.5,0,MEDIUM
STU-09234,1,elite_private,2024,Term2_Jan_Apr,0,1,100,0,90.4,0,LOW
STU-09235,1,elite_private,2025,Term3_Apr_Jul,14,0,,,,,WITHDRAWN
STU-09236,2,low_cost_private,2024,Term1_Sep_Dec,57.8,0,29.3,9,34.2,5,HIGH
STU-09237,2,low_cost_private,2025,Term2_Jan_Apr,67.3,0,40.7,7,53.7,2,HIGH
STU-09238,1,elite_private,2025,Term2_Jan_Apr,0,1,99.2,1,83.2,0,LOW
STU-09239,2,low_cost_private,2023,Term1_Sep_Dec,78.6,0,46.0,10,35.7,5,HIGH
STU-09240,1,elite_private,2024,Term2_Jan_Apr,0,1,98.4,2,90.8,0,LOW
STU-09241,1,elite_private,2024,Term2_Jan_Apr,4.6,0,78.1,3,52.4,0,LOW
STU-09242,3,public_state,2024,Term2_Jan_Apr,22.4,0,61.4,0,47.6,3,MEDIUM
STU-09243,3,public_state,2025,Term3_Apr_Jul,23.5,0,40.7,0,36.7,5,HIGH
STU-09244,1,elite_private,2025,Term2_Jan_Apr,0,1,100,0,92.5,0,LOW
STU-09245,2,low_cost_private,2024,Term3_Apr_Jul,28.6,0,15,11,20,4,HIGH
STU-09246,3,public_state,2025,Term2_Jan_Apr,24.1,0,58.4,1,42.2,2,MEDIUM
STU-09247,3,public_state,2023,Term2_Jan_Apr,5.7,0,92.5,1,77.4,0,LOW
STU-09248,2,low_cost_private,2023,Term1_Sep_Dec,23.6,0,43.0,0,26.3,3,MEDIUM
STU-09249,1,elite_private,2023,Term1_Sep_Dec,0,1,98.2,2,97.9,0,LOW
STU-09250,2,low_cost_private,2023,Term3_Apr_Jul,70.6,0,51.2,1,40.8,3,HIGH
STU-09251,3,public_state,2025,Term1_Sep_Dec,7.0,0,59.7,5,33.0,2,MEDIUM
STU-09252,2,low_cost_private,2023,Term1_Sep_Dec,19.0,0,81.8,2,73.4,0,LOW
STU-09253,3,public_state,2024,Term3_Apr_Jul,12.5,0,30.4,6,24.7,3,HIGH
STU-09254,2,low_cost_private,2025,Term2_Jan_Apr,23.0,0,42.2,11,20,2,HIGH
STU-09255,3,public_state,2023,Term3_Apr_Jul,9.5,0,39.1,4,27.4,4,HIGH
STU-09256,1,elite_private,2023,Term1_Sep_Dec,0,1,72.1,0,36.8,3,MEDIUM
STU-09257,1,elite_private,2023,Term3_Apr_Jul,0,1,99.5,0,96.0,0,LOW
STU-09258,3,public_state,2024,Term2_Jan_Apr,42.5,0,52.3,4,59.4,2,MEDIUM
STU-09259,1,elite_private,2024,Term1_Sep_Dec,0.4,0,100,0,85.7,0,LOW
STU-09260,2,low_cost_private,2024,Term2_Jan_Apr,9.8,0,38.5,10,22.3,3,HIGH
STU-09261,2,low_cost_private,2024,Term3_Apr_Jul,20.7,0,62.0,0,63.7,0,LOW
STU-09262,2,low_cost_private,2023,Term1_Sep_Dec,71.0,0,50.8,4,38.1,5,HIGH
STU-09263,1,elite_private,2024,Term1_Sep_Dec,0,1,99.2,1,88.1,0,LOW
STU-09264,2,low_cost_private,2023,Term2_Jan_Apr,52.1,0,47.4,1,37.3,4,HIGH
STU-09265,2,low_cost_private,2023,Term2_Jan_Apr,29.9,0,24.5,0,27.7,2,MEDIUM
STU-09266,2,low_cost_private,2025,Term1_Sep_Dec,28.4,0,31.7,4,39.7,4,HIGH
STU-09267,1,elite_private,2023,Term3_Apr_Jul,0,1,98.4,0,94.8,0,LOW
STU-09268,1,elite_private,2023,Term3_Apr_Jul,0,1,67.7,0,63.9,1,LOW
STU-09269,1,elite_private,2024,Term2_Jan_Apr,0,1,98.4,2,95.8,0,LOW
STU-09270,1,elite_private,2024,Term1_Sep_Dec,0,1,100,0,100,0,LOW
STU-09271,1,elite_private,2025,Term2_Jan_Apr,0,1,100,0,81.7,0,LOW
STU-09272,3,public_state,2024,Term2_Jan_Apr,12.5,0,60.7,1,46.4,2,MEDIUM
STU-09273,3,public_state,2023,Term3_Apr_Jul,14.0,0,40.6,3,20,2,MEDIUM
STU-09274,3,public_state,2024,Term1_Sep_Dec,22.5,0,66.4,0,25,2,MEDIUM
STU-09275,3,public_state,2025,Term3_Apr_Jul,24.4,0,26.9,5,20,3,HIGH
STU-09276,2,low_cost_private,2025,Term2_Jan_Apr,83.4,0,43.2,4,37.4,5,HIGH
STU-09277,1,elite_private,2024,Term1_Sep_Dec,14,0,,,,,WITHDRAWN
STU-09278,1,elite_private,2024,Term1_Sep_Dec,0,1,81.1,1,69.0,1,LOW
STU-09279,1,elite_private,2025,Term3_Apr_Jul,9.0,0,72.5,1,61.9,0,LOW
STU-09280,3,public_state,2024,Term2_Jan_Apr,23.8,0,57.6,9,55.0,1,MEDIUM
STU-09281,2,low_cost_private,2025,Term1_Sep_Dec,17.9,0,92.2,1,82.3,0,LOW
STU-09282,3,public_state,2024,Term1_Sep_Dec,41.6,0,54.7,9,20,5,HIGH
STU-09283,2,low_cost_private,2025,Term2_Jan_Apr,24.1,0,56.6,7,45.2,2,MEDIUM
STU-09284,2,low_cost_private,2025,Term1_Sep_Dec,18.2,0,93.9,1,77.6,0,LOW
STU-09285,1,elite_private,2024,Term1_Sep_Dec,0,1,99.2,1,92.7,0,LOW
STU-09286,3,public_state,2025,Term3_Apr_Jul,25.6,0,52.7,4,36.1,3,HIGH
STU-09287,2,low_cost_private,2023,Term1_Sep_Dec,43.5,0,41.6,11,33.9,3,HIGH
STU-09288,2,low_cost_private,2023,Term1_Sep_Dec,12.5,0,40.8,9,26.9,3,HIGH
STU-09289,2,low_cost_private,2023,Term3_Apr_Jul,40.1,0,43.3,1,34.3,5,HIGH
STU-09290,2,low_cost_private,2025,Term2_Jan_Apr,83.9,0,44.1,7,34.9,4,HIGH
STU-09291,1,elite_private,2025,Term2_Jan_Apr,0,1,100,0,96.1,0,LOW
STU-09292,3,public_state,2025,Term2_Jan_Apr,16.3,0,67.6,0,26.7,3,MEDIUM
STU-09293,2,low_cost_private,2023,Term1_Sep_Dec,42.3,0,58.5,1,43.2,3,MEDIUM
STU-09294,2,low_cost_private,2023,Term1_Sep_Dec,16.9,0,71.3,0,44.0,2,MEDIUM
STU-09295,2,low_cost_private,2024,Term3_Apr_Jul,32.9,0,27.2,4,37.1,2,HIGH
STU-09296,2,low_cost_private,2023,Term3_Apr_Jul,25.9,0,69.1,0,49.5,4,MEDIUM
STU-09297,2,low_cost_private,2025,Term1_Sep_Dec,33.5,0,19.4,4,21.5,4,HIGH
STU-09298,2,low_cost_private,2024,Term2_Jan_Apr,50.8,0,56.6,8,31.3,4,HIGH
STU-09299,3,public_state,2025,Term2_Jan_Apr,17.9,0,49.5,3,22.7,3,HIGH
STU-09300,1,elite_private,2025,Term1_Sep_Dec,14,0,,,,,WITHDRAWN
STU-09301,2,low_cost_private,2025,Term3_Apr_Jul,83.0,0,44.9,4,23.9,5,HIGH
STU-09302,1,elite_private,2023,Term2_Jan_Apr,0,1,99.2,1,95.3,0,LOW
STU-09303,1,elite_private,2024,Term2_Jan_Apr,12.4,0,87.5,3,85,0,LOW
STU-09304,1,elite_private,2025,Term3_Apr_Jul,0,1,99.2,1,83.1,0,LOW
STU-09305,3,public_state,2024,Term2_Jan_Apr,4.9,0,64.7,7,51.9,3,MEDIUM
STU-09306,2,low_cost_private,2025,Term1_Sep_Dec,43.6,0,42.7,7,47.2,2,HIGH
STU-09307,2,low_cost_private,2023,Term2_Jan_Apr,40.8,0,31.3,9,27.5,4,HIGH
STU-09308,3,public_state,2025,Term3_Apr_Jul,15.9,0,41.7,13,62.9,0,MEDIUM
STU-09309,2,low_cost_private,2023,Term1_Sep_Dec,30.5,0,40.5,12,29.0,5,HIGH
STU-09310,1,elite_private,2023,Term2_Jan_Apr,5.4,0,76.8,4,63.1,1,LOW
STU-09311,3,public_state,2024,Term3_Apr_Jul,25.6,0,52.2,0,50.2,0,MEDIUM
STU-09312,3,public_state,2023,Term1_Sep_Dec,49.2,0,56.1,9,49.1,3,HIGH
STU-09313,1,elite_private,2024,Term3_Apr_Jul,2.8,0,100,0,87.2,0,LOW
STU-09314,2,low_cost_private,2023,Term3_Apr_Jul,85.5,0,58.7,13,20,3,HIGH
STU-09315,3,public_state,2023,Term2_Jan_Apr,53.5,0,59.7,5,20,6,HIGH
STU-09316,2,low_cost_private,2025,Term1_Sep_Dec,35.1,0,65.0,4,39.4,5,HIGH
STU-09317,3,public_state,2023,Term3_Apr_Jul,15.5,0,31.7,12,47.0,1,HIGH
STU-09318,1,elite_private,2025,Term2_Jan_Apr,8.5,0,67.9,1,47.3,2,MEDIUM
STU-09319,1,elite_private,2023,Term3_Apr_Jul,0,1,100,0,87.7,0,LOW
STU-09320,2,low_cost_private,2023,Term1_Sep_Dec,16.8,0,90.7,0,77.7,0,LOW
STU-09321,2,low_cost_private,2023,Term2_Jan_Apr,45.0,0,67.3,9,20,2,HIGH
STU-09322,2,low_cost_private,2023,Term3_Apr_Jul,64.9,0,42.6,7,34.1,6,HIGH
STU-09323,2,low_cost_private,2023,Term3_Apr_Jul,79.0,0,40.3,8,31.2,4,HIGH
STU-09324,3,public_state,2023,Term2_Jan_Apr,59.5,0,72.1,0,35.1,6,MEDIUM
STU-09325,2,low_cost_private,2023,Term3_Apr_Jul,19.7,0,85.1,0,71.1,0,LOW
STU-09326,2,low_cost_private,2024,Term2_Jan_Apr,25.5,0,77.3,0,53.4,0,LOW
STU-09327,3,public_state,2025,Term1_Sep_Dec,36.8,0,35.1,8,28.3,5,HIGH
STU-09328,1,elite_private,2025,Term1_Sep_Dec,0,1,100,0,92.1,0,LOW
STU-09329,3,public_state,2023,Term2_Jan_Apr,17.9,0,49.6,0,55.8,2,MEDIUM
STU-09330,3,public_state,2025,Term1_Sep_Dec,57.4,0,68.1,0,20,4,MEDIUM
STU-09331,2,low_cost_private,2024,Term1_Sep_Dec,36.2,0,38.0,11,48.3,0,HIGH
STU-09332,3,public_state,2023,Term2_Jan_Apr,31.5,0,44.4,7,26.3,3,HIGH
STU-09333,3,public_state,2023,Term3_Apr_Jul,18.3,0,35.0,9,25,2,HIGH
STU-09334,2,low_cost_private,2023,Term1_Sep_Dec,17.5,0,87.4,0,90.0,0,LOW
STU-09335,1,elite_private,2023,Term2_Jan_Apr,0.5,0,100,0,87.0,0,LOW
STU-09336,1,elite_private,2023,Term2_Jan_Apr,0,1,100,0,87.2,0,LOW
STU-09337,1,elite_private,2023,Term1_Sep_Dec,9.9,0,69.0,1,66.0,1,LOW
STU-09338,3,public_state,2024,Term1_Sep_Dec,18.8,0,57.4,0,25,2,MEDIUM
STU-09339,2,low_cost_private,2023,Term1_Sep_Dec,71.4,0,52.4,3,32.4,5,HIGH
STU-09340,1,elite_private,2023,Term1_Sep_Dec,0,1,99.2,1,93.1,0,LOW
STU-09341,3,public_state,2024,Term3_Apr_Jul,60,0,48.7,0,35.1,5,HIGH
STU-09342,2,low_cost_private,2024,Term3_Apr_Jul,19.5,0,80.8,0,86.6,0,LOW
STU-09343,3,public_state,2025,Term1_Sep_Dec,11.4,0,68.5,11,45.2,2,MEDIUM
STU-09344,2,low_cost_private,2025,Term1_Sep_Dec,35.8,0,47.5,11,28.2,4,HIGH
STU-09345,2,low_cost_private,2023,Term2_Jan_Apr,89.9,0,48.9,13,41.1,2,HIGH
STU-09346,2,low_cost_private,2024,Term1_Sep_Dec,8.8,0,52.0,6,38.2,5,HIGH
STU-09347,2,low_cost_private,2025,Term3_Apr_Jul,89.4,0,38.4,6,35.0,5,HIGH
STU-09348,2,low_cost_private,2024,Term1_Sep_Dec,60.7,0,67.9,10,33.2,5,HIGH
STU-09349,1,elite_private,2024,Term2_Jan_Apr,14,0,,,,,WITHDRAWN
STU-09350,2,low_cost_private,2023,Term2_Jan_Apr,46.9,0,35.8,8,51.4,1,HIGH
STU-09351,1,elite_private,2023,Term2_Jan_Apr,14,0,,,,,WITHDRAWN
STU-09352,1,elite_private,2025,Term2_Jan_Apr,6.1,0,62.6,1,62.7,0,LOW
STU-09353,3,public_state,2025,Term2_Jan_Apr,16.6,0,63.2,0,25,3,MEDIUM
STU-09354,2,low_cost_private,2023,Term3_Apr_Jul,19.5,0,41.3,11,43.1,2,HIGH
STU-09355,2,low_cost_private,2024,Term3_Apr_Jul,45.9,0,24.1,8,26.6,2,HIGH
STU-09356,1,elite_private,2023,Term2_Jan_Apr,0,1,100,0,93.7,0,LOW
STU-09357,3,public_state,2023,Term2_Jan_Apr,21.8,0,57.7,5,43.7,4,MEDIUM
STU-09358,1,elite_private,2025,Term1_Sep_Dec,0,1,100,0,98.1,0,LOW
STU-09359,2,low_cost_private,2025,Term3_Apr_Jul,87.7,0,49.0,12,46.0,3,HIGH
STU-09360,2,low_cost_private,2023,Term2_Jan_Apr,48.4,0,59.8,9,42.1,1,HIGH
STU-09361,2,low_cost_private,2023,Term2_Jan_Apr,25.1,0,52.7,16,26.8,3,HIGH
STU-09362,2,low_cost_private,2025,Term2_Jan_Apr,34.1,0,42.1,9,34.8,3,HIGH
STU-09363,3,public_state,2023,Term3_Apr_Jul,19.3,0,38.0,9,21.2,3,HIGH
STU-09364,1,elite_private,2023,Term1_Sep_Dec,0,1,100,0,86.4,0,LOW
STU-09365,3,public_state,2023,Term3_Apr_Jul,42.6,0,45.4,7,48.7,3,HIGH
STU-09366,3,public_state,2025,Term2_Jan_Apr,23.0,0,34.0,9,23.7,4,HIGH
STU-09367,1,elite_private,2023,Term2_Jan_Apr,0,1,98.0,1,92.7,0,LOW
STU-09368,3,public_state,2025,Term1_Sep_Dec,26.0,0,68.9,0,55.2,0,LOW
STU-09369,3,public_state,2025,Term2_Jan_Apr,9.3,0,73.2,3,47.7,2,MEDIUM
STU-09370,1,elite_private,2023,Term3_Apr_Jul,0,1,100,0,94.5,0,LOW
STU-09371,2,low_cost_private,2025,Term1_Sep_Dec,63.6,0,63.6,4,31.1,5,HIGH
STU-09372,2,low_cost_private,2024,Term3_Apr_Jul,37.9,0,47.4,8,47.7,1,HIGH
STU-09373,3,public_state,2024,Term2_Jan_Apr,24.5,0,69.8,6,47.6,2,MEDIUM
STU-09374,2,low_cost_private,2025,Term3_Apr_Jul,73.2,0,57.9,13,35.0,7,HIGH
STU-09375,1,elite_private,2023,Term3_Apr_Jul,0,1,99.2,1,83.4,0,LOW
STU-09376,3,public_state,2024,Term3_Apr_Jul,38.6,0,43.3,3,47.3,1,HIGH
STU-09377,2,low_cost_private,2023,Term2_Jan_Apr,48.2,0,42.1,4,42.0,3,HIGH
STU-09378,1,elite_private,2024,Term3_Apr_Jul,0,1,100,0,97.2,0,LOW
STU-09379,2,low_cost_private,2023,Term3_Apr_Jul,39.4,0,19.7,13,41.4,4,HIGH
STU-09380,2,low_cost_private,2023,Term3_Apr_Jul,58.2,0,34.2,11,38.4,5,HIGH
STU-09381,2,low_cost_private,2023,Term1_Sep_Dec,51.8,0,42.0,11,41.8,3,HIGH
STU-09382,2,low_cost_private,2024,Term3_Apr_Jul,85.4,0,42.1,11,25.6,5,HIGH
STU-09383,1,elite_private,2023,Term2_Jan_Apr,11.1,0,74.7,5,63.7,0,LOW
STU-09384,3,public_state,2025,Term2_Jan_Apr,14.2,0,58.7,3,25.3,6,HIGH
STU-09385,3,public_state,2023,Term3_Apr_Jul,12.3,0,54.9,0,52.2,2,MEDIUM
STU-09386,3,public_state,2025,Term3_Apr_Jul,60,0,30.9,13,32.5,3,HIGH
STU-09387,2,low_cost_private,2023,Term1_Sep_Dec,31.3,0,38.0,5,20,3,HIGH
STU-09388,1,elite_private,2023,Term1_Sep_Dec,0,1,100,0,89.5,0,LOW
STU-09389,1,elite_private,2024,Term3_Apr_Jul,14,0,,,,,WITHDRAWN
STU-09390,2,low_cost_private,2023,Term3_Apr_Jul,21.2,0,86.8,1,81.2,0,LOW
STU-09391,2,low_cost_private,2023,Term1_Sep_Dec,34.1,0,34.9,7,20,4,HIGH
STU-09392,2,low_cost_private,2024,Term1_Sep_Dec,74.5,0,62.4,1,38.7,4,HIGH
STU-09393,1,elite_private,2023,Term2_Jan_Apr,0,1,99.4,0,86.9,0,LOW
STU-09394,2,low_cost_private,2023,Term3_Apr_Jul,15.4,0,81.1,0,77.3,0,LOW
STU-09395,1,elite_private,2025,Term3_Apr_Jul,11.1,0,70.6,2,85,0,LOW
STU-09396,2,low_cost_private,2024,Term2_Jan_Apr,24.8,0,50.1,15,50.5,4,HIGH
STU-09397,1,elite_private,2024,Term2_Jan_Apr,14,0,,,,,WITHDRAWN
STU-09398,3,public_state,2025,Term1_Sep_Dec,17.9,0,47.3,12,41.3,4,HIGH
STU-09399,2,low_cost_private,2023,Term3_Apr_Jul,48.8,0,44.6,13,34.9,5,HIGH
STU-09400,3,public_state,2023,Term1_Sep_Dec,44.3,0,40.5,11,26.0,4,HIGH
STU-09401,1,elite_private,2024,Term3_Apr_Jul,0,1,100,0,95.5,0,LOW
STU-09402,2,low_cost_private,2025,Term1_Sep_Dec,64.3,0,34.9,15,24.4,5,HIGH
STU-09403,2,low_cost_private,2023,Term3_Apr_Jul,35.5,0,52.8,12,39.9,5,HIGH
STU-09404,2,low_cost_private,2023,Term2_Jan_Apr,15.6,0,87.8,0,72.9,0,LOW
STU-09405,2,low_cost_private,2025,Term3_Apr_Jul,18.0,0,53.1,1,52.6,0,MEDIUM
STU-09406,1,elite_private,2024,Term1_Sep_Dec,1.8,0,70.6,1,61.6,0,LOW
STU-09407,3,public_state,2023,Term1_Sep_Dec,4.6,0,80.5,0,56.2,0,LOW
STU-09408,3,public_state,2024,Term1_Sep_Dec,16.9,0,55.7,0,44.6,4,MEDIUM
STU-09409,3,public_state,2025,Term3_Apr_Jul,53.1,0,41.9,10,21.1,5,HIGH
STU-09410,2,low_cost_private,2024,Term1_Sep_Dec,37.8,0,61.7,1,39.6,6,HIGH
STU-09411,2,low_cost_private,2023,Term1_Sep_Dec,32.6,0,37.0,15,43.3,4,HIGH
STU-09412,1,elite_private,2023,Term3_Apr_Jul,0,1,98.4,2,94.5,0,LOW
STU-09413,1,elite_private,2025,Term2_Jan_Apr,0,1,99.2,1,87.8,0,LOW
STU-09414,2,low_cost_private,2024,Term3_Apr_Jul,33.5,0,41.0,6,22.1,6,HIGH
STU-09415,2,low_cost_private,2023,Term3_Apr_Jul,48.9,0,31.6,8,28.0,3,HIGH
STU-09416,2,low_cost_private,2025,Term2_Jan_Apr,30.6,0,32.7,16,20,2,HIGH
STU-09417,2,low_cost_private,2023,Term1_Sep_Dec,24.9,0,38.1,0,39.4,3,MEDIUM
STU-09418,2,low_cost_private,2025,Term3_Apr_Jul,40.8,0,36.5,9,40.9,2,HIGH
STU-09419,1,elite_private,2023,Term1_Sep_Dec,0,1,100,0,89.1,0,LOW
STU-09420,1,elite_private,2024,Term3_Apr_Jul,0,1,99.8,0,90.1,0,LOW
STU-09421,3,public_state,2023,Term1_Sep_Dec,0,1,68.2,6,39.7,3,MEDIUM
STU-09422,1,elite_private,2025,Term1_Sep_Dec,3.2,0,100,0,81.5,0,LOW
STU-09423,2,low_cost_private,2025,Term1_Sep_Dec,47.5,0,51.6,6,41.0,1,MEDIUM
STU-09424,3,public_state,2024,Term2_Jan_Apr,20.0,0,49.4,5,32.0,3,HIGH
STU-09425,1,elite_private,2024,Term1_Sep_Dec,0,1,99.2,1,90.5,0,LOW
STU-09426,2,low_cost_private,2024,Term1_Sep_Dec,39.0,0,63.9,0,31.4,3,MEDIUM
STU-09427,1,elite_private,2025,Term2_Jan_Apr,0,1,100,0,88.9,0,LOW
STU-09428,2,low_cost_private,2024,Term3_Apr_Jul,26.7,0,38.3,10,35.4,2,HIGH
STU-09429,3,public_state,2025,Term3_Apr_Jul,31.9,0,51.2,6,22.4,3,HIGH
STU-09430,3,public_state,2023,Term3_Apr_Jul,52.5,0,47.0,7,45.9,2,HIGH
STU-09431,3,public_state,2023,Term2_Jan_Apr,24.9,0,27.2,5,20,2,HIGH
STU-09432,1,elite_private,2024,Term3_Apr_Jul,13.3,0,60.3,0,57.9,1,LOW
STU-09433,1,elite_private,2023,Term1_Sep_Dec,2.8,0,89.2,1,61.3,1,LOW
STU-09434,1,elite_private,2023,Term1_Sep_Dec,3.9,0,74.6,0,69.0,1,LOW
STU-09435,1,elite_private,2023,Term3_Apr_Jul,0,1,99.1,1,97.8,0,LOW
STU-09436,2,low_cost_private,2023,Term1_Sep_Dec,24.7,0,69.1,0,44.4,2,MEDIUM
STU-09437,1,elite_private,2024,Term2_Jan_Apr,5.2,0,59.3,2,50.5,0,MEDIUM
STU-09438,3,public_state,2024,Term2_Jan_Apr,8.0,0,82.2,2,39.4,2,MEDIUM
STU-09439,2,low_cost_private,2025,Term3_Apr_Jul,47.9,0,50.2,11,37.9,5,HIGH
STU-09440,3,public_state,2025,Term1_Sep_Dec,51.8,0,54.1,5,49.6,2,MEDIUM
STU-09441,1,elite_private,2023,Term3_Apr_Jul,0.2,0,99.2,1,91.4,0,LOW
STU-09442,3,public_state,2025,Term1_Sep_Dec,10.4,0,89.6,2,80.7,0,LOW
STU-09443,1,elite_private,2023,Term2_Jan_Apr,0,1,96.0,5,95.4,0,LOW
STU-09444,3,public_state,2023,Term2_Jan_Apr,15.8,0,51.3,0,65.7,0,LOW
STU-09445,3,public_state,2024,Term2_Jan_Apr,4.0,0,92.5,0,71.9,0,LOW
STU-09446,3,public_state,2025,Term3_Apr_Jul,0.4,0,36.4,9,37.5,2,HIGH
STU-09447,3,public_state,2025,Term2_Jan_Apr,14.9,0,64.7,3,28.7,4,HIGH
STU-09448,1,elite_private,2023,Term2_Jan_Apr,0,1,99.2,1,93.0,0,LOW
STU-09449,2,low_cost_private,2023,Term1_Sep_Dec,33.2,0,65.7,0,35.5,5,MEDIUM
STU-09450,3,public_state,2024,Term2_Jan_Apr,12.0,0,79.9,6,32.2,2,MEDIUM
STU-09451,1,elite_private,2023,Term1_Sep_Dec,0,1,99.2,1,84.1,0,LOW
STU-09452,2,low_cost_private,2025,Term2_Jan_Apr,26.3,0,67.7,2,40.6,2,MEDIUM
STU-09453,2,low_cost_private,2023,Term3_Apr_Jul,26.6,0,54.8,10,42.0,4,HIGH
STU-09454,1,elite_private,2024,Term1_Sep_Dec,14,0,,,,,WITHDRAWN
STU-09455,3,public_state,2024,Term2_Jan_Apr,60,0,55.4,7,50.2,2,HIGH
STU-09456,1,elite_private,2023,Term2_Jan_Apr,0,1,77.8,1,64.2,0,LOW
STU-09457,1,elite_private,2023,Term1_Sep_Dec,7.5,0,88.4,2,60.3,0,LOW
STU-09458,2,low_cost_private,2025,Term2_Jan_Apr,44.0,0,51.4,0,37.6,2,MEDIUM
STU-09459,2,low_cost_private,2024,Term3_Apr_Jul,25.8,0,52.5,1,34.5,4,MEDIUM
STU-09460,1,elite_private,2023,Term3_Apr_Jul,0,1,99.2,1,97.7,0,LOW
STU-09461,2,low_cost_private,2023,Term2_Jan_Apr,45.2,0,52.4,1,33.6,3,HIGH
STU-09462,3,public_state,2025,Term2_Jan_Apr,32.1,0,48.5,11,40.3,4,HIGH
STU-09463,3,public_state,2023,Term3_Apr_Jul,14.2,0,44.4,0,46.7,0,MEDIUM
STU-09464,3,public_state,2025,Term2_Jan_Apr,4.9,0,88.1,1,75.3,0,LOW
STU-09465,3,public_state,2025,Term2_Jan_Apr,6.8,0,92.0,0,72.9,0,LOW
STU-09466,1,elite_private,2023,Term2_Jan_Apr,0,1,100,0,93.9,0,LOW
STU-09467,2,low_cost_private,2023,Term2_Jan_Apr,65.0,0,29.4,14,21.7,3,HIGH
STU-09468,1,elite_private,2024,Term1_Sep_Dec,1.5,0,61.9,0,77.6,0,LOW
STU-09469,2,low_cost_private,2024,Term1_Sep_Dec,39.2,0,43.2,11,29.4,3,HIGH
STU-09470,3,public_state,2025,Term1_Sep_Dec,29.6,0,36.5,6,20,5,HIGH
STU-09471,2,low_cost_private,2023,Term3_Apr_Jul,57.1,0,45.9,10,56.1,0,MEDIUM
STU-09472,2,low_cost_private,2025,Term2_Jan_Apr,46.5,0,46.6,1,53.9,2,MEDIUM
STU-09473,2,low_cost_private,2024,Term2_Jan_Apr,27.1,0,64.4,7,37.8,4,HIGH
STU-09474,1,elite_private,2024,Term1_Sep_Dec,0,1,99.2,1,92.4,0,LOW
STU-09475,3,public_state,2025,Term3_Apr_Jul,28.4,0,36.0,2,20,4,HIGH
STU-09476,2,low_cost_private,2025,Term1_Sep_Dec,14.5,0,85.7,1,81.9,0,LOW
STU-09477,2,low_cost_private,2025,Term3_Apr_Jul,32.3,0,41.8,4,43.1,1,HIGH
STU-09478,2,low_cost_private,2024,Term3_Apr_Jul,74.5,0,27.2,0,35.7,6,HIGH
STU-09479,3,public_state,2023,Term3_Apr_Jul,11.6,0,64.8,1,40.7,2,MEDIUM
STU-09480,3,public_state,2024,Term1_Sep_Dec,10.5,0,76.4,0,32.7,2,LOW
STU-09481,2,low_cost_private,2024,Term2_Jan_Apr,57.4,0,59.2,4,38.4,4,HIGH
STU-09482,2,low_cost_private,2025,Term1_Sep_Dec,30.9,0,37.5,4,38.4,4,HIGH
STU-09483,2,low_cost_private,2023,Term3_Apr_Jul,26.8,0,54.7,4,51.4,1,MEDIUM
STU-09484,2,low_cost_private,2024,Term3_Apr_Jul,56.6,0,52.4,4,54.9,3,HIGH
STU-09485,2,low_cost_private,2023,Term1_Sep_Dec,43.4,0,62.0,2,50.9,2,MEDIUM
STU-09486,3,public_state,2024,Term1_Sep_Dec,5.3,0,92.1,0,89.8,0,LOW
STU-09487,1,elite_private,2024,Term2_Jan_Apr,0,1,98.0,2,95.0,0,LOW
STU-09488,2,low_cost_private,2024,Term3_Apr_Jul,33.2,0,51.4,1,39.3,2,MEDIUM
STU-09489,2,low_cost_private,2023,Term2_Jan_Apr,16.2,0,91.4,0,73.7,0,LOW
STU-09490,2,low_cost_private,2023,Term2_Jan_Apr,63.1,0,41.0,8,49.9,1,HIGH
STU-09491,1,elite_private,2023,Term2_Jan_Apr,0,1,99.2,1,88.2,0,LOW
STU-09492,2,low_cost_private,2025,Term3_Apr_Jul,27.2,0,37.1,4,28.1,3,HIGH
STU-09493,3,public_state,2023,Term2_Jan_Apr,27.1,0,31.3,10,28.3,3,HIGH
STU-09494,1,elite_private,2025,Term2_Jan_Apr,0,1,100,0,89.8,0,LOW
STU-09495,2,low_cost_private,2025,Term2_Jan_Apr,42.4,0,21.3,7,20,3,HIGH
STU-09496,2,low_cost_private,2024,Term2_Jan_Apr,65.0,0,49.7,11,43.4,3,HIGH
STU-09497,2,low_cost_private,2024,Term3_Apr_Jul,34.3,0,51.6,1,26.2,2,MEDIUM
STU-09498,2,low_cost_private,2025,Term3_Apr_Jul,75.1,0,54.7,4,26.9,3,HIGH
STU-09499,1,elite_private,2025,Term1_Sep_Dec,14,0,,,,,WITHDRAWN
STU-09500,1,elite_private,2025,Term1_Sep_Dec,0,1,99.2,1,86.3,0,LOW
STU-09501,3,public_state,2023,Term1_Sep_Dec,11.2,0,62.0,6,20,4,MEDIUM
STU-09502,3,public_state,2025,Term3_Apr_Jul,19.4,0,39.3,12,20,4,HIGH
STU-09503,3,public_state,2023,Term2_Jan_Apr,30.6,0,45.8,10,34.8,4,HIGH
STU-09504,3,public_state,2024,Term2_Jan_Apr,31.4,0,55.7,6,33.7,5,HIGH
STU-09505,1,elite_private,2024,Term3_Apr_Jul,0,1,100,0,85.8,0,LOW
STU-09506,1,elite_private,2023,Term2_Jan_Apr,0,1,100,0,92.6,0,LOW
STU-09507,1,elite_private,2024,Term3_Apr_Jul,0,1,100,0,100,0,LOW
STU-09508,2,low_cost_private,2023,Term1_Sep_Dec,86.2,0,40.2,13,42.3,3,HIGH
STU-09509,2,low_cost_private,2024,Term3_Apr_Jul,90.7,0,53.5,6,48.9,5,HIGH
STU-09510,1,elite_private,2025,Term3_Apr_Jul,1.8,0,69.2,1,75.6,0,LOW
STU-09511,2,low_cost_private,2025,Term1_Sep_Dec,57.5,0,43.4,5,44.1,1,HIGH
STU-09512,2,low_cost_private,2025,Term2_Jan_Apr,81.0,0,38.3,1,47.5,3,HIGH
STU-09513,3,public_state,2024,Term2_Jan_Apr,9.7,0,58.1,0,46.4,3,MEDIUM
STU-09514,2,low_cost_private,2025,Term3_Apr_Jul,22.2,0,51.5,7,46.1,1,MEDIUM
STU-09515,3,public_state,2025,Term3_Apr_Jul,6.7,0,79.7,1,74.4,0,LOW
STU-09516,3,public_state,2023,Term2_Jan_Apr,15.9,0,68.0,1,57.8,1,MEDIUM
STU-09517,2,low_cost_private,2025,Term2_Jan_Apr,32.6,0,52.9,4,34.2,5,HIGH
STU-09518,1,elite_private,2024,Term3_Apr_Jul,0,1,72.2,3,54.0,1,MEDIUM
STU-09519,2,low_cost_private,2024,Term1_Sep_Dec,48.3,0,56.1,4,34.2,4,HIGH
STU-09520,1,elite_private,2025,Term2_Jan_Apr,0,1,51.3,3,60.4,0,MEDIUM
STU-09521,1,elite_private,2024,Term3_Apr_Jul,8.1,0,74.9,1,85,0,LOW
STU-09522,3,public_state,2024,Term3_Apr_Jul,60,0,54.0,6,32.3,5,HIGH
STU-09523,3,public_state,2025,Term2_Jan_Apr,10.6,0,32.9,2,20.0,5,HIGH
STU-09524,1,elite_private,2024,Term3_Apr_Jul,0,1,98.4,2,94.0,0,LOW
STU-09525,1,elite_private,2025,Term2_Jan_Apr,0,1,100,0,90.5,0,LOW
STU-09526,1,elite_private,2025,Term1_Sep_Dec,0,1,100,0,80.4,0,LOW
STU-09527,3,public_state,2025,Term3_Apr_Jul,14.0,0,54.5,0,39.5,3,MEDIUM
STU-09528,2,low_cost_private,2024,Term3_Apr_Jul,80.8,0,38.7,13,40.3,3,HIGH
STU-09529,1,elite_private,2025,Term3_Apr_Jul,7.0,0,78.2,0,72.6,0,LOW
STU-09530,1,elite_private,2025,Term1_Sep_Dec,14,0,,,,,WITHDRAWN
STU-09531,2,low_cost_private,2025,Term3_Apr_Jul,41.1,0,48.9,13,57.3,2,HIGH
STU-09532,3,public_state,2025,Term1_Sep_Dec,15.2,0,52.6,3,29.4,5,HIGH
STU-09533,1,elite_private,2024,Term2_Jan_Apr,0,1,100,0,89.1,0,LOW
STU-09534,2,low_cost_private,2023,Term1_Sep_Dec,40.1,0,36.3,12,27.1,4,HIGH
STU-09535,2,low_cost_private,2024,Term2_Jan_Apr,76.9,0,47.3,1,29.6,6,HIGH
STU-09536,2,low_cost_private,2025,Term2_Jan_Apr,45.8,0,59.8,16,33.9,4,HIGH
STU-09537,1,elite_private,2023,Term1_Sep_Dec,0,1,100,0,90.8,0,LOW
STU-09538,3,public_state,2024,Term3_Apr_Jul,28.6,0,21.1,0,26.5,4,MEDIUM
STU-09539,2,low_cost_private,2023,Term1_Sep_Dec,47.4,0,51.0,8,61.7,0,MEDIUM
STU-09540,2,low_cost_private,2023,Term1_Sep_Dec,49.4,0,73.7,0,39.3,5,MEDIUM
STU-09541,1,elite_private,2023,Term3_Apr_Jul,8.1,0,76.1,0,60.0,0,LOW
STU-09542,2,low_cost_private,2023,Term2_Jan_Apr,16.7,0,86.5,0,82.6,0,LOW
STU-09543,2,low_cost_private,2025,Term2_Jan_Apr,74.5,0,48.5,4,32.1,4,HIGH
STU-09544,2,low_cost_private,2024,Term2_Jan_Apr,96.4,0,56.2,9,30.2,3,HIGH
STU-09545,1,elite_private,2023,Term3_Apr_Jul,0,1,100,0,98.8,0,LOW
STU-09546,2,low_cost_private,2024,Term3_Apr_Jul,53.8,0,46.8,9,40.0,5,HIGH
STU-09547,1,elite_private,2023,Term3_Apr_Jul,0,1,100,0,89.2,0,LOW
STU-09548,1,elite_private,2023,Term3_Apr_Jul,14,0,,,,,WITHDRAWN
STU-09549,2,low_cost_private,2024,Term2_Jan_Apr,38.8,0,67.1,8,45.2,1,MEDIUM
STU-09550,3,public_state,2025,Term3_Apr_Jul,19.4,0,27.1,10,33.5,5,HIGH
STU-09551,1,elite_private,2024,Term3_Apr_Jul,14,0,,,,,WITHDRAWN
STU-09552,2,low_cost_private,2024,Term3_Apr_Jul,65.9,0,61.2,0,38.3,6,HIGH
STU-09553,3,public_state,2024,Term1_Sep_Dec,11.3,0,58.0,7,40.4,3,MEDIUM
STU-09554,2,low_cost_private,2024,Term2_Jan_Apr,38.5,0,26.3,4,20,3,HIGH
STU-09555,3,public_state,2023,Term1_Sep_Dec,33.6,0,54.3,9,28.5,4,HIGH
STU-09556,3,public_state,2023,Term3_Apr_Jul,28.6,0,23.6,10,40.9,2,HIGH
STU-09557,2,low_cost_private,2025,Term2_Jan_Apr,33.2,0,33.1,16,20,3,HIGH
STU-09558,2,low_cost_private,2025,Term2_Jan_Apr,17.0,0,45.1,4,33.1,4,HIGH
STU-09559,2,low_cost_private,2023,Term2_Jan_Apr,27.7,0,60.8,15,20,3,HIGH
STU-09560,2,low_cost_private,2024,Term2_Jan_Apr,55.1,0,61.6,5,43.8,2,MEDIUM
STU-09561,3,public_state,2024,Term3_Apr_Jul,18.9,0,43.2,2,51.0,3,MEDIUM
STU-09562,2,low_cost_private,2024,Term3_Apr_Jul,21.8,0,57.2,0,26.5,3,MEDIUM
STU-09563,3,public_state,2024,Term3_Apr_Jul,21.0,0,37.4,1,53.6,1,MEDIUM
STU-09564,1,elite_private,2024,Term3_Apr_Jul,0,1,99.2,1,86.1,0,LOW
STU-09565,3,public_state,2025,Term1_Sep_Dec,60,0,47.0,2,42.8,4,HIGH
STU-09566,2,low_cost_private,2025,Term3_Apr_Jul,16.2,0,88.3,0,78.5,0,LOW
STU-09567,3,public_state,2024,Term2_Jan_Apr,13.3,0,64.0,2,47.6,0,MEDIUM
STU-09568,1,elite_private,2024,Term3_Apr_Jul,14,0,,,,,WITHDRAWN
STU-09569,3,public_state,2024,Term2_Jan_Apr,24.9,0,69.9,7,63.6,1,MEDIUM
STU-09570,2,low_cost_private,2023,Term1_Sep_Dec,22.4,0,62.5,2,55.2,2,MEDIUM
STU-09571,2,low_cost_private,2025,Term1_Sep_Dec,50.3,0,51.2,5,38.8,3,HIGH
STU-09572,2,low_cost_private,2023,Term1_Sep_Dec,54.5,0,36.1,11,43.2,3,HIGH
STU-09573,1,elite_private,2023,Term1_Sep_Dec,0,1,100,0,96.7,0,LOW
STU-09574,3,public_state,2025,Term3_Apr_Jul,59.1,0,41.5,8,47.5,2,HIGH
STU-09575,3,public_state,2023,Term1_Sep_Dec,28.7,0,62.7,1,51.5,3,MEDIUM
STU-09576,1,elite_private,2023,Term2_Jan_Apr,0,1,99.2,1,87.0,0,LOW
STU-09577,2,low_cost_private,2025,Term2_Jan_Apr,46.4,0,50.5,8,31.5,4,HIGH
STU-09578,2,low_cost_private,2023,Term1_Sep_Dec,39.5,0,30.2,14,20,3,HIGH
STU-09579,1,elite_private,2023,Term3_Apr_Jul,0,1,98.2,0,100,0,LOW
STU-09580,1,elite_private,2024,Term2_Jan_Apr,0,1,100,0,89.6,0,LOW
STU-09581,1,elite_private,2024,Term3_Apr_Jul,4.2,0,86.0,5,54.3,2,MEDIUM
STU-09582,1,elite_private,2023,Term2_Jan_Apr,3.5,0,71.9,5,61.1,1,MEDIUM
STU-09583,1,elite_private,2025,Term2_Jan_Apr,14,0,,,,,WITHDRAWN
STU-09584,2,low_cost_private,2024,Term1_Sep_Dec,15.8,0,86.2,2,82.9,0,LOW
STU-09585,2,low_cost_private,2024,Term3_Apr_Jul,25.1,0,53.8,4,75.2,0,MEDIUM
STU-09586,1,elite_private,2023,Term1_Sep_Dec,0,1,98.4,2,91.8,0,LOW
STU-09587,1,elite_private,2025,Term3_Apr_Jul,0,1,89.2,1,85,0,LOW
STU-09588,2,low_cost_private,2024,Term1_Sep_Dec,27.4,0,41.3,9,20,3,HIGH
STU-09589,3,public_state,2023,Term2_Jan_Apr,0,1,69.6,0,29.3,4,MEDIUM
STU-09590,2,low_cost_private,2023,Term3_Apr_Jul,40.9,0,37.5,8,20,3,HIGH
STU-09591,2,low_cost_private,2024,Term1_Sep_Dec,80.9,0,53.9,4,51.5,2,HIGH
STU-09592,1,elite_private,2025,Term1_Sep_Dec,2.0,0,100,0,83.2,0,LOW
STU-09593,2,low_cost_private,2024,Term1_Sep_Dec,32.3,0,29.8,15,29.4,4,HIGH
STU-09594,2,low_cost_private,2024,Term1_Sep_Dec,37.6,0,59.0,5,43.7,4,HIGH
STU-09595,3,public_state,2023,Term1_Sep_Dec,43.8,0,62.0,5,20,5,HIGH
STU-09596,3,public_state,2025,Term1_Sep_Dec,43.8,0,39.9,7,40.0,4,HIGH
STU-09597,1,elite_private,2025,Term2_Jan_Apr,0,1,100,0,91.0,0,LOW
STU-09598,1,elite_private,2025,Term2_Jan_Apr,0,1,99.2,1,86.5,0,LOW
STU-09599,2,low_cost_private,2025,Term2_Jan_Apr,42.1,0,48.7,4,24.3,4,HIGH
STU-09600,1,elite_private,2025,Term2_Jan_Apr,14,0,,,,,WITHDRAWN
STU-09601,3,public_state,2023,Term3_Apr_Jul,6.1,0,78.3,3,72.8,0,LOW
STU-09602,3,public_state,2025,Term1_Sep_Dec,19.5,0,66.3,2,25.2,3,MEDIUM
STU-09603,1,elite_private,2023,Term1_Sep_Dec,14,0,,,,,WITHDRAWN
STU-09604,3,public_state,2025,Term1_Sep_Dec,14.1,0,55.1,7,53.9,2,MEDIUM
STU-09605,1,elite_private,2023,Term2_Jan_Apr,0.2,0,100,0,91.2,0,LOW
STU-09606,2,low_cost_private,2025,Term3_Apr_Jul,26.0,0,25.0,0,24.2,3,MEDIUM
STU-09607,3,public_state,2025,Term3_Apr_Jul,18.8,0,59.6,0,59.9,3,MEDIUM
STU-09608,3,public_state,2024,Term3_Apr_Jul,6.5,0,81.0,0,72.0,0,LOW
STU-09609,2,low_cost_private,2024,Term2_Jan_Apr,34.9,0,76.1,1,57.9,1,MEDIUM
STU-09610,1,elite_private,2023,Term2_Jan_Apr,0,1,99.2,1,87.3,0,LOW
STU-09611,3,public_state,2024,Term1_Sep_Dec,17.1,0,71.4,0,25,2,MEDIUM
STU-09612,2,low_cost_private,2023,Term1_Sep_Dec,54.4,0,36.6,11,36.6,5,HIGH
STU-09613,1,elite_private,2025,Term3_Apr_Jul,14,0,,,,,WITHDRAWN
STU-09614,1,elite_private,2023,Term3_Apr_Jul,0,1,98.4,2,82.8,0,LOW
STU-09615,2,low_cost_private,2025,Term1_Sep_Dec,23.7,0,50.6,5,33.4,5,HIGH
STU-09616,3,public_state,2024,Term2_Jan_Apr,32.0,0,60.5,3,27.2,3,HIGH
STU-09617,3,public_state,2023,Term1_Sep_Dec,32.1,0,57.3,7,22.8,6,HIGH
STU-09618,3,public_state,2025,Term2_Jan_Apr,29.3,0,62.9,0,40.9,2,MEDIUM
STU-09619,3,public_state,2024,Term1_Sep_Dec,0,1,66.9,7,35.9,3,MEDIUM
STU-09620,2,low_cost_private,2023,Term3_Apr_Jul,80.2,0,51.9,9,33.8,5,HIGH
STU-09621,3,public_state,2025,Term3_Apr_Jul,60,0,26.3,7,42.4,3,HIGH
STU-09622,1,elite_private,2023,Term1_Sep_Dec,0,1,98.4,2,96.3,0,LOW
STU-09623,1,elite_private,2024,Term1_Sep_Dec,0,1,99.2,1,87.7,0,LOW
STU-09624,2,low_cost_private,2024,Term3_Apr_Jul,30.3,0,63.7,8,45.8,0,MEDIUM
STU-09625,3,public_state,2023,Term2_Jan_Apr,0,1,26.8,7,25.6,4,HIGH
STU-09626,1,elite_private,2023,Term1_Sep_Dec,14,0,,,,,WITHDRAWN
STU-09627,2,low_cost_private,2023,Term1_Sep_Dec,69.3,0,60.0,0,38.4,4,HIGH
STU-09628,3,public_state,2023,Term2_Jan_Apr,59.2,0,55.3,14,32.6,4,HIGH
STU-09629,3,public_state,2025,Term3_Apr_Jul,24.3,0,42.5,3,30.6,3,HIGH
STU-09630,1,elite_private,2023,Term2_Jan_Apr,0,1,98.4,2,87.3,0,LOW
STU-09631,1,elite_private,2024,Term1_Sep_Dec,0.7,0,100,0,91.3,0,LOW
STU-09632,3,public_state,2024,Term2_Jan_Apr,12.9,0,67.8,1,24.3,4,MEDIUM
STU-09633,3,public_state,2024,Term3_Apr_Jul,24.5,0,31.5,9,37.9,2,HIGH
STU-09634,1,elite_private,2023,Term2_Jan_Apr,0,1,98.9,0,81.3,0,LOW
STU-09635,1,elite_private,2023,Term1_Sep_Dec,1.5,0,100,0,84.9,0,LOW
STU-09636,1,elite_private,2023,Term1_Sep_Dec,14,0,,,,,WITHDRAWN
STU-09637,1,elite_private,2025,Term2_Jan_Apr,0,1,100,0,83.1,0,LOW
STU-09638,3,public_state,2023,Term2_Jan_Apr,11.4,0,63.5,2,25,2,MEDIUM
STU-09639,1,elite_private,2024,Term3_Apr_Jul,0,1,99.2,1,77.6,0,LOW
STU-09640,3,public_state,2024,Term3_Apr_Jul,50.1,0,54.1,9,51.9,2,HIGH
STU-09641,3,public_state,2023,Term1_Sep_Dec,26.6,0,24.5,0,20,4,MEDIUM
STU-09642,3,public_state,2023,Term2_Jan_Apr,22.4,0,35.9,1,20,4,HIGH
STU-09643,1,elite_private,2023,Term1_Sep_Dec,14,0,,,,,WITHDRAWN
STU-09644,2,low_cost_private,2023,Term2_Jan_Apr,14.0,0,90.2,0,66.4,0,LOW
STU-09645,1,elite_private,2025,Term3_Apr_Jul,7.1,0,52.4,2,49.3,1,MEDIUM
STU-09646,2,low_cost_private,2025,Term3_Apr_Jul,13.7,0,47.9,1,29.1,2,MEDIUM
STU-09647,1,elite_private,2025,Term2_Jan_Apr,0,1,100,0,91.4,0,LOW
STU-09648,2,low_cost_private,2023,Term1_Sep_Dec,34.7,0,72.8,0,37.6,3,MEDIUM
STU-09649,2,low_cost_private,2025,Term3_Apr_Jul,15.3,0,40.2,4,30.9,2,HIGH
STU-09650,2,low_cost_private,2023,Term2_Jan_Apr,81.9,0,60.6,13,48.0,2,HIGH
STU-09651,3,public_state,2023,Term1_Sep_Dec,6.6,0,90.7,0,67.3,0,LOW
STU-09652,2,low_cost_private,2024,Term1_Sep_Dec,80.6,0,69.6,0,37.2,6,HIGH
STU-09653,3,public_state,2025,Term3_Apr_Jul,31.0,0,45.3,4,34.2,4,HIGH
STU-09654,2,low_cost_private,2023,Term3_Apr_Jul,22.1,0,55.6,12,20.9,4,HIGH
STU-09655,1,elite_private,2024,Term1_Sep_Dec,0,1,99.2,1,97.1,0,LOW
STU-09656,3,public_state,2025,Term3_Apr_Jul,25.7,0,73.9,1,70.9,0,LOW
STU-09657,2,low_cost_private,2024,Term2_Jan_Apr,28.9,0,55.1,1,49.1,0,MEDIUM
STU-09658,2,low_cost_private,2023,Term3_Apr_Jul,26.2,0,41.5,1,62.4,0,MEDIUM
STU-09659,2,low_cost_private,2023,Term1_Sep_Dec,15.6,0,84.1,1,81.3,0,LOW
STU-09660,3,public_state,2024,Term3_Apr_Jul,10.8,0,56.5,8,32.0,3,HIGH
STU-09661,1,elite_private,2025,Term3_Apr_Jul,0.6,0,100,0,84.2,0,LOW
STU-09662,3,public_state,2023,Term1_Sep_Dec,23.7,0,61.5,1,35.7,2,MEDIUM
STU-09663,1,elite_private,2024,Term3_Apr_Jul,0,1,99.2,1,94.3,0,LOW
STU-09664,2,low_cost_private,2025,Term1_Sep_Dec,80.6,0,47.1,4,37.6,5,HIGH
STU-09665,1,elite_private,2024,Term3_Apr_Jul,0,1,98.4,2,84.9,0,LOW
STU-09666,3,public_state,2024,Term1_Sep_Dec,55.5,0,53.2,6,48.6,3,HIGH
STU-09667,3,public_state,2024,Term1_Sep_Dec,51.1,0,59.7,4,37.8,5,HIGH
STU-09668,1,elite_private,2024,Term1_Sep_Dec,0,1,100,0,99.0,0,LOW
STU-09669,2,low_cost_private,2023,Term2_Jan_Apr,52.8,0,47.9,7,57.8,1,HIGH
STU-09670,2,low_cost_private,2025,Term1_Sep_Dec,21.0,0,60.3,4,36.2,5,HIGH
STU-09671,2,low_cost_private,2025,Term3_Apr_Jul,45.3,0,49.5,8,41.1,3,HIGH
STU-09672,1,elite_private,2025,Term2_Jan_Apr,0,1,100,0,99.4,0,LOW
STU-09673,1,elite_private,2023,Term1_Sep_Dec,0,1,62.9,0,59.6,0,LOW
STU-09674,2,low_cost_private,2025,Term1_Sep_Dec,49.6,0,52.1,0,41.8,4,MEDIUM
STU-09675,2,low_cost_private,2025,Term1_Sep_Dec,41.6,0,53.5,9,44.5,3,HIGH
STU-09676,3,public_state,2023,Term1_Sep_Dec,60,0,60.2,10,40.2,3,HIGH
STU-09677,3,public_state,2024,Term3_Apr_Jul,20.7,0,51.6,0,30.6,2,MEDIUM
STU-09678,2,low_cost_private,2025,Term1_Sep_Dec,26.7,0,62.4,1,49.8,3,MEDIUM
STU-09679,2,low_cost_private,2025,Term3_Apr_Jul,46.2,0,36.6,4,54.4,2,HIGH
STU-09680,1,elite_private,2024,Term2_Jan_Apr,0.9,0,86.8,1,67.5,0,LOW
STU-09681,2,low_cost_private,2023,Term2_Jan_Apr,25.4,0,53.1,6,23.7,4,HIGH
STU-09682,2,low_cost_private,2024,Term2_Jan_Apr,60.1,0,42.2,0,38.8,3,HIGH
STU-09683,3,public_state,2025,Term3_Apr_Jul,26.0,0,35.8,9,63.1,0,MEDIUM
STU-09684,1,elite_private,2025,Term2_Jan_Apr,0,1,79.7,0,85,0,LOW
STU-09685,3,public_state,2023,Term1_Sep_Dec,59.8,0,65.2,3,46.9,2,MEDIUM
STU-09686,3,public_state,2023,Term2_Jan_Apr,8.2,0,88.8,1,66.0,0,LOW
STU-09687,3,public_state,2024,Term3_Apr_Jul,16.4,0,46.2,1,54.7,3,MEDIUM
STU-09688,3,public_state,2025,Term1_Sep_Dec,23.4,0,73.3,1,46.9,0,MEDIUM
STU-09689,2,low_cost_private,2023,Term2_Jan_Apr,62.0,0,66.1,1,39.7,6,HIGH
STU-09690,3,public_state,2024,Term3_Apr_Jul,24.6,0,47.2,1,43.7,2,MEDIUM
STU-09691,3,public_state,2024,Term2_Jan_Apr,10.1,0,32.2,9,54.1,3,HIGH
STU-09692,3,public_state,2025,Term3_Apr_Jul,2.7,0,52.5,8,25,2,MEDIUM
STU-09693,2,low_cost_private,2023,Term2_Jan_Apr,101.3,0,64.7,10,33.3,3,HIGH
STU-09694,2,low_cost_private,2024,Term1_Sep_Dec,55.3,0,53.0,0,52.7,3,MEDIUM
STU-09695,1,elite_private,2025,Term1_Sep_Dec,0,1,76.5,0,68.5,0,LOW
STU-09696,1,elite_private,2024,Term3_Apr_Jul,14,0,,,,,WITHDRAWN
STU-09697,2,low_cost_private,2023,Term1_Sep_Dec,29.0,0,68.5,0,48.8,1,MEDIUM
STU-09698,1,elite_private,2024,Term2_Jan_Apr,0,1,100,0,90.8,0,LOW
STU-09699,3,public_state,2024,Term2_Jan_Apr,8.8,0,92.1,1,70.9,0,LOW
STU-09700,2,low_cost_private,2025,Term3_Apr_Jul,67.1,0,51.9,1,31.6,4,HIGH
STU-09701,1,elite_private,2025,Term2_Jan_Apr,14,0,,,,,WITHDRAWN
STU-09702,1,elite_private,2024,Term2_Jan_Apr,0,1,99.2,1,96.8,0,LOW
STU-09703,3,public_state,2023,Term1_Sep_Dec,12.7,0,79.5,0,50.2,1,LOW
STU-09704,3,public_state,2024,Term1_Sep_Dec,5,0,60.4,4,34.6,4,MEDIUM
STU-09705,1,elite_private,2023,Term1_Sep_Dec,0,1,100,0,99.5,0,LOW
STU-09706,3,public_state,2023,Term2_Jan_Apr,24.6,0,47.6,4,26.8,4,HIGH
STU-09707,3,public_state,2025,Term3_Apr_Jul,4.1,0,32.1,4,39.7,5,HIGH
STU-09708,3,public_state,2025,Term3_Apr_Jul,5.8,0,82.9,0,60,0,LOW
STU-09709,2,low_cost_private,2023,Term1_Sep_Dec,40.9,0,38.2,15,34.4,3,HIGH
STU-09710,2,low_cost_private,2023,Term1_Sep_Dec,30.6,0,34.1,15,32.9,3,HIGH
STU-09711,3,public_state,2024,Term3_Apr_Jul,21.2,0,67.6,5,35.6,4,MEDIUM
STU-09712,2,low_cost_private,2023,Term2_Jan_Apr,47.3,0,68.2,1,29.5,4,MEDIUM
STU-09713,2,low_cost_private,2025,Term1_Sep_Dec,49.2,0,50.3,2,50.4,3,MEDIUM
STU-09714,1,elite_private,2024,Term2_Jan_Apr,0,1,71.1,1,59.7,1,LOW
STU-09715,3,public_state,2025,Term1_Sep_Dec,27.4,0,61.8,6,53.3,3,MEDIUM
STU-09716,2,low_cost_private,2023,Term2_Jan_Apr,39.3,0,47.2,14,75.3,0,MEDIUM
STU-09717,3,public_state,2023,Term1_Sep_Dec,18.1,0,59.1,1,53.3,1,MEDIUM
STU-09718,3,public_state,2023,Term3_Apr_Jul,30.4,0,44.2,4,24.6,5,HIGH
STU-09719,2,low_cost_private,2024,Term3_Apr_Jul,5,0,46.9,1,37.9,3,MEDIUM
STU-09720,1,elite_private,2023,Term3_Apr_Jul,0,1,99.2,0,85.9,0,LOW
STU-09721,1,elite_private,2024,Term2_Jan_Apr,0,1,100,0,86.3,0,LOW
STU-09722,2,low_cost_private,2024,Term1_Sep_Dec,17.8,0,88.6,1,81.0,0,LOW
STU-09723,2,low_cost_private,2023,Term3_Apr_Jul,20.5,0,43.7,13,60.7,0,MEDIUM
STU-09724,3,public_state,2023,Term3_Apr_Jul,25.3,0,45.6,3,21.3,2,HIGH
STU-09725,1,elite_private,2024,Term2_Jan_Apr,0,1,100,0,86.5,0,LOW
STU-09726,3,public_state,2025,Term3_Apr_Jul,29.6,0,43.6,6,29.1,4,HIGH
STU-09727,2,low_cost_private,2024,Term1_Sep_Dec,54.9,0,23.7,4,40.8,3,HIGH
STU-09728,2,low_cost_private,2023,Term2_Jan_Apr,26.2,0,34.8,14,20,3,HIGH
STU-09729,1,elite_private,2024,Term3_Apr_Jul,0,1,100,0,84.3,0,LOW
STU-09730,1,elite_private,2023,Term2_Jan_Apr,0,1,98.4,2,90.6,0,LOW
STU-09731,3,public_state,2024,Term1_Sep_Dec,60,0,62.7,11,40.0,4,HIGH
STU-09732,1,elite_private,2025,Term3_Apr_Jul,8.9,0,53.0,5,50.9,2,MEDIUM
STU-09733,2,low_cost_private,2025,Term2_Jan_Apr,18.3,0,37.4,6,60.5,0,MEDIUM
STU-09734,3,public_state,2023,Term2_Jan_Apr,4.6,0,48.1,3,41.2,4,MEDIUM
STU-09735,3,public_state,2025,Term1_Sep_Dec,28.5,0,90.0,0,35.6,2,MEDIUM
STU-09736,3,public_state,2023,Term2_Jan_Apr,49.9,0,50.7,3,22.9,4,HIGH
STU-09737,3,public_state,2023,Term2_Jan_Apr,21.4,0,61.0,1,23.7,2,MEDIUM
STU-09738,3,public_state,2025,Term2_Jan_Apr,5.5,0,95.6,0,61.1,0,LOW
STU-09739,2,low_cost_private,2024,Term2_Jan_Apr,47.2,0,66.0,2,25.4,5,HIGH
STU-09740,2,low_cost_private,2024,Term2_Jan_Apr,32.9,0,34.0,5,26.6,3,HIGH
STU-09741,2,low_cost_private,2025,Term3_Apr_Jul,16.0,0,46.6,0,59.7,1,MEDIUM
STU-09742,2,low_cost_private,2023,Term1_Sep_Dec,79.9,0,49.8,4,33.4,5,HIGH
STU-09743,2,low_cost_private,2023,Term2_Jan_Apr,32.1,0,47.2,7,46.9,2,HIGH
STU-09744,3,public_state,2024,Term2_Jan_Apr,8.8,0,65.8,6,29.3,5,MEDIUM
STU-09745,1,elite_private,2025,Term2_Jan_Apr,14,0,,,,,WITHDRAWN
STU-09746,1,elite_private,2023,Term3_Apr_Jul,9.1,0,75.1,0,74.1,0,LOW
STU-09747,3,public_state,2024,Term3_Apr_Jul,14.3,0,47.8,0,44.6,3,MEDIUM
STU-09748,1,elite_private,2025,Term3_Apr_Jul,0,1,100,0,86.5,0,LOW
STU-09749,2,low_cost_private,2024,Term3_Apr_Jul,64.3,0,56.1,13,43.5,2,HIGH
STU-09750,3,public_state,2025,Term3_Apr_Jul,37.0,0,32.9,7,20,4,HIGH
STU-09751,2,low_cost_private,2025,Term3_Apr_Jul,17.3,0,83.8,1,77.0,0,LOW
STU-09752,3,public_state,2024,Term1_Sep_Dec,31.3,0,55.1,9,52.3,2,HIGH
STU-09753,1,elite_private,2024,Term2_Jan_Apr,0,1,100,0,88.1,0,LOW
STU-09754,2,low_cost_private,2024,Term2_Jan_Apr,26.4,0,30.9,0,20,4,MEDIUM
STU-09755,3,public_state,2023,Term1_Sep_Dec,19.5,0,70.7,8,45.9,3,MEDIUM
STU-09756,2,low_cost_private,2024,Term1_Sep_Dec,19.6,0,39.9,4,34.7,3,HIGH
STU-09757,3,public_state,2024,Term3_Apr_Jul,7.6,0,49.6,6,25,2,MEDIUM
STU-09758,1,elite_private,2025,Term1_Sep_Dec,14,0,,,,,WITHDRAWN
STU-09759,1,elite_private,2023,Term3_Apr_Jul,6.7,0,53.9,0,29.0,4,MEDIUM
STU-09760,2,low_cost_private,2023,Term3_Apr_Jul,69.6,0,42.6,0,41.0,3,HIGH
STU-09761,2,low_cost_private,2023,Term2_Jan_Apr,21.5,0,44.1,1,48.3,1,MEDIUM
STU-09762,3,public_state,2023,Term1_Sep_Dec,54.5,0,52.8,10,20,4,HIGH
STU-09763,1,elite_private,2024,Term2_Jan_Apr,0,1,100,0,94.9,0,LOW
STU-09764,3,public_state,2023,Term1_Sep_Dec,8.0,0,93.3,1,81.6,0,LOW
STU-09765,2,low_cost_private,2025,Term2_Jan_Apr,16.8,0,86.8,2,81.8,0,LOW
STU-09766,3,public_state,2025,Term1_Sep_Dec,20.2,0,60.2,10,55.6,2,MEDIUM
STU-09767,2,low_cost_private,2025,Term3_Apr_Jul,41.1,0,51.2,11,48.7,4,HIGH
STU-09768,2,low_cost_private,2024,Term3_Apr_Jul,63.2,0,33.1,13,42.8,2,HIGH
STU-09769,3,public_state,2023,Term3_Apr_Jul,2.9,0,82.8,0,71.1,0,LOW
STU-09770,3,public_state,2025,Term2_Jan_Apr,12.2,0,59.4,3,41.3,4,MEDIUM
STU-09771,1,elite_private,2025,Term1_Sep_Dec,0,1,99.9,0,80.8,0,LOW
STU-09772,1,elite_private,2024,Term3_Apr_Jul,0,1,99.1,0,82.2,0,LOW
STU-09773,2,low_cost_private,2024,Term2_Jan_Apr,70.7,0,59.1,1,44.9,2,MEDIUM
STU-09774,3,public_state,2024,Term1_Sep_Dec,28.6,0,54.9,1,20,5,HIGH
STU-09775,2,low_cost_private,2024,Term3_Apr_Jul,63.3,0,38.5,11,34.1,4,HIGH
STU-09776,3,public_state,2025,Term1_Sep_Dec,12.4,0,67.0,3,34.8,2,MEDIUM
STU-09777,2,low_cost_private,2025,Term1_Sep_Dec,22.4,0,51.9,12,29.8,4,HIGH
STU-09778,3,public_state,2023,Term2_Jan_Apr,23.8,0,29.1,5,22.3,2,HIGH
STU-09779,1,elite_private,2023,Term1_Sep_Dec,0,1,100,0,82.0,0,LOW
STU-09780,3,public_state,2024,Term1_Sep_Dec,7.9,0,87.0,2,66.3,0,LOW
STU-09781,3,public_state,2023,Term2_Jan_Apr,20.0,0,52.1,9,38.3,3,HIGH
STU-09782,3,public_state,2025,Term3_Apr_Jul,20.0,0,48.0,7,38.9,5,HIGH
STU-09783,2,low_cost_private,2024,Term3_Apr_Jul,51.6,0,63.8,8,31.3,4,HIGH
STU-09784,2,low_cost_private,2024,Term1_Sep_Dec,22.0,0,47.7,15,35.8,4,HIGH
STU-09785,3,public_state,2025,Term1_Sep_Dec,17.4,0,60.8,8,22.5,3,HIGH
STU-09786,2,low_cost_private,2025,Term1_Sep_Dec,40.6,0,54.5,15,21.8,2,HIGH
STU-09787,1,elite_private,2025,Term3_Apr_Jul,0,1,99.7,0,97.4,0,LOW
STU-09788,1,elite_private,2025,Term2_Jan_Apr,14,0,,,,,WITHDRAWN
STU-09789,1,elite_private,2024,Term2_Jan_Apr,0,1,98.4,2,98.4,0,LOW
STU-09790,3,public_state,2025,Term2_Jan_Apr,20.2,0,65.0,10,46.2,3,MEDIUM
STU-09791,2,low_cost_private,2023,Term2_Jan_Apr,15.9,0,89.9,2,74.2,0,LOW
STU-09792,1,elite_private,2024,Term1_Sep_Dec,0,1,100,0,87.4,0,LOW
STU-09793,3,public_state,2023,Term2_Jan_Apr,7.3,0,86.2,4,66.6,0,LOW
STU-09794,2,low_cost_private,2024,Term3_Apr_Jul,20.8,0,42.0,4,32.2,4,HIGH
STU-09795,3,public_state,2023,Term1_Sep_Dec,5.1,0,62.9,0,39.5,3,MEDIUM
STU-09796,3,public_state,2025,Term3_Apr_Jul,6.9,0,44.4,0,26.8,3,MEDIUM
STU-09797,2,low_cost_private,2024,Term2_Jan_Apr,63.0,0,71.2,0,35.8,5,HIGH
STU-09798,3,public_state,2025,Term1_Sep_Dec,36.7,0,23.5,5,22.6,6,HIGH
STU-09799,2,low_cost_private,2025,Term3_Apr_Jul,27.9,0,48.9,4,56.8,2,MEDIUM
STU-09800,1,elite_private,2023,Term3_Apr_Jul,0,1,98.4,2,88.9,0,LOW
STU-09801,3,public_state,2023,Term1_Sep_Dec,24.9,0,60.9,0,27.6,2,MEDIUM
STU-09802,2,low_cost_private,2025,Term2_Jan_Apr,66.3,0,50.4,8,31.3,5,HIGH
STU-09803,3,public_state,2024,Term2_Jan_Apr,60,0,58.7,8,41.5,4,HIGH
STU-09804,1,elite_private,2025,Term3_Apr_Jul,0,1,98.4,2,85.5,0,LOW
STU-09805,1,elite_private,2025,Term3_Apr_Jul,0,1,100,0,87.8,0,LOW
STU-09806,1,elite_private,2023,Term1_Sep_Dec,0,1,100,0,93.2,0,LOW
STU-09807,1,elite_private,2023,Term3_Apr_Jul,0,1,99.2,1,100,0,LOW
STU-09808,2,low_cost_private,2025,Term3_Apr_Jul,28.7,0,60.2,0,35.0,4,MEDIUM
STU-09809,3,public_state,2023,Term3_Apr_Jul,35.2,0,16.7,7,42.2,6,HIGH
STU-09810,3,public_state,2025,Term3_Apr_Jul,60,0,42.3,2,39.3,5,HIGH
STU-09811,3,public_state,2024,Term3_Apr_Jul,16.1,0,66.5,2,25,2,MEDIUM
STU-09812,1,elite_private,2025,Term2_Jan_Apr,0,1,100,0,90.3,0,LOW
STU-09813,1,elite_private,2025,Term2_Jan_Apr,14,0,,,,,WITHDRAWN
STU-09814,1,elite_private,2023,Term3_Apr_Jul,0,1,99.2,1,88.5,0,LOW
STU-09815,2,low_cost_private,2025,Term1_Sep_Dec,53.4,0,64.2,14,32.3,5,HIGH
STU-09816,3,public_state,2025,Term2_Jan_Apr,7.5,0,90.2,0,78.8,0,LOW
STU-09817,2,low_cost_private,2025,Term1_Sep_Dec,48.9,0,34.8,4,46.9,3,HIGH
STU-09818,1,elite_private,2025,Term3_Apr_Jul,0,1,99.2,1,87.9,0,LOW
STU-09819,2,low_cost_private,2023,Term1_Sep_Dec,53.8,0,54.8,10,51.9,1,HIGH
STU-09820,1,elite_private,2023,Term2_Jan_Apr,12.9,0,69.1,1,60.2,0,LOW
STU-09821,2,low_cost_private,2023,Term1_Sep_Dec,81.2,0,46.3,13,49.2,2,HIGH
STU-09822,2,low_cost_private,2024,Term2_Jan_Apr,75.2,0,48.2,6,25.5,6,HIGH
STU-09823,3,public_state,2025,Term2_Jan_Apr,9.3,0,74.5,0,48.3,1,LOW
STU-09824,2,low_cost_private,2023,Term1_Sep_Dec,80.7,0,68.3,0,53.2,3,MEDIUM
STU-09825,2,low_cost_private,2024,Term3_Apr_Jul,80.4,0,58.0,0,59.2,0,MEDIUM
STU-09826,1,elite_private,2023,Term3_Apr_Jul,0,1,96.8,4,91.5,0,LOW
STU-09827,1,elite_private,2023,Term3_Apr_Jul,0,1,100,0,90.8,0,LOW
STU-09828,3,public_state,2025,Term1_Sep_Dec,13.9,0,62.5,0,44.6,4,MEDIUM
STU-09829,3,public_state,2023,Term1_Sep_Dec,24.6,0,55.7,7,57.1,1,MEDIUM
STU-09830,2,low_cost_private,2024,Term3_Apr_Jul,70.4,0,57.6,0,58.2,0,MEDIUM
STU-09831,3,public_state,2024,Term1_Sep_Dec,22.4,0,63.5,10,48.5,1,MEDIUM
STU-09832,2,low_cost_private,2024,Term2_Jan_Apr,21.4,0,86.1,1,71.9,0,LOW
STU-09833,2,low_cost_private,2024,Term1_Sep_Dec,35.3,0,22.1,15,31.5,2,HIGH
STU-09834,3,public_state,2025,Term3_Apr_Jul,17.3,0,50.2,8,63.2,0,MEDIUM
STU-09835,2,low_cost_private,2023,Term1_Sep_Dec,47.4,0,45.3,4,36.4,5,HIGH
STU-09836,3,public_state,2023,Term3_Apr_Jul,60,0,40.6,3,40.6,2,HIGH
STU-09837,1,elite_private,2024,Term3_Apr_Jul,0,1,99.2,1,94.7,0,LOW
STU-09838,3,public_state,2023,Term2_Jan_Apr,9.9,0,67.6,0,27.0,4,MEDIUM
STU-09839,3,public_state,2024,Term2_Jan_Apr,60,0,49.0,10,53.7,1,HIGH
STU-09840,2,low_cost_private,2023,Term3_Apr_Jul,18.6,0,44.4,13,52.9,3,HIGH
STU-09841,3,public_state,2024,Term3_Apr_Jul,28.6,0,46.2,10,52.7,2,HIGH
STU-09842,3,public_state,2023,Term2_Jan_Apr,19.3,0,50.1,1,44.6,2,MEDIUM
STU-09843,1,elite_private,2023,Term2_Jan_Apr,0,1,100,0,92.9,0,LOW
STU-09844,3,public_state,2025,Term2_Jan_Apr,29.7,0,79.2,1,33.0,3,MEDIUM
STU-09845,2,low_cost_private,2025,Term3_Apr_Jul,71.5,0,44.1,13,41.2,2,HIGH
STU-09846,2,low_cost_private,2025,Term1_Sep_Dec,17.5,0,87.8,1,72.4,0,LOW
STU-09847,2,low_cost_private,2025,Term3_Apr_Jul,45.3,0,60.3,6,53.2,1,MEDIUM
STU-09848,2,low_cost_private,2024,Term3_Apr_Jul,31.8,0,50.7,13,40.4,2,HIGH
STU-09849,3,public_state,2024,Term2_Jan_Apr,19.6,0,51.9,4,28.1,4,HIGH
STU-09850,1,elite_private,2023,Term3_Apr_Jul,14,0,,,,,WITHDRAWN
STU-09851,2,low_cost_private,2023,Term3_Apr_Jul,29.2,0,49.2,8,34.7,4,HIGH
STU-09852,3,public_state,2023,Term3_Apr_Jul,9.2,0,32.0,8,25,3,HIGH
STU-09853,1,elite_private,2024,Term3_Apr_Jul,10.4,0,83.0,2,85,0,LOW
STU-09854,2,low_cost_private,2023,Term1_Sep_Dec,24.0,0,50.4,8,48.0,2,MEDIUM
STU-09855,2,low_cost_private,2025,Term2_Jan_Apr,46.0,0,38.3,9,36.7,4,HIGH
STU-09856,3,public_state,2023,Term1_Sep_Dec,8.1,0,48.0,9,37.7,2,HIGH
STU-09857,1,elite_private,2024,Term1_Sep_Dec,0,1,97.9,1,94.3,0,LOW
STU-09858,2,low_cost_private,2023,Term2_Jan_Apr,26.3,0,32.9,7,20,4,HIGH
STU-09859,2,low_cost_private,2023,Term2_Jan_Apr,16.5,0,39.0,9,25.3,5,HIGH
STU-09860,2,low_cost_private,2023,Term1_Sep_Dec,26.4,0,41.1,8,21.7,4,HIGH
STU-09861,2,low_cost_private,2023,Term1_Sep_Dec,20.5,0,39.1,6,20,3,HIGH
STU-09862,2,low_cost_private,2024,Term1_Sep_Dec,47.6,0,60.5,2,27.6,5,HIGH
STU-09863,3,public_state,2025,Term3_Apr_Jul,37.1,0,37.4,4,59.2,0,MEDIUM
STU-09864,1,elite_private,2023,Term2_Jan_Apr,0,1,100,0,91.8,0,LOW
STU-09865,1,elite_private,2025,Term1_Sep_Dec,0,1,97.8,1,87.4,0,LOW
STU-09866,2,low_cost_private,2025,Term1_Sep_Dec,26.6,0,30.2,11,30.4,5,HIGH
STU-09867,3,public_state,2024,Term3_Apr_Jul,33.3,0,34.0,3,46.9,4,HIGH
STU-09868,3,public_state,2024,Term3_Apr_Jul,19.3,0,45.8,8,24.1,4,HIGH
STU-09869,1,elite_private,2025,Term1_Sep_Dec,0,1,98.4,2,90.9,0,LOW
STU-09870,3,public_state,2023,Term2_Jan_Apr,21.6,0,51.5,6,46.9,3,MEDIUM
STU-09871,1,elite_private,2024,Term3_Apr_Jul,0,1,100,0,90.3,0,LOW
STU-09872,1,elite_private,2023,Term2_Jan_Apr,0,1,100,0,85.5,0,LOW
STU-09873,2,low_cost_private,2023,Term1_Sep_Dec,60.0,0,56.6,8,55.7,2,MEDIUM
STU-09874,1,elite_private,2025,Term1_Sep_Dec,0,1,99.2,1,97.0,0,LOW
STU-09875,3,public_state,2025,Term2_Jan_Apr,24.6,0,68.6,1,70.0,0,LOW
STU-09876,3,public_state,2025,Term1_Sep_Dec,15.4,0,57.2,8,40.6,2,MEDIUM
STU-09877,1,elite_private,2023,Term1_Sep_Dec,0,1,100,0,89.7,0,LOW
STU-09878,3,public_state,2025,Term3_Apr_Jul,0,1,53.1,0,23.1,3,MEDIUM
STU-09879,3,public_state,2024,Term1_Sep_Dec,24.5,0,37.2,4,20,2,HIGH
STU-09880,3,public_state,2024,Term1_Sep_Dec,60,0,48.5,6,31.5,5,HIGH
STU-09881,2,low_cost_private,2024,Term2_Jan_Apr,60.4,0,59.3,6,51.0,1,HIGH
STU-09882,1,elite_private,2025,Term3_Apr_Jul,0,1,99.2,1,86.4,0,LOW
STU-09883,3,public_state,2025,Term1_Sep_Dec,8.9,0,89.4,1,79.3,0,LOW
STU-09884,2,low_cost_private,2025,Term2_Jan_Apr,67.3,0,46.4,6,38.2,3,HIGH
STU-09885,2,low_cost_private,2023,Term3_Apr_Jul,59.8,0,47.2,4,30.6,6,HIGH
STU-09886,3,public_state,2024,Term3_Apr_Jul,8.4,0,58.0,0,36.8,3,MEDIUM
STU-09887,1,elite_private,2024,Term2_Jan_Apr,0,1,100,0,95.4,0,LOW
STU-09888,3,public_state,2024,Term3_Apr_Jul,19.9,0,30.4,1,20,3,HIGH
STU-09889,2,low_cost_private,2023,Term2_Jan_Apr,86.1,0,71.9,4,34.0,5,HIGH
STU-09890,2,low_cost_private,2025,Term3_Apr_Jul,38.3,0,58.5,0,71.2,0,LOW
STU-09891,2,low_cost_private,2023,Term2_Jan_Apr,13.0,0,56.5,5,27.4,6,HIGH
STU-09892,2,low_cost_private,2023,Term1_Sep_Dec,64.3,0,49.9,10,27.7,7,HIGH
STU-09893,1,elite_private,2023,Term3_Apr_Jul,0,1,99.2,1,85.7,0,LOW
STU-09894,1,elite_private,2023,Term3_Apr_Jul,0,1,100,0,88.4,0,LOW
STU-09895,2,low_cost_private,2024,Term3_Apr_Jul,78.7,0,51.1,0,35.3,5,HIGH
STU-09896,3,public_state,2023,Term1_Sep_Dec,30.0,0,45.2,0,20,3,MEDIUM
STU-09897,3,public_state,2023,Term3_Apr_Jul,3.2,0,49.0,0,79.3,0,LOW
STU-09898,3,public_state,2024,Term2_Jan_Apr,14.3,0,65.9,1,48.3,2,MEDIUM
STU-09899,2,low_cost_private,2023,Term1_Sep_Dec,26.3,0,34.6,12,35.8,5,HIGH
STU-09900,2,low_cost_private,2024,Term1_Sep_Dec,72.6,0,53.6,11,46.8,1,HIGH
STU-09901,3,public_state,2025,Term2_Jan_Apr,5.1,0,39.4,14,28.8,3,HIGH
STU-09902,2,low_cost_private,2025,Term1_Sep_Dec,64.2,0,66.2,4,52.5,4,HIGH
STU-09903,1,elite_private,2024,Term3_Apr_Jul,0,1,99.2,1,80.6,0,LOW
STU-09904,2,low_cost_private,2023,Term2_Jan_Apr,21.1,0,86.4,2,73.0,0,LOW
STU-09905,2,low_cost_private,2024,Term1_Sep_Dec,64.2,0,39.3,4,47.4,1,HIGH
STU-09906,3,public_state,2024,Term1_Sep_Dec,1.2,0,71.5,4,58.0,0,LOW
STU-09907,2,low_cost_private,2025,Term3_Apr_Jul,15.5,0,87.4,0,79.0,0,LOW
STU-09908,2,low_cost_private,2025,Term3_Apr_Jul,16.8,0,85.2,0,77.6,0,LOW
STU-09909,2,low_cost_private,2023,Term3_Apr_Jul,61.0,0,42.6,11,54.5,4,HIGH
STU-09910,3,public_state,2025,Term2_Jan_Apr,27.5,0,75.8,0,46.1,1,LOW
STU-09911,3,public_state,2023,Term1_Sep_Dec,54.5,0,54.6,4,32.2,5,HIGH
STU-09912,1,elite_private,2023,Term2_Jan_Apr,0,1,60.8,0,73.6,0,LOW
STU-09913,2,low_cost_private,2024,Term2_Jan_Apr,69.3,0,50.0,0,45.1,3,MEDIUM
STU-09914,1,elite_private,2024,Term1_Sep_Dec,0,1,98.0,1,95.5,0,LOW
STU-09915,3,public_state,2023,Term1_Sep_Dec,37.2,0,36.9,8,23.6,3,HIGH
STU-09916,3,public_state,2025,Term1_Sep_Dec,55.6,0,45.4,3,59.1,0,MEDIUM
STU-09917,3,public_state,2024,Term3_Apr_Jul,16.8,0,32.0,2,20,4,HIGH
STU-09918,3,public_state,2024,Term3_Apr_Jul,51.3,0,20.6,8,48.2,2,HIGH
STU-09919,3,public_state,2024,Term3_Apr_Jul,5.5,0,82.2,0,69.0,0,LOW
STU-09920,3,public_state,2023,Term2_Jan_Apr,24.4,0,55.6,12,26.5,2,HIGH
STU-09921,3,public_state,2023,Term3_Apr_Jul,3.9,0,56.7,0,46.8,2,MEDIUM
STU-09922,2,low_cost_private,2024,Term3_Apr_Jul,30.4,0,46.8,2,52.3,1,MEDIUM
STU-09923,2,low_cost_private,2025,Term2_Jan_Apr,42.5,0,33.0,7,20,3,HIGH
STU-09924,2,low_cost_private,2023,Term2_Jan_Apr,11.5,0,88.2,0,78.9,0,LOW
STU-09925,2,low_cost_private,2024,Term1_Sep_Dec,27.1,0,53.8,4,41.3,3,MEDIUM
STU-09926,1,elite_private,2024,Term2_Jan_Apr,2.3,0,81.6,1,74.0,0,LOW
STU-09927,3,public_state,2025,Term3_Apr_Jul,54.9,0,45.1,2,30.6,3,HIGH
STU-09928,3,public_state,2025,Term1_Sep_Dec,28.0,0,62.9,5,30.7,2,MEDIUM
STU-09929,2,low_cost_private,2025,Term1_Sep_Dec,39.6,0,53.9,2,52.6,2,MEDIUM
STU-09930,1,elite_private,2023,Term1_Sep_Dec,14,0,,,,,WITHDRAWN
STU-09931,2,low_cost_private,2023,Term1_Sep_Dec,78.4,0,50.2,4,50.7,2,HIGH
STU-09932,2,low_cost_private,2024,Term1_Sep_Dec,45.7,0,52.5,14,33.2,4,HIGH
STU-09933,3,public_state,2025,Term3_Apr_Jul,28.3,0,57.3,0,54.2,0,MEDIUM
STU-09934,3,public_state,2024,Term2_Jan_Apr,19.9,0,43.8,0,62.6,0,MEDIUM
STU-09935,2,low_cost_private,2024,Term3_Apr_Jul,28.7,0,71.5,0,73.7,0,LOW
STU-09936,2,low_cost_private,2023,Term3_Apr_Jul,16.7,0,85.7,1,82.2,0,LOW
STU-09937,3,public_state,2024,Term2_Jan_Apr,2.5,0,67.4,6,54.6,3,MEDIUM
STU-09938,2,low_cost_private,2023,Term2_Jan_Apr,14.2,0,90.6,0,62.6,0,LOW
STU-09939,2,low_cost_private,2023,Term3_Apr_Jul,38.3,0,51.0,10,40.8,4,HIGH
STU-09940,2,low_cost_private,2023,Term1_Sep_Dec,54.3,0,50.5,4,53.9,2,MEDIUM
STU-09941,2,low_cost_private,2023,Term2_Jan_Apr,41.6,0,38.4,16,32.3,4,HIGH
STU-09942,3,public_state,2023,Term1_Sep_Dec,8.5,0,91.4,1,69.1,0,LOW
STU-09943,1,elite_private,2023,Term2_Jan_Apr,5.4,0,90.0,0,56.2,0,LOW
STU-09944,1,elite_private,2025,Term1_Sep_Dec,14,0,,,,,WITHDRAWN
STU-09945,1,elite_private,2024,Term2_Jan_Apr,14,0,,,,,WITHDRAWN
STU-09946,2,low_cost_private,2023,Term1_Sep_Dec,80.8,0,59.6,0,45.2,3,MEDIUM
STU-09947,1,elite_private,2024,Term3_Apr_Jul,0,1,99.2,1,92.9,0,LOW
STU-09948,1,elite_private,2023,Term2_Jan_Apr,0,1,99.2,1,89.2,0,LOW
STU-09949,3,public_state,2025,Term1_Sep_Dec,43.9,0,63.2,2,45.0,2,MEDIUM
STU-09950,1,elite_private,2023,Term1_Sep_Dec,0,1,100,0,98.1,0,LOW
STU-09951,1,elite_private,2023,Term1_Sep_Dec,14,0,,,,,WITHDRAWN
STU-09952,1,elite_private,2023,Term1_Sep_Dec,6.7,0,85.7,1,52.1,0,LOW
STU-09953,3,public_state,2024,Term3_Apr_Jul,23.7,0,15.2,6,20,2,HIGH
STU-09954,2,low_cost_private,2023,Term2_Jan_Apr,24.0,0,63.0,0,51.7,1,MEDIUM
STU-09955,2,low_cost_private,2025,Term2_Jan_Apr,37.4,0,66.4,10,67.2,0,MEDIUM
STU-09956,1,elite_private,2025,Term2_Jan_Apr,0,1,96.6,2,92.9,0,LOW
STU-09957,3,public_state,2023,Term2_Jan_Apr,14.0,0,66.1,5,20,3,MEDIUM
STU-09958,1,elite_private,2025,Term2_Jan_Apr,0,1,100,0,86.5,0,LOW
STU-09959,3,public_state,2023,Term3_Apr_Jul,59.5,0,63.9,1,37.2,4,HIGH
STU-09960,1,elite_private,2024,Term2_Jan_Apr,2.3,0,64.4,4,67.6,0,LOW
STU-09961,2,low_cost_private,2023,Term1_Sep_Dec,97.2,0,50.0,11,36.8,5,HIGH
STU-09962,1,elite_private,2024,Term1_Sep_Dec,11.5,0,68.3,3,59.3,2,MEDIUM
STU-09963,3,public_state,2023,Term3_Apr_Jul,22.5,0,47.8,8,27.6,3,HIGH
STU-09964,2,low_cost_private,2023,Term1_Sep_Dec,20.0,0,89.3,0,79.5,0,LOW
STU-09965,3,public_state,2025,Term3_Apr_Jul,5.1,0,80.6,3,77.3,0,LOW
STU-09966,2,low_cost_private,2025,Term2_Jan_Apr,49.5,0,62.8,0,45.4,3,MEDIUM
STU-09967,3,public_state,2025,Term3_Apr_Jul,21.6,0,22.7,0,33.3,2,MEDIUM
STU-09968,3,public_state,2023,Term3_Apr_Jul,19.4,0,50.7,0,25,2,MEDIUM
STU-09969,3,public_state,2024,Term2_Jan_Apr,14.0,0,42.3,5,20,4,HIGH
STU-09970,1,elite_private,2024,Term3_Apr_Jul,8.3,0,51.3,3,80,0,LOW
STU-09971,1,elite_private,2023,Term3_Apr_Jul,0,1,51.6,2,41.5,3,MEDIUM
STU-09972,2,low_cost_private,2023,Term1_Sep_Dec,34.2,0,33.8,9,36.7,4,HIGH
STU-09973,1,elite_private,2023,Term1_Sep_Dec,14,0,,,,,WITHDRAWN
STU-09974,3,public_state,2023,Term3_Apr_Jul,24.2,0,50.2,5,38.2,3,HIGH
STU-09975,3,public_state,2023,Term2_Jan_Apr,3.1,0,68.0,7,48.1,0,MEDIUM
STU-09976,2,low_cost_private,2023,Term1_Sep_Dec,19.5,0,66.3,7,46.0,0,MEDIUM
STU-09977,1,elite_private,2023,Term1_Sep_Dec,0,1,99.2,1,87.6,0,LOW
STU-09978,2,low_cost_private,2023,Term3_Apr_Jul,15.3,0,83.0,1,79.6,0,LOW
STU-09979,3,public_state,2025,Term1_Sep_Dec,13.6,0,57.7,1,25,3,MEDIUM
STU-09980,3,public_state,2024,Term1_Sep_Dec,10.8,0,59.5,8,24.8,2,MEDIUM
STU-09981,2,low_cost_private,2024,Term3_Apr_Jul,16.5,0,84.5,0,75.4,0,LOW
STU-09982,2,low_cost_private,2023,Term3_Apr_Jul,43.3,0,56.6,7,20,2,HIGH
STU-09983,3,public_state,2024,Term2_Jan_Apr,27.5,0,63.0,3,34.0,4,HIGH
STU-09984,2,low_cost_private,2025,Term3_Apr_Jul,16.0,0,87.0,0,82.7,0,LOW
STU-09985,2,low_cost_private,2023,Term3_Apr_Jul,31.4,0,30.0,9,27.1,4,HIGH
STU-09986,2,low_cost_private,2024,Term1_Sep_Dec,95.7,0,58.7,2,33.4,4,HIGH
STU-09987,2,low_cost_private,2024,Term1_Sep_Dec,79.7,0,46.4,2,70.9,0,MEDIUM
STU-09988,3,public_state,2024,Term2_Jan_Apr,10.1,0,46.8,10,32.4,4,HIGH
STU-09989,2,low_cost_private,2024,Term2_Jan_Apr,65.0,0,28.8,15,36.6,5,HIGH
STU-09990,1,elite_private,2024,Term2_Jan_Apr,0,1,98.4,2,96.8,0,LOW
STU-09991,3,public_state,2023,Term3_Apr_Jul,27.4,0,33.6,1,63.5,0,MEDIUM
STU-09992,3,public_state,2025,Term2_Jan_Apr,60,0,54.3,10,27.9,4,HIGH
STU-09993,1,elite_private,2023,Term2_Jan_Apr,0,1,99.2,1,97.3,0,LOW
STU-09994,3,public_state,2023,Term3_Apr_Jul,60,0,41.3,0,29.5,4,HIGH
STU-09995,1,elite_private,2023,Term3_Apr_Jul,1.4,0,99.2,1,91.1,0,LOW
STU-09996,1,elite_private,2023,Term1_Sep_Dec,0,1,97.6,3,88.4,0,LOW
STU-09997,1,elite_private,2023,Term3_Apr_Jul,14,0,,,,,WITHDRAWN
STU-09998,1,elite_private,2023,Term2_Jan_Apr,0,1,98.4,1,85.8,0,LOW
STU-09999,1,elite_private,2025,Term2_Jan_Apr,14,0,,,,,WITHDRAWN
STU-10000,3,public_state,2025,Term2_Jan_Apr,30.3,0,28.8,16,25.1,2,HIGH
