teacher_id,school_id,teacher_name,persona,teacher_availability_mask,preferred_time_window,consecutive_period_preference,subjects_taught,class_arm_eligibility,room_strictness,years_of_experience,employment_type,cds_blocked_day,min_rest_periods_required
TCH-00001,SCH-001,Obinna Garba,overworked_generalist,11111,scattered,5,Basic Technology|CRS|PHE,any,very_low,3,full_time_underpaid,,
TCH-00002,SCH-001,Adaeze Suleiman,hustling_subject_specialist,11000,08:00-11:00,2,Physics|Further Mathematics,senior_only,high,4,part_time_multi_school,,
TCH-00003,SCH-001,Aisha Okafor,overworked_generalist,11111,scattered,3,Basic Technology|CRS,any,very_low,8,full_time_underpaid,,
TCH-00004,SCH-001,Emeka Garba,nysc_corper,11110,13:00-15:00,1,Basic Science,junior_only,low,0,nysc_temporary,Friday,
TCH-00005,SCH-001,Oluwaseun Nwosu,veteran_staff_room_boss,11111,08:30-10:30,2,Physics|Biology,senior_only,absolute_priority,23,full_time_senior_staff,,2
TCH-00006,SCH-001,Musa Abubakar,nysc_corper,10111,13:00-15:00,1,Civic Education,junior_only,low,0,nysc_temporary,Tuesday,
TCH-00007,SCH-001,Ifeoma Balogun,veteran_staff_room_boss,11111,08:30-10:30,1,Further Mathematics|Physics,senior_only,absolute_priority,15,full_time_senior_staff,,2
TCH-00008,SCH-001,Emeka Eze,overworked_generalist,11111,scattered,3,PHE|CRS,any,very_low,7,full_time_underpaid,,
TCH-00009,SCH-001,Emeka Chukwu,nysc_corper,11110,13:00-15:00,1,Basic Science|Civic Education,junior_only,low,0,nysc_temporary,Friday,
TCH-00010,SCH-001,Hauwa Mohammed,nysc_corper,01111,13:00-15:00,1,Civic Education,junior_only,low,0,nysc_temporary,Monday,
TCH-00011,SCH-001,Aisha Nwosu,overworked_generalist,11111,scattered,4,Basic Technology|CRS,any,very_low,8,full_time_underpaid,,
TCH-00012,SCH-001,Bashir Balogun,veteran_staff_room_boss,11111,08:30-10:30,2,Further Mathematics,senior_only,absolute_priority,28,full_time_senior_staff,,2
TCH-00013,SCH-001,Tunde Adebayo,overworked_generalist,11111,scattered,4,Basic Technology|CRS,any,very_low,3,full_time_underpaid,,
TCH-00014,SCH-002,Emeka Okoro,overworked_generalist,11111,scattered,4,PHE|Basic Technology,any,very_low,3,full_time_underpaid,,
TCH-00015,SCH-002,Adaeze Eze,veteran_staff_room_boss,11111,08:30-10:30,1,Physics,senior_only,absolute_priority,18,full_time_senior_staff,,2
TCH-00016,SCH-002,Tunde Balogun,nysc_corper,11011,13:00-15:00,1,Basic Science,junior_only,low,0,nysc_temporary,Wednesday,
TCH-00017,SCH-002,Hauwa Mohammed,overworked_generalist,11111,scattered,3,Basic Technology|PHE|CRS,any,very_low,4,full_time_underpaid,,
TCH-00018,SCH-002,Musa Chukwu,nysc_corper,10111,13:00-15:00,1,Basic Science|Civic Education,junior_only,low,0,nysc_temporary,Tuesday,
TCH-00019,SCH-002,Musa Eze,overworked_generalist,11111,scattered,4,Basic Technology|CRS,any,very_low,5,full_time_underpaid,,
TCH-00020,SCH-002,Obinna Garba,hustling_subject_specialist,11010,08:00-11:00,2,Further Mathematics,senior_only,high,8,part_time_multi_school,,
TCH-00021,SCH-002,Hauwa Adebayo,veteran_staff_room_boss,11111,08:30-10:30,1,Biology,senior_only,absolute_priority,21,full_time_senior_staff,,2
TCH-00022,SCH-002,Adaeze Okafor,nysc_corper,11011,13:00-15:00,1,Civic Education,junior_only,low,0,nysc_temporary,Wednesday,
TCH-00023,SCH-002,Obinna Adebayo,overworked_generalist,11111,scattered,4,Basic Technology|PHE,any,very_low,1,full_time_underpaid,,
TCH-00024,SCH-002,Aisha Garba,hustling_subject_specialist,01110,08:00-11:00,3,Economics,senior_only,high,6,part_time_multi_school,,
TCH-00025,SCH-002,Obinna Garba,hustling_subject_specialist,01100,08:00-11:00,3,Physics,senior_only,high,11,part_time_multi_school,,
TCH-00026,SCH-003,Yusuf Okoro,overworked_generalist,11111,scattered,3,Basic Technology|PHE,any,very_low,5,full_time_underpaid,,
TCH-00027,SCH-003,Yusuf Mohammed,overworked_generalist,11111,scattered,4,Basic Technology|PHE,any,very_low,2,full_time_underpaid,,
TCH-00028,SCH-003,Amaka Eze,hustling_subject_specialist,11010,08:00-11:00,3,Physics,senior_only,high,9,part_time_multi_school,,
TCH-00029,SCH-003,Aisha Okoro,nysc_corper,11011,13:00-15:00,1,Basic Science|Civic Education,junior_only,low,0,nysc_temporary,Wednesday,
TCH-00030,SCH-003,Blessing Mohammed,nysc_corper,10111,13:00-15:00,1,Basic Science,junior_only,low,0,nysc_temporary,Tuesday,
TCH-00031,SCH-003,Adaeze Chukwu,nysc_corper,11101,13:00-15:00,1,Basic Science|Civic Education,junior_only,low,0,nysc_temporary,Thursday,
TCH-00032,SCH-003,Emeka Adeyemi,veteran_staff_room_boss,11111,08:30-10:30,1,Chemistry,senior_only,absolute_priority,23,full_time_senior_staff,,2
TCH-00033,SCH-003,Tunde Chukwu,overworked_generalist,11111,scattered,3,CRS|Basic Technology|PHE,any,very_low,1,full_time_underpaid,,
TCH-00034,SCH-003,Blessing Eze,nysc_corper,01111,13:00-15:00,1,Civic Education|Basic Science,junior_only,low,0,nysc_temporary,Monday,
TCH-00035,SCH-003,Hauwa Nwosu,hustling_subject_specialist,10010,08:00-11:00,2,Economics|Further Mathematics,senior_only,high,10,part_time_multi_school,,
TCH-00036,SCH-003,Blessing Balogun,hustling_subject_specialist,11100,08:00-11:00,2,Further Mathematics|Physics,senior_only,high,11,part_time_multi_school,,
TCH-00037,SCH-003,Emeka Eze,veteran_staff_room_boss,11111,08:30-10:30,2,Physics|Chemistry,senior_only,absolute_priority,24,full_time_senior_staff,,2
TCH-00038,SCH-003,Emeka Abubakar,hustling_subject_specialist,01110,08:00-11:00,2,Economics,senior_only,high,8,part_time_multi_school,,
TCH-00039,SCH-003,Hauwa Eze,nysc_corper,11011,13:00-15:00,1,Basic Science|Civic Education,junior_only,low,0,nysc_temporary,Wednesday,
TCH-00040,SCH-003,Hauwa Abubakar,nysc_corper,01111,13:00-15:00,1,Basic Science,junior_only,low,0,nysc_temporary,Monday,
TCH-00041,SCH-004,Kunle Nwosu,veteran_staff_room_boss,11111,08:30-10:30,1,Further Mathematics,senior_only,absolute_priority,20,full_time_senior_staff,,2
TCH-00042,SCH-004,Yusuf Okoro,overworked_generalist,11111,scattered,3,Basic Technology|PHE,any,very_low,8,full_time_underpaid,,
TCH-00043,SCH-004,Bashir Abubakar,veteran_staff_room_boss,11111,08:30-10:30,2,Biology|Physics,senior_only,absolute_priority,23,full_time_senior_staff,,2
TCH-00044,SCH-004,Oluwaseun Chukwu,nysc_corper,11110,13:00-15:00,1,Civic Education,junior_only,low,0,nysc_temporary,Friday,
TCH-00045,SCH-004,Hauwa Nwosu,nysc_corper,01111,13:00-15:00,1,Civic Education,junior_only,low,0,nysc_temporary,Monday,
TCH-00046,SCH-004,Musa Nwosu,overworked_generalist,11111,scattered,3,Basic Technology|PHE|CRS,any,very_low,8,full_time_underpaid,,
TCH-00047,SCH-004,Ifeoma Garba,overworked_generalist,11111,scattered,3,CRS|PHE,any,very_low,2,full_time_underpaid,,
TCH-00048,SCH-004,Adaeze Chukwu,hustling_subject_specialist,11000,08:00-11:00,2,Economics|Further Mathematics,senior_only,high,4,part_time_multi_school,,
TCH-00049,SCH-004,Bashir Adebayo,hustling_subject_specialist,10100,08:00-11:00,2,Further Mathematics|Economics,senior_only,high,7,part_time_multi_school,,
TCH-00050,SCH-004,Hauwa Garba,veteran_staff_room_boss,11111,08:30-10:30,1,Chemistry|Physics,senior_only,absolute_priority,15,full_time_senior_staff,,2
TCH-00051,SCH-004,Kunle Adeyemi,nysc_corper,01111,13:00-15:00,1,Basic Science,junior_only,low,0,nysc_temporary,Monday,
TCH-00052,SCH-004,Fatima Adeyemi,veteran_staff_room_boss,11111,08:30-10:30,1,Biology|Chemistry,senior_only,absolute_priority,21,full_time_senior_staff,,2
TCH-00053,SCH-005,Hauwa Nwosu,nysc_corper,01111,13:00-15:00,1,Civic Education,junior_only,low,0,nysc_temporary,Monday,
TCH-00054,SCH-005,Ifeoma Balogun,overworked_generalist,11111,scattered,4,CRS|Basic Technology|PHE,any,very_low,6,full_time_underpaid,,
TCH-00055,SCH-005,Obinna Abubakar,overworked_generalist,11111,scattered,5,CRS|Basic Technology|PHE,any,very_low,3,full_time_underpaid,,
TCH-00056,SCH-005,Emeka Adeyemi,nysc_corper,11110,13:00-15:00,1,Basic Science|Civic Education,junior_only,low,0,nysc_temporary,Friday,
TCH-00057,SCH-005,Yusuf Okoro,overworked_generalist,11111,scattered,4,Basic Technology|CRS|PHE,any,very_low,5,full_time_underpaid,,
TCH-00058,SCH-005,Oluwaseun Abubakar,nysc_corper,01111,13:00-15:00,1,Basic Science|Civic Education,junior_only,low,0,nysc_temporary,Monday,
TCH-00059,SCH-005,Ifeoma Suleiman,overworked_generalist,11111,scattered,4,CRS|PHE,any,very_low,8,full_time_underpaid,,
TCH-00060,SCH-005,Oluwaseun Nwosu,overworked_generalist,11111,scattered,3,Basic Technology|PHE|CRS,any,very_low,5,full_time_underpaid,,
TCH-00061,SCH-005,Emeka Okoro,veteran_staff_room_boss,11111,08:30-10:30,2,Further Mathematics,senior_only,absolute_priority,16,full_time_senior_staff,,2
TCH-00062,SCH-005,Ifeoma Adeyemi,veteran_staff_room_boss,11111,08:30-10:30,2,Chemistry,senior_only,absolute_priority,17,full_time_senior_staff,,2
TCH-00063,SCH-005,Oluwaseun Chukwu,hustling_subject_specialist,01100,08:00-11:00,2,Further Mathematics|Physics,senior_only,high,4,part_time_multi_school,,
TCH-00064,SCH-005,Musa Eze,hustling_subject_specialist,10010,08:00-11:00,3,Economics|Further Mathematics,senior_only,high,7,part_time_multi_school,,
TCH-00065,SCH-005,Yusuf Okoro,veteran_staff_room_boss,11111,08:30-10:30,1,Biology|Further Mathematics,senior_only,absolute_priority,18,full_time_senior_staff,,2
TCH-00066,SCH-005,Yusuf Chukwu,nysc_corper,01111,13:00-15:00,1,Basic Science,junior_only,low,0,nysc_temporary,Monday,
TCH-00067,SCH-005,Fatima Okoro,overworked_generalist,11111,scattered,3,CRS|PHE,any,very_low,8,full_time_underpaid,,
TCH-00068,SCH-005,Kunle Garba,veteran_staff_room_boss,11111,08:30-10:30,2,Chemistry,senior_only,absolute_priority,18,full_time_senior_staff,,2
TCH-00069,SCH-006,Aisha Eze,nysc_corper,01111,13:00-15:00,1,Civic Education,junior_only,low,0,nysc_temporary,Monday,
TCH-00070,SCH-006,Bashir Eze,overworked_generalist,11111,scattered,4,Basic Technology|CRS|PHE,any,very_low,6,full_time_underpaid,,
TCH-00071,SCH-006,Kunle Adeyemi,overworked_generalist,11111,scattered,4,CRS|PHE|Basic Technology,any,very_low,8,full_time_underpaid,,
TCH-00072,SCH-006,Musa Nwosu,overworked_generalist,11111,scattered,3,PHE|Basic Technology|CRS,any,very_low,7,full_time_underpaid,,
TCH-00073,SCH-006,Tunde Mohammed,veteran_staff_room_boss,11111,08:30-10:30,2,Chemistry|Biology,senior_only,absolute_priority,29,full_time_senior_staff,,2
TCH-00074,SCH-006,Tunde Adebayo,nysc_corper,10111,13:00-15:00,1,Basic Science|Civic Education,junior_only,low,0,nysc_temporary,Tuesday,
TCH-00075,SCH-006,Chiamaka Chukwu,nysc_corper,01111,13:00-15:00,1,Basic Science|Civic Education,junior_only,low,0,nysc_temporary,Monday,
TCH-00076,SCH-006,Aisha Chukwu,nysc_corper,11101,13:00-15:00,1,Basic Science|Civic Education,junior_only,low,0,nysc_temporary,Thursday,
TCH-00077,SCH-006,Aisha Eze,nysc_corper,11110,13:00-15:00,1,Basic Science|Civic Education,junior_only,low,0,nysc_temporary,Friday,
TCH-00078,SCH-006,Aisha Balogun,hustling_subject_specialist,01110,08:00-11:00,2,Physics,senior_only,high,8,part_time_multi_school,,
TCH-00079,SCH-006,Emeka Eze,overworked_generalist,11111,scattered,4,PHE|Basic Technology,any,very_low,6,full_time_underpaid,,
TCH-00080,SCH-006,Ifeoma Abubakar,overworked_generalist,11111,scattered,3,PHE|CRS|Basic Technology,any,very_low,4,full_time_underpaid,,
TCH-00081,SCH-006,Oluwaseun Balogun,nysc_corper,11011,13:00-15:00,1,Civic Education,junior_only,low,0,nysc_temporary,Wednesday,
TCH-00082,SCH-006,Obinna Adebayo,hustling_subject_specialist,10100,08:00-11:00,3,Physics,senior_only,high,5,part_time_multi_school,,
TCH-00083,SCH-006,Ngozi Nwosu,nysc_corper,01111,13:00-15:00,1,Basic Science|Civic Education,junior_only,low,0,nysc_temporary,Monday,
TCH-00084,SCH-007,Obinna Adeyemi,overworked_generalist,11111,scattered,3,PHE|CRS,any,very_low,5,full_time_underpaid,,
TCH-00085,SCH-007,Blessing Balogun,hustling_subject_specialist,10110,08:00-11:00,3,Economics|Further Mathematics,senior_only,high,10,part_time_multi_school,,
TCH-00086,SCH-007,Aisha Mohammed,overworked_generalist,11111,scattered,5,Basic Technology|PHE|CRS,any,very_low,8,full_time_underpaid,,
TCH-00087,SCH-007,Musa Okafor,veteran_staff_room_boss,11111,08:30-10:30,2,Chemistry|Biology,senior_only,absolute_priority,26,full_time_senior_staff,,2
TCH-00088,SCH-007,Obinna Adebayo,hustling_subject_specialist,01110,08:00-11:00,2,Further Mathematics|Physics,senior_only,high,6,part_time_multi_school,,
TCH-00089,SCH-007,Bashir Adebayo,nysc_corper,11101,13:00-15:00,1,Civic Education|Basic Science,junior_only,low,0,nysc_temporary,Thursday,
TCH-00090,SCH-007,Chinedu Mohammed,nysc_corper,01111,13:00-15:00,1,Civic Education|Basic Science,junior_only,low,0,nysc_temporary,Monday,
TCH-00091,SCH-007,Chinedu Abubakar,overworked_generalist,11111,scattered,4,PHE|Basic Technology|CRS,any,very_low,3,full_time_underpaid,,
TCH-00092,SCH-007,Chiamaka Abubakar,nysc_corper,01111,13:00-15:00,1,Basic Science|Civic Education,junior_only,low,0,nysc_temporary,Monday,
TCH-00093,SCH-007,Oluwaseun Chukwu,veteran_staff_room_boss,11111,08:30-10:30,2,Further Mathematics,senior_only,absolute_priority,29,full_time_senior_staff,,2
TCH-00094,SCH-007,Aisha Balogun,nysc_corper,11011,13:00-15:00,1,Basic Science,junior_only,low,0,nysc_temporary,Wednesday,
TCH-00095,SCH-007,Adaeze Suleiman,veteran_staff_room_boss,11111,08:30-10:30,1,Further Mathematics,senior_only,absolute_priority,28,full_time_senior_staff,,2
TCH-00096,SCH-007,Hauwa Suleiman,nysc_corper,11110,13:00-15:00,1,Basic Science,junior_only,low,0,nysc_temporary,Friday,
TCH-00097,SCH-007,Obinna Balogun,veteran_staff_room_boss,11111,08:30-10:30,1,Further Mathematics,senior_only,absolute_priority,25,full_time_senior_staff,,2
TCH-00098,SCH-007,Fatima Nwosu,hustling_subject_specialist,11100,08:00-11:00,2,Further Mathematics,senior_only,high,10,part_time_multi_school,,
TCH-00099,SCH-007,Tunde Okoro,overworked_generalist,11111,scattered,4,CRS|PHE|Basic Technology,any,very_low,1,full_time_underpaid,,
TCH-00100,SCH-008,Hauwa Okoro,overworked_generalist,11111,scattered,5,Basic Technology|CRS,any,very_low,2,full_time_underpaid,,
TCH-00101,SCH-008,Aisha Adeyemi,overworked_generalist,11111,scattered,3,CRS|PHE,any,very_low,3,full_time_underpaid,,
TCH-00102,SCH-008,Obinna Adebayo,veteran_staff_room_boss,11111,08:30-10:30,1,Physics,senior_only,absolute_priority,18,full_time_senior_staff,,2
TCH-00103,SCH-008,Amaka Eze,veteran_staff_room_boss,11111,08:30-10:30,2,Further Mathematics|Physics,senior_only,absolute_priority,22,full_time_senior_staff,,2
TCH-00104,SCH-008,Hauwa Nwosu,veteran_staff_room_boss,11111,08:30-10:30,2,Chemistry,senior_only,absolute_priority,17,full_time_senior_staff,,2
TCH-00105,SCH-008,Chiamaka Eze,overworked_generalist,11111,scattered,4,CRS|Basic Technology|PHE,any,very_low,6,full_time_underpaid,,
TCH-00106,SCH-008,Aisha Eze,hustling_subject_specialist,11010,08:00-11:00,3,Further Mathematics,senior_only,high,11,part_time_multi_school,,
TCH-00107,SCH-008,Chiamaka Adeyemi,nysc_corper,11101,13:00-15:00,1,Basic Science,junior_only,low,0,nysc_temporary,Thursday,
TCH-00108,SCH-008,Aisha Adeyemi,overworked_generalist,11111,scattered,3,Basic Technology|PHE|CRS,any,very_low,5,full_time_underpaid,,
TCH-00109,SCH-008,Oluwaseun Adebayo,overworked_generalist,11111,scattered,5,Basic Technology|CRS,any,very_low,2,full_time_underpaid,,
TCH-00110,SCH-008,Hauwa Okoro,overworked_generalist,11111,scattered,5,CRS|PHE|Basic Technology,any,very_low,6,full_time_underpaid,,
TCH-00111,SCH-008,Oluwaseun Okafor,overworked_generalist,11111,scattered,3,Basic Technology|PHE,any,very_low,5,full_time_underpaid,,
TCH-00112,SCH-009,Chinedu Okafor,veteran_staff_room_boss,11111,08:30-10:30,1,Biology,senior_only,absolute_priority,21,full_time_senior_staff,,2
TCH-00113,SCH-009,Musa Suleiman,overworked_generalist,11111,scattered,3,CRS|PHE|Basic Technology,any,very_low,6,full_time_underpaid,,
TCH-00114,SCH-009,Kunle Garba,nysc_corper,11011,13:00-15:00,1,Civic Education,junior_only,low,0,nysc_temporary,Wednesday,
TCH-00115,SCH-009,Ngozi Nwosu,veteran_staff_room_boss,11111,08:30-10:30,1,Physics,senior_only,absolute_priority,17,full_time_senior_staff,,2
TCH-00116,SCH-009,Yusuf Suleiman,nysc_corper,01111,13:00-15:00,1,Civic Education|Basic Science,junior_only,low,0,nysc_temporary,Monday,
TCH-00117,SCH-009,Blessing Chukwu,hustling_subject_specialist,10100,08:00-11:00,2,Physics,senior_only,high,11,part_time_multi_school,,
TCH-00118,SCH-009,Yusuf Chukwu,nysc_corper,11110,13:00-15:00,1,Civic Education|Basic Science,junior_only,low,0,nysc_temporary,Friday,
TCH-00119,SCH-009,Chinedu Mohammed,hustling_subject_specialist,01100,08:00-11:00,3,Economics,senior_only,high,9,part_time_multi_school,,
TCH-00120,SCH-009,Chiamaka Balogun,nysc_corper,01111,13:00-15:00,1,Civic Education|Basic Science,junior_only,low,0,nysc_temporary,Monday,
TCH-00121,SCH-009,Amaka Eze,hustling_subject_specialist,11010,08:00-11:00,2,Physics,senior_only,high,4,part_time_multi_school,,
TCH-00122,SCH-010,Musa Mohammed,veteran_staff_room_boss,11111,08:30-10:30,2,Chemistry,senior_only,absolute_priority,29,full_time_senior_staff,,2
TCH-00123,SCH-010,Amaka Adeyemi,hustling_subject_specialist,01010,08:00-11:00,3,Further Mathematics|Economics,senior_only,high,6,part_time_multi_school,,
TCH-00124,SCH-010,Obinna Balogun,veteran_staff_room_boss,11111,08:30-10:30,2,Further Mathematics,senior_only,absolute_priority,17,full_time_senior_staff,,2
TCH-00125,SCH-010,Musa Eze,nysc_corper,11101,13:00-15:00,1,Civic Education,junior_only,low,0,nysc_temporary,Thursday,
TCH-00126,SCH-010,Ngozi Chukwu,nysc_corper,11110,13:00-15:00,1,Basic Science|Civic Education,junior_only,low,0,nysc_temporary,Friday,
TCH-00127,SCH-010,Kunle Balogun,overworked_generalist,11111,scattered,3,PHE|CRS|Basic Technology,any,very_low,5,full_time_underpaid,,
TCH-00128,SCH-010,Ifeoma Suleiman,veteran_staff_room_boss,11111,08:30-10:30,1,Physics|Chemistry,senior_only,absolute_priority,17,full_time_senior_staff,,2
TCH-00129,SCH-010,Emeka Okoro,overworked_generalist,11111,scattered,3,Basic Technology|CRS|PHE,any,very_low,6,full_time_underpaid,,
TCH-00130,SCH-010,Kunle Suleiman,overworked_generalist,11111,scattered,4,PHE|CRS,any,very_low,4,full_time_underpaid,,
TCH-00131,SCH-010,Hauwa Okoro,hustling_subject_specialist,11000,08:00-11:00,3,Economics,senior_only,high,7,part_time_multi_school,,
TCH-00132,SCH-010,Oluwaseun Adebayo,veteran_staff_room_boss,11111,08:30-10:30,2,Biology,senior_only,absolute_priority,20,full_time_senior_staff,,2
TCH-00133,SCH-010,Fatima Chukwu,nysc_corper,10111,13:00-15:00,1,Basic Science|Civic Education,junior_only,low,0,nysc_temporary,Tuesday,
TCH-00134,SCH-010,Amaka Abubakar,overworked_generalist,11111,scattered,3,PHE|Basic Technology|CRS,any,very_low,7,full_time_underpaid,,
TCH-00135,SCH-010,Bashir Chukwu,nysc_corper,01111,13:00-15:00,1,Civic Education|Basic Science,junior_only,low,0,nysc_temporary,Monday,
TCH-00136,SCH-010,Ngozi Garba,nysc_corper,11011,13:00-15:00,1,Basic Science,junior_only,low,0,nysc_temporary,Wednesday,
TCH-00137,SCH-011,Aisha Adebayo,overworked_generalist,11111,scattered,4,PHE|Basic Technology,any,very_low,6,full_time_underpaid,,
TCH-00138,SCH-011,Ngozi Nwosu,nysc_corper,11101,13:00-15:00,1,Civic Education,junior_only,low,0,nysc_temporary,Thursday,
TCH-00139,SCH-011,Emeka Nwosu,nysc_corper,11110,13:00-15:00,1,Civic Education,junior_only,low,0,nysc_temporary,Friday,
TCH-00140,SCH-011,Obinna Mohammed,overworked_generalist,11111,scattered,5,CRS|PHE|Basic Technology,any,very_low,2,full_time_underpaid,,
TCH-00141,SCH-011,Blessing Chukwu,overworked_generalist,11111,scattered,5,PHE|Basic Technology,any,very_low,6,full_time_underpaid,,
TCH-00142,SCH-011,Fatima Mohammed,overworked_generalist,11111,scattered,4,PHE|CRS,any,very_low,7,full_time_underpaid,,
TCH-00143,SCH-011,Kunle Mohammed,veteran_staff_room_boss,11111,08:30-10:30,1,Further Mathematics|Physics,senior_only,absolute_priority,28,full_time_senior_staff,,2
TCH-00144,SCH-011,Fatima Abubakar,overworked_generalist,11111,scattered,3,Basic Technology|PHE,any,very_low,6,full_time_underpaid,,
TCH-00145,SCH-011,Aisha Adebayo,overworked_generalist,11111,scattered,3,PHE|Basic Technology|CRS,any,very_low,4,full_time_underpaid,,
TCH-00146,SCH-011,Musa Suleiman,veteran_staff_room_boss,11111,08:30-10:30,2,Biology,senior_only,absolute_priority,17,full_time_senior_staff,,2
TCH-00147,SCH-012,Bashir Mohammed,hustling_subject_specialist,01010,08:00-11:00,3,Further Mathematics|Physics,senior_only,high,11,part_time_multi_school,,
TCH-00148,SCH-012,Adaeze Suleiman,overworked_generalist,11111,scattered,5,Basic Technology|PHE,any,very_low,5,full_time_underpaid,,
TCH-00149,SCH-012,Musa Mohammed,hustling_subject_specialist,10100,08:00-11:00,3,Physics,senior_only,high,8,part_time_multi_school,,
TCH-00150,SCH-012,Bashir Garba,overworked_generalist,11111,scattered,3,CRS|Basic Technology|PHE,any,very_low,5,full_time_underpaid,,
TCH-00151,SCH-012,Ifeoma Okoro,overworked_generalist,11111,scattered,4,CRS|Basic Technology,any,very_low,4,full_time_underpaid,,
TCH-00152,SCH-012,Chiamaka Adeyemi,overworked_generalist,11111,scattered,5,Basic Technology|PHE|CRS,any,very_low,8,full_time_underpaid,,
TCH-00153,SCH-012,Ifeoma Nwosu,overworked_generalist,11111,scattered,3,CRS|PHE,any,very_low,3,full_time_underpaid,,
TCH-00154,SCH-012,Chinedu Adebayo,veteran_staff_room_boss,11111,08:30-10:30,1,Physics,senior_only,absolute_priority,28,full_time_senior_staff,,2
TCH-00155,SCH-012,Aisha Balogun,overworked_generalist,11111,scattered,5,PHE|Basic Technology|CRS,any,very_low,3,full_time_underpaid,,
TCH-00156,SCH-012,Aisha Okafor,nysc_corper,11011,13:00-15:00,1,Civic Education,junior_only,low,0,nysc_temporary,Wednesday,
TCH-00157,SCH-012,Chiamaka Adeyemi,veteran_staff_room_boss,11111,08:30-10:30,1,Biology|Chemistry,senior_only,absolute_priority,28,full_time_senior_staff,,2
TCH-00158,SCH-012,Oluwaseun Adeyemi,veteran_staff_room_boss,11111,08:30-10:30,1,Chemistry|Physics,senior_only,absolute_priority,16,full_time_senior_staff,,2
TCH-00159,SCH-012,Emeka Okoro,overworked_generalist,11111,scattered,3,PHE|CRS|Basic Technology,any,very_low,5,full_time_underpaid,,
TCH-00160,SCH-012,Ngozi Abubakar,nysc_corper,11011,13:00-15:00,1,Basic Science,junior_only,low,0,nysc_temporary,Wednesday,
TCH-00161,SCH-013,Yusuf Eze,overworked_generalist,11111,scattered,3,Basic Technology|CRS,any,very_low,7,full_time_underpaid,,
TCH-00162,SCH-013,Musa Adebayo,nysc_corper,01111,13:00-15:00,1,Civic Education|Basic Science,junior_only,low,0,nysc_temporary,Monday,
TCH-00163,SCH-013,Kunle Nwosu,overworked_generalist,11111,scattered,4,PHE|Basic Technology|CRS,any,very_low,2,full_time_underpaid,,
TCH-00164,SCH-013,Ngozi Nwosu,overworked_generalist,11111,scattered,3,PHE|Basic Technology|CRS,any,very_low,1,full_time_underpaid,,
TCH-00165,SCH-013,Blessing Mohammed,hustling_subject_specialist,01010,08:00-11:00,3,Economics,senior_only,high,8,part_time_multi_school,,
TCH-00166,SCH-013,Musa Adeyemi,veteran_staff_room_boss,11111,08:30-10:30,2,Biology|Chemistry,senior_only,absolute_priority,26,full_time_senior_staff,,2
TCH-00167,SCH-013,Fatima Abubakar,nysc_corper,01111,13:00-15:00,1,Basic Science|Civic Education,junior_only,low,0,nysc_temporary,Monday,
TCH-00168,SCH-013,Fatima Eze,hustling_subject_specialist,00110,08:00-11:00,2,Economics|Physics,senior_only,high,7,part_time_multi_school,,
TCH-00169,SCH-013,Blessing Adebayo,overworked_generalist,11111,scattered,4,Basic Technology|PHE|CRS,any,very_low,6,full_time_underpaid,,
TCH-00170,SCH-013,Ifeoma Chukwu,nysc_corper,11011,13:00-15:00,1,Basic Science|Civic Education,junior_only,low,0,nysc_temporary,Wednesday,
TCH-00171,SCH-013,Adaeze Adebayo,overworked_generalist,11111,scattered,3,PHE|CRS,any,very_low,3,full_time_underpaid,,
TCH-00172,SCH-013,Yusuf Abubakar,hustling_subject_specialist,11000,08:00-11:00,3,Physics,senior_only,high,12,part_time_multi_school,,
TCH-00173,SCH-013,Chiamaka Adebayo,hustling_subject_specialist,01100,08:00-11:00,2,Economics,senior_only,high,8,part_time_multi_school,,
TCH-00174,SCH-013,Yusuf Adeyemi,veteran_staff_room_boss,11111,08:30-10:30,1,Further Mathematics|Physics,senior_only,absolute_priority,23,full_time_senior_staff,,2
TCH-00175,SCH-014,Fatima Okoro,nysc_corper,11011,13:00-15:00,1,Civic Education|Basic Science,junior_only,low,0,nysc_temporary,Wednesday,
TCH-00176,SCH-014,Oluwaseun Okafor,overworked_generalist,11111,scattered,4,PHE|CRS|Basic Technology,any,very_low,1,full_time_underpaid,,
TCH-00177,SCH-014,Musa Adebayo,overworked_generalist,11111,scattered,3,CRS|Basic Technology|PHE,any,very_low,4,full_time_underpaid,,
TCH-00178,SCH-014,Amaka Suleiman,hustling_subject_specialist,00110,08:00-11:00,3,Further Mathematics,senior_only,high,11,part_time_multi_school,,
TCH-00179,SCH-014,Obinna Balogun,overworked_generalist,11111,scattered,4,Basic Technology|CRS,any,very_low,2,full_time_underpaid,,
TCH-00180,SCH-014,Adaeze Adebayo,overworked_generalist,11111,scattered,5,CRS|PHE|Basic Technology,any,very_low,5,full_time_underpaid,,
TCH-00181,SCH-014,Aisha Okafor,veteran_staff_room_boss,11111,08:30-10:30,2,Further Mathematics|Physics,senior_only,absolute_priority,17,full_time_senior_staff,,2
TCH-00182,SCH-014,Oluwaseun Okoro,veteran_staff_room_boss,11111,08:30-10:30,1,Further Mathematics|Chemistry,senior_only,absolute_priority,27,full_time_senior_staff,,2
TCH-00183,SCH-014,Ifeoma Okoro,veteran_staff_room_boss,11111,08:30-10:30,2,Further Mathematics|Chemistry,senior_only,absolute_priority,19,full_time_senior_staff,,2
TCH-00184,SCH-014,Bashir Adeyemi,nysc_corper,10111,13:00-15:00,1,Civic Education,junior_only,low,0,nysc_temporary,Tuesday,
TCH-00185,SCH-014,Blessing Abubakar,nysc_corper,11101,13:00-15:00,1,Basic Science|Civic Education,junior_only,low,0,nysc_temporary,Thursday,
TCH-00186,SCH-014,Ngozi Abubakar,veteran_staff_room_boss,11111,08:30-10:30,2,Further Mathematics|Physics,senior_only,absolute_priority,16,full_time_senior_staff,,2
TCH-00187,SCH-014,Adaeze Balogun,hustling_subject_specialist,01100,08:00-11:00,2,Physics,senior_only,high,11,part_time_multi_school,,
TCH-00188,SCH-014,Fatima Suleiman,nysc_corper,11101,13:00-15:00,1,Civic Education,junior_only,low,0,nysc_temporary,Thursday,
TCH-00189,SCH-014,Chiamaka Suleiman,overworked_generalist,11111,scattered,3,Basic Technology|PHE|CRS,any,very_low,1,full_time_underpaid,,
TCH-00190,SCH-014,Yusuf Abubakar,nysc_corper,10111,13:00-15:00,1,Basic Science,junior_only,low,0,nysc_temporary,Tuesday,
TCH-00191,SCH-015,Blessing Eze,veteran_staff_room_boss,11111,08:30-10:30,1,Chemistry|Further Mathematics,senior_only,absolute_priority,21,full_time_senior_staff,,2
TCH-00192,SCH-015,Oluwaseun Suleiman,hustling_subject_specialist,01110,08:00-11:00,3,Further Mathematics|Economics,senior_only,high,7,part_time_multi_school,,
TCH-00193,SCH-015,Hauwa Adeyemi,overworked_generalist,11111,scattered,4,Basic Technology|PHE|CRS,any,very_low,6,full_time_underpaid,,
TCH-00194,SCH-015,Adaeze Adebayo,veteran_staff_room_boss,11111,08:30-10:30,2,Further Mathematics,senior_only,absolute_priority,21,full_time_senior_staff,,2
TCH-00195,SCH-015,Hauwa Eze,overworked_generalist,11111,scattered,4,PHE|Basic Technology,any,very_low,5,full_time_underpaid,,
TCH-00196,SCH-015,Oluwaseun Abubakar,overworked_generalist,11111,scattered,3,Basic Technology|PHE|CRS,any,very_low,2,full_time_underpaid,,
TCH-00197,SCH-015,Kunle Suleiman,nysc_corper,11110,13:00-15:00,1,Civic Education,junior_only,low,0,nysc_temporary,Friday,
TCH-00198,SCH-015,Blessing Mohammed,veteran_staff_room_boss,11111,08:30-10:30,1,Chemistry|Further Mathematics,senior_only,absolute_priority,27,full_time_senior_staff,,2
TCH-00199,SCH-015,Obinna Eze,overworked_generalist,11111,scattered,4,Basic Technology|PHE|CRS,any,very_low,7,full_time_underpaid,,
TCH-00200,SCH-015,Ifeoma Abubakar,veteran_staff_room_boss,11111,08:30-10:30,2,Biology,senior_only,absolute_priority,21,full_time_senior_staff,,2
TCH-00201,SCH-015,Aisha Eze,overworked_generalist,11111,scattered,5,CRS|PHE,any,very_low,2,full_time_underpaid,,
TCH-00202,SCH-015,Ngozi Adebayo,hustling_subject_specialist,01110,08:00-11:00,2,Further Mathematics,senior_only,high,8,part_time_multi_school,,
TCH-00203,SCH-015,Musa Suleiman,overworked_generalist,11111,scattered,4,PHE|CRS,any,very_low,1,full_time_underpaid,,
TCH-00204,SCH-016,Bashir Okoro,nysc_corper,11101,13:00-15:00,1,Basic Science|Civic Education,junior_only,low,0,nysc_temporary,Thursday,
TCH-00205,SCH-016,Bashir Abubakar,overworked_generalist,11111,scattered,3,PHE|CRS|Basic Technology,any,very_low,4,full_time_underpaid,,
TCH-00206,SCH-016,Ngozi Adeyemi,veteran_staff_room_boss,11111,08:30-10:30,1,Further Mathematics,senior_only,absolute_priority,18,full_time_senior_staff,,2
TCH-00207,SCH-016,Chiamaka Okoro,overworked_generalist,11111,scattered,4,CRS|Basic Technology|PHE,any,very_low,8,full_time_underpaid,,
TCH-00208,SCH-016,Aisha Abubakar,overworked_generalist,11111,scattered,5,PHE|Basic Technology,any,very_low,4,full_time_underpaid,,
TCH-00209,SCH-016,Blessing Okoro,overworked_generalist,11111,scattered,4,PHE|Basic Technology|CRS,any,very_low,4,full_time_underpaid,,
TCH-00210,SCH-016,Oluwaseun Okoro,overworked_generalist,11111,scattered,3,CRS|Basic Technology,any,very_low,2,full_time_underpaid,,
TCH-00211,SCH-016,Tunde Chukwu,hustling_subject_specialist,11000,08:00-11:00,2,Further Mathematics|Physics,senior_only,high,12,part_time_multi_school,,
TCH-00212,SCH-016,Chiamaka Suleiman,veteran_staff_room_boss,11111,08:30-10:30,2,Physics,senior_only,absolute_priority,26,full_time_senior_staff,,2
TCH-00213,SCH-016,Hauwa Balogun,nysc_corper,10111,13:00-15:00,1,Basic Science|Civic Education,junior_only,low,0,nysc_temporary,Tuesday,
TCH-00214,SCH-016,Amaka Okoro,nysc_corper,10111,13:00-15:00,1,Basic Science|Civic Education,junior_only,low,0,nysc_temporary,Tuesday,
TCH-00215,SCH-016,Ifeoma Okoro,hustling_subject_specialist,10110,08:00-11:00,2,Further Mathematics,senior_only,high,9,part_time_multi_school,,
TCH-00216,SCH-016,Yusuf Okafor,nysc_corper,11101,13:00-15:00,1,Civic Education|Basic Science,junior_only,low,0,nysc_temporary,Thursday,
TCH-00217,SCH-016,Blessing Adebayo,overworked_generalist,11111,scattered,5,CRS|PHE|Basic Technology,any,very_low,7,full_time_underpaid,,
TCH-00218,SCH-016,Tunde Eze,nysc_corper,11101,13:00-15:00,1,Basic Science,junior_only,low,0,nysc_temporary,Thursday,
TCH-00219,SCH-017,Oluwaseun Chukwu,veteran_staff_room_boss,11111,08:30-10:30,1,Physics|Chemistry,senior_only,absolute_priority,21,full_time_senior_staff,,2
TCH-00220,SCH-017,Bashir Balogun,overworked_generalist,11111,scattered,5,CRS|PHE,any,very_low,3,full_time_underpaid,,
TCH-00221,SCH-017,Musa Adeyemi,overworked_generalist,11111,scattered,3,Basic Technology|PHE,any,very_low,2,full_time_underpaid,,
TCH-00222,SCH-017,Hauwa Nwosu,nysc_corper,01111,13:00-15:00,1,Civic Education|Basic Science,junior_only,low,0,nysc_temporary,Monday,
TCH-00223,SCH-017,Obinna Nwosu,nysc_corper,11011,13:00-15:00,1,Basic Science|Civic Education,junior_only,low,0,nysc_temporary,Wednesday,
TCH-00224,SCH-017,Musa Adeyemi,nysc_corper,11011,13:00-15:00,1,Basic Science|Civic Education,junior_only,low,0,nysc_temporary,Wednesday,
TCH-00225,SCH-017,Emeka Adebayo,nysc_corper,11011,13:00-15:00,1,Basic Science,junior_only,low,0,nysc_temporary,Wednesday,
TCH-00226,SCH-017,Ngozi Balogun,overworked_generalist,11111,scattered,4,CRS|Basic Technology,any,very_low,2,full_time_underpaid,,
TCH-00227,SCH-017,Yusuf Suleiman,overworked_generalist,11111,scattered,3,PHE|Basic Technology,any,very_low,6,full_time_underpaid,,
TCH-00228,SCH-017,Ngozi Nwosu,veteran_staff_room_boss,11111,08:30-10:30,1,Physics|Biology,senior_only,absolute_priority,29,full_time_senior_staff,,2
TCH-00229,SCH-017,Chinedu Eze,veteran_staff_room_boss,11111,08:30-10:30,2,Biology,senior_only,absolute_priority,24,full_time_senior_staff,,2
TCH-00230,SCH-018,Obinna Okoro,overworked_generalist,11111,scattered,4,Basic Technology|CRS|PHE,any,very_low,2,full_time_underpaid,,
TCH-00231,SCH-018,Amaka Okoro,hustling_subject_specialist,11000,08:00-11:00,3,Economics,senior_only,high,7,part_time_multi_school,,
TCH-00232,SCH-018,Bashir Nwosu,nysc_corper,11101,13:00-15:00,1,Basic Science|Civic Education,junior_only,low,0,nysc_temporary,Thursday,
TCH-00233,SCH-018,Emeka Garba,nysc_corper,11101,13:00-15:00,1,Civic Education|Basic Science,junior_only,low,0,nysc_temporary,Thursday,
TCH-00234,SCH-018,Musa Eze,nysc_corper,11011,13:00-15:00,1,Civic Education|Basic Science,junior_only,low,0,nysc_temporary,Wednesday,
TCH-00235,SCH-018,Amaka Adeyemi,nysc_corper,11011,13:00-15:00,1,Basic Science,junior_only,low,0,nysc_temporary,Wednesday,
TCH-00236,SCH-018,Chinedu Balogun,hustling_subject_specialist,01100,08:00-11:00,3,Economics|Physics,senior_only,high,10,part_time_multi_school,,
TCH-00237,SCH-018,Yusuf Mohammed,nysc_corper,10111,13:00-15:00,1,Civic Education,junior_only,low,0,nysc_temporary,Tuesday,
TCH-00238,SCH-018,Yusuf Garba,hustling_subject_specialist,10010,08:00-11:00,2,Physics|Economics,senior_only,high,8,part_time_multi_school,,
TCH-00239,SCH-018,Aisha Adeyemi,overworked_generalist,11111,scattered,4,PHE|Basic Technology,any,very_low,7,full_time_underpaid,,
TCH-00240,SCH-018,Chiamaka Okoro,overworked_generalist,11111,scattered,4,CRS|PHE|Basic Technology,any,very_low,8,full_time_underpaid,,
TCH-00241,SCH-018,Emeka Balogun,nysc_corper,11110,13:00-15:00,1,Civic Education|Basic Science,junior_only,low,0,nysc_temporary,Friday,
TCH-00242,SCH-018,Amaka Eze,nysc_corper,11101,13:00-15:00,1,Civic Education|Basic Science,junior_only,low,0,nysc_temporary,Thursday,
TCH-00243,SCH-018,Bashir Balogun,veteran_staff_room_boss,11111,08:30-10:30,1,Biology,senior_only,absolute_priority,25,full_time_senior_staff,,2
TCH-00244,SCH-018,Musa Garba,overworked_generalist,11111,scattered,4,PHE|Basic Technology,any,very_low,2,full_time_underpaid,,
TCH-00245,SCH-019,Amaka Suleiman,nysc_corper,11110,13:00-15:00,1,Basic Science,junior_only,low,0,nysc_temporary,Friday,
TCH-00246,SCH-019,Aisha Mohammed,hustling_subject_specialist,11000,08:00-11:00,3,Physics|Further Mathematics,senior_only,high,4,part_time_multi_school,,
TCH-00247,SCH-019,Amaka Garba,hustling_subject_specialist,11010,08:00-11:00,3,Economics,senior_only,high,6,part_time_multi_school,,
TCH-00248,SCH-019,Tunde Okafor,nysc_corper,10111,13:00-15:00,1,Basic Science|Civic Education,junior_only,low,0,nysc_temporary,Tuesday,
TCH-00249,SCH-019,Chinedu Nwosu,overworked_generalist,11111,scattered,4,CRS|PHE|Basic Technology,any,very_low,6,full_time_underpaid,,
TCH-00250,SCH-019,Ngozi Okoro,hustling_subject_specialist,11100,08:00-11:00,3,Further Mathematics,senior_only,high,4,part_time_multi_school,,
TCH-00251,SCH-019,Amaka Abubakar,nysc_corper,11011,13:00-15:00,1,Basic Science,junior_only,low,0,nysc_temporary,Wednesday,
TCH-00252,SCH-019,Kunle Okoro,hustling_subject_specialist,00110,08:00-11:00,2,Physics|Economics,senior_only,high,9,part_time_multi_school,,
TCH-00253,SCH-019,Adaeze Okoro,overworked_generalist,11111,scattered,5,Basic Technology|PHE,any,very_low,7,full_time_underpaid,,
TCH-00254,SCH-019,Obinna Suleiman,overworked_generalist,11111,scattered,3,PHE|CRS,any,very_low,8,full_time_underpaid,,
TCH-00255,SCH-019,Adaeze Eze,nysc_corper,11011,13:00-15:00,1,Basic Science|Civic Education,junior_only,low,0,nysc_temporary,Wednesday,
TCH-00256,SCH-019,Bashir Adebayo,nysc_corper,01111,13:00-15:00,1,Basic Science|Civic Education,junior_only,low,0,nysc_temporary,Monday,
TCH-00257,SCH-019,Yusuf Chukwu,hustling_subject_specialist,10010,08:00-11:00,3,Further Mathematics|Economics,senior_only,high,8,part_time_multi_school,,
TCH-00258,SCH-019,Adaeze Okoro,nysc_corper,11110,13:00-15:00,1,Basic Science,junior_only,low,0,nysc_temporary,Friday,
TCH-00259,SCH-019,Amaka Okoro,hustling_subject_specialist,01010,08:00-11:00,3,Further Mathematics,senior_only,high,10,part_time_multi_school,,
TCH-00260,SCH-020,Kunle Eze,nysc_corper,11011,13:00-15:00,1,Basic Science,junior_only,low,0,nysc_temporary,Wednesday,
TCH-00261,SCH-020,Chinedu Nwosu,nysc_corper,11011,13:00-15:00,1,Basic Science|Civic Education,junior_only,low,0,nysc_temporary,Wednesday,
TCH-00262,SCH-020,Blessing Adebayo,nysc_corper,11110,13:00-15:00,1,Basic Science,junior_only,low,0,nysc_temporary,Friday,
TCH-00263,SCH-020,Hauwa Mohammed,veteran_staff_room_boss,11111,08:30-10:30,1,Further Mathematics|Biology,senior_only,absolute_priority,27,full_time_senior_staff,,2
TCH-00264,SCH-020,Kunle Abubakar,nysc_corper,11101,13:00-15:00,1,Civic Education,junior_only,low,0,nysc_temporary,Thursday,
TCH-00265,SCH-020,Oluwaseun Adeyemi,veteran_staff_room_boss,11111,08:30-10:30,1,Further Mathematics|Biology,senior_only,absolute_priority,25,full_time_senior_staff,,2
TCH-00266,SCH-020,Hauwa Abubakar,hustling_subject_specialist,01100,08:00-11:00,3,Physics|Economics,senior_only,high,7,part_time_multi_school,,
TCH-00267,SCH-020,Aisha Mohammed,overworked_generalist,11111,scattered,5,Basic Technology|CRS|PHE,any,very_low,1,full_time_underpaid,,
TCH-00268,SCH-020,Obinna Eze,hustling_subject_specialist,10010,08:00-11:00,2,Further Mathematics|Physics,senior_only,high,9,part_time_multi_school,,
TCH-00269,SCH-020,Hauwa Nwosu,nysc_corper,01111,13:00-15:00,1,Basic Science|Civic Education,junior_only,low,0,nysc_temporary,Monday,
TCH-00270,SCH-020,Chinedu Suleiman,hustling_subject_specialist,11000,08:00-11:00,3,Economics,senior_only,high,6,part_time_multi_school,,
TCH-00271,SCH-020,Chinedu Balogun,overworked_generalist,11111,scattered,3,Basic Technology|PHE|CRS,any,very_low,2,full_time_underpaid,,
TCH-00272,SCH-020,Ngozi Nwosu,nysc_corper,11011,13:00-15:00,1,Civic Education,junior_only,low,0,nysc_temporary,Wednesday,
TCH-00273,SCH-020,Chinedu Suleiman,nysc_corper,11101,13:00-15:00,1,Basic Science|Civic Education,junior_only,low,0,nysc_temporary,Thursday,
TCH-00274,SCH-020,Adaeze Mohammed,nysc_corper,01111,13:00-15:00,1,Basic Science|Civic Education,junior_only,low,0,nysc_temporary,Monday,
TCH-00275,SCH-021,Bashir Garba,overworked_generalist,11111,scattered,3,PHE|Basic Technology|CRS,any,very_low,3,full_time_underpaid,,
TCH-00276,SCH-021,Bashir Mohammed,hustling_subject_specialist,10010,08:00-11:00,2,Economics|Physics,senior_only,high,7,part_time_multi_school,,
TCH-00277,SCH-021,Tunde Mohammed,veteran_staff_room_boss,11111,08:30-10:30,2,Further Mathematics,senior_only,absolute_priority,25,full_time_senior_staff,,2
TCH-00278,SCH-021,Obinna Adeyemi,overworked_generalist,11111,scattered,4,PHE|Basic Technology|CRS,any,very_low,4,full_time_underpaid,,
TCH-00279,SCH-021,Aisha Eze,overworked_generalist,11111,scattered,4,Basic Technology|CRS,any,very_low,7,full_time_underpaid,,
TCH-00280,SCH-021,Amaka Okoro,nysc_corper,11011,13:00-15:00,1,Basic Science,junior_only,low,0,nysc_temporary,Wednesday,
TCH-00281,SCH-021,Bashir Okafor,nysc_corper,11101,13:00-15:00,1,Basic Science,junior_only,low,0,nysc_temporary,Thursday,
TCH-00282,SCH-021,Emeka Balogun,nysc_corper,11110,13:00-15:00,1,Civic Education,junior_only,low,0,nysc_temporary,Friday,
TCH-00283,SCH-021,Musa Adebayo,hustling_subject_specialist,00110,08:00-11:00,2,Further Mathematics|Physics,senior_only,high,10,part_time_multi_school,,
TCH-00284,SCH-021,Aisha Balogun,overworked_generalist,11111,scattered,3,PHE|Basic Technology,any,very_low,4,full_time_underpaid,,
TCH-00285,SCH-021,Hauwa Okoro,hustling_subject_specialist,00110,08:00-11:00,2,Further Mathematics,senior_only,high,8,part_time_multi_school,,
TCH-00286,SCH-021,Chiamaka Okoro,overworked_generalist,11111,scattered,5,PHE|CRS,any,very_low,4,full_time_underpaid,,
TCH-00287,SCH-021,Ngozi Abubakar,nysc_corper,10111,13:00-15:00,1,Civic Education,junior_only,low,0,nysc_temporary,Tuesday,
TCH-00288,SCH-021,Aisha Balogun,veteran_staff_room_boss,11111,08:30-10:30,2,Physics|Further Mathematics,senior_only,absolute_priority,16,full_time_senior_staff,,2
TCH-00289,SCH-021,Aisha Adebayo,overworked_generalist,11111,scattered,4,Basic Technology|PHE,any,very_low,5,full_time_underpaid,,
TCH-00290,SCH-022,Kunle Okoro,veteran_staff_room_boss,11111,08:30-10:30,2,Further Mathematics,senior_only,absolute_priority,20,full_time_senior_staff,,2
TCH-00291,SCH-022,Chiamaka Nwosu,hustling_subject_specialist,11100,08:00-11:00,2,Economics,senior_only,high,10,part_time_multi_school,,
TCH-00292,SCH-022,Aisha Okoro,hustling_subject_specialist,01110,08:00-11:00,2,Physics,senior_only,high,4,part_time_multi_school,,
TCH-00293,SCH-022,Bashir Adeyemi,nysc_corper,11011,13:00-15:00,1,Civic Education|Basic Science,junior_only,low,0,nysc_temporary,Wednesday,
TCH-00294,SCH-022,Amaka Abubakar,veteran_staff_room_boss,11111,08:30-10:30,2,Biology|Physics,senior_only,absolute_priority,17,full_time_senior_staff,,2
TCH-00295,SCH-022,Obinna Balogun,veteran_staff_room_boss,11111,08:30-10:30,1,Biology|Physics,senior_only,absolute_priority,21,full_time_senior_staff,,2
TCH-00296,SCH-022,Tunde Eze,overworked_generalist,11111,scattered,4,Basic Technology|CRS|PHE,any,very_low,2,full_time_underpaid,,
TCH-00297,SCH-022,Aisha Okoro,hustling_subject_specialist,11100,08:00-11:00,3,Further Mathematics,senior_only,high,5,part_time_multi_school,,
TCH-00298,SCH-022,Adaeze Suleiman,hustling_subject_specialist,11010,08:00-11:00,2,Economics,senior_only,high,5,part_time_multi_school,,
TCH-00299,SCH-022,Chiamaka Chukwu,overworked_generalist,11111,scattered,3,PHE|Basic Technology|CRS,any,very_low,1,full_time_underpaid,,
TCH-00300,SCH-022,Fatima Adebayo,nysc_corper,11101,13:00-15:00,1,Basic Science,junior_only,low,0,nysc_temporary,Thursday,
TCH-00301,SCH-022,Tunde Adeyemi,nysc_corper,11110,13:00-15:00,1,Basic Science|Civic Education,junior_only,low,0,nysc_temporary,Friday,
TCH-00302,SCH-022,Ifeoma Okafor,veteran_staff_room_boss,11111,08:30-10:30,1,Physics|Further Mathematics,senior_only,absolute_priority,23,full_time_senior_staff,,2
TCH-00303,SCH-022,Musa Garba,veteran_staff_room_boss,11111,08:30-10:30,1,Further Mathematics,senior_only,absolute_priority,23,full_time_senior_staff,,2
TCH-00304,SCH-022,Oluwaseun Okafor,hustling_subject_specialist,01010,08:00-11:00,2,Economics|Physics,senior_only,high,4,part_time_multi_school,,
TCH-00305,SCH-023,Aisha Okoro,overworked_generalist,11111,scattered,5,Basic Technology|PHE|CRS,any,very_low,8,full_time_underpaid,,
TCH-00306,SCH-023,Aisha Mohammed,overworked_generalist,11111,scattered,4,PHE|CRS,any,very_low,8,full_time_underpaid,,
TCH-00307,SCH-023,Bashir Chukwu,hustling_subject_specialist,01010,08:00-11:00,3,Further Mathematics,senior_only,high,9,part_time_multi_school,,
TCH-00308,SCH-023,Chinedu Okafor,hustling_subject_specialist,01010,08:00-11:00,3,Economics,senior_only,high,5,part_time_multi_school,,
TCH-00309,SCH-023,Chinedu Okafor,overworked_generalist,11111,scattered,5,Basic Technology|PHE,any,very_low,4,full_time_underpaid,,
TCH-00310,SCH-023,Blessing Garba,overworked_generalist,11111,scattered,5,PHE|CRS|Basic Technology,any,very_low,4,full_time_underpaid,,
TCH-00311,SCH-023,Chinedu Nwosu,nysc_corper,11011,13:00-15:00,1,Civic Education|Basic Science,junior_only,low,0,nysc_temporary,Wednesday,
TCH-00312,SCH-023,Amaka Abubakar,hustling_subject_specialist,11000,08:00-11:00,2,Physics,senior_only,high,10,part_time_multi_school,,
TCH-00313,SCH-023,Fatima Okoro,overworked_generalist,11111,scattered,4,Basic Technology|CRS|PHE,any,very_low,5,full_time_underpaid,,
TCH-00314,SCH-023,Bashir Okafor,overworked_generalist,11111,scattered,4,CRS|Basic Technology,any,very_low,7,full_time_underpaid,,
TCH-00315,SCH-024,Musa Eze,overworked_generalist,11111,scattered,5,Basic Technology|CRS,any,very_low,7,full_time_underpaid,,
TCH-00316,SCH-024,Ngozi Adeyemi,overworked_generalist,11111,scattered,4,CRS|Basic Technology|PHE,any,very_low,3,full_time_underpaid,,
TCH-00317,SCH-024,Kunle Okoro,overworked_generalist,11111,scattered,4,Basic Technology|PHE|CRS,any,very_low,3,full_time_underpaid,,
TCH-00318,SCH-024,Amaka Nwosu,nysc_corper,11101,13:00-15:00,1,Basic Science|Civic Education,junior_only,low,0,nysc_temporary,Thursday,
TCH-00319,SCH-024,Tunde Balogun,veteran_staff_room_boss,11111,08:30-10:30,2,Chemistry|Further Mathematics,senior_only,absolute_priority,22,full_time_senior_staff,,2
TCH-00320,SCH-024,Bashir Balogun,veteran_staff_room_boss,11111,08:30-10:30,1,Chemistry,senior_only,absolute_priority,16,full_time_senior_staff,,2
TCH-00321,SCH-024,Yusuf Suleiman,nysc_corper,11110,13:00-15:00,1,Basic Science|Civic Education,junior_only,low,0,nysc_temporary,Friday,
TCH-00322,SCH-024,Adaeze Adebayo,veteran_staff_room_boss,11111,08:30-10:30,1,Further Mathematics,senior_only,absolute_priority,19,full_time_senior_staff,,2
TCH-00323,SCH-024,Musa Okoro,veteran_staff_room_boss,11111,08:30-10:30,1,Further Mathematics|Biology,senior_only,absolute_priority,25,full_time_senior_staff,,2
TCH-00324,SCH-024,Chiamaka Adebayo,veteran_staff_room_boss,11111,08:30-10:30,1,Biology,senior_only,absolute_priority,18,full_time_senior_staff,,2
TCH-00325,SCH-024,Aisha Chukwu,overworked_generalist,11111,scattered,5,Basic Technology|CRS|PHE,any,very_low,4,full_time_underpaid,,
TCH-00326,SCH-024,Chiamaka Nwosu,overworked_generalist,11111,scattered,4,PHE|Basic Technology|CRS,any,very_low,8,full_time_underpaid,,
TCH-00327,SCH-024,Blessing Adebayo,hustling_subject_specialist,01010,08:00-11:00,2,Economics,senior_only,high,11,part_time_multi_school,,
TCH-00328,SCH-024,Emeka Chukwu,overworked_generalist,11111,scattered,4,PHE|Basic Technology|CRS,any,very_low,3,full_time_underpaid,,
TCH-00329,SCH-024,Oluwaseun Balogun,overworked_generalist,11111,scattered,4,PHE|Basic Technology,any,very_low,7,full_time_underpaid,,
TCH-00330,SCH-024,Yusuf Balogun,overworked_generalist,11111,scattered,5,Basic Technology|CRS|PHE,any,very_low,6,full_time_underpaid,,
TCH-00331,SCH-025,Fatima Adeyemi,veteran_staff_room_boss,11111,08:30-10:30,1,Further Mathematics,senior_only,absolute_priority,30,full_time_senior_staff,,2
TCH-00332,SCH-025,Hauwa Balogun,hustling_subject_specialist,01100,08:00-11:00,3,Economics|Further Mathematics,senior_only,high,9,part_time_multi_school,,
TCH-00333,SCH-025,Amaka Balogun,veteran_staff_room_boss,11111,08:30-10:30,2,Physics|Biology,senior_only,absolute_priority,29,full_time_senior_staff,,2
TCH-00334,SCH-025,Kunle Eze,veteran_staff_room_boss,11111,08:30-10:30,2,Physics,senior_only,absolute_priority,16,full_time_senior_staff,,2
TCH-00335,SCH-025,Hauwa Garba,overworked_generalist,11111,scattered,4,CRS|Basic Technology,any,very_low,4,full_time_underpaid,,
TCH-00336,SCH-025,Emeka Okafor,overworked_generalist,11111,scattered,3,CRS|PHE|Basic Technology,any,very_low,6,full_time_underpaid,,
TCH-00337,SCH-025,Yusuf Mohammed,nysc_corper,10111,13:00-15:00,1,Civic Education|Basic Science,junior_only,low,0,nysc_temporary,Tuesday,
TCH-00338,SCH-025,Emeka Okoro,overworked_generalist,11111,scattered,3,PHE|CRS,any,very_low,5,full_time_underpaid,,
TCH-00339,SCH-025,Oluwaseun Eze,hustling_subject_specialist,11100,08:00-11:00,3,Economics,senior_only,high,5,part_time_multi_school,,
TCH-00340,SCH-025,Emeka Adebayo,hustling_subject_specialist,10100,08:00-11:00,3,Further Mathematics,senior_only,high,7,part_time_multi_school,,
TCH-00341,SCH-025,Musa Balogun,nysc_corper,11011,13:00-15:00,1,Civic Education|Basic Science,junior_only,low,0,nysc_temporary,Wednesday,
TCH-00342,SCH-025,Emeka Okafor,overworked_generalist,11111,scattered,4,Basic Technology|PHE,any,very_low,1,full_time_underpaid,,
TCH-00343,SCH-026,Obinna Eze,hustling_subject_specialist,01110,08:00-11:00,3,Economics,senior_only,high,8,part_time_multi_school,,
TCH-00344,SCH-026,Amaka Adeyemi,veteran_staff_room_boss,11111,08:30-10:30,2,Physics|Chemistry,senior_only,absolute_priority,26,full_time_senior_staff,,2
TCH-00345,SCH-026,Tunde Mohammed,hustling_subject_specialist,10100,08:00-11:00,3,Further Mathematics,senior_only,high,11,part_time_multi_school,,
TCH-00346,SCH-026,Adaeze Garba,veteran_staff_room_boss,11111,08:30-10:30,1,Physics,senior_only,absolute_priority,21,full_time_senior_staff,,2
TCH-00347,SCH-026,Amaka Abubakar,overworked_generalist,11111,scattered,5,CRS|PHE|Basic Technology,any,very_low,6,full_time_underpaid,,
TCH-00348,SCH-026,Blessing Eze,veteran_staff_room_boss,11111,08:30-10:30,1,Biology|Further Mathematics,senior_only,absolute_priority,19,full_time_senior_staff,,2
TCH-00349,SCH-026,Amaka Eze,hustling_subject_specialist,10010,08:00-11:00,2,Economics|Further Mathematics,senior_only,high,12,part_time_multi_school,,
TCH-00350,SCH-026,Emeka Suleiman,veteran_staff_room_boss,11111,08:30-10:30,2,Chemistry|Further Mathematics,senior_only,absolute_priority,23,full_time_senior_staff,,2
TCH-00351,SCH-026,Aisha Abubakar,nysc_corper,11110,13:00-15:00,1,Civic Education,junior_only,low,0,nysc_temporary,Friday,
TCH-00352,SCH-026,Obinna Okoro,hustling_subject_specialist,10010,08:00-11:00,3,Physics,senior_only,high,11,part_time_multi_school,,
TCH-00353,SCH-026,Yusuf Abubakar,overworked_generalist,11111,scattered,4,Basic Technology|CRS|PHE,any,very_low,3,full_time_underpaid,,
TCH-00354,SCH-026,Yusuf Eze,veteran_staff_room_boss,11111,08:30-10:30,2,Further Mathematics|Chemistry,senior_only,absolute_priority,18,full_time_senior_staff,,2
TCH-00355,SCH-027,Chiamaka Eze,hustling_subject_specialist,11000,08:00-11:00,2,Physics,senior_only,high,11,part_time_multi_school,,
TCH-00356,SCH-027,Obinna Okoro,hustling_subject_specialist,00110,08:00-11:00,3,Physics|Further Mathematics,senior_only,high,11,part_time_multi_school,,
TCH-00357,SCH-027,Yusuf Okafor,hustling_subject_specialist,10100,08:00-11:00,3,Further Mathematics,senior_only,high,7,part_time_multi_school,,
TCH-00358,SCH-027,Ifeoma Balogun,overworked_generalist,11111,scattered,3,PHE|Basic Technology,any,very_low,8,full_time_underpaid,,
TCH-00359,SCH-027,Chiamaka Okafor,overworked_generalist,11111,scattered,5,PHE|CRS|Basic Technology,any,very_low,2,full_time_underpaid,,
TCH-00360,SCH-027,Yusuf Adeyemi,overworked_generalist,11111,scattered,3,PHE|Basic Technology,any,very_low,7,full_time_underpaid,,
TCH-00361,SCH-027,Hauwa Balogun,veteran_staff_room_boss,11111,08:30-10:30,2,Further Mathematics,senior_only,absolute_priority,19,full_time_senior_staff,,2
TCH-00362,SCH-027,Ifeoma Suleiman,veteran_staff_room_boss,11111,08:30-10:30,2,Physics,senior_only,absolute_priority,28,full_time_senior_staff,,2
TCH-00363,SCH-027,Ngozi Mohammed,nysc_corper,01111,13:00-15:00,1,Basic Science|Civic Education,junior_only,low,0,nysc_temporary,Monday,
TCH-00364,SCH-027,Ngozi Mohammed,overworked_generalist,11111,scattered,4,CRS|Basic Technology,any,very_low,7,full_time_underpaid,,
TCH-00365,SCH-027,Emeka Adebayo,veteran_staff_room_boss,11111,08:30-10:30,1,Further Mathematics|Physics,senior_only,absolute_priority,16,full_time_senior_staff,,2
TCH-00366,SCH-027,Hauwa Eze,overworked_generalist,11111,scattered,5,Basic Technology|PHE,any,very_low,4,full_time_underpaid,,
TCH-00367,SCH-027,Bashir Okafor,nysc_corper,10111,13:00-15:00,1,Basic Science,junior_only,low,0,nysc_temporary,Tuesday,
TCH-00368,SCH-027,Adaeze Balogun,veteran_staff_room_boss,11111,08:30-10:30,1,Biology|Chemistry,senior_only,absolute_priority,16,full_time_senior_staff,,2
TCH-00369,SCH-028,Kunle Okoro,overworked_generalist,11111,scattered,4,CRS|PHE,any,very_low,6,full_time_underpaid,,
TCH-00370,SCH-028,Chinedu Adebayo,hustling_subject_specialist,01010,08:00-11:00,2,Further Mathematics,senior_only,high,4,part_time_multi_school,,
TCH-00371,SCH-028,Musa Mohammed,nysc_corper,10111,13:00-15:00,1,Civic Education|Basic Science,junior_only,low,0,nysc_temporary,Tuesday,
TCH-00372,SCH-028,Yusuf Okafor,overworked_generalist,11111,scattered,4,CRS|PHE,any,very_low,6,full_time_underpaid,,
TCH-00373,SCH-028,Bashir Mohammed,veteran_staff_room_boss,11111,08:30-10:30,1,Physics|Chemistry,senior_only,absolute_priority,18,full_time_senior_staff,,2
TCH-00374,SCH-028,Bashir Abubakar,veteran_staff_room_boss,11111,08:30-10:30,2,Further Mathematics|Biology,senior_only,absolute_priority,29,full_time_senior_staff,,2
TCH-00375,SCH-028,Emeka Abubakar,nysc_corper,10111,13:00-15:00,1,Basic Science,junior_only,low,0,nysc_temporary,Tuesday,
TCH-00376,SCH-028,Ifeoma Garba,hustling_subject_specialist,10110,08:00-11:00,2,Physics,senior_only,high,7,part_time_multi_school,,
TCH-00377,SCH-028,Chinedu Okafor,hustling_subject_specialist,01110,08:00-11:00,3,Further Mathematics|Physics,senior_only,high,11,part_time_multi_school,,
TCH-00378,SCH-028,Yusuf Okafor,overworked_generalist,11111,scattered,5,CRS|PHE,any,very_low,2,full_time_underpaid,,
TCH-00379,SCH-028,Yusuf Chukwu,overworked_generalist,11111,scattered,3,PHE|Basic Technology,any,very_low,7,full_time_underpaid,,
TCH-00380,SCH-029,Bashir Okafor,overworked_generalist,11111,scattered,5,PHE|CRS,any,very_low,7,full_time_underpaid,,
TCH-00381,SCH-029,Bashir Adebayo,overworked_generalist,11111,scattered,5,Basic Technology|CRS|PHE,any,very_low,1,full_time_underpaid,,
TCH-00382,SCH-029,Obinna Nwosu,overworked_generalist,11111,scattered,5,Basic Technology|CRS,any,very_low,4,full_time_underpaid,,
TCH-00383,SCH-029,Musa Adebayo,nysc_corper,10111,13:00-15:00,1,Civic Education,junior_only,low,0,nysc_temporary,Tuesday,
TCH-00384,SCH-029,Musa Nwosu,overworked_generalist,11111,scattered,4,CRS|PHE,any,very_low,6,full_time_underpaid,,
TCH-00385,SCH-029,Musa Mohammed,overworked_generalist,11111,scattered,3,PHE|Basic Technology,any,very_low,5,full_time_underpaid,,
TCH-00386,SCH-029,Aisha Eze,hustling_subject_specialist,11010,08:00-11:00,2,Economics|Physics,senior_only,high,7,part_time_multi_school,,
TCH-00387,SCH-029,Fatima Mohammed,hustling_subject_specialist,01110,08:00-11:00,2,Economics,senior_only,high,11,part_time_multi_school,,
TCH-00388,SCH-029,Chinedu Eze,overworked_generalist,11111,scattered,5,Basic Technology|CRS,any,very_low,4,full_time_underpaid,,
TCH-00389,SCH-029,Musa Okafor,veteran_staff_room_boss,11111,08:30-10:30,1,Biology|Further Mathematics,senior_only,absolute_priority,29,full_time_senior_staff,,2
TCH-00390,SCH-029,Ifeoma Okafor,veteran_staff_room_boss,11111,08:30-10:30,1,Physics,senior_only,absolute_priority,21,full_time_senior_staff,,2
TCH-00391,SCH-029,Adaeze Mohammed,overworked_generalist,11111,scattered,3,Basic Technology|PHE,any,very_low,7,full_time_underpaid,,
TCH-00392,SCH-030,Tunde Chukwu,hustling_subject_specialist,11010,08:00-11:00,3,Economics,senior_only,high,8,part_time_multi_school,,
TCH-00393,SCH-030,Ifeoma Okoro,overworked_generalist,11111,scattered,4,CRS|Basic Technology|PHE,any,very_low,8,full_time_underpaid,,
TCH-00394,SCH-030,Fatima Adebayo,overworked_generalist,11111,scattered,3,CRS|PHE,any,very_low,3,full_time_underpaid,,
TCH-00395,SCH-030,Adaeze Okafor,hustling_subject_specialist,01110,08:00-11:00,2,Physics|Economics,senior_only,high,12,part_time_multi_school,,
TCH-00396,SCH-030,Chiamaka Chukwu,nysc_corper,11101,13:00-15:00,1,Civic Education|Basic Science,junior_only,low,0,nysc_temporary,Thursday,
TCH-00397,SCH-030,Musa Mohammed,overworked_generalist,11111,scattered,5,PHE|Basic Technology,any,very_low,5,full_time_underpaid,,
TCH-00398,SCH-030,Obinna Nwosu,hustling_subject_specialist,11100,08:00-11:00,2,Economics|Physics,senior_only,high,6,part_time_multi_school,,
TCH-00399,SCH-030,Oluwaseun Adeyemi,veteran_staff_room_boss,11111,08:30-10:30,1,Chemistry,senior_only,absolute_priority,18,full_time_senior_staff,,2
TCH-00400,SCH-030,Fatima Okafor,overworked_generalist,11111,scattered,3,Basic Technology|CRS,any,very_low,1,full_time_underpaid,,
TCH-00401,SCH-030,Hauwa Abubakar,nysc_corper,11101,13:00-15:00,1,Civic Education,junior_only,low,0,nysc_temporary,Thursday,
TCH-00402,SCH-030,Hauwa Okoro,hustling_subject_specialist,00110,08:00-11:00,3,Economics,senior_only,high,11,part_time_multi_school,,
TCH-00403,SCH-031,Tunde Suleiman,veteran_staff_room_boss,11111,08:30-10:30,2,Chemistry|Physics,senior_only,absolute_priority,20,full_time_senior_staff,,2
TCH-00404,SCH-031,Emeka Adebayo,nysc_corper,10111,13:00-15:00,1,Basic Science|Civic Education,junior_only,low,0,nysc_temporary,Tuesday,
TCH-00405,SCH-031,Emeka Suleiman,overworked_generalist,11111,scattered,5,Basic Technology|CRS,any,very_low,3,full_time_underpaid,,
TCH-00406,SCH-031,Chinedu Eze,nysc_corper,10111,13:00-15:00,1,Civic Education,junior_only,low,0,nysc_temporary,Tuesday,
TCH-00407,SCH-031,Emeka Nwosu,hustling_subject_specialist,00110,08:00-11:00,3,Further Mathematics,senior_only,high,10,part_time_multi_school,,
TCH-00408,SCH-031,Chiamaka Okafor,nysc_corper,11110,13:00-15:00,1,Civic Education|Basic Science,junior_only,low,0,nysc_temporary,Friday,
TCH-00409,SCH-031,Kunle Chukwu,nysc_corper,11011,13:00-15:00,1,Basic Science,junior_only,low,0,nysc_temporary,Wednesday,
TCH-00410,SCH-031,Adaeze Suleiman,hustling_subject_specialist,11010,08:00-11:00,3,Economics,senior_only,high,8,part_time_multi_school,,
TCH-00411,SCH-031,Amaka Abubakar,nysc_corper,10111,13:00-15:00,1,Civic Education|Basic Science,junior_only,low,0,nysc_temporary,Tuesday,
TCH-00412,SCH-031,Blessing Mohammed,hustling_subject_specialist,10110,08:00-11:00,2,Further Mathematics|Economics,senior_only,high,12,part_time_multi_school,,
TCH-00413,SCH-032,Emeka Adeyemi,nysc_corper,11101,13:00-15:00,1,Basic Science|Civic Education,junior_only,low,0,nysc_temporary,Thursday,
TCH-00414,SCH-032,Ngozi Eze,overworked_generalist,11111,scattered,4,Basic Technology|CRS|PHE,any,very_low,8,full_time_underpaid,,
TCH-00415,SCH-032,Amaka Balogun,veteran_staff_room_boss,11111,08:30-10:30,2,Biology,senior_only,absolute_priority,16,full_time_senior_staff,,2
TCH-00416,SCH-032,Kunle Suleiman,overworked_generalist,11111,scattered,4,CRS|Basic Technology|PHE,any,very_low,4,full_time_underpaid,,
TCH-00417,SCH-032,Ngozi Okafor,overworked_generalist,11111,scattered,4,Basic Technology|CRS,any,very_low,8,full_time_underpaid,,
TCH-00418,SCH-032,Hauwa Nwosu,hustling_subject_specialist,11100,08:00-11:00,3,Further Mathematics,senior_only,high,4,part_time_multi_school,,
TCH-00419,SCH-032,Bashir Adebayo,overworked_generalist,11111,scattered,5,PHE|CRS,any,very_low,1,full_time_underpaid,,
TCH-00420,SCH-032,Amaka Eze,nysc_corper,11011,13:00-15:00,1,Basic Science,junior_only,low,0,nysc_temporary,Wednesday,
TCH-00421,SCH-032,Musa Garba,nysc_corper,11101,13:00-15:00,1,Civic Education,junior_only,low,0,nysc_temporary,Thursday,
TCH-00422,SCH-032,Oluwaseun Okafor,overworked_generalist,11111,scattered,4,PHE|Basic Technology|CRS,any,very_low,7,full_time_underpaid,,
TCH-00423,SCH-032,Bashir Nwosu,nysc_corper,11011,13:00-15:00,1,Basic Science,junior_only,low,0,nysc_temporary,Wednesday,
TCH-00424,SCH-032,Ngozi Mohammed,overworked_generalist,11111,scattered,3,PHE|CRS,any,very_low,4,full_time_underpaid,,
TCH-00425,SCH-032,Chinedu Abubakar,hustling_subject_specialist,11100,08:00-11:00,3,Further Mathematics|Physics,senior_only,high,11,part_time_multi_school,,
TCH-00426,SCH-033,Fatima Adebayo,veteran_staff_room_boss,11111,08:30-10:30,2,Biology|Physics,senior_only,absolute_priority,19,full_time_senior_staff,,2
TCH-00427,SCH-033,Oluwaseun Chukwu,hustling_subject_specialist,01100,08:00-11:00,2,Economics,senior_only,high,11,part_time_multi_school,,
TCH-00428,SCH-033,Kunle Balogun,nysc_corper,11011,13:00-15:00,1,Civic Education,junior_only,low,0,nysc_temporary,Wednesday,
TCH-00429,SCH-033,Bashir Mohammed,hustling_subject_specialist,11010,08:00-11:00,2,Economics|Further Mathematics,senior_only,high,4,part_time_multi_school,,
TCH-00430,SCH-033,Oluwaseun Okafor,veteran_staff_room_boss,11111,08:30-10:30,2,Chemistry|Further Mathematics,senior_only,absolute_priority,16,full_time_senior_staff,,2
TCH-00431,SCH-033,Yusuf Okoro,hustling_subject_specialist,10100,08:00-11:00,3,Physics,senior_only,high,4,part_time_multi_school,,
TCH-00432,SCH-033,Obinna Okafor,nysc_corper,11101,13:00-15:00,1,Basic Science|Civic Education,junior_only,low,0,nysc_temporary,Thursday,
TCH-00433,SCH-033,Tunde Okafor,hustling_subject_specialist,10010,08:00-11:00,2,Economics|Physics,senior_only,high,11,part_time_multi_school,,
TCH-00434,SCH-033,Tunde Adeyemi,overworked_generalist,11111,scattered,3,Basic Technology|PHE|CRS,any,very_low,5,full_time_underpaid,,
TCH-00435,SCH-033,Ifeoma Suleiman,nysc_corper,11110,13:00-15:00,1,Civic Education|Basic Science,junior_only,low,0,nysc_temporary,Friday,
TCH-00436,SCH-033,Tunde Garba,veteran_staff_room_boss,11111,08:30-10:30,1,Physics|Biology,senior_only,absolute_priority,17,full_time_senior_staff,,2
TCH-00437,SCH-033,Tunde Garba,overworked_generalist,11111,scattered,4,PHE|Basic Technology|CRS,any,very_low,2,full_time_underpaid,,
TCH-00438,SCH-033,Yusuf Okoro,veteran_staff_room_boss,11111,08:30-10:30,2,Further Mathematics,senior_only,absolute_priority,27,full_time_senior_staff,,2
TCH-00439,SCH-033,Bashir Suleiman,overworked_generalist,11111,scattered,4,Basic Technology|CRS|PHE,any,very_low,3,full_time_underpaid,,
TCH-00440,SCH-034,Aisha Mohammed,hustling_subject_specialist,10110,08:00-11:00,2,Physics|Further Mathematics,senior_only,high,7,part_time_multi_school,,
TCH-00441,SCH-034,Musa Mohammed,veteran_staff_room_boss,11111,08:30-10:30,1,Chemistry|Physics,senior_only,absolute_priority,16,full_time_senior_staff,,2
TCH-00442,SCH-034,Yusuf Nwosu,overworked_generalist,11111,scattered,4,PHE|CRS|Basic Technology,any,very_low,6,full_time_underpaid,,
TCH-00443,SCH-034,Oluwaseun Adebayo,overworked_generalist,11111,scattered,4,PHE|Basic Technology,any,very_low,8,full_time_underpaid,,
TCH-00444,SCH-034,Bashir Suleiman,nysc_corper,10111,13:00-15:00,1,Basic Science|Civic Education,junior_only,low,0,nysc_temporary,Tuesday,
TCH-00445,SCH-034,Yusuf Okoro,overworked_generalist,11111,scattered,5,PHE|CRS,any,very_low,1,full_time_underpaid,,
TCH-00446,SCH-034,Chinedu Eze,overworked_generalist,11111,scattered,3,PHE|Basic Technology,any,very_low,5,full_time_underpaid,,
TCH-00447,SCH-034,Hauwa Garba,overworked_generalist,11111,scattered,5,PHE|CRS|Basic Technology,any,very_low,3,full_time_underpaid,,
TCH-00448,SCH-034,Aisha Okafor,overworked_generalist,11111,scattered,5,PHE|CRS|Basic Technology,any,very_low,6,full_time_underpaid,,
TCH-00449,SCH-034,Fatima Suleiman,overworked_generalist,11111,scattered,4,PHE|CRS,any,very_low,1,full_time_underpaid,,
TCH-00450,SCH-034,Obinna Chukwu,overworked_generalist,11111,scattered,4,Basic Technology|PHE,any,very_low,6,full_time_underpaid,,
TCH-00451,SCH-034,Aisha Nwosu,overworked_generalist,11111,scattered,5,Basic Technology|PHE|CRS,any,very_low,1,full_time_underpaid,,
TCH-00452,SCH-034,Kunle Okoro,hustling_subject_specialist,10100,08:00-11:00,2,Further Mathematics|Economics,senior_only,high,8,part_time_multi_school,,
TCH-00453,SCH-034,Obinna Chukwu,veteran_staff_room_boss,11111,08:30-10:30,1,Physics|Biology,senior_only,absolute_priority,18,full_time_senior_staff,,2
TCH-00454,SCH-034,Aisha Adebayo,overworked_generalist,11111,scattered,3,PHE|CRS|Basic Technology,any,very_low,3,full_time_underpaid,,
TCH-00455,SCH-034,Ngozi Garba,overworked_generalist,11111,scattered,4,CRS|Basic Technology,any,very_low,1,full_time_underpaid,,
TCH-00456,SCH-035,Blessing Adeyemi,veteran_staff_room_boss,11111,08:30-10:30,1,Chemistry,senior_only,absolute_priority,18,full_time_senior_staff,,2
TCH-00457,SCH-035,Emeka Balogun,veteran_staff_room_boss,11111,08:30-10:30,1,Chemistry,senior_only,absolute_priority,16,full_time_senior_staff,,2
TCH-00458,SCH-035,Tunde Chukwu,overworked_generalist,11111,scattered,4,PHE|Basic Technology|CRS,any,very_low,4,full_time_underpaid,,
TCH-00459,SCH-035,Oluwaseun Abubakar,nysc_corper,11101,13:00-15:00,1,Basic Science,junior_only,low,0,nysc_temporary,Thursday,
TCH-00460,SCH-035,Musa Garba,hustling_subject_specialist,10100,08:00-11:00,2,Physics|Economics,senior_only,high,6,part_time_multi_school,,
TCH-00461,SCH-035,Kunle Balogun,hustling_subject_specialist,10010,08:00-11:00,2,Economics|Physics,senior_only,high,6,part_time_multi_school,,
TCH-00462,SCH-035,Ngozi Abubakar,overworked_generalist,11111,scattered,3,CRS|PHE,any,very_low,8,full_time_underpaid,,
TCH-00463,SCH-035,Fatima Nwosu,overworked_generalist,11111,scattered,4,PHE|Basic Technology|CRS,any,very_low,2,full_time_underpaid,,
TCH-00464,SCH-035,Chinedu Chukwu,overworked_generalist,11111,scattered,3,Basic Technology|CRS|PHE,any,very_low,7,full_time_underpaid,,
TCH-00465,SCH-035,Bashir Okoro,nysc_corper,11011,13:00-15:00,1,Basic Science|Civic Education,junior_only,low,0,nysc_temporary,Wednesday,
TCH-00466,SCH-035,Oluwaseun Okoro,overworked_generalist,11111,scattered,4,Basic Technology|CRS|PHE,any,very_low,7,full_time_underpaid,,
TCH-00467,SCH-035,Chiamaka Chukwu,overworked_generalist,11111,scattered,3,PHE|Basic Technology|CRS,any,very_low,4,full_time_underpaid,,
TCH-00468,SCH-035,Oluwaseun Adeyemi,overworked_generalist,11111,scattered,4,Basic Technology|PHE,any,very_low,4,full_time_underpaid,,
TCH-00469,SCH-035,Obinna Mohammed,nysc_corper,01111,13:00-15:00,1,Civic Education|Basic Science,junior_only,low,0,nysc_temporary,Monday,
TCH-00470,SCH-035,Fatima Suleiman,hustling_subject_specialist,10100,08:00-11:00,3,Economics|Further Mathematics,senior_only,high,4,part_time_multi_school,,
TCH-00471,SCH-035,Aisha Suleiman,veteran_staff_room_boss,11111,08:30-10:30,2,Biology|Chemistry,senior_only,absolute_priority,30,full_time_senior_staff,,2
TCH-00472,SCH-036,Chiamaka Eze,overworked_generalist,11111,scattered,3,Basic Technology|PHE|CRS,any,very_low,2,full_time_underpaid,,
TCH-00473,SCH-036,Musa Adebayo,nysc_corper,01111,13:00-15:00,1,Basic Science,junior_only,low,0,nysc_temporary,Monday,
TCH-00474,SCH-036,Ifeoma Okoro,overworked_generalist,11111,scattered,5,CRS|PHE,any,very_low,2,full_time_underpaid,,
TCH-00475,SCH-036,Yusuf Suleiman,veteran_staff_room_boss,11111,08:30-10:30,1,Chemistry,senior_only,absolute_priority,17,full_time_senior_staff,,2
TCH-00476,SCH-036,Tunde Adeyemi,overworked_generalist,11111,scattered,5,CRS|Basic Technology,any,very_low,8,full_time_underpaid,,
TCH-00477,SCH-036,Ngozi Nwosu,overworked_generalist,11111,scattered,3,PHE|Basic Technology|CRS,any,very_low,4,full_time_underpaid,,
TCH-00478,SCH-036,Chiamaka Chukwu,nysc_corper,11011,13:00-15:00,1,Basic Science|Civic Education,junior_only,low,0,nysc_temporary,Wednesday,
TCH-00479,SCH-036,Amaka Eze,overworked_generalist,11111,scattered,4,PHE|Basic Technology,any,very_low,5,full_time_underpaid,,
TCH-00480,SCH-036,Tunde Eze,hustling_subject_specialist,01110,08:00-11:00,2,Economics,senior_only,high,10,part_time_multi_school,,
TCH-00481,SCH-036,Chinedu Chukwu,overworked_generalist,11111,scattered,4,CRS|PHE,any,very_low,7,full_time_underpaid,,
TCH-00482,SCH-036,Bashir Chukwu,veteran_staff_room_boss,11111,08:30-10:30,1,Further Mathematics|Chemistry,senior_only,absolute_priority,22,full_time_senior_staff,,2
TCH-00483,SCH-036,Chiamaka Adebayo,hustling_subject_specialist,11000,08:00-11:00,3,Further Mathematics,senior_only,high,7,part_time_multi_school,,
TCH-00484,SCH-036,Kunle Okoro,hustling_subject_specialist,10010,08:00-11:00,2,Physics|Further Mathematics,senior_only,high,12,part_time_multi_school,,
TCH-00485,SCH-036,Fatima Garba,hustling_subject_specialist,11010,08:00-11:00,3,Further Mathematics,senior_only,high,7,part_time_multi_school,,
TCH-00486,SCH-036,Ngozi Chukwu,overworked_generalist,11111,scattered,5,PHE|Basic Technology|CRS,any,very_low,8,full_time_underpaid,,
TCH-00487,SCH-037,Tunde Mohammed,hustling_subject_specialist,00110,08:00-11:00,2,Further Mathematics,senior_only,high,8,part_time_multi_school,,
TCH-00488,SCH-037,Bashir Nwosu,hustling_subject_specialist,11100,08:00-11:00,2,Physics|Further Mathematics,senior_only,high,6,part_time_multi_school,,
TCH-00489,SCH-037,Aisha Chukwu,nysc_corper,10111,13:00-15:00,1,Civic Education|Basic Science,junior_only,low,0,nysc_temporary,Tuesday,
TCH-00490,SCH-037,Bashir Nwosu,overworked_generalist,11111,scattered,5,CRS|PHE,any,very_low,4,full_time_underpaid,,
TCH-00491,SCH-037,Bashir Mohammed,overworked_generalist,11111,scattered,4,Basic Technology|CRS,any,very_low,2,full_time_underpaid,,
TCH-00492,SCH-037,Ifeoma Garba,veteran_staff_room_boss,11111,08:30-10:30,2,Chemistry|Biology,senior_only,absolute_priority,23,full_time_senior_staff,,2
TCH-00493,SCH-037,Ifeoma Nwosu,overworked_generalist,11111,scattered,4,Basic Technology|PHE,any,very_low,4,full_time_underpaid,,
TCH-00494,SCH-037,Yusuf Mohammed,overworked_generalist,11111,scattered,4,PHE|Basic Technology,any,very_low,6,full_time_underpaid,,
TCH-00495,SCH-037,Emeka Adeyemi,overworked_generalist,11111,scattered,3,CRS|PHE|Basic Technology,any,very_low,5,full_time_underpaid,,
TCH-00496,SCH-037,Obinna Nwosu,nysc_corper,11011,13:00-15:00,1,Civic Education,junior_only,low,0,nysc_temporary,Wednesday,
TCH-00497,SCH-037,Amaka Eze,hustling_subject_specialist,01100,08:00-11:00,2,Physics|Further Mathematics,senior_only,high,5,part_time_multi_school,,
TCH-00498,SCH-037,Ngozi Eze,overworked_generalist,11111,scattered,5,PHE|CRS,any,very_low,5,full_time_underpaid,,
TCH-00499,SCH-037,Blessing Nwosu,overworked_generalist,11111,scattered,3,CRS|Basic Technology,any,very_low,2,full_time_underpaid,,
TCH-00500,SCH-037,Fatima Okoro,nysc_corper,10111,13:00-15:00,1,Basic Science|Civic Education,junior_only,low,0,nysc_temporary,Tuesday,
TCH-00501,SCH-037,Chiamaka Suleiman,hustling_subject_specialist,01100,08:00-11:00,3,Physics|Economics,senior_only,high,11,part_time_multi_school,,
TCH-00502,SCH-038,Blessing Garba,nysc_corper,01111,13:00-15:00,1,Basic Science,junior_only,low,0,nysc_temporary,Monday,
TCH-00503,SCH-038,Musa Suleiman,veteran_staff_room_boss,11111,08:30-10:30,1,Further Mathematics|Physics,senior_only,absolute_priority,20,full_time_senior_staff,,2
TCH-00504,SCH-038,Obinna Suleiman,nysc_corper,10111,13:00-15:00,1,Basic Science,junior_only,low,0,nysc_temporary,Tuesday,
TCH-00505,SCH-038,Amaka Abubakar,nysc_corper,10111,13:00-15:00,1,Civic Education,junior_only,low,0,nysc_temporary,Tuesday,
TCH-00506,SCH-038,Hauwa Okafor,veteran_staff_room_boss,11111,08:30-10:30,2,Chemistry|Physics,senior_only,absolute_priority,29,full_time_senior_staff,,2
TCH-00507,SCH-038,Amaka Mohammed,overworked_generalist,11111,scattered,5,CRS|Basic Technology|PHE,any,very_low,5,full_time_underpaid,,
TCH-00508,SCH-038,Obinna Chukwu,overworked_generalist,11111,scattered,3,PHE|CRS|Basic Technology,any,very_low,2,full_time_underpaid,,
TCH-00509,SCH-038,Tunde Nwosu,veteran_staff_room_boss,11111,08:30-10:30,2,Biology,senior_only,absolute_priority,17,full_time_senior_staff,,2
TCH-00510,SCH-038,Bashir Mohammed,veteran_staff_room_boss,11111,08:30-10:30,1,Biology,senior_only,absolute_priority,17,full_time_senior_staff,,2
TCH-00511,SCH-038,Hauwa Abubakar,nysc_corper,11110,13:00-15:00,1,Civic Education,junior_only,low,0,nysc_temporary,Friday,
TCH-00512,SCH-038,Musa Adebayo,nysc_corper,01111,13:00-15:00,1,Civic Education|Basic Science,junior_only,low,0,nysc_temporary,Monday,
TCH-00513,SCH-038,Tunde Adebayo,hustling_subject_specialist,11010,08:00-11:00,2,Further Mathematics,senior_only,high,6,part_time_multi_school,,
TCH-00514,SCH-038,Tunde Balogun,veteran_staff_room_boss,11111,08:30-10:30,2,Biology|Physics,senior_only,absolute_priority,22,full_time_senior_staff,,2
TCH-00515,SCH-039,Tunde Chukwu,overworked_generalist,11111,scattered,3,PHE|Basic Technology|CRS,any,very_low,6,full_time_underpaid,,
TCH-00516,SCH-039,Hauwa Chukwu,hustling_subject_specialist,10110,08:00-11:00,2,Further Mathematics|Physics,senior_only,high,8,part_time_multi_school,,
TCH-00517,SCH-039,Obinna Okafor,overworked_generalist,11111,scattered,5,Basic Technology|PHE,any,very_low,3,full_time_underpaid,,
TCH-00518,SCH-039,Chinedu Okoro,overworked_generalist,11111,scattered,3,Basic Technology|CRS|PHE,any,very_low,4,full_time_underpaid,,
TCH-00519,SCH-039,Yusuf Adebayo,overworked_generalist,11111,scattered,3,PHE|CRS,any,very_low,7,full_time_underpaid,,
TCH-00520,SCH-039,Emeka Nwosu,overworked_generalist,11111,scattered,3,PHE|CRS,any,very_low,1,full_time_underpaid,,
TCH-00521,SCH-039,Kunle Okoro,nysc_corper,11110,13:00-15:00,1,Civic Education|Basic Science,junior_only,low,0,nysc_temporary,Friday,
TCH-00522,SCH-039,Tunde Balogun,overworked_generalist,11111,scattered,5,PHE|CRS|Basic Technology,any,very_low,8,full_time_underpaid,,
TCH-00523,SCH-039,Blessing Eze,overworked_generalist,11111,scattered,5,CRS|Basic Technology|PHE,any,very_low,7,full_time_underpaid,,
TCH-00524,SCH-039,Amaka Okoro,nysc_corper,11101,13:00-15:00,1,Civic Education,junior_only,low,0,nysc_temporary,Thursday,
TCH-00525,SCH-039,Chiamaka Adeyemi,hustling_subject_specialist,01110,08:00-11:00,3,Economics,senior_only,high,11,part_time_multi_school,,
TCH-00526,SCH-039,Hauwa Eze,overworked_generalist,11111,scattered,4,CRS|PHE,any,very_low,5,full_time_underpaid,,
TCH-00527,SCH-039,Oluwaseun Abubakar,hustling_subject_specialist,10100,08:00-11:00,2,Further Mathematics,senior_only,high,7,part_time_multi_school,,
TCH-00528,SCH-040,Kunle Mohammed,veteran_staff_room_boss,11111,08:30-10:30,2,Chemistry|Physics,senior_only,absolute_priority,16,full_time_senior_staff,,2
TCH-00529,SCH-040,Kunle Eze,nysc_corper,11101,13:00-15:00,1,Basic Science|Civic Education,junior_only,low,0,nysc_temporary,Thursday,
TCH-00530,SCH-040,Amaka Adebayo,hustling_subject_specialist,10110,08:00-11:00,2,Further Mathematics,senior_only,high,6,part_time_multi_school,,
TCH-00531,SCH-040,Ngozi Suleiman,overworked_generalist,11111,scattered,3,PHE|CRS|Basic Technology,any,very_low,6,full_time_underpaid,,
TCH-00532,SCH-040,Obinna Okoro,overworked_generalist,11111,scattered,4,PHE|Basic Technology|CRS,any,very_low,1,full_time_underpaid,,
TCH-00533,SCH-040,Ifeoma Suleiman,nysc_corper,11110,13:00-15:00,1,Civic Education,junior_only,low,0,nysc_temporary,Friday,
TCH-00534,SCH-040,Bashir Balogun,overworked_generalist,11111,scattered,4,Basic Technology|CRS,any,very_low,7,full_time_underpaid,,
TCH-00535,SCH-040,Aisha Garba,overworked_generalist,11111,scattered,5,CRS|Basic Technology|PHE,any,very_low,3,full_time_underpaid,,
TCH-00536,SCH-040,Aisha Balogun,veteran_staff_room_boss,11111,08:30-10:30,2,Biology,senior_only,absolute_priority,19,full_time_senior_staff,,2
TCH-00537,SCH-040,Ngozi Balogun,hustling_subject_specialist,01010,08:00-11:00,3,Economics|Physics,senior_only,high,5,part_time_multi_school,,
TCH-00538,SCH-040,Tunde Adeyemi,overworked_generalist,11111,scattered,3,Basic Technology|PHE,any,very_low,1,full_time_underpaid,,
TCH-00539,SCH-040,Emeka Okafor,veteran_staff_room_boss,11111,08:30-10:30,1,Physics|Biology,senior_only,absolute_priority,21,full_time_senior_staff,,2
TCH-00540,SCH-040,Adaeze Adeyemi,hustling_subject_specialist,11100,08:00-11:00,2,Further Mathematics,senior_only,high,8,part_time_multi_school,,
TCH-00541,SCH-041,Bashir Garba,veteran_staff_room_boss,11111,08:30-10:30,1,Biology,senior_only,absolute_priority,19,full_time_senior_staff,,2
TCH-00542,SCH-041,Oluwaseun Okafor,overworked_generalist,11111,scattered,5,Basic Technology|CRS|PHE,any,very_low,5,full_time_underpaid,,
TCH-00543,SCH-041,Kunle Eze,hustling_subject_specialist,00110,08:00-11:00,3,Further Mathematics|Economics,senior_only,high,7,part_time_multi_school,,
TCH-00544,SCH-041,Adaeze Adeyemi,hustling_subject_specialist,00110,08:00-11:00,2,Economics|Further Mathematics,senior_only,high,10,part_time_multi_school,,
TCH-00545,SCH-041,Aisha Abubakar,hustling_subject_specialist,10010,08:00-11:00,3,Physics,senior_only,high,12,part_time_multi_school,,
TCH-00546,SCH-041,Obinna Nwosu,veteran_staff_room_boss,11111,08:30-10:30,1,Physics,senior_only,absolute_priority,17,full_time_senior_staff,,2
TCH-00547,SCH-041,Obinna Suleiman,nysc_corper,10111,13:00-15:00,1,Civic Education|Basic Science,junior_only,low,0,nysc_temporary,Tuesday,
TCH-00548,SCH-041,Obinna Mohammed,veteran_staff_room_boss,11111,08:30-10:30,1,Biology|Physics,senior_only,absolute_priority,28,full_time_senior_staff,,2
TCH-00549,SCH-041,Oluwaseun Garba,nysc_corper,11101,13:00-15:00,1,Basic Science|Civic Education,junior_only,low,0,nysc_temporary,Thursday,
TCH-00550,SCH-041,Oluwaseun Okafor,overworked_generalist,11111,scattered,3,PHE|CRS|Basic Technology,any,very_low,7,full_time_underpaid,,
TCH-00551,SCH-041,Emeka Okoro,overworked_generalist,11111,scattered,4,Basic Technology|CRS|PHE,any,very_low,4,full_time_underpaid,,
TCH-00552,SCH-041,Musa Okafor,veteran_staff_room_boss,11111,08:30-10:30,2,Biology,senior_only,absolute_priority,23,full_time_senior_staff,,2
TCH-00553,SCH-041,Obinna Abubakar,veteran_staff_room_boss,11111,08:30-10:30,1,Biology|Physics,senior_only,absolute_priority,23,full_time_senior_staff,,2
TCH-00554,SCH-041,Oluwaseun Eze,overworked_generalist,11111,scattered,3,PHE|CRS,any,very_low,2,full_time_underpaid,,
TCH-00555,SCH-041,Obinna Adeyemi,veteran_staff_room_boss,11111,08:30-10:30,2,Biology|Further Mathematics,senior_only,absolute_priority,22,full_time_senior_staff,,2
TCH-00556,SCH-041,Chinedu Adeyemi,hustling_subject_specialist,01110,08:00-11:00,3,Economics|Further Mathematics,senior_only,high,8,part_time_multi_school,,
TCH-00557,SCH-042,Yusuf Garba,hustling_subject_specialist,10010,08:00-11:00,3,Economics,senior_only,high,6,part_time_multi_school,,
TCH-00558,SCH-042,Blessing Eze,hustling_subject_specialist,11000,08:00-11:00,2,Economics|Physics,senior_only,high,5,part_time_multi_school,,
TCH-00559,SCH-042,Chinedu Chukwu,hustling_subject_specialist,10010,08:00-11:00,2,Economics|Physics,senior_only,high,10,part_time_multi_school,,
TCH-00560,SCH-042,Kunle Suleiman,veteran_staff_room_boss,11111,08:30-10:30,1,Biology|Physics,senior_only,absolute_priority,26,full_time_senior_staff,,2
TCH-00561,SCH-042,Amaka Adeyemi,hustling_subject_specialist,01100,08:00-11:00,3,Physics|Economics,senior_only,high,6,part_time_multi_school,,
TCH-00562,SCH-042,Chinedu Okoro,nysc_corper,11011,13:00-15:00,1,Civic Education,junior_only,low,0,nysc_temporary,Wednesday,
TCH-00563,SCH-042,Bashir Abubakar,nysc_corper,01111,13:00-15:00,1,Basic Science,junior_only,low,0,nysc_temporary,Monday,
TCH-00564,SCH-042,Bashir Eze,veteran_staff_room_boss,11111,08:30-10:30,1,Biology|Chemistry,senior_only,absolute_priority,18,full_time_senior_staff,,2
TCH-00565,SCH-042,Ifeoma Adebayo,overworked_generalist,11111,scattered,4,CRS|PHE|Basic Technology,any,very_low,2,full_time_underpaid,,
TCH-00566,SCH-042,Ngozi Mohammed,nysc_corper,01111,13:00-15:00,1,Basic Science|Civic Education,junior_only,low,0,nysc_temporary,Monday,
TCH-00567,SCH-042,Blessing Abubakar,overworked_generalist,11111,scattered,5,CRS|Basic Technology|PHE,any,very_low,7,full_time_underpaid,,
TCH-00568,SCH-042,Tunde Okafor,overworked_generalist,11111,scattered,5,Basic Technology|CRS|PHE,any,very_low,5,full_time_underpaid,,
TCH-00569,SCH-042,Oluwaseun Garba,hustling_subject_specialist,11100,08:00-11:00,2,Further Mathematics|Physics,senior_only,high,8,part_time_multi_school,,
TCH-00570,SCH-042,Ifeoma Okafor,veteran_staff_room_boss,11111,08:30-10:30,2,Chemistry|Further Mathematics,senior_only,absolute_priority,23,full_time_senior_staff,,2
TCH-00571,SCH-042,Chinedu Balogun,hustling_subject_specialist,10110,08:00-11:00,3,Physics,senior_only,high,6,part_time_multi_school,,
TCH-00572,SCH-043,Bashir Okoro,nysc_corper,01111,13:00-15:00,1,Basic Science,junior_only,low,0,nysc_temporary,Monday,
TCH-00573,SCH-043,Obinna Okoro,nysc_corper,10111,13:00-15:00,1,Civic Education,junior_only,low,0,nysc_temporary,Tuesday,
TCH-00574,SCH-043,Adaeze Chukwu,overworked_generalist,11111,scattered,5,Basic Technology|CRS|PHE,any,very_low,3,full_time_underpaid,,
TCH-00575,SCH-043,Aisha Mohammed,overworked_generalist,11111,scattered,3,Basic Technology|PHE,any,very_low,6,full_time_underpaid,,
TCH-00576,SCH-043,Amaka Chukwu,overworked_generalist,11111,scattered,5,Basic Technology|CRS,any,very_low,1,full_time_underpaid,,
TCH-00577,SCH-043,Adaeze Okafor,nysc_corper,11110,13:00-15:00,1,Civic Education,junior_only,low,0,nysc_temporary,Friday,
TCH-00578,SCH-043,Blessing Mohammed,nysc_corper,11101,13:00-15:00,1,Basic Science|Civic Education,junior_only,low,0,nysc_temporary,Thursday,
TCH-00579,SCH-043,Chinedu Okafor,hustling_subject_specialist,10100,08:00-11:00,2,Economics,senior_only,high,4,part_time_multi_school,,
TCH-00580,SCH-043,Ngozi Balogun,nysc_corper,11011,13:00-15:00,1,Civic Education|Basic Science,junior_only,low,0,nysc_temporary,Wednesday,
TCH-00581,SCH-043,Hauwa Okafor,nysc_corper,11011,13:00-15:00,1,Civic Education|Basic Science,junior_only,low,0,nysc_temporary,Wednesday,
TCH-00582,SCH-043,Emeka Chukwu,overworked_generalist,11111,scattered,3,CRS|Basic Technology,any,very_low,2,full_time_underpaid,,
TCH-00583,SCH-043,Amaka Balogun,overworked_generalist,11111,scattered,3,Basic Technology|PHE|CRS,any,very_low,1,full_time_underpaid,,
TCH-00584,SCH-043,Adaeze Nwosu,hustling_subject_specialist,10110,08:00-11:00,2,Economics|Physics,senior_only,high,5,part_time_multi_school,,
TCH-00585,SCH-043,Chinedu Adebayo,hustling_subject_specialist,11000,08:00-11:00,2,Economics,senior_only,high,11,part_time_multi_school,,
TCH-00586,SCH-044,Chiamaka Garba,overworked_generalist,11111,scattered,4,CRS|PHE|Basic Technology,any,very_low,6,full_time_underpaid,,
TCH-00587,SCH-044,Ngozi Eze,overworked_generalist,11111,scattered,4,PHE|CRS,any,very_low,2,full_time_underpaid,,
TCH-00588,SCH-044,Oluwaseun Eze,overworked_generalist,11111,scattered,5,CRS|PHE,any,very_low,4,full_time_underpaid,,
TCH-00589,SCH-044,Fatima Adebayo,hustling_subject_specialist,01010,08:00-11:00,3,Physics,senior_only,high,5,part_time_multi_school,,
TCH-00590,SCH-044,Chiamaka Chukwu,hustling_subject_specialist,01100,08:00-11:00,3,Economics,senior_only,high,6,part_time_multi_school,,
TCH-00591,SCH-044,Hauwa Abubakar,veteran_staff_room_boss,11111,08:30-10:30,1,Further Mathematics,senior_only,absolute_priority,17,full_time_senior_staff,,2
TCH-00592,SCH-044,Oluwaseun Suleiman,nysc_corper,11011,13:00-15:00,1,Basic Science|Civic Education,junior_only,low,0,nysc_temporary,Wednesday,
TCH-00593,SCH-044,Aisha Chukwu,hustling_subject_specialist,01010,08:00-11:00,2,Physics|Economics,senior_only,high,12,part_time_multi_school,,
TCH-00594,SCH-044,Ifeoma Okafor,nysc_corper,10111,13:00-15:00,1,Basic Science,junior_only,low,0,nysc_temporary,Tuesday,
TCH-00595,SCH-044,Obinna Mohammed,overworked_generalist,11111,scattered,5,Basic Technology|CRS,any,very_low,2,full_time_underpaid,,
TCH-00596,SCH-044,Bashir Okoro,veteran_staff_room_boss,11111,08:30-10:30,1,Further Mathematics,senior_only,absolute_priority,19,full_time_senior_staff,,2
TCH-00597,SCH-044,Chiamaka Suleiman,overworked_generalist,11111,scattered,5,CRS|PHE|Basic Technology,any,very_low,2,full_time_underpaid,,
TCH-00598,SCH-044,Amaka Chukwu,nysc_corper,01111,13:00-15:00,1,Civic Education,junior_only,low,0,nysc_temporary,Monday,
TCH-00599,SCH-044,Aisha Mohammed,veteran_staff_room_boss,11111,08:30-10:30,1,Physics|Chemistry,senior_only,absolute_priority,27,full_time_senior_staff,,2
TCH-00600,SCH-044,Tunde Adeyemi,nysc_corper,11011,13:00-15:00,1,Civic Education|Basic Science,junior_only,low,0,nysc_temporary,Wednesday,
TCH-00601,SCH-044,Kunle Okoro,overworked_generalist,11111,scattered,3,CRS|Basic Technology|PHE,any,very_low,6,full_time_underpaid,,
TCH-00602,SCH-045,Emeka Balogun,overworked_generalist,11111,scattered,4,PHE|Basic Technology|CRS,any,very_low,8,full_time_underpaid,,
TCH-00603,SCH-045,Emeka Abubakar,veteran_staff_room_boss,11111,08:30-10:30,2,Chemistry,senior_only,absolute_priority,25,full_time_senior_staff,,2
TCH-00604,SCH-045,Ifeoma Adeyemi,overworked_generalist,11111,scattered,4,Basic Technology|CRS,any,very_low,6,full_time_underpaid,,
TCH-00605,SCH-045,Musa Adeyemi,nysc_corper,01111,13:00-15:00,1,Civic Education|Basic Science,junior_only,low,0,nysc_temporary,Monday,
TCH-00606,SCH-045,Ngozi Okafor,veteran_staff_room_boss,11111,08:30-10:30,2,Chemistry|Biology,senior_only,absolute_priority,28,full_time_senior_staff,,2
TCH-00607,SCH-045,Chiamaka Nwosu,veteran_staff_room_boss,11111,08:30-10:30,1,Chemistry|Further Mathematics,senior_only,absolute_priority,16,full_time_senior_staff,,2
TCH-00608,SCH-045,Aisha Okafor,overworked_generalist,11111,scattered,3,CRS|Basic Technology,any,very_low,7,full_time_underpaid,,
TCH-00609,SCH-045,Ngozi Mohammed,veteran_staff_room_boss,11111,08:30-10:30,1,Physics,senior_only,absolute_priority,26,full_time_senior_staff,,2
TCH-00610,SCH-045,Aisha Okoro,overworked_generalist,11111,scattered,5,CRS|PHE,any,very_low,3,full_time_underpaid,,
TCH-00611,SCH-045,Yusuf Abubakar,overworked_generalist,11111,scattered,4,PHE|Basic Technology,any,very_low,7,full_time_underpaid,,
TCH-00612,SCH-045,Ifeoma Adeyemi,nysc_corper,10111,13:00-15:00,1,Civic Education|Basic Science,junior_only,low,0,nysc_temporary,Tuesday,
TCH-00613,SCH-045,Emeka Balogun,nysc_corper,11110,13:00-15:00,1,Civic Education,junior_only,low,0,nysc_temporary,Friday,
TCH-00614,SCH-045,Ifeoma Suleiman,nysc_corper,11110,13:00-15:00,1,Civic Education,junior_only,low,0,nysc_temporary,Friday,
TCH-00615,SCH-045,Yusuf Eze,nysc_corper,01111,13:00-15:00,1,Basic Science|Civic Education,junior_only,low,0,nysc_temporary,Monday,
TCH-00616,SCH-045,Hauwa Okafor,hustling_subject_specialist,11000,08:00-11:00,2,Economics,senior_only,high,8,part_time_multi_school,,
TCH-00617,SCH-046,Tunde Okoro,nysc_corper,11101,13:00-15:00,1,Civic Education|Basic Science,junior_only,low,0,nysc_temporary,Thursday,
TCH-00618,SCH-046,Yusuf Nwosu,overworked_generalist,11111,scattered,5,PHE|CRS|Basic Technology,any,very_low,1,full_time_underpaid,,
TCH-00619,SCH-046,Hauwa Mohammed,hustling_subject_specialist,10110,08:00-11:00,3,Further Mathematics|Physics,senior_only,high,8,part_time_multi_school,,
TCH-00620,SCH-046,Emeka Okafor,overworked_generalist,11111,scattered,5,Basic Technology|PHE,any,very_low,3,full_time_underpaid,,
TCH-00621,SCH-046,Obinna Okafor,overworked_generalist,11111,scattered,4,Basic Technology|PHE,any,very_low,1,full_time_underpaid,,
TCH-00622,SCH-046,Chiamaka Eze,nysc_corper,01111,13:00-15:00,1,Basic Science|Civic Education,junior_only,low,0,nysc_temporary,Monday,
TCH-00623,SCH-046,Tunde Adebayo,overworked_generalist,11111,scattered,3,Basic Technology|CRS,any,very_low,7,full_time_underpaid,,
TCH-00624,SCH-046,Fatima Eze,overworked_generalist,11111,scattered,4,CRS|PHE|Basic Technology,any,very_low,4,full_time_underpaid,,
TCH-00625,SCH-046,Blessing Abubakar,overworked_generalist,11111,scattered,3,CRS|Basic Technology|PHE,any,very_low,1,full_time_underpaid,,
TCH-00626,SCH-046,Bashir Nwosu,nysc_corper,10111,13:00-15:00,1,Basic Science,junior_only,low,0,nysc_temporary,Tuesday,
TCH-00627,SCH-046,Oluwaseun Adebayo,overworked_generalist,11111,scattered,3,Basic Technology|PHE,any,very_low,2,full_time_underpaid,,
TCH-00628,SCH-046,Tunde Garba,nysc_corper,01111,13:00-15:00,1,Basic Science|Civic Education,junior_only,low,0,nysc_temporary,Monday,
TCH-00629,SCH-046,Aisha Suleiman,veteran_staff_room_boss,11111,08:30-10:30,1,Biology,senior_only,absolute_priority,27,full_time_senior_staff,,2
TCH-00630,SCH-046,Ifeoma Adeyemi,veteran_staff_room_boss,11111,08:30-10:30,2,Chemistry|Further Mathematics,senior_only,absolute_priority,18,full_time_senior_staff,,2
TCH-00631,SCH-046,Ngozi Chukwu,hustling_subject_specialist,11000,08:00-11:00,2,Economics,senior_only,high,12,part_time_multi_school,,
TCH-00632,SCH-047,Adaeze Garba,overworked_generalist,11111,scattered,5,CRS|Basic Technology|PHE,any,very_low,8,full_time_underpaid,,
TCH-00633,SCH-047,Amaka Okoro,nysc_corper,11101,13:00-15:00,1,Basic Science,junior_only,low,0,nysc_temporary,Thursday,
TCH-00634,SCH-047,Fatima Balogun,hustling_subject_specialist,00110,08:00-11:00,2,Further Mathematics|Physics,senior_only,high,10,part_time_multi_school,,
TCH-00635,SCH-047,Musa Eze,hustling_subject_specialist,01010,08:00-11:00,3,Economics|Further Mathematics,senior_only,high,4,part_time_multi_school,,
TCH-00636,SCH-047,Fatima Adebayo,hustling_subject_specialist,01100,08:00-11:00,3,Economics|Physics,senior_only,high,10,part_time_multi_school,,
TCH-00637,SCH-047,Hauwa Adebayo,veteran_staff_room_boss,11111,08:30-10:30,1,Chemistry|Further Mathematics,senior_only,absolute_priority,24,full_time_senior_staff,,2
TCH-00638,SCH-047,Oluwaseun Adeyemi,overworked_generalist,11111,scattered,5,PHE|CRS|Basic Technology,any,very_low,8,full_time_underpaid,,
TCH-00639,SCH-047,Emeka Nwosu,nysc_corper,11101,13:00-15:00,1,Basic Science,junior_only,low,0,nysc_temporary,Thursday,
TCH-00640,SCH-047,Aisha Adebayo,overworked_generalist,11111,scattered,3,PHE|Basic Technology,any,very_low,7,full_time_underpaid,,
TCH-00641,SCH-047,Obinna Adebayo,nysc_corper,11110,13:00-15:00,1,Civic Education|Basic Science,junior_only,low,0,nysc_temporary,Friday,
TCH-00642,SCH-048,Amaka Abubakar,veteran_staff_room_boss,11111,08:30-10:30,2,Further Mathematics|Chemistry,senior_only,absolute_priority,16,full_time_senior_staff,,2
TCH-00643,SCH-048,Emeka Mohammed,hustling_subject_specialist,01010,08:00-11:00,2,Physics,senior_only,high,6,part_time_multi_school,,
TCH-00644,SCH-048,Emeka Okoro,veteran_staff_room_boss,11111,08:30-10:30,1,Physics|Biology,senior_only,absolute_priority,30,full_time_senior_staff,,2
TCH-00645,SCH-048,Yusuf Chukwu,nysc_corper,01111,13:00-15:00,1,Civic Education|Basic Science,junior_only,low,0,nysc_temporary,Monday,
TCH-00646,SCH-048,Amaka Okafor,nysc_corper,10111,13:00-15:00,1,Basic Science|Civic Education,junior_only,low,0,nysc_temporary,Tuesday,
TCH-00647,SCH-048,Blessing Abubakar,nysc_corper,11011,13:00-15:00,1,Basic Science|Civic Education,junior_only,low,0,nysc_temporary,Wednesday,
TCH-00648,SCH-048,Kunle Garba,overworked_generalist,11111,scattered,4,Basic Technology|PHE,any,very_low,5,full_time_underpaid,,
TCH-00649,SCH-048,Tunde Balogun,veteran_staff_room_boss,11111,08:30-10:30,1,Physics,senior_only,absolute_priority,15,full_time_senior_staff,,2
TCH-00650,SCH-048,Yusuf Eze,overworked_generalist,11111,scattered,5,Basic Technology|PHE,any,very_low,1,full_time_underpaid,,
TCH-00651,SCH-048,Hauwa Okoro,overworked_generalist,11111,scattered,5,CRS|PHE|Basic Technology,any,very_low,8,full_time_underpaid,,
TCH-00652,SCH-048,Chinedu Mohammed,veteran_staff_room_boss,11111,08:30-10:30,2,Further Mathematics|Physics,senior_only,absolute_priority,29,full_time_senior_staff,,2
TCH-00653,SCH-048,Ngozi Chukwu,overworked_generalist,11111,scattered,4,CRS|PHE|Basic Technology,any,very_low,2,full_time_underpaid,,
TCH-00654,SCH-048,Oluwaseun Eze,hustling_subject_specialist,10110,08:00-11:00,3,Physics|Economics,senior_only,high,11,part_time_multi_school,,
TCH-00655,SCH-049,Musa Mohammed,hustling_subject_specialist,10110,08:00-11:00,2,Physics,senior_only,high,5,part_time_multi_school,,
TCH-00656,SCH-049,Blessing Nwosu,veteran_staff_room_boss,11111,08:30-10:30,2,Chemistry|Physics,senior_only,absolute_priority,28,full_time_senior_staff,,2
TCH-00657,SCH-049,Fatima Eze,overworked_generalist,11111,scattered,4,Basic Technology|CRS,any,very_low,2,full_time_underpaid,,
TCH-00658,SCH-049,Fatima Eze,overworked_generalist,11111,scattered,5,PHE|CRS|Basic Technology,any,very_low,6,full_time_underpaid,,
TCH-00659,SCH-049,Fatima Nwosu,overworked_generalist,11111,scattered,4,PHE|Basic Technology,any,very_low,6,full_time_underpaid,,
TCH-00660,SCH-049,Amaka Nwosu,veteran_staff_room_boss,11111,08:30-10:30,2,Chemistry,senior_only,absolute_priority,18,full_time_senior_staff,,2
TCH-00661,SCH-049,Yusuf Adebayo,nysc_corper,11110,13:00-15:00,1,Basic Science|Civic Education,junior_only,low,0,nysc_temporary,Friday,
TCH-00662,SCH-049,Blessing Adebayo,hustling_subject_specialist,01110,08:00-11:00,3,Physics,senior_only,high,12,part_time_multi_school,,
TCH-00663,SCH-049,Hauwa Garba,overworked_generalist,11111,scattered,5,Basic Technology|CRS,any,very_low,2,full_time_underpaid,,
TCH-00664,SCH-049,Oluwaseun Abubakar,overworked_generalist,11111,scattered,5,PHE|CRS|Basic Technology,any,very_low,3,full_time_underpaid,,
TCH-00665,SCH-049,Emeka Eze,veteran_staff_room_boss,11111,08:30-10:30,2,Biology,senior_only,absolute_priority,21,full_time_senior_staff,,2
TCH-00666,SCH-049,Bashir Eze,nysc_corper,11011,13:00-15:00,1,Basic Science|Civic Education,junior_only,low,0,nysc_temporary,Wednesday,
TCH-00667,SCH-049,Amaka Abubakar,nysc_corper,11101,13:00-15:00,1,Basic Science,junior_only,low,0,nysc_temporary,Thursday,
TCH-00668,SCH-049,Hauwa Chukwu,overworked_generalist,11111,scattered,3,CRS|Basic Technology|PHE,any,very_low,2,full_time_underpaid,,
TCH-00669,SCH-049,Emeka Okoro,hustling_subject_specialist,10010,08:00-11:00,2,Further Mathematics,senior_only,high,4,part_time_multi_school,,
TCH-00670,SCH-050,Tunde Nwosu,overworked_generalist,11111,scattered,4,PHE|Basic Technology|CRS,any,very_low,4,full_time_underpaid,,
TCH-00671,SCH-050,Adaeze Okoro,nysc_corper,01111,13:00-15:00,1,Civic Education|Basic Science,junior_only,low,0,nysc_temporary,Monday,
TCH-00672,SCH-050,Ngozi Okoro,overworked_generalist,11111,scattered,3,PHE|Basic Technology,any,very_low,6,full_time_underpaid,,
TCH-00673,SCH-050,Fatima Adebayo,overworked_generalist,11111,scattered,4,CRS|PHE|Basic Technology,any,very_low,6,full_time_underpaid,,
TCH-00674,SCH-050,Obinna Eze,hustling_subject_specialist,00110,08:00-11:00,3,Physics,senior_only,high,9,part_time_multi_school,,
TCH-00675,SCH-050,Hauwa Adebayo,nysc_corper,01111,13:00-15:00,1,Civic Education|Basic Science,junior_only,low,0,nysc_temporary,Monday,
TCH-00676,SCH-050,Blessing Adebayo,hustling_subject_specialist,01100,08:00-11:00,3,Further Mathematics,senior_only,high,10,part_time_multi_school,,
TCH-00677,SCH-050,Kunle Adebayo,hustling_subject_specialist,01110,08:00-11:00,3,Economics|Further Mathematics,senior_only,high,12,part_time_multi_school,,
TCH-00678,SCH-050,Obinna Mohammed,veteran_staff_room_boss,11111,08:30-10:30,1,Further Mathematics,senior_only,absolute_priority,25,full_time_senior_staff,,2
TCH-00679,SCH-050,Ngozi Okafor,nysc_corper,11101,13:00-15:00,1,Civic Education,junior_only,low,0,nysc_temporary,Thursday,
TCH-00680,SCH-050,Amaka Mohammed,veteran_staff_room_boss,11111,08:30-10:30,1,Physics|Biology,senior_only,absolute_priority,29,full_time_senior_staff,,2
TCH-00681,SCH-050,Hauwa Suleiman,overworked_generalist,11111,scattered,5,CRS|Basic Technology|PHE,any,very_low,1,full_time_underpaid,,
TCH-00682,SCH-050,Ngozi Garba,veteran_staff_room_boss,11111,08:30-10:30,1,Chemistry,senior_only,absolute_priority,16,full_time_senior_staff,,2
TCH-00683,SCH-050,Chiamaka Abubakar,overworked_generalist,11111,scattered,3,Basic Technology|CRS,any,very_low,3,full_time_underpaid,,
TCH-00684,SCH-050,Obinna Chukwu,overworked_generalist,11111,scattered,4,Basic Technology|CRS,any,very_low,2,full_time_underpaid,,
TCH-00685,SCH-051,Chinedu Garba,overworked_generalist,11111,scattered,5,Basic Technology|CRS,any,very_low,5,full_time_underpaid,,
TCH-00686,SCH-051,Bashir Mohammed,veteran_staff_room_boss,11111,08:30-10:30,1,Biology|Further Mathematics,senior_only,absolute_priority,27,full_time_senior_staff,,2
TCH-00687,SCH-051,Emeka Adebayo,nysc_corper,11101,13:00-15:00,1,Civic Education|Basic Science,junior_only,low,0,nysc_temporary,Thursday,
TCH-00688,SCH-051,Chiamaka Adeyemi,hustling_subject_specialist,01100,08:00-11:00,2,Physics,senior_only,high,12,part_time_multi_school,,
TCH-00689,SCH-051,Adaeze Nwosu,overworked_generalist,11111,scattered,4,CRS|PHE|Basic Technology,any,very_low,2,full_time_underpaid,,
TCH-00690,SCH-051,Yusuf Nwosu,veteran_staff_room_boss,11111,08:30-10:30,2,Biology,senior_only,absolute_priority,22,full_time_senior_staff,,2
TCH-00691,SCH-051,Ifeoma Okoro,nysc_corper,10111,13:00-15:00,1,Basic Science,junior_only,low,0,nysc_temporary,Tuesday,
TCH-00692,SCH-051,Bashir Chukwu,hustling_subject_specialist,10010,08:00-11:00,3,Economics|Further Mathematics,senior_only,high,5,part_time_multi_school,,
TCH-00693,SCH-051,Hauwa Okafor,nysc_corper,11110,13:00-15:00,1,Civic Education,junior_only,low,0,nysc_temporary,Friday,
TCH-00694,SCH-051,Chiamaka Mohammed,overworked_generalist,11111,scattered,4,PHE|CRS|Basic Technology,any,very_low,3,full_time_underpaid,,
TCH-00695,SCH-051,Ifeoma Adeyemi,nysc_corper,10111,13:00-15:00,1,Civic Education|Basic Science,junior_only,low,0,nysc_temporary,Tuesday,
TCH-00696,SCH-051,Kunle Okoro,nysc_corper,11101,13:00-15:00,1,Civic Education|Basic Science,junior_only,low,0,nysc_temporary,Thursday,
TCH-00697,SCH-051,Chiamaka Eze,nysc_corper,10111,13:00-15:00,1,Basic Science,junior_only,low,0,nysc_temporary,Tuesday,
TCH-00698,SCH-051,Oluwaseun Mohammed,overworked_generalist,11111,scattered,5,PHE|CRS|Basic Technology,any,very_low,4,full_time_underpaid,,
TCH-00699,SCH-052,Amaka Okoro,veteran_staff_room_boss,11111,08:30-10:30,1,Biology,senior_only,absolute_priority,23,full_time_senior_staff,,2
TCH-00700,SCH-052,Oluwaseun Suleiman,veteran_staff_room_boss,11111,08:30-10:30,2,Physics,senior_only,absolute_priority,15,full_time_senior_staff,,2
TCH-00701,SCH-052,Oluwaseun Garba,nysc_corper,11101,13:00-15:00,1,Basic Science|Civic Education,junior_only,low,0,nysc_temporary,Thursday,
TCH-00702,SCH-052,Fatima Abubakar,overworked_generalist,11111,scattered,5,Basic Technology|CRS,any,very_low,4,full_time_underpaid,,
TCH-00703,SCH-052,Tunde Nwosu,hustling_subject_specialist,01010,08:00-11:00,3,Physics,senior_only,high,10,part_time_multi_school,,
TCH-00704,SCH-052,Fatima Eze,hustling_subject_specialist,10100,08:00-11:00,2,Physics|Further Mathematics,senior_only,high,8,part_time_multi_school,,
TCH-00705,SCH-052,Hauwa Adebayo,nysc_corper,11101,13:00-15:00,1,Basic Science,junior_only,low,0,nysc_temporary,Thursday,
TCH-00706,SCH-052,Blessing Nwosu,nysc_corper,10111,13:00-15:00,1,Basic Science|Civic Education,junior_only,low,0,nysc_temporary,Tuesday,
TCH-00707,SCH-052,Chinedu Garba,veteran_staff_room_boss,11111,08:30-10:30,1,Physics|Biology,senior_only,absolute_priority,19,full_time_senior_staff,,2
TCH-00708,SCH-052,Yusuf Chukwu,hustling_subject_specialist,01100,08:00-11:00,2,Physics,senior_only,high,12,part_time_multi_school,,
TCH-00709,SCH-052,Emeka Garba,hustling_subject_specialist,11100,08:00-11:00,2,Economics,senior_only,high,5,part_time_multi_school,,
TCH-00710,SCH-053,Fatima Eze,overworked_generalist,11111,scattered,5,CRS|Basic Technology|PHE,any,very_low,4,full_time_underpaid,,
TCH-00711,SCH-053,Emeka Abubakar,hustling_subject_specialist,01100,08:00-11:00,3,Further Mathematics,senior_only,high,4,part_time_multi_school,,
TCH-00712,SCH-053,Amaka Okoro,hustling_subject_specialist,10100,08:00-11:00,3,Further Mathematics,senior_only,high,7,part_time_multi_school,,
TCH-00713,SCH-053,Adaeze Abubakar,overworked_generalist,11111,scattered,3,CRS|Basic Technology|PHE,any,very_low,7,full_time_underpaid,,
TCH-00714,SCH-053,Emeka Nwosu,overworked_generalist,11111,scattered,4,CRS|PHE,any,very_low,8,full_time_underpaid,,
TCH-00715,SCH-053,Ngozi Adebayo,overworked_generalist,11111,scattered,4,CRS|PHE|Basic Technology,any,very_low,1,full_time_underpaid,,
TCH-00716,SCH-053,Tunde Adeyemi,hustling_subject_specialist,00110,08:00-11:00,3,Further Mathematics,senior_only,high,5,part_time_multi_school,,
TCH-00717,SCH-053,Yusuf Suleiman,nysc_corper,01111,13:00-15:00,1,Basic Science,junior_only,low,0,nysc_temporary,Monday,
TCH-00718,SCH-053,Musa Eze,veteran_staff_room_boss,11111,08:30-10:30,1,Further Mathematics,senior_only,absolute_priority,26,full_time_senior_staff,,2
TCH-00719,SCH-053,Aisha Nwosu,overworked_generalist,11111,scattered,3,CRS|PHE,any,very_low,7,full_time_underpaid,,
TCH-00720,SCH-053,Obinna Eze,nysc_corper,11101,13:00-15:00,1,Civic Education,junior_only,low,0,nysc_temporary,Thursday,
TCH-00721,SCH-053,Tunde Nwosu,hustling_subject_specialist,01100,08:00-11:00,2,Physics,senior_only,high,10,part_time_multi_school,,
TCH-00722,SCH-053,Yusuf Eze,veteran_staff_room_boss,11111,08:30-10:30,1,Biology,senior_only,absolute_priority,18,full_time_senior_staff,,2
TCH-00723,SCH-053,Obinna Eze,overworked_generalist,11111,scattered,5,PHE|Basic Technology|CRS,any,very_low,1,full_time_underpaid,,
TCH-00724,SCH-053,Aisha Balogun,hustling_subject_specialist,01010,08:00-11:00,2,Physics,senior_only,high,4,part_time_multi_school,,
TCH-00725,SCH-054,Blessing Nwosu,overworked_generalist,11111,scattered,4,CRS|PHE,any,very_low,5,full_time_underpaid,,
TCH-00726,SCH-054,Kunle Adebayo,overworked_generalist,11111,scattered,4,Basic Technology|PHE|CRS,any,very_low,7,full_time_underpaid,,
TCH-00727,SCH-054,Kunle Garba,overworked_generalist,11111,scattered,4,PHE|Basic Technology|CRS,any,very_low,7,full_time_underpaid,,
TCH-00728,SCH-054,Emeka Abubakar,overworked_generalist,11111,scattered,4,CRS|PHE|Basic Technology,any,very_low,6,full_time_underpaid,,
TCH-00729,SCH-054,Tunde Okafor,overworked_generalist,11111,scattered,3,PHE|Basic Technology|CRS,any,very_low,4,full_time_underpaid,,
TCH-00730,SCH-054,Kunle Mohammed,overworked_generalist,11111,scattered,3,CRS|PHE,any,very_low,4,full_time_underpaid,,
TCH-00731,SCH-054,Emeka Nwosu,nysc_corper,11101,13:00-15:00,1,Basic Science|Civic Education,junior_only,low,0,nysc_temporary,Thursday,
TCH-00732,SCH-054,Bashir Chukwu,veteran_staff_room_boss,11111,08:30-10:30,1,Biology|Physics,senior_only,absolute_priority,26,full_time_senior_staff,,2
TCH-00733,SCH-054,Tunde Eze,nysc_corper,11101,13:00-15:00,1,Civic Education,junior_only,low,0,nysc_temporary,Thursday,
TCH-00734,SCH-054,Obinna Nwosu,overworked_generalist,11111,scattered,4,Basic Technology|CRS|PHE,any,very_low,2,full_time_underpaid,,
TCH-00735,SCH-054,Blessing Nwosu,nysc_corper,01111,13:00-15:00,1,Basic Science|Civic Education,junior_only,low,0,nysc_temporary,Monday,
TCH-00736,SCH-055,Hauwa Abubakar,overworked_generalist,11111,scattered,4,Basic Technology|CRS|PHE,any,very_low,7,full_time_underpaid,,
TCH-00737,SCH-055,Obinna Balogun,overworked_generalist,11111,scattered,3,PHE|CRS|Basic Technology,any,very_low,5,full_time_underpaid,,
TCH-00738,SCH-055,Tunde Adeyemi,overworked_generalist,11111,scattered,4,CRS|Basic Technology|PHE,any,very_low,5,full_time_underpaid,,
TCH-00739,SCH-055,Bashir Mohammed,veteran_staff_room_boss,11111,08:30-10:30,1,Further Mathematics|Biology,senior_only,absolute_priority,20,full_time_senior_staff,,2
TCH-00740,SCH-055,Chiamaka Okafor,overworked_generalist,11111,scattered,4,PHE|CRS|Basic Technology,any,very_low,2,full_time_underpaid,,
TCH-00741,SCH-055,Bashir Balogun,nysc_corper,10111,13:00-15:00,1,Civic Education|Basic Science,junior_only,low,0,nysc_temporary,Tuesday,
TCH-00742,SCH-055,Bashir Nwosu,nysc_corper,11011,13:00-15:00,1,Basic Science,junior_only,low,0,nysc_temporary,Wednesday,
TCH-00743,SCH-055,Emeka Adebayo,veteran_staff_room_boss,11111,08:30-10:30,1,Physics|Further Mathematics,senior_only,absolute_priority,19,full_time_senior_staff,,2
TCH-00744,SCH-055,Chinedu Nwosu,overworked_generalist,11111,scattered,4,CRS|PHE,any,very_low,1,full_time_underpaid,,
TCH-00745,SCH-055,Oluwaseun Abubakar,hustling_subject_specialist,01100,08:00-11:00,3,Physics,senior_only,high,9,part_time_multi_school,,
TCH-00746,SCH-055,Chinedu Adeyemi,overworked_generalist,11111,scattered,5,PHE|CRS,any,very_low,2,full_time_underpaid,,
TCH-00747,SCH-055,Chinedu Okoro,nysc_corper,11101,13:00-15:00,1,Civic Education,junior_only,low,0,nysc_temporary,Thursday,
TCH-00748,SCH-056,Amaka Eze,veteran_staff_room_boss,11111,08:30-10:30,2,Chemistry,senior_only,absolute_priority,28,full_time_senior_staff,,2
TCH-00749,SCH-056,Obinna Nwosu,overworked_generalist,11111,scattered,3,PHE|Basic Technology,any,very_low,5,full_time_underpaid,,
TCH-00750,SCH-056,Ngozi Adebayo,hustling_subject_specialist,01010,08:00-11:00,3,Physics|Further Mathematics,senior_only,high,5,part_time_multi_school,,
TCH-00751,SCH-056,Amaka Mohammed,hustling_subject_specialist,10110,08:00-11:00,3,Further Mathematics|Economics,senior_only,high,10,part_time_multi_school,,
TCH-00752,SCH-056,Aisha Chukwu,overworked_generalist,11111,scattered,4,PHE|Basic Technology,any,very_low,3,full_time_underpaid,,
TCH-00753,SCH-056,Bashir Garba,veteran_staff_room_boss,11111,08:30-10:30,1,Chemistry|Biology,senior_only,absolute_priority,20,full_time_senior_staff,,2
TCH-00754,SCH-056,Chinedu Abubakar,nysc_corper,01111,13:00-15:00,1,Basic Science,junior_only,low,0,nysc_temporary,Monday,
TCH-00755,SCH-056,Emeka Okafor,overworked_generalist,11111,scattered,4,CRS|PHE,any,very_low,7,full_time_underpaid,,
TCH-00756,SCH-056,Ifeoma Chukwu,overworked_generalist,11111,scattered,5,CRS|PHE|Basic Technology,any,very_low,4,full_time_underpaid,,
TCH-00757,SCH-056,Obinna Adeyemi,overworked_generalist,11111,scattered,5,PHE|CRS,any,very_low,7,full_time_underpaid,,
TCH-00758,SCH-056,Obinna Suleiman,overworked_generalist,11111,scattered,3,CRS|Basic Technology|PHE,any,very_low,6,full_time_underpaid,,
TCH-00759,SCH-057,Bashir Balogun,veteran_staff_room_boss,11111,08:30-10:30,1,Further Mathematics|Biology,senior_only,absolute_priority,17,full_time_senior_staff,,2
TCH-00760,SCH-057,Tunde Adebayo,veteran_staff_room_boss,11111,08:30-10:30,1,Further Mathematics|Biology,senior_only,absolute_priority,23,full_time_senior_staff,,2
TCH-00761,SCH-057,Oluwaseun Nwosu,overworked_generalist,11111,scattered,5,PHE|CRS|Basic Technology,any,very_low,1,full_time_underpaid,,
TCH-00762,SCH-057,Ngozi Suleiman,nysc_corper,11110,13:00-15:00,1,Basic Science,junior_only,low,0,nysc_temporary,Friday,
TCH-00763,SCH-057,Yusuf Adeyemi,nysc_corper,11011,13:00-15:00,1,Basic Science,junior_only,low,0,nysc_temporary,Wednesday,
TCH-00764,SCH-057,Fatima Balogun,veteran_staff_room_boss,11111,08:30-10:30,2,Further Mathematics,senior_only,absolute_priority,20,full_time_senior_staff,,2
TCH-00765,SCH-057,Blessing Mohammed,veteran_staff_room_boss,11111,08:30-10:30,1,Further Mathematics,senior_only,absolute_priority,21,full_time_senior_staff,,2
TCH-00766,SCH-057,Bashir Eze,nysc_corper,01111,13:00-15:00,1,Civic Education,junior_only,low,0,nysc_temporary,Monday,
TCH-00767,SCH-057,Aisha Eze,overworked_generalist,11111,scattered,5,Basic Technology|PHE|CRS,any,very_low,3,full_time_underpaid,,
TCH-00768,SCH-057,Chiamaka Okoro,hustling_subject_specialist,01010,08:00-11:00,2,Economics|Further Mathematics,senior_only,high,4,part_time_multi_school,,
TCH-00769,SCH-057,Obinna Abubakar,nysc_corper,11011,13:00-15:00,1,Basic Science|Civic Education,junior_only,low,0,nysc_temporary,Wednesday,
TCH-00770,SCH-057,Amaka Balogun,nysc_corper,11110,13:00-15:00,1,Civic Education,junior_only,low,0,nysc_temporary,Friday,
TCH-00771,SCH-057,Emeka Chukwu,nysc_corper,11011,13:00-15:00,1,Basic Science|Civic Education,junior_only,low,0,nysc_temporary,Wednesday,
TCH-00772,SCH-058,Blessing Eze,overworked_generalist,11111,scattered,4,PHE|CRS,any,very_low,5,full_time_underpaid,,
TCH-00773,SCH-058,Ngozi Okafor,hustling_subject_specialist,10010,08:00-11:00,3,Economics,senior_only,high,11,part_time_multi_school,,
TCH-00774,SCH-058,Obinna Okafor,overworked_generalist,11111,scattered,5,PHE|CRS,any,very_low,7,full_time_underpaid,,
TCH-00775,SCH-058,Kunle Eze,nysc_corper,11110,13:00-15:00,1,Civic Education|Basic Science,junior_only,low,0,nysc_temporary,Friday,
TCH-00776,SCH-058,Oluwaseun Okoro,hustling_subject_specialist,10100,08:00-11:00,2,Economics,senior_only,high,11,part_time_multi_school,,
TCH-00777,SCH-058,Musa Garba,hustling_subject_specialist,00110,08:00-11:00,2,Physics,senior_only,high,4,part_time_multi_school,,
TCH-00778,SCH-058,Adaeze Adebayo,nysc_corper,11110,13:00-15:00,1,Basic Science|Civic Education,junior_only,low,0,nysc_temporary,Friday,
TCH-00779,SCH-058,Blessing Suleiman,nysc_corper,01111,13:00-15:00,1,Civic Education|Basic Science,junior_only,low,0,nysc_temporary,Monday,
TCH-00780,SCH-058,Chiamaka Nwosu,nysc_corper,11110,13:00-15:00,1,Basic Science,junior_only,low,0,nysc_temporary,Friday,
TCH-00781,SCH-058,Tunde Mohammed,nysc_corper,01111,13:00-15:00,1,Basic Science|Civic Education,junior_only,low,0,nysc_temporary,Monday,
TCH-00782,SCH-058,Amaka Balogun,hustling_subject_specialist,11100,08:00-11:00,3,Further Mathematics|Physics,senior_only,high,10,part_time_multi_school,,
TCH-00783,SCH-059,Ngozi Garba,overworked_generalist,11111,scattered,4,CRS|PHE,any,very_low,5,full_time_underpaid,,
TCH-00784,SCH-059,Aisha Nwosu,overworked_generalist,11111,scattered,5,PHE|CRS,any,very_low,6,full_time_underpaid,,
TCH-00785,SCH-059,Hauwa Balogun,hustling_subject_specialist,10100,08:00-11:00,3,Physics,senior_only,high,10,part_time_multi_school,,
TCH-00786,SCH-059,Blessing Mohammed,nysc_corper,11011,13:00-15:00,1,Basic Science,junior_only,low,0,nysc_temporary,Wednesday,
TCH-00787,SCH-059,Fatima Okafor,overworked_generalist,11111,scattered,3,Basic Technology|PHE|CRS,any,very_low,5,full_time_underpaid,,
TCH-00788,SCH-059,Bashir Adeyemi,hustling_subject_specialist,01100,08:00-11:00,2,Further Mathematics,senior_only,high,7,part_time_multi_school,,
TCH-00789,SCH-059,Tunde Okoro,overworked_generalist,11111,scattered,3,PHE|Basic Technology|CRS,any,very_low,8,full_time_underpaid,,
TCH-00790,SCH-059,Bashir Adeyemi,nysc_corper,01111,13:00-15:00,1,Basic Science,junior_only,low,0,nysc_temporary,Monday,
TCH-00791,SCH-059,Ifeoma Nwosu,hustling_subject_specialist,11010,08:00-11:00,2,Economics|Further Mathematics,senior_only,high,5,part_time_multi_school,,
TCH-00792,SCH-059,Fatima Balogun,overworked_generalist,11111,scattered,4,Basic Technology|CRS|PHE,any,very_low,5,full_time_underpaid,,
TCH-00793,SCH-060,Emeka Balogun,nysc_corper,10111,13:00-15:00,1,Civic Education,junior_only,low,0,nysc_temporary,Tuesday,
TCH-00794,SCH-060,Hauwa Adeyemi,overworked_generalist,11111,scattered,4,PHE|Basic Technology|CRS,any,very_low,3,full_time_underpaid,,
TCH-00795,SCH-060,Musa Chukwu,veteran_staff_room_boss,11111,08:30-10:30,1,Physics|Further Mathematics,senior_only,absolute_priority,29,full_time_senior_staff,,2
TCH-00796,SCH-060,Ifeoma Okafor,hustling_subject_specialist,01100,08:00-11:00,3,Economics|Further Mathematics,senior_only,high,8,part_time_multi_school,,
TCH-00797,SCH-060,Yusuf Garba,nysc_corper,01111,13:00-15:00,1,Civic Education,junior_only,low,0,nysc_temporary,Monday,
TCH-00798,SCH-060,Ifeoma Chukwu,nysc_corper,11011,13:00-15:00,1,Basic Science|Civic Education,junior_only,low,0,nysc_temporary,Wednesday,
TCH-00799,SCH-060,Chinedu Chukwu,veteran_staff_room_boss,11111,08:30-10:30,2,Biology|Chemistry,senior_only,absolute_priority,29,full_time_senior_staff,,2
TCH-00800,SCH-060,Yusuf Nwosu,hustling_subject_specialist,11100,08:00-11:00,2,Economics|Further Mathematics,senior_only,high,4,part_time_multi_school,,
TCH-00801,SCH-060,Hauwa Okafor,overworked_generalist,11111,scattered,3,PHE|Basic Technology,any,very_low,3,full_time_underpaid,,
TCH-00802,SCH-060,Kunle Suleiman,hustling_subject_specialist,10010,08:00-11:00,3,Economics|Further Mathematics,senior_only,high,11,part_time_multi_school,,
TCH-00803,SCH-060,Musa Adebayo,nysc_corper,01111,13:00-15:00,1,Civic Education,junior_only,low,0,nysc_temporary,Monday,
TCH-00804,SCH-060,Ifeoma Nwosu,veteran_staff_room_boss,11111,08:30-10:30,2,Physics,senior_only,absolute_priority,19,full_time_senior_staff,,2
TCH-00805,SCH-060,Chinedu Adebayo,overworked_generalist,11111,scattered,5,PHE|Basic Technology,any,very_low,7,full_time_underpaid,,
TCH-00806,SCH-061,Obinna Mohammed,overworked_generalist,11111,scattered,3,PHE|CRS,any,very_low,7,full_time_underpaid,,
TCH-00807,SCH-061,Bashir Mohammed,nysc_corper,11101,13:00-15:00,1,Civic Education,junior_only,low,0,nysc_temporary,Thursday,
TCH-00808,SCH-061,Tunde Garba,hustling_subject_specialist,01110,08:00-11:00,2,Further Mathematics|Physics,senior_only,high,4,part_time_multi_school,,
TCH-00809,SCH-061,Aisha Eze,overworked_generalist,11111,scattered,3,Basic Technology|CRS,any,very_low,6,full_time_underpaid,,
TCH-00810,SCH-061,Amaka Suleiman,veteran_staff_room_boss,11111,08:30-10:30,1,Further Mathematics|Physics,senior_only,absolute_priority,28,full_time_senior_staff,,2
TCH-00811,SCH-061,Chiamaka Eze,overworked_generalist,11111,scattered,3,Basic Technology|CRS|PHE,any,very_low,2,full_time_underpaid,,
TCH-00812,SCH-061,Emeka Okoro,overworked_generalist,11111,scattered,3,PHE|CRS,any,very_low,4,full_time_underpaid,,
TCH-00813,SCH-061,Chiamaka Balogun,nysc_corper,11101,13:00-15:00,1,Civic Education,junior_only,low,0,nysc_temporary,Thursday,
TCH-00814,SCH-061,Bashir Eze,nysc_corper,11011,13:00-15:00,1,Basic Science|Civic Education,junior_only,low,0,nysc_temporary,Wednesday,
TCH-00815,SCH-061,Obinna Nwosu,nysc_corper,01111,13:00-15:00,1,Basic Science|Civic Education,junior_only,low,0,nysc_temporary,Monday,
TCH-00816,SCH-061,Obinna Okoro,hustling_subject_specialist,00110,08:00-11:00,2,Physics,senior_only,high,6,part_time_multi_school,,
TCH-00817,SCH-061,Yusuf Balogun,veteran_staff_room_boss,11111,08:30-10:30,1,Further Mathematics,senior_only,absolute_priority,29,full_time_senior_staff,,2
TCH-00818,SCH-061,Amaka Okoro,nysc_corper,11110,13:00-15:00,1,Basic Science|Civic Education,junior_only,low,0,nysc_temporary,Friday,
TCH-00819,SCH-061,Hauwa Adeyemi,overworked_generalist,11111,scattered,4,Basic Technology|PHE,any,very_low,1,full_time_underpaid,,
TCH-00820,SCH-061,Bashir Adeyemi,hustling_subject_specialist,10010,08:00-11:00,3,Physics|Further Mathematics,senior_only,high,5,part_time_multi_school,,
TCH-00821,SCH-062,Chinedu Suleiman,overworked_generalist,11111,scattered,3,CRS|Basic Technology|PHE,any,very_low,8,full_time_underpaid,,
TCH-00822,SCH-062,Blessing Chukwu,nysc_corper,11101,13:00-15:00,1,Civic Education|Basic Science,junior_only,low,0,nysc_temporary,Thursday,
TCH-00823,SCH-062,Amaka Adeyemi,veteran_staff_room_boss,11111,08:30-10:30,2,Chemistry|Further Mathematics,senior_only,absolute_priority,20,full_time_senior_staff,,2
TCH-00824,SCH-062,Aisha Abubakar,nysc_corper,11101,13:00-15:00,1,Civic Education,junior_only,low,0,nysc_temporary,Thursday,
TCH-00825,SCH-062,Ngozi Chukwu,nysc_corper,11110,13:00-15:00,1,Basic Science,junior_only,low,0,nysc_temporary,Friday,
TCH-00826,SCH-062,Tunde Okoro,overworked_generalist,11111,scattered,4,PHE|Basic Technology|CRS,any,very_low,3,full_time_underpaid,,
TCH-00827,SCH-062,Blessing Chukwu,hustling_subject_specialist,10010,08:00-11:00,2,Further Mathematics|Physics,senior_only,high,9,part_time_multi_school,,
TCH-00828,SCH-062,Ifeoma Adeyemi,hustling_subject_specialist,11000,08:00-11:00,2,Physics,senior_only,high,5,part_time_multi_school,,
TCH-00829,SCH-062,Bashir Okafor,veteran_staff_room_boss,11111,08:30-10:30,1,Physics|Chemistry,senior_only,absolute_priority,23,full_time_senior_staff,,2
TCH-00830,SCH-062,Aisha Abubakar,veteran_staff_room_boss,11111,08:30-10:30,1,Biology|Chemistry,senior_only,absolute_priority,15,full_time_senior_staff,,2
TCH-00831,SCH-062,Blessing Nwosu,veteran_staff_room_boss,11111,08:30-10:30,1,Biology,senior_only,absolute_priority,17,full_time_senior_staff,,2
TCH-00832,SCH-063,Chinedu Adebayo,nysc_corper,11011,13:00-15:00,1,Civic Education,junior_only,low,0,nysc_temporary,Wednesday,
TCH-00833,SCH-063,Chinedu Adebayo,nysc_corper,11110,13:00-15:00,1,Civic Education,junior_only,low,0,nysc_temporary,Friday,
TCH-00834,SCH-063,Ifeoma Adeyemi,overworked_generalist,11111,scattered,4,Basic Technology|CRS|PHE,any,very_low,5,full_time_underpaid,,
TCH-00835,SCH-063,Musa Adebayo,nysc_corper,11101,13:00-15:00,1,Civic Education|Basic Science,junior_only,low,0,nysc_temporary,Thursday,
TCH-00836,SCH-063,Fatima Nwosu,nysc_corper,11110,13:00-15:00,1,Civic Education|Basic Science,junior_only,low,0,nysc_temporary,Friday,
TCH-00837,SCH-063,Blessing Suleiman,nysc_corper,11110,13:00-15:00,1,Basic Science|Civic Education,junior_only,low,0,nysc_temporary,Friday,
TCH-00838,SCH-063,Bashir Eze,veteran_staff_room_boss,11111,08:30-10:30,1,Chemistry|Further Mathematics,senior_only,absolute_priority,18,full_time_senior_staff,,2
TCH-00839,SCH-063,Kunle Adebayo,veteran_staff_room_boss,11111,08:30-10:30,2,Chemistry,senior_only,absolute_priority,21,full_time_senior_staff,,2
TCH-00840,SCH-063,Musa Nwosu,veteran_staff_room_boss,11111,08:30-10:30,1,Physics|Chemistry,senior_only,absolute_priority,27,full_time_senior_staff,,2
TCH-00841,SCH-063,Oluwaseun Okafor,nysc_corper,10111,13:00-15:00,1,Basic Science|Civic Education,junior_only,low,0,nysc_temporary,Tuesday,
TCH-00842,SCH-063,Tunde Garba,hustling_subject_specialist,00110,08:00-11:00,3,Further Mathematics,senior_only,high,7,part_time_multi_school,,
TCH-00843,SCH-063,Ngozi Eze,nysc_corper,11101,13:00-15:00,1,Basic Science,junior_only,low,0,nysc_temporary,Thursday,
TCH-00844,SCH-064,Adaeze Suleiman,hustling_subject_specialist,01110,08:00-11:00,2,Physics|Further Mathematics,senior_only,high,4,part_time_multi_school,,
TCH-00845,SCH-064,Adaeze Okafor,nysc_corper,10111,13:00-15:00,1,Civic Education,junior_only,low,0,nysc_temporary,Tuesday,
TCH-00846,SCH-064,Aisha Adebayo,hustling_subject_specialist,10110,08:00-11:00,3,Further Mathematics,senior_only,high,12,part_time_multi_school,,
TCH-00847,SCH-064,Ifeoma Garba,overworked_generalist,11111,scattered,4,PHE|Basic Technology,any,very_low,3,full_time_underpaid,,
TCH-00848,SCH-064,Adaeze Balogun,overworked_generalist,11111,scattered,4,PHE|Basic Technology|CRS,any,very_low,3,full_time_underpaid,,
TCH-00849,SCH-064,Adaeze Okafor,hustling_subject_specialist,10010,08:00-11:00,2,Physics|Economics,senior_only,high,12,part_time_multi_school,,
TCH-00850,SCH-064,Yusuf Nwosu,overworked_generalist,11111,scattered,5,CRS|Basic Technology,any,very_low,2,full_time_underpaid,,
TCH-00851,SCH-064,Amaka Nwosu,overworked_generalist,11111,scattered,4,CRS|PHE|Basic Technology,any,very_low,1,full_time_underpaid,,
TCH-00852,SCH-064,Musa Abubakar,nysc_corper,11101,13:00-15:00,1,Basic Science|Civic Education,junior_only,low,0,nysc_temporary,Thursday,
TCH-00853,SCH-064,Amaka Garba,nysc_corper,01111,13:00-15:00,1,Basic Science|Civic Education,junior_only,low,0,nysc_temporary,Monday,
TCH-00854,SCH-064,Fatima Okoro,overworked_generalist,11111,scattered,5,CRS|PHE,any,very_low,3,full_time_underpaid,,
TCH-00855,SCH-064,Hauwa Okoro,hustling_subject_specialist,10010,08:00-11:00,2,Further Mathematics,senior_only,high,10,part_time_multi_school,,
TCH-00856,SCH-064,Chiamaka Balogun,nysc_corper,10111,13:00-15:00,1,Civic Education|Basic Science,junior_only,low,0,nysc_temporary,Tuesday,
TCH-00857,SCH-064,Oluwaseun Adebayo,veteran_staff_room_boss,11111,08:30-10:30,2,Further Mathematics|Physics,senior_only,absolute_priority,28,full_time_senior_staff,,2
TCH-00858,SCH-064,Ngozi Eze,nysc_corper,01111,13:00-15:00,1,Civic Education,junior_only,low,0,nysc_temporary,Monday,
TCH-00859,SCH-065,Fatima Suleiman,nysc_corper,11011,13:00-15:00,1,Civic Education|Basic Science,junior_only,low,0,nysc_temporary,Wednesday,
TCH-00860,SCH-065,Emeka Adeyemi,hustling_subject_specialist,00110,08:00-11:00,3,Economics,senior_only,high,12,part_time_multi_school,,
TCH-00861,SCH-065,Amaka Balogun,overworked_generalist,11111,scattered,3,Basic Technology|CRS,any,very_low,1,full_time_underpaid,,
TCH-00862,SCH-065,Yusuf Balogun,veteran_staff_room_boss,11111,08:30-10:30,1,Chemistry,senior_only,absolute_priority,29,full_time_senior_staff,,2
TCH-00863,SCH-065,Emeka Eze,nysc_corper,11110,13:00-15:00,1,Civic Education,junior_only,low,0,nysc_temporary,Friday,
TCH-00864,SCH-065,Chinedu Suleiman,nysc_corper,01111,13:00-15:00,1,Basic Science,junior_only,low,0,nysc_temporary,Monday,
TCH-00865,SCH-065,Chinedu Adebayo,overworked_generalist,11111,scattered,3,PHE|Basic Technology,any,very_low,3,full_time_underpaid,,
TCH-00866,SCH-065,Musa Chukwu,nysc_corper,10111,13:00-15:00,1,Civic Education|Basic Science,junior_only,low,0,nysc_temporary,Tuesday,
TCH-00867,SCH-065,Adaeze Balogun,overworked_generalist,11111,scattered,4,CRS|Basic Technology|PHE,any,very_low,5,full_time_underpaid,,
TCH-00868,SCH-065,Tunde Nwosu,overworked_generalist,11111,scattered,5,Basic Technology|CRS|PHE,any,very_low,2,full_time_underpaid,,
TCH-00869,SCH-065,Chinedu Eze,overworked_generalist,11111,scattered,5,PHE|Basic Technology,any,very_low,7,full_time_underpaid,,
TCH-00870,SCH-065,Blessing Eze,overworked_generalist,11111,scattered,3,Basic Technology|PHE|CRS,any,very_low,1,full_time_underpaid,,
TCH-00871,SCH-066,Ngozi Abubakar,nysc_corper,01111,13:00-15:00,1,Civic Education|Basic Science,junior_only,low,0,nysc_temporary,Monday,
TCH-00872,SCH-066,Chinedu Chukwu,veteran_staff_room_boss,11111,08:30-10:30,2,Further Mathematics,senior_only,absolute_priority,16,full_time_senior_staff,,2
TCH-00873,SCH-066,Obinna Okafor,overworked_generalist,11111,scattered,5,CRS|Basic Technology,any,very_low,2,full_time_underpaid,,
TCH-00874,SCH-066,Blessing Garba,nysc_corper,01111,13:00-15:00,1,Basic Science|Civic Education,junior_only,low,0,nysc_temporary,Monday,
TCH-00875,SCH-066,Blessing Garba,nysc_corper,11110,13:00-15:00,1,Basic Science|Civic Education,junior_only,low,0,nysc_temporary,Friday,
TCH-00876,SCH-066,Ngozi Balogun,overworked_generalist,11111,scattered,4,CRS|PHE|Basic Technology,any,very_low,6,full_time_underpaid,,
TCH-00877,SCH-066,Adaeze Eze,nysc_corper,11110,13:00-15:00,1,Basic Science|Civic Education,junior_only,low,0,nysc_temporary,Friday,
TCH-00878,SCH-066,Ifeoma Okoro,nysc_corper,11101,13:00-15:00,1,Civic Education|Basic Science,junior_only,low,0,nysc_temporary,Thursday,
TCH-00879,SCH-066,Aisha Okoro,overworked_generalist,11111,scattered,4,Basic Technology|PHE,any,very_low,1,full_time_underpaid,,
TCH-00880,SCH-066,Fatima Suleiman,overworked_generalist,11111,scattered,4,PHE|Basic Technology,any,very_low,6,full_time_underpaid,,
TCH-00881,SCH-067,Ngozi Balogun,nysc_corper,11101,13:00-15:00,1,Civic Education,junior_only,low,0,nysc_temporary,Thursday,
TCH-00882,SCH-067,Amaka Adebayo,nysc_corper,10111,13:00-15:00,1,Basic Science,junior_only,low,0,nysc_temporary,Tuesday,
TCH-00883,SCH-067,Hauwa Eze,nysc_corper,11011,13:00-15:00,1,Civic Education,junior_only,low,0,nysc_temporary,Wednesday,
TCH-00884,SCH-067,Bashir Chukwu,overworked_generalist,11111,scattered,4,CRS|Basic Technology|PHE,any,very_low,8,full_time_underpaid,,
TCH-00885,SCH-067,Emeka Garba,overworked_generalist,11111,scattered,4,PHE|Basic Technology,any,very_low,3,full_time_underpaid,,
TCH-00886,SCH-067,Yusuf Eze,nysc_corper,11101,13:00-15:00,1,Civic Education|Basic Science,junior_only,low,0,nysc_temporary,Thursday,
TCH-00887,SCH-067,Fatima Okoro,nysc_corper,11101,13:00-15:00,1,Civic Education|Basic Science,junior_only,low,0,nysc_temporary,Thursday,
TCH-00888,SCH-067,Emeka Mohammed,veteran_staff_room_boss,11111,08:30-10:30,2,Chemistry|Physics,senior_only,absolute_priority,21,full_time_senior_staff,,2
TCH-00889,SCH-067,Bashir Suleiman,overworked_generalist,11111,scattered,4,PHE|Basic Technology,any,very_low,8,full_time_underpaid,,
TCH-00890,SCH-067,Adaeze Suleiman,overworked_generalist,11111,scattered,5,CRS|Basic Technology,any,very_low,1,full_time_underpaid,,
TCH-00891,SCH-067,Obinna Mohammed,hustling_subject_specialist,10010,08:00-11:00,3,Economics,senior_only,high,4,part_time_multi_school,,
TCH-00892,SCH-067,Hauwa Nwosu,overworked_generalist,11111,scattered,4,Basic Technology|CRS,any,very_low,6,full_time_underpaid,,
TCH-00893,SCH-067,Chiamaka Balogun,nysc_corper,11101,13:00-15:00,1,Civic Education|Basic Science,junior_only,low,0,nysc_temporary,Thursday,
TCH-00894,SCH-067,Yusuf Eze,veteran_staff_room_boss,11111,08:30-10:30,2,Chemistry|Biology,senior_only,absolute_priority,18,full_time_senior_staff,,2
TCH-00895,SCH-067,Blessing Mohammed,overworked_generalist,11111,scattered,3,Basic Technology|PHE,any,very_low,6,full_time_underpaid,,
TCH-00896,SCH-068,Chinedu Okafor,veteran_staff_room_boss,11111,08:30-10:30,2,Further Mathematics|Biology,senior_only,absolute_priority,29,full_time_senior_staff,,2
TCH-00897,SCH-068,Emeka Adebayo,overworked_generalist,11111,scattered,4,PHE|Basic Technology|CRS,any,very_low,5,full_time_underpaid,,
TCH-00898,SCH-068,Ngozi Nwosu,veteran_staff_room_boss,11111,08:30-10:30,1,Physics,senior_only,absolute_priority,19,full_time_senior_staff,,2
TCH-00899,SCH-068,Ifeoma Nwosu,nysc_corper,10111,13:00-15:00,1,Basic Science|Civic Education,junior_only,low,0,nysc_temporary,Tuesday,
TCH-00900,SCH-068,Bashir Garba,overworked_generalist,11111,scattered,5,CRS|PHE|Basic Technology,any,very_low,1,full_time_underpaid,,
TCH-00901,SCH-068,Blessing Balogun,nysc_corper,11110,13:00-15:00,1,Basic Science|Civic Education,junior_only,low,0,nysc_temporary,Friday,
TCH-00902,SCH-068,Musa Balogun,hustling_subject_specialist,01010,08:00-11:00,3,Further Mathematics,senior_only,high,7,part_time_multi_school,,
TCH-00903,SCH-068,Bashir Balogun,nysc_corper,11011,13:00-15:00,1,Basic Science,junior_only,low,0,nysc_temporary,Wednesday,
TCH-00904,SCH-068,Chiamaka Adebayo,veteran_staff_room_boss,11111,08:30-10:30,1,Biology|Chemistry,senior_only,absolute_priority,28,full_time_senior_staff,,2
TCH-00905,SCH-068,Blessing Nwosu,hustling_subject_specialist,01100,08:00-11:00,3,Physics|Further Mathematics,senior_only,high,9,part_time_multi_school,,
TCH-00906,SCH-068,Hauwa Okoro,veteran_staff_room_boss,11111,08:30-10:30,1,Biology|Physics,senior_only,absolute_priority,20,full_time_senior_staff,,2
TCH-00907,SCH-068,Ngozi Nwosu,overworked_generalist,11111,scattered,3,CRS|Basic Technology,any,very_low,2,full_time_underpaid,,
TCH-00908,SCH-068,Adaeze Adebayo,overworked_generalist,11111,scattered,4,CRS|PHE|Basic Technology,any,very_low,4,full_time_underpaid,,
TCH-00909,SCH-068,Obinna Adebayo,overworked_generalist,11111,scattered,5,CRS|PHE|Basic Technology,any,very_low,3,full_time_underpaid,,
TCH-00910,SCH-068,Adaeze Adeyemi,nysc_corper,11101,13:00-15:00,1,Civic Education,junior_only,low,0,nysc_temporary,Thursday,
TCH-00911,SCH-068,Musa Balogun,nysc_corper,01111,13:00-15:00,1,Civic Education,junior_only,low,0,nysc_temporary,Monday,
TCH-00912,SCH-069,Adaeze Garba,overworked_generalist,11111,scattered,5,PHE|CRS|Basic Technology,any,very_low,6,full_time_underpaid,,
TCH-00913,SCH-069,Amaka Mohammed,nysc_corper,11110,13:00-15:00,1,Basic Science,junior_only,low,0,nysc_temporary,Friday,
TCH-00914,SCH-069,Chiamaka Balogun,nysc_corper,11110,13:00-15:00,1,Basic Science|Civic Education,junior_only,low,0,nysc_temporary,Friday,
TCH-00915,SCH-069,Aisha Okafor,hustling_subject_specialist,10010,08:00-11:00,2,Further Mathematics,senior_only,high,10,part_time_multi_school,,
TCH-00916,SCH-069,Obinna Mohammed,overworked_generalist,11111,scattered,4,CRS|Basic Technology,any,very_low,5,full_time_underpaid,,
TCH-00917,SCH-069,Blessing Balogun,nysc_corper,01111,13:00-15:00,1,Basic Science,junior_only,low,0,nysc_temporary,Monday,
TCH-00918,SCH-069,Obinna Okafor,veteran_staff_room_boss,11111,08:30-10:30,1,Physics|Chemistry,senior_only,absolute_priority,25,full_time_senior_staff,,2
TCH-00919,SCH-069,Adaeze Abubakar,overworked_generalist,11111,scattered,5,CRS|PHE,any,very_low,7,full_time_underpaid,,
TCH-00920,SCH-069,Hauwa Adebayo,veteran_staff_room_boss,11111,08:30-10:30,1,Physics|Biology,senior_only,absolute_priority,26,full_time_senior_staff,,2
TCH-00921,SCH-069,Obinna Nwosu,hustling_subject_specialist,00110,08:00-11:00,2,Economics,senior_only,high,12,part_time_multi_school,,
TCH-00922,SCH-069,Kunle Chukwu,overworked_generalist,11111,scattered,4,PHE|Basic Technology,any,very_low,5,full_time_underpaid,,
TCH-00923,SCH-069,Emeka Nwosu,hustling_subject_specialist,10100,08:00-11:00,2,Economics,senior_only,high,10,part_time_multi_school,,
TCH-00924,SCH-069,Chiamaka Okoro,hustling_subject_specialist,01100,08:00-11:00,2,Economics,senior_only,high,4,part_time_multi_school,,
TCH-00925,SCH-070,Amaka Adeyemi,overworked_generalist,11111,scattered,5,Basic Technology|PHE|CRS,any,very_low,4,full_time_underpaid,,
TCH-00926,SCH-070,Kunle Okoro,overworked_generalist,11111,scattered,4,Basic Technology|CRS|PHE,any,very_low,8,full_time_underpaid,,
TCH-00927,SCH-070,Ngozi Suleiman,veteran_staff_room_boss,11111,08:30-10:30,2,Biology|Chemistry,senior_only,absolute_priority,24,full_time_senior_staff,,2
TCH-00928,SCH-070,Amaka Suleiman,overworked_generalist,11111,scattered,3,CRS|Basic Technology|PHE,any,very_low,4,full_time_underpaid,,
TCH-00929,SCH-070,Ifeoma Suleiman,nysc_corper,11110,13:00-15:00,1,Basic Science|Civic Education,junior_only,low,0,nysc_temporary,Friday,
TCH-00930,SCH-070,Ngozi Adeyemi,nysc_corper,11110,13:00-15:00,1,Civic Education,junior_only,low,0,nysc_temporary,Friday,
TCH-00931,SCH-070,Ifeoma Okoro,hustling_subject_specialist,00110,08:00-11:00,3,Economics|Physics,senior_only,high,10,part_time_multi_school,,
TCH-00932,SCH-070,Chinedu Balogun,overworked_generalist,11111,scattered,5,CRS|PHE|Basic Technology,any,very_low,2,full_time_underpaid,,
TCH-00933,SCH-070,Fatima Adebayo,overworked_generalist,11111,scattered,3,CRS|PHE|Basic Technology,any,very_low,4,full_time_underpaid,,
TCH-00934,SCH-070,Amaka Abubakar,hustling_subject_specialist,10100,08:00-11:00,2,Physics,senior_only,high,6,part_time_multi_school,,
TCH-00935,SCH-070,Hauwa Chukwu,veteran_staff_room_boss,11111,08:30-10:30,1,Physics,senior_only,absolute_priority,18,full_time_senior_staff,,2
TCH-00936,SCH-071,Aisha Okoro,hustling_subject_specialist,10010,08:00-11:00,2,Physics,senior_only,high,4,part_time_multi_school,,
TCH-00937,SCH-071,Bashir Mohammed,overworked_generalist,11111,scattered,5,PHE|CRS,any,very_low,5,full_time_underpaid,,
TCH-00938,SCH-071,Bashir Okafor,overworked_generalist,11111,scattered,3,Basic Technology|CRS|PHE,any,very_low,3,full_time_underpaid,,
TCH-00939,SCH-071,Emeka Mohammed,overworked_generalist,11111,scattered,4,Basic Technology|CRS,any,very_low,1,full_time_underpaid,,
TCH-00940,SCH-071,Fatima Suleiman,veteran_staff_room_boss,11111,08:30-10:30,2,Biology|Further Mathematics,senior_only,absolute_priority,30,full_time_senior_staff,,2
TCH-00941,SCH-071,Bashir Adeyemi,hustling_subject_specialist,11100,08:00-11:00,2,Physics,senior_only,high,7,part_time_multi_school,,
TCH-00942,SCH-071,Emeka Adebayo,nysc_corper,11011,13:00-15:00,1,Basic Science|Civic Education,junior_only,low,0,nysc_temporary,Wednesday,
TCH-00943,SCH-071,Amaka Okoro,hustling_subject_specialist,01010,08:00-11:00,2,Economics|Physics,senior_only,high,11,part_time_multi_school,,
TCH-00944,SCH-071,Amaka Chukwu,overworked_generalist,11111,scattered,5,Basic Technology|CRS,any,very_low,6,full_time_underpaid,,
TCH-00945,SCH-071,Ngozi Eze,overworked_generalist,11111,scattered,3,PHE|CRS,any,very_low,8,full_time_underpaid,,
TCH-00946,SCH-071,Chinedu Mohammed,nysc_corper,11101,13:00-15:00,1,Civic Education|Basic Science,junior_only,low,0,nysc_temporary,Thursday,
TCH-00947,SCH-071,Amaka Adebayo,nysc_corper,11011,13:00-15:00,1,Civic Education,junior_only,low,0,nysc_temporary,Wednesday,
TCH-00948,SCH-071,Yusuf Chukwu,overworked_generalist,11111,scattered,5,PHE|Basic Technology|CRS,any,very_low,1,full_time_underpaid,,
TCH-00949,SCH-071,Aisha Abubakar,nysc_corper,11110,13:00-15:00,1,Civic Education|Basic Science,junior_only,low,0,nysc_temporary,Friday,
TCH-00950,SCH-071,Tunde Garba,veteran_staff_room_boss,11111,08:30-10:30,1,Further Mathematics|Chemistry,senior_only,absolute_priority,27,full_time_senior_staff,,2
TCH-00951,SCH-072,Emeka Chukwu,overworked_generalist,11111,scattered,3,PHE|CRS,any,very_low,3,full_time_underpaid,,
TCH-00952,SCH-072,Ifeoma Adeyemi,overworked_generalist,11111,scattered,5,PHE|CRS|Basic Technology,any,very_low,5,full_time_underpaid,,
TCH-00953,SCH-072,Amaka Nwosu,nysc_corper,01111,13:00-15:00,1,Basic Science,junior_only,low,0,nysc_temporary,Monday,
TCH-00954,SCH-072,Bashir Okoro,nysc_corper,11110,13:00-15:00,1,Basic Science|Civic Education,junior_only,low,0,nysc_temporary,Friday,
TCH-00955,SCH-072,Fatima Eze,nysc_corper,10111,13:00-15:00,1,Basic Science|Civic Education,junior_only,low,0,nysc_temporary,Tuesday,
TCH-00956,SCH-072,Bashir Okafor,overworked_generalist,11111,scattered,3,PHE|CRS|Basic Technology,any,very_low,5,full_time_underpaid,,
TCH-00957,SCH-072,Fatima Suleiman,overworked_generalist,11111,scattered,5,CRS|Basic Technology|PHE,any,very_low,3,full_time_underpaid,,
TCH-00958,SCH-072,Oluwaseun Eze,overworked_generalist,11111,scattered,5,Basic Technology|CRS|PHE,any,very_low,1,full_time_underpaid,,
TCH-00959,SCH-072,Chinedu Balogun,nysc_corper,11101,13:00-15:00,1,Civic Education,junior_only,low,0,nysc_temporary,Thursday,
TCH-00960,SCH-072,Kunle Abubakar,hustling_subject_specialist,01110,08:00-11:00,3,Further Mathematics,senior_only,high,7,part_time_multi_school,,
TCH-00961,SCH-072,Chiamaka Abubakar,veteran_staff_room_boss,11111,08:30-10:30,2,Chemistry|Physics,senior_only,absolute_priority,24,full_time_senior_staff,,2
TCH-00962,SCH-072,Oluwaseun Abubakar,nysc_corper,11101,13:00-15:00,1,Basic Science,junior_only,low,0,nysc_temporary,Thursday,
TCH-00963,SCH-072,Yusuf Chukwu,overworked_generalist,11111,scattered,4,CRS|PHE,any,very_low,4,full_time_underpaid,,
TCH-00964,SCH-072,Blessing Okafor,nysc_corper,01111,13:00-15:00,1,Civic Education|Basic Science,junior_only,low,0,nysc_temporary,Monday,
TCH-00965,SCH-072,Musa Suleiman,nysc_corper,11110,13:00-15:00,1,Basic Science|Civic Education,junior_only,low,0,nysc_temporary,Friday,
TCH-00966,SCH-073,Adaeze Adebayo,overworked_generalist,11111,scattered,5,Basic Technology|PHE,any,very_low,1,full_time_underpaid,,
TCH-00967,SCH-073,Oluwaseun Eze,nysc_corper,10111,13:00-15:00,1,Basic Science,junior_only,low,0,nysc_temporary,Tuesday,
TCH-00968,SCH-073,Ngozi Okafor,nysc_corper,11110,13:00-15:00,1,Basic Science|Civic Education,junior_only,low,0,nysc_temporary,Friday,
TCH-00969,SCH-073,Adaeze Chukwu,hustling_subject_specialist,01010,08:00-11:00,2,Physics,senior_only,high,4,part_time_multi_school,,
TCH-00970,SCH-073,Obinna Eze,overworked_generalist,11111,scattered,5,Basic Technology|PHE,any,very_low,6,full_time_underpaid,,
TCH-00971,SCH-073,Bashir Suleiman,overworked_generalist,11111,scattered,5,Basic Technology|CRS,any,very_low,1,full_time_underpaid,,
TCH-00972,SCH-073,Chiamaka Chukwu,nysc_corper,01111,13:00-15:00,1,Basic Science,junior_only,low,0,nysc_temporary,Monday,
TCH-00973,SCH-073,Kunle Suleiman,overworked_generalist,11111,scattered,5,CRS|PHE,any,very_low,8,full_time_underpaid,,
TCH-00974,SCH-073,Ngozi Nwosu,veteran_staff_room_boss,11111,08:30-10:30,2,Physics|Biology,senior_only,absolute_priority,25,full_time_senior_staff,,2
TCH-00975,SCH-073,Emeka Adebayo,veteran_staff_room_boss,11111,08:30-10:30,2,Chemistry,senior_only,absolute_priority,23,full_time_senior_staff,,2
TCH-00976,SCH-073,Obinna Okafor,overworked_generalist,11111,scattered,3,PHE|Basic Technology,any,very_low,8,full_time_underpaid,,
TCH-00977,SCH-074,Kunle Garba,hustling_subject_specialist,10110,08:00-11:00,2,Economics,senior_only,high,12,part_time_multi_school,,
TCH-00978,SCH-074,Obinna Mohammed,veteran_staff_room_boss,11111,08:30-10:30,1,Physics|Further Mathematics,senior_only,absolute_priority,24,full_time_senior_staff,,2
TCH-00979,SCH-074,Tunde Adebayo,overworked_generalist,11111,scattered,3,Basic Technology|CRS,any,very_low,3,full_time_underpaid,,
TCH-00980,SCH-074,Aisha Adebayo,nysc_corper,11101,13:00-15:00,1,Basic Science,junior_only,low,0,nysc_temporary,Thursday,
TCH-00981,SCH-074,Musa Balogun,overworked_generalist,11111,scattered,5,Basic Technology|CRS,any,very_low,5,full_time_underpaid,,
TCH-00982,SCH-074,Fatima Balogun,overworked_generalist,11111,scattered,3,PHE|Basic Technology|CRS,any,very_low,2,full_time_underpaid,,
TCH-00983,SCH-074,Blessing Suleiman,overworked_generalist,11111,scattered,4,Basic Technology|CRS|PHE,any,very_low,4,full_time_underpaid,,
TCH-00984,SCH-074,Tunde Okoro,veteran_staff_room_boss,11111,08:30-10:30,1,Biology|Physics,senior_only,absolute_priority,17,full_time_senior_staff,,2
TCH-00985,SCH-074,Hauwa Mohammed,hustling_subject_specialist,10010,08:00-11:00,3,Economics,senior_only,high,9,part_time_multi_school,,
TCH-00986,SCH-074,Blessing Garba,hustling_subject_specialist,00110,08:00-11:00,3,Physics|Further Mathematics,senior_only,high,11,part_time_multi_school,,
TCH-00987,SCH-074,Musa Mohammed,hustling_subject_specialist,00110,08:00-11:00,3,Economics,senior_only,high,10,part_time_multi_school,,
TCH-00988,SCH-075,Obinna Nwosu,hustling_subject_specialist,11000,08:00-11:00,3,Economics|Further Mathematics,senior_only,high,4,part_time_multi_school,,
TCH-00989,SCH-075,Aisha Balogun,nysc_corper,10111,13:00-15:00,1,Civic Education,junior_only,low,0,nysc_temporary,Tuesday,
TCH-00990,SCH-075,Ngozi Abubakar,hustling_subject_specialist,10010,08:00-11:00,3,Economics,senior_only,high,10,part_time_multi_school,,
TCH-00991,SCH-075,Aisha Okoro,veteran_staff_room_boss,11111,08:30-10:30,2,Chemistry|Physics,senior_only,absolute_priority,20,full_time_senior_staff,,2
TCH-00992,SCH-075,Obinna Adeyemi,nysc_corper,10111,13:00-15:00,1,Basic Science,junior_only,low,0,nysc_temporary,Tuesday,
TCH-00993,SCH-075,Yusuf Suleiman,overworked_generalist,11111,scattered,3,CRS|PHE,any,very_low,1,full_time_underpaid,,
TCH-00994,SCH-075,Blessing Abubakar,veteran_staff_room_boss,11111,08:30-10:30,1,Chemistry|Further Mathematics,senior_only,absolute_priority,29,full_time_senior_staff,,2
TCH-00995,SCH-075,Kunle Adebayo,hustling_subject_specialist,10010,08:00-11:00,3,Physics|Further Mathematics,senior_only,high,12,part_time_multi_school,,
TCH-00996,SCH-075,Ngozi Balogun,nysc_corper,11101,13:00-15:00,1,Basic Science,junior_only,low,0,nysc_temporary,Thursday,
TCH-00997,SCH-075,Bashir Adebayo,veteran_staff_room_boss,11111,08:30-10:30,1,Biology,senior_only,absolute_priority,26,full_time_senior_staff,,2
TCH-00998,SCH-075,Hauwa Balogun,veteran_staff_room_boss,11111,08:30-10:30,2,Chemistry,senior_only,absolute_priority,27,full_time_senior_staff,,2
TCH-00999,SCH-075,Hauwa Mohammed,nysc_corper,11101,13:00-15:00,1,Basic Science|Civic Education,junior_only,low,0,nysc_temporary,Thursday,
TCH-01000,SCH-075,Oluwaseun Chukwu,overworked_generalist,11111,scattered,4,Basic Technology|CRS|PHE,any,very_low,7,full_time_underpaid,,
TCH-01001,SCH-076,Kunle Adeyemi,overworked_generalist,11111,scattered,3,PHE|Basic Technology|CRS,any,very_low,6,full_time_underpaid,,
TCH-01002,SCH-076,Musa Adeyemi,overworked_generalist,11111,scattered,5,PHE|CRS,any,very_low,7,full_time_underpaid,,
TCH-01003,SCH-076,Kunle Balogun,overworked_generalist,11111,scattered,5,CRS|Basic Technology,any,very_low,7,full_time_underpaid,,
TCH-01004,SCH-076,Musa Chukwu,overworked_generalist,11111,scattered,5,PHE|CRS,any,very_low,7,full_time_underpaid,,
TCH-01005,SCH-076,Ifeoma Abubakar,hustling_subject_specialist,00110,08:00-11:00,3,Economics,senior_only,high,5,part_time_multi_school,,
TCH-01006,SCH-076,Ifeoma Suleiman,nysc_corper,11110,13:00-15:00,1,Basic Science,junior_only,low,0,nysc_temporary,Friday,
TCH-01007,SCH-076,Chinedu Nwosu,overworked_generalist,11111,scattered,4,CRS|Basic Technology,any,very_low,3,full_time_underpaid,,
TCH-01008,SCH-076,Amaka Abubakar,hustling_subject_specialist,10010,08:00-11:00,2,Economics|Further Mathematics,senior_only,high,7,part_time_multi_school,,
TCH-01009,SCH-076,Kunle Mohammed,veteran_staff_room_boss,11111,08:30-10:30,2,Chemistry,senior_only,absolute_priority,17,full_time_senior_staff,,2
TCH-01010,SCH-076,Chiamaka Eze,overworked_generalist,11111,scattered,5,CRS|Basic Technology|PHE,any,very_low,2,full_time_underpaid,,
TCH-01011,SCH-077,Emeka Adebayo,hustling_subject_specialist,01100,08:00-11:00,2,Physics|Economics,senior_only,high,12,part_time_multi_school,,
TCH-01012,SCH-077,Oluwaseun Suleiman,hustling_subject_specialist,11010,08:00-11:00,2,Further Mathematics,senior_only,high,6,part_time_multi_school,,
TCH-01013,SCH-077,Chiamaka Adebayo,overworked_generalist,11111,scattered,4,Basic Technology|PHE,any,very_low,2,full_time_underpaid,,
TCH-01014,SCH-077,Chinedu Okafor,hustling_subject_specialist,10110,08:00-11:00,2,Economics,senior_only,high,8,part_time_multi_school,,
TCH-01015,SCH-077,Ifeoma Balogun,hustling_subject_specialist,01010,08:00-11:00,3,Further Mathematics,senior_only,high,12,part_time_multi_school,,
TCH-01016,SCH-077,Ifeoma Adebayo,overworked_generalist,11111,scattered,3,CRS|PHE|Basic Technology,any,very_low,2,full_time_underpaid,,
TCH-01017,SCH-077,Bashir Abubakar,overworked_generalist,11111,scattered,5,PHE|Basic Technology,any,very_low,5,full_time_underpaid,,
TCH-01018,SCH-077,Amaka Abubakar,overworked_generalist,11111,scattered,3,CRS|Basic Technology|PHE,any,very_low,8,full_time_underpaid,,
TCH-01019,SCH-077,Chinedu Adeyemi,hustling_subject_specialist,10010,08:00-11:00,2,Physics,senior_only,high,10,part_time_multi_school,,
TCH-01020,SCH-077,Hauwa Balogun,nysc_corper,10111,13:00-15:00,1,Basic Science,junior_only,low,0,nysc_temporary,Tuesday,
TCH-01021,SCH-077,Aisha Garba,overworked_generalist,11111,scattered,3,PHE|CRS,any,very_low,4,full_time_underpaid,,
TCH-01022,SCH-077,Bashir Okafor,nysc_corper,01111,13:00-15:00,1,Basic Science|Civic Education,junior_only,low,0,nysc_temporary,Monday,
TCH-01023,SCH-077,Aisha Garba,overworked_generalist,11111,scattered,5,CRS|PHE|Basic Technology,any,very_low,7,full_time_underpaid,,
TCH-01024,SCH-077,Adaeze Okafor,nysc_corper,11101,13:00-15:00,1,Civic Education,junior_only,low,0,nysc_temporary,Thursday,
TCH-01025,SCH-078,Ifeoma Abubakar,overworked_generalist,11111,scattered,3,CRS|PHE,any,very_low,8,full_time_underpaid,,
TCH-01026,SCH-078,Chinedu Okoro,veteran_staff_room_boss,11111,08:30-10:30,1,Further Mathematics,senior_only,absolute_priority,24,full_time_senior_staff,,2
TCH-01027,SCH-078,Emeka Adebayo,hustling_subject_specialist,00110,08:00-11:00,2,Further Mathematics|Physics,senior_only,high,5,part_time_multi_school,,
TCH-01028,SCH-078,Blessing Abubakar,veteran_staff_room_boss,11111,08:30-10:30,1,Biology,senior_only,absolute_priority,25,full_time_senior_staff,,2
TCH-01029,SCH-078,Obinna Nwosu,veteran_staff_room_boss,11111,08:30-10:30,1,Physics,senior_only,absolute_priority,26,full_time_senior_staff,,2
TCH-01030,SCH-078,Obinna Garba,nysc_corper,11110,13:00-15:00,1,Basic Science,junior_only,low,0,nysc_temporary,Friday,
TCH-01031,SCH-078,Ngozi Mohammed,overworked_generalist,11111,scattered,3,CRS|Basic Technology,any,very_low,2,full_time_underpaid,,
TCH-01032,SCH-078,Ifeoma Mohammed,veteran_staff_room_boss,11111,08:30-10:30,2,Physics|Chemistry,senior_only,absolute_priority,25,full_time_senior_staff,,2
TCH-01033,SCH-078,Bashir Abubakar,nysc_corper,01111,13:00-15:00,1,Civic Education|Basic Science,junior_only,low,0,nysc_temporary,Monday,
TCH-01034,SCH-078,Adaeze Okafor,overworked_generalist,11111,scattered,4,PHE|CRS,any,very_low,5,full_time_underpaid,,
TCH-01035,SCH-078,Musa Chukwu,overworked_generalist,11111,scattered,3,PHE|CRS|Basic Technology,any,very_low,7,full_time_underpaid,,
TCH-01036,SCH-079,Obinna Abubakar,overworked_generalist,11111,scattered,5,PHE|CRS,any,very_low,4,full_time_underpaid,,
TCH-01037,SCH-079,Bashir Garba,nysc_corper,11011,13:00-15:00,1,Civic Education|Basic Science,junior_only,low,0,nysc_temporary,Wednesday,
TCH-01038,SCH-079,Oluwaseun Adeyemi,nysc_corper,01111,13:00-15:00,1,Basic Science|Civic Education,junior_only,low,0,nysc_temporary,Monday,
TCH-01039,SCH-079,Ifeoma Adebayo,veteran_staff_room_boss,11111,08:30-10:30,1,Chemistry|Further Mathematics,senior_only,absolute_priority,20,full_time_senior_staff,,2
TCH-01040,SCH-079,Chiamaka Adeyemi,nysc_corper,11110,13:00-15:00,1,Basic Science,junior_only,low,0,nysc_temporary,Friday,
TCH-01041,SCH-079,Musa Balogun,veteran_staff_room_boss,11111,08:30-10:30,2,Chemistry|Further Mathematics,senior_only,absolute_priority,28,full_time_senior_staff,,2
TCH-01042,SCH-079,Emeka Okafor,overworked_generalist,11111,scattered,4,PHE|CRS,any,very_low,2,full_time_underpaid,,
TCH-01043,SCH-079,Obinna Mohammed,veteran_staff_room_boss,11111,08:30-10:30,1,Physics|Further Mathematics,senior_only,absolute_priority,26,full_time_senior_staff,,2
TCH-01044,SCH-079,Obinna Okafor,overworked_generalist,11111,scattered,4,CRS|PHE,any,very_low,7,full_time_underpaid,,
TCH-01045,SCH-079,Blessing Nwosu,overworked_generalist,11111,scattered,4,Basic Technology|PHE|CRS,any,very_low,7,full_time_underpaid,,
TCH-01046,SCH-080,Chinedu Chukwu,overworked_generalist,11111,scattered,4,Basic Technology|PHE,any,very_low,6,full_time_underpaid,,
TCH-01047,SCH-080,Tunde Mohammed,nysc_corper,11101,13:00-15:00,1,Basic Science,junior_only,low,0,nysc_temporary,Thursday,
TCH-01048,SCH-080,Fatima Adeyemi,veteran_staff_room_boss,11111,08:30-10:30,2,Further Mathematics|Physics,senior_only,absolute_priority,21,full_time_senior_staff,,2
TCH-01049,SCH-080,Yusuf Balogun,overworked_generalist,11111,scattered,5,Basic Technology|CRS|PHE,any,very_low,5,full_time_underpaid,,
TCH-01050,SCH-080,Kunle Adebayo,veteran_staff_room_boss,11111,08:30-10:30,2,Biology|Further Mathematics,senior_only,absolute_priority,29,full_time_senior_staff,,2
TCH-01051,SCH-080,Bashir Chukwu,overworked_generalist,11111,scattered,5,Basic Technology|CRS,any,very_low,4,full_time_underpaid,,
TCH-01052,SCH-080,Ngozi Eze,overworked_generalist,11111,scattered,4,Basic Technology|PHE,any,very_low,3,full_time_underpaid,,
TCH-01053,SCH-080,Hauwa Adeyemi,overworked_generalist,11111,scattered,5,PHE|CRS,any,very_low,8,full_time_underpaid,,
TCH-01054,SCH-080,Chiamaka Okafor,overworked_generalist,11111,scattered,5,Basic Technology|PHE|CRS,any,very_low,7,full_time_underpaid,,
TCH-01055,SCH-080,Yusuf Abubakar,overworked_generalist,11111,scattered,3,Basic Technology|CRS|PHE,any,very_low,1,full_time_underpaid,,
TCH-01056,SCH-080,Tunde Balogun,nysc_corper,10111,13:00-15:00,1,Civic Education|Basic Science,junior_only,low,0,nysc_temporary,Tuesday,
TCH-01057,SCH-081,Bashir Mohammed,overworked_generalist,11111,scattered,5,Basic Technology|PHE,any,very_low,1,full_time_underpaid,,
TCH-01058,SCH-081,Bashir Okafor,overworked_generalist,11111,scattered,4,Basic Technology|PHE,any,very_low,8,full_time_underpaid,,
TCH-01059,SCH-081,Ifeoma Okoro,hustling_subject_specialist,01100,08:00-11:00,2,Economics,senior_only,high,4,part_time_multi_school,,
TCH-01060,SCH-081,Aisha Suleiman,veteran_staff_room_boss,11111,08:30-10:30,1,Biology|Further Mathematics,senior_only,absolute_priority,28,full_time_senior_staff,,2
TCH-01061,SCH-081,Ifeoma Okafor,overworked_generalist,11111,scattered,5,CRS|PHE,any,very_low,8,full_time_underpaid,,
TCH-01062,SCH-081,Obinna Adeyemi,overworked_generalist,11111,scattered,4,CRS|PHE|Basic Technology,any,very_low,4,full_time_underpaid,,
TCH-01063,SCH-081,Musa Chukwu,hustling_subject_specialist,01110,08:00-11:00,3,Further Mathematics,senior_only,high,10,part_time_multi_school,,
TCH-01064,SCH-081,Chiamaka Suleiman,overworked_generalist,11111,scattered,5,CRS|Basic Technology|PHE,any,very_low,1,full_time_underpaid,,
TCH-01065,SCH-081,Tunde Abubakar,nysc_corper,11101,13:00-15:00,1,Civic Education|Basic Science,junior_only,low,0,nysc_temporary,Thursday,
TCH-01066,SCH-081,Musa Adebayo,overworked_generalist,11111,scattered,5,PHE|Basic Technology|CRS,any,very_low,2,full_time_underpaid,,
TCH-01067,SCH-081,Chiamaka Mohammed,nysc_corper,10111,13:00-15:00,1,Civic Education,junior_only,low,0,nysc_temporary,Tuesday,
TCH-01068,SCH-082,Chiamaka Garba,hustling_subject_specialist,10100,08:00-11:00,3,Economics,senior_only,high,9,part_time_multi_school,,
TCH-01069,SCH-082,Bashir Adeyemi,overworked_generalist,11111,scattered,4,Basic Technology|CRS,any,very_low,1,full_time_underpaid,,
TCH-01070,SCH-082,Musa Balogun,hustling_subject_specialist,01010,08:00-11:00,2,Economics,senior_only,high,7,part_time_multi_school,,
TCH-01071,SCH-082,Hauwa Garba,hustling_subject_specialist,10110,08:00-11:00,2,Physics,senior_only,high,12,part_time_multi_school,,
TCH-01072,SCH-082,Hauwa Okoro,overworked_generalist,11111,scattered,5,PHE|CRS|Basic Technology,any,very_low,2,full_time_underpaid,,
TCH-01073,SCH-082,Kunle Mohammed,nysc_corper,10111,13:00-15:00,1,Basic Science|Civic Education,junior_only,low,0,nysc_temporary,Tuesday,
TCH-01074,SCH-082,Kunle Abubakar,overworked_generalist,11111,scattered,3,Basic Technology|CRS,any,very_low,8,full_time_underpaid,,
TCH-01075,SCH-082,Ngozi Garba,nysc_corper,01111,13:00-15:00,1,Basic Science|Civic Education,junior_only,low,0,nysc_temporary,Monday,
TCH-01076,SCH-082,Blessing Eze,overworked_generalist,11111,scattered,4,PHE|CRS|Basic Technology,any,very_low,5,full_time_underpaid,,
TCH-01077,SCH-082,Bashir Okoro,veteran_staff_room_boss,11111,08:30-10:30,1,Chemistry,senior_only,absolute_priority,17,full_time_senior_staff,,2
TCH-01078,SCH-083,Emeka Okoro,overworked_generalist,11111,scattered,3,PHE|Basic Technology,any,very_low,7,full_time_underpaid,,
TCH-01079,SCH-083,Hauwa Garba,nysc_corper,11011,13:00-15:00,1,Civic Education,junior_only,low,0,nysc_temporary,Wednesday,
TCH-01080,SCH-083,Blessing Garba,overworked_generalist,11111,scattered,5,CRS|PHE,any,very_low,1,full_time_underpaid,,
TCH-01081,SCH-083,Aisha Abubakar,nysc_corper,10111,13:00-15:00,1,Basic Science,junior_only,low,0,nysc_temporary,Tuesday,
TCH-01082,SCH-083,Adaeze Adeyemi,hustling_subject_specialist,01110,08:00-11:00,2,Further Mathematics,senior_only,high,8,part_time_multi_school,,
TCH-01083,SCH-083,Chinedu Balogun,hustling_subject_specialist,11010,08:00-11:00,3,Physics,senior_only,high,11,part_time_multi_school,,
TCH-01084,SCH-083,Bashir Okoro,overworked_generalist,11111,scattered,5,PHE|CRS,any,very_low,8,full_time_underpaid,,
TCH-01085,SCH-083,Tunde Balogun,overworked_generalist,11111,scattered,3,Basic Technology|CRS,any,very_low,7,full_time_underpaid,,
TCH-01086,SCH-083,Musa Eze,nysc_corper,11101,13:00-15:00,1,Basic Science,junior_only,low,0,nysc_temporary,Thursday,
TCH-01087,SCH-083,Emeka Chukwu,hustling_subject_specialist,00110,08:00-11:00,2,Economics,senior_only,high,8,part_time_multi_school,,
TCH-01088,SCH-083,Tunde Okafor,nysc_corper,11011,13:00-15:00,1,Basic Science|Civic Education,junior_only,low,0,nysc_temporary,Wednesday,
TCH-01089,SCH-084,Tunde Okafor,hustling_subject_specialist,10110,08:00-11:00,2,Further Mathematics,senior_only,high,4,part_time_multi_school,,
TCH-01090,SCH-084,Oluwaseun Nwosu,veteran_staff_room_boss,11111,08:30-10:30,1,Further Mathematics|Chemistry,senior_only,absolute_priority,27,full_time_senior_staff,,2
TCH-01091,SCH-084,Fatima Balogun,nysc_corper,01111,13:00-15:00,1,Civic Education,junior_only,low,0,nysc_temporary,Monday,
TCH-01092,SCH-084,Kunle Adebayo,overworked_generalist,11111,scattered,3,PHE|Basic Technology,any,very_low,6,full_time_underpaid,,
TCH-01093,SCH-084,Yusuf Garba,overworked_generalist,11111,scattered,3,Basic Technology|PHE,any,very_low,6,full_time_underpaid,,
TCH-01094,SCH-084,Bashir Okafor,overworked_generalist,11111,scattered,5,CRS|Basic Technology|PHE,any,very_low,7,full_time_underpaid,,
TCH-01095,SCH-084,Fatima Mohammed,overworked_generalist,11111,scattered,4,Basic Technology|CRS,any,very_low,7,full_time_underpaid,,
TCH-01096,SCH-084,Oluwaseun Mohammed,overworked_generalist,11111,scattered,3,CRS|PHE,any,very_low,1,full_time_underpaid,,
TCH-01097,SCH-084,Bashir Mohammed,hustling_subject_specialist,10100,08:00-11:00,2,Physics|Economics,senior_only,high,4,part_time_multi_school,,
TCH-01098,SCH-084,Musa Okoro,overworked_generalist,11111,scattered,5,CRS|Basic Technology|PHE,any,very_low,4,full_time_underpaid,,
TCH-01099,SCH-084,Fatima Adeyemi,overworked_generalist,11111,scattered,3,CRS|Basic Technology,any,very_low,2,full_time_underpaid,,
TCH-01100,SCH-085,Blessing Suleiman,overworked_generalist,11111,scattered,4,PHE|CRS|Basic Technology,any,very_low,1,full_time_underpaid,,
TCH-01101,SCH-085,Tunde Adeyemi,overworked_generalist,11111,scattered,5,Basic Technology|CRS,any,very_low,3,full_time_underpaid,,
TCH-01102,SCH-085,Emeka Abubakar,hustling_subject_specialist,11100,08:00-11:00,2,Economics,senior_only,high,8,part_time_multi_school,,
TCH-01103,SCH-085,Aisha Chukwu,overworked_generalist,11111,scattered,4,Basic Technology|CRS|PHE,any,very_low,7,full_time_underpaid,,
TCH-01104,SCH-085,Kunle Eze,overworked_generalist,11111,scattered,3,PHE|Basic Technology|CRS,any,very_low,1,full_time_underpaid,,
TCH-01105,SCH-085,Bashir Suleiman,overworked_generalist,11111,scattered,3,Basic Technology|CRS|PHE,any,very_low,6,full_time_underpaid,,
TCH-01106,SCH-085,Blessing Adeyemi,overworked_generalist,11111,scattered,3,Basic Technology|PHE,any,very_low,8,full_time_underpaid,,
TCH-01107,SCH-085,Ifeoma Abubakar,nysc_corper,11110,13:00-15:00,1,Civic Education,junior_only,low,0,nysc_temporary,Friday,
TCH-01108,SCH-085,Aisha Balogun,hustling_subject_specialist,10100,08:00-11:00,3,Further Mathematics|Physics,senior_only,high,5,part_time_multi_school,,
TCH-01109,SCH-085,Amaka Nwosu,nysc_corper,11101,13:00-15:00,1,Civic Education,junior_only,low,0,nysc_temporary,Thursday,
TCH-01110,SCH-085,Hauwa Nwosu,overworked_generalist,11111,scattered,3,Basic Technology|CRS,any,very_low,7,full_time_underpaid,,
TCH-01111,SCH-085,Emeka Chukwu,nysc_corper,01111,13:00-15:00,1,Basic Science,junior_only,low,0,nysc_temporary,Monday,
TCH-01112,SCH-085,Aisha Eze,veteran_staff_room_boss,11111,08:30-10:30,1,Physics|Chemistry,senior_only,absolute_priority,21,full_time_senior_staff,,2
TCH-01113,SCH-085,Oluwaseun Adebayo,overworked_generalist,11111,scattered,3,CRS|PHE|Basic Technology,any,very_low,7,full_time_underpaid,,
TCH-01114,SCH-085,Amaka Chukwu,overworked_generalist,11111,scattered,4,CRS|Basic Technology,any,very_low,3,full_time_underpaid,,
TCH-01115,SCH-085,Adaeze Adebayo,nysc_corper,11101,13:00-15:00,1,Basic Science|Civic Education,junior_only,low,0,nysc_temporary,Thursday,
TCH-01116,SCH-086,Ifeoma Eze,overworked_generalist,11111,scattered,4,CRS|PHE|Basic Technology,any,very_low,4,full_time_underpaid,,
TCH-01117,SCH-086,Hauwa Abubakar,overworked_generalist,11111,scattered,3,PHE|Basic Technology|CRS,any,very_low,4,full_time_underpaid,,
TCH-01118,SCH-086,Obinna Eze,overworked_generalist,11111,scattered,5,PHE|CRS|Basic Technology,any,very_low,4,full_time_underpaid,,
TCH-01119,SCH-086,Oluwaseun Chukwu,overworked_generalist,11111,scattered,4,PHE|CRS|Basic Technology,any,very_low,3,full_time_underpaid,,
TCH-01120,SCH-086,Bashir Abubakar,veteran_staff_room_boss,11111,08:30-10:30,2,Biology|Physics,senior_only,absolute_priority,16,full_time_senior_staff,,2
TCH-01121,SCH-086,Blessing Balogun,nysc_corper,10111,13:00-15:00,1,Civic Education,junior_only,low,0,nysc_temporary,Tuesday,
TCH-01122,SCH-086,Bashir Okoro,overworked_generalist,11111,scattered,3,PHE|Basic Technology|CRS,any,very_low,8,full_time_underpaid,,
TCH-01123,SCH-086,Chiamaka Adebayo,overworked_generalist,11111,scattered,5,PHE|Basic Technology|CRS,any,very_low,7,full_time_underpaid,,
TCH-01124,SCH-086,Yusuf Suleiman,nysc_corper,10111,13:00-15:00,1,Civic Education,junior_only,low,0,nysc_temporary,Tuesday,
TCH-01125,SCH-086,Musa Okoro,veteran_staff_room_boss,11111,08:30-10:30,1,Further Mathematics|Physics,senior_only,absolute_priority,26,full_time_senior_staff,,2
TCH-01126,SCH-087,Aisha Garba,nysc_corper,11011,13:00-15:00,1,Civic Education|Basic Science,junior_only,low,0,nysc_temporary,Wednesday,
TCH-01127,SCH-087,Ifeoma Eze,nysc_corper,11110,13:00-15:00,1,Basic Science|Civic Education,junior_only,low,0,nysc_temporary,Friday,
TCH-01128,SCH-087,Ifeoma Chukwu,hustling_subject_specialist,01100,08:00-11:00,3,Economics|Physics,senior_only,high,7,part_time_multi_school,,
TCH-01129,SCH-087,Bashir Abubakar,hustling_subject_specialist,00110,08:00-11:00,3,Further Mathematics,senior_only,high,12,part_time_multi_school,,
TCH-01130,SCH-087,Chiamaka Nwosu,overworked_generalist,11111,scattered,3,PHE|CRS,any,very_low,2,full_time_underpaid,,
TCH-01131,SCH-087,Bashir Adebayo,overworked_generalist,11111,scattered,4,Basic Technology|PHE,any,very_low,7,full_time_underpaid,,
TCH-01132,SCH-087,Bashir Eze,hustling_subject_specialist,11100,08:00-11:00,2,Economics|Physics,senior_only,high,4,part_time_multi_school,,
TCH-01133,SCH-087,Hauwa Adebayo,hustling_subject_specialist,11010,08:00-11:00,2,Economics|Further Mathematics,senior_only,high,9,part_time_multi_school,,
TCH-01134,SCH-087,Ngozi Chukwu,overworked_generalist,11111,scattered,3,Basic Technology|CRS,any,very_low,6,full_time_underpaid,,
TCH-01135,SCH-087,Yusuf Mohammed,overworked_generalist,11111,scattered,4,CRS|PHE|Basic Technology,any,very_low,7,full_time_underpaid,,
TCH-01136,SCH-087,Yusuf Chukwu,nysc_corper,11110,13:00-15:00,1,Basic Science|Civic Education,junior_only,low,0,nysc_temporary,Friday,
TCH-01137,SCH-087,Chiamaka Garba,veteran_staff_room_boss,11111,08:30-10:30,2,Physics|Further Mathematics,senior_only,absolute_priority,21,full_time_senior_staff,,2
TCH-01138,SCH-087,Tunde Balogun,veteran_staff_room_boss,11111,08:30-10:30,2,Physics,senior_only,absolute_priority,28,full_time_senior_staff,,2
TCH-01139,SCH-088,Tunde Adebayo,nysc_corper,01111,13:00-15:00,1,Civic Education,junior_only,low,0,nysc_temporary,Monday,
TCH-01140,SCH-088,Chinedu Abubakar,veteran_staff_room_boss,11111,08:30-10:30,1,Physics|Biology,senior_only,absolute_priority,28,full_time_senior_staff,,2
TCH-01141,SCH-088,Kunle Okafor,overworked_generalist,11111,scattered,3,CRS|PHE,any,very_low,8,full_time_underpaid,,
TCH-01142,SCH-088,Musa Garba,overworked_generalist,11111,scattered,4,CRS|Basic Technology,any,very_low,1,full_time_underpaid,,
TCH-01143,SCH-088,Obinna Okoro,nysc_corper,11101,13:00-15:00,1,Basic Science|Civic Education,junior_only,low,0,nysc_temporary,Thursday,
TCH-01144,SCH-088,Aisha Adebayo,veteran_staff_room_boss,11111,08:30-10:30,2,Biology|Further Mathematics,senior_only,absolute_priority,23,full_time_senior_staff,,2
TCH-01145,SCH-088,Yusuf Okoro,overworked_generalist,11111,scattered,4,Basic Technology|CRS,any,very_low,8,full_time_underpaid,,
TCH-01146,SCH-088,Musa Okafor,veteran_staff_room_boss,11111,08:30-10:30,2,Physics|Further Mathematics,senior_only,absolute_priority,15,full_time_senior_staff,,2
TCH-01147,SCH-088,Chinedu Adebayo,veteran_staff_room_boss,11111,08:30-10:30,1,Further Mathematics,senior_only,absolute_priority,25,full_time_senior_staff,,2
TCH-01148,SCH-088,Kunle Okoro,hustling_subject_specialist,10100,08:00-11:00,3,Economics,senior_only,high,8,part_time_multi_school,,
TCH-01149,SCH-088,Aisha Chukwu,veteran_staff_room_boss,11111,08:30-10:30,1,Further Mathematics|Chemistry,senior_only,absolute_priority,22,full_time_senior_staff,,2
TCH-01150,SCH-088,Ngozi Abubakar,overworked_generalist,11111,scattered,5,CRS|Basic Technology|PHE,any,very_low,8,full_time_underpaid,,
TCH-01151,SCH-088,Chiamaka Balogun,veteran_staff_room_boss,11111,08:30-10:30,1,Chemistry|Physics,senior_only,absolute_priority,16,full_time_senior_staff,,2
TCH-01152,SCH-088,Chinedu Adebayo,nysc_corper,01111,13:00-15:00,1,Civic Education,junior_only,low,0,nysc_temporary,Monday,
TCH-01153,SCH-088,Oluwaseun Adeyemi,nysc_corper,11110,13:00-15:00,1,Basic Science,junior_only,low,0,nysc_temporary,Friday,
TCH-01154,SCH-088,Yusuf Balogun,nysc_corper,11110,13:00-15:00,1,Basic Science|Civic Education,junior_only,low,0,nysc_temporary,Friday,
TCH-01155,SCH-089,Tunde Mohammed,overworked_generalist,11111,scattered,3,CRS|PHE|Basic Technology,any,very_low,5,full_time_underpaid,,
TCH-01156,SCH-089,Blessing Suleiman,overworked_generalist,11111,scattered,5,CRS|PHE|Basic Technology,any,very_low,4,full_time_underpaid,,
TCH-01157,SCH-089,Amaka Adebayo,veteran_staff_room_boss,11111,08:30-10:30,2,Physics,senior_only,absolute_priority,17,full_time_senior_staff,,2
TCH-01158,SCH-089,Fatima Balogun,overworked_generalist,11111,scattered,4,Basic Technology|CRS,any,very_low,1,full_time_underpaid,,
TCH-01159,SCH-089,Ngozi Suleiman,hustling_subject_specialist,10010,08:00-11:00,2,Economics,senior_only,high,7,part_time_multi_school,,
TCH-01160,SCH-089,Fatima Suleiman,overworked_generalist,11111,scattered,5,CRS|Basic Technology|PHE,any,very_low,1,full_time_underpaid,,
TCH-01161,SCH-089,Fatima Adebayo,overworked_generalist,11111,scattered,5,PHE|CRS|Basic Technology,any,very_low,3,full_time_underpaid,,
TCH-01162,SCH-089,Yusuf Balogun,veteran_staff_room_boss,11111,08:30-10:30,2,Physics|Further Mathematics,senior_only,absolute_priority,21,full_time_senior_staff,,2
TCH-01163,SCH-089,Musa Okoro,veteran_staff_room_boss,11111,08:30-10:30,2,Biology|Further Mathematics,senior_only,absolute_priority,30,full_time_senior_staff,,2
TCH-01164,SCH-089,Chinedu Abubakar,overworked_generalist,11111,scattered,4,CRS|Basic Technology|PHE,any,very_low,2,full_time_underpaid,,
TCH-01165,SCH-089,Aisha Mohammed,overworked_generalist,11111,scattered,3,PHE|Basic Technology|CRS,any,very_low,6,full_time_underpaid,,
TCH-01166,SCH-089,Blessing Okafor,nysc_corper,11011,13:00-15:00,1,Civic Education,junior_only,low,0,nysc_temporary,Wednesday,
TCH-01167,SCH-089,Fatima Nwosu,overworked_generalist,11111,scattered,4,PHE|Basic Technology,any,very_low,1,full_time_underpaid,,
TCH-01168,SCH-089,Ifeoma Nwosu,nysc_corper,10111,13:00-15:00,1,Basic Science|Civic Education,junior_only,low,0,nysc_temporary,Tuesday,
TCH-01169,SCH-090,Obinna Balogun,hustling_subject_specialist,10100,08:00-11:00,3,Physics|Economics,senior_only,high,12,part_time_multi_school,,
TCH-01170,SCH-090,Chiamaka Adebayo,overworked_generalist,11111,scattered,5,CRS|Basic Technology,any,very_low,2,full_time_underpaid,,
TCH-01171,SCH-090,Ifeoma Balogun,veteran_staff_room_boss,11111,08:30-10:30,2,Further Mathematics|Biology,senior_only,absolute_priority,17,full_time_senior_staff,,2
TCH-01172,SCH-090,Adaeze Garba,hustling_subject_specialist,11010,08:00-11:00,3,Further Mathematics|Economics,senior_only,high,8,part_time_multi_school,,
TCH-01173,SCH-090,Aisha Suleiman,overworked_generalist,11111,scattered,3,PHE|CRS,any,very_low,4,full_time_underpaid,,
TCH-01174,SCH-090,Ngozi Okafor,nysc_corper,11011,13:00-15:00,1,Civic Education|Basic Science,junior_only,low,0,nysc_temporary,Wednesday,
TCH-01175,SCH-090,Oluwaseun Okoro,veteran_staff_room_boss,11111,08:30-10:30,2,Physics|Chemistry,senior_only,absolute_priority,19,full_time_senior_staff,,2
TCH-01176,SCH-090,Oluwaseun Balogun,overworked_generalist,11111,scattered,3,CRS|PHE,any,very_low,8,full_time_underpaid,,
TCH-01177,SCH-090,Bashir Okafor,overworked_generalist,11111,scattered,5,PHE|CRS,any,very_low,4,full_time_underpaid,,
TCH-01178,SCH-090,Amaka Garba,veteran_staff_room_boss,11111,08:30-10:30,2,Further Mathematics,senior_only,absolute_priority,27,full_time_senior_staff,,2
TCH-01179,SCH-090,Yusuf Suleiman,hustling_subject_specialist,11000,08:00-11:00,2,Further Mathematics,senior_only,high,12,part_time_multi_school,,
TCH-01180,SCH-091,Emeka Adeyemi,hustling_subject_specialist,01110,08:00-11:00,2,Economics|Physics,senior_only,high,6,part_time_multi_school,,
TCH-01181,SCH-091,Bashir Adeyemi,veteran_staff_room_boss,11111,08:30-10:30,2,Biology,senior_only,absolute_priority,18,full_time_senior_staff,,2
TCH-01182,SCH-091,Musa Balogun,nysc_corper,01111,13:00-15:00,1,Basic Science|Civic Education,junior_only,low,0,nysc_temporary,Monday,
TCH-01183,SCH-091,Fatima Eze,nysc_corper,01111,13:00-15:00,1,Civic Education,junior_only,low,0,nysc_temporary,Monday,
TCH-01184,SCH-091,Yusuf Nwosu,hustling_subject_specialist,10100,08:00-11:00,3,Physics,senior_only,high,4,part_time_multi_school,,
TCH-01185,SCH-091,Hauwa Balogun,veteran_staff_room_boss,11111,08:30-10:30,1,Further Mathematics|Chemistry,senior_only,absolute_priority,27,full_time_senior_staff,,2
TCH-01186,SCH-091,Chinedu Okoro,overworked_generalist,11111,scattered,5,Basic Technology|CRS|PHE,any,very_low,2,full_time_underpaid,,
TCH-01187,SCH-091,Tunde Nwosu,veteran_staff_room_boss,11111,08:30-10:30,2,Physics|Further Mathematics,senior_only,absolute_priority,27,full_time_senior_staff,,2
TCH-01188,SCH-091,Amaka Eze,hustling_subject_specialist,11100,08:00-11:00,2,Economics|Further Mathematics,senior_only,high,4,part_time_multi_school,,
TCH-01189,SCH-091,Yusuf Abubakar,nysc_corper,11101,13:00-15:00,1,Civic Education|Basic Science,junior_only,low,0,nysc_temporary,Thursday,
TCH-01190,SCH-091,Ifeoma Nwosu,veteran_staff_room_boss,11111,08:30-10:30,2,Further Mathematics,senior_only,absolute_priority,28,full_time_senior_staff,,2
TCH-01191,SCH-092,Amaka Okoro,overworked_generalist,11111,scattered,5,CRS|PHE,any,very_low,6,full_time_underpaid,,
TCH-01192,SCH-092,Amaka Okoro,hustling_subject_specialist,11100,08:00-11:00,3,Economics,senior_only,high,9,part_time_multi_school,,
TCH-01193,SCH-092,Aisha Balogun,overworked_generalist,11111,scattered,5,PHE|CRS,any,very_low,3,full_time_underpaid,,
TCH-01194,SCH-092,Chiamaka Nwosu,overworked_generalist,11111,scattered,3,CRS|PHE|Basic Technology,any,very_low,1,full_time_underpaid,,
TCH-01195,SCH-092,Fatima Okoro,hustling_subject_specialist,00110,08:00-11:00,2,Physics,senior_only,high,12,part_time_multi_school,,
TCH-01196,SCH-092,Chinedu Mohammed,veteran_staff_room_boss,11111,08:30-10:30,2,Chemistry|Physics,senior_only,absolute_priority,19,full_time_senior_staff,,2
TCH-01197,SCH-092,Fatima Mohammed,veteran_staff_room_boss,11111,08:30-10:30,1,Chemistry,senior_only,absolute_priority,19,full_time_senior_staff,,2
TCH-01198,SCH-092,Hauwa Chukwu,nysc_corper,11011,13:00-15:00,1,Basic Science|Civic Education,junior_only,low,0,nysc_temporary,Wednesday,
TCH-01199,SCH-092,Yusuf Balogun,hustling_subject_specialist,01110,08:00-11:00,3,Physics|Further Mathematics,senior_only,high,12,part_time_multi_school,,
TCH-01200,SCH-092,Oluwaseun Eze,nysc_corper,11110,13:00-15:00,1,Basic Science|Civic Education,junior_only,low,0,nysc_temporary,Friday,
TCH-01201,SCH-092,Aisha Adeyemi,overworked_generalist,11111,scattered,4,PHE|CRS|Basic Technology,any,very_low,3,full_time_underpaid,,
TCH-01202,SCH-092,Tunde Adebayo,overworked_generalist,11111,scattered,3,CRS|PHE,any,very_low,7,full_time_underpaid,,
TCH-01203,SCH-093,Obinna Nwosu,hustling_subject_specialist,01100,08:00-11:00,3,Further Mathematics|Economics,senior_only,high,6,part_time_multi_school,,
TCH-01204,SCH-093,Adaeze Adebayo,overworked_generalist,11111,scattered,3,PHE|CRS|Basic Technology,any,very_low,2,full_time_underpaid,,
TCH-01205,SCH-093,Kunle Okafor,overworked_generalist,11111,scattered,5,CRS|PHE|Basic Technology,any,very_low,3,full_time_underpaid,,
TCH-01206,SCH-093,Chinedu Suleiman,hustling_subject_specialist,10110,08:00-11:00,3,Physics|Economics,senior_only,high,11,part_time_multi_school,,
TCH-01207,SCH-093,Kunle Suleiman,veteran_staff_room_boss,11111,08:30-10:30,2,Physics,senior_only,absolute_priority,20,full_time_senior_staff,,2
TCH-01208,SCH-093,Yusuf Adeyemi,overworked_generalist,11111,scattered,4,CRS|PHE|Basic Technology,any,very_low,5,full_time_underpaid,,
TCH-01209,SCH-093,Hauwa Chukwu,nysc_corper,11110,13:00-15:00,1,Basic Science|Civic Education,junior_only,low,0,nysc_temporary,Friday,
TCH-01210,SCH-093,Ngozi Okafor,veteran_staff_room_boss,11111,08:30-10:30,2,Further Mathematics|Chemistry,senior_only,absolute_priority,29,full_time_senior_staff,,2
TCH-01211,SCH-093,Blessing Adebayo,overworked_generalist,11111,scattered,3,Basic Technology|CRS|PHE,any,very_low,8,full_time_underpaid,,
TCH-01212,SCH-093,Bashir Garba,overworked_generalist,11111,scattered,5,PHE|Basic Technology|CRS,any,very_low,3,full_time_underpaid,,
TCH-01213,SCH-093,Tunde Nwosu,veteran_staff_room_boss,11111,08:30-10:30,2,Further Mathematics,senior_only,absolute_priority,15,full_time_senior_staff,,2
TCH-01214,SCH-093,Oluwaseun Nwosu,hustling_subject_specialist,01010,08:00-11:00,3,Economics|Further Mathematics,senior_only,high,5,part_time_multi_school,,
TCH-01215,SCH-093,Oluwaseun Okafor,nysc_corper,11110,13:00-15:00,1,Basic Science,junior_only,low,0,nysc_temporary,Friday,
TCH-01216,SCH-094,Aisha Eze,overworked_generalist,11111,scattered,3,CRS|Basic Technology,any,very_low,2,full_time_underpaid,,
TCH-01217,SCH-094,Obinna Balogun,nysc_corper,01111,13:00-15:00,1,Civic Education|Basic Science,junior_only,low,0,nysc_temporary,Monday,
TCH-01218,SCH-094,Kunle Okafor,hustling_subject_specialist,11010,08:00-11:00,2,Economics|Further Mathematics,senior_only,high,12,part_time_multi_school,,
TCH-01219,SCH-094,Blessing Balogun,nysc_corper,01111,13:00-15:00,1,Basic Science|Civic Education,junior_only,low,0,nysc_temporary,Monday,
TCH-01220,SCH-094,Yusuf Nwosu,veteran_staff_room_boss,11111,08:30-10:30,2,Further Mathematics|Biology,senior_only,absolute_priority,15,full_time_senior_staff,,2
TCH-01221,SCH-094,Fatima Balogun,veteran_staff_room_boss,11111,08:30-10:30,1,Biology|Chemistry,senior_only,absolute_priority,20,full_time_senior_staff,,2
TCH-01222,SCH-094,Ngozi Eze,overworked_generalist,11111,scattered,3,CRS|Basic Technology,any,very_low,3,full_time_underpaid,,
TCH-01223,SCH-094,Yusuf Garba,overworked_generalist,11111,scattered,5,Basic Technology|PHE,any,very_low,7,full_time_underpaid,,
TCH-01224,SCH-094,Chinedu Adeyemi,hustling_subject_specialist,00110,08:00-11:00,2,Further Mathematics|Economics,senior_only,high,8,part_time_multi_school,,
TCH-01225,SCH-094,Oluwaseun Suleiman,veteran_staff_room_boss,11111,08:30-10:30,1,Further Mathematics|Chemistry,senior_only,absolute_priority,21,full_time_senior_staff,,2
TCH-01226,SCH-094,Ngozi Okoro,nysc_corper,01111,13:00-15:00,1,Basic Science|Civic Education,junior_only,low,0,nysc_temporary,Monday,
TCH-01227,SCH-094,Obinna Chukwu,hustling_subject_specialist,10010,08:00-11:00,2,Economics,senior_only,high,8,part_time_multi_school,,
TCH-01228,SCH-094,Kunle Garba,hustling_subject_specialist,10010,08:00-11:00,3,Further Mathematics,senior_only,high,12,part_time_multi_school,,
TCH-01229,SCH-095,Adaeze Nwosu,overworked_generalist,11111,scattered,4,CRS|PHE,any,very_low,4,full_time_underpaid,,
TCH-01230,SCH-095,Kunle Suleiman,nysc_corper,01111,13:00-15:00,1,Basic Science,junior_only,low,0,nysc_temporary,Monday,
TCH-01231,SCH-095,Obinna Okoro,nysc_corper,11110,13:00-15:00,1,Civic Education|Basic Science,junior_only,low,0,nysc_temporary,Friday,
TCH-01232,SCH-095,Yusuf Okoro,overworked_generalist,11111,scattered,5,PHE|Basic Technology|CRS,any,very_low,1,full_time_underpaid,,
TCH-01233,SCH-095,Tunde Chukwu,veteran_staff_room_boss,11111,08:30-10:30,1,Further Mathematics|Chemistry,senior_only,absolute_priority,27,full_time_senior_staff,,2
TCH-01234,SCH-095,Emeka Abubakar,overworked_generalist,11111,scattered,4,CRS|Basic Technology|PHE,any,very_low,6,full_time_underpaid,,
TCH-01235,SCH-095,Chinedu Mohammed,veteran_staff_room_boss,11111,08:30-10:30,2,Physics,senior_only,absolute_priority,16,full_time_senior_staff,,2
TCH-01236,SCH-095,Amaka Okafor,overworked_generalist,11111,scattered,4,CRS|PHE,any,very_low,3,full_time_underpaid,,
TCH-01237,SCH-095,Amaka Nwosu,veteran_staff_room_boss,11111,08:30-10:30,1,Chemistry|Physics,senior_only,absolute_priority,15,full_time_senior_staff,,2
TCH-01238,SCH-095,Chinedu Chukwu,overworked_generalist,11111,scattered,5,Basic Technology|PHE,any,very_low,1,full_time_underpaid,,
TCH-01239,SCH-095,Ngozi Adeyemi,veteran_staff_room_boss,11111,08:30-10:30,2,Further Mathematics,senior_only,absolute_priority,27,full_time_senior_staff,,2
TCH-01240,SCH-095,Amaka Okafor,veteran_staff_room_boss,11111,08:30-10:30,1,Physics|Further Mathematics,senior_only,absolute_priority,23,full_time_senior_staff,,2
TCH-01241,SCH-095,Hauwa Suleiman,overworked_generalist,11111,scattered,4,Basic Technology|PHE|CRS,any,very_low,7,full_time_underpaid,,
TCH-01242,SCH-095,Ifeoma Eze,overworked_generalist,11111,scattered,5,Basic Technology|CRS|PHE,any,very_low,6,full_time_underpaid,,
TCH-01243,SCH-095,Hauwa Okafor,nysc_corper,01111,13:00-15:00,1,Basic Science|Civic Education,junior_only,low,0,nysc_temporary,Monday,
TCH-01244,SCH-096,Fatima Mohammed,hustling_subject_specialist,11000,08:00-11:00,3,Physics|Further Mathematics,senior_only,high,8,part_time_multi_school,,
TCH-01245,SCH-096,Chiamaka Nwosu,overworked_generalist,11111,scattered,5,PHE|CRS,any,very_low,1,full_time_underpaid,,
TCH-01246,SCH-096,Musa Eze,overworked_generalist,11111,scattered,4,PHE|CRS,any,very_low,1,full_time_underpaid,,
TCH-01247,SCH-096,Musa Adeyemi,overworked_generalist,11111,scattered,3,Basic Technology|CRS,any,very_low,1,full_time_underpaid,,
TCH-01248,SCH-096,Chinedu Adeyemi,hustling_subject_specialist,10110,08:00-11:00,3,Physics|Further Mathematics,senior_only,high,12,part_time_multi_school,,
TCH-01249,SCH-096,Blessing Mohammed,veteran_staff_room_boss,11111,08:30-10:30,2,Further Mathematics,senior_only,absolute_priority,17,full_time_senior_staff,,2
TCH-01250,SCH-096,Yusuf Mohammed,hustling_subject_specialist,01100,08:00-11:00,3,Further Mathematics,senior_only,high,9,part_time_multi_school,,
TCH-01251,SCH-096,Fatima Suleiman,overworked_generalist,11111,scattered,3,Basic Technology|CRS,any,very_low,5,full_time_underpaid,,
TCH-01252,SCH-096,Obinna Abubakar,veteran_staff_room_boss,11111,08:30-10:30,2,Chemistry,senior_only,absolute_priority,16,full_time_senior_staff,,2
TCH-01253,SCH-096,Chinedu Mohammed,hustling_subject_specialist,00110,08:00-11:00,2,Further Mathematics,senior_only,high,6,part_time_multi_school,,
TCH-01254,SCH-096,Chiamaka Abubakar,overworked_generalist,11111,scattered,4,PHE|CRS|Basic Technology,any,very_low,5,full_time_underpaid,,
TCH-01255,SCH-096,Emeka Adebayo,overworked_generalist,11111,scattered,3,PHE|Basic Technology,any,very_low,1,full_time_underpaid,,
TCH-01256,SCH-097,Aisha Eze,overworked_generalist,11111,scattered,4,Basic Technology|CRS,any,very_low,8,full_time_underpaid,,
TCH-01257,SCH-097,Emeka Adeyemi,overworked_generalist,11111,scattered,4,Basic Technology|PHE,any,very_low,3,full_time_underpaid,,
TCH-01258,SCH-097,Bashir Abubakar,overworked_generalist,11111,scattered,5,Basic Technology|CRS,any,very_low,1,full_time_underpaid,,
TCH-01259,SCH-097,Hauwa Okafor,veteran_staff_room_boss,11111,08:30-10:30,2,Biology,senior_only,absolute_priority,15,full_time_senior_staff,,2
TCH-01260,SCH-097,Aisha Mohammed,nysc_corper,11011,13:00-15:00,1,Basic Science|Civic Education,junior_only,low,0,nysc_temporary,Wednesday,
TCH-01261,SCH-097,Aisha Adebayo,overworked_generalist,11111,scattered,5,CRS|Basic Technology|PHE,any,very_low,5,full_time_underpaid,,
TCH-01262,SCH-097,Ifeoma Garba,overworked_generalist,11111,scattered,5,CRS|Basic Technology,any,very_low,1,full_time_underpaid,,
TCH-01263,SCH-097,Tunde Mohammed,overworked_generalist,11111,scattered,4,PHE|CRS,any,very_low,4,full_time_underpaid,,
TCH-01264,SCH-097,Adaeze Mohammed,veteran_staff_room_boss,11111,08:30-10:30,1,Biology|Further Mathematics,senior_only,absolute_priority,16,full_time_senior_staff,,2
TCH-01265,SCH-097,Yusuf Garba,hustling_subject_specialist,11100,08:00-11:00,3,Economics|Physics,senior_only,high,11,part_time_multi_school,,
TCH-01266,SCH-097,Bashir Garba,veteran_staff_room_boss,11111,08:30-10:30,1,Biology,senior_only,absolute_priority,29,full_time_senior_staff,,2
TCH-01267,SCH-097,Ngozi Okafor,hustling_subject_specialist,11010,08:00-11:00,3,Physics|Further Mathematics,senior_only,high,12,part_time_multi_school,,
TCH-01268,SCH-097,Obinna Abubakar,veteran_staff_room_boss,11111,08:30-10:30,2,Chemistry,senior_only,absolute_priority,15,full_time_senior_staff,,2
TCH-01269,SCH-098,Chinedu Balogun,nysc_corper,11110,13:00-15:00,1,Basic Science,junior_only,low,0,nysc_temporary,Friday,
TCH-01270,SCH-098,Musa Adeyemi,veteran_staff_room_boss,11111,08:30-10:30,2,Biology,senior_only,absolute_priority,28,full_time_senior_staff,,2
TCH-01271,SCH-098,Yusuf Mohammed,nysc_corper,11101,13:00-15:00,1,Basic Science|Civic Education,junior_only,low,0,nysc_temporary,Thursday,
TCH-01272,SCH-098,Oluwaseun Chukwu,overworked_generalist,11111,scattered,4,PHE|CRS|Basic Technology,any,very_low,1,full_time_underpaid,,
TCH-01273,SCH-098,Amaka Balogun,hustling_subject_specialist,01100,08:00-11:00,2,Economics,senior_only,high,11,part_time_multi_school,,
TCH-01274,SCH-098,Fatima Abubakar,hustling_subject_specialist,01010,08:00-11:00,2,Physics|Further Mathematics,senior_only,high,10,part_time_multi_school,,
TCH-01275,SCH-098,Oluwaseun Okafor,overworked_generalist,11111,scattered,4,CRS|PHE|Basic Technology,any,very_low,2,full_time_underpaid,,
TCH-01276,SCH-098,Chiamaka Chukwu,veteran_staff_room_boss,11111,08:30-10:30,2,Further Mathematics,senior_only,absolute_priority,18,full_time_senior_staff,,2
TCH-01277,SCH-098,Emeka Okoro,hustling_subject_specialist,10110,08:00-11:00,2,Economics,senior_only,high,9,part_time_multi_school,,
TCH-01278,SCH-098,Oluwaseun Adeyemi,nysc_corper,11101,13:00-15:00,1,Basic Science,junior_only,low,0,nysc_temporary,Thursday,
TCH-01279,SCH-098,Obinna Adebayo,nysc_corper,01111,13:00-15:00,1,Basic Science,junior_only,low,0,nysc_temporary,Monday,
TCH-01280,SCH-098,Ifeoma Suleiman,nysc_corper,11101,13:00-15:00,1,Basic Science,junior_only,low,0,nysc_temporary,Thursday,
TCH-01281,SCH-098,Emeka Abubakar,veteran_staff_room_boss,11111,08:30-10:30,1,Biology|Physics,senior_only,absolute_priority,17,full_time_senior_staff,,2
TCH-01282,SCH-098,Ngozi Eze,overworked_generalist,11111,scattered,3,PHE|Basic Technology,any,very_low,4,full_time_underpaid,,
TCH-01283,SCH-098,Obinna Suleiman,nysc_corper,10111,13:00-15:00,1,Basic Science|Civic Education,junior_only,low,0,nysc_temporary,Tuesday,
TCH-01284,SCH-098,Emeka Eze,overworked_generalist,11111,scattered,3,CRS|PHE,any,very_low,8,full_time_underpaid,,
TCH-01285,SCH-099,Musa Suleiman,overworked_generalist,11111,scattered,4,CRS|PHE,any,very_low,7,full_time_underpaid,,
TCH-01286,SCH-099,Blessing Abubakar,overworked_generalist,11111,scattered,5,CRS|PHE,any,very_low,7,full_time_underpaid,,
TCH-01287,SCH-099,Amaka Okoro,veteran_staff_room_boss,11111,08:30-10:30,2,Chemistry,senior_only,absolute_priority,20,full_time_senior_staff,,2
TCH-01288,SCH-099,Amaka Suleiman,veteran_staff_room_boss,11111,08:30-10:30,2,Biology,senior_only,absolute_priority,21,full_time_senior_staff,,2
TCH-01289,SCH-099,Adaeze Garba,hustling_subject_specialist,01100,08:00-11:00,2,Further Mathematics|Physics,senior_only,high,4,part_time_multi_school,,
TCH-01290,SCH-099,Fatima Chukwu,nysc_corper,11110,13:00-15:00,1,Basic Science|Civic Education,junior_only,low,0,nysc_temporary,Friday,
TCH-01291,SCH-099,Blessing Okoro,overworked_generalist,11111,scattered,4,PHE|CRS,any,very_low,5,full_time_underpaid,,
TCH-01292,SCH-099,Bashir Chukwu,veteran_staff_room_boss,11111,08:30-10:30,2,Further Mathematics|Chemistry,senior_only,absolute_priority,19,full_time_senior_staff,,2
TCH-01293,SCH-099,Tunde Abubakar,hustling_subject_specialist,01010,08:00-11:00,3,Further Mathematics|Economics,senior_only,high,6,part_time_multi_school,,
TCH-01294,SCH-099,Amaka Adeyemi,nysc_corper,11110,13:00-15:00,1,Civic Education,junior_only,low,0,nysc_temporary,Friday,
TCH-01295,SCH-099,Aisha Okoro,nysc_corper,11110,13:00-15:00,1,Basic Science,junior_only,low,0,nysc_temporary,Friday,
TCH-01296,SCH-099,Hauwa Balogun,veteran_staff_room_boss,11111,08:30-10:30,1,Physics,senior_only,absolute_priority,15,full_time_senior_staff,,2
TCH-01297,SCH-099,Yusuf Eze,overworked_generalist,11111,scattered,5,PHE|CRS|Basic Technology,any,very_low,2,full_time_underpaid,,
TCH-01298,SCH-100,Aisha Balogun,veteran_staff_room_boss,11111,08:30-10:30,1,Biology|Physics,senior_only,absolute_priority,23,full_time_senior_staff,,2
TCH-01299,SCH-100,Ifeoma Chukwu,overworked_generalist,11111,scattered,3,PHE|CRS,any,very_low,8,full_time_underpaid,,
TCH-01300,SCH-100,Tunde Chukwu,overworked_generalist,11111,scattered,4,PHE|CRS|Basic Technology,any,very_low,2,full_time_underpaid,,
TCH-01301,SCH-100,Chiamaka Garba,overworked_generalist,11111,scattered,3,CRS|Basic Technology|PHE,any,very_low,3,full_time_underpaid,,
TCH-01302,SCH-100,Ifeoma Nwosu,overworked_generalist,11111,scattered,4,PHE|Basic Technology,any,very_low,7,full_time_underpaid,,
TCH-01303,SCH-100,Oluwaseun Adeyemi,overworked_generalist,11111,scattered,5,PHE|Basic Technology,any,very_low,3,full_time_underpaid,,
TCH-01304,SCH-100,Oluwaseun Adebayo,hustling_subject_specialist,11100,08:00-11:00,3,Physics,senior_only,high,10,part_time_multi_school,,
TCH-01305,SCH-100,Kunle Okafor,nysc_corper,11011,13:00-15:00,1,Basic Science,junior_only,low,0,nysc_temporary,Wednesday,
TCH-01306,SCH-100,Chiamaka Nwosu,hustling_subject_specialist,11100,08:00-11:00,3,Physics|Economics,senior_only,high,4,part_time_multi_school,,
TCH-01307,SCH-100,Tunde Adeyemi,nysc_corper,11110,13:00-15:00,1,Civic Education,junior_only,low,0,nysc_temporary,Friday,
TCH-01308,SCH-100,Obinna Garba,nysc_corper,11101,13:00-15:00,1,Basic Science,junior_only,low,0,nysc_temporary,Thursday,
TCH-01309,SCH-100,Tunde Okoro,veteran_staff_room_boss,11111,08:30-10:30,1,Further Mathematics,senior_only,absolute_priority,25,full_time_senior_staff,,2
TCH-01310,SCH-100,Chinedu Suleiman,overworked_generalist,11111,scattered,3,PHE|Basic Technology|CRS,any,very_low,6,full_time_underpaid,,
TCH-01311,SCH-100,Chinedu Okafor,veteran_staff_room_boss,11111,08:30-10:30,1,Physics,senior_only,absolute_priority,30,full_time_senior_staff,,2
TCH-01312,SCH-101,Blessing Eze,nysc_corper,10111,13:00-15:00,1,Basic Science|Civic Education,junior_only,low,0,nysc_temporary,Tuesday,
TCH-01313,SCH-101,Obinna Eze,hustling_subject_specialist,01010,08:00-11:00,2,Further Mathematics,senior_only,high,12,part_time_multi_school,,
TCH-01314,SCH-101,Kunle Eze,nysc_corper,01111,13:00-15:00,1,Civic Education|Basic Science,junior_only,low,0,nysc_temporary,Monday,
TCH-01315,SCH-101,Tunde Mohammed,veteran_staff_room_boss,11111,08:30-10:30,2,Biology|Further Mathematics,senior_only,absolute_priority,15,full_time_senior_staff,,2
TCH-01316,SCH-101,Blessing Garba,veteran_staff_room_boss,11111,08:30-10:30,2,Biology,senior_only,absolute_priority,23,full_time_senior_staff,,2
TCH-01317,SCH-101,Chiamaka Nwosu,hustling_subject_specialist,11000,08:00-11:00,2,Economics,senior_only,high,11,part_time_multi_school,,
TCH-01318,SCH-101,Tunde Chukwu,overworked_generalist,11111,scattered,5,PHE|CRS,any,very_low,4,full_time_underpaid,,
TCH-01319,SCH-101,Amaka Garba,overworked_generalist,11111,scattered,4,PHE|CRS|Basic Technology,any,very_low,2,full_time_underpaid,,
TCH-01320,SCH-101,Oluwaseun Abubakar,nysc_corper,01111,13:00-15:00,1,Basic Science|Civic Education,junior_only,low,0,nysc_temporary,Monday,
TCH-01321,SCH-101,Yusuf Balogun,veteran_staff_room_boss,11111,08:30-10:30,2,Chemistry,senior_only,absolute_priority,24,full_time_senior_staff,,2
TCH-01322,SCH-101,Ifeoma Okoro,overworked_generalist,11111,scattered,3,PHE|Basic Technology|CRS,any,very_low,2,full_time_underpaid,,
TCH-01323,SCH-101,Hauwa Eze,veteran_staff_room_boss,11111,08:30-10:30,2,Physics,senior_only,absolute_priority,25,full_time_senior_staff,,2
TCH-01324,SCH-101,Adaeze Okafor,hustling_subject_specialist,01100,08:00-11:00,2,Physics,senior_only,high,11,part_time_multi_school,,
TCH-01325,SCH-101,Hauwa Mohammed,veteran_staff_room_boss,11111,08:30-10:30,2,Further Mathematics,senior_only,absolute_priority,27,full_time_senior_staff,,2
TCH-01326,SCH-102,Musa Balogun,nysc_corper,01111,13:00-15:00,1,Basic Science,junior_only,low,0,nysc_temporary,Monday,
TCH-01327,SCH-102,Chinedu Adeyemi,overworked_generalist,11111,scattered,3,CRS|Basic Technology|PHE,any,very_low,3,full_time_underpaid,,
TCH-01328,SCH-102,Emeka Adebayo,nysc_corper,11011,13:00-15:00,1,Civic Education,junior_only,low,0,nysc_temporary,Wednesday,
TCH-01329,SCH-102,Chinedu Garba,nysc_corper,11110,13:00-15:00,1,Civic Education,junior_only,low,0,nysc_temporary,Friday,
TCH-01330,SCH-102,Ngozi Okafor,veteran_staff_room_boss,11111,08:30-10:30,1,Biology|Physics,senior_only,absolute_priority,24,full_time_senior_staff,,2
TCH-01331,SCH-102,Blessing Okafor,hustling_subject_specialist,01100,08:00-11:00,2,Physics,senior_only,high,7,part_time_multi_school,,
TCH-01332,SCH-102,Ifeoma Chukwu,overworked_generalist,11111,scattered,3,PHE|CRS|Basic Technology,any,very_low,3,full_time_underpaid,,
TCH-01333,SCH-102,Chiamaka Chukwu,nysc_corper,11110,13:00-15:00,1,Civic Education,junior_only,low,0,nysc_temporary,Friday,
TCH-01334,SCH-102,Obinna Okoro,veteran_staff_room_boss,11111,08:30-10:30,1,Physics|Further Mathematics,senior_only,absolute_priority,26,full_time_senior_staff,,2
TCH-01335,SCH-102,Emeka Adebayo,overworked_generalist,11111,scattered,3,CRS|PHE,any,very_low,3,full_time_underpaid,,
TCH-01336,SCH-103,Obinna Garba,nysc_corper,01111,13:00-15:00,1,Basic Science,junior_only,low,0,nysc_temporary,Monday,
TCH-01337,SCH-103,Bashir Adeyemi,nysc_corper,11101,13:00-15:00,1,Basic Science,junior_only,low,0,nysc_temporary,Thursday,
TCH-01338,SCH-103,Kunle Garba,hustling_subject_specialist,10010,08:00-11:00,3,Economics,senior_only,high,9,part_time_multi_school,,
TCH-01339,SCH-103,Yusuf Adeyemi,nysc_corper,10111,13:00-15:00,1,Basic Science|Civic Education,junior_only,low,0,nysc_temporary,Tuesday,
TCH-01340,SCH-103,Ngozi Mohammed,hustling_subject_specialist,11100,08:00-11:00,3,Further Mathematics,senior_only,high,7,part_time_multi_school,,
TCH-01341,SCH-103,Chiamaka Balogun,veteran_staff_room_boss,11111,08:30-10:30,1,Chemistry|Biology,senior_only,absolute_priority,15,full_time_senior_staff,,2
TCH-01342,SCH-103,Yusuf Suleiman,hustling_subject_specialist,11100,08:00-11:00,2,Economics|Physics,senior_only,high,4,part_time_multi_school,,
TCH-01343,SCH-103,Fatima Nwosu,overworked_generalist,11111,scattered,4,CRS|PHE|Basic Technology,any,very_low,3,full_time_underpaid,,
TCH-01344,SCH-103,Chiamaka Nwosu,veteran_staff_room_boss,11111,08:30-10:30,2,Chemistry|Biology,senior_only,absolute_priority,16,full_time_senior_staff,,2
TCH-01345,SCH-103,Obinna Eze,overworked_generalist,11111,scattered,4,CRS|PHE|Basic Technology,any,very_low,7,full_time_underpaid,,
TCH-01346,SCH-103,Emeka Adeyemi,hustling_subject_specialist,11000,08:00-11:00,3,Physics,senior_only,high,11,part_time_multi_school,,
TCH-01347,SCH-103,Emeka Chukwu,hustling_subject_specialist,10110,08:00-11:00,2,Physics,senior_only,high,8,part_time_multi_school,,
TCH-01348,SCH-104,Emeka Adebayo,overworked_generalist,11111,scattered,5,CRS|Basic Technology,any,very_low,1,full_time_underpaid,,
TCH-01349,SCH-104,Musa Eze,nysc_corper,01111,13:00-15:00,1,Basic Science,junior_only,low,0,nysc_temporary,Monday,
TCH-01350,SCH-104,Chiamaka Mohammed,hustling_subject_specialist,10100,08:00-11:00,2,Economics|Physics,senior_only,high,11,part_time_multi_school,,
TCH-01351,SCH-104,Ifeoma Okoro,overworked_generalist,11111,scattered,3,CRS|PHE|Basic Technology,any,very_low,6,full_time_underpaid,,
TCH-01352,SCH-104,Emeka Abubakar,nysc_corper,11110,13:00-15:00,1,Civic Education,junior_only,low,0,nysc_temporary,Friday,
TCH-01353,SCH-104,Blessing Chukwu,overworked_generalist,11111,scattered,5,CRS|PHE|Basic Technology,any,very_low,3,full_time_underpaid,,
TCH-01354,SCH-104,Musa Okafor,overworked_generalist,11111,scattered,3,Basic Technology|PHE,any,very_low,3,full_time_underpaid,,
TCH-01355,SCH-104,Hauwa Garba,overworked_generalist,11111,scattered,5,CRS|Basic Technology,any,very_low,3,full_time_underpaid,,
TCH-01356,SCH-104,Emeka Okoro,overworked_generalist,11111,scattered,4,PHE|CRS,any,very_low,1,full_time_underpaid,,
TCH-01357,SCH-104,Amaka Eze,overworked_generalist,11111,scattered,5,Basic Technology|PHE|CRS,any,very_low,1,full_time_underpaid,,
TCH-01358,SCH-104,Amaka Balogun,overworked_generalist,11111,scattered,5,PHE|Basic Technology|CRS,any,very_low,3,full_time_underpaid,,
TCH-01359,SCH-104,Bashir Garba,hustling_subject_specialist,01110,08:00-11:00,2,Physics|Economics,senior_only,high,11,part_time_multi_school,,
TCH-01360,SCH-104,Musa Mohammed,veteran_staff_room_boss,11111,08:30-10:30,2,Physics|Biology,senior_only,absolute_priority,26,full_time_senior_staff,,2
TCH-01361,SCH-104,Hauwa Balogun,nysc_corper,10111,13:00-15:00,1,Basic Science|Civic Education,junior_only,low,0,nysc_temporary,Tuesday,
TCH-01362,SCH-104,Oluwaseun Eze,veteran_staff_room_boss,11111,08:30-10:30,1,Chemistry,senior_only,absolute_priority,16,full_time_senior_staff,,2
TCH-01363,SCH-104,Hauwa Adeyemi,hustling_subject_specialist,01100,08:00-11:00,2,Economics|Physics,senior_only,high,6,part_time_multi_school,,
TCH-01364,SCH-105,Chiamaka Suleiman,overworked_generalist,11111,scattered,5,CRS|PHE,any,very_low,8,full_time_underpaid,,
TCH-01365,SCH-105,Obinna Suleiman,overworked_generalist,11111,scattered,4,Basic Technology|CRS|PHE,any,very_low,7,full_time_underpaid,,
TCH-01366,SCH-105,Blessing Okafor,overworked_generalist,11111,scattered,3,CRS|PHE,any,very_low,1,full_time_underpaid,,
TCH-01367,SCH-105,Chiamaka Adebayo,overworked_generalist,11111,scattered,4,Basic Technology|PHE|CRS,any,very_low,3,full_time_underpaid,,
TCH-01368,SCH-105,Musa Adeyemi,overworked_generalist,11111,scattered,4,PHE|Basic Technology|CRS,any,very_low,4,full_time_underpaid,,
TCH-01369,SCH-105,Amaka Adebayo,overworked_generalist,11111,scattered,4,PHE|Basic Technology|CRS,any,very_low,1,full_time_underpaid,,
TCH-01370,SCH-105,Chinedu Chukwu,veteran_staff_room_boss,11111,08:30-10:30,1,Biology|Chemistry,senior_only,absolute_priority,22,full_time_senior_staff,,2
TCH-01371,SCH-105,Oluwaseun Eze,overworked_generalist,11111,scattered,4,Basic Technology|PHE,any,very_low,4,full_time_underpaid,,
TCH-01372,SCH-105,Aisha Adeyemi,nysc_corper,01111,13:00-15:00,1,Basic Science,junior_only,low,0,nysc_temporary,Monday,
TCH-01373,SCH-105,Hauwa Garba,overworked_generalist,11111,scattered,5,Basic Technology|PHE,any,very_low,7,full_time_underpaid,,
TCH-01374,SCH-105,Aisha Mohammed,veteran_staff_room_boss,11111,08:30-10:30,1,Biology|Further Mathematics,senior_only,absolute_priority,24,full_time_senior_staff,,2
TCH-01375,SCH-105,Aisha Okoro,hustling_subject_specialist,11010,08:00-11:00,3,Physics|Further Mathematics,senior_only,high,7,part_time_multi_school,,
TCH-01376,SCH-106,Blessing Adebayo,nysc_corper,01111,13:00-15:00,1,Basic Science,junior_only,low,0,nysc_temporary,Monday,
TCH-01377,SCH-106,Bashir Mohammed,hustling_subject_specialist,10010,08:00-11:00,3,Physics|Economics,senior_only,high,12,part_time_multi_school,,
TCH-01378,SCH-106,Chiamaka Okafor,overworked_generalist,11111,scattered,3,PHE|CRS,any,very_low,6,full_time_underpaid,,
TCH-01379,SCH-106,Chinedu Eze,overworked_generalist,11111,scattered,4,CRS|Basic Technology|PHE,any,very_low,4,full_time_underpaid,,
TCH-01380,SCH-106,Kunle Eze,nysc_corper,11101,13:00-15:00,1,Civic Education,junior_only,low,0,nysc_temporary,Thursday,
TCH-01381,SCH-106,Bashir Adeyemi,hustling_subject_specialist,00110,08:00-11:00,3,Economics,senior_only,high,10,part_time_multi_school,,
TCH-01382,SCH-106,Hauwa Adeyemi,nysc_corper,01111,13:00-15:00,1,Basic Science,junior_only,low,0,nysc_temporary,Monday,
TCH-01383,SCH-106,Chiamaka Okafor,nysc_corper,11110,13:00-15:00,1,Civic Education|Basic Science,junior_only,low,0,nysc_temporary,Friday,
TCH-01384,SCH-106,Amaka Mohammed,veteran_staff_room_boss,11111,08:30-10:30,2,Physics,senior_only,absolute_priority,25,full_time_senior_staff,,2
TCH-01385,SCH-106,Adaeze Mohammed,overworked_generalist,11111,scattered,5,CRS|PHE,any,very_low,3,full_time_underpaid,,
TCH-01386,SCH-106,Tunde Chukwu,hustling_subject_specialist,01010,08:00-11:00,3,Physics,senior_only,high,8,part_time_multi_school,,
TCH-01387,SCH-107,Yusuf Balogun,nysc_corper,10111,13:00-15:00,1,Basic Science,junior_only,low,0,nysc_temporary,Tuesday,
TCH-01388,SCH-107,Yusuf Okafor,overworked_generalist,11111,scattered,3,PHE|Basic Technology,any,very_low,3,full_time_underpaid,,
TCH-01389,SCH-107,Ifeoma Adebayo,nysc_corper,10111,13:00-15:00,1,Basic Science,junior_only,low,0,nysc_temporary,Tuesday,
TCH-01390,SCH-107,Aisha Okoro,veteran_staff_room_boss,11111,08:30-10:30,1,Physics,senior_only,absolute_priority,17,full_time_senior_staff,,2
TCH-01391,SCH-107,Ifeoma Abubakar,veteran_staff_room_boss,11111,08:30-10:30,2,Biology|Further Mathematics,senior_only,absolute_priority,20,full_time_senior_staff,,2
TCH-01392,SCH-107,Chiamaka Adebayo,overworked_generalist,11111,scattered,3,PHE|Basic Technology,any,very_low,7,full_time_underpaid,,
TCH-01393,SCH-107,Adaeze Okafor,overworked_generalist,11111,scattered,3,Basic Technology|PHE|CRS,any,very_low,2,full_time_underpaid,,
TCH-01394,SCH-107,Oluwaseun Okafor,hustling_subject_specialist,11010,08:00-11:00,2,Physics|Further Mathematics,senior_only,high,5,part_time_multi_school,,
TCH-01395,SCH-107,Amaka Mohammed,overworked_generalist,11111,scattered,4,CRS|Basic Technology,any,very_low,4,full_time_underpaid,,
TCH-01396,SCH-107,Yusuf Eze,hustling_subject_specialist,10100,08:00-11:00,3,Economics|Physics,senior_only,high,4,part_time_multi_school,,
TCH-01397,SCH-107,Ngozi Nwosu,nysc_corper,01111,13:00-15:00,1,Civic Education,junior_only,low,0,nysc_temporary,Monday,
TCH-01398,SCH-108,Ifeoma Okoro,nysc_corper,01111,13:00-15:00,1,Civic Education|Basic Science,junior_only,low,0,nysc_temporary,Monday,
TCH-01399,SCH-108,Ifeoma Chukwu,hustling_subject_specialist,11000,08:00-11:00,3,Physics,senior_only,high,11,part_time_multi_school,,
TCH-01400,SCH-108,Fatima Nwosu,overworked_generalist,11111,scattered,4,Basic Technology|PHE,any,very_low,4,full_time_underpaid,,
TCH-01401,SCH-108,Adaeze Balogun,hustling_subject_specialist,00110,08:00-11:00,3,Economics|Further Mathematics,senior_only,high,8,part_time_multi_school,,
TCH-01402,SCH-108,Kunle Chukwu,nysc_corper,11101,13:00-15:00,1,Civic Education|Basic Science,junior_only,low,0,nysc_temporary,Thursday,
TCH-01403,SCH-108,Yusuf Chukwu,overworked_generalist,11111,scattered,3,PHE|Basic Technology,any,very_low,3,full_time_underpaid,,
TCH-01404,SCH-108,Chiamaka Adeyemi,overworked_generalist,11111,scattered,4,PHE|CRS,any,very_low,6,full_time_underpaid,,
TCH-01405,SCH-108,Fatima Eze,overworked_generalist,11111,scattered,5,PHE|Basic Technology,any,very_low,7,full_time_underpaid,,
TCH-01406,SCH-108,Adaeze Suleiman,overworked_generalist,11111,scattered,3,Basic Technology|CRS,any,very_low,6,full_time_underpaid,,
TCH-01407,SCH-108,Fatima Nwosu,veteran_staff_room_boss,11111,08:30-10:30,1,Chemistry,senior_only,absolute_priority,18,full_time_senior_staff,,2
TCH-01408,SCH-108,Oluwaseun Abubakar,hustling_subject_specialist,00110,08:00-11:00,2,Physics,senior_only,high,7,part_time_multi_school,,
TCH-01409,SCH-109,Blessing Mohammed,veteran_staff_room_boss,11111,08:30-10:30,1,Further Mathematics,senior_only,absolute_priority,29,full_time_senior_staff,,2
TCH-01410,SCH-109,Hauwa Okafor,nysc_corper,11011,13:00-15:00,1,Civic Education|Basic Science,junior_only,low,0,nysc_temporary,Wednesday,
TCH-01411,SCH-109,Chiamaka Adebayo,overworked_generalist,11111,scattered,5,CRS|Basic Technology,any,very_low,6,full_time_underpaid,,
TCH-01412,SCH-109,Tunde Balogun,nysc_corper,10111,13:00-15:00,1,Basic Science|Civic Education,junior_only,low,0,nysc_temporary,Tuesday,
TCH-01413,SCH-109,Ngozi Mohammed,overworked_generalist,11111,scattered,5,Basic Technology|PHE,any,very_low,2,full_time_underpaid,,
TCH-01414,SCH-109,Aisha Adeyemi,overworked_generalist,11111,scattered,3,Basic Technology|PHE|CRS,any,very_low,8,full_time_underpaid,,
TCH-01415,SCH-109,Obinna Chukwu,hustling_subject_specialist,01100,08:00-11:00,3,Physics|Economics,senior_only,high,8,part_time_multi_school,,
TCH-01416,SCH-109,Aisha Abubakar,overworked_generalist,11111,scattered,3,PHE|Basic Technology,any,very_low,1,full_time_underpaid,,
TCH-01417,SCH-109,Blessing Adebayo,hustling_subject_specialist,00110,08:00-11:00,3,Physics,senior_only,high,9,part_time_multi_school,,
TCH-01418,SCH-109,Emeka Mohammed,nysc_corper,01111,13:00-15:00,1,Civic Education,junior_only,low,0,nysc_temporary,Monday,
TCH-01419,SCH-110,Amaka Suleiman,overworked_generalist,11111,scattered,5,PHE|Basic Technology,any,very_low,6,full_time_underpaid,,
TCH-01420,SCH-110,Musa Okafor,hustling_subject_specialist,11000,08:00-11:00,2,Physics|Further Mathematics,senior_only,high,8,part_time_multi_school,,
TCH-01421,SCH-110,Chiamaka Eze,overworked_generalist,11111,scattered,4,Basic Technology|PHE,any,very_low,7,full_time_underpaid,,
TCH-01422,SCH-110,Hauwa Suleiman,veteran_staff_room_boss,11111,08:30-10:30,2,Further Mathematics,senior_only,absolute_priority,21,full_time_senior_staff,,2
TCH-01423,SCH-110,Kunle Adebayo,overworked_generalist,11111,scattered,5,PHE|Basic Technology|CRS,any,very_low,8,full_time_underpaid,,
TCH-01424,SCH-110,Adaeze Adebayo,overworked_generalist,11111,scattered,3,Basic Technology|CRS,any,very_low,6,full_time_underpaid,,
TCH-01425,SCH-110,Yusuf Adebayo,hustling_subject_specialist,10100,08:00-11:00,3,Economics|Physics,senior_only,high,7,part_time_multi_school,,
TCH-01426,SCH-110,Blessing Garba,hustling_subject_specialist,10010,08:00-11:00,3,Economics,senior_only,high,12,part_time_multi_school,,
TCH-01427,SCH-110,Chiamaka Okafor,nysc_corper,01111,13:00-15:00,1,Civic Education,junior_only,low,0,nysc_temporary,Monday,
TCH-01428,SCH-110,Chiamaka Adebayo,overworked_generalist,11111,scattered,5,PHE|CRS,any,very_low,7,full_time_underpaid,,
TCH-01429,SCH-110,Adaeze Okafor,veteran_staff_room_boss,11111,08:30-10:30,1,Biology|Further Mathematics,senior_only,absolute_priority,19,full_time_senior_staff,,2
TCH-01430,SCH-110,Musa Garba,nysc_corper,11110,13:00-15:00,1,Civic Education|Basic Science,junior_only,low,0,nysc_temporary,Friday,
TCH-01431,SCH-110,Ngozi Eze,overworked_generalist,11111,scattered,4,CRS|Basic Technology|PHE,any,very_low,6,full_time_underpaid,,
TCH-01432,SCH-111,Obinna Chukwu,nysc_corper,10111,13:00-15:00,1,Civic Education,junior_only,low,0,nysc_temporary,Tuesday,
TCH-01433,SCH-111,Adaeze Mohammed,overworked_generalist,11111,scattered,3,PHE|Basic Technology|CRS,any,very_low,1,full_time_underpaid,,
TCH-01434,SCH-111,Oluwaseun Balogun,hustling_subject_specialist,10100,08:00-11:00,2,Physics|Economics,senior_only,high,5,part_time_multi_school,,
TCH-01435,SCH-111,Bashir Garba,overworked_generalist,11111,scattered,3,PHE|CRS,any,very_low,7,full_time_underpaid,,
TCH-01436,SCH-111,Chiamaka Adebayo,veteran_staff_room_boss,11111,08:30-10:30,2,Further Mathematics|Physics,senior_only,absolute_priority,30,full_time_senior_staff,,2
TCH-01437,SCH-111,Tunde Okoro,hustling_subject_specialist,10100,08:00-11:00,2,Further Mathematics,senior_only,high,6,part_time_multi_school,,
TCH-01438,SCH-111,Fatima Garba,hustling_subject_specialist,10100,08:00-11:00,3,Further Mathematics,senior_only,high,11,part_time_multi_school,,
TCH-01439,SCH-111,Yusuf Chukwu,nysc_corper,10111,13:00-15:00,1,Basic Science,junior_only,low,0,nysc_temporary,Tuesday,
TCH-01440,SCH-111,Chinedu Okafor,overworked_generalist,11111,scattered,5,CRS|PHE|Basic Technology,any,very_low,7,full_time_underpaid,,
TCH-01441,SCH-111,Tunde Chukwu,nysc_corper,01111,13:00-15:00,1,Civic Education|Basic Science,junior_only,low,0,nysc_temporary,Monday,
TCH-01442,SCH-111,Chiamaka Mohammed,overworked_generalist,11111,scattered,4,CRS|PHE|Basic Technology,any,very_low,6,full_time_underpaid,,
TCH-01443,SCH-112,Fatima Adebayo,overworked_generalist,11111,scattered,4,CRS|Basic Technology,any,very_low,6,full_time_underpaid,,
TCH-01444,SCH-112,Musa Adebayo,veteran_staff_room_boss,11111,08:30-10:30,2,Biology,senior_only,absolute_priority,24,full_time_senior_staff,,2
TCH-01445,SCH-112,Obinna Mohammed,overworked_generalist,11111,scattered,4,CRS|PHE|Basic Technology,any,very_low,4,full_time_underpaid,,
TCH-01446,SCH-112,Aisha Chukwu,overworked_generalist,11111,scattered,5,Basic Technology|PHE,any,very_low,7,full_time_underpaid,,
TCH-01447,SCH-112,Ngozi Adebayo,overworked_generalist,11111,scattered,5,Basic Technology|CRS,any,very_low,3,full_time_underpaid,,
TCH-01448,SCH-112,Fatima Eze,veteran_staff_room_boss,11111,08:30-10:30,2,Biology,senior_only,absolute_priority,28,full_time_senior_staff,,2
TCH-01449,SCH-112,Amaka Okafor,overworked_generalist,11111,scattered,4,PHE|Basic Technology,any,very_low,6,full_time_underpaid,,
TCH-01450,SCH-112,Chinedu Mohammed,veteran_staff_room_boss,11111,08:30-10:30,2,Biology,senior_only,absolute_priority,21,full_time_senior_staff,,2
TCH-01451,SCH-112,Musa Okafor,veteran_staff_room_boss,11111,08:30-10:30,1,Chemistry,senior_only,absolute_priority,26,full_time_senior_staff,,2
TCH-01452,SCH-112,Chiamaka Garba,nysc_corper,11110,13:00-15:00,1,Basic Science,junior_only,low,0,nysc_temporary,Friday,
TCH-01453,SCH-112,Tunde Garba,veteran_staff_room_boss,11111,08:30-10:30,1,Chemistry,senior_only,absolute_priority,16,full_time_senior_staff,,2
TCH-01454,SCH-112,Bashir Adebayo,nysc_corper,11101,13:00-15:00,1,Basic Science,junior_only,low,0,nysc_temporary,Thursday,
TCH-01455,SCH-112,Oluwaseun Abubakar,veteran_staff_room_boss,11111,08:30-10:30,2,Chemistry,senior_only,absolute_priority,16,full_time_senior_staff,,2
TCH-01456,SCH-112,Blessing Suleiman,nysc_corper,11101,13:00-15:00,1,Basic Science|Civic Education,junior_only,low,0,nysc_temporary,Thursday,
TCH-01457,SCH-113,Tunde Adeyemi,hustling_subject_specialist,11000,08:00-11:00,3,Further Mathematics,senior_only,high,11,part_time_multi_school,,
TCH-01458,SCH-113,Kunle Adebayo,overworked_generalist,11111,scattered,4,PHE|CRS|Basic Technology,any,very_low,5,full_time_underpaid,,
TCH-01459,SCH-113,Blessing Nwosu,veteran_staff_room_boss,11111,08:30-10:30,1,Chemistry,senior_only,absolute_priority,28,full_time_senior_staff,,2
TCH-01460,SCH-113,Yusuf Eze,overworked_generalist,11111,scattered,3,CRS|PHE,any,very_low,2,full_time_underpaid,,
TCH-01461,SCH-113,Yusuf Garba,overworked_generalist,11111,scattered,5,Basic Technology|PHE,any,very_low,7,full_time_underpaid,,
TCH-01462,SCH-113,Oluwaseun Mohammed,veteran_staff_room_boss,11111,08:30-10:30,2,Chemistry|Further Mathematics,senior_only,absolute_priority,15,full_time_senior_staff,,2
TCH-01463,SCH-113,Yusuf Okoro,nysc_corper,01111,13:00-15:00,1,Civic Education,junior_only,low,0,nysc_temporary,Monday,
TCH-01464,SCH-113,Bashir Okafor,overworked_generalist,11111,scattered,4,Basic Technology|CRS,any,very_low,4,full_time_underpaid,,
TCH-01465,SCH-113,Adaeze Suleiman,overworked_generalist,11111,scattered,4,Basic Technology|CRS,any,very_low,4,full_time_underpaid,,
TCH-01466,SCH-113,Aisha Chukwu,overworked_generalist,11111,scattered,3,PHE|Basic Technology|CRS,any,very_low,5,full_time_underpaid,,
TCH-01467,SCH-113,Amaka Suleiman,nysc_corper,11110,13:00-15:00,1,Civic Education,junior_only,low,0,nysc_temporary,Friday,
TCH-01468,SCH-113,Fatima Nwosu,nysc_corper,01111,13:00-15:00,1,Civic Education|Basic Science,junior_only,low,0,nysc_temporary,Monday,
TCH-01469,SCH-113,Tunde Abubakar,veteran_staff_room_boss,11111,08:30-10:30,1,Chemistry,senior_only,absolute_priority,17,full_time_senior_staff,,2
TCH-01470,SCH-113,Hauwa Adeyemi,veteran_staff_room_boss,11111,08:30-10:30,2,Chemistry,senior_only,absolute_priority,29,full_time_senior_staff,,2
TCH-01471,SCH-113,Aisha Balogun,nysc_corper,11011,13:00-15:00,1,Basic Science|Civic Education,junior_only,low,0,nysc_temporary,Wednesday,
TCH-01472,SCH-113,Kunle Adeyemi,hustling_subject_specialist,00110,08:00-11:00,3,Further Mathematics|Economics,senior_only,high,7,part_time_multi_school,,
TCH-01473,SCH-114,Yusuf Balogun,nysc_corper,10111,13:00-15:00,1,Civic Education,junior_only,low,0,nysc_temporary,Tuesday,
TCH-01474,SCH-114,Adaeze Garba,nysc_corper,11101,13:00-15:00,1,Basic Science,junior_only,low,0,nysc_temporary,Thursday,
TCH-01475,SCH-114,Tunde Garba,overworked_generalist,11111,scattered,5,Basic Technology|PHE|CRS,any,very_low,5,full_time_underpaid,,
TCH-01476,SCH-114,Fatima Nwosu,veteran_staff_room_boss,11111,08:30-10:30,2,Further Mathematics,senior_only,absolute_priority,26,full_time_senior_staff,,2
TCH-01477,SCH-114,Amaka Okoro,hustling_subject_specialist,10010,08:00-11:00,2,Physics|Economics,senior_only,high,7,part_time_multi_school,,
TCH-01478,SCH-114,Emeka Adeyemi,veteran_staff_room_boss,11111,08:30-10:30,2,Biology,senior_only,absolute_priority,17,full_time_senior_staff,,2
TCH-01479,SCH-114,Aisha Chukwu,hustling_subject_specialist,11010,08:00-11:00,2,Economics|Further Mathematics,senior_only,high,5,part_time_multi_school,,
TCH-01480,SCH-114,Blessing Abubakar,nysc_corper,11011,13:00-15:00,1,Basic Science|Civic Education,junior_only,low,0,nysc_temporary,Wednesday,
TCH-01481,SCH-114,Ngozi Balogun,veteran_staff_room_boss,11111,08:30-10:30,2,Biology,senior_only,absolute_priority,24,full_time_senior_staff,,2
TCH-01482,SCH-114,Ifeoma Adeyemi,veteran_staff_room_boss,11111,08:30-10:30,2,Chemistry|Physics,senior_only,absolute_priority,17,full_time_senior_staff,,2
TCH-01483,SCH-114,Ifeoma Garba,nysc_corper,10111,13:00-15:00,1,Civic Education,junior_only,low,0,nysc_temporary,Tuesday,
TCH-01484,SCH-115,Blessing Chukwu,veteran_staff_room_boss,11111,08:30-10:30,1,Further Mathematics|Physics,senior_only,absolute_priority,24,full_time_senior_staff,,2
TCH-01485,SCH-115,Emeka Okoro,hustling_subject_specialist,01100,08:00-11:00,2,Economics|Physics,senior_only,high,6,part_time_multi_school,,
TCH-01486,SCH-115,Blessing Nwosu,hustling_subject_specialist,10010,08:00-11:00,2,Further Mathematics,senior_only,high,7,part_time_multi_school,,
TCH-01487,SCH-115,Kunle Adebayo,overworked_generalist,11111,scattered,3,PHE|CRS|Basic Technology,any,very_low,1,full_time_underpaid,,
TCH-01488,SCH-115,Amaka Eze,hustling_subject_specialist,11010,08:00-11:00,3,Further Mathematics|Economics,senior_only,high,11,part_time_multi_school,,
TCH-01489,SCH-115,Ngozi Garba,overworked_generalist,11111,scattered,4,CRS|PHE,any,very_low,4,full_time_underpaid,,
TCH-01490,SCH-115,Amaka Balogun,nysc_corper,11110,13:00-15:00,1,Civic Education,junior_only,low,0,nysc_temporary,Friday,
TCH-01491,SCH-115,Obinna Eze,hustling_subject_specialist,10010,08:00-11:00,3,Economics,senior_only,high,7,part_time_multi_school,,
TCH-01492,SCH-115,Chiamaka Balogun,overworked_generalist,11111,scattered,5,PHE|CRS,any,very_low,2,full_time_underpaid,,
TCH-01493,SCH-115,Hauwa Adeyemi,nysc_corper,11101,13:00-15:00,1,Civic Education,junior_only,low,0,nysc_temporary,Thursday,
TCH-01494,SCH-115,Blessing Adebayo,nysc_corper,01111,13:00-15:00,1,Civic Education,junior_only,low,0,nysc_temporary,Monday,
TCH-01495,SCH-115,Adaeze Adeyemi,nysc_corper,10111,13:00-15:00,1,Basic Science,junior_only,low,0,nysc_temporary,Tuesday,
TCH-01496,SCH-115,Fatima Nwosu,nysc_corper,11011,13:00-15:00,1,Basic Science|Civic Education,junior_only,low,0,nysc_temporary,Wednesday,
TCH-01497,SCH-116,Ngozi Balogun,overworked_generalist,11111,scattered,3,PHE|Basic Technology|CRS,any,very_low,2,full_time_underpaid,,
TCH-01498,SCH-116,Yusuf Garba,nysc_corper,11011,13:00-15:00,1,Civic Education,junior_only,low,0,nysc_temporary,Wednesday,
TCH-01499,SCH-116,Kunle Adebayo,overworked_generalist,11111,scattered,4,Basic Technology|PHE,any,very_low,4,full_time_underpaid,,
TCH-01500,SCH-116,Chinedu Garba,hustling_subject_specialist,00110,08:00-11:00,3,Physics|Economics,senior_only,high,9,part_time_multi_school,,
TCH-01501,SCH-116,Aisha Abubakar,veteran_staff_room_boss,11111,08:30-10:30,1,Chemistry|Further Mathematics,senior_only,absolute_priority,24,full_time_senior_staff,,2
TCH-01502,SCH-116,Fatima Abubakar,veteran_staff_room_boss,11111,08:30-10:30,2,Chemistry|Biology,senior_only,absolute_priority,16,full_time_senior_staff,,2
TCH-01503,SCH-116,Musa Suleiman,hustling_subject_specialist,01010,08:00-11:00,3,Physics,senior_only,high,4,part_time_multi_school,,
TCH-01504,SCH-116,Bashir Nwosu,nysc_corper,11101,13:00-15:00,1,Basic Science|Civic Education,junior_only,low,0,nysc_temporary,Thursday,
TCH-01505,SCH-116,Hauwa Adebayo,overworked_generalist,11111,scattered,3,Basic Technology|CRS|PHE,any,very_low,1,full_time_underpaid,,
TCH-01506,SCH-116,Ifeoma Okafor,veteran_staff_room_boss,11111,08:30-10:30,1,Physics|Chemistry,senior_only,absolute_priority,20,full_time_senior_staff,,2
TCH-01507,SCH-116,Hauwa Chukwu,overworked_generalist,11111,scattered,4,PHE|CRS,any,very_low,1,full_time_underpaid,,
TCH-01508,SCH-116,Chinedu Suleiman,veteran_staff_room_boss,11111,08:30-10:30,2,Further Mathematics|Biology,senior_only,absolute_priority,26,full_time_senior_staff,,2
TCH-01509,SCH-116,Tunde Adebayo,veteran_staff_room_boss,11111,08:30-10:30,1,Further Mathematics,senior_only,absolute_priority,22,full_time_senior_staff,,2
TCH-01510,SCH-116,Emeka Eze,nysc_corper,11011,13:00-15:00,1,Civic Education|Basic Science,junior_only,low,0,nysc_temporary,Wednesday,
TCH-01511,SCH-117,Ifeoma Balogun,nysc_corper,11101,13:00-15:00,1,Civic Education|Basic Science,junior_only,low,0,nysc_temporary,Thursday,
TCH-01512,SCH-117,Oluwaseun Okoro,overworked_generalist,11111,scattered,5,CRS|Basic Technology,any,very_low,7,full_time_underpaid,,
TCH-01513,SCH-117,Bashir Adebayo,overworked_generalist,11111,scattered,5,Basic Technology|PHE,any,very_low,4,full_time_underpaid,,
TCH-01514,SCH-117,Emeka Okoro,veteran_staff_room_boss,11111,08:30-10:30,1,Physics|Chemistry,senior_only,absolute_priority,17,full_time_senior_staff,,2
TCH-01515,SCH-117,Chinedu Balogun,overworked_generalist,11111,scattered,3,PHE|CRS,any,very_low,2,full_time_underpaid,,
TCH-01516,SCH-117,Musa Okafor,hustling_subject_specialist,10100,08:00-11:00,2,Further Mathematics|Economics,senior_only,high,10,part_time_multi_school,,
TCH-01517,SCH-117,Oluwaseun Abubakar,hustling_subject_specialist,01110,08:00-11:00,2,Further Mathematics|Economics,senior_only,high,10,part_time_multi_school,,
TCH-01518,SCH-117,Hauwa Okoro,nysc_corper,11011,13:00-15:00,1,Basic Science|Civic Education,junior_only,low,0,nysc_temporary,Wednesday,
TCH-01519,SCH-117,Kunle Nwosu,overworked_generalist,11111,scattered,4,PHE|Basic Technology,any,very_low,5,full_time_underpaid,,
TCH-01520,SCH-117,Chiamaka Okoro,overworked_generalist,11111,scattered,4,Basic Technology|CRS,any,very_low,4,full_time_underpaid,,
TCH-01521,SCH-117,Oluwaseun Nwosu,overworked_generalist,11111,scattered,5,Basic Technology|PHE,any,very_low,6,full_time_underpaid,,
TCH-01522,SCH-117,Aisha Mohammed,overworked_generalist,11111,scattered,4,PHE|Basic Technology,any,very_low,7,full_time_underpaid,,
TCH-01523,SCH-117,Amaka Chukwu,nysc_corper,11101,13:00-15:00,1,Civic Education|Basic Science,junior_only,low,0,nysc_temporary,Thursday,
TCH-01524,SCH-117,Obinna Chukwu,nysc_corper,10111,13:00-15:00,1,Civic Education,junior_only,low,0,nysc_temporary,Tuesday,
TCH-01525,SCH-118,Ngozi Nwosu,nysc_corper,11101,13:00-15:00,1,Basic Science|Civic Education,junior_only,low,0,nysc_temporary,Thursday,
TCH-01526,SCH-118,Aisha Chukwu,overworked_generalist,11111,scattered,3,CRS|Basic Technology|PHE,any,very_low,5,full_time_underpaid,,
TCH-01527,SCH-118,Oluwaseun Balogun,veteran_staff_room_boss,11111,08:30-10:30,2,Further Mathematics|Physics,senior_only,absolute_priority,16,full_time_senior_staff,,2
TCH-01528,SCH-118,Blessing Garba,hustling_subject_specialist,10100,08:00-11:00,2,Further Mathematics,senior_only,high,10,part_time_multi_school,,
TCH-01529,SCH-118,Yusuf Suleiman,nysc_corper,11101,13:00-15:00,1,Civic Education,junior_only,low,0,nysc_temporary,Thursday,
TCH-01530,SCH-118,Yusuf Adebayo,overworked_generalist,11111,scattered,3,CRS|PHE|Basic Technology,any,very_low,7,full_time_underpaid,,
TCH-01531,SCH-118,Emeka Balogun,nysc_corper,01111,13:00-15:00,1,Civic Education|Basic Science,junior_only,low,0,nysc_temporary,Monday,
TCH-01532,SCH-118,Musa Abubakar,veteran_staff_room_boss,11111,08:30-10:30,1,Physics|Chemistry,senior_only,absolute_priority,17,full_time_senior_staff,,2
TCH-01533,SCH-118,Chinedu Garba,nysc_corper,10111,13:00-15:00,1,Basic Science|Civic Education,junior_only,low,0,nysc_temporary,Tuesday,
TCH-01534,SCH-118,Chiamaka Okoro,nysc_corper,11011,13:00-15:00,1,Basic Science|Civic Education,junior_only,low,0,nysc_temporary,Wednesday,
TCH-01535,SCH-118,Tunde Suleiman,veteran_staff_room_boss,11111,08:30-10:30,1,Chemistry,senior_only,absolute_priority,20,full_time_senior_staff,,2
TCH-01536,SCH-118,Adaeze Adeyemi,overworked_generalist,11111,scattered,5,CRS|Basic Technology|PHE,any,very_low,4,full_time_underpaid,,
TCH-01537,SCH-118,Adaeze Chukwu,overworked_generalist,11111,scattered,4,CRS|PHE|Basic Technology,any,very_low,5,full_time_underpaid,,
TCH-01538,SCH-118,Tunde Suleiman,overworked_generalist,11111,scattered,3,CRS|Basic Technology,any,very_low,2,full_time_underpaid,,
TCH-01539,SCH-118,Ifeoma Adeyemi,hustling_subject_specialist,11010,08:00-11:00,3,Physics|Economics,senior_only,high,9,part_time_multi_school,,
TCH-01540,SCH-118,Blessing Eze,veteran_staff_room_boss,11111,08:30-10:30,1,Further Mathematics,senior_only,absolute_priority,20,full_time_senior_staff,,2
TCH-01541,SCH-119,Amaka Balogun,overworked_generalist,11111,scattered,5,CRS|PHE,any,very_low,3,full_time_underpaid,,
TCH-01542,SCH-119,Ifeoma Chukwu,hustling_subject_specialist,11010,08:00-11:00,2,Economics|Further Mathematics,senior_only,high,6,part_time_multi_school,,
TCH-01543,SCH-119,Obinna Okoro,hustling_subject_specialist,10110,08:00-11:00,3,Economics,senior_only,high,11,part_time_multi_school,,
TCH-01544,SCH-119,Bashir Adeyemi,hustling_subject_specialist,11000,08:00-11:00,2,Physics,senior_only,high,11,part_time_multi_school,,
TCH-01545,SCH-119,Ngozi Adeyemi,nysc_corper,11110,13:00-15:00,1,Basic Science|Civic Education,junior_only,low,0,nysc_temporary,Friday,
TCH-01546,SCH-119,Kunle Mohammed,overworked_generalist,11111,scattered,5,PHE|Basic Technology|CRS,any,very_low,6,full_time_underpaid,,
TCH-01547,SCH-119,Hauwa Adeyemi,hustling_subject_specialist,01110,08:00-11:00,2,Economics,senior_only,high,10,part_time_multi_school,,
TCH-01548,SCH-119,Chiamaka Adeyemi,veteran_staff_room_boss,11111,08:30-10:30,1,Chemistry,senior_only,absolute_priority,27,full_time_senior_staff,,2
TCH-01549,SCH-119,Oluwaseun Adeyemi,overworked_generalist,11111,scattered,5,CRS|PHE|Basic Technology,any,very_low,2,full_time_underpaid,,
TCH-01550,SCH-119,Ngozi Okafor,veteran_staff_room_boss,11111,08:30-10:30,2,Chemistry,senior_only,absolute_priority,19,full_time_senior_staff,,2
TCH-01551,SCH-120,Amaka Garba,veteran_staff_room_boss,11111,08:30-10:30,2,Physics|Further Mathematics,senior_only,absolute_priority,28,full_time_senior_staff,,2
TCH-01552,SCH-120,Ifeoma Okoro,overworked_generalist,11111,scattered,5,PHE|Basic Technology|CRS,any,very_low,1,full_time_underpaid,,
TCH-01553,SCH-120,Oluwaseun Adebayo,hustling_subject_specialist,01010,08:00-11:00,2,Economics|Physics,senior_only,high,6,part_time_multi_school,,
TCH-01554,SCH-120,Amaka Nwosu,nysc_corper,10111,13:00-15:00,1,Civic Education,junior_only,low,0,nysc_temporary,Tuesday,
TCH-01555,SCH-120,Obinna Okafor,hustling_subject_specialist,11000,08:00-11:00,2,Physics,senior_only,high,9,part_time_multi_school,,
TCH-01556,SCH-120,Chiamaka Adebayo,overworked_generalist,11111,scattered,4,CRS|PHE|Basic Technology,any,very_low,1,full_time_underpaid,,
TCH-01557,SCH-120,Blessing Balogun,nysc_corper,10111,13:00-15:00,1,Civic Education|Basic Science,junior_only,low,0,nysc_temporary,Tuesday,
TCH-01558,SCH-120,Emeka Chukwu,overworked_generalist,11111,scattered,3,CRS|PHE|Basic Technology,any,very_low,4,full_time_underpaid,,
TCH-01559,SCH-120,Yusuf Garba,nysc_corper,11110,13:00-15:00,1,Civic Education,junior_only,low,0,nysc_temporary,Friday,
TCH-01560,SCH-120,Emeka Okoro,hustling_subject_specialist,11100,08:00-11:00,3,Economics,senior_only,high,10,part_time_multi_school,,
